global_step,wall_time_s,ep_return_mean,ep_return_std,policy_loss,value_loss,entropy,approx_kl,eval_return_mean,eval_return_std,mean_k,attn_entropy,lagrange_lambda
4000,3.793252944946289,-229.26709938049316,41.46553019045903,-0.0005917792397667654,205.9273681640625,1.59754159450531,7.580836208944674e-05,,,2.2152292251586916,1.5446177840232849,0.6172541928291321
8000,6.9716832637786865,-224.01174306869507,45.93597726056426,-0.0010906225790677127,194.54969329833983,1.5831000685691834,0.000993904608185403,,,1.6120208740234374,1.498943042755127,0.8892271339893341
12000,10.175068140029907,-228.26330590248108,44.244215798703735,-0.00021538400542340242,171.92476959228514,1.5825801968574524,0.0005086453253170476,,,1.2200417160987853,1.4137155175209046,0.9459521579742434
16000,13.436257600784302,-227.40949606895447,47.12598058166558,-0.0008580712514230981,128.3247398376465,1.5757307767868043,0.00028003940533380953,,,1.0769791841506957,1.3401965260505677,0.8786396682262421
20000,16.66088056564331,-219.42521834373474,38.75492075398394,-0.0006263263010623632,105.05258712768554,1.5680212140083314,0.0005447645278763957,,,1.045062530040741,1.3512413382530213,0.7826375985145573
24000,19.84304976463318,-211.84239220619202,38.384120477192226,-0.001426071107198368,79.01332015991211,1.5645436286926269,0.0007514007809731992,,,1.0224375128746033,1.3360085248947144,0.6740730249881747
28000,23.04944944381714,-215.50972485542297,37.58746594583119,-0.0013669149286215543,74.81566696166992,1.559605312347412,0.0002934824708063388,,,1.0136666774749756,1.2849236488342286,0.5570272016525267
32000,26.27036738395691,-220.97247123718262,39.25688058846648,-0.0024173981451895087,81.27121963500977,1.5593398094177247,0.0007366176385403378,,,1.009000039100647,1.252674949169159,0.4371001303195951
36000,29.493572473526,-214.7570025920868,36.72452644904756,-0.001200787593552377,74.40252151489258,1.5597321748733521,0.0006593637528567343,,,1.0068958520889282,1.2475938200950623,0.315745974779129
40000,32.706214427948,-229.20075297355652,49.01914688935077,-0.0012381367561374646,77.43265380859376,1.572141706943512,0.00011862770334118977,,,1.0040833711624146,1.165747630596161,0.19355224013328548
44000,38.02513241767883,-218.4409031867981,34.252894480701435,-0.000957793773704907,68.33062324523925,1.5449741244316102,0.00043734901992138476,-278.1909317523241,60.49925230898476,1.0026875257492065,1.169096624851227,0.0707626676559447
48000,41.33191180229187,-230.9474995136261,40.972783001717694,-0.0003026017055162811,59.78374061584473,1.5475539922714234,0.0002205821747338632,-278.1909317523241,60.49925230898476,1.0033958435058594,1.1150638937950135,0.0
52000,44.503597021102905,-235.77358388900757,45.472434419926635,-0.0017246143343072617,45.28332405090332,1.5039863228797912,0.0005959152098512277,-278.1909317523241,60.49925230898476,1.0042500257492066,1.1951746344566345,0.0
56000,47.68408703804016,-263.23044204711914,59.61367600915737,-0.0005955974487733328,59.96968460083008,1.4220440864562989,0.00014526537888741585,-278.1909317523241,60.49925230898476,1.002916693687439,0.9949185669422149,0.0
60000,50.871118783950806,-262.02285838127136,66.16719233258715,-0.0015541866683633997,75.11717224121094,1.4535023093223571,0.0022800623439252375,-278.1909317523241,60.49925230898476,1.0034166812896728,1.0477226734161378,0.0
64000,54.06738615036011,-236.22295594215393,44.429944342199676,-0.0025155175114377924,59.24817581176758,1.539330518245697,0.002029946730181109,-278.1909317523241,60.49925230898476,1.0045000433921814,1.1477612376213073,0.0
68000,57.24832272529602,-229.90680313110352,48.36845879100102,-0.000780830215626338,65.22173538208008,1.509811806678772,0.001597067213151604,-278.1909317523241,60.49925230898476,1.0047500014305115,1.1684772849082947,0.0
72000,60.42272138595581,-238.07636070251465,39.52371741407356,-0.0012707580943242646,56.013003540039065,1.52187979221344,0.0010379613515397069,-278.1909317523241,60.49925230898476,1.0033125281333923,1.1871186017990112,0.0
76000,63.609493017196655,-230.6952383518219,42.953359490975124,-0.002792828532983549,60.15485610961914,1.4967109918594361,0.0017293312266701832,-278.1909317523241,60.49925230898476,1.0052916884422303,1.1523606657981873,0.0
80000,66.79982447624207,-230.96530103683472,48.00852728852355,-0.0012905737734399737,44.01085662841797,1.4675581336021424,0.00045265307730915085,-278.1909317523241,60.49925230898476,1.0038541913032533,1.166263484954834,0.0
84000,71.94266533851624,-236.57427263259888,45.35981764399251,-0.0017274033516514464,45.58433570861816,1.452846395969391,0.0018374961182416882,-256.2133857309818,44.760331610098426,1.0039583444595337,1.1009774088859559,0.0
88000,75.12534594535828,-232.34468173980713,42.18211574484185,-0.002331622361452901,37.710541343688966,1.4297938227653504,0.0037133275473024696,-256.2133857309818,44.760331610098426,1.0055625319480896,1.1365546822547912,0.0
92000,78.41605353355408,-237.64521098136902,41.67019402391485,-0.0007503775028453674,59.34596061706543,1.4025395274162293,0.001401612820336595,-256.2133857309818,44.760331610098426,1.0039375305175782,1.1135529398918151,0.0
96000,81.69177675247192,-230.8386149406433,39.95280391258926,-0.0014973529643611983,32.06965808868408,1.4190674662590026,0.0023142200981965287,-256.2133857309818,44.760331610098426,1.0052083730697632,1.1560312271118165,0.0
100000,84.90201616287231,-243.5703947544098,51.38036868962265,-0.0008297036642943567,38.88264484405518,1.3763728976249694,0.00319806165935006,-256.2133857309818,44.760331610098426,1.0046875,1.0680653691291808,0.0
104000,88.06912922859192,-246.03542637825012,54.47033472440058,-0.0018869178966269828,49.17422676086426,1.342533004283905,0.0021463562050485054,-256.2133857309818,44.760331610098426,1.003416693210602,1.0934554934501648,0.0
108000,91.2616856098175,-244.88736653327942,43.71319036209628,-0.00028209055963088756,32.71074390411377,1.2739041328430176,0.0037833330250578003,-256.2133857309818,44.760331610098426,1.0039375185966493,1.0662516117095948,0.0
112000,94.43018555641174,-230.53176856040955,35.69977670289486,-0.0016659908942529,25.282765769958495,1.348085057735443,0.0032310074602719396,-256.2133857309818,44.760331610098426,1.0059791922569274,1.1876924514770508,0.0
116000,97.60209798812866,-236.9386601448059,50.24291526034618,-0.0013150056474842131,34.38072834014893,1.330863857269287,0.0030026905122213067,-256.2133857309818,44.760331610098426,1.0046666979789733,1.0740290522575378,0.0
120000,100.86349153518677,-250.2493531703949,63.13139605845957,-0.0018723462584603113,51.61027145385742,1.3355177998542787,0.0017231891193659975,-256.2133857309818,44.760331610098426,1.0036666870117188,1.033395731449127,0.0
124000,106.05696558952332,-248.6995952129364,46.882569032752436,-0.0028460819750307565,25.09768924713135,1.3538671374320983,0.0019141875876812265,-328.76931627094746,74.2570225858585,1.0034166812896728,0.9707857608795166,0.0
128000,109.22782254219055,-248.95354986190796,54.82213310632839,-0.002223675377899781,38.18381462097168,1.3585636138916015,0.0012761497656356368,-328.76931627094746,74.2570225858585,1.0035208463668823,0.9534385144710541,0.0
132000,112.40331888198853,-236.3146812915802,52.27174543012931,-0.00043904785879931294,41.17686042785645,1.391017532348633,0.0009855233336566016,-328.76931627094746,74.2570225858585,1.0049583673477174,1.0852087020874024,0.0
136000,115.54027962684631,-240.4052677154541,44.69485100153036,-0.001961757901881356,38.72846927642822,1.3757422327995301,0.0031649274882511237,-328.76931627094746,74.2570225858585,1.004270851612091,1.075446367263794,0.0
140000,118.83248329162598,-217.95123410224915,45.31116423069232,-0.00023105132131604478,32.45490341186523,1.405398416519165,0.0029039618792012336,-328.76931627094746,74.2570225858585,1.0062292098999024,1.1643640518188476,0.0
144000,122.06475949287415,-225.63702082633972,37.61622322163827,-0.0032548917712119873,34.35789451599121,1.3915075659751892,0.002883977186138509,-328.76931627094746,74.2570225858585,1.0053958773612977,1.103517997264862,0.0
148000,125.28882908821106,-229.03551745414734,40.922079989285386,-0.0023448240586731116,34.28154354095459,1.4604093074798583,0.0025335954211186617,-328.76931627094746,74.2570225858585,1.0048333406448364,1.0302630424499513,0.0
152000,128.50421690940857,-233.0651729106903,39.508368027648196,-0.002689276351884473,33.362427139282225,1.448630702495575,0.003621069941436872,-328.76931627094746,74.2570225858585,1.0036875128746032,1.0461806774139404,0.0
156000,131.72609424591064,-236.18471455574036,39.905839839315284,-0.002018942890390463,33.3202241897583,1.3920373916625977,0.0018361417111009358,-328.76931627094746,74.2570225858585,1.0045000314712524,1.0056864619255066,0.0
160000,134.89364624023438,-242.4311752319336,41.008393208492414,-0.0025576704516424797,29.451112747192383,1.2650998115539551,0.005082678899634629,-328.76931627094746,74.2570225858585,1.0045000314712524,0.9716641187667847,0.0
164000,139.8658332824707,-241.4770965576172,48.459035859048974,-0.0003631921645592229,29.16016254425049,1.2073240160942078,0.0018412977631669491,-288.46471886336803,58.00704846353923,1.0055000185966492,0.909983241558075,0.0
168000,142.86226725578308,-274.214563369751,66.64432259057827,-0.0023930640847538596,36.02123165130615,1.1685032844543457,0.001916538022487657,-288.46471886336803,58.00704846353923,1.0050000309944154,0.9260360658168793,0.0
172000,145.8467137813568,-272.1533854007721,66.59545206191028,-0.0026636640201900263,33.592048263549806,1.1615161180496216,0.001672175378735119,-288.46471886336803,58.00704846353923,1.004812526702881,0.9491388380527497,0.0
176000,148.83813428878784,-247.9702467918396,53.72157283079745,-0.0019262026757132845,28.583952140808105,1.2208654761314393,0.0022034310444723816,-288.46471886336803,58.00704846353923,1.0042083382606506,0.9352820754051209,0.0
180000,151.92618107795715,-243.76274251937866,43.080087513033924,-0.002129696738211351,27.400184059143065,1.0946293830871583,0.0020446912158149644,-288.46471886336803,58.00704846353923,1.0042917013168335,0.8004138946533204,0.0
184000,155.14681029319763,-251.19269943237305,58.03380448988156,-0.003019850638520438,25.665349769592286,1.09588303565979,0.0027960944513324647,-288.46471886336803,58.00704846353923,1.003500020503998,0.8241654336452484,0.0
188000,158.43991589546204,-239.3262438774109,42.050614991294196,-0.002519163452234352,17.994246196746825,1.1765926599502563,0.004772676934953779,-288.46471886336803,58.00704846353923,1.0040625214576722,0.8723033428192138,0.0
192000,161.65230894088745,-228.63938450813293,34.688094796828814,-0.003659826137300115,22.27429618835449,1.2216387271881104,0.007721534854499623,-288.46471886336803,58.00704846353923,1.0043333530426026,0.8996569275856018,0.0
196000,164.82739305496216,-244.43939566612244,52.97827586802856,-0.003998130444233539,26.507655715942384,1.2204937577247619,0.005227241519605741,-288.46471886336803,58.00704846353923,1.0055625200271607,0.8466590702533722,0.0
200000,167.96032547950745,-234.71460604667664,38.43619810746828,-0.0020408254490575928,16.380879497528078,1.1508326411247254,0.005589296395191923,-288.46471886336803,58.00704846353923,1.0036666870117188,0.8798859596252442,0.0
204000,173.0366358757019,-235.93130946159363,37.11931197235071,-0.002415947187546408,20.30812292098999,1.103907573223114,0.00206769960350357,-286.0672899931669,66.85448704455227,1.0044583439826966,0.7760398983955383,0.0
208000,176.1675214767456,-241.16020011901855,38.752385410270826,-0.0027076620754087344,23.384765815734863,1.1737683057785033,0.004219612787710503,-286.0672899931669,66.85448704455227,1.0044583320617675,0.7936360597610473,0.0
212000,179.3375015258789,-238.3294517993927,41.93781825179457,-0.003069366395357065,24.077445602416994,1.2439664006233215,0.003965984552633017,-286.0672899931669,66.85448704455227,1.004479205608368,0.853775143623352,0.0
216000,182.56513786315918,-246.93375325202942,54.49646793698338,-0.0031415967430802995,19.43038911819458,1.2290208220481873,0.0033262667393501033,-286.0672899931669,66.85448704455227,1.0042500257492066,0.8442022442817688,0.0
220000,185.76771593093872,-222.20627641677856,41.52389572087411,-0.003057826912845485,30.333032035827635,1.2396250009536742,0.004112632712349296,-286.0672899931669,66.85448704455227,1.0040833473205566,0.8182340621948242,0.0
224000,188.95402145385742,-217.32131147384644,37.76186712354386,-0.0025529714905133003,30.432113456726075,1.2117660880088805,0.0033976265447563493,-286.0672899931669,66.85448704455227,1.005791699886322,0.8957525193691254,0.0
228000,192.18412804603577,-217.34981608390808,38.83352321628268,-0.0024454539131966158,23.83234100341797,1.2817678093910216,0.0031150592636549844,-286.0672899931669,66.85448704455227,1.0066875219345093,0.9617256462574005,0.0
232000,195.50722527503967,-230.76236820220947,40.797150236415966,-0.0038606690446613356,23.507607460021973,1.2877982258796692,0.0035229154033004305,-286.0672899931669,66.85448704455227,1.0043750524520874,0.9139616250991821,0.0
236000,198.72926998138428,-217.88166332244873,39.22828653243065,-0.003443338360375492,27.118103408813475,1.2729240536689759,0.00317541436306783,-286.0672899931669,66.85448704455227,1.0069583535194397,0.8684703350067139,0.0
240000,201.92883205413818,-229.80533862113953,45.702176011036705,-0.004846230095427018,21.701053428649903,1.308751368522644,0.005279911951947725,-286.0672899931669,66.85448704455227,1.0054791927337647,0.8170039534568787,0.0
244000,207.0383973121643,-225.18592190742493,38.764721016059326,-0.0035989485841128044,24.860369300842287,1.3245473861694337,0.0021905323083046824,-264.45254611968994,54.02325577202994,1.0050625324249267,0.855276906490326,0.0
248000,210.21344137191772,-219.4743926525116,36.9312476313155,-0.0037618239832227117,20.990937614440917,1.3076779246330261,0.004840450214396696,-264.45254611968994,54.02325577202994,1.0079792022705079,0.8537457168102265,0.0
252000,213.42385530471802,-213.33904337882996,31.79045435490908,-0.004218218824826181,23.53014373779297,1.2935604214668275,0.004195055800664704,-264.45254611968994,54.02325577202994,1.0070208668708802,0.8619864344596863,0.0
256000,216.63613200187683,-218.78893852233887,32.5875641870846,-0.0036004989575303624,17.797579097747803,1.3265737652778626,0.005270412418758497,-264.45254611968994,54.02325577202994,1.006125032901764,0.9053466022014618,0.0
260000,219.85380005836487,-222.08249187469482,39.55161442834191,-0.004170307717140531,22.612229537963866,1.2364639639854431,0.002657149196602404,-264.45254611968994,54.02325577202994,1.0069792032241822,0.8047167658805847,0.0
264000,223.02058506011963,-224.8979275226593,39.35650773132353,-0.0035109090160403865,25.07427234649658,1.270824909210205,0.007287859410280362,-264.45254611968994,54.02325577202994,1.0062291979789735,0.7213470757007598,0.0
268000,226.20160102844238,-229.08257579803467,37.2166934823029,-0.0025962433088352554,25.677764892578125,1.2817334294319154,0.004622620408190415,-264.45254611968994,54.02325577202994,1.0055833458900452,0.6884466469287872,0.0
272000,229.3867175579071,-220.71459794044495,34.9018854745592,-0.0023434032807927,15.729888248443604,1.2725337266921997,0.0017033273827109952,-264.45254611968994,54.02325577202994,1.008625042438507,0.6366012036800385,0.0
276000,232.61109042167664,-226.095538854599,36.99278021012238,-0.0019522562539350473,18.743898105621337,1.2755698204040526,0.002662198510370217,-264.45254611968994,54.02325577202994,1.006979191303253,0.5836006939411164,0.0
280000,235.82861876487732,-228.49284839630127,42.41420793402452,-0.003434486669721082,27.77731075286865,1.1863930940628051,0.004469786764821038,-264.45254611968994,54.02325577202994,1.0067083477973937,0.6276089966297149,0.0
284000,241.12783932685852,-215.02802777290344,36.83125082795549,-0.002787974168313667,27.354194259643556,1.22812876701355,0.005958786339033395,-273.1161492317915,63.354433814354714,1.0077500224113465,0.6297520339488983,0.0
288000,244.316002368927,-221.49691200256348,33.49744557023788,-0.00373551292650518,24.551535606384277,1.224912428855896,0.003019350112299435,-273.1161492317915,63.354433814354714,1.0051041841506958,0.5919933497905732,0.0
292000,247.5223593711853,-215.79966402053833,36.29080428191345,-0.003349840841474361,24.91324939727783,1.1714324712753297,0.004346448573051021,-273.1161492317915,63.354433814354714,1.0085833549499512,0.6084884822368621,0.0
296000,250.7135329246521,-228.30661392211914,49.783353521272865,-0.003292063621665875,36.74532241821289,1.2317118406295777,0.003936581363086588,-273.1161492317915,63.354433814354714,1.004145860671997,0.5021216452121735,0.0
300000,253.92079162597656,-217.57120656967163,40.91176901545995,-0.003223240677834838,26.063166999816893,1.1929030537605285,0.0009455756997340358,-273.1161492317915,63.354433814354714,1.006854200363159,0.5683755338191986,0.0
304000,257.08669924736023,-222.65766024589539,42.92814764187442,-0.0024993467782906007,20.539762115478517,1.1715335607528687,0.0017712302578729577,-273.1161492317915,63.354433814354714,1.0064375162124635,0.4461320757865906,0.0
308000,260.263854265213,-236.31085324287415,43.242962717226675,-0.004292781801632372,21.920670318603516,1.2140165567398071,0.0033156465040519835,-273.1161492317915,63.354433814354714,1.0050833463668822,0.4694266378879547,0.0
312000,263.4548604488373,-218.74432516098022,36.38596992981176,-0.002367494330428599,27.072387313842775,1.2238026022911073,0.0033282115415204316,-273.1161492317915,63.354433814354714,1.0046667098999023,0.4647453248500824,0.0
316000,266.66731309890747,-217.42705416679382,42.22045878200862,-0.004572606077999808,18.65995807647705,1.2247392654418945,0.004338672664277965,-273.1161492317915,63.354433814354714,1.0061458587646483,0.5096114337444305,0.0
320000,269.89512276649475,-223.30223512649536,35.25984358424749,-0.0015474914900551085,21.1472505569458,1.2164381742477417,0.0008838874891807791,-273.1161492317915,63.354433814354714,1.0058125376701355,0.42512289583683016,0.0
324000,275.2900650501251,-218.0260009765625,38.66680682594123,-0.0016901333816349506,25.653841972351074,1.149905014038086,0.0007054936424538028,-242.1228741556406,49.97157141866101,1.0061875343322755,0.45043077170848844,0.0
328000,278.57350611686707,-220.1294777393341,39.65449201357672,-0.0019308047267259099,22.68521499633789,1.1011521458625793,0.002445420590811409,-242.1228741556406,49.97157141866101,1.0062917113304137,0.39819643199443816,0.0
332000,281.79418087005615,-215.8947880268097,39.700290782349214,-0.003904042943031527,18.132145881652832,1.1725874662399292,0.0031101580301765353,-242.1228741556406,49.97157141866101,1.007104182243347,0.44736371338367464,0.0
336000,284.97788739204407,-216.26684856414795,37.811318624790225,-0.004672178900182189,15.900048732757568,1.237101638317108,0.0025653304299339654,-242.1228741556406,49.97157141866101,1.0072916746139526,0.4545951008796692,0.0
340000,288.20676040649414,-208.8082377910614,33.35254082646478,-0.003845330563490279,18.14945297241211,1.2760545372962953,0.004872043739305809,-242.1228741556406,49.97157141866101,1.0080625295639039,0.5727773249149323,0.0
344000,291.4159197807312,-215.07387471199036,34.33086919995435,-0.0026249418644738397,20.714428901672363,1.2825689911842346,0.007493064520440384,-242.1228741556406,49.97157141866101,1.0054375529289246,0.40581187307834626,0.0
348000,294.59339475631714,-213.99173259735107,34.554663874607016,-0.0023336064055911264,21.095298194885252,1.2854114890098571,0.002009826566791162,-242.1228741556406,49.97157141866101,1.0055208683013916,0.5017051577568055,0.0
352000,297.79305815696716,-211.78924536705017,49.553346792484945,-0.0021129841756192037,26.160719108581542,1.2996188282966614,0.0034247192437760533,-242.1228741556406,49.97157141866101,1.0063541889190675,0.40531187653541567,0.0
356000,300.9834451675415,-205.1796247959137,30.60678086173012,-0.002821284039237071,21.502676963806152,1.2753622770309447,0.001221457518840907,-242.1228741556406,49.97157141866101,1.0083125352859497,0.5615066230297089,0.0
360000,304.16284918785095,-206.2795648574829,35.97656286380502,-0.004665851390018361,20.857505989074706,1.2761638283729553,0.006009745864503202,-242.1228741556406,49.97157141866101,1.0081250309944152,0.5513052761554718,0.0
364000,309.19868183135986,-203.87970542907715,37.693090038499186,-0.003016165478766197,24.95381736755371,1.2983348488807678,0.002235795042361133,-212.8993437886238,47.593957100975125,1.006979191303253,0.5486703395843506,0.0
368000,312.4357006549835,-223.26151204109192,41.125832451852446,-0.0026991582242771985,24.223269653320312,1.312355136871338,0.0034846151731471762,-212.8993437886238,47.593957100975125,1.0065208435058595,0.45365176498889925,0.0
372000,315.64971566200256,-209.98780584335327,43.983757640266695,-0.0037553893693257124,17.184201335906984,1.2639912605285644,0.0029050295903289224,-212.8993437886238,47.593957100975125,1.007520866394043,0.5141687572002411,0.0
376000,318.8189060688019,-217.46570873260498,42.410439563545594,-0.0023220789429615253,28.48790588378906,1.2799150347709656,0.0021130343150773,-212.8993437886238,47.593957100975125,1.0066250205039977,0.45165548026561736,0.0
380000,322.0106739997864,-217.13830769062042,50.230857273158385,-0.001744029532346758,18.568485736846924,1.184858226776123,0.003012665722053498,-212.8993437886238,47.593957100975125,1.0079375147819518,0.4146337270736694,0.0
384000,325.2037765979767,-229.06125903129578,46.03380090822569,-0.0013304129533935338,25.376931190490723,1.1613061547279357,0.004151522154279519,-212.8993437886238,47.593957100975125,1.0059792041778564,0.31455467641353607,0.0
388000,328.39178442955017,-207.97895002365112,31.72663999520931,-0.004490988224551984,14.322927570343017,1.194686508178711,0.00432049852097407,-212.8993437886238,47.593957100975125,1.0063541889190675,0.4353890478610992,0.0
392000,331.5598397254944,-224.45471167564392,39.28099968528627,-0.003655315281866933,20.054615592956544,1.12873033285141,0.003976045898161829,-212.8993437886238,47.593957100975125,1.009333348274231,0.3812164098024368,0.0
396000,334.75562262535095,-212.47301530838013,38.558606020901436,-0.002606956417730544,21.04132137298584,1.1746273398399354,0.0026638481187546857,-212.8993437886238,47.593957100975125,1.0058125019073487,0.45249153971672057,0.0
400000,337.9850015640259,-209.7614130973816,29.210279301475317,-0.002753839947399683,20.306663990020752,1.198735201358795,0.0035269277228508144,-212.8993437886238,47.593957100975125,1.0086458802223206,0.46832150816917417,0.0
404000,343.0467529296875,-200.50839042663574,29.959515976685157,-0.00430892823060276,12.764254665374756,1.1869884371757506,0.0030156738561345265,-228.55797378718853,39.434201214084524,1.0085000395774841,0.4716525495052338,0.0
408000,346.26176047325134,-206.06294107437134,37.64936622395221,-0.003648441333643859,15.726515102386475,1.1714152574539185,0.003803783866169397,-228.55797378718853,39.434201214084524,1.0080000162124634,0.4149830311536789,0.0
412000,349.441447019577,-201.14570260047913,30.714564218941106,-0.0032660386998031752,19.454207038879396,1.1501671910285949,0.006084950522927101,-228.55797378718853,39.434201214084524,1.0056458353996276,0.3917677789926529,0.0
416000,352.70915961265564,-210.63968229293823,33.013551173052555,-0.0018676101233722874,26.74697608947754,1.155810010433197,0.003919237678928766,-228.55797378718853,39.434201214084524,1.007437515258789,0.38889622688293457,0.0
420000,355.91384720802307,-208.30258464813232,38.693981827868434,-0.003177803948346991,27.78903293609619,1.121787464618683,0.00286211301208823,-228.55797378718853,39.434201214084524,1.0058125138282776,0.3838035136461258,0.0
424000,359.1238362789154,-200.98683261871338,30.50059447537585,-0.004949196119559929,15.096507263183593,1.1472498893737793,0.005031316144277298,-228.55797378718853,39.434201214084524,1.0053333520889283,0.40091939866542814,0.0
428000,362.31899070739746,-207.88511610031128,36.75250673785586,-0.005366538442467572,19.085149383544923,1.140262818336487,0.005434879014501348,-228.55797378718853,39.434201214084524,1.0077916860580445,0.43192088007926943,0.0
432000,365.5243375301361,-205.20175909996033,40.51241586242485,-0.0035208960762247443,13.58008270263672,1.1073994398117066,0.003940259609953501,-228.55797378718853,39.434201214084524,1.0067916870117188,0.40503948032855985,0.0
436000,368.77050375938416,-207.39901208877563,30.300931305253975,-0.003419947178917937,21.0850736618042,1.1418451189994812,0.0026062824064865707,-228.55797378718853,39.434201214084524,1.0053750038146974,0.4053466349840164,0.0
440000,372.02635884284973,-196.56878793239594,31.840290763281683,-0.0027665553090628235,17.45694818496704,1.1318408608436585,0.002305430665728636,-228.55797378718853,39.434201214084524,1.0069375395774842,0.3729818195104599,0.0
444000,377.04530239105225,-192.33547592163086,32.618513000135195,-0.005192234508285765,11.145549201965332,1.1384864091873168,0.0015538602456217632,-204.87113421410322,36.51519510347596,1.0082083582878112,0.39684286415576936,0.0
448000,380.27024269104004,-202.38770461082458,35.634710897462504,-0.003772302968081931,18.05301170349121,1.0446442127227784,0.0019160033494699746,-204.87113421410322,36.51519510347596,1.007562518119812,0.3617188513278961,0.0
452000,383.4467272758484,-200.22671389579773,29.10580114735578,-0.004172771857702174,11.7668701171875,1.0644218564033507,0.002970513520995155,-204.87113421410322,36.51519510347596,1.0075833559036256,0.34591697454452514,0.0
456000,386.7094967365265,-206.7582688331604,38.1856193517604,-0.004651328241743613,16.874553394317626,1.0100822925567627,0.0048674033037968915,-204.87113421410322,36.51519510347596,1.0077916860580445,0.33229294419288635,0.0
460000,390.0456099510193,-206.85390543937683,30.926143695155083,-0.004698697132698726,13.045202255249023,0.9465324819087982,0.002538678323617205,-204.87113421410322,36.51519510347596,1.0081875443458557,0.3073809385299683,0.0
464000,393.3400549888611,-210.19526553153992,36.638160127895404,-0.003878737272316357,15.771945667266845,0.9888663351535797,0.0019567271665437147,-204.87113421410322,36.51519510347596,1.0088542103767395,0.2636243224143982,0.0
468000,396.56584763526917,-207.47615385055542,33.88270679082907,-0.00328933908167528,13.684065914154052,1.00124990940094,0.0021033403929322956,-204.87113421410322,36.51519510347596,1.008833360671997,0.30515003502368926,0.0
472000,399.7495789527893,-207.21459579467773,35.929530207717534,-0.004019703542871867,12.187045764923095,0.9639327526092529,0.002899683782015927,-204.87113421410322,36.51519510347596,1.0078750252723694,0.2511694967746735,0.0
476000,402.9936683177948,-212.81822872161865,39.74181817981724,-0.0034973439993336796,18.197772407531737,0.9777462542057037,0.004549239589687204,-204.87113421410322,36.51519510347596,1.0077916979789734,0.2626659989356995,0.0
480000,406.22233629226685,-197.16482424736023,29.711812308326266,-0.004868298796645831,11.696471214294434,0.9423880219459534,0.002544038799436521,-204.87113421410322,36.51519510347596,1.0095208525657653,0.25982418954372405,0.0
484000,411.2077295780182,-207.56430673599243,35.4311511193224,-0.003831956454087049,12.16842155456543,0.9757188379764556,0.0030451555212493986,-213.46095587313175,38.99989751811029,1.0101250290870667,0.31828743517398833,0.0
488000,414.3803913593292,-198.33828210830688,31.458296204347658,-0.0025615046281018293,15.758508586883545,0.9869109809398651,0.002631599553569686,-213.46095587313175,38.99989751811029,1.0067500233650208,0.30720694959163664,0.0
492000,417.5456371307373,-199.53343749046326,30.556868723161724,-0.001232322606665548,12.48412046432495,0.8947915017604828,0.0026585943793179466,-213.46095587313175,38.99989751811029,1.014791691303253,0.2952317982912064,0.0
496000,420.76609778404236,-212.25895929336548,42.12028645824156,-0.0034468317848222797,16.234364318847657,0.8850682139396667,0.0025803036856814287,-213.46095587313175,38.99989751811029,1.0096667170524598,0.24034440219402314,0.0
500000,423.9944977760315,-202.50081419944763,35.09929237890058,-0.0036632654650020414,14.28729600906372,0.8705251812934875,0.004617859274731018,-213.46095587313175,38.99989751811029,1.0110833525657654,0.29608185589313507,0.0
504000,427.2063982486725,-209.09216260910034,48.61492958487694,-0.0028563899046275764,24.771396446228028,0.832587468624115,0.0022541006677784027,-213.46095587313175,38.99989751811029,1.0131250143051147,0.27158119082450866,0.0
508000,430.4436409473419,-210.48580884933472,33.342291989814996,-0.003657992199077853,15.621633338928223,0.8347066283226013,0.0021469344559591264,-213.46095587313175,38.99989751811029,1.0098125219345093,0.2646368533372879,0.0
512000,433.61751317977905,-201.81071662902832,34.32001535889597,-0.0010541471205215204,14.299361038208009,0.8247092723846435,0.005036353889954626,-213.46095587313175,38.99989751811029,1.0099583745002747,0.269134184718132,0.0
516000,436.8397090435028,-213.67545545101166,34.05662063679945,-0.003744711908802856,19.853096389770506,0.8293352544307708,0.002788132790738018,-213.46095587313175,38.99989751811029,1.0100417017936707,0.2691538482904434,0.0
520000,440.067510843277,-208.9417098760605,44.081427478925825,-0.001381909049632668,23.958104515075682,0.8076513111591339,0.0017946040898095816,-213.46095587313175,38.99989751811029,1.0099791765213013,0.2639929801225662,0.0
524000,445.0972981452942,-212.0342996120453,38.12751690940016,-0.003172033795272,11.854507160186767,0.7724162697792053,0.002931323849770706,-210.74196536839008,37.00417915954977,1.0116666913032533,0.23387958705425263,0.0
528000,448.28242468833923,-202.6091594696045,35.75799662574881,-0.005102106929371075,12.546393871307373,0.8205998420715332,0.003678213822104226,-210.74196536839008,37.00417915954977,1.012208354473114,0.22708221077919005,0.0
532000,451.4591112136841,-203.40136408805847,34.14574824464791,-0.003292346798116341,11.489954090118408,0.8338606894016266,0.002187672378204297,-210.74196536839008,37.00417915954977,1.010604190826416,0.2083980217576027,0.0
536000,454.65389823913574,-197.46592164039612,38.825805226138996,-0.0031479339173529296,13.343737983703614,0.8220116496086121,0.004455083798529813,-210.74196536839008,37.00417915954977,1.0135625362396241,0.2895402371883392,0.0
540000,457.84999108314514,-207.6677486896515,36.074257526316295,-0.0031166585220489653,15.168553256988526,0.8115415275096893,0.0019572065051761457,-210.74196536839008,37.00417915954977,1.009166693687439,0.25129732489585876,0.0
544000,461.11486864089966,-200.9557510614395,38.20540489117315,-0.0036654907620686573,15.200606155395509,0.7801632225513458,0.004429288657411235,-210.74196536839008,37.00417915954977,1.0130208611488343,0.24967501908540726,0.0
548000,464.3238694667816,-201.3787076473236,38.429975129124074,-0.0019606881905929185,19.11997013092041,0.8265195965766907,0.0015621669037500397,-210.74196536839008,37.00417915954977,1.0077708601951598,0.2369117945432663,0.0
552000,467.5379750728607,-216.1585874557495,38.53579869241704,-0.00225689263716049,18.04216012954712,0.8080845892429351,0.0021898304785281653,-210.74196536839008,37.00417915954977,1.0076666831970216,0.22006116658449174,0.0
556000,470.84264945983887,-203.2929527759552,30.27046520161425,-0.0021627482958137987,16.499747276306152,0.8304315268993377,0.002628011046908796,-210.74196536839008,37.00417915954977,1.0116458535194397,0.253738597035408,0.0
560000,474.05702924728394,-202.12225949764252,32.40027890901301,-0.0022977072458161274,17.07120943069458,0.8369800984859467,0.002007271337788552,-210.74196536839008,37.00417915954977,1.0096458673477173,0.2626404881477356,0.0
564000,479.16638803482056,-202.22075486183167,28.95404558470558,-0.004849528724480479,13.457157230377197,0.8544991850852967,0.0037959772322210482,-213.75085225701332,41.37121890843935,1.0092708587646484,0.30423077940940857,0.0
568000,482.3466410636902,-213.83731532096863,34.34213245692249,-0.0033100102296430125,19.39426898956299,0.8665029346942902,0.004230282793287188,-213.75085225701332,41.37121890843935,1.0108333706855774,0.3046487599611282,0.0
572000,485.5537805557251,-203.01432347297668,34.29000575671955,-0.004294860044319648,15.522145843505859,0.8720860302448272,0.0038670071226079017,-213.75085225701332,41.37121890843935,1.008916687965393,0.2983429074287415,0.0
576000,488.76142501831055,-206.76368141174316,34.13750913620985,-0.002435899917327333,13.190686130523682,0.862123304605484,0.0038852009020047262,-213.75085225701332,41.37121890843935,1.0110625147819519,0.25660826563835143,0.0
580000,491.9740381240845,-211.78355741500854,37.94391844119847,-0.004349745015497319,25.38488941192627,0.8420783877372742,0.003172208939213306,-213.75085225701332,41.37121890843935,1.0104166984558105,0.2953770995140076,0.0
584000,495.163640499115,-207.41453778743744,40.60860844346765,-0.004941015884105582,13.044472122192383,0.8579616785049439,0.004325739271007478,-213.75085225701332,41.37121890843935,1.00916668176651,0.31892121136188506,0.0
588000,498.39971232414246,-208.23955368995667,41.32110656656036,-0.002549631516012596,17.138556671142577,0.8241110682487488,0.003572299201550777,-213.75085225701332,41.37121890843935,1.0090208530426026,0.22588879615068436,0.0
592000,501.6172697544098,-209.64767241477966,29.322662529029543,-0.0029123523490852676,20.082792377471925,0.9030662953853608,0.003045721509261057,-213.75085225701332,41.37121890843935,1.011104202270508,0.29669820964336396,0.0
596000,504.83491373062134,-211.5178725719452,40.37126602372319,-0.0038339146911766874,16.753407955169678,0.8007083594799042,0.0034948958600580227,-213.75085225701332,41.37121890843935,1.0121458768844604,0.26173834800720214,0.0
600000,508.0824785232544,-204.8114697933197,34.08470671668544,-0.002762105272267945,11.933479499816894,0.8092489123344422,0.0025655427569290625,-213.75085225701332,41.37121890843935,1.011187529563904,0.2154459536075592,0.0
604000,513.187680721283,-209.30859518051147,35.56268734118428,-0.0032994630010762193,13.71753396987915,0.856456744670868,0.003621330657915678,-225.6459272056818,55.581946625049916,1.0114166855812072,0.23754249513149261,0.0
608000,516.3929584026337,-206.31054377555847,34.869338098215515,-0.003498163133917842,15.592081069946289,0.904848325252533,0.0021458240666106577,-225.6459272056818,55.581946625049916,1.0109583497047425,0.2569373995065689,0.0
612000,519.5859460830688,-206.01953148841858,32.71470550806586,-0.0033427779813791857,13.968724346160888,0.9067467629909516,0.004246288479771465,-225.6459272056818,55.581946625049916,1.0153125405311585,0.26241086721420287,0.0
616000,522.7723734378815,-201.97088849544525,37.509670912612656,-0.004429438954321086,17.236690521240234,0.8846772193908692,0.0053240156965330245,-225.6459272056818,55.581946625049916,1.0109583616256714,0.29589724242687226,0.0
620000,525.9553558826447,-210.70352578163147,32.95667934338987,-0.0037657758468412792,13.912194633483887,0.8731528937816619,0.0025641026644734667,-225.6459272056818,55.581946625049916,1.0110000252723694,0.2239212930202484,0.0
624000,529.1625974178314,-204.92671990394592,33.76612726804042,-0.00367587810033001,15.685454368591309,0.872456294298172,0.005368213978363201,-225.6459272056818,55.581946625049916,1.012791681289673,0.23067104667425156,0.0
628000,532.3946540355682,-204.56252002716064,37.13594883116118,-0.003714787677745335,15.890260219573975,0.8187387228012085,0.005342807556735352,-225.6459272056818,55.581946625049916,1.0126041889190673,0.18190350979566575,0.0
632000,535.6393480300903,-216.0585880279541,38.58975437777286,-0.003620981689891778,12.995627403259277,0.8573308289051056,0.0020722731103887783,-225.6459272056818,55.581946625049916,1.0105833768844605,0.22701065242290497,0.0
636000,538.7299046516418,-204.9126741886139,37.402104893011156,-0.0036405670223757626,13.021715259552002,0.8316539764404297,0.0037060712580569088,-225.6459272056818,55.581946625049916,1.0115416646003723,0.20037275552749634,0.0
640000,541.7662315368652,-203.9671561717987,34.031125281237976,-0.003980624090763741,13.424801921844482,0.8053788483142853,0.0046490462962538006,-225.6459272056818,55.581946625049916,1.0135833621025085,0.20995947271585463,0.0
644000,546.8058910369873,-211.3777277469635,29.58458058234973,-0.00386968686216278,10.857143211364747,0.810043454170227,0.002343644750362728,-219.68649432063103,40.59428850414096,1.0128541946411134,0.21052551865577698,0.0
648000,550.0406446456909,-201.68255877494812,30.295194350210235,-0.004061069975432474,14.298324489593506,0.7950641572475433,0.005091485090088099,-219.68649432063103,40.59428850414096,1.0132916927337647,0.17185671776533126,0.0
652000,553.2163436412811,-208.46739506721497,35.837192980854745,-0.004176470581296598,12.945589828491212,0.8033773183822632,0.00334333920473,-219.68649432063103,40.59428850414096,1.0125208616256713,0.1819781929254532,0.0
656000,556.4505393505096,-212.80205249786377,39.845369718549264,-0.003360221249749884,19.48310947418213,0.7863209486007691,0.003324745147256181,-219.68649432063103,40.59428850414096,1.0115625262260437,0.19819832891225814,0.0
660000,559.647153377533,-203.29179048538208,31.261530793132547,-0.0039656290813582015,18.320987701416016,0.8322603225708007,0.0008457526564598083,-219.68649432063103,40.59428850414096,1.0159166932106019,0.21550733894109725,0.0
664000,562.8613858222961,-196.00391674041748,45.24984599194175,-0.0032152500249139847,15.458481311798096,0.8156540036201477,0.0037922405907011127,-219.68649432063103,40.59428850414096,1.0097708582878113,0.19371716529130936,0.0
668000,566.0452017784119,-192.23984575271606,30.96984184570752,-0.003996997502508748,14.56899881362915,0.822145801782608,0.0007271619346283842,-219.68649432063103,40.59428850414096,1.0146458625793457,0.18793917447328568,0.0
672000,569.2483468055725,-201.47423148155212,29.89677339543916,-0.002809947915375233,14.029822158813477,0.8107972979545593,0.0037225120526272804,-219.68649432063103,40.59428850414096,1.0251667022705078,0.20769441425800322,0.0
676000,572.4621894359589,-209.18017768859863,36.223875415640094,-0.003825893875909969,11.56188383102417,0.7922790169715881,0.004122900165384635,-219.68649432063103,40.59428850414096,1.024708366394043,0.21014827936887742,0.0
680000,575.722149848938,-197.7621910572052,32.14115315486564,-0.0017453401524107903,16.756118774414062,0.8183849275112152,0.002495137133519165,-219.68649432063103,40.59428850414096,1.0282708644866942,0.23636962920427323,0.0
684000,580.7864761352539,-204.92382073402405,36.68967676297801,-0.0038065473272581585,18.480024814605713,0.8273141026496887,0.003524234372889623,-211.13673020899296,40.37465774647471,1.0229375243186951,0.21950902342796325,0.0
688000,583.959977388382,-200.6370861530304,40.65182735244095,-0.004976311928476207,18.938125133514404,0.8294557869434357,0.0050887425139080735,-211.13673020899296,40.37465774647471,1.025854194164276,0.23341200947761537,0.0
692000,587.1832747459412,-196.54598987102509,38.405310864746994,-0.002853624717681669,14.032213401794433,0.8221675992012024,0.0032277415244607254,-211.13673020899296,40.37465774647471,1.0266041874885559,0.19547533988952637,0.0
696000,590.417279958725,-202.28302216529846,32.331758954294955,-0.0018475649761967362,14.92512149810791,0.865537142753601,0.0024624714336823673,-211.13673020899296,40.37465774647471,1.0280208826065063,0.22793523222208023,0.0
700000,593.6257266998291,-200.15682721138,40.46443027787459,-0.0041395791529794225,18.51747398376465,0.8832107603549957,0.0018352505954680963,-211.13673020899296,40.37465774647471,1.0285208582878114,0.2537826746702194,0.0
704000,596.8100085258484,-201.54581201076508,34.17384215975803,-0.004898869346652646,24.054620933532714,0.9577537298202514,0.004671663569752127,-211.13673020899296,40.37465774647471,1.023187518119812,0.24217884689569474,0.0
708000,599.9899704456329,-199.6454918384552,32.66574814514955,-0.003279968104470754,12.161938381195068,0.8488394677639007,0.0017133254674263298,-211.13673020899296,40.37465774647471,1.0220000386238097,0.21864061653614045,0.0
712000,603.1948802471161,-198.3536307811737,29.681618505004344,-0.0029582363327790516,12.010155296325683,0.8894832909107209,0.002441558605642058,-211.13673020899296,40.37465774647471,1.0286875247955323,0.23287412226200105,0.0
716000,606.4004468917847,-197.5431170463562,30.26854883296378,-0.0039947520902387625,12.931352615356445,0.8845076441764832,0.003028180287219584,-211.13673020899296,40.37465774647471,1.0303958535194397,0.24917257875204085,0.0
720000,609.6437864303589,-207.45905590057373,36.57150571904328,-0.004174786312069046,17.656295108795167,0.8895635783672333,0.005884630355285481,-211.13673020899296,40.37465774647471,1.0283750295639038,0.2053595796227455,0.0
724000,614.7429847717285,-199.25115728378296,31.8568178573212,-0.006020941648966982,11.758355617523193,0.904396241903305,0.006070764787727967,-204.05265881866217,32.64221004530012,1.0292083501815796,0.23942493498325348,0.0
728000,617.9219391345978,-203.23973298072815,34.38923975501397,-0.003297204374393914,15.68604326248169,0.8819742500782013,0.003486855363007635,-204.05265881866217,32.64221004530012,1.0330000162124633,0.1933355912566185,0.0
732000,621.1098983287811,-206.61303162574768,36.578146632124636,-0.004032909017405472,15.868041896820069,0.8441248834133148,0.0029511620668927208,-204.05265881866217,32.64221004530012,1.0301666855812073,0.19905651211738587,0.0
736000,624.3221859931946,-200.56029725074768,32.5864617089122,-0.0029684256835025733,13.242427539825439,0.9236747264862061,0.0028008981025777757,-204.05265881866217,32.64221004530012,1.0324166774749757,0.2046659156680107,0.0
740000,627.5381565093994,-201.40320944786072,36.199670772055455,-0.003121401207317831,15.368602657318116,0.8849278092384338,0.0027969550023044577,-204.05265881866217,32.64221004530012,1.0273750185966493,0.17666815221309662,0.0
744000,630.7557611465454,-195.2733669281006,30.41375171989641,-0.0038926249893847854,11.41675500869751,0.8946238040924073,0.0034611057153597358,-204.05265881866217,32.64221004530012,1.0305833578109742,0.18862813860177993,0.0
748000,634.001259803772,-207.68381071090698,30.038802219145737,-0.0052952808211557565,12.507647037506104,0.8705361485481262,0.0013773301687706407,-204.05265881866217,32.64221004530012,1.0250625252723693,0.20005213618278503,0.0
752000,637.2781286239624,-198.90184497833252,34.173871028064845,-0.004667659058031859,9.480557680130005,0.8808082640171051,0.004755146816023625,-204.05265881866217,32.64221004530012,1.0229166984558105,0.2029235079884529,0.0
756000,640.4896311759949,-196.4802324771881,33.3689478175499,-0.004589718132046982,12.994500541687012,0.9054707229137421,0.005264718254329637,-204.05265881866217,32.64221004530012,1.0309375286102296,0.2126176044344902,0.0
760000,643.7034757137299,-209.03295481204987,36.42938354784996,-0.0021091849892400207,17.574131965637207,0.8956883132457734,0.0027706406370271,-204.05265881866217,32.64221004530012,1.0289375185966492,0.16985906809568405,0.0
764000,648.8372800350189,-193.25989162921906,33.0372747703718,-0.004689558027894236,12.756704998016357,0.865537428855896,0.0034325770306168125,-202.30537174642086,35.802249393481034,1.0270833492279052,0.18957788348197938,0.0
768000,652.0522422790527,-201.71426153182983,34.735156280270395,-0.0027865785998983485,14.541685390472413,0.878253436088562,0.0021248885779641567,-202.30537174642086,35.802249393481034,1.0258750200271607,0.18932488709688186,0.0
772000,655.2455310821533,-205.163161277771,37.74480951669188,-0.004503239376936108,17.78559513092041,0.8730400800704956,0.0048057022693683395,-202.30537174642086,35.802249393481034,1.0259583473205567,0.20531029403209686,0.0
776000,658.4721112251282,-193.97202587127686,33.06014792667673,-0.004274433772661723,11.69559555053711,0.8477539598941803,0.0023372193394607167,-202.30537174642086,35.802249393481034,1.0329583525657653,0.22577844709157943,0.0
780000,661.6539330482483,-200.68664598464966,36.236201551289014,-0.004390591275114275,10.902223110198975,0.8289462804794312,0.004414202930638567,-202.30537174642086,35.802249393481034,1.024708354473114,0.19394406378269197,0.0
784000,664.733824968338,-202.345703125,30.791151879824888,-0.003477975694113411,12.567659187316895,0.8718474388122559,0.0029376034974120556,-202.30537174642086,35.802249393481034,1.0266667127609252,0.20502441823482515,0.0
788000,667.7762863636017,-192.21315121650696,32.04338306626245,-0.002842065170989372,12.88392505645752,0.8316985666751862,0.0037202157254796475,-202.30537174642086,35.802249393481034,1.0294166803359985,0.20822130292654037,0.0
792000,671.0522425174713,-198.20125222206116,32.39588863737635,-0.004093628235568758,11.325673389434815,0.8198690593242646,0.0015030840288090986,-202.30537174642086,35.802249393481034,1.029437518119812,0.22154808044433594,0.0
796000,674.3744213581085,-198.03258085250854,35.86183293498562,-0.0022528724948642775,14.246485996246339,0.8333682179450989,0.0022117194952443243,-202.30537174642086,35.802249393481034,1.0311041951179505,0.2056395009160042,0.0
800000,677.6144030094147,-196.0921130180359,34.85798844992816,-0.002793502193526365,15.197511672973633,0.8819977104663849,0.004201234052015934,-202.30537174642086,35.802249393481034,1.0387916922569276,0.25841365456581117,0.0
804000,682.7479691505432,-197.5586097240448,30.60778154124468,-0.004577040509320796,13.837729454040527,0.8739852428436279,0.005000601994106546,-195.8979567885399,28.30994262105141,1.031041693687439,0.18361655473709107,0.0
808000,686.0104377269745,-190.67703580856323,28.575094858912944,-0.00551813606871292,9.866777849197387,0.859659743309021,0.005031531379790977,-195.8979567885399,28.30994262105141,1.0321250319480897,0.166323022544384,0.0
812000,689.2323014736176,-197.41221165657043,29.04789710510001,-0.002758610824821517,15.378691005706788,0.8975247800350189,0.004186171840410679,-195.8979567885399,28.30994262105141,1.038145864009857,0.21111231446266174,0.0
816000,692.4430639743805,-203.9136574268341,44.55027041920849,-0.004791544243926182,16.201791286468506,0.8785766780376434,0.004828393319621682,-195.8979567885399,28.30994262105141,1.0288750290870667,0.2024759128689766,0.0
820000,695.6322529315948,-201.73549461364746,32.30655888707085,-0.003523834454244934,17.551858520507814,0.9616979956626892,0.00462554789846763,-195.8979567885399,28.30994262105141,1.0301041960716248,0.18589960783720016,0.0
824000,698.8215708732605,-194.7200529575348,33.23394645758482,-0.0048986847876221875,13.433594703674316,0.9627322852611542,0.0038314667326631024,-195.8979567885399,28.30994262105141,1.0330625295639038,0.19206493645906447,0.0
828000,702.077677488327,-194.95757937431335,33.237630944524554,-0.004099191777640954,15.113260459899902,0.9816202759742737,0.0033169374721182974,-195.8979567885399,28.30994262105141,1.0327500343322753,0.16355403512716293,0.0
832000,705.3074839115143,-197.91999673843384,35.12007963641582,-0.005003854125970974,15.9168851852417,0.9726064443588257,0.003826534765539691,-195.8979567885399,28.30994262105141,1.0296250224113463,0.1778257057070732,0.0
836000,708.4161751270294,-190.92337155342102,26.486689841775544,-0.005059481645002961,11.343718814849854,0.9615971267223358,0.005410742398817092,-195.8979567885399,28.30994262105141,1.030666673183441,0.19347938001155854,0.0
840000,711.6197092533112,-199.82733917236328,35.36488425716891,-0.0034251431294251232,15.514894104003906,0.9824299931526184,0.005034467432415113,-195.8979567885399,28.30994262105141,1.0275208711624146,0.18569618463516235,0.0
844000,716.9134323596954,-194.2032914161682,29.002377907060108,-0.003515818573941942,16.74055767059326,1.0011423647403717,0.004188983351923525,-199.28577999025583,31.331648083192793,1.0236250162124634,0.1971926897764206,0.0
848000,720.1468517780304,-199.81457948684692,35.684534752338976,-0.0029741574166109786,19.073789596557617,0.9837238729000092,0.0035063584451563655,-199.28577999025583,31.331648083192793,1.0239583730697632,0.1901719018816948,0.0
852000,723.3636960983276,-195.38381505012512,31.43041223401264,-0.004682195757413865,12.992164611816406,1.0012887716293335,0.0028143258823547512,-199.28577999025583,31.331648083192793,1.022937500476837,0.18109148740768433,0.0
856000,726.5671193599701,-205.79024600982666,38.270593630988685,-0.002901922801902401,17.720482730865477,0.9426070034503937,0.001642594815348275,-199.28577999025583,31.331648083192793,1.0251458406448364,0.14946575313806534,0.0
860000,729.7678084373474,-199.77509927749634,34.766428884533674,-0.003509161376314296,14.09600830078125,0.9641801714897156,0.0034679170727031305,-199.28577999025583,31.331648083192793,1.0211042046546936,0.13647972643375397,0.0
864000,732.9549877643585,-196.80780339241028,33.86821815466287,-0.002774114633211866,19.37668342590332,0.8982164084911346,0.004985809582285583,-199.28577999025583,31.331648083192793,1.0283958792686463,0.15467789769172668,0.0
868000,736.1099090576172,-201.04765725135803,31.64484881794501,-0.0031697469850769265,23.124549865722656,0.9152662515640259,0.004504616632402758,-199.28577999025583,31.331648083192793,1.0236666917800903,0.1464225798845291,0.0
872000,739.3377537727356,-206.926020860672,36.18333122722578,-0.00287016682268586,23.49606590270996,0.8374800086021423,0.004168591822963208,-199.28577999025583,31.331648083192793,1.020833384990692,0.13715979903936387,0.0
876000,742.6462337970734,-211.00097036361694,42.17849503626929,-0.005052475690172286,18.482515048980712,0.868984991312027,0.005065924263908528,-199.28577999025583,31.331648083192793,1.0210000276565552,0.18166538178920746,0.0
880000,745.8676707744598,-200.68751788139343,35.1194048872002,-0.004031591906095855,17.217083072662355,0.8384170472621918,0.003499514196300879,-199.28577999025583,31.331648083192793,1.0243542075157166,0.157160122692585,0.0
884000,750.8950228691101,-207.0532419681549,35.299822637654394,-0.0043819313621497715,19.836711502075197,0.8443325161933899,0.002996218801126815,-203.08594812452793,34.968892173088406,1.0253333568572998,0.18933878988027572,0.0
888000,754.1410853862762,-199.36714935302734,31.49482659572944,-0.0035106734174405576,18.93897705078125,0.7846865296363831,0.004578796704299748,-203.08594812452793,34.968892173088406,1.028937530517578,0.14459740072488786,0.0
892000,757.4131257534027,-200.94300246238708,33.09471165852723,-0.003659492748556659,17.776920986175536,0.80289266705513,0.0014428079535719006,-203.08594812452793,34.968892173088406,1.0295833587646483,0.11882464289665222,0.0
896000,760.6377127170563,-204.37928187847137,40.85971792421645,-0.003811693054740317,13.087154579162597,0.8124490141868591,0.0027724510815460234,-203.08594812452793,34.968892173088406,1.0297500371932984,0.20374701768159867,0.0
900000,763.6580095291138,-200.33700370788574,34.52906777801532,-0.0039031404128763826,19.95640296936035,0.8430832087993622,0.005448485701344907,-203.08594812452793,34.968892173088406,1.0233333706855774,0.15783866345882416,0.0
904000,766.6699464321136,-201.02060210704803,35.242753004926804,-0.0053687557665398344,24.09329261779785,0.8584608852863311,0.0051692590117454525,-203.08594812452793,34.968892173088406,1.028125,0.20578886419534684,0.0
908000,769.721405506134,-207.27812576293945,38.88729136460468,-0.0030794175363553222,21.523919296264648,0.8240574598312378,0.004054725655441871,-203.08594812452793,34.968892173088406,1.0253333687782287,0.13221094608306885,0.0
912000,772.9250500202179,-200.18548583984375,34.889735231577376,-0.0028254831850063056,26.075482749938963,0.8585229098796845,0.004055450076702982,-203.08594812452793,34.968892173088406,1.0315625429153443,0.16670701652765274,0.0
916000,776.167722940445,-202.59540057182312,33.20828891612265,-0.003928614821052179,23.30676383972168,0.857988691329956,0.0031632000172976404,-203.08594812452793,34.968892173088406,1.0337708473205567,0.16797813326120375,0.0
920000,779.3544166088104,-193.86962056159973,27.62658621573498,-0.005232318156049587,14.432175350189208,0.8951504051685333,0.006841073732357472,-203.08594812452793,34.968892173088406,1.0340416789054871,0.16523095220327377,0.0
924000,784.4612293243408,-204.2131232023239,37.93706666341505,-0.0033090778000769206,23.11466293334961,0.8746120750904083,0.002998697100701975,-202.9033351764083,37.596414284258344,1.03725004196167,0.1463078513741493,0.0
928000,787.6664638519287,-198.53243470191956,37.896276436459544,-0.0027507273392984644,22.198620223999022,0.8559981167316437,0.003797745506744832,-202.9033351764083,37.596414284258344,1.0420625448226928,0.16580580323934554,0.0
932000,790.8535509109497,-198.1281819343567,41.82817144726218,-0.002283899513349752,21.580235290527344,0.8129970610141755,0.003135579390072962,-202.9033351764083,37.596414284258344,1.0416041970252992,0.10439576655626297,0.0
936000,794.1231443881989,-201.43254685401917,33.147332941250134,-0.004148737444484141,16.348218822479247,0.8371591627597809,0.0034328217385336756,-202.9033351764083,37.596414284258344,1.0403125405311584,0.1474066659808159,0.0
940000,797.3434505462646,-195.9744030237198,32.96739425517826,-0.004096006834879517,16.98317918777466,0.8584574520587921,0.003914876998169348,-202.9033351764083,37.596414284258344,1.0425000309944152,0.16546819359064102,0.0
944000,800.4026851654053,-198.57128620147705,33.92702887895059,-0.002768622354778927,19.05004539489746,0.8138580679893493,0.00263980888412334,-202.9033351764083,37.596414284258344,1.0354166984558106,0.12524943202733993,0.0
948000,803.4833052158356,-195.93061757087708,34.46612323677182,-0.004248638569697505,11.518971633911132,0.8007293105125427,0.003427359601482749,-202.9033351764083,37.596414284258344,1.0367292165756226,0.12476814910769463,0.0
952000,806.7126784324646,-199.1058908700943,30.479315083010228,-0.0035532031208276747,20.192434310913086,0.8298728406429291,0.003130303497891873,-202.9033351764083,37.596414284258344,1.0426250338554381,0.1715270310640335,0.0
956000,809.9265167713165,-201.3219794034958,46.42910964782401,-0.004351124659297057,19.963245010375978,0.8088159143924714,0.0027924943075049668,-202.9033351764083,37.596414284258344,1.0362083673477174,0.12890792936086654,0.0
960000,813.1400406360626,-200.82215309143066,37.1809881647242,-0.003582987765548751,13.90338306427002,0.7899141311645508,0.007027784432284534,-202.9033351764083,37.596414284258344,1.0444166898727416,0.1334427312016487,0.0
964000,818.1478526592255,-198.05620074272156,33.85037324126414,-0.004474957671482116,10.149844312667847,0.7443623602390289,0.0034683031146414576,-202.97675976157188,35.98900013570776,1.045229184627533,0.11786429584026337,0.0
968000,821.3894422054291,-202.95444297790527,41.01140321319289,-0.00391250013926765,13.60314064025879,0.7682769954204559,0.0011234599049203097,-202.97675976157188,35.98900013570776,1.046750020980835,0.13287987262010575,0.0
972000,824.6292748451233,-198.1556135416031,37.32288616657306,-0.003959234055946581,19.679774284362793,0.7614195048809052,0.0022844794162665493,-202.97675976157188,35.98900013570776,1.0444375276565552,0.11723356992006302,0.0
976000,827.8606081008911,-197.4721827507019,39.36401160390319,-0.003920090430983692,20.084891510009765,0.7706474244594574,0.003627765650162473,-202.97675976157188,35.98900013570776,1.0481666922569275,0.13508595377206803,0.0
980000,831.0781183242798,-197.73883318901062,37.438785648087986,-0.002764419857885514,17.080634975433348,0.7468625724315643,0.0031609513564035295,-202.97675976157188,35.98900013570776,1.046166682243347,0.11333237662911415,0.0
984000,834.3511686325073,-195.66082310676575,31.80613176869191,-0.005852800445063621,13.834981346130371,0.7515396773815155,0.0029570879065431654,-202.97675976157188,35.98900013570776,1.0437083482742309,0.13900628685951233,0.0
988000,837.6092829704285,-188.85352659225464,30.08515449143588,-0.005848813203920144,10.526728057861328,0.7558713376522064,0.0033583071548491717,-202.97675976157188,35.98900013570776,1.0546250224113465,0.12692096084356308,0.0
992000,840.8983335494995,-191.60134434700012,28.716344352570673,-0.004541907060774975,11.966785717010499,0.7572438597679139,0.0037187989888479932,-202.97675976157188,35.98900013570776,1.0397292017936706,0.11839415952563286,0.0
996000,844.1286659240723,-192.68711185455322,36.12599584875443,-0.006296097851009108,15.236887741088868,0.7670415103435516,0.006161611728020944,-202.97675976157188,35.98900013570776,1.0389791965484618,0.10939236357808113,0.0
1000000,847.2628993988037,-196.2633308172226,34.17148848454947,-0.004049039895016903,12.113059329986573,0.775803679227829,0.0034335742064286025,-202.97675976157188,35.98900013570776,1.039270853996277,0.11606400832533836,0.0
1004000,852.1244134902954,-197.83989787101746,35.87206482635685,-0.0049585759465117,17.559526252746583,0.7729115307331085,0.0026599205943057314,-191.9682440534234,35.95830695985158,1.0412916898727418,0.1279546096920967,0.0
1008000,855.2907354831696,-198.88159322738647,35.12898754874392,-0.004305577188642928,17.537171649932862,0.7781033754348755,0.0033203565457370133,-191.9682440534234,35.95830695985158,1.0358333468437195,0.10507079511880875,0.0
1012000,858.4857292175293,-181.67049300670624,38.91352232120688,-0.0028710012877127154,16.85100402832031,0.7714510798454285,0.0037258016178384422,-191.9682440534234,35.95830695985158,1.0390833735466003,0.15090684294700624,0.0
1016000,861.7284350395203,-192.303577542305,34.092848615564456,-0.004044133561546914,15.29772491455078,0.7694766044616699,0.0044578270346391944,-191.9682440534234,35.95830695985158,1.0411250352859498,0.12687941193580626,0.0
1020000,864.9103519916534,-192.68839406967163,30.806720719932837,-0.004392247699433938,15.302976512908936,0.7136452317237854,0.0036901475337799638,-191.9682440534234,35.95830695985158,1.035312533378601,0.12082451209425926,0.0
1024000,868.1142625808716,-198.7043125629425,35.67984617349382,-0.00345387439156184,22.76907901763916,0.7382970452308655,0.0034962519552209415,-191.9682440534234,35.95830695985158,1.0349791765213012,0.12558542490005492,0.0
1028000,871.3912420272827,-187.3164038658142,32.40426875996451,-0.005260230903513729,14.181158447265625,0.772471809387207,0.003909882088191807,-191.9682440534234,35.95830695985158,1.037291693687439,0.14692675769329072,0.0
1032000,874.6542751789093,-199.98134768009186,35.88939725530471,-0.003850403580145212,16.116889190673827,0.7979114651679993,0.004256894559875946,-191.9682440534234,35.95830695985158,1.0350416898727417,0.12926550805568696,0.0
1036000,877.8036787509918,-198.96033608913422,41.666160840573596,-0.004714641113241669,17.730931282043457,0.8013994932174683,0.0035446258320007474,-191.9682440534234,35.95830695985158,1.0293333411216736,0.1475893348455429,0.0
1040000,880.9767487049103,-193.38463354110718,29.82430423322878,-0.003264041351212654,16.35638542175293,0.8135331153869629,0.00355347222648561,-191.9682440534234,35.95830695985158,1.0336250185966491,0.13889508992433547,0.0
1044000,885.9597663879395,-191.8341532945633,28.27127803384116,-0.004154279196518474,13.024528789520264,0.7821685791015625,0.004325265862280503,-193.22501423954964,35.45974501926433,1.0418958783149719,0.15406007170677186,0.0
1048000,889.154593706131,-195.8203330039978,32.313158085011835,-0.003887430379018042,22.215160942077638,0.7834341287612915,0.0026223743916489184,-193.22501423954964,35.45974501926433,1.0430833578109742,0.13934156447649002,0.0
1052000,892.3342254161835,-193.22708415985107,31.137940279938753,-0.002996274849283509,23.026040458679198,0.8145677089691162,0.003442311176331714,-193.22501423954964,35.45974501926433,1.0379583477973937,0.16202054768800736,0.0
1056000,895.5145905017853,-189.60932445526123,24.527398911172124,-0.0038993497350020335,19.71633949279785,0.8137754499912262,0.003604211867786944,-193.22501423954964,35.45974501926433,1.0409375309944153,0.15163483768701552,0.0
1060000,898.7162861824036,-189.96901488304138,35.53546838619489,-0.0027683874608555926,12.917234897613525,0.7988487601280212,0.0052889344719005745,-193.22501423954964,35.45974501926433,1.040458345413208,0.13919139802455902,0.0
1064000,901.9590563774109,-191.17938935756683,31.396773336155302,-0.004399634920628159,16.196195602416992,0.8087435245513916,0.004545793222496286,-193.22501423954964,35.45974501926433,1.0367291927337647,0.14324918538331985,0.0
1068000,905.1614391803741,-189.8742733001709,32.90218272101615,-0.003910292714135721,18.8817232131958,0.8200447380542755,0.005853614635998383,-193.22501423954964,35.45974501926433,1.0548541784286498,0.1737470120191574,0.0
1072000,908.3850462436676,-197.20254278182983,35.78199730188104,-0.0040298927517142145,22.195306396484376,0.8000615358352661,0.003414187580347061,-193.22501423954964,35.45974501926433,1.0538333773612976,0.149918332695961,0.0
1076000,911.6330342292786,-189.60188102722168,31.97953825839546,-0.0028335510971373877,17.57685718536377,0.7847384750843048,0.003803866109228693,-193.22501423954964,35.45974501926433,1.0617291808128357,0.12377845719456673,0.0
1080000,914.8242018222809,-196.04429614543915,35.235597035265,-0.0035344647360034285,19.97091941833496,0.8003762722015381,0.003886709234211594,-193.22501423954964,35.45974501926433,1.0617708563804626,0.11580288633704186,0.0
1084000,919.6434059143066,-196.37676358222961,31.46179989429236,-0.004513311386472196,13.193628406524658,0.8023389875888824,0.006300066143739969,-193.8651995882392,38.97816319198226,1.0488541960716247,0.1454465016722679,0.0
1088000,922.6865878105164,-196.90275049209595,32.36383351495967,-0.005748786428011954,13.178184604644775,0.8170485436916352,0.006507366825826466,-193.8651995882392,38.97816319198226,1.04839586019516,0.1064962849020958,0.0
1092000,925.8217341899872,-191.38835275173187,34.360046853556966,-0.00409396161994664,17.468853092193605,0.7997644186019898,0.004001414007507265,-193.8651995882392,38.97816319198226,1.0517500400543214,0.13247040510177613,0.0
1096000,928.9817516803741,-184.44979643821716,27.215975621957426,-0.004144426051061601,14.354939842224121,0.7979423999786377,0.004456641245633363,-193.8651995882392,38.97816319198226,1.0666667103767395,0.13552082777023317,0.0
1100000,932.1589956283569,-188.14749217033386,31.516924520932296,-0.0046955260724644175,14.421268653869628,0.8179969012737274,0.0057231142476666715,-193.8651995882392,38.97816319198226,1.0584792137145995,0.15336934328079224,0.0
1104000,935.3907029628754,-197.9687716960907,33.532827380118306,-0.003375206288001209,15.19836711883545,0.8212954878807068,0.003650741104502231,-193.8651995882392,38.97816319198226,1.048395848274231,0.14411564022302628,0.0
1108000,938.6411092281342,-194.72156155109406,30.896796813065134,-0.005362268481985666,15.033079624176025,0.8216781139373779,0.005662602349184453,-193.8651995882392,38.97816319198226,1.045104205608368,0.10845796763896942,0.0
1112000,941.8844397068024,-185.93329572677612,28.7396874729341,-0.005218213505577296,23.90066261291504,0.8705005764961242,0.005511746346019209,-193.8651995882392,38.97816319198226,1.0422291994094848,0.13592334389686583,0.0
1116000,945.1393735408783,-195.47023618221283,37.36243200675881,-0.005139357869484229,12.31976613998413,0.8055864691734314,0.00221620497177355,-193.8651995882392,38.97816319198226,1.0383333683013916,0.12825385332107545,0.0
1120000,948.3740453720093,-189.88710117340088,26.08900651998218,-0.0017628347355639561,22.100911712646486,0.8017973124980926,0.005641695420490578,-193.8651995882392,38.97816319198226,1.0433541893959046,0.104457788169384,0.0
1124000,953.7387974262238,-192.30461645126343,32.45036553075082,-0.004123170197271975,17.25039415359497,0.7814777016639709,0.004357645579148084,-190.91221141070127,39.5837660822994,1.037333357334137,0.12368534728884698,0.0
1128000,957.0176045894623,-194.01629209518433,34.6415134439264,-0.0034704776582657358,16.684548568725585,0.7504866600036622,0.004196181579027325,-190.91221141070127,39.5837660822994,1.0399166941642761,0.13089462816715242,0.0
1132000,960.2391526699066,-196.2715585231781,33.58678986541045,-0.004641895546956221,17.19429941177368,0.797397392988205,0.003646855251281522,-190.91221141070127,39.5837660822994,1.0376041889190675,0.11473092287778855,0.0
1136000,963.5029518604279,-198.10293245315552,33.89355909603827,-0.004190380283716877,17.658333206176756,0.7862482130527496,0.002875600164406933,-190.91221141070127,39.5837660822994,1.0349166989326477,0.10563952401280403,0.0
1140000,966.7394661903381,-195.5682873725891,36.52899309785497,-0.005431184219196439,9.099593448638917,0.7462670862674713,0.0019400789220526348,-190.91221141070127,39.5837660822994,1.0392292022705079,0.08230389878153802,0.0
1144000,970.0067286491394,-190.5210828781128,36.367951125449125,-0.003980010735358519,16.80213861465454,0.7696523070335388,0.00546241314150393,-190.91221141070127,39.5837660822994,1.0454375386238097,0.11296337768435478,0.0
1148000,973.3037340641022,-186.74366450309753,32.32120506019895,-0.004675510098149971,14.547404384613037,0.7567909777164459,0.0034544888767413795,-190.91221141070127,39.5837660822994,1.043083369731903,0.0857407420873642,0.0
1152000,976.6646082401276,-197.0005669593811,35.43357579697891,-0.004762199077231344,16.524611377716063,0.7483296394348145,0.003388161235488951,-190.91221141070127,39.5837660822994,1.0433125257492066,0.08553769215941429,0.0
1156000,979.9263317584991,-188.9888072013855,29.70843898228769,-0.00475385308964178,13.59877634048462,0.800807535648346,0.006612289522308856,-190.91221141070127,39.5837660822994,1.0430625081062317,0.09360169917345047,0.0
1160000,983.1339545249939,-188.86630201339722,30.437347170434847,-0.004864484959398396,21.273762512207032,0.7709309220314026,0.002563938713865355,-190.91221141070127,39.5837660822994,1.039875054359436,0.09903080761432648,0.0
1164000,988.127329826355,-194.95479464530945,32.33623391149461,-0.004256548869307153,21.58680477142334,0.7963281631469726,0.007104512117803097,-195.84136842936277,42.701276969305994,1.035979199409485,0.10149567052721978,0.0
1168000,991.4357814788818,-200.15075588226318,41.46766736428119,0.0008841159695293754,30.320080947875976,0.8230766296386719,0.0035951201978605242,-195.84136842936277,42.701276969305994,1.04645836353302,0.09646752923727035,0.0
1172000,994.6406307220459,-188.8033686876297,37.33247994234743,-0.003321033640531823,41.44394149780273,0.849016809463501,0.001296828908380121,-195.84136842936277,42.701276969305994,1.0544167041778565,0.12127211019396782,0.0
1176000,997.8044793605804,-192.01391911506653,36.696841779311015,-0.0036248022412110003,40.592094039916994,0.8714460611343384,0.003773174714297056,-195.84136842936277,42.701276969305994,1.0476042032241821,0.12827484607696532,0.0
1180000,1000.9996953010559,-192.11478209495544,32.64518353634779,-0.003425295781926252,25.314795875549315,0.8326584756374359,0.0027463041857117786,-195.84136842936277,42.701276969305994,1.035604190826416,0.08687029629945756,0.0
1184000,1004.2274086475372,-188.6276172399521,29.432066913166302,-0.0036332944720925296,33.004375267028806,0.8099487781524658,0.006026976183056832,-195.84136842936277,42.701276969305994,1.0535208344459535,0.14094064384698868,0.0
1188000,1007.4330086708069,-187.19388163089752,31.66560810516545,-0.0027790040301624687,35.154927253723145,0.8164377212524414,0.005527839297428727,-195.84136842936277,42.701276969305994,1.0533750295639037,0.10967799127101899,0.0
1192000,1010.6636433601379,-195.18629717826843,31.551014573473733,-0.006537983179441653,27.952541542053222,0.8112130701541901,0.00399373150212341,-195.84136842936277,42.701276969305994,1.0518541932106018,0.12336292788386345,0.0
1196000,1013.913400888443,-187.67775440216064,28.60946314655469,-0.002128991048084572,21.20697593688965,0.76177978515625,0.00368665624409914,-195.84136842936277,42.701276969305994,1.0588125348091126,0.11483510509133339,0.0
1200000,1017.1890542507172,-193.94547045230865,33.62324636550196,-0.004982901582843624,22.572002029418947,0.7906099379062652,0.003994861640967429,-195.84136842936277,42.701276969305994,1.0516666889190673,0.0985647790133953,0.0
1204000,1022.2366695404053,-186.72674918174744,31.18652936256132,-0.002281461800157558,25.16717414855957,0.7596800267696381,0.00424623581347987,-191.56190144270658,38.4872530300679,1.0571667075157165,0.10123279169201851,0.0
1208000,1025.5112462043762,-193.62254309654236,43.26164589583655,-0.0017653049842920154,31.177352333068846,0.7301762521266937,0.005744181270711124,-191.56190144270658,38.4872530300679,1.0502083778381348,0.10520291775465011,0.0
1212000,1028.7930405139923,-194.32655429840088,36.24963336819778,-0.0037018086302850863,17.984719276428223,0.7242792785167694,0.0028807497845264153,-191.56190144270658,38.4872530300679,1.0561041831970215,0.11923866793513298,0.0
1216000,1032.0418055057526,-192.3634181022644,42.98553220742978,-0.0034876755431469063,30.958605194091795,0.7673968434333801,0.0038298139392281883,-191.56190144270658,38.4872530300679,1.060062539577484,0.10898974761366845,0.0
1220000,1035.3053510189056,-190.98797929286957,44.04861551394666,-0.004599285099538974,20.85856990814209,0.742583042383194,0.004122670873766765,-191.56190144270658,38.4872530300679,1.0683542013168335,0.10378528386354446,0.0
1224000,1038.5226471424103,-195.29152703285217,35.23742062627897,-0.003273213370994199,27.800711250305177,0.7830881536006927,0.004216121102217585,-191.56190144270658,38.4872530300679,1.0613125324249268,0.11322850883007049,0.0
1228000,1041.7610054016113,-194.6415731906891,33.104397486729745,-0.004702075687237084,24.805000495910644,0.7425726354122162,0.005248164030490443,-191.56190144270658,38.4872530300679,1.0559791922569275,0.09246108829975128,0.0
1232000,1044.9761533737183,-196.64297091960907,34.765255294911405,-0.004225948348175734,30.47129669189453,0.7514203667640686,0.005176839348860085,-191.56190144270658,38.4872530300679,1.0703750252723694,0.09714485332369804,0.0
1236000,1048.2149357795715,-194.9872748851776,36.45959902745099,-0.0023836921282963885,24.210322380065918,0.7390783250331878,0.004612658976111561,-191.56190144270658,38.4872530300679,1.0702500343322754,0.10676029026508331,0.0
1240000,1051.4081423282623,-190.91858315467834,29.55170179290491,-0.004962277825688944,25.028520584106445,0.7464523911476135,0.003928803952294402,-191.56190144270658,38.4872530300679,1.0649375200271607,0.09720150753855705,0.0
1244000,1056.543533563614,-198.57610762119293,40.644817578621875,-0.004163309079012833,19.383552742004394,0.7394949674606324,0.006638734100852162,-194.54978206008673,35.55816658101885,1.062041699886322,0.11599204838275909,0.0
1248000,1059.7452669143677,-197.90093088150024,36.43333694060135,-0.004093223850941285,15.355613708496094,0.7333767294883728,0.00642198690911755,-194.54978206008673,35.55816658101885,1.063645875453949,0.10861071348190307,0.0
1252000,1062.962950706482,-197.55948853492737,34.19569644108968,-0.004431314437533728,21.13504981994629,0.720235812664032,0.003751246305182576,-194.54978206008673,35.55816658101885,1.0671041846275329,0.10513786599040031,0.0
1256000,1066.1735317707062,-202.8600344657898,37.26401279519651,-0.004124348945333622,33.40915660858154,0.713598781824112,0.0031364979106001554,-194.54978206008673,35.55816658101885,1.0540625214576722,0.09795430824160575,0.0
1260000,1069.4786913394928,-202.09431624412537,34.02808467633674,-0.0029757854870695157,28.749767684936522,0.703379237651825,0.006039611450978555,-194.54978206008673,35.55816658101885,1.0739583730697633,0.1005440503358841,0.0
1264000,1072.7258501052856,-200.43655252456665,33.83604511167533,-0.005200939733185805,18.684303855895998,0.6936691343784332,0.005122974922414869,-194.54978206008673,35.55816658101885,1.0833750367164612,0.11452249586582183,0.0
1268000,1075.9382946491241,-208.44350922107697,38.45867798337856,-0.004201871718214534,21.175449562072753,0.6643865227699279,0.006510599434841424,-194.54978206008673,35.55816658101885,1.0797916889190673,0.062402937188744546,0.0
1272000,1079.1355381011963,-196.91037940979004,32.886549215073664,-0.002690414477547165,13.323774909973144,0.6976727604866028,0.007024689833633602,-194.54978206008673,35.55816658101885,1.098104190826416,0.08162089735269547,0.0
1276000,1082.3274466991425,-203.57171154022217,28.744109209229023,-0.003030610211135354,16.998055458068848,0.6557826817035675,0.004437619529198855,-194.54978206008673,35.55816658101885,1.1217500209808349,0.08113014623522759,0.0
1280000,1085.536593914032,-200.6286290884018,34.59443787518455,-0.004023016465362161,26.131148719787596,0.6917272686958313,0.006390003557316959,-194.54978206008673,35.55816658101885,1.1386666774749756,0.09650101438164711,0.0
1284000,1090.5716018676758,-197.21713376045227,35.935735096169566,-0.0027272784791421145,20.30534553527832,0.6997345209121704,0.010725861194077878,-199.6389575302601,36.21383779164684,1.1685833573341369,0.10275001674890519,0.0
1288000,1093.8234486579895,-194.54615569114685,34.22274765313912,-0.004282487905584276,15.846584892272949,0.6657385945320129,0.007544947997666895,-199.6389575302601,36.21383779164684,1.1531875252723693,0.07959051951766014,0.0
1292000,1097.1066055297852,-192.58090126514435,35.08472417428285,-0.004455995018361136,23.06982879638672,0.7002621650695801,0.00661470964550972,-199.6389575302601,36.21383779164684,1.172895860671997,0.09475808665156364,0.0
1296000,1100.3300840854645,-194.40266680717468,29.875100556035726,-0.0029622734466101973,19.883540534973143,0.6979902148246765,0.009926918987184763,-199.6389575302601,36.21383779164684,1.1909375309944152,0.10488433092832565,0.0
1300000,1103.556519985199,-200.32686281204224,35.51559901444194,-0.004682775674154982,15.293819522857666,0.6891822695732117,0.006973434286192059,-199.6389575302601,36.21383779164684,1.1874375224113465,0.10119087919592858,0.0
1304000,1106.7887399196625,-189.90222573280334,25.48737649358736,-0.0029607316886540503,22.035595703125,0.6937937557697296,0.008032167796045542,-199.6389575302601,36.21383779164684,1.200416672229767,0.09064605087041855,0.0
1308000,1110.114105463028,-193.08996534347534,34.457146120335956,-0.0029457469354383647,25.175384521484375,0.735005110502243,0.008161278069019317,-199.6389575302601,36.21383779164684,1.2430625319480897,0.09019202664494515,5.625009536743164e-05
1312000,1113.325641155243,-198.11993610858917,38.479970903870345,-0.00311012787205982,24.252027702331542,0.6937951982021332,0.006442572991363704,-199.6389575302601,36.21383779164684,1.2518958568572998,0.10621151328086853,0.0014020919799804684
1316000,1116.5379610061646,-192.8700749874115,38.344343741734775,-0.0038382855942472815,30.730073738098145,0.7062575697898865,0.008787103858776391,-199.6389575302601,36.21383779164684,1.2230417013168335,0.10395305082201958,0.0
1320000,1119.751585483551,-201.2292857170105,34.588396006778865,-0.002168708748649806,18.322460556030272,0.6848314940929413,0.0045902223500888795,-199.6389575302601,36.21383779164684,1.2881458401679993,0.10177719816565514,0.003814584016799927
1324000,1124.755422115326,-192.56697177886963,29.70595019301273,-0.004131557268556208,22.365850257873536,0.6812262237071991,0.003292799589689821,-193.99991124868393,39.43595546877399,1.2104583621025085,0.09461669698357582,0.002393764257431027
1328000,1127.94553399086,-192.20800685882568,35.08429598585663,-0.0037435027268656997,26.55007381439209,0.669936579465866,0.00544065807480365,-193.99991124868393,39.43595546877399,1.162708342075348,0.07334364354610443,0.0
1332000,1131.1285982131958,-200.6220806837082,47.06951769828737,-0.004022470753989182,20.073181343078613,0.6537756741046905,0.006997543724719435,-193.99991124868393,39.43595546877399,1.1656041979789733,0.08271220028400421,0.0
1336000,1134.3975403308868,-189.57473599910736,30.054696568232895,-0.006537897291855188,19.79317436218262,0.6918422043323517,0.005376147269271314,-193.99991124868393,39.43595546877399,1.1461041927337647,0.0632151909172535,0.0
1340000,1137.6085722446442,-195.42398762702942,34.93992793686171,-0.005840447646914981,16.264236545562746,0.6715757250785828,0.005766383768059313,-193.99991124868393,39.43595546877399,1.1769583702087403,0.05671536028385162,0.0
1344000,1140.8064396381378,-203.62967157363892,37.44618658420925,-0.004098000361045706,28.196770477294923,0.6921634495258331,0.004217994178179652,-193.99991124868393,39.43595546877399,1.1614791989326476,0.05154025591909885,0.0
1348000,1144.0349695682526,-199.49716973304749,35.43987697188991,-0.0016409388732427032,29.480259895324707,0.7397144854068756,0.00969370580278337,-193.99991124868393,39.43595546877399,1.1689791798591613,0.07129582166671752,0.0
1352000,1147.3051970005035,-194.13147103786469,31.30326031003947,-0.001487033674493432,28.461804389953613,0.7454941511154175,0.0028791159711545333,-193.99991124868393,39.43595546877399,1.176145851612091,0.06473030373454094,0.0
1356000,1150.5001680850983,-193.42645835876465,28.254242191538697,-0.005404911917867139,21.467200469970702,0.7002823829650879,0.007245916430838406,-193.99991124868393,39.43595546877399,1.1681875348091126,0.06028639003634453,0.0
1360000,1153.7158286571503,-205.59217739105225,37.7531837634763,-0.004478909631143324,28.533011627197265,0.7374384641647339,0.003778676758520305,-193.99991124868393,39.43595546877399,1.1765000343322753,0.06286498457193375,0.0
1364000,1158.7222247123718,-200.5656646490097,32.20835939463644,-0.004854092368623242,18.028819465637206,0.6581336975097656,0.0052372734877280894,-202.7916307747364,42.671976938572776,1.1853333592414856,0.06345646604895591,0.0
1368000,1161.9179875850677,-203.15064787864685,29.091761110770673,-0.00456462869187817,24.55285987854004,0.6742195963859559,0.004531828290782869,-202.7916307747364,42.671976938572776,1.178854191303253,0.06837431192398072,0.0
1372000,1165.114594221115,-197.7472528219223,44.45956540067897,-0.004760683252425224,18.41877326965332,0.6985470950603485,0.005805343377869576,-202.7916307747364,42.671976938572776,1.1770000219345094,0.053452563285827634,0.0
1376000,1168.3324117660522,-209.54503536224365,39.8635537525064,-0.004320078973250929,24.752670097351075,0.6746454179286957,0.009925528429448605,-202.7916307747364,42.671976938572776,1.1829375267028808,0.06669686287641526,0.0
1380000,1171.5668139457703,-198.72455048561096,32.94157197193038,-0.004576071180053987,15.615052604675293,0.680076676607132,0.005194908287376165,-202.7916307747364,42.671976938572776,1.1758750200271606,0.050252019241452214,0.0
1384000,1174.860589981079,-192.04999029636383,38.77751625541143,-0.0044369713927153494,22.256629753112794,0.7471777498722076,0.0064557443954981865,-202.7916307747364,42.671976938572776,1.2024791955947876,0.05442293062806129,0.0
1388000,1178.093804359436,-201.25216698646545,37.09215338763587,-0.004607171134557575,22.83868999481201,0.7827469944953919,0.007552997441962361,-202.7916307747364,42.671976938572776,1.194895851612091,0.07747879400849342,0.0
1392000,1181.2561886310577,-198.8966507911682,39.25748310578269,-0.005649290914880112,25.629279708862306,0.7717588484287262,0.008305335836485028,-202.7916307747364,42.671976938572776,1.2131042003631591,0.0718255378305912,0.0
1396000,1184.5216777324677,-199.89405131340027,37.276898698025114,-0.003484254611976212,27.008139419555665,0.7018486499786377,0.005901625740807504,-202.7916307747364,42.671976938572776,1.2082291960716247,0.06340219676494599,0.0
1400000,1187.7865371704102,-195.98433017730713,32.240956258744625,-0.004258757355273701,26.26164093017578,0.6994629502296448,0.007536676491145045,-202.7916307747364,42.671976938572776,1.235437548160553,0.06646117940545082,0.0
1404000,1192.7276723384857,-193.8789577484131,40.04679453695899,-0.0044393037853296844,23.378524398803712,0.6848825097084046,0.006249457725789398,-198.89119209349155,50.586264474310724,1.249541687965393,0.0669788546860218,0.0
1408000,1195.9322392940521,-199.58303594589233,33.45475041405029,-0.005300620655907551,18.72170934677124,0.6722210109233856,0.005233817803673446,-198.89119209349155,50.586264474310724,1.262375044822693,0.07076135873794556,0.006668763160705566
1412000,1199.1351597309113,-191.96423244476318,33.7187290369393,-0.0055202252289745955,26.204384422302248,0.6868675291538239,0.00714494006242603,-198.89119209349155,50.586264474310724,1.2428750157356263,0.05573277175426483,0.0
1416000,1202.3410334587097,-191.73430788516998,36.10629435895474,-0.005427942358073779,23.14881248474121,0.6751904904842376,0.008111102401744574,-198.89119209349155,50.586264474310724,1.2172917127609253,0.06172255054116249,0.0
1420000,1205.5134046077728,-194.65365076065063,38.12716450862576,-0.005280675578978844,24.037579154968263,0.694167560338974,0.0071539957076311115,-198.89119209349155,50.586264474310724,1.2129375338554382,0.062168624997138974,0.0
1424000,1208.7359337806702,-199.63790893554688,32.798260844031496,-0.0036671601701527834,22.7709810256958,0.6664734005928039,0.006162256584502757,-198.89119209349155,50.586264474310724,1.2309791803359986,0.06481457352638245,0.0
1428000,1212.0007557868958,-198.4856960773468,31.15194940765114,-0.004186702168226475,23.031246376037597,0.6355856597423554,0.005862560728564859,-198.89119209349155,50.586264474310724,1.2879583716392518,0.058507103472948074,0.003795837163925171
1432000,1215.2151093482971,-195.59818482398987,34.05237115383393,-0.003609213960589841,24.445170211791993,0.6652317464351654,0.004097658052342012,-198.89119209349155,50.586264474310724,1.246291708946228,0.053987031057477,0.0007312679290771483
1436000,1218.3900065422058,-201.56098103523254,33.627139394927845,-0.0020978949425625613,27.46512565612793,0.6960188210010528,0.007062011747621,-198.89119209349155,50.586264474310724,1.2378542065620421,0.05749456211924553,0.0
1440000,1221.6751227378845,-209.17456197738647,38.92671225231202,-0.005110337195219472,27.30475482940674,0.6858705878257751,0.006818767078220845,-198.89119209349155,50.586264474310724,1.2770833611488341,0.0593665137887001,0.005427094697952269
1444000,1226.8828377723694,-202.9910410642624,37.42760869407426,-0.006034358649048954,22.98361873626709,0.6521004974842072,0.009380616585258395,-209.4753249436617,58.39416439351538,1.2069166779518128,0.048294672742486,0.0
1448000,1230.10311293602,-194.7714822292328,33.56845072527459,-0.004404920959495939,23.86564235687256,0.6471034109592437,0.007853381137829274,-209.4753249436617,58.39416439351538,1.2434791922569275,0.05195526853203773,0.0
1452000,1233.3332734107971,-209.48589086532593,35.20753019281266,-0.0037114411010406912,24.903676986694336,0.6113284587860107,0.007345511135645211,-209.4753249436617,58.39416439351538,1.2344166874885558,0.04833594486117363,0.0
1456000,1236.5976254940033,-187.51875853538513,33.40308793088572,-0.002911407683859579,25.62409496307373,0.6458034515380859,0.0042646671237889676,-209.4753249436617,58.39416439351538,1.2576666951179505,0.05881366208195686,0.0022458446025848395
1460000,1239.813588142395,-191.64600384235382,40.40244294521168,-0.0034678753741900436,19.46991424560547,0.6186167597770691,0.005292819277383387,-209.4753249436617,58.39416439351538,1.2586458563804626,0.055438877642154695,0.0014000058174133303
1464000,1243.0381093025208,-202.70767664909363,35.30298726652924,-0.0038371956732589753,20.95076274871826,0.6002383351325988,0.005218687339220196,-209.4753249436617,58.39416439351538,1.226062536239624,0.053521988540887834,0.013841692209243773
1468000,1246.231215953827,-201.76928973197937,40.07668648476792,-0.0013288423520862124,22.94228458404541,0.5512326896190644,0.011173238139599561,-209.4753249436617,58.39416439351538,1.1935000538825988,0.06441507413983345,0.0
1472000,1249.3887875080109,-197.5180343389511,37.83541318101932,-0.0025633404467953367,33.925273704528806,0.5930232763290405,0.006939570233225822,-209.4753249436617,58.39416439351538,1.199958336353302,0.06635635271668434,0.0
1476000,1252.561995267868,-204.14578676223755,35.89841555465599,-0.002125092109099569,22.008177185058592,0.5463062763214112,0.010463715251535177,-209.4753249436617,58.39416439351538,1.1980417013168334,0.050852487236261366,0.0
1480000,1255.7945530414581,-192.84447419643402,34.48027647990679,-0.0022797055484261365,23.235974311828613,0.5269427418708801,0.005698957180720754,-209.4753249436617,58.39416439351538,1.1859583735466004,0.05539732277393341,0.0
1484000,1260.7852668762207,-198.0622547864914,33.670730118186185,-0.0024634638510178776,17.939207553863525,0.5107154905796051,0.005884659034200013,-214.3058847784996,43.9578294288467,1.2319583654403687,0.06021708175539971,0.0
1488000,1264.1081120967865,-193.36328530311584,31.644668409751873,-0.004396595740035991,16.826999568939208,0.49860751926898955,0.006804558262228966,-214.3058847784996,43.9578294288467,1.2048958659172058,0.058474605157971385,0.0
1492000,1267.3908350467682,-197.84809350967407,34.40763599077408,-0.0006046210950444219,30.484416580200197,0.5148906946182251,0.004555176803842187,-214.3058847784996,43.9578294288467,1.2218125343322754,0.043991228193044664,0.0
1496000,1270.6174263954163,-206.16953444480896,36.16828033178824,-0.003188885241434036,21.662567710876466,0.48267221748828887,0.004071470187045634,-214.3058847784996,43.9578294288467,1.2586042046546937,0.06410944536328315,0.0008604204654693604
1500000,1273.882172346115,-193.8430881500244,41.027474886139316,-0.0029619588422065135,23.819267082214356,0.47382607161998747,0.0049504461174365135,-214.3058847784996,43.9578294288467,1.2102708697319031,0.03335634544491768,0.0
1504000,1277.1785128116608,-196.15957260131836,30.22730550504717,-0.004599005245836452,21.593988609313964,0.5531514763832093,0.0070848141680471596,-214.3058847784996,43.9578294288467,1.2382917046546935,0.050021141022443774,0.001472922563552857
1508000,1280.405835866928,-200.15516424179077,42.40170015622514,-0.0020296645350754263,30.429302978515626,0.4779954940080643,0.0036767025594599545,-214.3058847784996,43.9578294288467,1.222687554359436,0.048200056329369544,0.0
1512000,1283.6115713119507,-202.6157763004303,37.37556917351462,-0.002690941447508521,26.043923759460448,0.5374306261539459,0.003091735381167382,-214.3058847784996,43.9578294288467,1.2276458740234375,0.06127831637859345,0.0
1516000,1286.8086476325989,-206.97463810443878,40.08755460122341,-0.004779690498253331,24.66761245727539,0.5073347091674805,0.003233595623169094,-214.3058847784996,43.9578294288467,1.2201458811759949,0.04172563403844833,0.0
1520000,1290.0525181293488,-198.79286646842957,39.32756614657864,-0.004028788892901503,26.781419563293458,0.48393704295158385,0.0037624226592015476,-214.3058847784996,43.9578294288467,1.2686042070388794,0.05927622728049755,0.007729182243347169
1524000,1294.8810226917267,-191.55956876277924,40.88750119408589,-0.0017189342916026362,29.102504158020018,0.47364090085029603,0.005385067337192595,-209.4321399629116,63.58190022241135,1.209083366394043,0.06472798213362693,0.0
1528000,1297.8996188640594,-189.84452664852142,36.762630553842314,-0.003464364752289839,20.832836723327638,0.4871339529752731,0.009957817569375037,-209.4321399629116,63.58190022241135,1.2436041831970215,0.07525994926691056,0.0003333389759063719
1532000,1301.011871099472,-202.80581760406494,44.278192720302556,-0.004776244820823195,30.125864028930664,0.5502806186676026,0.004053703555837273,-209.4321399629116,63.58190022241135,1.2181875228881835,0.053695892170071605,0.0
1536000,1304.000125169754,-196.9131863117218,40.64492267388454,-0.0037733339522674214,30.0684232711792,0.5619599640369415,0.008091465500183404,-209.4321399629116,63.58190022241135,1.2553958535194396,0.05561876557767391,0.004793758392333984
1540000,1307.002909898758,-196.35439133644104,40.4069767313475,-0.002297625472419895,29.902642822265626,0.5460383176803589,0.004255276592448354,-209.4321399629116,63.58190022241135,1.2429583549499512,0.061806149780750275,0.0032062721252441397
1544000,1310.0077788829803,-204.5913736820221,42.24821882789228,-0.003456637244016747,35.457148742675784,0.4721281737089157,0.005444421750144102,-209.4321399629116,63.58190022241135,1.2433125257492066,0.055410930141806605,0.0
1548000,1312.992481470108,-208.1143147945404,40.22747773842086,-0.0037107721410393423,27.03225326538086,0.5601245999336243,0.0020509393798420206,-209.4321399629116,63.58190022241135,1.219937527179718,0.03828484863042832,0.0
1552000,1316.2484385967255,-206.803813457489,41.82717711297051,-0.0036600191622710556,35.207367515563966,0.5435147166252137,0.006698661763221025,-209.4321399629116,63.58190022241135,1.2447916984558105,0.05840353444218636,0.0
1556000,1319.5298233032227,-204.90232825279236,40.01493646497855,-0.0036585550056770443,22.57273426055908,0.5000530868768692,0.00831589726731181,-209.4321399629116,63.58190022241135,1.26306254863739,0.065481186658144,0.0013062548637390139
1560000,1322.7253346443176,-202.19132947921753,39.252096405834344,-0.004340638704888988,24.286385154724123,0.5014963448047638,0.006760501465760171,-209.4321399629116,63.58190022241135,1.2260625243186951,0.04412323758006096,0.0
1564000,1327.6907093524933,-204.03798294067383,46.4244398525982,-0.004842458013445139,22.550200271606446,0.5079700708389282,0.0064253824763000015,-208.87520976364613,44.25963817269095,1.2070000052452088,0.04864586368203163,0.0
1568000,1330.8761456012726,-198.43191492557526,38.5171012621424,-0.0031162372230028267,21.806002044677733,0.547334361076355,0.006694156280718744,-208.87520976364613,44.25963817269095,1.2004166960716247,0.04958048388361931,0.0
1572000,1334.0962817668915,-193.08179640769958,43.965828761046474,-0.004522992111742496,26.479238319396973,0.5582164406776429,0.0062958755996078255,-208.87520976364613,44.25963817269095,1.2387500166893006,0.06664646789431572,0.0
1576000,1337.274554014206,-204.86000442504883,36.70398127598886,-0.0027589948935201392,28.537599182128908,0.4982182800769806,0.010463287634775043,-208.87520976364613,44.25963817269095,1.2241041898727416,0.04161243215203285,0.0
1580000,1340.5726211071014,-203.09153735637665,37.6579029585644,-0.004126273354631849,33.95918731689453,0.5440406501293182,0.00692426988389343,-208.87520976364613,44.25963817269095,1.25114586353302,0.04790097065269947,0.00015625238418579096
1584000,1343.7643947601318,-193.5612211227417,32.35410918705637,-0.0041423590417252855,29.1616060256958,0.6044631540775299,0.008527878252789379,-208.87520976364613,44.25963817269095,1.2649791955947876,0.057459994405508044,0.0014979195594787597
1588000,1346.9326856136322,-194.0014340877533,33.448770583968724,-0.0023175739363068713,35.194081687927245,0.5452521502971649,0.005878161522559822,-208.87520976364613,44.25963817269095,1.2583750367164612,0.05488588437438011,0.0008375036716461181
1592000,1350.1140694618225,-205.4599630832672,60.95985169846535,-0.004190886579453945,25.416498565673827,0.574390423297882,0.006349377299193293,-208.87520976364613,44.25963817269095,1.2423125386238099,0.05643695518374443,0.0
1596000,1353.1707344055176,-203.4583342075348,41.50569117408276,-0.006210599791666027,22.876082992553712,0.5531916201114655,0.006040658673737198,-208.87520976364613,44.25963817269095,1.1881250500679017,0.04786979295313358,0.0
1600000,1356.1429708003998,-196.40703201293945,35.32328939794161,-0.004266502844984643,24.393312072753908,0.5777051210403442,0.010703643411397934,-208.87520976364613,44.25963817269095,1.246958351135254,0.0766210213303566,2.5000572204589844e-05
1604000,1361.0734684467316,-200.40207767486572,41.46233074415772,-0.003220199988572858,32.88584537506104,0.5983477771282196,0.005446878401562572,-202.84616344422102,37.725137296795694,1.2321666836738587,0.049354209750890735,0.0
1608000,1364.255197763443,-201.62460839748383,37.404114456787056,-0.006083771484554745,21.025466537475587,0.625044709444046,0.00653829185757786,-202.84616344422102,37.725137296795694,1.223437535762787,0.0423891481012106,0.00039376139640808085
1612000,1367.5805728435516,-185.00318586826324,34.303497661903556,-0.003370977129088715,26.840739059448243,0.5763600945472718,0.006693169753998518,-202.84616344422102,37.725137296795694,1.2530208826065063,0.05607665106654167,0.00030208826065063475
1616000,1370.775671005249,-198.76221656799316,31.963489776071498,0.002047453128034249,34.42519187927246,0.5902767360210419,0.007094157254323363,-202.84616344422102,37.725137296795694,1.260437536239624,0.04026552103459835,0.00493543028831482
1620000,1373.9906718730927,-199.6610028743744,35.91318056214222,-0.004617217616305425,24.811788749694824,0.6064897894859314,0.004618805157952011,-202.84616344422102,37.725137296795694,1.2516250371932984,0.051515194773674014,0.00016250371932983396
1624000,1377.2149255275726,-196.49267494678497,41.89593725942675,-0.004059977742144838,29.954372596740722,0.5684369564056396,0.0066543332999572154,-202.84616344422102,37.725137296795694,1.2415000200271606,0.04764874652028084,0.0007500100135803219
1628000,1380.4614145755768,-206.28793692588806,38.06095460032846,-0.0037562133264145816,38.83309440612793,0.6414246201515198,0.006477713101776317,-202.84616344422102,37.725137296795694,1.2209583520889282,0.04555812440812588,0.0
1632000,1383.6530435085297,-197.63164639472961,38.903867930977505,-0.004399481836298946,24.541291809082033,0.5935482382774353,0.008696523727849126,-202.84616344422102,37.725137296795694,1.2292500376701354,0.04378822967410088,0.0
1636000,1386.8520829677582,-191.7741436958313,34.496319274203564,-0.004385606807591103,21.57202854156494,0.6244768261909485,0.007786638441029936,-202.84616344422102,37.725137296795694,1.2257708668708802,0.04625032693147659,0.0
1640000,1390.061828136444,-197.4999270439148,41.638109855789565,-0.005452111776685342,34.39620018005371,0.6093696773052215,0.004433676158078015,-202.84616344422102,37.725137296795694,1.2794166922569274,0.05187068283557892,0.002941669225692749
1644000,1395.0147006511688,-201.50731086730957,35.22662077156503,-0.003990349330706522,31.732262420654298,0.593840628862381,0.006068871426396072,-207.448066085577,40.24070596514917,1.2428125262260437,0.05642696209251881,2.291679382324219e-05
1648000,1398.2286267280579,-199.70413315296173,38.10380783329001,-0.0030826666712528094,28.21392364501953,0.535329669713974,0.004334446566645056,-207.448066085577,40.24070596514917,1.2190417051315308,0.05602607764303684,0.0
1652000,1401.4201254844666,-195.2948740720749,38.93468743030678,-0.004307676700409502,24.270069885253907,0.5513999938964844,0.005931882478762418,-207.448066085577,40.24070596514917,1.2404791951179504,0.05070800147950649,0.00022083759307861341
1656000,1404.6504089832306,-205.21535873413086,37.53224417376936,-0.0012024350195133592,41.670697402954104,0.5406946778297425,0.0025042662527994253,-207.448066085577,40.24070596514917,1.2371875405311585,0.05695585198700428,0.0
1660000,1407.910131931305,-195.5602549314499,34.04859247530114,-0.0049523064604727555,23.816254234313966,0.5579015791416169,0.004622880561510101,-207.448066085577,40.24070596514917,1.2813750147819518,0.04289909079670906,0.00431042194366455
1664000,1411.1461155414581,-202.18330931663513,35.75956217060934,-0.004098263923333434,21.3267240524292,0.5907797694206238,0.00567646516719833,-207.448066085577,40.24070596514917,1.2230417013168335,0.06072538867592812,0.0
1668000,1414.344559431076,-187.89390230178833,38.14522296638356,-0.0034935572679387406,22.728226470947266,0.5592665910720825,0.0040380310267210005,-207.448066085577,40.24070596514917,1.234083366394043,0.054876986891031265,0.0
1672000,1417.6199917793274,-207.24047255516052,38.578478458280244,-0.0033829353974397236,35.257982635498045,0.5796017944812775,0.007216163165867329,-207.448066085577,40.24070596514917,1.2152708292007446,0.05943028330802917,0.0
1676000,1420.8870823383331,-202.71943879127502,34.38209123799364,-1.8740180530585347e-05,31.131656837463378,0.6153482794761658,0.005920131597667933,-207.448066085577,40.24070596514917,1.2616458535194397,0.05658249855041504,0.0011645853519439697
1680000,1424.0857572555542,-193.3421528339386,32.68860186853135,-0.0031032408791361378,27.867198371887206,0.5928989529609681,0.00557730330619961,-207.448066085577,40.24070596514917,1.2345417022705079,0.05712258443236351,0.0
1684000,1428.867312669754,-201.09504628181458,37.43433396713627,-0.00475722963019507,23.75334587097168,0.5907513976097107,0.005869977560359984,-207.463846758008,47.801705966890765,1.2245208621025085,0.05068613849580288,0.0
1688000,1432.0160779953003,-203.03291535377502,43.923027249904756,-0.003804958156251814,40.296380615234376,0.5881890535354615,0.006867730803787708,-207.463846758008,47.801705966890765,1.2649167060852051,0.05491848848760128,0.001675006151199341
1692000,1435.2173693180084,-198.91991198062897,41.229779612736394,-0.004701522729010321,38.451838684082034,0.611137467622757,0.0053078550146892665,-207.463846758008,47.801705966890765,1.2324167013168335,0.04396714083850384,0.0
1696000,1438.4206314086914,-191.9932723045349,37.200007354565294,-0.0019746383710298686,26.46021251678467,0.6229131937026977,0.005635284865275025,-207.463846758008,47.801705966890765,1.2270000219345092,0.06052888669073582,0.0
1700000,1441.6420228481293,-192.06093907356262,33.07434596036556,-0.004196533485082909,23.199484062194824,0.6805329322814941,0.004810173565056175,-207.463846758008,47.801705966890765,1.2151667118072509,0.04115766882896423,0.0
1704000,1444.8897604942322,-199.637051820755,45.10779819767512,-0.004944829228043091,34.392387008666994,0.6674673795700073,0.0063842544099316,-207.463846758008,47.801705966890765,1.2164166927337647,0.057975229993462565,0.0
1708000,1448.1552426815033,-204.69823694229126,39.8375684358262,-0.0015095716662472114,38.10047988891601,0.6197091341018677,0.003958298917859792,-207.463846758008,47.801705966890765,1.2752708792686462,0.06212848611176014,0.002527087926864624
1712000,1451.337652206421,-196.3135859966278,36.99633968578586,-0.0047439948296414515,25.951344108581544,0.6550338268280029,0.003995623061200604,-207.463846758008,47.801705966890765,1.2107083439826964,0.04984316863119602,0.0
1716000,1454.6046085357666,-211.36090123653412,46.75939252930972,-0.003673422650899738,27.60108470916748,0.6574483215808868,0.005714779885602183,-207.463846758008,47.801705966890765,1.2023958683013916,0.04188662990927696,0.0
1720000,1457.8486557006836,-200.90287828445435,38.99658382611203,-0.003836609256541124,30.8274787902832,0.6243791460990906,0.006918864924227819,-207.463846758008,47.801705966890765,1.2458750367164613,0.05773312076926231,2.0834207534790044e-05
1724000,1462.7903940677643,-194.66187524795532,36.04535449146806,-0.003938462893711403,33.58947238922119,0.6445699453353881,0.006634142342954874,-211.3707139492035,58.258554526604556,1.2341875195503236,0.06170413717627525,0.0
1728000,1465.9778244495392,-201.07365143299103,41.44089332490251,-0.004624255769522278,31.867307472229005,0.6008789002895355,0.007413414865732193,-211.3707139492035,58.258554526604556,1.257979190349579,0.04953727051615715,0.0007979190349578857
1732000,1469.188625574112,-205.27319395542145,40.247650003325305,-0.0037965987517964094,32.969275283813474,0.6384442746639252,0.005017228797078133,-211.3707139492035,58.258554526604556,1.2680208683013916,0.05263884961605072,0.009687519073486328
1736000,1472.3736777305603,-194.53362929821014,34.07268521748881,-0.004529340355657041,30.49567356109619,0.6577908515930175,0.004144743666984141,-211.3707139492035,58.258554526604556,1.209041690826416,0.03434414751827717,0.0
1740000,1475.5939497947693,-203.9440131187439,36.96303392784823,-0.0032765799638582393,35.57853107452392,0.6006359398365021,0.004570731398416683,-211.3707139492035,58.258554526604556,1.2298750400543212,0.04777038954198361,0.0
1744000,1478.7876000404358,-200.10488307476044,42.11812772602849,-0.0050004355409328126,29.77779312133789,0.6276464402675629,0.00489934510551393,-211.3707139492035,58.258554526604556,1.234166669845581,0.04009829834103584,0.0
1748000,1481.9658148288727,-196.80604791641235,34.83123846003798,-0.0038010842679796044,30.06152477264404,0.5998112857341766,0.0037154085992369803,-211.3707139492035,58.258554526604556,1.2317708611488343,0.06007643975317478,0.0
1752000,1485.1896078586578,-197.36381709575653,40.88221404595027,-0.005907512828707695,28.670046043395995,0.5785559356212616,0.011490045790560543,-211.3707139492035,58.258554526604556,1.2131666779518127,0.0610375065356493,0.0
1756000,1488.4648170471191,-198.67288863658905,46.03302514865859,-0.0061029823700664565,35.35394859313965,0.5902459740638732,0.009395498712547124,-211.3707139492035,58.258554526604556,1.1965625286102295,0.04862462393939495,0.0
1760000,1491.668583393097,-196.0549192428589,38.13037456938075,-0.0028982793854083868,29.75063076019287,0.5579656898975373,0.0048685729154385625,-211.3707139492035,58.258554526604556,1.1854166984558105,0.0487938329577446,0.0
1764000,1496.6855611801147,-198.5877389907837,40.24119154739167,-0.004028243443417523,33.95364971160889,0.5660205125808716,0.0058421774068847295,-204.74529433250427,57.411299488593436,1.235645866394043,0.04548622854053974,0.0
1768000,1499.8907809257507,-192.85267090797424,36.38427001708041,-0.004773279325308977,32.413757705688475,0.635793125629425,0.008887817384675145,-204.74529433250427,57.411299488593436,1.2320625185966492,0.05455712117254734,0.0
1772000,1503.0893692970276,-194.56155681610107,35.749656262263294,-0.005120928835822269,30.863530731201173,0.6021433591842651,0.004525669937720522,-204.74529433250427,57.411299488593436,1.2440625429153442,0.043233373016119,0.0
1776000,1506.2987082004547,-201.71122932434082,39.551924569908486,-0.004437087863334454,32.763780784606936,0.5631992101669312,0.0042614589969161894,-204.74529433250427,57.411299488593436,1.2273958563804626,0.04250573366880417,0.0
1780000,1509.5271167755127,-202.53646421432495,37.433620542004995,-0.006000886641413672,28.289129066467286,0.6015436947345734,0.0050749010988511145,-204.74529433250427,57.411299488593436,1.1973125457763671,0.038460689783096316,0.0
1784000,1512.7284183502197,-195.1086004972458,36.38068465325122,-0.004024170287812013,27.285335540771484,0.501537412405014,0.0038756979163736107,-204.74529433250427,57.411299488593436,1.2038958549499512,0.04122781939804554,0.0
1788000,1515.9162266254425,-194.71357369422913,41.81295206358528,-0.003977906064528724,37.94980239868164,0.48683851957321167,0.006683746550697834,-204.74529433250427,57.411299488593436,1.2635208725929261,0.047058013081550595,0.0013520872592926024
1792000,1519.118335723877,-203.36631727218628,45.1072868421735,-0.003950077324770973,28.519526100158693,0.6051611840724945,0.00674111966509372,-204.74529433250427,57.411299488593436,1.2323750376701355,0.03353082872927189,0.0
1796000,1522.2978909015656,-198.4723880290985,43.63991016778185,-0.005861108447425068,35.495319557189944,0.5664716422557831,0.00686097537400201,-204.74529433250427,57.411299488593436,1.2528542041778565,0.038016817346215245,0.0005041754245758057
1800000,1525.4696855545044,-194.84544491767883,33.64546660081243,-0.005592270505439955,32.786782836914064,0.6171747505664825,0.008602091553620994,-204.74529433250427,57.411299488593436,1.2201666831970215,0.03368299454450607,0.0
1804000,1530.2431740760803,-195.36386096477509,36.61642539683643,-0.005170459106011549,23.723134803771973,0.5461880624294281,0.0044687946268822994,-202.38874970376492,41.608400912331334,1.280916702747345,0.039116402715444566,0.005835427045822144
1808000,1533.3635530471802,-193.70859265327454,34.91465823900318,-0.0033160513048642315,34.09432144165039,0.540388000011444,0.007383981562452391,-202.38874970376492,41.608400912331334,1.225979208946228,0.043520960584282876,0.004181281328201294
1812000,1536.6720969676971,-192.09525287151337,36.01399864910666,-0.004326983483042568,17.69420509338379,0.5818033635616302,0.0074333858327008786,-202.38874970376492,41.608400912331334,1.2162708640098572,0.05919629968702793,0.0
1816000,1539.895069360733,-201.2799152135849,37.50762616102769,-0.00469645097036846,36.3929946899414,0.6213983058929443,0.007134640123695135,-202.38874970376492,41.608400912331334,1.2188125133514405,0.04905654303729534,0.0
1820000,1543.1359794139862,-190.0440001487732,37.31571621525727,-0.005719214372220449,22.07475337982178,0.6059736430644989,0.002617884421852068,-202.38874970376492,41.608400912331334,1.2282291889190673,0.062320052087306975,0.0
1824000,1546.311103105545,-195.08733224868774,35.10268868475618,-0.00308162335131783,31.418152618408204,0.5267578482627868,0.0018741192980087362,-202.38874970376492,41.608400912331334,1.2510000467300415,0.04162841886281967,0.00010000467300415039
1828000,1549.5131986141205,-201.2071454524994,42.41047472097968,-0.004488452467194292,37.32766189575195,0.5130567401647568,0.006904442200902849,-202.38874970376492,41.608400912331334,1.252916693687439,0.037043193355202675,0.00029166936874389646
1832000,1552.7030901908875,-195.58167052268982,38.211460247289395,-0.0030165915937686804,32.38480129241943,0.5888277947902679,0.01201999788172543,-202.38874970376492,41.608400912331334,1.2696041822433473,0.05905402153730392,0.005600008964538574
1836000,1555.8959743976593,-197.70041060447693,40.41796948334907,-0.00496253059245646,28.64644603729248,0.5796599149703979,0.005089167156256735,-202.38874970376492,41.608400912331334,1.2527917146682739,0.038025523722171786,0.0009375250339508052
1840000,1559.1132395267487,-200.33349335193634,39.701633387499925,-0.002925086944742361,35.678256797790525,0.5986170530319214,0.007729022530838847,-202.38874970376492,41.608400912331334,1.2311458587646484,0.044627965241670606,0.0
1844000,1564.095609664917,-198.29693937301636,35.08403292075112,-0.003980444248009007,34.03679256439209,0.5527330935001373,0.004276508139446378,-192.83210446685553,35.53973579946991,1.2591458678245544,0.057813812792301175,0.0009145867824554445
1848000,1567.313668012619,-197.26307368278503,40.39461533729158,-0.0037017981900135054,35.76633987426758,0.5874216496944428,0.004828374832868576,-192.83210446685553,35.53973579946991,1.269937527179718,0.05373787842690945,0.001993752717971802
1852000,1570.5613391399384,-206.41077411174774,42.788487097523266,-0.003675740180187859,35.91761817932129,0.5625926434993744,0.004836074472405016,-192.83210446685553,35.53973579946991,1.2316250205039978,0.047645135596394536,0.0
1856000,1573.6990921497345,-195.20338428020477,33.38200128768063,-0.0036988757739891296,30.346513748168945,0.5706768155097961,0.004001504808547907,-192.83210446685553,35.53973579946991,1.289875042438507,0.048339197784662245,0.010847934484481812
1860000,1576.746388912201,-184.78385984897614,36.340554613184665,-0.0017875862080472872,37.61786422729492,0.5712667763233185,0.003957780438940972,-192.83210446685553,35.53973579946991,1.1727708458900452,0.047707052901387215,0.0
1864000,1579.7073945999146,-183.61295104026794,30.593129763475716,-0.0031163228428340516,33.44141178131103,0.5087146282196044,0.006146121025085449,-192.83210446685553,35.53973579946991,1.123062539100647,0.04508655145764351,0.0
1868000,1582.7419257164001,-188.07134997844696,30.40704686420949,-0.00430985031889577,31.260852241516112,0.5793994128704071,0.006135310453828424,-192.83210446685553,35.53973579946991,1.1508958458900451,0.05184321217238903,0.0
1872000,1585.9574136734009,-185.92458498477936,35.628576278089504,-0.0032200163965171668,34.23880786895752,0.4909348666667938,0.00404719429789111,-192.83210446685553,35.53973579946991,1.1318750262260437,0.050097450241446496,0.0
1876000,1589.1320128440857,-189.39679372310638,42.57386870537741,-0.0025593574362574147,37.222381591796875,0.49082615971565247,0.00445417650626041,-192.83210446685553,35.53973579946991,1.1246875286102296,0.061993257328867915,0.0
1880000,1592.3305072784424,-189.17390859127045,34.87236018654913,-0.0031662266730563713,35.98012409210205,0.5667564034461975,0.0036531362449750302,-192.83210446685553,35.53973579946991,1.110854196548462,0.051233237236738206,0.0
1884000,1597.370328426361,-189.6415605545044,35.25060289747082,-0.003730100880784448,38.86494331359863,0.5779314577579499,0.006539563974365592,-194.38975467532873,34.56403485109853,1.1370208501815795,0.06049144379794598,0.0
1888000,1600.6037662029266,-193.66720151901245,45.42914992923152,-0.004424621816724539,43.68814201354981,0.5345945298671723,0.00477735812892206,-194.38975467532873,34.56403485109853,1.160979199409485,0.05840400233864784,0.0
1892000,1603.9317591190338,-188.95820438861847,45.45301049721535,-0.004514034700969205,39.30240936279297,0.5157771170139313,0.00464727072558162,-194.38975467532873,34.56403485109853,1.1392500281333924,0.034886858984828,0.0
1896000,1607.1275837421417,-183.84490442276,31.84245440375598,-0.00379583838803228,31.804336547851562,0.5424241185188293,0.002426762669347227,-194.38975467532873,34.56403485109853,1.1651875257492066,0.03876252323389053,0.0
1900000,1610.3857097625732,-193.75921380519867,41.66915967460406,-0.0036484858370386063,30.974462509155273,0.5174941897392273,0.005456785822752863,-194.38975467532873,34.56403485109853,1.1827083706855774,0.059699348732829095,0.0
1904000,1613.646406173706,-188.80058765411377,34.11851415105712,-0.002615328308093012,35.7785982131958,0.4798337459564209,0.0020210319373290984,-194.38975467532873,34.56403485109853,1.1899791955947876,0.05531368777155876,0.0
1908000,1616.8204641342163,-195.7347640991211,38.48524602008595,-0.002557002296089195,38.279618453979495,0.5726973176002502,0.005955398082733154,-194.38975467532873,34.56403485109853,1.1877708673477172,0.048257891461253165,0.0
1912000,1620.0252611637115,-188.96813869476318,35.61949572805768,-0.003411009177216329,26.53387622833252,0.5478084504604339,0.005376738631457556,-194.38975467532873,34.56403485109853,1.16541668176651,0.04848616681993008,0.0
1916000,1623.189439535141,-186.28701317310333,39.97715671599352,-0.004188881360460073,32.65704002380371,0.539172750711441,0.0046320800902321935,-194.38975467532873,34.56403485109853,1.2071250200271606,0.053936873376369474,0.0
1920000,1626.4061839580536,-199.33380150794983,42.075897111564515,-0.003388982982869493,35.124615859985354,0.5183380246162415,0.002511358994524926,-194.38975467532873,34.56403485109853,1.1879375338554383,0.052152667194604874,0.0
1924000,1631.399137020111,-195.84252083301544,35.18644894693821,-0.003190361600718461,33.364270782470705,0.526062935590744,0.0053389181732200084,-190.8542706295848,36.5709200286562,1.2175000429153442,0.05041833929717541,0.0
1928000,1634.6329789161682,-197.16548013687134,36.800438812166554,-0.003792393323965371,28.2699333190918,0.5396094799041748,0.0055879346269648526,-190.8542706295848,36.5709200286562,1.2169166803359985,0.04898182563483715,0.0
1932000,1637.8299968242645,-195.3210949897766,36.75768280800184,-0.0014105570400715806,25.408563995361327,0.6462379455566406,0.008617164776660502,-190.8542706295848,36.5709200286562,1.2057083606719972,0.04569365940988064,0.0
1936000,1641.0321543216705,-181.21796190738678,30.783234344301114,-0.0047847484493104275,22.266691207885742,0.6001876831054688,0.0050678457599133255,-190.8542706295848,36.5709200286562,1.2070000171661377,0.062020685896277426,0.0
1940000,1644.2668874263763,-193.18006360530853,39.78469038079634,-0.003258432929578703,35.047865104675296,0.6867487967014313,0.004725387622602284,-190.8542706295848,36.5709200286562,1.2171458721160888,0.05746614821255207,0.0
1944000,1647.4055676460266,-194.15748488903046,38.824871740712105,-0.002550516011251602,27.793898391723634,0.6514464855194092,0.009799114288762211,-190.8542706295848,36.5709200286562,1.2478750228881836,0.06869188621640206,0.0
1948000,1650.4515445232391,-200.39280200004578,34.56307894255858,-0.003892775997519493,33.61399745941162,0.6172270178794861,0.00779584915144369,-190.8542706295848,36.5709200286562,1.229895865917206,0.0556654043495655,0.0
1952000,1653.4932913780212,-188.87074959278107,31.78953761723221,-0.004358299120212905,21.870762443542482,0.6000692963600158,0.006503578182309866,-190.8542706295848,36.5709200286562,1.2260833740234376,0.06695408746600151,0.0
1956000,1656.6524424552917,-193.95178031921387,36.59298887930946,-0.00424134518543724,26.76548900604248,0.6292797207832337,0.005148955073673278,-190.8542706295848,36.5709200286562,1.2267916917800903,0.05438230186700821,0.0
1960000,1659.8762633800507,-186.75640273094177,36.78623121837783,-0.005095643006279715,20.38325595855713,0.6024164497852326,0.005067044065799564,-190.8542706295848,36.5709200286562,1.210854184627533,0.04520584233105183,0.0
1964000,1664.8318605422974,-186.97489881515503,33.588022496485976,-0.004823878016759408,29.090995407104494,0.5943363249301911,0.009592275018803775,-195.4439142793417,30.091051353680122,1.2417083501815795,0.04768911004066467,0.0
1968000,1668.0814518928528,-193.96125757694244,37.97068855643099,-0.003743386617861688,26.430730438232423,0.628617238998413,0.002798166323918849,-195.4439142793417,30.091051353680122,1.1946667194366456,0.03504292294383049,0.0
1972000,1671.3251600265503,-199.43312335014343,36.78643568833265,-0.003991626168135554,23.187340354919435,0.6219988644123078,0.0020812819304410366,-195.4439142793417,30.091051353680122,1.2377083778381348,0.04401794634759426,0.0
1976000,1674.479014635086,-188.48631262779236,32.248835001721154,-0.0040717832103837285,25.608594512939455,0.6427221417427063,0.010491167963482439,-195.4439142793417,30.091051353680122,1.237458384037018,0.043311070278286935,0.0
1980000,1677.722663640976,-202.25990283489227,40.110860799874956,-0.003059008321724832,32.598679542541504,0.6309818625450134,0.0029898462351411583,-195.4439142793417,30.091051353680122,1.2413750290870667,0.04574262350797653,0.0
1984000,1681.0144383907318,-186.7996598482132,35.05337379376942,-0.0063814491615630685,22.628265380859375,0.6429140329360962,0.004820976156042889,-195.4439142793417,30.091051353680122,1.2348958730697632,0.03910056725144386,0.0050333464145660405
1988000,1684.1803231239319,-199.83731722831726,43.96251118392023,-0.0036024260334670544,33.15092887878418,0.7073623180389405,0.005641687265597284,-195.4439142793417,30.091051353680122,1.2291250348091125,0.05600248798727989,0.0
1992000,1687.4141511917114,-183.86782836914062,32.57504514154645,-0.004205085408193554,27.971647453308105,0.641509473323822,0.00503590505104512,-195.4439142793417,30.091051353680122,1.2196041703224183,0.052231472730636594,4.7928094863890756e-05
1996000,1690.612282037735,-200.46047449111938,32.28803137744284,-0.00481757008456043,24.91364860534668,0.6922069191932678,0.006362345151137561,-195.4439142793417,30.091051353680122,1.2178333520889282,0.05364526174962521,0.0
2000000,1693.8256208896637,-204.40306997299194,46.388414450535784,-0.004896425524202641,36.37719230651855,0.6156635403633117,0.0034030234324745833,-195.4439142793417,30.091051353680122,1.1957708597183228,0.05174896232783795,0.0
