global_step,wall_time_s,ep_return_mean,ep_return_std,policy_loss,value_loss,entropy,approx_kl,eval_return_mean,eval_return_std,mean_k,attn_entropy,lagrange_lambda
4000,3.5791094303131104,-231.47550511360168,47.45517991044361,-0.0004386100883010613,184.39648895263673,1.5970592856407166,0.00028793888195650653,,,2.0,0.684832489490509,
8000,6.500959396362305,-210.7956473827362,37.44688966257628,-0.0008196875425346307,159.97569274902344,1.5959590554237366,2.9452304443111643e-05,,,2.0,0.6885213255882263,
12000,9.445817947387695,-223.58977270126343,39.856355730286765,-0.0005212793072182365,165.32945251464844,1.581309735774994,0.0002153410913500353,,,2.0,0.6878988444805145,
16000,12.361632585525513,-214.3440637588501,44.23432392212571,-0.0004113802204082972,95.76530456542969,1.580740177631378,0.0,,,2.0,0.6897801876068115,
20000,15.271398544311523,-211.1262423992157,36.83017662656856,-0.0005762308547517137,67.79368858337402,1.58559650182724,0.0,,,2.0,0.687809842824936,
24000,18.225632905960083,-217.7977797985077,43.3202049174587,-0.0012476291803759309,76.61297454833985,1.571843433380127,0.0016096137143904344,,,2.0,0.6876005053520202,
28000,21.144366979599,-211.59117245674133,34.06624161416643,-0.0011844411585479886,75.5215232849121,1.5524900555610657,0.0007796094937172482,,,2.0,0.6877756416797638,
32000,24.07751774787903,-210.8501979112625,33.590094625472446,-0.0008387461681365171,69.33624610900878,1.517011249065399,0.0001225902491787556,,,2.0,0.688463693857193,
36000,27.015342473983765,-211.6577410697937,34.929118024460955,-0.0011760041711386116,74.69583435058594,1.4998800158500671,0.0005825999743731991,,,2.0,0.6897587358951569,
40000,29.9665470123291,-215.3636543750763,37.204785148808945,-0.0011037278691171438,67.06182708740235,1.4746333718299867,0.0012421096304024103,,,2.0,0.6873403310775756,
44000,34.33524489402771,-210.41320157051086,38.281702859739504,-0.0011846707204434814,58.209578323364255,1.500987720489502,0.000864657950955916,-276.70408080518246,50.3944298238515,2.0,0.6902827680110931,
48000,37.079485177993774,-216.70537686347961,37.09927542061299,-0.0017809113027566713,62.64164848327637,1.483873176574707,0.0005874105270874383,-276.70408080518246,50.3944298238515,2.0,0.6891383469104767,
52000,39.833826303482056,-219.13180422782898,37.01168563112897,-0.0013002104459640673,53.14574203491211,1.4552969336509705,0.0014649196880054728,-276.70408080518246,50.3944298238515,2.0,0.6889202415943145,
56000,42.58691668510437,-227.688494682312,46.84926772866755,0.00022500720391689378,76.66919593811035,1.4685049533843995,0.0008519528512260898,-276.70408080518246,50.3944298238515,2.0,0.6876855075359345,
60000,45.411707162857056,-226.98569321632385,36.459049561991655,-0.0016077611140256742,55.85305938720703,1.4565558075904845,0.0009844196232734249,-276.70408080518246,50.3944298238515,2.0,0.6884296000003814,
64000,48.359731674194336,-216.48354363441467,42.28267975395037,0.0003353462056074896,74.11468162536622,1.4650368094444275,0.0010274203334120103,-276.70408080518246,50.3944298238515,2.0,0.6869646072387695,
68000,51.31816530227661,-223.83719444274902,53.57085416021683,-0.0013636233274980148,47.22167892456055,1.472251582145691,0.0018546563637986235,-276.70408080518246,50.3944298238515,2.0,0.6883197247982025,
72000,54.293999910354614,-226.03980016708374,39.116485884840095,-0.0014893550225339558,49.053533935546874,1.4880112171173097,0.0013027834817767258,-276.70408080518246,50.3944298238515,2.0,0.6885437369346619,
76000,57.189024448394775,-226.54731440544128,45.37281351559818,-0.001267916319096285,43.80378532409668,1.3975162506103516,0.0007960919647400199,-276.70408080518246,50.3944298238515,2.0,0.6881438255310058,
80000,59.951584339141846,-234.1532781124115,42.78988728120801,-0.000654957930462885,47.90872230529785,1.3757826089859009,0.0017891101676893117,-276.70408080518246,50.3944298238515,2.0,0.6871694684028625,
84000,64.46014475822449,-227.23529386520386,43.33226751208137,-0.0011545745786352146,62.517063522338866,1.3966132760047913,0.0001495494634048855,-245.39704284071922,46.100603475277076,2.0,0.6880511283874512,
88000,67.30719184875488,-225.65114545822144,41.42762436518941,-0.000548159321071573,42.07299880981445,1.4455259680747985,0.0010321281843062025,-245.39704284071922,46.100603475277076,2.0,0.6882481813430786,
92000,70.07885456085205,-229.60187554359436,41.85748221780125,-0.0003622395514297105,47.779803085327146,1.4501515626907349,0.0006912394883402173,-245.39704284071922,46.100603475277076,2.0,0.6888091087341308,
96000,72.93709874153137,-223.92349314689636,44.91141575597341,-0.002021324695670046,44.44497909545898,1.4660980820655822,0.0011703837999375577,-245.39704284071922,46.100603475277076,2.0,0.6876988112926483,
100000,75.79227900505066,-219.05836844444275,48.49801422077729,-0.0006980326796183434,49.40227127075195,1.4376713752746582,0.0013875284959794954,-245.39704284071922,46.100603475277076,2.0,0.6863783299922943,
104000,78.65485382080078,-215.67094349861145,41.04443761038205,-0.0007926488372637763,48.22198486328125,1.4048096537590027,0.0033037875275282818,-245.39704284071922,46.100603475277076,2.0,0.6873350620269776,
108000,81.50287675857544,-209.04548335075378,37.607406547054794,-0.0017350937084993135,37.35927200317383,1.4379005551338195,0.001996157388202846,-245.39704284071922,46.100603475277076,2.0,0.688426274061203,
112000,84.37817454338074,-240.33082365989685,45.25361198070288,-0.0017685216010819849,48.104285430908206,1.3847542881965638,0.0020553838810883464,-245.39704284071922,46.100603475277076,2.0,0.6786087632179261,
116000,87.24667358398438,-239.88847398757935,50.8305466605918,-0.0008775306632354152,43.17707424163818,1.3721284747123719,0.0007489229970766953,-245.39704284071922,46.100603475277076,2.0,0.6772788107395172,
120000,90.1728298664093,-243.42962908744812,50.91191206040191,-0.0003467668108545041,49.56670989990234,1.287059497833252,0.0006408423357449289,-245.39704284071922,46.100603475277076,2.0,0.6803162455558777,
124000,94.46408128738403,-255.86957836151123,48.819840161567825,9.099225316706594e-05,39.98177986145019,1.284038817882538,0.0004351072289937363,-332.65527652204037,103.10769470813354,2.0,0.6785230040550232,
128000,97.24018836021423,-239.94403076171875,35.095407288371064,-0.001483767073892528,29.539889526367187,1.3622630000114442,0.0016522638252936318,-332.65527652204037,103.10769470813354,2.0,0.678333991765976,
132000,100.09325003623962,-248.3607087135315,48.191261151560646,-0.002381731297083511,35.88295192718506,1.3302072882652283,0.0035043771291384473,-332.65527652204037,103.10769470813354,2.0,0.6718785464763641,
136000,102.84261560440063,-244.81665921211243,47.123397802992585,-0.0023347727796257265,26.661788368225096,1.3271336078643798,0.0008847484757085855,-332.65527652204037,103.10769470813354,2.0,0.6778574526309967,
140000,105.59721255302429,-226.12239575386047,53.323399601189884,-0.0022047460223936,58.38691024780273,1.415659201145172,0.001691330412761699,-332.65527652204037,103.10769470813354,2.0,0.6752204179763794,
144000,108.37679648399353,-243.3795142173767,49.74345675049518,-0.0011118690685846034,47.17503890991211,1.3158389925956726,0.0016903349433559979,-332.65527652204037,103.10769470813354,2.0,0.6787214815616608,
148000,111.18029189109802,-246.15914344787598,51.30706331512893,-0.0014908927207968325,33.40427036285401,1.271246314048767,0.0016985772886546346,-332.65527652204037,103.10769470813354,2.0,0.6741476595401764,
152000,114.14161992073059,-236.3415379524231,41.85574963175608,-0.0015599450924161484,40.43711700439453,1.2835148692131042,0.0013799644031678327,-332.65527652204037,103.10769470813354,2.0,0.6748100042343139,
156000,117.05030536651611,-241.88978457450867,48.72198200255907,-0.00240571440170364,25.094967651367188,1.231057631969452,0.0009896836599218694,-332.65527652204037,103.10769470813354,2.0,0.6671325862407684,
160000,119.98817658424377,-239.35918283462524,50.25109758905146,-0.00190173414027468,38.483247947692874,1.203017807006836,0.0012449421943553473,-332.65527652204037,103.10769470813354,2.0,0.6604363858699799,
164000,124.39304375648499,-243.79631781578064,48.663836092295355,-0.0015378589520696373,37.619906997680665,1.215172004699707,0.0018265220453031362,-254.32377442717552,54.78033166100357,2.0,0.6642688810825348,
168000,127.35219597816467,-243.7273565530777,54.39046613719179,-0.0013451766471892057,38.65832576751709,1.2593479037284852,0.000968380965423421,-254.32377442717552,54.78033166100357,2.0,0.6604051649570465,
172000,130.266704082489,-247.40094137191772,42.797907837968864,-0.0006173775427717132,32.20103778839111,1.2094411373138427,1.7104990547522902e-05,-254.32377442717552,54.78033166100357,2.0,0.6548978149890899,
176000,133.22503471374512,-243.09807753562927,44.185060377043776,-0.002557214876966696,34.922522926330565,1.2181593537330628,0.004113657108973712,-254.32377442717552,54.78033166100357,2.0,0.6648421168327332,
180000,136.17400288581848,-247.89651131629944,46.64379040295193,-0.0015316998080914246,35.91137142181397,1.2038468956947326,0.001782871622941462,-254.32377442717552,54.78033166100357,2.0,0.670339572429657,
184000,139.13172936439514,-246.10335540771484,52.482363973799444,-0.0013984960933060898,41.32029037475586,1.260189664363861,0.0021582086111108455,-254.32377442717552,54.78033166100357,2.0,0.6727072179317475,
188000,142.08962273597717,-232.48655104637146,39.65760944166009,-0.0005725276986971561,34.70754222869873,1.246857750415802,0.0033433297372539527,-254.32377442717552,54.78033166100357,2.0,0.6723805487155914,
192000,145.02641224861145,-237.65941834449768,45.100398850470924,-0.0005698261838794849,29.648167991638182,1.2708717465400696,0.003594123600594079,-254.32377442717552,54.78033166100357,2.0,0.6732750356197357,
196000,147.97424817085266,-237.19112038612366,47.27286380128362,-0.001405625155079182,29.113689422607422,1.255796205997467,0.003430703579215333,-254.32377442717552,54.78033166100357,2.0,0.6693593800067902,
200000,150.89305448532104,-246.82612776756287,65.34361112105988,-0.0011388512935475604,64.3250301361084,1.2681219577789307,0.0031247140490449966,-254.32377442717552,54.78033166100357,2.0,0.6625382006168365,
204000,155.19003081321716,-235.95918250083923,47.91562107087215,-0.0021228665478410847,47.879801177978514,1.3199937105178834,0.0024403851421084255,-280.80218601226807,100.19625107674115,2.0,0.671450138092041,
208000,158.09933948516846,-231.7942566871643,42.2507950598794,-0.0013258610178406016,32.700448989868164,1.2779224157333373,0.0001611805704512026,-280.80218601226807,100.19625107674115,2.0,0.6624505996704102,
212000,161.0234444141388,-249.8242747783661,53.94845278454909,-0.0010437376447177016,53.049568557739256,1.288037157058716,0.001816646702548802,-280.80218601226807,100.19625107674115,2.0,0.6742208957672119,
216000,163.94512963294983,-248.6929681301117,47.530551002230766,-0.0014756536705341715,38.78188686370849,1.2115407228469848,0.0015748660080134869,-280.80218601226807,100.19625107674115,2.0,0.6657618284225464,
220000,166.86457014083862,-245.88946890830994,47.526451015244625,-0.00025211533787654615,27.008570671081543,1.203549873828888,0.0023309901841566893,-280.80218601226807,100.19625107674115,2.0,0.6521264970302582,
224000,169.79480624198914,-245.20144629478455,53.11158949795693,-1.860476067907513e-05,40.181287574768064,1.2064275979995727,0.001273640824035588,-280.80218601226807,100.19625107674115,2.0,0.6495104551315307,
228000,172.72348999977112,-234.29388737678528,46.541425640216765,-0.0017465281479502048,43.70488967895508,1.25643310546875,0.001238407395885588,-280.80218601226807,100.19625107674115,2.0,0.6394268155097962,
232000,175.6847550868988,-234.07422995567322,50.32343805202699,-0.001586811229606,48.2294246673584,1.330591869354248,0.0012643873674484606,-280.80218601226807,100.19625107674115,2.0,0.650708270072937,
236000,178.61365795135498,-230.74781942367554,45.331782286481435,-0.003831950467933609,32.70982780456543,1.3234115481376647,0.001767390497843735,-280.80218601226807,100.19625107674115,2.0,0.647855693101883,
240000,181.61820721626282,-225.30365991592407,40.96739302913053,-0.0027658230617138013,31.35748996734619,1.36794855594635,0.0017266046772323018,-280.80218601226807,100.19625107674115,2.0,0.6487932801246643,
244000,185.80401301383972,-224.2180712223053,37.542748374002926,-0.0027336716810629547,29.746109008789062,1.2949116110801697,0.003263116846210323,-241.65207743644714,57.922093037725816,2.0,0.6388810575008392,
248000,188.5790309906006,-251.3756537437439,52.67441906537327,-0.001972309666472327,23.357277870178223,1.2023210048675537,0.0016995198099951647,-241.65207743644714,57.922093037725816,2.0,0.6462585031986237,
252000,191.33037328720093,-241.04502034187317,43.129219324265655,-0.0004844767513180415,36.53636436462402,1.1852151870727539,0.0012796285957835441,-241.65207743644714,57.922093037725816,2.0,0.6356188356876373,
256000,194.0917568206787,-240.9136028289795,50.38256447932529,-0.0018265761399331114,31.724776840209962,1.1530705451965333,0.0016744073087465948,-241.65207743644714,57.922093037725816,2.0,0.6278053164482117,
260000,196.94118189811707,-238.10747623443604,51.232530507333514,-0.0014930523457491241,26.410223770141602,1.166692566871643,0.0008688888579172271,-241.65207743644714,57.922093037725816,2.0,0.6417639255523682,
264000,199.87065863609314,-237.81172060966492,53.92378751051431,-0.0025570958763515782,34.862140846252444,1.1794028878211975,0.003839884635332669,-241.65207743644714,57.922093037725816,2.0,0.6320658266544342,
268000,202.81701064109802,-215.99889302253723,40.70011833486202,-0.002490701623794589,31.99620532989502,1.2240745067596435,0.001701974344905466,-241.65207743644714,57.922093037725816,2.0,0.6574736118316651,
272000,205.72743797302246,-240.53127360343933,48.144613360921,-0.0030983148408898487,37.095553970336915,1.163444948196411,0.001751034951031527,-241.65207743644714,57.922093037725816,2.0,0.6509274959564209,
276000,208.66847944259644,-228.2137839794159,44.069251477404286,-0.0019648305825928246,34.04166030883789,1.2119490385055542,0.000874185276382683,-241.65207743644714,57.922093037725816,2.0,0.6650081157684327,
280000,211.60068678855896,-223.2153058052063,49.18326833734814,-0.002238137639942561,28.29144630432129,1.1873703956604005,0.003492639601463454,-241.65207743644714,57.922093037725816,2.0,0.6633469223976135,
284000,215.89372396469116,-232.68072080612183,44.49826985033415,-0.0013742554571605226,25.28597946166992,1.1568785786628724,0.004488549713200585,-237.82002726197243,56.869058518087165,2.0,0.6518874347209931,
288000,218.85127997398376,-238.61242747306824,48.179593179832565,-0.0017584367145900615,26.058425903320312,1.1516833424568176,0.0016621512899291702,-237.82002726197243,56.869058518087165,2.0,0.6596456587314605,
292000,221.79558849334717,-229.24099922180176,38.81805599396846,-0.0022204037748646322,22.509113121032716,1.213115406036377,0.0019744013038386354,-237.82002726197243,56.869058518087165,2.0,0.6486177206039428,
296000,224.73268246650696,-236.05107378959656,57.234749553619686,-0.0011873305915117705,54.36265106201172,1.2506567716598511,0.002716023160610348,-237.82002726197243,56.869058518087165,2.0,0.6480090260505676,
300000,227.67603302001953,-222.98214554786682,35.4965700277555,-0.002423237660075106,21.42304162979126,1.229150652885437,0.002575908969277713,-237.82002726197243,56.869058518087165,2.0,0.6553881704807282,
304000,230.6152880191803,-221.26274704933167,42.06690046186648,-0.0029137092515593823,29.703175163269044,1.2841917872428894,0.003975889029061363,-237.82002726197243,56.869058518087165,2.0,0.6469456255435944,
308000,233.55696988105774,-215.74536752700806,40.802477226717514,-0.004091963764978601,43.765733337402345,1.3103393912315369,0.004221918133708336,-237.82002726197243,56.869058518087165,2.0,0.6570117235183716,
312000,236.49449181556702,-222.5193326473236,36.704361178456764,-0.0014404448370429535,33.7308687210083,1.2985248565673828,0.0015607156210656614,-237.82002726197243,56.869058518087165,2.0,0.6558380126953125,
316000,239.44580841064453,-216.94974970817566,42.43878960755231,-0.002242180531766902,34.972205352783206,1.2602458596229553,0.0038056541234254837,-237.82002726197243,56.869058518087165,2.0,0.6487997770309448,
320000,242.45297622680664,-233.43007802963257,51.316417907412166,-0.002708980790863258,41.22672309875488,1.2364486813545228,0.003073014774903038,-237.82002726197243,56.869058518087165,2.0,0.6429300665855407,
324000,246.83126854896545,-228.4817714691162,52.180961047250065,-0.0020888427527388843,36.605590629577634,1.2065031409263611,0.004449169105151673,-278.9361210539937,84.69352635129472,2.0,0.6396763980388641,
328000,249.80281853675842,-226.49762678146362,40.0164225255714,-0.0017920725436221473,33.148926162719725,1.248711311817169,0.002304587885737419,-278.9361210539937,84.69352635129472,2.0,0.6555763185024261,
332000,252.75949621200562,-228.12994647026062,47.78957899757009,-0.0019595484929935346,32.097358512878415,1.1620098233222962,0.0057485690264341745,-278.9361210539937,84.69352635129472,2.0,0.6231844961643219,
336000,255.72762441635132,-244.45787239074707,48.01801332969099,-0.0009420244408538281,35.73050193786621,1.170980703830719,0.0033433081058319657,-278.9361210539937,84.69352635129472,2.0,0.5932247519493103,
340000,258.6756248474121,-217.39539504051208,41.54254721299408,-0.003375919252595239,27.317458724975587,1.1914935827255249,0.0027632976787281384,-278.9361210539937,84.69352635129472,2.0,0.6252586483955384,
344000,261.624876499176,-224.52979946136475,41.549232424344,-0.003289929906992883,32.620602416992185,1.2010409712791443,0.003371728100309457,-278.9361210539937,84.69352635129472,2.0,0.6223516464233398,
348000,264.5861301422119,-234.19978022575378,39.14464363467717,-0.0030827961510949465,18.271179103851317,1.2027305006980895,0.0034843928762711583,-278.9361210539937,84.69352635129472,2.0,0.6075957238674163,
352000,267.52963304519653,-232.93316316604614,47.87833165557,-0.0033301962543628603,32.543202018737794,1.272447896003723,0.002215546410356184,-278.9361210539937,84.69352635129472,2.0,0.6110702693462372,
356000,270.4887499809265,-226.8925449848175,47.588296483710394,-0.0022165686294513876,38.39092807769775,1.2846636533737184,0.0065709405870487455,-278.9361210539937,84.69352635129472,2.0,0.6187912464141846,
360000,273.45667695999146,-215.55708718299866,40.26856478647654,-0.002990844106873958,29.826475143432617,1.2864278912544251,0.00399430709316706,-278.9361210539937,84.69352635129472,2.0,0.6258171677589417,
364000,277.76823449134827,-220.09000062942505,47.25809569224822,-0.0012744241507510524,50.01081428527832,1.2717604398727418,0.004239113425137475,-225.40204900503159,51.27769162953461,2.0,0.6211468994617462,
368000,280.7127630710602,-220.03060245513916,51.50643361879028,-0.0031459838023875086,29.451749420166017,1.2628416657447814,0.005106428964296361,-225.40204900503159,51.27769162953461,2.0,0.6242547929286957,
372000,283.6675000190735,-213.67022693157196,42.09383033822552,-0.0022146045577828843,26.57903995513916,1.2229002356529235,0.007686585723422468,-225.40204900503159,51.27769162953461,2.0,0.6247269749641419,
376000,286.6135575771332,-222.81775975227356,38.959075301725214,-0.0029237025856273303,28.064075660705566,1.2228102684020996,0.007322945197617325,-225.40204900503159,51.27769162953461,2.0,0.6306271731853486,
380000,289.56637048721313,-209.66329729557037,46.2908362603026,-0.00303128881150041,25.91055965423584,1.224651563167572,0.004622973921708762,-225.40204900503159,51.27769162953461,2.0,0.6293702363967896,
384000,292.51972103118896,-215.87715196609497,43.91174373322575,-0.0021476270654238404,25.84527244567871,1.1361977219581605,0.004087757883826271,-225.40204900503159,51.27769162953461,2.0,0.6096746742725372,
388000,295.45036125183105,-225.264728307724,36.31661375458151,-0.0020329553036814605,29.978225326538087,1.1063297510147094,0.004340113973012194,-225.40204900503159,51.27769162953461,2.0,0.6249523162841797,
392000,298.3816967010498,-224.71023321151733,41.934701598173774,-0.0009521924876995768,27.988463973999025,1.1184716463088988,0.002794598409673199,-225.40204900503159,51.27769162953461,2.0,0.6300651609897614,
396000,301.3008692264557,-238.31935358047485,49.238952616580086,-0.0020894910240313092,27.091470146179198,1.0572860956192016,0.007548702061641965,-225.40204900503159,51.27769162953461,2.0,0.6063248991966248,
400000,304.27006435394287,-233.2186415195465,36.084107936083626,-0.00143655580503399,16.282172775268556,1.0209850311279296,0.0060317448107525705,-225.40204900503159,51.27769162953461,2.0,0.6019451141357421,
404000,308.6429090499878,-241.62543559074402,52.75451297983884,-0.0011086238939508775,29.655133056640626,0.9819077849388123,0.0021797291352413594,-235.99808622151613,46.451945584272394,2.0,0.5998980283737183,
408000,311.56703066825867,-224.64974880218506,37.937602675094496,-0.0008148281609756225,23.672215080261232,1.0241037368774415,0.00279752559872577,-235.99808622151613,46.451945584272394,2.0,0.5904124140739441,
412000,314.4600896835327,-232.16091918945312,34.2185207367628,-0.0036848055553466708,19.742836952209473,1.0832735061645509,0.005634365050005729,-235.99808622151613,46.451945584272394,2.0,0.5822227656841278,
416000,317.3902099132538,-238.65173244476318,43.016543456825374,-0.0020024284561320103,22.206260108947752,1.0304453372955322,0.0026156956754081586,-235.99808622151613,46.451945584272394,2.0,0.5882557213306427,
420000,320.32365822792053,-222.09760689735413,40.19324867381654,-0.003501913718723948,17.666073322296143,1.0311295628547668,0.005507484349072911,-235.99808622151613,46.451945584272394,2.0,0.591647458076477,
424000,323.2470178604126,-228.1426923274994,36.65669037001766,-0.0032075332302289538,19.479245758056642,0.9551249980926514,0.004825239069759846,-235.99808622151613,46.451945584272394,2.0,0.5623759806156159,
428000,326.1853196620941,-235.23868083953857,38.650478610604466,-0.001673082132823822,17.777331733703612,0.9424537718296051,0.0021335047407774256,-235.99808622151613,46.451945584272394,2.0,0.5620568513870239,
432000,329.1189658641815,-238.96852803230286,46.779379657652406,-0.0016950610651790044,29.176413536071777,0.9225390672683715,0.003973503187036842,-235.99808622151613,46.451945584272394,2.0,0.5687672972679139,
436000,332.08720874786377,-242.22042393684387,48.59686936380711,-0.0029453992789688853,28.470102500915527,0.8661746203899383,0.0031973773427307673,-235.99808622151613,46.451945584272394,2.0,0.5586149036884308,
440000,335.0498914718628,-238.3909456729889,49.548084529639794,-0.0011349401063828423,31.613565826416014,0.8951425373554229,0.00346373426898694,-235.99808622151613,46.451945584272394,2.0,0.560082483291626,
444000,339.40081548690796,-227.653137922287,37.25857222164456,-0.001815632390663602,18.709631061553956,0.9527374804019928,0.006643785466440022,-233.31248213350773,46.287697258087796,2.0,0.5886759877204895,
448000,342.3366186618805,-219.92267680168152,32.749077387830496,-0.0023435657209726736,15.786642169952392,0.9918927848339081,0.0070370122382107155,-233.31248213350773,46.287697258087796,2.0,0.576829481124878,
452000,345.1944262981415,-230.75190138816833,41.614891344948816,-0.0012353543954086276,23.586698722839355,0.9762007772922516,0.0042241613039126005,-233.31248213350773,46.287697258087796,2.0,0.5830269038677216,
456000,347.9433150291443,-221.4114053249359,40.21252117515186,-0.0037590169936107644,13.497223281860352,0.9254297375679016,0.004089197362191044,-233.31248213350773,46.287697258087796,2.0,0.5827562212944031,
460000,350.7194676399231,-208.6735236644745,30.02952711670738,-0.004033788552139139,15.252840042114258,0.9439756214618683,0.008155437614303086,-233.31248213350773,46.287697258087796,2.0,0.5844697296619416,
464000,353.49701476097107,-224.04798924922943,47.20372237623129,-0.0011641900084990553,25.61841526031494,0.9363484978675842,0.008246734062209726,-233.31248213350773,46.287697258087796,2.0,0.5802057445049286,
468000,356.2656297683716,-217.18577003479004,36.56175657294227,-0.0024157395965109353,20.409966373443602,0.9159375727176666,0.010053905448410672,-233.31248213350773,46.287697258087796,2.0,0.587599378824234,
472000,359.1521272659302,-227.525874376297,38.74936940243714,-0.0011218162561902612,17.793334197998046,0.9061154425144196,0.008350128036302825,-233.31248213350773,46.287697258087796,2.0,0.5668088793754578,
476000,362.1161789894104,-225.45412158966064,37.59130096495721,-0.0017475266353527918,14.096044063568115,0.8734278857707978,0.005200169964771106,-233.31248213350773,46.287697258087796,2.0,0.5354846537113189,
480000,365.06330275535583,-215.89431178569794,43.06096779482703,-0.0031097889197214236,14.852395629882812,0.9253338634967804,0.011239258567104116,-233.31248213350773,46.287697258087796,2.0,0.5461344063282013,
484000,369.3989119529724,-221.2161784172058,34.95258640583199,-0.0018291233933025453,16.657355499267577,0.9926792323589325,0.008664768662866385,-223.60625311732292,40.114638763857144,2.0,0.5699619233608246,
488000,372.3677282333374,-226.80545163154602,44.91458793759688,-0.0020886028163367596,17.973844051361084,0.8461588561534882,0.007968955530629818,-223.60625311732292,40.114638763857144,2.0,0.5388870000839233,
492000,375.15183210372925,-231.43795585632324,40.73902667056915,-8.426444058331483e-05,23.6898624420166,0.8763099312782288,0.004254797380417586,-223.60625311732292,40.114638763857144,2.0,0.5262766182422638,
496000,377.9211621284485,-215.58792805671692,38.45019990379734,-0.003260125212216125,18.41094913482666,0.9177257061004639,0.006176014876109548,-223.60625311732292,40.114638763857144,2.0,0.5583024799823761,
500000,380.7306170463562,-217.49157214164734,37.17271044420696,0.002121032035599235,14.216981220245362,0.9025137722492218,0.007201312538857274,-223.60625311732292,40.114638763857144,2.0,0.5698798596858978,
504000,383.61926651000977,-216.1451473236084,40.509041170117634,-0.0011250615803582776,20.78662042617798,0.8153067827224731,0.003607939694911089,-223.60625311732292,40.114638763857144,2.0,0.5379318475723267,
508000,386.38722348213196,-219.4968981742859,33.66886488549766,-0.00262214316866185,13.664155578613281,0.7823605716228486,0.004896044827182778,-223.60625311732292,40.114638763857144,2.0,0.5381155908107758,
512000,389.15345072746277,-223.16785597801208,43.4222124859663,-0.0027341558877377993,17.56410551071167,0.8186205744743347,0.005273646917426959,-223.60625311732292,40.114638763857144,2.0,0.5507039368152619,
516000,391.9234793186188,-212.17423057556152,43.718168334096134,-0.001260666894377227,16.253658294677734,0.8158653795719146,0.004920035768765962,-223.60625311732292,40.114638763857144,2.0,0.5624338507652282,
520000,394.72822642326355,-215.49903857707977,42.33609445108404,-0.001912971528441032,24.73233585357666,0.8654794752597809,0.003955998475430533,-223.60625311732292,40.114638763857144,2.0,0.540575647354126,
524000,398.91861152648926,-220.694495677948,41.52339427754546,-0.0031162602951905426,17.860301113128664,0.8765089809894562,0.006047857587691397,-220.1165547221899,39.25203195480907,2.0,0.5351643085479736,
528000,401.8670608997345,-220.76307916641235,38.816249433819074,-0.003048060663122065,18.613818168640137,0.8661510109901428,0.00620231571374461,-220.1165547221899,39.25203195480907,2.0,0.52662393450737,
532000,404.83016633987427,-215.4010124206543,33.93619661631947,-0.001985878905663707,13.759755039215088,0.8495850026607513,0.005708323732484133,-220.1165547221899,39.25203195480907,2.0,0.5338472962379456,
536000,407.79278206825256,-218.2631561756134,32.6718905805709,-0.0017487882230586393,14.093896102905273,0.8203111529350281,0.005237371540783598,-220.1165547221899,39.25203195480907,2.0,0.5220594525337219,
540000,410.73937249183655,-224.73850083351135,36.40206614584688,-0.0022499735811239317,13.243661689758301,0.7156950116157532,0.001486302243938553,-220.1165547221899,39.25203195480907,2.0,0.5184603810310364,
544000,413.6649112701416,-219.20408356189728,45.112437046235605,-0.0031050776241269506,18.907757377624513,0.7822272419929505,0.005610446405626135,-220.1165547221899,39.25203195480907,2.0,0.5116362154483796,
548000,416.5920920372009,-217.5427441596985,38.48774296790464,-0.0021492163318519884,12.400353622436523,0.8319450974464416,0.006112507614307106,-220.1165547221899,39.25203195480907,2.0,0.5187109053134918,
552000,419.52679800987244,-218.0860242843628,33.911959931129346,-0.002615646557766027,12.173890399932862,0.8431954145431518,0.009090738813392818,-220.1165547221899,39.25203195480907,2.0,0.49670128226280214,
556000,422.46114802360535,-218.9369387626648,38.32931225792022,-0.004089235992985785,13.639054203033448,0.8845118403434753,0.006192424055809775,-220.1165547221899,39.25203195480907,2.0,0.5181270122528077,
560000,425.4266881942749,-221.4138696193695,34.177507783371986,-0.003707925542936774,13.289100933074952,0.9193057358264923,0.003917583812959502,-220.1165547221899,39.25203195480907,2.0,0.5141089975833892,
564000,429.68846702575684,-217.85153424739838,37.499089369192745,-0.0015737238973767109,19.817754173278807,0.8578983128070832,0.004514648384880271,-225.53307050466537,55.10772877227926,2.0,0.4682497173547745,
568000,432.6460750102997,-222.15581059455872,37.87744332522344,-0.0027571099415654387,14.871431732177735,0.8559215366840363,0.004505666530613484,-225.53307050466537,55.10772877227926,2.0,0.46239873170852663,
572000,435.57809805870056,-220.0694477558136,35.94024868378463,-0.002401617004361434,15.297499942779542,0.8322807908058166,0.002652502432465553,-225.53307050466537,55.10772877227926,2.0,0.4556276649236679,
576000,438.47165155410767,-235.56448435783386,45.65431890852763,-0.003477553105913067,19.472594165802,0.7784338355064392,0.003872413810885822,-225.53307050466537,55.10772877227926,2.0,0.4529327690601349,
580000,441.38914155960083,-222.24657249450684,35.48587390369953,-0.0006442029326960031,13.643230724334718,0.804645162820816,0.005189644102938473,-225.53307050466537,55.10772877227926,2.0,0.42737636566162107,
584000,444.3157639503479,-215.3053696155548,45.68414442380317,-0.003077872515326252,19.95063877105713,0.8225098609924316,0.001981720521430064,-225.53307050466537,55.10772877227926,2.0,0.44976442456245425,
588000,447.21698093414307,-219.07645058631897,36.248957390257324,-0.0027684018298362646,15.073924160003662,0.8661638557910919,0.0035889658785890786,-225.53307050466537,55.10772877227926,2.0,0.48536660373210905,
592000,450.1396470069885,-217.30090713500977,36.00697582940845,-0.0027592985333564357,16.640964794158936,0.9006375432014465,0.004662968456201877,-225.53307050466537,55.10772877227926,2.0,0.48131534159183503,
596000,453.00533866882324,-210.70123767852783,36.796250372271636,-0.002607207613686713,13.857925319671631,0.8553284764289856,0.006149751766584813,-225.53307050466537,55.10772877227926,2.0,0.4466830790042877,
600000,455.940664768219,-214.77527260780334,36.802294580079135,-0.005305979011114692,11.252890300750732,0.8210582673549652,0.004583602235652506,-225.53307050466537,55.10772877227926,2.0,0.4566988587379456,
604000,460.22212386131287,-206.93381094932556,37.43875127124374,-0.001899437485282185,14.835818672180176,0.7979885339736938,0.003452887946429328,-225.54749190807343,46.04026087070687,2.0,0.4329883247613907,
608000,463.18355679512024,-207.43081068992615,38.36593037858329,-0.004168530803008874,16.316849517822266,0.83904829621315,0.005611350756604227,-225.54749190807343,46.04026087070687,2.0,0.45464097857475283,
612000,466.1115515232086,-203.04248356819153,38.67972014777665,-0.003558444515801984,16.228168869018553,0.8745544254779816,0.006097772208857366,-225.54749190807343,46.04026087070687,2.0,0.47016953527927396,
616000,469.0295236110687,-201.30799913406372,30.530375263701792,-0.0033986833296561158,11.78714017868042,0.9073345959186554,0.0062458565286360734,-225.54749190807343,46.04026087070687,2.0,0.45538122951984406,
620000,471.9490849971771,-213.44844603538513,34.303359842603655,-0.0010012350444643214,15.54351282119751,0.9346978664398193,0.005384734692052006,-225.54749190807343,46.04026087070687,2.0,0.45760459899902345,
624000,474.875120639801,-214.42698979377747,43.27373210298937,-0.004070295574453908,13.36736888885498,0.9391852021217346,0.005296699935570359,-225.54749190807343,46.04026087070687,2.0,0.45503850877285,
628000,477.7924635410309,-211.14231777191162,34.23306362202143,-0.0031318451236778343,12.529211139678955,0.8987021267414093,0.003575371761224222,-225.54749190807343,46.04026087070687,2.0,0.4450916022062302,
632000,480.6812906265259,-201.0088701248169,35.76132228679074,-0.0018977174710697042,15.23736867904663,0.8703810274600983,0.002918969355778245,-225.54749190807343,46.04026087070687,2.0,0.4491205453872681,
636000,483.6108253002167,-220.8559374809265,37.968318569076345,-0.0029063340245823353,14.782756805419922,0.8383044600486755,0.0048821827076608315,-225.54749190807343,46.04026087070687,2.0,0.444660609960556,
640000,486.5679438114166,-207.17410707473755,36.713417454384356,-0.0037777908823530605,11.5628005027771,0.8145675122737884,0.0042035525548271835,-225.54749190807343,46.04026087070687,2.0,0.425050812959671,
644000,490.8099479675293,-214.20692348480225,36.186524546179236,-0.0043414487334278995,13.172288036346435,0.7547019064426422,0.006437691375923654,-220.54914951324463,51.20067778576616,2.0,0.4186171621084213,
648000,493.62031269073486,-215.0388538837433,30.334210767160922,-0.0018872579414552781,14.918513965606689,0.8023444414138794,0.00627895335201174,-220.54914951324463,51.20067778576616,2.0,0.41292297542095185,
652000,496.4379675388336,-210.6798710823059,32.15449088842338,-0.003189579097282369,12.742502880096435,0.8545759320259094,0.004297453380422667,-220.54914951324463,51.20067778576616,2.0,0.4214389145374298,
656000,499.2426688671112,-214.32985520362854,36.560904431603795,-0.002542433390587817,11.760786151885986,0.8314653933048248,0.005923412833362817,-220.54914951324463,51.20067778576616,2.0,0.4212619781494141,
660000,502.1187720298767,-211.4366090297699,29.658299735636426,-0.001366993126381799,12.541703510284425,0.8282695412635803,0.006703254417516291,-220.54914951324463,51.20067778576616,2.0,0.4106026589870453,
664000,505.0444805622101,-220.1334080696106,43.04317702380944,-0.0023927769456058455,16.662726306915282,0.7688094913959503,0.0037289933010470123,-220.54914951324463,51.20067778576616,2.0,0.36351671516895295,
668000,507.97043347358704,-213.8535759449005,32.964086946535815,-0.0028148340726232846,9.70876784324646,0.8025545835494995,0.005079656781163067,-220.54914951324463,51.20067778576616,2.0,0.38689262568950655,
672000,510.91609621047974,-217.38389444351196,38.982044205857775,-0.003746174354261456,11.468249702453614,0.7612280309200287,0.002838671124579073,-220.54914951324463,51.20067778576616,2.0,0.38079223930835726,
676000,513.8358793258667,-203.60266876220703,33.302825225125375,-0.0037726142029278265,12.764105033874511,0.7966725826263428,0.005245988873502938,-220.54914951324463,51.20067778576616,2.0,0.4099720507860184,
680000,516.8210506439209,-213.05933141708374,39.62925897389319,-0.0027513682385130523,14.906172847747802,0.8461458742618561,0.005095211113803089,-220.54914951324463,51.20067778576616,2.0,0.40637930333614347,
684000,521.0006799697876,-214.36272740364075,37.17171517871936,-0.004152425168082096,14.875723934173584,0.833035284280777,0.004224403962415335,-207.99687428027391,38.35571862841378,2.0,0.3769959181547165,
688000,523.9807181358337,-207.2665479183197,33.46331503156231,-0.002066793158708613,14.167053604125977,0.8631362736225128,0.004273567156633362,-207.99687428027391,38.35571862841378,2.0,0.3806512922048569,
692000,526.948456287384,-208.43434190750122,33.78158547978353,-0.002035141926724471,15.939110946655273,0.8408372402191162,0.004024666179611813,-207.99687428027391,38.35571862841378,2.0,0.38953335881233214,
696000,529.8746280670166,-215.27377676963806,37.563678212056814,-0.002891433343601779,14.105435562133788,0.7662263572216034,0.006350256118457765,-207.99687428027391,38.35571862841378,2.0,0.3818660378456116,
700000,532.811404466629,-215.88538217544556,35.765654641083756,-0.004331298705112818,12.29983835220337,0.8098808646202087,0.003115500742569566,-207.99687428027391,38.35571862841378,2.0,0.37843563258647916,
704000,535.7971580028534,-202.5661370754242,29.17366291349071,-0.00383824118242293,8.715751647949219,0.8280007302761078,0.0034008819900918754,-207.99687428027391,38.35571862841378,2.0,0.3711862325668335,
708000,538.812224149704,-214.83543276786804,37.180759213389855,-0.003389824121957652,9.585328006744385,0.7857404947280884,0.006473809863479563,-207.99687428027391,38.35571862841378,2.0,0.35441202819347384,
712000,541.761079788208,-204.17230319976807,32.78698302470951,-0.0015624732768240613,12.407306385040282,0.7509911715984344,0.004328222909942281,-207.99687428027391,38.35571862841378,2.0,0.34315424263477323,
716000,544.6606562137604,-211.34016180038452,39.29539879213536,-0.002697456965795286,13.09827537536621,0.7418730795383454,0.005998443993778602,-207.99687428027391,38.35571862841378,2.0,0.3229336112737656,
720000,547.6501417160034,-206.84259283542633,42.64227180679737,-0.0022852114115764267,13.440675926208495,0.7093773543834686,0.0037055158230941744,-207.99687428027391,38.35571862841378,2.0,0.3345475733280182,
724000,551.9111580848694,-220.02540707588196,36.89453279452212,-0.0033655244039497933,13.63621015548706,0.732526433467865,0.001993130304617807,-215.5261666327715,34.56011755994113,2.0,0.3331395089626312,
728000,554.8722643852234,-214.00082898139954,39.7714591637062,-0.0040549492576781535,12.664978313446046,0.7347554862499237,0.0056871504185643795,-215.5261666327715,34.56011755994113,2.0,0.3186610996723175,
732000,557.8308866024017,-207.0358511209488,39.29980859848608,-0.00351215960197927,11.94723596572876,0.7476680994033813,0.0027504689554043614,-215.5261666327715,34.56011755994113,2.0,0.2980455279350281,
736000,560.8155610561371,-212.73824429512024,40.38595268412787,-0.002324719404724185,15.189060401916503,0.7673771142959595,0.005982865247642621,-215.5261666327715,34.56011755994113,2.0,0.3244044780731201,
740000,563.7676966190338,-211.50419974327087,37.93860841003894,-0.0031387239750668705,15.64653558731079,0.8788241744041443,0.005842231724256031,-215.5261666327715,34.56011755994113,2.0,0.31416082978248594,
744000,566.7213196754456,-212.27529335021973,27.871053312350746,-0.0037600674093701157,11.862495613098144,0.8966479539871216,0.00550173541996628,-215.5261666327715,34.56011755994113,2.0,0.3061846077442169,
748000,569.6694488525391,-209.41646361351013,37.72142490724818,-0.004298236474588846,11.921045589447022,0.8302795827388764,0.0031510346467257476,-215.5261666327715,34.56011755994113,2.0,0.3139240711927414,
752000,572.6538197994232,-208.80994486808777,30.302380405117496,-0.0036611049312632814,11.992645263671875,0.8621114015579223,0.006977293498387249,-215.5261666327715,34.56011755994113,2.0,0.32613006234169006,
756000,575.6335525512695,-208.3588423728943,38.075159657869044,-0.0023392787001163206,15.521856307983398,0.8499109506607055,0.0031864865275565537,-215.5261666327715,34.56011755994113,2.0,0.33843162953853606,
760000,578.5756804943085,-206.67186188697815,34.75420311416908,-0.004768417105738365,8.752168655395508,0.8309264659881592,0.004080697198514826,-215.5261666327715,34.56011755994113,2.0,0.3474813222885132,
764000,582.8900475502014,-202.34921312332153,32.3846311930988,-0.004985685153864328,8.494173288345337,0.7963675796985626,0.004609407526906595,-209.67251938581467,37.86702229651755,2.0,0.3657224774360657,
768000,585.8475890159607,-208.0928249359131,35.40252786862772,-0.0053685934851722015,10.081569385528564,0.8247618913650513,0.004721117879846137,-209.67251938581467,37.86702229651755,2.0,0.3508319228887558,
772000,588.8070204257965,-213.38645386695862,35.496363885757994,-0.004664063246222217,13.352100276947022,0.8571996867656708,0.006221312540583312,-209.67251938581467,37.86702229651755,2.0,0.33674112260341643,
776000,591.7558953762054,-201.9413492679596,34.93772277047665,-0.002374457493676552,12.024513339996338,0.8791884005069732,0.003492481607943798,-209.67251938581467,37.86702229651755,2.0,0.33263554275035856,
780000,594.6996674537659,-204.01867127418518,37.4825174757574,-0.004458088204885513,10.182062673568726,0.8862577915191651,0.00476293798163534,-209.67251938581467,37.86702229651755,2.0,0.3325778037309647,
784000,597.547990322113,-203.00119996070862,35.36606517523133,-0.003977824636347016,10.739874267578125,0.901036512851715,0.005306021554628404,-209.67251938581467,37.86702229651755,2.0,0.3332379937171936,
788000,600.4926981925964,-202.61852526664734,33.809896895860774,-0.003705330450863897,14.496909618377686,0.8155137836933136,0.006196352047845721,-209.67251938581467,37.86702229651755,2.0,0.3557215452194214,
792000,603.4533638954163,-201.67380094528198,26.99327362526072,-0.004852815241940945,10.263640737533569,0.8490000069141388,0.005635058421331163,-209.67251938581467,37.86702229651755,2.0,0.3594470232725143,
796000,606.3856647014618,-207.97909283638,40.85071826415029,-0.004580960908283771,15.809489822387695,0.7916598618030548,0.005858801039440253,-209.67251938581467,37.86702229651755,2.0,0.3434487968683243,
800000,609.3495709896088,-214.92869877815247,36.24985496958918,-0.0048893680388573555,14.124410438537598,0.8310004055500031,0.007420942699536681,-209.67251938581467,37.86702229651755,2.0,0.3614123225212097,
804000,613.6415297985077,-205.37752485275269,37.163865139013446,-0.004262804053102975,11.882570743560791,0.8107942402362823,0.005510221601308651,-208.47427566349506,32.6468505546629,2.0,0.35193789601325987,
808000,616.6465463638306,-219.653240442276,35.27941311328637,-0.004139020791277303,15.366586208343506,0.8286954283714294,0.005270426388053845,-208.47427566349506,32.6468505546629,2.0,0.3282224625349045,
812000,619.6187701225281,-213.23776984214783,39.102933473015355,-0.004390266839719814,12.87304220199585,0.8904426455497741,0.005237954809796097,-208.47427566349506,32.6468505546629,2.0,0.3433865785598755,
816000,622.54931807518,-206.69959020614624,32.56727695089375,-0.004295825833765176,10.321099853515625,0.8634582340717316,0.0014412746648304164,-208.47427566349506,32.6468505546629,2.0,0.3148330211639404,
820000,625.4991977214813,-202.38149392604828,35.18382912437738,-0.004839473056296529,10.756681156158447,0.8252349317073822,0.006414489040616899,-208.47427566349506,32.6468505546629,2.0,0.3001817137002945,
824000,628.3529906272888,-217.09909868240356,33.232856001182036,-0.004714428109349677,10.57288408279419,0.8523204386234283,0.0034217411267648767,-208.47427566349506,32.6468505546629,2.0,0.3246709585189819,
828000,631.2148168087006,-208.44093775749207,35.8333894066913,-0.004800942919294826,10.686839628219605,0.8675658285617829,0.00487038737690697,-208.47427566349506,32.6468505546629,2.0,0.32509989440441134,
832000,634.1280393600464,-195.7411346435547,31.243181297378538,-0.003315747367412225,10.24776782989502,0.8959569454193115,0.004582505079451948,-208.47427566349506,32.6468505546629,2.0,0.33366028368473055,
836000,637.0851011276245,-203.35463643074036,29.98678807911802,-0.0030356578020534373,10.445284032821656,0.8484510123729706,0.007370526855811477,-208.47427566349506,32.6468505546629,2.0,0.35011095404624937,
840000,639.960592508316,-198.4108054637909,28.503133829152528,-0.004529272236938909,9.709232902526855,0.8471122622489929,0.007987354602664708,-208.47427566349506,32.6468505546629,2.0,0.36736692786216735,
844000,644.2260730266571,-203.37002611160278,33.59920626213447,-0.003893585381408471,12.11682949066162,0.8226212620735168,0.004383662987675052,-199.69998290389776,34.877885084781745,2.0,0.372606498003006,
848000,647.1562631130219,-207.1207640171051,36.7151486143155,-0.0007484315057518564,14.368411350250245,0.8116132855415344,0.0069317873327527256,-199.69998290389776,34.877885084781745,2.0,0.35662807524204254,
852000,650.0936710834503,-207.22135663032532,36.21685048902173,-0.0025011399118617383,12.75333366394043,0.7958132088184356,0.0060509208335230765,-199.69998290389776,34.877885084781745,2.0,0.35548384189605714,
856000,653.0285131931305,-206.5067105293274,31.243896363402772,-0.0017001066001054443,14.29077444076538,0.806490033864975,0.005796091061085462,-199.69998290389776,34.877885084781745,2.0,0.351271852850914,
860000,655.8772010803223,-203.99356174468994,29.56762756189024,-0.0023624287635418016,7.913009548187256,0.7775440573692322,0.009751875849906355,-199.69998290389776,34.877885084781745,2.0,0.36556196212768555,
864000,658.7592239379883,-208.2700879573822,39.30460256164521,-0.0028264503261695496,14.904285144805907,0.7816138684749603,0.005794405599590391,-199.69998290389776,34.877885084781745,2.0,0.3567829579114914,
868000,661.6764471530914,-204.57755279541016,30.959886033993573,-0.0035587453321398567,10.04291558265686,0.7637637495994568,0.006900998367927969,-199.69998290389776,34.877885084781745,2.0,0.3627748340368271,
872000,664.5971636772156,-194.21576046943665,30.506853609464407,-0.00425050032868377,8.700521755218507,0.7889991879463196,0.0071796600715412495,-199.69998290389776,34.877885084781745,2.0,0.3713169634342194,
876000,667.5242702960968,-204.5483376979828,35.45808991874363,-0.003990915697184394,10.95152826309204,0.7794928789138794,0.006041340385253236,-199.69998290389776,34.877885084781745,2.0,0.35900979936122895,
880000,670.3992176055908,-204.6417076587677,34.93842177663718,-0.002644831633466893,12.008406162261963,0.7831493437290191,0.005644519359339029,-199.69998290389776,34.877885084781745,2.0,0.3932458281517029,
884000,674.6385869979858,-206.78657245635986,32.76261793095967,-0.0039054713211565508,9.244367456436157,0.789667159318924,0.007631289271482577,-200.35844380408525,27.955134058899354,2.0,0.3789676040410995,
888000,677.6124398708344,-193.88365983963013,32.607947990438646,-0.00533097109431413,8.60811619758606,0.8380068898200989,0.008226316119544209,-200.35844380408525,27.955134058899354,2.0,0.37126504480838773,
892000,680.5799667835236,-199.6816623210907,29.451880714377136,-0.0050721230659789285,9.447387838363648,0.8616458952426911,0.00965694886911661,-200.35844380408525,27.955134058899354,2.0,0.38769360482692716,
896000,683.5227568149567,-195.57269299030304,33.85823255602298,-0.0019104184775109,12.699497509002686,0.8897355735301972,0.006555631810333584,-200.35844380408525,27.955134058899354,2.0,0.37642801403999326,
900000,686.4684562683105,-203.16223216056824,34.148402582784875,-0.003475980879273255,12.389500141143799,0.9106089353561402,0.004301286339614308,-200.35844380408525,27.955134058899354,2.0,0.33767313957214357,
904000,689.3534083366394,-200.80302786827087,35.89907309887924,-0.003723149154723249,12.901572704315186,0.9129315972328186,0.0032942414470198854,-200.35844380408525,27.955134058899354,2.0,0.34031648337841036,
908000,692.2662281990051,-205.12303519248962,38.907507678618494,-0.003781509362626778,14.302134227752685,0.9779408693313598,0.003283139620907605,-200.35844380408525,27.955134058899354,2.0,0.3371902644634247,
912000,695.1773931980133,-199.6185723543167,36.45167826362909,-0.006072725795054179,9.206862640380859,0.9599643170833587,0.004668951116036624,-200.35844380408525,27.955134058899354,2.0,0.3620290458202362,
916000,698.0753011703491,-204.92382884025574,30.345528001622853,-0.0054457635629612255,8.442516756057739,0.9058462083339691,0.011470785888377577,-200.35844380408525,27.955134058899354,2.0,0.32538377344608305,
920000,700.9309983253479,-202.25222039222717,33.64829980346185,-0.00419275123876286,11.362459087371827,0.9052860796451568,0.005159849814936024,-200.35844380408525,27.955134058899354,2.0,0.32368193864822387,
924000,705.1625521183014,-206.40347576141357,34.70779870729638,-0.0022372853322522703,9.922967147827148,0.8146436929702758,0.00567854616092518,-199.69439832121134,29.69164366951477,2.0,0.3169088542461395,
928000,708.0997593402863,-212.1507580280304,39.636575886603225,-0.004134813835378726,10.432003688812255,0.8832137167453766,0.006752691602334382,-199.69439832121134,29.69164366951477,2.0,0.30453276038169863,
932000,711.0336451530457,-212.3498888015747,42.48161552775137,-0.004451166245446103,8.125914478302002,0.8792137861251831,0.004277024208568037,-199.69439832121134,29.69164366951477,2.0,0.30603536665439607,
936000,713.9500477313995,-205.72839164733887,38.65032893945497,-0.004541763487582351,14.159075069427491,0.8666836202144623,0.005379011876337858,-199.69439832121134,29.69164366951477,2.0,0.3131351798772812,
940000,716.8736147880554,-190.78101015090942,29.33374813945346,-0.00481308425924123,7.769813203811646,0.8736017882823944,0.005510882926949634,-199.69439832121134,29.69164366951477,2.0,0.2862155675888062,
944000,719.7894113063812,-201.24780464172363,37.33514788118621,-0.004636560978057513,13.701483535766602,0.8467097461223603,0.004869341384619474,-199.69439832121134,29.69164366951477,2.0,0.29249596893787383,
948000,722.7130358219147,-207.29964900016785,41.067097351946515,-0.004366928897138367,10.664441204071045,0.803092759847641,0.0038522649090737106,-199.69439832121134,29.69164366951477,2.0,0.30744936466217043,
952000,725.6289625167847,-199.97913455963135,39.359119001496545,-0.005296665579313409,10.30555591583252,0.814341139793396,0.006661926780361682,-199.69439832121134,29.69164366951477,2.0,0.3348795145750046,
956000,728.536473274231,-200.9056338071823,35.72148968957927,-0.005287811070467186,9.719298934936523,0.8112071573734283,0.002951331154520931,-199.69439832121134,29.69164366951477,2.0,0.2995692312717438,
960000,731.3700892925262,-201.42829060554504,32.88593640217967,-0.003962752138148051,8.395104026794433,0.8360195636749268,0.0014374835998751223,-199.69439832121134,29.69164366951477,2.0,0.3313317120075226,
964000,735.4331493377686,-205.25768291950226,31.876251495933907,-0.004130077075756411,10.4742422580719,0.8440431118011474,0.006837266946754727,-202.4570526331663,37.23868058423703,2.0,0.31892352998256684,
968000,738.310574054718,-195.9759076833725,35.306123624822895,-0.003025197964433168,10.791097736358642,0.8274124324321747,0.002659716389840472,-202.4570526331663,37.23868058423703,2.0,0.3235511422157288,
972000,741.2604050636292,-195.5040991306305,43.52541402337995,-0.003966150799261747,14.684757328033447,0.7993587553501129,0.005132631177548319,-202.4570526331663,37.23868058423703,2.0,0.30155119895935056,
976000,744.0526611804962,-201.35926342010498,31.825106877511132,-0.00334268285516508,8.633106803894043,0.8196533918380737,0.006867029619791243,-202.4570526331663,37.23868058423703,2.0,0.3038416296243668,
980000,746.837703704834,-208.7887008190155,32.31358258678521,-0.003426325564699617,12.564442348480224,0.8122516214847565,0.004473704944519952,-202.4570526331663,37.23868058423703,2.0,0.3144969940185547,
984000,749.6636755466461,-198.33502340316772,28.909392905975974,-0.004566565200220829,8.171713876724244,0.7791599273681641,0.006991640133783239,-202.4570526331663,37.23868058423703,2.0,0.30174192786216736,
988000,752.585203409195,-204.41719675064087,29.215290876911794,-0.0042322480549337625,10.441563606262207,0.8076128780841827,0.002825431936071254,-202.4570526331663,37.23868058423703,2.0,0.29257925450801847,
992000,755.5296258926392,-200.47255873680115,37.85603631128861,-0.0035675814911568793,13.552890396118164,0.7449743092060089,0.005944054456117254,-202.4570526331663,37.23868058423703,2.0,0.29588867723941803,
996000,758.4331336021423,-197.38677179813385,39.76090514621728,-0.0050369571014307725,10.183945560455323,0.7779840528964996,0.0047777388251076134,-202.4570526331663,37.23868058423703,2.0,0.32508743107318877,
1000000,761.3771812915802,-196.73630475997925,30.28115714873741,-0.006006314008807134,9.003745794296265,0.7502973973751068,0.007107130429047781,-202.4570526331663,37.23868058423703,2.0,0.2992727518081665,
1004000,765.596871137619,-199.83536732196808,37.131204343901175,-0.004131054289018099,15.8285551071167,0.7669145226478576,0.004417116148397326,-199.7590738683939,31.90958974703895,2.0,0.2978252410888672,
1008000,768.5768976211548,-198.86493277549744,34.16193730380399,-0.005405588564074903,9.883220911026001,0.8082006573677063,0.004258158454671502,-199.7590738683939,31.90958974703895,2.0,0.29121602773666383,
1012000,771.535299539566,-200.33628249168396,33.939875613118474,-0.005019938646117339,10.372502613067628,0.8499762415885925,0.0038566404551578113,-199.7590738683939,31.90958974703895,2.0,0.27744430899620054,
1016000,774.4823656082153,-198.6088695526123,33.72475116063294,-0.005303670252595716,9.29817795753479,0.7588426768779755,0.007005237107165163,-199.7590738683939,31.90958974703895,2.0,0.29276291728019715,
1020000,777.4377899169922,-195.18726801872253,26.385216078512535,-0.0036628263497259896,7.472928762435913,0.7434490323066711,0.003695781855921565,-199.7590738683939,31.90958974703895,2.0,0.27849026024341583,
1024000,780.3915693759918,-200.01591753959656,30.37678983500304,-0.003918528811812094,10.991225337982177,0.7710780143737793,0.0059550122559691495,-199.7590738683939,31.90958974703895,2.0,0.2762954294681549,
1028000,783.3410396575928,-195.94449877738953,38.06617443349163,-0.0034859343459829662,14.448185157775878,0.7122701346874237,0.005920349509688094,-199.7590738683939,31.90958974703895,2.0,0.25506035089492796,
1032000,786.2762868404388,-190.04607391357422,28.667760382963234,-0.004514246437698599,6.488211584091187,0.6909664273262024,0.00562311276444234,-199.7590738683939,31.90958974703895,2.0,0.2795595288276672,
1036000,789.1626644134521,-200.3383790254593,35.01284899827561,-0.004306653992505805,10.031307744979859,0.6936549603939056,0.002889143620268442,-199.7590738683939,31.90958974703895,2.0,0.2613953649997711,
1040000,792.0815856456757,-196.11308097839355,32.736831663567116,-0.004717486783551728,10.167417430877686,0.7381500184535981,0.005603801622055471,-199.7590738683939,31.90958974703895,2.0,0.2686481148004532,
1044000,796.3147790431976,-194.2691044807434,29.216548354141533,-0.003671566092612899,11.821013259887696,0.73198122382164,0.0032309248636011034,-195.5195448100567,27.80653406244224,2.0,0.2418089598417282,
1048000,799.2737901210785,-199.4320491552353,37.14305209220789,-0.004095319322543212,13.223782348632813,0.7601230084896088,0.002510142681421712,-195.5195448100567,27.80653406244224,2.0,0.2402169942855835,
1052000,802.2063541412354,-198.90845203399658,35.22542094232842,-0.004510604753391867,10.564217853546143,0.7187665045261383,0.005464326169273903,-195.5195448100567,27.80653406244224,2.0,0.27179657518863676,
1056000,805.1325531005859,-196.6476469039917,32.58656589750423,-0.0041119436343045376,11.824381256103516,0.680602389574051,0.007697128498693928,-195.5195448100567,27.80653406244224,2.0,0.25553855299949646,
1060000,808.0487632751465,-193.42100298404694,31.07687352746552,-0.0029554176841241286,11.838803005218505,0.7154269278049469,0.003962458920432255,-195.5195448100567,27.80653406244224,2.0,0.25851588845252993,
1064000,810.9816796779633,-191.33826637268066,32.85519987587627,-0.00485604471829717,9.292875146865844,0.7278081893920898,0.007620214525377378,-195.5195448100567,27.80653406244224,2.0,0.2400061994791031,
1068000,813.9143364429474,-199.48454177379608,34.82860254255713,-0.003648405753541739,16.076933574676513,0.7672814846038818,0.006940641655819491,-195.5195448100567,27.80653406244224,2.0,0.26413789987564085,
1072000,816.8492805957794,-197.61984491348267,38.355971154808834,-0.004819962654495668,10.83346767425537,0.7407246708869935,0.0023617574708381106,-195.5195448100567,27.80653406244224,2.0,0.2571904450654984,
1076000,819.7724165916443,-195.53752398490906,32.988239023165555,-0.003682584388336796,8.038089179992676,0.7606020510196686,0.0023915325206859683,-195.5195448100567,27.80653406244224,2.0,0.2323244944214821,
1080000,822.6898574829102,-198.8874409198761,31.3293275605825,-0.004469499851266612,10.75802927017212,0.7951764106750489,0.007811676122946665,-195.5195448100567,27.80653406244224,2.0,0.2654014378786087,
1084000,826.9156770706177,-193.3073914051056,35.93500334425792,-0.004998461487470252,8.821564054489135,0.7912698209285736,0.009904073167126626,-193.07470756024122,32.989796192285525,2.0,0.25055626034736633,
1088000,829.8387432098389,-209.4417598247528,37.16398110063575,-0.004544963036430971,13.88710584640503,0.812303364276886,0.004874404032307211,-193.07470756024122,32.989796192285525,2.0,0.24372679442167283,
1092000,832.7511672973633,-198.2697080373764,34.19601751728383,-0.00421048765443266,14.325945281982422,0.8460182905197143,0.005180187558289617,-193.07470756024122,32.989796192285525,2.0,0.24939613789319992,
1096000,835.6792290210724,-193.45918953418732,25.461763864731193,-0.00555149757000617,7.601190853118896,0.8465285301208496,0.003358721820404753,-193.07470756024122,32.989796192285525,2.0,0.26289755702018736,
1100000,838.5963723659515,-191.98135256767273,35.648325975856864,-0.004492723648513985,12.2745943069458,0.8092398822307587,0.005235870677279308,-193.07470756024122,32.989796192285525,2.0,0.2640503793954849,
1104000,841.5078930854797,-197.47762870788574,34.36998042941553,-0.0053730932977050115,14.081371116638184,0.8354418992996215,0.005306780954046797,-193.07470756024122,32.989796192285525,2.0,0.2546157091856003,
1108000,844.4421725273132,-195.71055579185486,32.38063596324769,-0.0057542532814356395,8.692176580429077,0.8168350517749786,0.0028917337622260675,-193.07470756024122,32.989796192285525,2.0,0.23519461005926132,
1112000,847.3696091175079,-198.3174750804901,26.856970297666617,-0.0017480687647767113,8.702760410308837,0.8275173425674438,0.004723547946196049,-193.07470756024122,32.989796192285525,2.0,0.23145491629838943,
1116000,850.323000907898,-201.07384300231934,29.36550894164441,-0.0061135226110152095,7.201239776611328,0.8198940336704255,0.0070826779563601065,-193.07470756024122,32.989796192285525,2.0,0.24646395444869995,
1120000,853.2605233192444,-188.29217743873596,26.63484136234557,-0.004427843835204825,9.845895528793335,0.7925274491310119,0.005832306295633316,-193.07470756024122,32.989796192285525,2.0,0.21063906699419022,
1124000,857.462887763977,-204.9228765964508,32.431544110850325,-0.0033734555653839758,9.966113519668578,0.7806957244873047,0.0026296734547941016,-188.91543823480606,24.769107897823417,2.0,0.2395181402564049,
1128000,860.4121739864349,-196.9229245185852,33.66781868282585,-0.005505337199312632,9.620841217041015,0.820871776342392,0.006703310809098184,-188.91543823480606,24.769107897823417,2.0,0.2119758978486061,
1132000,863.363391160965,-193.0022165775299,31.90462421334005,-0.005535756775798895,8.476464223861694,0.822157746553421,0.0028965824749320745,-188.91543823480606,24.769107897823417,2.0,0.24745799005031585,
1136000,866.2902896404266,-188.88261330127716,31.998989668704333,-0.00465209052610831,10.84253454208374,0.8370742857456207,0.003971364400621203,-188.91543823480606,24.769107897823417,2.0,0.24203666299581528,
1140000,869.222959280014,-190.55208241939545,33.77863777026091,-0.0036363313256297046,10.607831287384034,0.8576429128646851,0.004470717738149688,-188.91543823480606,24.769107897823417,2.0,0.24566631466150285,
1144000,872.1514894962311,-200.17778611183167,37.116463888046624,-0.004178597387003968,11.470061779022217,0.83333141207695,0.004347444624407215,-188.91543823480606,24.769107897823417,2.0,0.21569540500640869,
1148000,875.0726156234741,-186.069185256958,26.300956562248505,-0.006001968593181406,7.621043920516968,0.8234590768814087,0.005346015076385857,-188.91543823480606,24.769107897823417,2.0,0.26583604514598846,
1152000,878.0089347362518,-193.39993858337402,32.98940729495522,-0.00545255410950638,11.428590011596679,0.7974747061729431,0.002756184263154893,-188.91543823480606,24.769107897823417,2.0,0.2269534409046173,
1156000,880.9508411884308,-194.73942399024963,30.979262772764656,-0.004239113645162451,8.404882287979126,0.7830079197883606,0.0037516264375687227,-188.91543823480606,24.769107897823417,2.0,0.23958927541971206,
1160000,883.8775942325592,-194.66116797924042,34.614544149352284,-0.004000760264088399,7.856513738632202,0.7493138194084168,0.00608081019599922,-188.91543823480606,24.769107897823417,2.0,0.2567483842372894,
1164000,888.0966022014618,-189.4850571155548,33.871386758336016,-0.005738175510739296,7.852345991134643,0.8082471191883087,0.005023638760127768,-186.49372224509716,26.37336404068272,2.0,0.27025799751281737,
1168000,891.0443022251129,-190.20797681808472,30.553809958913035,-0.005067234479899874,8.098152923583985,0.7949150979518891,0.003669494243493926,-186.49372224509716,26.37336404068272,2.0,0.2608363002538681,
1172000,893.9773292541504,-196.2067575454712,33.33796648434946,-0.006639712797710651,7.30090012550354,0.7857627689838409,0.005591472098603845,-186.49372224509716,26.37336404068272,2.0,0.250637549161911,
1176000,896.9223711490631,-196.56462907791138,34.84572320729504,-0.0044872202803381,9.905486679077148,0.7775713622570037,0.004163245961535722,-186.49372224509716,26.37336404068272,2.0,0.24460101872682571,
1180000,899.8367812633514,-188.33808970451355,31.40275507011962,-0.006862092557673649,7.727823114395141,0.762223869562149,0.007849530685925865,-186.49372224509716,26.37336404068272,2.0,0.276216658949852,
1184000,902.7623403072357,-190.82611083984375,33.1616673115929,-0.003406278370025895,12.842550563812257,0.7509049475193024,0.004531740494654513,-186.49372224509716,26.37336404068272,2.0,0.2560232788324356,
1188000,905.6890881061554,-191.55463027954102,30.586357788488055,-0.007265410762280311,7.12260856628418,0.7878815591335296,0.005141101410845295,-186.49372224509716,26.37336404068272,2.0,0.24553899466991425,
1192000,908.5992915630341,-187.64558446407318,36.75283230876421,-0.004542724312283042,9.681593656539917,0.7541559278964997,0.0022944531141547487,-186.49372224509716,26.37336404068272,2.0,0.2586953163146973,
1196000,911.5182917118073,-193.7052149772644,33.35780217228896,-0.004945839673513541,9.381202745437623,0.7936043024063111,0.004219013241119685,-186.49372224509716,26.37336404068272,2.0,0.2577046513557434,
1200000,914.4324553012848,-197.060054063797,28.97547180777861,-0.006569319206289936,7.719292831420899,0.7964782297611237,0.0036770617208676413,-186.49372224509716,26.37336404068272,2.0,0.25056302845478057,
1204000,918.6976828575134,-185.12911295890808,25.814921558707944,-0.005068998480991826,10.906449890136718,0.8152592658996582,0.004527790559222922,-192.36726228892803,31.467220342060365,2.0,0.26682682037353517,
1208000,921.6665885448456,-184.67310523986816,35.25402315510722,-0.004139442813970762,7.924572515487671,0.7298824906349182,0.005047317140270025,-192.36726228892803,31.467220342060365,2.0,0.25958117842674255,
1212000,924.5934710502625,-188.93187260627747,37.1227585157692,-0.00441219003715867,9.078766059875488,0.7333248019218445,0.005086951014741015,-192.36726228892803,31.467220342060365,2.0,0.24198602885007858,
1216000,927.5222222805023,-185.98669826984406,33.6969121771457,-0.005077597710924841,13.466575717926025,0.735568767786026,0.007939081817399708,-192.36726228892803,31.467220342060365,2.0,0.27077111005783083,
1220000,930.4458277225494,-191.90072011947632,33.517611935281444,-0.0027368202115661154,11.388904666900634,0.7045434892177582,0.005837782642338451,-192.36726228892803,31.467220342060365,2.0,0.2555594503879547,
1224000,933.3977499008179,-192.68818497657776,27.093718403152867,-0.00456616627937183,7.438784885406494,0.790496152639389,0.011639772076159715,-192.36726228892803,31.467220342060365,2.0,0.25299420654773713,
1228000,936.3675639629364,-196.49929213523865,29.87815401398769,-0.005877674051560433,7.843801069259643,0.7440439760684967,0.013709360209759325,-192.36726228892803,31.467220342060365,2.0,0.25438185036182404,
1232000,939.3239786624908,-199.40070295333862,31.918821399088543,-0.002433485239021449,14.935349941253662,0.7602757632732391,0.005024205229710787,-192.36726228892803,31.467220342060365,2.0,0.28666411638259887,
1236000,942.2406468391418,-196.2299518585205,30.98245862870561,-0.0060203314987011146,8.16248860359192,0.7723713338375091,0.00776006311061792,-192.36726228892803,31.467220342060365,2.0,0.2676669716835022,
1240000,945.1793353557587,-183.64539408683777,30.823384144523402,-0.003819258650570756,12.561828422546387,0.7572738707065583,0.005112647649366408,-192.36726228892803,31.467220342060365,2.0,0.25452850162982943,
1244000,949.4069797992706,-191.96444284915924,39.509152207263696,-0.005801959590132655,8.681155824661255,0.7443140923976899,0.007718775415560231,-194.87773447483778,32.84295629836512,2.0,0.28149146139621734,
1248000,952.3604869842529,-200.06076622009277,36.1233517911367,-0.00449841098409749,10.558247089385986,0.7264229536056519,0.004478361971521139,-194.87773447483778,32.84295629836512,2.0,0.23988937288522721,
1252000,955.2937471866608,-195.04153275489807,33.838887365509066,-0.005536308599985195,13.745988273620606,0.7158322036266327,0.013071832584682853,-194.87773447483778,32.84295629836512,2.0,0.2643945425748825,
1256000,958.2289907932281,-196.047691822052,37.83485856798218,-0.005740336233206714,10.455664157867432,0.7498121380805969,0.0050602563278516755,-194.87773447483778,32.84295629836512,2.0,0.2651691347360611,
1260000,961.1560506820679,-187.1195751428604,26.866870571805492,-0.00368865790858397,11.766367149353027,0.6994204461574555,0.008565427793655545,-194.87773447483778,32.84295629836512,2.0,0.23403227627277373,
1264000,963.9931185245514,-190.34212231636047,27.79650384793625,-0.005091823437251142,8.79346809387207,0.7426992058753967,0.006459144459222443,-194.87773447483778,32.84295629836512,2.0,0.24886499494314193,
1268000,966.7571046352386,-186.84468066692352,27.9596052434836,-0.004615405403698513,8.452532815933228,0.7151541411876678,0.008196769047683716,-194.87773447483778,32.84295629836512,2.0,0.23635777533054353,
1272000,969.5360736846924,-182.31896781921387,27.053198792149974,-0.006934764922906922,8.031187725067138,0.7299827396869659,0.009003125612798613,-194.87773447483778,32.84295629836512,2.0,0.22643046081066132,
1276000,972.4368262290955,-190.4625837802887,27.714662541174214,-0.00560531526772926,6.453053522109985,0.7610286235809326,0.006099739652592718,-194.87773447483778,32.84295629836512,2.0,0.2252556562423706,
1280000,975.3528323173523,-195.51535260677338,39.06208440692437,-0.0033170681150320293,17.971510696411134,0.7574636697769165,0.005131845149522096,-194.87773447483778,32.84295629836512,2.0,0.19320587813854218,
1284000,979.5717751979828,-190.61236238479614,32.05241897084802,-0.008125877719372454,5.738514947891235,0.7670111715793609,0.009173505194485187,-188.1387084722519,28.924581071838933,2.0,0.2000753700733185,
1288000,982.5259428024292,-192.1403707265854,28.292261105316992,-0.0053945723280776296,7.1558819770812985,0.7565998733043671,0.006999971270406036,-188.1387084722519,28.924581071838933,2.0,0.19668967723846437,
1292000,985.4746527671814,-192.53749799728394,31.269175107691204,-0.003393494791351248,12.933924674987793,0.7798316836357116,0.005272831369074993,-188.1387084722519,28.924581071838933,2.0,0.1929241731762886,
1296000,988.4488236904144,-190.93736934661865,32.99148749358576,-0.003994645704554145,8.989575147628784,0.7014943063259125,0.003960382613198199,-188.1387084722519,28.924581071838933,2.0,0.1926993951201439,
1300000,991.4090349674225,-191.74319791793823,30.13917566319396,-0.004753793899998193,8.239731121063233,0.7042108952999115,0.0076458974129830935,-188.1387084722519,28.924581071838933,2.0,0.18074451386928558,
1304000,994.3247289657593,-191.13657426834106,33.75730726849566,-0.007227397939655944,13.040395259857178,0.6980951368808747,0.009729569777846336,-188.1387084722519,28.924581071838933,2.0,0.18338941782712936,
1308000,997.2794187068939,-181.24537777900696,34.15224010248399,-0.007738164600295328,8.005940294265747,0.7039646565914154,0.005515230199166865,-188.1387084722519,28.924581071838933,2.0,0.1958369180560112,
1312000,1000.2621171474457,-180.28671598434448,30.328297232592025,-0.006607831457629843,10.291201305389404,0.7235355973243713,0.006320121104363352,-188.1387084722519,28.924581071838933,2.0,0.19850810319185258,
1316000,1003.205883026123,-191.64251267910004,31.44095247621109,-0.0045226567550562535,13.14226312637329,0.6909366905689239,0.0031012131456567005,-188.1387084722519,28.924581071838933,2.0,0.21029190719127655,
1320000,1006.1863403320312,-196.62108743190765,37.84960998616657,-0.005970267047019062,8.426537656784058,0.763762229681015,0.008470540610142052,-188.1387084722519,28.924581071838933,2.0,0.2129574552178383,
1324000,1010.4332604408264,-189.4225858449936,33.76682173651809,-0.00495156049402432,9.933379316329956,0.7237835824489594,0.0077317988813544345,-185.88324294239283,30.577870050081664,2.0,0.2018583744764328,
1328000,1013.3828294277191,-195.4294251203537,34.59316772416875,-0.00643653142638505,10.58732852935791,0.723192173242569,0.003925975482794453,-185.88324294239283,30.577870050081664,2.0,0.20280899107456207,
1332000,1016.3240787982941,-194.22669982910156,36.94681696464292,-0.004387883540010051,12.678473854064942,0.7208895027637482,0.0070314738841261715,-185.88324294239283,30.577870050081664,2.0,0.21679421216249467,
1336000,1019.2747979164124,-191.84070324897766,34.308548856478055,-0.005443004639508686,11.605663204193116,0.7455723702907562,0.009579575981479137,-185.88324294239283,30.577870050081664,2.0,0.20241977870464326,
1340000,1022.2169499397278,-183.81810665130615,29.81254044782497,-0.005516695939896943,7.580624055862427,0.7523216426372528,0.005735499930257603,-185.88324294239283,30.577870050081664,2.0,0.19087500423192977,
1344000,1025.138670682907,-195.12507498264313,36.399359112784396,-0.004181650619982946,8.535876417160035,0.730726420879364,0.004678533393462825,-185.88324294239283,30.577870050081664,2.0,0.1761134758591652,
1348000,1028.0473334789276,-194.45097482204437,36.12425268993022,-0.0055899988603778095,6.71337103843689,0.6912088453769684,0.009170240836218002,-185.88324294239283,30.577870050081664,2.0,0.18529803454875945,
1352000,1030.9329867362976,-192.91793489456177,31.99087523345982,-0.0046008889588993185,12.640648460388183,0.6689259350299835,0.00550291248364374,-185.88324294239283,30.577870050081664,2.0,0.19966455549001694,
1356000,1033.8723149299622,-198.26931047439575,32.630939223863464,-0.005028099829874311,10.90084466934204,0.6964347183704376,0.002692575100343686,-185.88324294239283,30.577870050081664,2.0,0.16958009749650954,
1360000,1036.8100018501282,-196.80953073501587,43.04501943705955,-0.004705404071835772,12.575906753540039,0.7057792961597442,0.004962017311481759,-185.88324294239283,30.577870050081664,2.0,0.21161228865385057,
1364000,1041.0499136447906,-194.39924931526184,33.4257767170244,-0.005250528227382656,9.018649816513062,0.744758802652359,0.00784484694013372,-195.10866625607014,36.41433074417685,2.0,0.16320829838514328,
1368000,1043.9959230422974,-192.2560133934021,30.47071033413536,-0.007068147767956079,8.91507339477539,0.7088800013065338,0.004574429150670767,-195.10866625607014,36.41433074417685,2.0,0.16752641201019286,
1372000,1046.983005285263,-198.09082329273224,33.94935505698381,-0.005409965808037676,10.557407760620118,0.7135123670101166,0.0070544057060033085,-195.10866625607014,36.41433074417685,2.0,0.17832691520452498,
1376000,1049.8740763664246,-189.61097991466522,26.627194230305303,-0.005843202040065165,5.479738426208496,0.7175639271736145,0.00801866443688053,-195.10866625607014,36.41433074417685,2.0,0.1782929077744484,
1380000,1052.7760136127472,-190.96288657188416,30.901728341390328,-0.00592329786578194,10.970376586914062,0.7224003911018372,0.009153579582925887,-195.10866625607014,36.41433074417685,2.0,0.1690439447760582,
1384000,1055.7122564315796,-189.6475167274475,28.27890606934337,-0.0051573162005903225,7.155733108520508,0.6929277420043946,0.010750330970312172,-195.10866625607014,36.41433074417685,2.0,0.1898600235581398,
1388000,1058.644164800644,-184.88124120235443,31.06294545283121,-0.00476804757715823,8.268131351470947,0.7199405372142792,0.0022378601192031057,-195.10866625607014,36.41433074417685,2.0,0.18918949812650682,
1392000,1061.4618394374847,-192.74661135673523,32.875954949340816,-0.007024007828130075,5.1738118648529055,0.7302996277809143,0.007178766253559543,-195.10866625607014,36.41433074417685,2.0,0.20315314531326295,
1396000,1064.233281135559,-191.1255224943161,33.68354512834934,-0.004291273112408822,9.835451030731202,0.741311913728714,0.00517204193380894,-195.10866625607014,36.41433074417685,2.0,0.19472837597131729,
1400000,1067.0994009971619,-191.40441715717316,38.29753463357536,-0.004182658804735872,16.80219249725342,0.7696512281894684,0.0036068227561288245,-195.10866625607014,36.41433074417685,2.0,0.17300181537866594,
1404000,1071.3108723163605,-192.32022273540497,29.96671979071662,-0.007002606818452506,7.894917631149292,0.7522463738918305,0.0051030137168709185,-187.82664470374584,32.72707640050958,2.0,0.1799743264913559,
1408000,1074.2526025772095,-189.90381526947021,35.72472549364943,-0.005865331463826196,9.285306215286255,0.7660529613494873,0.0042156564908509605,-187.82664470374584,32.72707640050958,2.0,0.1702894538640976,
1412000,1077.1987493038177,-195.88633942604065,31.809733182170472,-0.0057508136301379405,11.112265586853027,0.8002394735813141,0.004563725012121722,-187.82664470374584,32.72707640050958,2.0,0.1841980516910553,
1416000,1080.1411278247833,-194.4090449810028,33.890834642491654,-0.003690236979707451,11.698273277282714,0.7677452266216278,0.002261120144976303,-187.82664470374584,32.72707640050958,2.0,0.1806620702147484,
1420000,1083.0697343349457,-193.40997457504272,33.36606331921497,-0.005075779658198975,8.064289331436157,0.7456580519676208,0.0051719983923248945,-187.82664470374584,32.72707640050958,2.0,0.16949631422758102,
1424000,1086.021954536438,-191.4326069355011,29.450788188242836,-0.004373041308873038,7.979562425613404,0.7279842495918274,0.004328298568725586,-187.82664470374584,32.72707640050958,2.0,0.17011996656656264,
1428000,1088.9632692337036,-195.077166557312,34.065256740803385,-0.004431076450118176,9.774889373779297,0.7601788997650146,0.0070351088792862,-187.82664470374584,32.72707640050958,2.0,0.15232511907815932,
1432000,1091.8020555973053,-196.59454834461212,34.14240480472493,-0.004638047987983285,8.796682929992675,0.7745908796787262,0.003327500284222573,-187.82664470374584,32.72707640050958,2.0,0.17045668214559556,
1436000,1094.7848467826843,-193.1940770149231,31.110259796673873,-0.0060604909561419226,6.4083719730377195,0.7748213112354279,0.0071375637431629006,-187.82664470374584,32.72707640050958,2.0,0.19182322323322296,
1440000,1097.775069475174,-193.0806895494461,36.717231597974184,-0.006420554381407184,13.426584148406983,0.7456682980060577,0.006309210282750427,-187.82664470374584,32.72707640050958,2.0,0.17136637419462203,
1444000,1101.9876720905304,-200.1328387260437,29.536720206451253,-0.0047385414286206465,7.557743644714355,0.7619577586650849,0.009911851189099253,-192.18509926646948,32.261530099322,2.0,0.16301635801792144,
1448000,1104.9472649097443,-188.2022864818573,31.29154559113043,-0.005209962769101084,7.845051193237305,0.7930788457393646,0.005399401910835877,-192.18509926646948,32.261530099322,2.0,0.16297114491462708,
1452000,1107.917473077774,-188.31769561767578,30.004743605268523,-0.005637064831021022,8.77077751159668,0.7850813388824462,0.002934793280340564,-192.18509926646948,32.261530099322,2.0,0.14007545709609986,
1456000,1110.8887989521027,-191.3102513551712,33.27804829844478,-0.00466464274299021,7.009855842590332,0.7031907260417938,0.004071980036174238,-192.18509926646948,32.261530099322,2.0,0.13822360932826996,
1460000,1113.84658908844,-196.7001268863678,31.87637361367235,-0.006480960301434002,5.588266277313233,0.7756937205791473,0.003789911398780532,-192.18509926646948,32.261530099322,2.0,0.16657225489616395,
1464000,1116.794305562973,-190.69522523880005,33.07060533688786,-0.005177665984180435,9.936943531036377,0.7312137961387635,0.002343725532021684,-192.18509926646948,32.261530099322,2.0,0.15497012585401534,
1468000,1119.7575328350067,-191.23219180107117,27.828038662227797,-0.0018522330369645345,9.194239282608033,0.7520531594753266,0.00499570277829966,-192.18509926646948,32.261530099322,2.0,0.15148669332265854,
1472000,1122.6651065349579,-195.43803143501282,42.782274876265205,-0.006398613244139817,14.301637268066406,0.7713339984416961,0.003857639094348997,-192.18509926646948,32.261530099322,2.0,0.152181039750576,
1476000,1125.6206951141357,-191.2511065006256,35.15330233115362,-0.0031991697673996455,9.2115788936615,0.7802363812923432,0.015949867401272043,-192.18509926646948,32.261530099322,2.0,0.14115145206451415,
1480000,1128.590039730072,-191.81082129478455,31.046011957476118,-0.006154279683949415,9.678345489501954,0.783465451002121,0.004742842126870528,-192.18509926646948,32.261530099322,2.0,0.15098287761211396,
1484000,1132.84912276268,-189.86849570274353,33.04176332115804,-0.006037190182677765,9.398862504959107,0.7470970273017883,0.004579154264647514,-189.2238955050707,31.773903624386485,2.0,0.14683437049388887,
1488000,1135.7478897571564,-193.51132988929749,27.847098233153027,-0.003115289454050085,9.937721157073975,0.7410128533840179,0.004185567677486723,-189.2238955050707,31.773903624386485,2.0,0.16396321058273317,
1492000,1138.5281670093536,-195.87789344787598,28.977225916208397,-0.004947705724975116,8.936180067062377,0.7199761390686035,0.007326526660472154,-189.2238955050707,31.773903624386485,2.0,0.15576339960098268,
1496000,1141.3256878852844,-188.79502391815186,28.010251645607884,-0.0029478749430660754,9.901355075836182,0.7413188695907593,0.01272146156989038,-189.2238955050707,31.773903624386485,2.0,0.15406000465154648,
1500000,1144.0884230136871,-193.05018377304077,31.679360472190258,-0.006463939485605863,8.881673336029053,0.7395041227340698,0.007989822353081166,-189.2238955050707,31.773903624386485,2.0,0.15708538442850112,
1504000,1146.8365726470947,-201.38421034812927,31.718745120710807,-0.004957427346535592,9.594883394241332,0.7257191240787506,0.007101753874681904,-189.2238955050707,31.773903624386485,2.0,0.1611146703362465,
1508000,1149.5933363437653,-191.04184806346893,33.97391685649874,-0.0047647778773679764,12.51376838684082,0.7604081153869628,0.006678366309885564,-189.2238955050707,31.773903624386485,2.0,0.14808699488639832,
1512000,1152.405338525772,-192.0264514684677,34.52428848947149,-0.004680721847456937,6.414942646026612,0.7572951376438141,0.003980070440874761,-189.2238955050707,31.773903624386485,2.0,0.13120284229516982,
1516000,1155.2070670127869,-191.10191750526428,39.59019594014886,-0.0037331488251996616,10.46161413192749,0.7499982059001923,0.0032577776269366423,-189.2238955050707,31.773903624386485,2.0,0.1396934822201729,
1520000,1157.9977087974548,-194.9277720451355,34.13242408963347,-0.003584547263376159,9.924849557876588,0.7368169724941254,0.0023900606268095538,-189.2238955050707,31.773903624386485,2.0,0.14038373231887818,
1524000,1162.0423271656036,-187.54796934127808,34.62136135933346,-0.003984444687996724,10.993534374237061,0.7778623044490814,0.005185252738806101,-190.2566521242261,32.545332786777315,2.0,0.14328462034463882,
1528000,1164.8159878253937,-185.45117139816284,25.506441388367765,-0.004632469850902865,6.666757202148437,0.772319370508194,0.004693606989089582,-190.2566521242261,32.545332786777315,2.0,0.1412772759795189,
1532000,1167.5623648166656,-189.44415867328644,39.748003084070625,-0.004757005737473552,13.128971672058105,0.7744197487831116,0.007415883720076333,-190.2566521242261,32.545332786777315,2.0,0.1297421231865883,
1536000,1170.2969300746918,-191.6149024963379,31.954803233482313,-0.005292501892739309,9.633745670318604,0.7645312190055847,0.003295232325578912,-190.2566521242261,32.545332786777315,2.0,0.12448810413479805,
1540000,1173.0562512874603,-193.69590365886688,31.272098565886775,-0.0049648816309249,9.373954248428344,0.7504184305667877,0.007831636490300298,-190.2566521242261,32.545332786777315,2.0,0.140312659740448,
1544000,1175.796620607376,-196.60365462303162,37.14273691904478,-0.0050816729759485925,11.18652811050415,0.7242767870426178,0.009911726839840412,-190.2566521242261,32.545332786777315,2.0,0.1427597001194954,
1548000,1178.5747997760773,-185.468674659729,28.06138107586889,-0.006352593025347808,6.327732753753662,0.7657034695148468,0.005499404793605211,-190.2566521242261,32.545332786777315,2.0,0.14587737768888473,
1552000,1181.3668739795685,-184.55201399326324,31.064085661862727,-0.004240782275407895,9.15966992378235,0.7596236824989319,0.003546756866853684,-190.2566521242261,32.545332786777315,2.0,0.1535850092768669,
1556000,1184.1457722187042,-193.4124574661255,33.993376806967234,-0.0029564640995959125,11.194399547576904,0.7698068261146546,0.003960054551134818,-190.2566521242261,32.545332786777315,2.0,0.1435437723994255,
1560000,1186.8894047737122,-182.76199221611023,30.044575746117523,-0.00670461042496997,7.43896713256836,0.7784783482551575,0.004240695956628793,-190.2566521242261,32.545332786777315,2.0,0.14224016815423965,
1564000,1191.0314271450043,-197.9976451396942,38.863822300605165,-0.004840332026748629,8.106590127944946,0.7435130059719086,0.005203690635971725,-190.51188802719116,36.867465995606835,2.0,0.12937911599874496,
1568000,1193.8047676086426,-203.30994391441345,31.797001391157778,-0.005078976954721526,8.291722774505615,0.7725303053855896,0.00435285571438726,-190.51188802719116,36.867465995606835,2.0,0.12063452452421189,
1572000,1196.5786294937134,-193.21748960018158,32.351058180786204,-0.004508800011593728,9.204106760025024,0.799068033695221,0.004463290061646452,-190.51188802719116,36.867465995606835,2.0,0.12948096990585328,
1576000,1199.3503448963165,-192.51861095428467,29.617727242925078,-0.007362622739126223,5.3203178405761715,0.7879661440849304,0.0034871891330112703,-190.51188802719116,36.867465995606835,2.0,0.13763695508241652,
1580000,1202.1250615119934,-186.49539709091187,34.61457356029441,-0.007698477310594143,7.12930817604065,0.7874720990657806,0.0055881274573039265,-190.51188802719116,36.867465995606835,2.0,0.12687769383192063,
1584000,1204.8897290229797,-185.47597694396973,27.853012444745495,-0.004866691320397187,9.328822374343872,0.8164316773414612,0.006271722154691817,-190.51188802719116,36.867465995606835,2.0,0.14110797196626662,
1588000,1207.6723041534424,-185.63599061965942,36.33169563347882,-0.0028394512185526467,8.45703330039978,0.8051588118076325,0.011093728809927905,-190.51188802719116,36.867465995606835,2.0,0.12882129549980165,
1592000,1210.4572236537933,-195.5376431941986,36.88664714864877,-0.00581485082643729,9.532324361801148,0.8105062007904053,0.0030281783238363725,-190.51188802719116,36.867465995606835,2.0,0.1289603218436241,
1596000,1213.260636806488,-188.3767373561859,33.69078404808208,-0.006430041126906883,6.535698556900025,0.8093508422374726,0.006244162819154253,-190.51188802719116,36.867465995606835,2.0,0.11373611763119698,
1600000,1216.0256490707397,-189.51754236221313,35.04778119931875,-0.005653300050801491,11.82643918991089,0.7558453023433686,0.007830875797662885,-190.51188802719116,36.867465995606835,2.0,0.12417686879634857,
1604000,1220.1377005577087,-198.05600333213806,37.52081297488237,-0.005678898967802581,9.909226417541504,0.8230292499065399,0.011876133980695158,-187.72242333739996,28.063563450954472,2.0,0.11745200753211975,
1608000,1222.9069669246674,-193.54391479492188,29.972397722445034,-0.00502602073309637,9.607610511779786,0.8062704384326935,0.008850841876119375,-187.72242333739996,28.063563450954472,2.0,0.12761545926332474,
1612000,1225.6890811920166,-187.27652037143707,33.501557467950036,-0.005567234468025451,8.875851583480834,0.7865642130374908,0.0057161319477017965,-187.72242333739996,28.063563450954472,2.0,0.1142090030014515,
1616000,1228.494817495346,-191.26401567459106,29.72337894363648,-0.003889342376574234,7.631488609313965,0.7793126463890075,0.004877487971134542,-187.72242333739996,28.063563450954472,2.0,0.12378912046551704,
1620000,1231.2679255008698,-183.71931338310242,31.113471476810144,-0.004431560038821769,8.36789584159851,0.763606709241867,0.004307587957009673,-187.72242333739996,28.063563450954472,2.0,0.12884936332702637,
1624000,1234.0619769096375,-196.35029697418213,35.90831481847344,-0.006182160402027392,12.497607231140137,0.7363286077976227,0.007125872254992593,-187.72242333739996,28.063563450954472,2.0,0.1175317220389843,
1628000,1236.844429731369,-185.48910880088806,29.775185555308344,-0.004379849926607371,9.109820747375489,0.7479547500610352,0.005557822732565309,-187.72242333739996,28.063563450954472,2.0,0.13257627785205842,
1632000,1239.6234209537506,-188.8668236732483,32.50467923070971,-0.006144671235544008,8.92289834022522,0.730870246887207,0.007261570083210244,-187.72242333739996,28.063563450954472,2.0,0.12064174860715866,
1636000,1242.5765972137451,-190.81878280639648,30.654672833912656,-0.00780011952808124,6.113564300537109,0.7317716896533966,0.006582070019794628,-187.72242333739996,28.063563450954472,2.0,0.12993765324354173,
1640000,1245.561996459961,-192.9108862876892,31.372625218194855,-0.004624866400030436,7.830784559249878,0.7496500611305237,0.00661508015182335,-187.72242333739996,28.063563450954472,2.0,0.12671908140182495,
1644000,1249.8454394340515,-191.84377598762512,30.36411838024588,-0.005007867087144402,9.849309062957763,0.7746473371982574,0.004230712496675615,-187.44476036727428,28.486368242513834,2.0,0.12822288572788237,
1648000,1252.8069477081299,-184.3557107448578,27.372446050705,-0.00547129163953165,7.29092812538147,0.7693718492984771,0.009980926185380667,-187.44476036727428,28.486368242513834,2.0,0.13206197023391725,
1652000,1255.7060277462006,-186.88929414749146,29.657594887938135,-0.005324471790188312,9.769665718078613,0.7570384204387665,0.004396146396175027,-187.44476036727428,28.486368242513834,2.0,0.13960762321949005,
1656000,1258.5213115215302,-195.96315455436707,29.813012429203628,-0.006085924874525528,7.685868215560913,0.7814299404621124,0.003928857040591538,-187.44476036727428,28.486368242513834,2.0,0.12170653492212295,
1660000,1261.315374135971,-197.04051852226257,30.881353954345688,-0.005780686002612612,9.799072742462158,0.7730337977409363,0.0049626555605209455,-187.44476036727428,28.486368242513834,2.0,0.12123271897435188,
1664000,1264.1365032196045,-193.9826557636261,32.735332839037916,-0.002889242015255178,11.22677993774414,0.7528189539909362,0.0026602363010364448,-187.44476036727428,28.486368242513834,2.0,0.12813200801610947,
1668000,1266.9307656288147,-193.0846083164215,31.281678314762615,-0.00469385144688812,9.746008157730103,0.7264686524868011,0.0060523136868141595,-187.44476036727428,28.486368242513834,2.0,0.12008658349514008,
1672000,1269.862224817276,-198.67303228378296,32.44221819793143,-0.0028449731427341975,11.474087905883788,0.7781743705272675,0.0044776925084491605,-187.44476036727428,28.486368242513834,2.0,0.12184737101197243,
1676000,1272.811173915863,-191.95782887935638,30.010773216415576,-0.003962980190136811,8.858507347106933,0.8274464845657349,0.00887599993729964,-187.44476036727428,28.486368242513834,2.0,0.12691258788108825,
1680000,1275.7966980934143,-192.3193736076355,28.81791327822703,-0.004893118511342154,8.333680295944214,0.8257238745689393,0.006609960808418691,-187.44476036727428,28.486368242513834,2.0,0.12811076790094375,
1684000,1280.0771815776825,-194.70441555976868,41.23392407351546,-0.004944440206668022,9.648455667495728,0.8533796548843384,0.003726294651705153,-190.59063931554556,33.536964999784246,2.0,0.13599527329206468,
1688000,1283.0423176288605,-200.924094080925,38.47729111862179,-0.003728103711813047,12.870870208740234,0.8626588165760041,0.00391625717476316,-190.59063931554556,33.536964999784246,2.0,0.1105589173734188,
1692000,1286.0253384113312,-201.65926551818848,36.003567861135814,-0.0035675535302530648,8.67952275276184,0.8139945447444916,0.002868412062525749,-190.59063931554556,33.536964999784246,2.0,0.1195923388004303,
1696000,1288.9819402694702,-195.23650586605072,34.43284917120607,-0.003977469387386634,11.16073522567749,0.8398577570915222,0.0028708008903777227,-190.59063931554556,33.536964999784246,2.0,0.11024376675486565,
1700000,1291.907173871994,-196.48271310329437,36.74152793971965,-0.003513278182983992,12.38101930618286,0.8432331502437591,0.001957437747546198,-190.59063931554556,33.536964999784246,2.0,0.11709659025073052,
1704000,1294.8592066764832,-196.23784911632538,39.56549168644527,-0.006622863699682036,11.967911529541016,0.8472656786441803,0.007801102823267403,-190.59063931554556,33.536964999784246,2.0,0.12253646925091743,
1708000,1297.7873871326447,-195.11760663986206,33.18414483922079,-0.003635786167501154,12.222704982757568,0.8676897823810578,0.004770869400817901,-190.59063931554556,33.536964999784246,2.0,0.10871723666787148,
1712000,1300.6696677207947,-204.7558286190033,34.93470040824959,-0.0051754111514116016,7.384221315383911,0.8544302463531495,0.0060616359231062235,-190.59063931554556,33.536964999784246,2.0,0.11401619091629982,
1716000,1303.613216161728,-188.44978976249695,32.3714674943988,-0.006356333972730966,9.517064714431763,0.8358534872531891,0.006126424903050065,-190.59063931554556,33.536964999784246,2.0,0.12451049610972405,
1720000,1306.5641453266144,-190.05933821201324,37.88356133163467,-0.006036085609501862,8.73714485168457,0.8848429918289185,0.007641020230948925,-190.59063931554556,33.536964999784246,2.0,0.12491923198103905,
1724000,1310.7773339748383,-189.9839709997177,26.98513395895374,-0.005747145799609577,9.835341453552246,0.860302460193634,0.008769087691325695,-186.60972397774458,25.845957191652598,2.0,0.12603118419647216,
1728000,1313.7001070976257,-184.9379447698593,28.93378859449095,-0.005788146651582782,5.100773882865906,0.8679460167884827,0.004471588928664794,-186.60972397774458,25.845957191652598,2.0,0.11149358004331589,
1732000,1316.6447670459747,-186.846999168396,30.37635923192895,-0.006326536589767784,7.597737550735474,0.8600434482097625,0.006219779793173075,-186.60972397774458,25.845957191652598,2.0,0.1281146749854088,
1736000,1319.5773692131042,-188.70630764961243,24.50617893549178,-0.006629233338094042,6.661975288391114,0.8437824368476867,0.007227306510321796,-186.60972397774458,25.845957191652598,2.0,0.1220355473458767,
1740000,1322.5095326900482,-190.79654371738434,35.517840682024705,-0.0038604093090010227,9.963550567626953,0.8447121739387512,0.006477197492495179,-186.60972397774458,25.845957191652598,2.0,0.11659971550107003,
1744000,1325.4402198791504,-188.5984127521515,29.175813034577335,-0.006293935396397998,6.820034122467041,0.8234198093414307,0.0031200183341280052,-186.60972397774458,25.845957191652598,2.0,0.11977252811193466,
1748000,1328.390694618225,-187.52751421928406,29.38758108004814,-0.004118731660089292,11.793284893035889,0.8101990580558777,0.001449007390125212,-186.60972397774458,25.845957191652598,2.0,0.11838227584958076,
1752000,1331.3497228622437,-180.66730546951294,28.996844070916808,-0.0035819167398537743,7.48103404045105,0.8395731806755066,0.004393020937961412,-186.60972397774458,25.845957191652598,2.0,0.11695429533720017,
1756000,1334.3191752433777,-191.32860255241394,27.845414267348858,-0.008270172012038524,7.081912183761597,0.8566590547561646,0.0059660403307061575,-186.60972397774458,25.845957191652598,2.0,0.11836887523531914,
1760000,1337.2746443748474,-192.85262274742126,28.00253229740475,-0.007397004702594146,5.746767234802246,0.8100882232189178,0.0041700546225765574,-186.60972397774458,25.845957191652598,2.0,0.12547041922807695,
1764000,1341.5019762516022,-189.91289854049683,29.90931840818616,-0.0045012725953320395,7.897018766403198,0.8691007494926453,0.006043604598380626,-187.7943545728922,28.587780542388654,2.0,0.12631251215934752,
1768000,1344.4420669078827,-188.27061867713928,28.708581186794763,-0.005615808789152643,9.624981307983399,0.8544040799140931,0.005732553708755095,-187.7943545728922,28.587780542388654,2.0,0.1363449901342392,
1772000,1347.3863308429718,-186.7180745601654,29.82345407500205,-0.005340466064866512,7.46198582649231,0.7855663359165191,0.008443520334549249,-187.7943545728922,28.587780542388654,2.0,0.13078259080648422,
1776000,1350.3326206207275,-193.60961651802063,42.20469448116814,-0.00712191762309522,11.582631301879882,0.8059199333190918,0.0038106446526944724,-187.7943545728922,28.587780542388654,2.0,0.12066844329237938,
1780000,1353.2646322250366,-186.61837077140808,34.97339172974176,-0.00713209831854329,7.93442006111145,0.7687921345233917,0.00609386294381693,-187.7943545728922,28.587780542388654,2.0,0.1139916829764843,
1784000,1356.211818933487,-189.71676206588745,31.80972865464554,-0.0048180350641875425,8.037177658081054,0.7696352958679199,0.003514777803172686,-187.7943545728922,28.587780542388654,2.0,0.11649388670921326,
1788000,1359.138785123825,-188.28557419776917,25.209132787449683,-0.006921112462723006,8.237808179855346,0.7723194003105164,0.005872747248814752,-187.7943545728922,28.587780542388654,2.0,0.11467928886413574,
1792000,1362.0693700313568,-192.872083902359,34.615281747470654,-0.005633811082768591,8.807325172424317,0.7715063691139221,0.005391857062932104,-187.7943545728922,28.587780542388654,2.0,0.12521694079041482,
1796000,1364.9891698360443,-187.46457743644714,29.261266651344204,-0.005651766393876834,5.880584478378296,0.783849960565567,0.0032504069473361596,-187.7943545728922,28.587780542388654,2.0,0.11557355746626854,
1800000,1367.9284327030182,-188.78888189792633,37.381296306753335,-0.0049850762803107075,8.364116191864014,0.8174285352230072,0.004051810323105509,-187.7943545728922,28.587780542388654,2.0,0.10623079836368561,
1804000,1372.1751449108124,-190.3235056400299,26.026772961914578,-0.0042563369044413156,7.064286088943481,0.7669346749782562,0.003839275942960141,-188.24590814858675,24.87454309212698,2.0,0.11786860525608063,
1808000,1375.0862715244293,-194.51584029197693,30.317308478408698,-0.005429624408483491,8.450896453857421,0.841748958826065,0.008859836752526462,-188.24590814858675,24.87454309212698,2.0,0.11479253545403481,
1812000,1378.032265663147,-187.72955584526062,28.005352187126856,-0.0052688388900520525,10.198889255523682,0.885692834854126,0.002761802956229076,-188.24590814858675,24.87454309212698,2.0,0.11316938400268554,
1816000,1380.977192401886,-194.88479661941528,35.26548878180284,-0.006907801994122576,7.62157793045044,0.8378392577171325,0.0049323906334660435,-188.24590814858675,24.87454309212698,2.0,0.10800545513629914,
1820000,1383.9470283985138,-191.94787645339966,29.292646151241524,-0.006848506877043636,9.461951398849488,0.831184470653534,0.006894072586389211,-188.24590814858675,24.87454309212698,2.0,0.12511856853961945,
1824000,1386.922613620758,-194.1877726316452,38.775674355463245,-0.005533186430111669,8.648439931869508,0.8408989667892456,0.002601478756657638,-188.24590814858675,24.87454309212698,2.0,0.11186813563108444,
1828000,1389.8720660209656,-196.05484175682068,33.78902212246241,-0.005119191839514925,10.499935913085938,0.8717534899711609,0.003751438730532142,-188.24590814858675,24.87454309212698,2.0,0.10730690881609917,
1832000,1392.842948436737,-192.0793491601944,29.117087076337505,-0.007169607970397962,9.964933776855469,0.8610674917697907,0.005919299984816462,-188.24590814858675,24.87454309212698,2.0,0.12962152659893036,
1836000,1395.7798211574554,-191.18450236320496,30.990313861004758,-0.0054871113418291095,9.478456735610962,0.8116985738277436,0.0017716435919913564,-188.24590814858675,24.87454309212698,2.0,0.12443640902638435,
1840000,1398.74156832695,-190.94037866592407,27.48607882991487,-0.006817231274442737,5.152748680114746,0.8352128863334656,0.006776243846979923,-188.24590814858675,24.87454309212698,2.0,0.13042304366827012,
1844000,1403.0651915073395,-193.697772026062,30.45458491042023,-0.0056208036205109835,12.80159797668457,0.8405902147293091,0.005607057211454958,-193.40753015875816,30.854960809590107,2.0,0.13065614104270934,
1848000,1406.0184602737427,-191.3050820827484,34.24623439319199,-0.005929599415045228,8.934651088714599,0.8299657762050628,0.0034204059571493416,-193.40753015875816,30.854960809590107,2.0,0.11687743365764618,
1852000,1409.0071761608124,-196.78106904029846,28.95961826640901,-0.005668848300352814,7.560179233551025,0.854745602607727,0.0072355102853228544,-193.40753015875816,30.854960809590107,2.0,0.1284849688410759,
1856000,1411.9760444164276,-186.95006227493286,29.447718093000848,-0.005483471868094014,8.481773710250854,0.8258617639541626,0.006859568459913134,-193.40753015875816,30.854960809590107,2.0,0.1267029032111168,
1860000,1414.9293179512024,-185.67686891555786,30.869053202565578,-0.005763872858757857,9.76912808418274,0.8155368089675903,0.004346412111772224,-193.40753015875816,30.854960809590107,2.0,0.12568876892328262,
1864000,1417.8942067623138,-197.72070360183716,31.008512795788974,-0.00489909995516058,10.501643466949464,0.7836589455604553,0.0052415682293940336,-193.40753015875816,30.854960809590107,2.0,0.10249466896057129,
1868000,1420.7357861995697,-192.46027278900146,31.15092390326401,-0.005018483432747134,8.726338768005371,0.7871046543121338,0.005813636194371319,-193.40753015875816,30.854960809590107,2.0,0.11896312832832337,
1872000,1423.520976781845,-192.86522960662842,33.82375730747436,-0.005224783253545607,13.545679950714112,0.7551922142505646,0.00819546803060316,-193.40753015875816,30.854960809590107,2.0,0.12362520918250083,
1876000,1426.3230962753296,-188.16487288475037,32.98911039154811,-0.0069962650060963584,9.238037729263306,0.7601240575313568,0.006287175361998365,-193.40753015875816,30.854960809590107,2.0,0.1155818484723568,
1880000,1429.2381055355072,-185.90456867218018,29.44524372318627,-0.006825428008257184,6.713556241989136,0.8194032549858093,0.0028216684120707216,-193.40753015875816,30.854960809590107,2.0,0.12068691179156303,
1884000,1433.4731140136719,-190.79590940475464,30.531134549573228,-0.006388542277738463,11.141391277313232,0.8202353298664093,0.006134016951546073,-185.4518809169531,33.6605253178129,2.0,0.11818503439426423,
1888000,1436.2803270816803,-189.4690556526184,28.581159903571155,-0.005920397153279433,8.769506740570069,0.7883457601070404,0.006613438192289323,-185.4518809169531,33.6605253178129,2.0,0.12226077169179916,
1892000,1439.0584633350372,-189.1000247001648,34.57540144129508,-0.00652921751762432,10.014039230346679,0.7822134852409363,0.006595112632882483,-185.4518809169531,33.6605253178129,2.0,0.11736646443605422,
1896000,1441.850093126297,-184.34600472450256,34.49743264818307,-0.004288351148192327,10.04672327041626,0.7700578033924103,0.002888385298739493,-185.4518809169531,33.6605253178129,2.0,0.10782125294208526,
1900000,1444.6079258918762,-191.46846079826355,28.832544427106626,-0.00675640588517612,8.438586378097535,0.7946643471717835,0.012018453746102775,-185.4518809169531,33.6605253178129,2.0,0.1154718816280365,
1904000,1447.4034571647644,-194.79050993919373,32.30428123345845,-0.0053656077287159935,8.41462779045105,0.7974266886711121,0.003262963081942871,-185.4518809169531,33.6605253178129,2.0,0.12105864509940148,
1908000,1450.1720774173737,-195.69339513778687,30.624144819828302,-0.006100063810435419,7.70802755355835,0.8049267411231995,0.003842422352482888,-185.4518809169531,33.6605253178129,2.0,0.11305387690663338,
1912000,1452.9524850845337,-201.13026762008667,28.761836033479902,-0.006349596657246969,7.450609397888184,0.8110197365283967,0.0039112574188038705,-185.4518809169531,33.6605253178129,2.0,0.09949860200285912,
1916000,1455.7141466140747,-188.65313112735748,35.64594776040117,-0.0051235845838673464,11.438295078277587,0.8223388850688934,0.005142789412212245,-185.4518809169531,33.6605253178129,2.0,0.10153597295284271,
1920000,1458.4886169433594,-192.10308861732483,28.892561008513226,-0.004937624091592907,11.209297847747802,0.8299449563026429,0.0052780033040326305,-185.4518809169531,33.6605253178129,2.0,0.09811467975378037,
1924000,1462.7502701282501,-191.34530460834503,31.425567669388986,-0.004147253389159822,10.15192813873291,0.8585991501808167,0.003912675912259189,-193.43065973371267,30.24293307314111,2.0,0.12247764542698861,
1928000,1465.6738107204437,-197.8100836277008,32.30786559168802,-0.003976347993438445,11.287665462493896,0.8209710359573364,0.005767150461906567,-193.43065973371267,30.24293307314111,2.0,0.1250898279249668,
1932000,1468.6022691726685,-194.04380536079407,33.23199658536279,-0.005709127974696493,7.047991418838501,0.8037506222724915,0.011659376579336822,-193.43065973371267,30.24293307314111,2.0,0.11219926625490188,
1936000,1471.566119670868,-187.02239656448364,29.546437741685704,-0.003611472069441035,5.380685138702392,0.7957210421562195,0.009649609884945676,-193.43065973371267,30.24293307314111,2.0,0.11080686524510383,
1940000,1474.5011780261993,-189.79564106464386,31.488727747255393,-0.006967076309335685,9.38939185142517,0.7916572570800782,0.006509352705751858,-193.43065973371267,30.24293307314111,2.0,0.10554539561271667,
1944000,1477.4469146728516,-191.23838233947754,32.93059221787214,-0.005722347606982425,7.055650758743286,0.7982053279876709,0.005422429597626133,-193.43065973371267,30.24293307314111,2.0,0.11721494793891907,
1948000,1480.38134932518,-192.47270488739014,33.868508709336616,-0.005814208735556647,9.382692050933837,0.7695124566555023,0.005830239260103553,-193.43065973371267,30.24293307314111,2.0,0.11145081371068954,
1952000,1483.30779504776,-203.0285518169403,39.747802830233546,-0.003812674029652641,13.663636684417725,0.7929380714893342,0.005025305316667073,-193.43065973371267,30.24293307314111,2.0,0.11512364745140076,
1956000,1486.26274061203,-186.88527035713196,26.91384705928925,-0.00503584630857219,6.650847244262695,0.8021581649780274,0.004000458487193104,-193.43065973371267,30.24293307314111,2.0,0.1065301738679409,
1960000,1489.1410748958588,-188.92778706550598,31.28089800643967,-0.005942106567556138,7.392950010299683,0.771167653799057,0.004190356338222045,-193.43065973371267,30.24293307314111,2.0,0.11564549878239631,
1964000,1493.4073157310486,-190.60290157794952,31.889431303960855,-0.0047674573808132335,13.798639583587647,0.7209374368190765,0.0047381935914017955,-189.8426501005888,31.047470785689693,2.0,0.11352488920092582,
1968000,1496.341302394867,-184.90689754486084,29.97813444966745,-0.005460862197292471,8.746468210220337,0.7246608138084412,0.005075466311609489,-189.8426501005888,31.047470785689693,2.0,0.10058372244238853,
1972000,1499.2723264694214,-185.31057357788086,32.17282246118052,-0.004629631325912964,7.284308242797851,0.7564192295074463,0.002347854863503018,-189.8426501005888,31.047470785689693,2.0,0.10128162577748298,
1976000,1502.2247049808502,-193.64229941368103,32.14360307732537,-0.004834091968213628,9.260686540603638,0.7043715298175812,0.0023474242760955057,-189.8426501005888,31.047470785689693,2.0,0.12343237400054932,
1980000,1505.1533188819885,-187.85917329788208,31.63558663526426,-0.004932731478475017,7.544837999343872,0.7470881164073944,0.004354059556217793,-189.8426501005888,31.047470785689693,2.0,0.11071261763572693,
1984000,1508.0823833942413,-180.26779532432556,35.41320089650498,-0.004320004314843917,12.755531883239746,0.6871020674705506,0.004752576072079439,-189.8426501005888,31.047470785689693,2.0,0.11163334250450134,
1988000,1511.0134479999542,-193.41257166862488,33.34678074023607,-0.005761192831055517,8.606806516647339,0.7295840501785278,0.0045025588246062394,-189.8426501005888,31.047470785689693,2.0,0.10888950303196906,
1992000,1513.9741117954254,-189.1320961713791,31.40143224609493,-0.005042777500503387,10.525701713562011,0.7559908330440521,0.0034092926180164795,-189.8426501005888,31.047470785689693,2.0,0.10351014360785485,
1996000,1516.8310174942017,-185.1110110282898,28.92308362208958,-0.00698310205813808,6.044494104385376,0.7643728613853454,0.005013412094054126,-189.8426501005888,31.047470785689693,2.0,0.11010835617780686,
2000000,1519.7022576332092,-193.09279894828796,31.67883488471001,-0.004760734376497577,11.056375980377197,0.7556972682476044,0.006153990597696968,-189.8426501005888,31.047470785689693,2.0,0.10324660837650299,
