global_step,wall_time_s,ep_return_mean,ep_return_std,policy_loss,value_loss,entropy,approx_kl,eval_return_mean,eval_return_std,mean_k,attn_entropy,lagrange_lambda
4000,1.6925716400146484,-57.64324051141739,18.799875573134134,-0.0025635638419190697,72.53488197326661,3.9069728374481203,0.0,,,,2.7631020735330303e-11,
8000,2.849318742752075,-49.29969884455204,17.554795649045925,-0.005543563151266429,50.59762001037598,3.8900433778762817,0.0017197486514924087,,,,2.7631020735330303e-11,
12000,4.017220973968506,-53.27482309937477,16.80652600129065,-0.010179545893799524,58.26791572570801,3.850318932533264,0.0016633105260552838,,,,2.7631020735330303e-11,
16000,5.1175806522369385,-47.85463270545006,16.749627192847417,-0.004745907474309164,42.914153289794925,3.7805513620376585,0.0026561479446245316,,,,2.7631020735330303e-11,
20000,6.223923921585083,-48.69086882472038,14.775141153803384,-0.015554978712927613,48.111717224121094,3.691260290145874,3.488233487587422e-05,,,,2.7631020735330303e-11,
24000,7.3803181648254395,-49.963504284620285,14.998900122354875,-0.0036134891883703004,48.10971641540527,3.6049633264541625,0.0005217098508146556,,,,2.7631020735330303e-11,
28000,8.504398822784424,-50.90152770280838,16.91544483620971,-0.011894273913232566,48.13946685791016,3.599213147163391,0.0013026852728216908,,,,2.7631020735330303e-11,
32000,9.805182695388794,-46.82444706559181,12.990938141166161,-0.005183765458874312,39.757080078125,3.5547139167785646,0.0019484427862334953,,,,2.7631020735330303e-11,
36000,11.135047197341919,-49.237689554691315,16.474928081802062,-0.003309789802471652,40.288736724853514,3.6360219001770018,0.0008178702351870015,,,,2.7631020735330303e-11,
40000,12.413276672363281,-47.8915219604969,15.113326339007541,-0.00889568901085296,44.03986282348633,3.5539958477020264,0.0035882534662960096,,,,2.7631020735330303e-11,
44000,15.177631616592407,-43.284181982278824,12.894771377521261,-0.003269811605336148,32.50763702392578,3.496177244186401,0.0016349591115721652,-39.89132361393422,12.776304608842029,,2.7631020735330303e-11,
48000,16.49938678741455,-43.12006935477257,12.768954093789151,-0.013579998132772886,30.164756202697752,3.486877608299255,0.002495459782949183,-39.89132361393422,12.776304608842029,,2.7631020735330303e-11,
52000,17.827922821044922,-43.30351224541664,13.260533051661339,-0.008131057193269963,33.47036018371582,3.4577078819274902,0.0007582816308131513,-39.89132361393422,12.776304608842029,,2.7631020735330303e-11,
56000,19.096489429473877,-43.021670922636986,12.740492248344394,-0.006638577722013039,33.03326187133789,3.3496315717697143,0.0057869900367222725,-39.89132361393422,12.776304608842029,,2.7631020735330303e-11,
60000,20.39573073387146,-44.08357325196266,15.518115789506622,-0.005778936333488671,30.27828712463379,3.3630253314971923,0.0021731338938698165,-39.89132361393422,12.776304608842029,,2.7631020735330303e-11,
64000,21.690850019454956,-42.60992078483105,14.229757410853466,-0.0027380250618370904,31.2016881942749,3.3703250169754027,8.092940988717601e-05,-39.89132361393422,12.776304608842029,,2.7631020735330303e-11,
68000,22.975065231323242,-43.16316515207291,14.637228017915382,-0.014545549506321542,34.45198554992676,3.3635890960693358,0.004666248533292672,-39.89132361393422,12.776304608842029,,2.7631020735330303e-11,
72000,24.22546648979187,-39.78845922648907,12.473188708991884,-0.009597106174798675,27.568032455444335,3.197176456451416,0.0014486617441288984,-39.89132361393422,12.776304608842029,,2.7631020735330303e-11,
76000,25.480942726135254,-38.02706602215767,10.78067329955157,-0.004669181210687379,21.600673103332518,3.2693846225738525,0.00010664976725820452,-39.89132361393422,12.776304608842029,,2.7631020735330303e-11,
80000,26.771297931671143,-43.975925862789154,11.23174270951566,-0.011386584773659702,24.75548210144043,3.284554696083069,0.0016190430731512606,-39.89132361393422,12.776304608842029,,2.7631020735330303e-11,
84000,29.57210612297058,-39.87420026957989,14.892304759358893,-0.012926015397999447,30.783052444458008,3.3635818004608153,0.005163804930634797,-36.92065721238032,11.043001986495314,,2.7631020735330303e-11,
88000,30.667163610458374,-41.7892125248909,13.015751903918146,-0.005829731275560324,25.292693901062012,3.2433736324310303,0.00018007857288466768,-36.92065721238032,11.043001986495314,,2.7631020735330303e-11,
92000,31.946707487106323,-37.643621265888214,13.178831391438283,-0.012900022125802924,22.285440254211426,3.242041826248169,0.004360360318241874,-36.92065721238032,11.043001986495314,,2.7631020735330303e-11,
96000,33.21882486343384,-38.046654120087624,11.492348177349898,-0.008637223310768594,17.769900703430174,3.403136205673218,0.0010928972878900822,-36.92065721238032,11.043001986495314,,2.7631020735330303e-11,
100000,34.39716291427612,-41.432316452264786,10.498077376013459,-0.00831433301826472,25.764638328552245,3.3869328260421754,0.0018458271794151936,-36.92065721238032,11.043001986495314,,2.7631020735330303e-11,
104000,35.571160554885864,-38.32899285852909,13.204830078226903,-0.010949496826855443,19.627029800415038,3.374399018287659,0.0021186425772611985,-36.92065721238032,11.043001986495314,,2.7631020735330303e-11,
108000,36.85456681251526,-38.08460208773613,11.052450975714944,-0.011408877987647425,15.822931003570556,3.358484983444214,0.0021788802560186006,-36.92065721238032,11.043001986495314,,2.7631020735330303e-11,
112000,38.13595938682556,-38.92335793375969,11.675046652291725,-0.012814995876513424,17.312299156188963,3.3728576421737673,0.0006717934185871855,-36.92065721238032,11.043001986495314,,2.7631020735330303e-11,
116000,39.42049551010132,-39.818393141031265,12.459063379497438,-0.012067327685188544,17.8285249710083,3.3477420568466187,0.002411630049755331,-36.92065721238032,11.043001986495314,,2.7631020735330303e-11,
120000,40.68050742149353,-40.82612532377243,12.861616000621686,-0.010678942896891374,16.829743766784667,3.2505043268203737,0.006407533079618588,-36.92065721238032,11.043001986495314,,2.7631020735330303e-11,
124000,43.39542603492737,-40.418233424425125,11.786028473084913,-0.011657000971492425,16.224750423431395,3.2919219017028807,0.002915992759517394,-39.25922962836921,13.09961924581705,,2.7631020735330303e-11,
128000,44.70941209793091,-39.070423901081085,14.684918740537928,-0.01138483157427982,18.15032825469971,3.3094684362411497,0.0009019786175922917,-39.25922962836921,13.09961924581705,,2.7631020735330303e-11,
132000,45.95873236656189,-40.107922077178955,11.451033518061205,-0.009621051012072713,16.170033264160157,3.238819885253906,0.001262006590142839,-39.25922962836921,13.09961924581705,,2.7631020735330303e-11,
136000,47.223485469818115,-38.735412031412125,13.460416583627438,-0.008424850820098051,13.202614021301269,3.2854180097579957,0.0022327902197430303,-39.25922962836921,13.09961924581705,,2.7631020735330303e-11,
140000,48.46669244766235,-37.21522969007492,12.57272741210358,-0.006335260177729651,15.086877536773681,3.195498156547546,0.003635152924107388,-39.25922962836921,13.09961924581705,,2.7631020735330303e-11,
144000,49.711970806121826,-37.7664350271225,10.390917747831415,-0.007742135004315065,12.543846893310548,3.1705159664154055,0.0019073194183874876,-39.25922962836921,13.09961924581705,,2.7631020735330303e-11,
148000,50.90242314338684,-39.60120543837547,9.108822880240417,-0.008106038198107868,10.202535247802734,3.1085904121398924,0.003403418623202015,-39.25922962836921,13.09961924581705,,2.7631020735330303e-11,
152000,52.173463106155396,-38.176776081323624,10.905333467466702,-0.0070738181534689025,11.396810817718507,3.042590117454529,0.0026762253593842545,-39.25922962836921,13.09961924581705,,2.7631020735330303e-11,
156000,53.472405672073364,-36.876974910497665,10.96541729450508,-0.018473899432457985,9.257346534729004,3.062465286254883,0.008176231954712421,-39.25922962836921,13.09961924581705,,2.7631020735330303e-11,
160000,54.721540212631226,-39.98411691188812,12.229124582554816,-0.010439330312423412,15.006100940704346,3.0776380777359007,0.0032683095739921343,-39.25922962836921,13.09961924581705,,2.7631020735330303e-11,
164000,57.42939758300781,-38.97912234067917,11.437207867558008,-0.010423995599150703,15.491891765594483,3.1138999462127686,0.0020209323248709054,-36.801274152006954,11.867665989651845,,2.7631020735330303e-11,
168000,58.57763433456421,-37.786808878183365,13.522676929547595,-0.009446270904270948,13.074833106994628,3.135100984573364,0.004001476966077444,-36.801274152006954,11.867665989651845,,2.7631020735330303e-11,
172000,59.83026146888733,-39.94845926761627,11.758463695187247,-0.00786563710577326,11.625949287414551,3.1477719068527223,0.0030919590033590795,-36.801274152006954,11.867665989651845,,2.7631020735330303e-11,
176000,61.079999923706055,-36.121700301766396,10.013527428544716,-0.013166142400354141,10.877514553070068,3.0829132318496706,0.0018932481729279972,-36.801274152006954,11.867665989651845,,2.7631020735330303e-11,
180000,62.31482982635498,-38.10230761766434,13.177239414453311,-0.009711180353304361,12.237693881988525,3.0744500160217285,0.0025807551719481125,-36.801274152006954,11.867665989651845,,2.7631020735330303e-11,
184000,63.566404819488525,-40.0206967741251,11.899811883858266,-0.009162050578277636,11.878235149383546,3.0552374124526978,0.004396752974600515,-36.801274152006954,11.867665989651845,,2.7631020735330303e-11,
188000,64.81044483184814,-35.19315625727177,10.893585994797975,-0.016875828524120173,9.4429105758667,3.02651162147522,0.009077214763965457,-36.801274152006954,11.867665989651845,,2.7631020735330303e-11,
192000,66.07578897476196,-38.11137330532074,12.411440759226496,-0.006897165665635719,10.32406997680664,3.011655497550964,0.001737159380747455,-36.801274152006954,11.867665989651845,,2.7631020735330303e-11,
196000,67.24608969688416,-35.45530268549919,9.531638109004392,-0.022233464623801425,7.71429033279419,2.9345081567764284,0.006921815284295007,-36.801274152006954,11.867665989651845,,2.7631020735330303e-11,
200000,68.41266584396362,-39.618826270103455,12.410658461261976,-0.01448286021267986,11.339736557006836,2.8506692171096804,0.003746935228991788,-36.801274152006954,11.867665989651845,,2.7631020735330303e-11,
204000,71.0532078742981,-37.82966750860214,11.086353534214751,-0.011224386177025725,14.188150310516358,2.9208807229995726,0.005768700854969211,-35.591818670742214,10.766384260520928,,2.7631020735330303e-11,
208000,72.2450680732727,-36.60033105313778,10.1349136255836,-0.016987155017443013,9.613250827789306,2.9011886358261108,0.003256138489814475,-35.591818670742214,10.766384260520928,,2.7631020735330303e-11,
212000,73.42385697364807,-35.68346317112446,11.002483506369353,-0.020250237245578263,10.679412651062012,2.876694083213806,0.0023772621515036007,-35.591818670742214,10.766384260520928,,2.7631020735330303e-11,
216000,74.67936968803406,-36.18938437104225,12.081496973113987,-0.008740149980876665,11.177179622650147,2.8411843538284303,0.003218548354925588,-35.591818670742214,10.766384260520928,,2.7631020735330303e-11,
220000,75.96936893463135,-37.39164510369301,13.21421581977251,-0.01610305054159831,10.203244400024413,2.8834637641906737,0.002866570137848612,-35.591818670742214,10.766384260520928,,2.7631020735330303e-11,
224000,77.2101879119873,-37.080192536115646,10.193280905984802,-0.01528030538978058,11.170357608795166,2.856023168563843,0.003286898074147704,-35.591818670742214,10.766384260520928,,2.7631020735330303e-11,
228000,78.48190379142761,-38.08211316168308,11.644717611466877,-0.014999157295795174,11.975781917572021,2.78275351524353,0.005364091158844531,-35.591818670742214,10.766384260520928,,2.7631020735330303e-11,
232000,79.76822638511658,-34.983685955405235,11.354487890044533,-0.014354163791518637,8.908748722076416,2.7540565013885496,0.0017667996362433769,-35.591818670742214,10.766384260520928,,2.7631020735330303e-11,
236000,81.10077810287476,-35.23220291733742,10.851836293861098,-0.007021876795392057,10.327213096618653,2.7329219341278077,0.005766186372842608,-35.591818670742214,10.766384260520928,,2.7631020735330303e-11,
240000,82.39108896255493,-35.92466452717781,11.435846686110974,-0.015562258919235284,8.583794593811035,2.7790515184402467,0.0038789289734049827,-35.591818670742214,10.766384260520928,,2.7631020735330303e-11,
244000,85.12851905822754,-34.21235193312168,9.050117147417525,-0.008790819871472167,6.812780427932739,2.766267442703247,0.004970145924016833,-35.48104042140767,11.166658995151044,,2.7631020735330303e-11,
248000,86.38265752792358,-35.05271257460117,11.215162514211793,-0.012237586201168594,9.37194766998291,2.7491389751434325,0.00943093901546672,-35.48104042140767,11.166658995151044,,2.7631020735330303e-11,
252000,87.49367356300354,-33.80830307304859,11.322089479257027,-0.011997518501477344,9.003948879241943,2.775139093399048,0.003810526430926983,-35.48104042140767,11.166658995151044,,2.7631020735330303e-11,
256000,88.59126782417297,-36.00411547720432,12.704926563775985,-0.013503007685765577,10.830109786987304,2.6998878717422485,0.003958375481306575,-35.48104042140767,11.166658995151044,,2.7631020735330303e-11,
260000,89.8379020690918,-35.43505695462227,11.566321692318866,-0.012736497202888053,10.203158855438232,2.7019791841506957,0.0035987965326057746,-35.48104042140767,11.166658995151044,,2.7631020735330303e-11,
264000,91.12281560897827,-36.19745844602585,9.900023920263706,-0.012170464382041234,7.785172843933106,2.7143189668655396,0.005423177976626903,-35.48104042140767,11.166658995151044,,2.7631020735330303e-11,
268000,92.43223357200623,-34.38296502828598,10.925222947190504,-0.014848245257511739,6.216209840774536,2.7068925380706785,0.009580499364528806,-35.48104042140767,11.166658995151044,,2.7631020735330303e-11,
272000,93.72606611251831,-34.194416373968124,11.092240525026233,-0.011392895281314796,7.835121154785156,2.6862695455551147,0.003680632304167375,-35.48104042140767,11.166658995151044,,2.7631020735330303e-11,
276000,95.02673530578613,-36.078760236501694,11.969714746015445,-0.013768456856254474,9.875488090515137,2.6040433406829835,0.007283015092369105,-35.48104042140767,11.166658995151044,,2.7631020735330303e-11,
280000,96.22179746627808,-38.83682855963707,11.462831513088366,-0.016204887675587098,9.819389343261719,2.669218921661377,0.0033826119266450404,-35.48104042140767,11.166658995151044,,2.7631020735330303e-11,
284000,98.9224693775177,-38.384887754917145,10.826947597939645,-0.011852665712591293,12.845282363891602,2.708272385597229,0.0032714120141463356,-35.66908707795665,11.23372529335364,,2.7631020735330303e-11,
288000,100.2477765083313,-36.12020722031593,11.158190966209517,-0.008238350437255626,11.194395732879638,2.714809846878052,0.002581665863748572,-35.66908707795665,11.23372529335364,,2.7631020735330303e-11,
292000,101.52836871147156,-36.436523258686066,11.09279179250296,-0.014277418136829511,8.033363151550294,2.6239834070205688,0.002758935967460285,-35.66908707795665,11.23372529335364,,2.7631020735330303e-11,
296000,102.79873061180115,-34.35331815481186,10.670318440018402,-0.01771377509227019,8.627812767028809,2.657697558403015,0.0030531982192769647,-35.66908707795665,11.23372529335364,,2.7631020735330303e-11,
300000,104.07553553581238,-35.54704377055168,11.542343840431673,-0.018351052761077912,8.188835525512696,2.6592773675918577,0.00633802262309473,-35.66908707795665,11.23372529335364,,2.7631020735330303e-11,
304000,105.38003849983215,-40.62380388379097,13.960531023644778,-0.009733508057426666,12.092358016967774,2.6469494581222532,0.004750892642186954,-35.66908707795665,11.23372529335364,,2.7631020735330303e-11,
308000,106.69525265693665,-38.471112102270126,13.393370709689941,-0.011362543244147627,11.224505424499512,2.7141801357269286,0.001124243501923039,-35.66908707795665,11.23372529335364,,2.7631020735330303e-11,
312000,107.9936888217926,-33.77365504205227,11.24113294704756,-0.014457089261850343,7.123650121688843,2.701026773452759,0.002987331517884739,-35.66908707795665,11.23372529335364,,2.7631020735330303e-11,
316000,109.31893277168274,-37.89991021156311,11.152851577111019,-0.008687045486643896,10.292842960357666,2.6715163230895995,0.0009817251536587079,-35.66908707795665,11.23372529335364,,2.7631020735330303e-11,
320000,110.64583253860474,-37.88413219153881,12.41961382922916,-0.01182702897023411,10.871693229675293,2.6344404220581055,0.0024640431649749937,-35.66908707795665,11.23372529335364,,2.7631020735330303e-11,
324000,113.37924647331238,-34.60971862077713,10.751725084902004,-0.01737912676902491,7.7048561573028564,2.5916081428527833,0.0073938926012488086,-35.388689855113626,11.597276531501144,,2.7631020735330303e-11,
328000,114.61799263954163,-36.04363998770714,10.794528166900866,-0.012952732911799103,6.642955875396728,2.537045454978943,0.002765744534481129,-35.388689855113626,11.597276531501144,,2.7631020735330303e-11,
332000,115.90334606170654,-36.20853415131569,11.103089690890537,-0.015405093695037064,8.33958945274353,2.503447151184082,0.004277657212514896,-35.388689855113626,11.597276531501144,,2.7631020735330303e-11,
336000,117.17979741096497,-36.1144929677248,10.978677931622519,-0.011941404337296246,8.964948749542236,2.5104197025299073,0.0033739632223732663,-35.388689855113626,11.597276531501144,,2.7631020735330303e-11,
340000,118.40423560142517,-36.40420898795128,12.124456733789566,-0.013214857434853932,11.24550838470459,2.550399160385132,0.007747748127207155,-35.388689855113626,11.597276531501144,,2.7631020735330303e-11,
344000,119.64401173591614,-35.47980587184429,11.08314194859442,-0.014010591277386996,9.34678373336792,2.575123429298401,0.004345570266741561,-35.388689855113626,11.597276531501144,,2.7631020735330303e-11,
348000,120.90818214416504,-36.810967817902565,10.654640102142615,-0.01530757742840796,10.177879905700683,2.5244634628295897,0.0016447938047349452,-35.388689855113626,11.597276531501144,,2.7631020735330303e-11,
352000,122.19244885444641,-33.82587656378746,11.082618010914398,-0.013386309248860927,8.19585485458374,2.609387254714966,0.002957647788571194,-35.388689855113626,11.597276531501144,,2.7631020735330303e-11,
356000,123.45394444465637,-33.78977674245834,10.740090388115515,-0.010975153046427311,9.207042121887207,2.5221460580825807,0.00506703894468945,-35.388689855113626,11.597276531501144,,2.7631020735330303e-11,
360000,124.72055172920227,-33.111100777983665,10.268401164045205,-0.01949470384279266,6.94950385093689,2.5694361686706544,0.005033048387849704,-35.388689855113626,11.597276531501144,,2.7631020735330303e-11,
364000,127.4464704990387,-37.14546898007393,10.559025056423135,-0.016795853885821988,10.100825691223145,2.4951169013977053,0.008042769506573677,-35.23177332803607,10.910892626126438,,2.7631020735330303e-11,
368000,128.7639501094818,-35.13894158601761,13.265979251278715,-0.020472965132445075,7.8491274356842045,2.468578886985779,0.009137417981401086,-35.23177332803607,10.910892626126438,,2.7631020735330303e-11,
372000,130.00249791145325,-35.878731936216354,11.80274375242418,-0.010374902079114711,9.977620792388915,2.501482677459717,0.004672746011056006,-35.23177332803607,10.910892626126438,,2.7631020735330303e-11,
376000,131.3338041305542,-34.847484201192856,10.650655821105932,-0.015460360571742094,9.513969326019287,2.5081562280654905,0.005395360471680632,-35.23177332803607,10.910892626126438,,2.7631020735330303e-11,
380000,132.59888291358948,-38.239431008696556,12.09046795600277,-0.01095362463523628,11.344484233856202,2.524164915084839,0.00514011244813446,-35.23177332803607,10.910892626126438,,2.7631020735330303e-11,
384000,133.87714862823486,-37.08358350396156,12.670691224250096,-0.016542759883683165,10.880474472045899,2.4576133728027343,0.007031256303656841,-35.23177332803607,10.910892626126438,,2.7631020735330303e-11,
388000,134.99598145484924,-32.41708464920521,12.929058594635872,-0.01672507924167439,8.502887725830078,2.434433674812317,0.003697536210529506,-35.23177332803607,10.910892626126438,,2.7631020735330303e-11,
392000,136.098402261734,-34.42468445003033,11.180520384924659,-0.005298928500298672,8.848305797576904,2.40334529876709,0.0028540596961975084,-35.23177332803607,10.910892626126438,,2.7631020735330303e-11,
396000,137.21329879760742,-35.40758627653122,11.128799553458997,-0.014662036915309784,9.711796855926513,2.460396099090576,0.009629514364525615,-35.23177332803607,10.910892626126438,,2.7631020735330303e-11,
400000,138.321683883667,-34.41137419641018,10.338241788878582,-0.014999335288536031,8.174090576171874,2.4856629610061645,0.003271457302616909,-35.23177332803607,10.910892626126438,,2.7631020735330303e-11,
404000,140.97885131835938,-36.081123635172844,11.88343713784508,-0.013791970530524856,9.564290142059326,2.463863182067871,0.004156047076685354,-34.312429923098534,11.540654825987007,,2.7631020735330303e-11,
408000,142.1672329902649,-35.38177265226841,10.810874349158302,-0.009870905994670309,7.18804087638855,2.4601894855499267,0.00150591144477219,-34.312429923098534,11.540654825987007,,2.7631020735330303e-11,
412000,143.27438354492188,-36.01051940023899,9.556116081466872,-0.009925148863083422,8.245640468597411,2.328360342979431,0.00517818797123617,-34.312429923098534,11.540654825987007,,2.7631020735330303e-11,
416000,144.5548713207245,-34.34669314324856,12.597511725965134,-0.013597527313977408,9.269331645965575,2.2967251539230347,0.002351356178245645,-34.312429923098534,11.540654825987007,,2.7631020735330303e-11,
420000,145.80664587020874,-34.564112439751625,11.167625655482768,-0.012575813823379623,7.092052412033081,2.2833849430084228,0.004003962074057199,-34.312429923098534,11.540654825987007,,2.7631020735330303e-11,
424000,147.07650113105774,-33.1368003487587,10.156175948166686,-0.020507702505216007,7.117828798294068,2.4215509414672853,0.009670374204870314,-34.312429923098534,11.540654825987007,,2.7631020735330303e-11,
428000,148.37918853759766,-34.47376300394535,11.508542397812151,-0.004970496455440276,10.211716461181641,2.466790270805359,0.003149073731037788,-34.312429923098534,11.540654825987007,,2.7631020735330303e-11,
432000,149.66991710662842,-37.14773386716843,9.65546753996068,-0.015402940498199324,8.828444576263427,2.3831449508666993,0.0039761772772180844,-34.312429923098534,11.540654825987007,,2.7631020735330303e-11,
436000,150.95908784866333,-37.10307800769806,11.30316984404416,-0.015167842786759245,9.328505706787109,2.380154275894165,0.002126129044336267,-34.312429923098534,11.540654825987007,,2.7631020735330303e-11,
440000,152.23659896850586,-33.79361818730831,10.942314208917843,-0.010039450258016603,7.976362133026123,2.3408701181411744,0.0024907289664260813,-34.312429923098534,11.540654825987007,,2.7631020735330303e-11,
444000,154.94620418548584,-36.84201841056347,11.464508161230277,-0.013683413584251004,8.923341369628906,2.408516693115234,0.007261896168347448,-35.16950660664588,11.22233420570655,,2.7631020735330303e-11,
448000,156.2313859462738,-34.640086591243744,10.776322930784891,-0.00865067247650586,9.180172157287597,2.413119339942932,0.0,-35.16950660664588,11.22233420570655,,2.7631020735330303e-11,
452000,157.43883061408997,-35.60212732851505,8.946535349685432,-0.015910342820920142,4.980167007446289,2.3876191854476927,0.00443630488589406,-35.16950660664588,11.22233420570655,,2.7631020735330303e-11,
456000,158.6917119026184,-34.000441655516624,11.81236607800974,-0.01072054200689312,6.799263858795166,2.383081078529358,0.0038667997949232815,-35.16950660664588,11.22233420570655,,2.7631020735330303e-11,
460000,159.96925973892212,-34.75219935178757,11.939864162947247,-0.014058996863197582,7.2547320365905765,2.378224587440491,0.0024973894552094865,-35.16950660664588,11.22233420570655,,2.7631020735330303e-11,
464000,161.21463894844055,-36.01960462331772,10.562762412193896,-0.015111173707060522,8.304794454574585,2.3803906202316285,0.0027681127277901394,-35.16950660664588,11.22233420570655,,2.7631020735330303e-11,
468000,162.49405431747437,-34.202703669667244,10.234256256712172,-0.013705137117300214,8.04391107559204,2.3654776573181153,0.0034143458266044035,-35.16950660664588,11.22233420570655,,2.7631020735330303e-11,
472000,163.79968738555908,-36.689218968153,10.894822649492413,-0.014425174883101199,8.213945817947387,2.3817703247070314,0.0015434115561220097,-35.16950660664588,11.22233420570655,,2.7631020735330303e-11,
476000,165.08695769309998,-35.208805829286575,10.984679131814529,-0.01779788979375736,5.829093647003174,2.3609851837158202,0.0011557443136116063,-35.16950660664588,11.22233420570655,,2.7631020735330303e-11,
480000,166.3499538898468,-33.82355608046055,8.846583474106678,-0.01726343232300138,5.929443740844727,2.285509943962097,0.0034715457979473284,-35.16950660664588,11.22233420570655,,2.7631020735330303e-11,
484000,169.02178168296814,-34.94689753651619,11.280430989530858,-0.012747936136089244,8.706439208984374,2.338470482826233,0.0009279547546757305,-35.16715076146647,10.69876671242227,,2.7631020735330303e-11,
488000,170.35229444503784,-33.550916850566864,11.269387254446604,-0.011951198006980124,7.602739524841309,2.306508183479309,0.00238650002609937,-35.16715076146647,10.69876671242227,,2.7631020735330303e-11,
492000,171.66846251487732,-32.27404576539993,9.495315390303523,-0.016060904307290912,7.421368503570557,2.2717908143997194,0.005569399575295392,-35.16715076146647,10.69876671242227,,2.7631020735330303e-11,
496000,172.94998717308044,-35.36875529587269,9.897716644755405,-0.01586258197063577,7.42311658859253,2.2523027896881103,0.0045991907420102505,-35.16715076146647,10.69876671242227,,2.7631020735330303e-11,
500000,174.22359538078308,-32.33766344189644,9.898337402745007,-0.023819528643973176,5.975675344467163,2.268197250366211,0.008756704018684048,-35.16715076146647,10.69876671242227,,2.7631020735330303e-11,
504000,175.54779505729675,-34.93734472990036,11.578775914712237,-0.013187506371177804,5.9469554901123045,2.124652051925659,0.00470377874479162,-35.16715076146647,10.69876671242227,,2.7631020735330303e-11,
508000,176.82362723350525,-34.07900223135948,10.144545363793345,-0.014895722722634641,7.462811803817749,2.1966885805130003,0.005032977915834636,-35.16715076146647,10.69876671242227,,2.7631020735330303e-11,
512000,178.13152313232422,-36.293747544288635,12.088542852294626,-0.007836266846163209,8.747013568878174,2.190842390060425,0.002551018579833908,-35.16715076146647,10.69876671242227,,2.7631020735330303e-11,
516000,179.4292333126068,-32.7816025018692,10.609504991790564,-0.012580972763709708,8.104561853408814,2.167755126953125,0.0025157040799967945,-35.16715076146647,10.69876671242227,,2.7631020735330303e-11,
520000,180.7212746143341,-31.395821690559387,10.664323651838846,-0.019469911430031052,6.291341352462768,2.1765891313552856,0.0034972787750872313,-35.16715076146647,10.69876671242227,,2.7631020735330303e-11,
524000,183.40870356559753,-34.212515622377396,12.35682499742045,-0.01491156327258789,7.835978174209595,2.163170099258423,0.002402638946659863,-35.577541505452245,10.639213493293909,,2.7631020735330303e-11,
528000,184.65967655181885,-33.29890990257263,11.900047814165356,-0.011784820897039028,7.0566305160522464,2.1558016300201417,0.002045052681642101,-35.577541505452245,10.639213493293909,,2.7631020735330303e-11,
532000,185.96123051643372,-33.48866631090641,11.663282341167234,-0.018022046391852342,9.505900192260743,2.207404899597168,0.004412626032717526,-35.577541505452245,10.639213493293909,,2.7631020735330303e-11,
536000,187.2364547252655,-34.14678293466568,10.465407393418193,-0.015651515239384038,6.694431781768799,2.1960642337799072,0.0032381966229877435,-35.577541505452245,10.639213493293909,,2.7631020735330303e-11,
540000,188.48907446861267,-32.94324217736721,11.252970323281371,-0.015115386189892898,7.07828722000122,2.170455574989319,0.004156686912039654,-35.577541505452245,10.639213493293909,,2.7631020735330303e-11,
544000,189.76087927818298,-33.3653319478035,11.379575268287441,-0.013132878502365131,6.426231861114502,2.1614223957061767,0.0017303062340943143,-35.577541505452245,10.639213493293909,,2.7631020735330303e-11,
548000,191.03499937057495,-31.87146231532097,10.3112366849058,-0.012985347675625203,7.683119916915894,2.173157238960266,0.005378054588800296,-35.577541505452245,10.639213493293909,,2.7631020735330303e-11,
552000,192.29974102973938,-35.38392174243927,9.671691526813945,-0.008041797443991605,6.991977500915527,2.0221652507781984,0.002067487100255683,-35.577541505452245,10.639213493293909,,2.7631020735330303e-11,
556000,193.3996958732605,-34.78205853700638,12.271296016029996,-0.017958449641708275,7.564843463897705,2.024147891998291,0.005353997345082462,-35.577541505452245,10.639213493293909,,2.7631020735330303e-11,
560000,194.52421736717224,-33.566734835505486,11.000319330350504,-0.013025030410382854,6.476922416687012,2.0648300409317017,0.003024015654955292,-35.577541505452245,10.639213493293909,,2.7631020735330303e-11,
564000,197.26853132247925,-37.18967396020889,12.940506721249603,-0.012658080840483166,9.767065715789794,2.006531262397766,0.005083704263583058,-34.76130613847636,10.66467854227656,,2.7631020735330303e-11,
568000,198.4270212650299,-35.880668103694916,10.393019572591859,-0.010339149645995338,7.859656953811646,2.057711672782898,0.0018023110111244022,-34.76130613847636,10.66467854227656,,2.7631020735330303e-11,
572000,199.52044701576233,-36.77181199193001,13.193738285021837,-0.010929309078957884,7.361073541641235,2.1313849449157716,0.00027318854117766025,-34.76130613847636,10.66467854227656,,2.7631020735330303e-11,
576000,200.75469827651978,-34.139686569571495,9.990875088208387,-0.010469222848769277,8.830698108673095,2.059585690498352,0.0040006500319577755,-34.76130613847636,10.66467854227656,,2.7631020735330303e-11,
580000,202.05952405929565,-34.21354231238365,10.483412907524555,-0.018590461284853532,4.90552282333374,2.0571120500564577,0.003517847036710009,-34.76130613847636,10.66467854227656,,2.7631020735330303e-11,
584000,203.37893080711365,-33.2935556769371,12.539623140385816,-0.016455568077974013,8.038803339004517,2.0021886944770815,0.0033291959560592054,-34.76130613847636,10.66467854227656,,2.7631020735330303e-11,
588000,204.54901432991028,-32.12256881594658,10.347692704033648,-0.01268219359451912,6.025909662246704,2.0140191078186036,0.0070955867442535235,-34.76130613847636,10.66467854227656,,2.7631020735330303e-11,
592000,205.66108584403992,-33.83436357975006,12.055008253112215,-0.013264485359657564,8.046026229858398,2.009237003326416,0.0050952950259670615,-34.76130613847636,10.66467854227656,,2.7631020735330303e-11,
596000,206.85871505737305,-34.711596339941025,9.94174108406651,-0.01513752685114742,7.154013442993164,2.0062721133232118,0.008350271832197897,-34.76130613847636,10.66467854227656,,2.7631020735330303e-11,
600000,208.13440704345703,-34.040218979120255,11.328956336231565,-0.01891563173476616,7.231604862213135,2.0470657348632812,0.004169921786815367,-34.76130613847636,10.66467854227656,,2.7631020735330303e-11,
604000,210.8902952671051,-35.91404989361763,11.825477338370439,-0.015562924906611464,7.658242702484131,2.0216352462768556,0.0027750868616857717,-34.621130914893,10.740012912487758,,2.7631020735330303e-11,
608000,212.18542957305908,-36.04173801839352,10.274921020790641,-0.011950889558065735,8.934272289276123,2.077729368209839,0.009220816786866592,-34.621130914893,10.740012912487758,,2.7631020735330303e-11,
612000,213.4404149055481,-34.26859511435032,10.617471210036307,-0.01988430270645769,6.682501411437988,2.088835430145264,0.0022255861724261193,-34.621130914893,10.740012912487758,,2.7631020735330303e-11,
616000,214.72502088546753,-31.319638639688492,9.452735640704375,-0.013213672751560823,5.34313702583313,2.1470751047134398,0.0021562142595939805,-34.621130914893,10.740012912487758,,2.7631020735330303e-11,
620000,216.00047063827515,-35.62542462348938,10.86621218914273,-0.009236853839480298,7.439838504791259,1.9723080754280091,0.0016298035858199,-34.621130914893,10.740012912487758,,2.7631020735330303e-11,
624000,217.2611436843872,-34.019810155034065,10.745477818153134,-0.015814417658839376,8.442447090148926,2.1092211484909056,0.006041300250799386,-34.621130914893,10.740012912487758,,2.7631020735330303e-11,
628000,218.57238936424255,-33.29556220769882,12.33403016039697,-0.018608076431788412,8.12548770904541,2.030654454231262,0.0057704826521220555,-34.621130914893,10.740012912487758,,2.7631020735330303e-11,
632000,219.86798572540283,-36.20220795273781,10.53415757916738,-0.019523101556114853,7.93998703956604,2.0770989656448364,0.005870260347728617,-34.621130914893,10.740012912487758,,2.7631020735330303e-11,
636000,221.15714955329895,-33.00356267392635,12.073524089688876,-0.013605336263775848,6.739013147354126,2.043113136291504,0.003993466671090573,-34.621130914893,10.740012912487758,,2.7631020735330303e-11,
640000,222.43178462982178,-35.931632578372955,11.984360995096642,-0.01735511164925967,8.479337024688721,2.0762647867202757,0.005578615956008437,-34.621130914893,10.740012912487758,,2.7631020735330303e-11,
644000,225.1374499797821,-34.45026188343763,12.681821448472403,-0.015267444083932791,7.763821411132812,2.1234856605529786,0.0034644875122467056,-35.18945014802739,11.00397996760601,,2.7631020735330303e-11,
648000,226.43950843811035,-35.80668178200722,11.08351142926909,-0.013940024104435001,8.604882431030273,2.1027825355529783,0.001287755239754862,-35.18945014802739,11.00397996760601,,2.7631020735330303e-11,
652000,227.71335244178772,-36.60959631204605,10.39680297400278,-0.017005649096332575,7.21871509552002,2.1805384874343874,0.007670023938408122,-35.18945014802739,11.00397996760601,,2.7631020735330303e-11,
656000,228.9460961818695,-36.32741563022137,12.406413252129155,-0.007786258345149654,8.329272937774657,2.2346351146698,0.0016984549440676399,-35.18945014802739,11.00397996760601,,2.7631020735330303e-11,
660000,230.2198305130005,-35.484332129359245,10.984502739648379,-0.01720943627739322,5.717354488372803,2.2429404973983766,0.006869555288227147,-35.18945014802739,11.00397996760601,,2.7631020735330303e-11,
664000,231.51039576530457,-33.52681341767311,10.310430510061906,-0.019109941732603986,5.919097757339477,2.226368618011475,0.002609011141234063,-35.18945014802739,11.00397996760601,,2.7631020735330303e-11,
668000,232.78975534439087,-34.59810872375965,10.919184831406419,-0.018334541936405026,7.1583606719970705,2.2565982818603514,0.006062833010364521,-35.18945014802739,11.00397996760601,,2.7631020735330303e-11,
672000,234.10167121887207,-33.04910318553448,10.696855542398849,-0.011344066067366043,6.502061748504639,2.3205330848693846,0.001510624109359915,-35.18945014802739,11.00397996760601,,2.7631020735330303e-11,
676000,235.3640160560608,-36.598476216197014,12.461042130669238,-0.017323056504130373,7.348512268066406,2.278904175758362,0.004525933985016284,-35.18945014802739,11.00397996760601,,2.7631020735330303e-11,
680000,236.59891605377197,-35.259734854102135,10.864770444364884,-0.008924996837973608,7.077177333831787,2.314422535896301,0.0022036405513063072,-35.18945014802739,11.00397996760601,,2.7631020735330303e-11,
684000,239.32739090919495,-35.4404616355896,12.518125674749212,-0.02062275117170065,5.90257420539856,2.326935052871704,0.004310636856826022,-34.60083649586886,11.034957302966637,,2.7631020735330303e-11,
688000,240.50915718078613,-34.41779014468193,9.920201632415235,-0.0188099668407812,5.985050678253174,2.269275593757629,0.004665605555055663,-34.60083649586886,11.034957302966637,,2.7631020735330303e-11,
692000,241.74784302711487,-33.08748672902584,11.93821976561545,-0.024860888625495115,4.944401741027832,2.3319878578186035,0.003982290637213737,-34.60083649586886,11.034957302966637,,2.7631020735330303e-11,
696000,243.02731204032898,-35.426819786429405,10.294992283474036,-0.019220542634837346,8.73684139251709,2.242244911193848,0.005693427176447585,-34.60083649586886,11.034957302966637,,2.7631020735330303e-11,
700000,244.33122563362122,-33.62433208525181,11.877645076695703,-0.020055776356719422,6.264599084854126,2.3352775812149047,0.004989264782285297,-34.60083649586886,11.034957302966637,,2.7631020735330303e-11,
704000,245.63653922080994,-33.14921000599861,11.027546422382706,-0.02205267409980296,5.4649557113647464,2.2733279705047607,0.0043889896616747135,-34.60083649586886,11.034957302966637,,2.7631020735330303e-11,
708000,246.93695783615112,-34.210573732852936,11.874777764142367,-0.010600692563923087,7.958681535720825,2.214181137084961,0.0007556150251765814,-34.60083649586886,11.034957302966637,,2.7631020735330303e-11,
712000,248.2346339225769,-32.705408185720444,10.353353318460037,-0.012194943419657633,6.595343923568725,2.235437273979187,0.003009024524362758,-34.60083649586886,11.034957302966637,,2.7631020735330303e-11,
716000,249.4673924446106,-37.83762454986572,11.635747369702012,-0.018250598136335627,8.191268014907838,2.2560332775115968,0.007993171276990374,-34.60083649586886,11.034957302966637,,2.7631020735330303e-11,
720000,250.71067476272583,-34.158481761813164,9.197914386406469,-0.013162807507440455,4.624467372894287,2.2634491205215452,0.005804666370386258,-34.60083649586886,11.034957302966637,,2.7631020735330303e-11,
724000,253.45478200912476,-35.452504992485046,12.709484615256992,-0.012209688562434273,6.613105058670044,2.2146626234054567,0.0026757685169576106,-34.74424197943881,11.10308109473471,,2.7631020735330303e-11,
728000,254.7011251449585,-34.86315602064133,9.920193728181827,-0.021608133389614537,6.180714702606201,2.256852221488953,0.005312290316214785,-34.74424197943881,11.10308109473471,,2.7631020735330303e-11,
732000,255.94424510002136,-34.35055994987488,9.500463817261556,-0.02054551904089763,6.182905197143555,2.2732999086380006,0.0038851612091528763,-34.74424197943881,11.10308109473471,,2.7631020735330303e-11,
736000,257.20956110954285,-34.493323504924774,13.32855249086852,-0.01367049467703323,6.250222110748291,2.2753001928329466,0.002501215270604007,-34.74424197943881,11.10308109473471,,2.7631020735330303e-11,
740000,258.42632484436035,-32.94276390224695,11.50014960359199,-0.01502776938676833,7.083105134963989,2.285486578941345,0.005560273383161984,-34.74424197943881,11.10308109473471,,2.7631020735330303e-11,
744000,259.6958305835724,-32.47610802948475,10.11142854304666,-0.019227611644193576,5.389447402954102,2.2887608289718626,0.007338868314400315,-34.74424197943881,11.10308109473471,,2.7631020735330303e-11,
748000,261.00416111946106,-33.37162448465824,11.7489347984066,-0.016069491193164077,5.189465188980103,2.264477849006653,0.004882387697580271,-34.74424197943881,11.10308109473471,,2.7631020735330303e-11,
752000,262.30000042915344,-34.476399183273315,12.141730305530722,-0.009720903703477201,8.638626098632812,2.253962516784668,0.005687416292494163,-34.74424197943881,11.10308109473471,,2.7631020735330303e-11,
756000,263.5612998008728,-34.23976746201515,11.489856336158548,-0.023991863672621606,6.7556647777557375,2.2574973106384277,0.006626709504052997,-34.74424197943881,11.10308109473471,,2.7631020735330303e-11,
760000,264.8376159667969,-34.95440189540386,11.393060302245546,-0.017827391908504,4.815943098068237,2.202376890182495,0.005025169939850449,-34.74424197943881,11.10308109473471,,2.7631020735330303e-11,
764000,267.60160088539124,-36.13731636106968,12.465008049722808,-0.009909157259855483,5.591166257858276,2.1388107776641845,0.0026809392316435423,-35.88482854422182,11.571088083375246,,2.7631020735330303e-11,
768000,268.8681616783142,-34.71783746778965,11.315457293735063,-0.01838550020568075,6.140738105773925,2.19443736076355,0.004196962398302162,-35.88482854422182,11.571088083375246,,2.7631020735330303e-11,
772000,270.1175606250763,-35.4986991584301,11.018012134276892,-0.015072607756126644,8.666775035858155,2.159139132499695,0.004739241651259362,-35.88482854422182,11.571088083375246,,2.7631020735330303e-11,
776000,271.415442943573,-32.980329751968384,9.724210337397619,-0.013617859944701194,7.373732089996338,2.141403889656067,0.005965247230604298,-35.88482854422182,11.571088083375246,,2.7631020735330303e-11,
780000,272.68929505348206,-34.1959418207407,10.77839477056846,-0.017168111277744157,6.489552354812622,2.138252830505371,0.001409047481138259,-35.88482854422182,11.571088083375246,,2.7631020735330303e-11,
784000,273.98226165771484,-35.45117348432541,11.696263164506641,-0.018621235347818475,6.216847133636475,2.1367515325546265,0.00512453222181648,-35.88482854422182,11.571088083375246,,2.7631020735330303e-11,
788000,275.1565058231354,-33.110275745391846,10.773826055806605,-0.015714957319665677,4.974255228042603,2.063722610473633,0.00397475702338852,-35.88482854422182,11.571088083375246,,2.7631020735330303e-11,
792000,276.42792558670044,-34.511014461517334,12.004042822816803,-0.010827039388474092,8.363654851913452,1.9984970450401307,0.0057287071380415,-35.88482854422182,11.571088083375246,,2.7631020735330303e-11,
796000,277.69841861724854,-33.020267233252525,11.659935792348906,-0.017176877656020294,6.2215780258178714,2.0044420957565308,0.004957792429719099,-35.88482854422182,11.571088083375246,,2.7631020735330303e-11,
800000,278.8728606700897,-36.1161345243454,12.13320805772245,-0.01628376806713643,6.891298770904541,2.069455456733704,0.0038643803608138017,-35.88482854422182,11.571088083375246,,2.7631020735330303e-11,
804000,281.41714668273926,-33.1429178416729,12.846846983950298,-0.00981522587011554,5.653446102142334,1.9981539130210877,0.0029835267174128433,-34.666376874782145,11.749603810323284,,2.7631020735330303e-11,
808000,282.5062997341156,-32.839855805039406,10.721984806141492,-0.012361550165806002,6.107965517044067,2.0257426738739013,0.008932931434362957,-34.666376874782145,11.749603810323284,,2.7631020735330303e-11,
812000,283.5953321456909,-34.00082382559776,11.883040664231114,-0.01982138619292533,6.846731472015381,2.0376604557037354,0.003384432778344504,-34.666376874782145,11.749603810323284,,2.7631020735330303e-11,
816000,284.8350260257721,-34.42189487814903,10.59690108558673,-0.017774469136260507,8.036523628234864,2.1601492881774904,0.005312741198576987,-34.666376874782145,11.749603810323284,,2.7631020735330303e-11,
820000,286.1171655654907,-35.887658566236496,11.022558242123637,-0.01812064378149807,7.233595895767212,2.115046262741089,0.009734979833476242,-34.666376874782145,11.749603810323284,,2.7631020735330303e-11,
824000,287.3855125904083,-35.25703068077564,11.604602607093101,-0.013179995260666998,8.909167766571045,2.1269988059997558,0.005789923266274854,-34.666376874782145,11.749603810323284,,2.7631020735330303e-11,
828000,288.59174156188965,-36.18039980530739,12.716258290648856,-0.021023289102129628,8.574627113342284,2.1281362533569337,0.005837273939505394,-34.666376874782145,11.749603810323284,,2.7631020735330303e-11,
832000,289.85675024986267,-35.403621047735214,11.201267980750762,-0.013795131987426323,5.9860663414001465,2.115560245513916,0.003178292037453545,-34.666376874782145,11.749603810323284,,2.7631020735330303e-11,
836000,290.96754813194275,-38.1807898581028,10.844110478188691,-0.0196929956516251,7.9576249599456785,2.0736997604370115,0.002718991155386874,-34.666376874782145,11.749603810323284,,2.7631020735330303e-11,
840000,292.0592999458313,-33.87096248567104,10.172001008549,-0.022161311757750803,7.70593957901001,2.1813780307769775,0.005909301977604642,-34.666376874782145,11.749603810323284,,2.7631020735330303e-11,
844000,294.6021146774292,-36.38827185332775,10.843740879598906,-0.016440680170082444,8.549668073654175,2.171782684326172,0.0009363832534290851,-34.90337660629302,10.626337724842681,,2.7631020735330303e-11,
848000,295.8790385723114,-33.736997693777084,10.090500096356221,-0.017230891251005253,7.210191297531128,2.161873936653137,0.004908836673712358,-34.90337660629302,10.626337724842681,,2.7631020735330303e-11,
852000,297.15289330482483,-35.273805648088455,10.361079331771194,-0.020780773195437873,6.099642181396485,2.125962805747986,0.005513347863103269,-34.90337660629302,10.626337724842681,,2.7631020735330303e-11,
856000,298.459832906723,-33.36766241490841,11.157699221726839,-0.018715098135173313,6.991689014434814,2.0753029584884644,0.004717411339981492,-34.90337660629302,10.626337724842681,,2.7631020735330303e-11,
860000,299.75793170928955,-35.62087573111057,12.242220024852626,-0.02505473725497733,6.5488612174987795,2.0950518608093263,0.010749505156534589,-34.90337660629302,10.626337724842681,,2.7631020735330303e-11,
864000,300.9799816608429,-34.77715991437435,11.061254738235508,-0.025693378384225075,5.336277770996094,2.1565978050231935,0.008044802088988945,-34.90337660629302,10.626337724842681,,2.7631020735330303e-11,
868000,302.25332713127136,-33.92493896186352,10.802314019515057,-0.021859059126116343,5.274975442886353,2.1756167888641356,0.005376575605623657,-34.90337660629302,10.626337724842681,,2.7631020735330303e-11,
872000,303.5428228378296,-34.059982776641846,12.29742231394089,-0.025896253628656263,6.139633989334106,2.088725233078003,0.008684989665925968,-34.90337660629302,10.626337724842681,,2.7631020735330303e-11,
876000,304.81976890563965,-36.05290414392948,11.938841336499344,-0.016107823034748316,8.43951210975647,2.0276090621948244,0.0065793565503554415,-34.90337660629302,10.626337724842681,,2.7631020735330303e-11,
880000,306.1067740917206,-34.225188329815865,13.10170896624459,-0.01863058311492214,4.921576309204101,1.9629488587379456,0.0030742868208324834,-34.90337660629302,10.626337724842681,,2.7631020735330303e-11,
884000,308.6639792919159,-35.063135370612144,10.916205355494057,-0.019875866160728072,5.848024320602417,1.9807144284248352,0.0031136424773137604,-36.29489078000188,10.632039961031369,,2.7631020735330303e-11,
888000,309.7788791656494,-34.2687199562788,11.396892312640826,-0.021509552262723376,4.664589595794678,2.004490649700165,0.0027471164476009944,-36.29489078000188,10.632039961031369,,2.7631020735330303e-11,
892000,310.87137722969055,-36.53562104701996,12.82178045510341,-0.007393645444884989,8.14177656173706,1.9449299216270446,0.008772502979263663,-36.29489078000188,10.632039961031369,,2.7631020735330303e-11,
896000,311.9816155433655,-34.321614533662796,13.193733897342435,-0.01312147643533521,6.721532154083252,2.0250415325164797,0.004927922342903912,-36.29489078000188,10.632039961031369,,2.7631020735330303e-11,
900000,313.0704131126404,-37.0897905677557,12.393315006268546,-0.018891714130528214,6.619134140014649,1.961295771598816,0.007168567052576691,-36.29489078000188,10.632039961031369,,2.7631020735330303e-11,
904000,314.1677212715149,-31.824240058660507,11.722737199369194,-0.012867724304087603,4.916276168823242,1.9147442936897279,0.003492076145485079,-36.29489078000188,10.632039961031369,,2.7631020735330303e-11,
908000,315.28611731529236,-35.32220131158829,10.843752043474424,-0.013024221462663266,5.5247739315032955,1.897078311443329,0.005165061348408884,-36.29489078000188,10.632039961031369,,2.7631020735330303e-11,
912000,316.38008308410645,-36.39056554436684,12.344491805547738,-0.015721077691763608,6.415283489227295,1.9963050127029418,0.005768615700071677,-36.29489078000188,10.632039961031369,,2.7631020735330303e-11,
916000,317.4758276939392,-35.583607733249664,10.94198030004327,-0.01990956109715647,6.9771270751953125,1.9710078597068788,0.004672492273675744,-36.29489078000188,10.632039961031369,,2.7631020735330303e-11,
920000,318.5822911262512,-33.51049156486988,9.681614717916666,-0.00935808133776277,6.653766775131226,2.032636260986328,0.005393584445118904,-36.29489078000188,10.632039961031369,,2.7631020735330303e-11,
924000,321.16407442092896,-33.13487932085991,10.726478214228377,-0.014729379309806934,6.318588781356811,2.066428279876709,0.0024343983677681535,-34.85816494002938,9.880646052055358,,2.7631020735330303e-11,
928000,322.2582151889801,-33.27809254825115,10.348359693055238,-0.01740891303448002,7.174643850326538,2.01389741897583,0.0014346760523039847,-34.85816494002938,9.880646052055358,,2.7631020735330303e-11,
932000,323.413702249527,-34.333538606762886,12.692203943365824,-0.015496125823818208,5.330403614044189,2.068011665344238,0.005335677315248155,-34.85816494002938,9.880646052055358,,2.7631020735330303e-11,
936000,324.6987030506134,-34.913881316781044,12.282606370203455,-0.021410804871469756,5.178686428070068,2.0650691270828245,0.006082684549619443,-34.85816494002938,9.880646052055358,,2.7631020735330303e-11,
940000,326.010023355484,-36.70433895289898,12.585864235054725,-0.00842952159116983,7.555103874206543,2.043287181854248,0.0013367538393939781,-34.85816494002938,9.880646052055358,,2.7631020735330303e-11,
944000,327.28664803504944,-34.48605286329985,10.99069323300052,-0.017704490893520487,6.438750267028809,2.0776328325271605,9.38773148106975e-10,-34.85816494002938,9.880646052055358,,2.7631020735330303e-11,
948000,328.57653522491455,-36.422699585556984,12.629098215457976,-0.013106276293750874,6.109444665908813,2.0881467342376707,0.007176378031726926,-34.85816494002938,9.880646052055358,,2.7631020735330303e-11,
952000,329.8070795536041,-33.86759388446808,10.864189894203475,-0.017689298760611472,6.808395290374756,2.063756561279297,0.004056890582782202,-34.85816494002938,9.880646052055358,,2.7631020735330303e-11,
956000,331.03899931907654,-36.83898878097534,11.806350313771706,-0.01915431049000471,7.432878875732422,2.062285232543945,0.003875672648428008,-34.85816494002938,9.880646052055358,,2.7631020735330303e-11,
960000,332.2979054450989,-33.3041852414608,12.298006830751097,-0.02000699713639915,4.9672997951507565,1.9344240188598634,0.007719683571485803,-34.85816494002938,9.880646052055358,,2.7631020735330303e-11,
964000,335.06226563453674,-34.928082048892975,9.286645904265752,-0.014704737579915417,8.117363977432252,1.959158754348755,0.00793876144662491,-34.114818084053695,10.372113691321129,,2.7631020735330303e-11,
968000,336.3443958759308,-34.322993740439415,11.763317129741425,-0.01627076791855515,5.608454036712646,1.8572376489639282,0.0034296650672331454,-34.114818084053695,10.372113691321129,,2.7631020735330303e-11,
972000,337.616641998291,-36.287754505872726,11.865286247753627,-0.011033396700979203,6.828682947158813,1.896021592617035,0.004416205321031086,-34.114818084053695,10.372113691321129,,2.7631020735330303e-11,
976000,338.89320254325867,-33.9327754676342,11.78689884562757,-0.015797479649074297,5.378604507446289,1.9582273483276367,0.0014218375843483954,-34.114818084053695,10.372113691321129,,2.7631020735330303e-11,
980000,340.1832764148712,-32.82061134278774,10.672541470810446,-0.02223825138155373,5.331935691833496,1.9228138089179994,0.008838403643574555,-34.114818084053695,10.372113691321129,,2.7631020735330303e-11,
984000,341.4645097255707,-31.163425639271736,10.179030149064138,-0.019642923167906723,7.0013957023620605,1.9884496688842774,0.008913817309541638,-34.114818084053695,10.372113691321129,,2.7631020735330303e-11,
988000,342.73849153518677,-32.72996334731579,11.429067244423507,-0.020289886814542156,4.9313966751098635,1.8795824885368346,0.0012912701931782067,-34.114818084053695,10.372113691321129,,2.7631020735330303e-11,
992000,343.9737923145294,-33.252856865525246,9.53706718651922,-0.016646971193142245,5.215821123123169,1.936411237716675,0.0032494339968543785,-34.114818084053695,10.372113691321129,,2.7631020735330303e-11,
996000,345.25762701034546,-30.69905436038971,9.24060730886221,-0.023900337342638522,3.6067647457122805,1.9384454488754272,0.006936533460975625,-34.114818084053695,10.372113691321129,,2.7631020735330303e-11,
1000000,346.5719530582428,-30.643686279654503,9.437493037640895,-0.019462611251045026,4.372766208648682,1.964370346069336,0.006405061080411301,-34.114818084053695,10.372113691321129,,2.7631020735330303e-11,
1004000,349.32132863998413,-33.41295801103115,10.308870533339727,-0.019533769063651542,6.386995410919189,1.9215299129486083,0.003175050816033043,-33.67605671007186,10.353391972350968,,2.7631020735330303e-11,
1008000,350.5851585865021,-32.43765905499458,11.504910368465621,-0.01785020328033724,5.186279153823852,1.928961491584778,0.001237889169715345,-33.67605671007186,10.353391972350968,,2.7631020735330303e-11,
1012000,351.84095644950867,-36.87365460395813,12.867363825633293,-0.023317275107838143,5.989661931991577,1.9454716444015503,0.009961814450798556,-33.67605671007186,10.353391972350968,,2.7631020735330303e-11,
1016000,353.09987902641296,-34.74528841674328,9.836256972891727,-0.012308466871967561,7.569306087493897,1.8904568791389464,0.005273383209714666,-33.67605671007186,10.353391972350968,,2.7631020735330303e-11,
1020000,354.34988045692444,-34.13354475796223,12.73992677321463,-0.0192831457206049,6.348994636535645,1.824997353553772,0.004053644553641789,-33.67605671007186,10.353391972350968,,2.7631020735330303e-11,
1024000,355.5990173816681,-34.055191218853,7.847482545130736,-0.017290102606639303,5.2252098560333256,1.8149091839790343,0.004565139538317453,-33.67605671007186,10.353391972350968,,2.7631020735330303e-11,
1028000,356.9010503292084,-35.017907470464706,10.226386174399462,-0.018797980863601006,5.441073226928711,1.9329266548156738,0.0030433988891672924,-33.67605671007186,10.353391972350968,,2.7631020735330303e-11,
1032000,358.17823100090027,-33.83180218935013,11.463943032048062,-0.013077899925177938,6.920541429519654,1.9239617943763734,0.0038449237999738984,-33.67605671007186,10.353391972350968,,2.7631020735330303e-11,
1036000,359.4441885948181,-33.845032691955566,10.41316167011507,-0.018434463777579336,6.760531044006347,1.7980372786521912,0.009564316466450683,-33.67605671007186,10.353391972350968,,2.7631020735330303e-11,
1040000,360.7345736026764,-32.06299065053463,9.819255866475759,-0.020245834060478883,5.200012874603272,1.9286304712295532,0.0033792586356867103,-33.67605671007186,10.353391972350968,,2.7631020735330303e-11,
1044000,363.4492254257202,-33.26313953101635,11.973522755785668,-0.01737118655117218,6.221647596359253,1.8924334168434143,0.005608913709875196,-34.0982497446239,10.371358686291623,,2.7631020735330303e-11,
1048000,364.73142671585083,-33.12319815158844,10.80287815082205,-0.017466129714157574,4.494246959686279,1.8307774782180786,0.0016178032036405555,-34.0982497446239,10.371358686291623,,2.7631020735330303e-11,
1052000,366.01733899116516,-35.14309272170067,10.847133494864746,-0.02129077989049255,5.852318572998047,1.8279919028282166,0.006539494259050116,-34.0982497446239,10.371358686291623,,2.7631020735330303e-11,
1056000,367.3341369628906,-33.06693112850189,10.477354533635415,-0.01883072867710145,6.562630653381348,1.8474633693695068,0.0037441028878674844,-34.0982497446239,10.371358686291623,,2.7631020735330303e-11,
1060000,368.5695559978485,-34.689093977212906,11.149766321881613,-0.02110861020907766,5.538407516479492,1.8763784170150757,0.006725942422872322,-34.0982497446239,10.371358686291623,,2.7631020735330303e-11,
1064000,369.8465073108673,-33.47842641174793,10.755994063961086,-0.018826968915760522,5.457750129699707,1.923314380645752,0.007088082252535965,-34.0982497446239,10.371358686291623,,2.7631020735330303e-11,
1068000,371.0730962753296,-35.687649339437485,11.202724362689686,-0.022443554468918592,5.405164766311645,1.9865148544311524,0.006178124224061321,-34.0982497446239,10.371358686291623,,2.7631020735330303e-11,
1072000,372.34202909469604,-31.528125792741776,9.403369752525512,-0.018427226121537466,4.101589798927307,1.9426825761795044,0.0062611041013151516,-34.0982497446239,10.371358686291623,,2.7631020735330303e-11,
1076000,373.5322000980377,-33.949675500392914,10.597804377908144,-0.014674825511407086,7.349644660949707,1.9241690397262574,0.004670988256111741,-34.0982497446239,10.371358686291623,,2.7631020735330303e-11,
1080000,374.7214388847351,-32.31096710264683,10.233338982170874,-0.025499050823971636,6.933651161193848,1.9486227631568909,0.0075867229674477345,-34.0982497446239,10.371358686291623,,2.7631020735330303e-11,
1084000,377.47460079193115,-30.233585119247437,10.130287385661262,-0.02296002983301886,3.7187065362930296,1.974818515777588,0.003629756415553853,-33.69723586458713,11.073260363713455,,2.7631020735330303e-11,
1088000,378.71071314811707,-34.34255442023277,10.11441518417272,-0.01797383816633378,6.367858266830444,1.9231933951377869,0.0004700795048847795,-33.69723586458713,11.073260363713455,,2.7631020735330303e-11,
1092000,379.9530222415924,-33.13385824859142,13.108281468662943,-0.020942117131315108,4.518075084686279,1.900133979320526,0.003474344830727205,-33.69723586458713,11.073260363713455,,2.7631020735330303e-11,
1096000,381.25816082954407,-33.030899062752724,11.02350321943987,-0.024735830200836074,6.001731920242309,1.8877328634262085,0.008863698675529896,-33.69723586458713,11.073260363713455,,2.7631020735330303e-11,
1100000,382.4805152416229,-31.988747596740723,11.144555727271811,-0.014085504214745016,6.709737014770508,1.8464993000030518,0.002940899438166511,-33.69723586458713,11.073260363713455,,2.7631020735330303e-11,
1104000,383.7253134250641,-31.97547246515751,9.775294806963176,-0.013921626206487403,6.167482089996338,1.9063467025756835,0.0033357381747919136,-33.69723586458713,11.073260363713455,,2.7631020735330303e-11,
1108000,384.9617512226105,-30.77790729701519,10.01116373960765,-0.02220053374208497,4.964626693725586,1.909176278114319,0.002481386497151039,-33.69723586458713,11.073260363713455,,2.7631020735330303e-11,
1112000,386.19687509536743,-32.40734148025513,10.80821900090461,-0.015510887583019217,5.048796272277832,1.8625383377075195,0.004620593177503807,-33.69723586458713,11.073260363713455,,2.7631020735330303e-11,
1116000,387.4438886642456,-31.284988030791283,11.150542714074943,-0.01984563891775908,5.869211101531983,1.8740452527999878,0.0012159027683082968,-33.69723586458713,11.073260363713455,,2.7631020735330303e-11,
1120000,388.73458456993103,-29.61298406124115,11.152520967516772,-0.023528045192360736,4.38125638961792,1.8880335450172425,0.004164877912844478,-33.69723586458713,11.073260363713455,,2.7631020735330303e-11,
1124000,391.45692324638367,-30.47212542593479,11.058842598114508,-0.0140579621563667,7.00972056388855,1.7378256916999817,0.0030779728549532592,-33.512727627996355,10.785732062686062,,2.7631020735330303e-11,
1128000,392.75620913505554,-34.43327507376671,11.714646717713661,-0.017670134494081148,6.624588823318481,1.8287407279014587,0.004316172635299154,-33.512727627996355,10.785732062686062,,2.7631020735330303e-11,
1132000,394.04506731033325,-33.16970035433769,9.716822175421898,-0.012980232496745892,7.578204822540283,1.8021114349365235,0.0032084985866676964,-33.512727627996355,10.785732062686062,,2.7631020735330303e-11,
1136000,395.34735083580017,-31.89137864112854,9.444877711798773,-0.014510156374657513,5.717315149307251,1.7460996747016906,0.002463142854627165,-33.512727627996355,10.785732062686062,,2.7631020735330303e-11,
1140000,396.58676290512085,-33.28807584941387,11.102097484867432,-0.016060369751416205,6.480863046646118,1.7784621477127076,0.003556992465746589,-33.512727627996355,10.785732062686062,,2.7631020735330303e-11,
1144000,397.86560702323914,-34.47555738687515,11.046761438427941,-0.01792811277182773,7.123370790481568,1.7291313052177428,0.007513273204676807,-33.512727627996355,10.785732062686062,,2.7631020735330303e-11,
1148000,399.18550634384155,-32.766145423054695,12.096917881967508,-0.01796627218741924,6.328593587875366,1.740994918346405,0.006391207623528317,-33.512727627996355,10.785732062686062,,2.7631020735330303e-11,
1152000,400.47188091278076,-32.334591791033745,9.91210414705271,-0.022039280372671756,5.547794055938721,1.7222507357597352,0.004714594478718937,-33.512727627996355,10.785732062686062,,2.7631020735330303e-11,
1156000,401.76279067993164,-33.91984312236309,9.60029914894244,-0.017822974560782346,5.747415685653687,1.7059503674507142,0.004453681714949198,-33.512727627996355,10.785732062686062,,2.7631020735330303e-11,
1160000,403.01243710517883,-37.846065521240234,13.267238436505146,-0.011570997121743786,8.65312557220459,1.7147482633590698,0.003237205761251971,-33.512727627996355,10.785732062686062,,2.7631020735330303e-11,
1164000,405.7344329357147,-32.42695978283882,10.990952421814582,-0.02219717425992691,5.615320110321045,1.6976274967193603,0.004144004919726285,-33.446172311902046,10.857236954492247,,2.7631020735330303e-11,
1168000,406.98481941223145,-32.833106100559235,10.145113586620166,-0.021668903004378137,5.588792133331299,1.6331228852272033,0.0036546335206367074,-33.446172311902046,10.857236954492247,,2.7631020735330303e-11,
1172000,408.2055251598358,-32.9896143078804,10.476665489363269,-0.02003897169511788,5.527303028106689,1.6348241209983825,0.004727360658696967,-33.446172311902046,10.857236954492247,,2.7631020735330303e-11,
1176000,409.33574295043945,-33.57439061999321,12.15960780844881,-0.01903574933111667,6.956841897964478,1.6019797801971436,0.0019273594366386426,-33.446172311902046,10.857236954492247,,2.7631020735330303e-11,
1180000,410.59178256988525,-32.51928821206093,10.82291052865416,-0.022297933459281927,4.572689771652222,1.6680969834327697,0.009945975809124975,-33.446172311902046,10.857236954492247,,2.7631020735330303e-11,
1184000,411.80440378189087,-33.13317762315273,11.288726095820465,-0.012700197855709305,6.886665916442871,1.688917100429535,0.0010562027695122822,-33.446172311902046,10.857236954492247,,2.7631020735330303e-11,
1188000,413.0316355228424,-32.97210559248924,10.159329572058319,-0.021802648256067057,5.05250301361084,1.686849343776703,0.003970987933367631,-33.446172311902046,10.857236954492247,,2.7631020735330303e-11,
1192000,414.333233833313,-30.147176563739777,9.946819175930509,-0.022470983435399817,5.14671688079834,1.7612165451049804,0.005234023922586673,-33.446172311902046,10.857236954492247,,2.7631020735330303e-11,
1196000,415.6375455856323,-31.740757524967194,9.289338872720807,-0.022418863102793552,4.065319848060608,1.7836127281188965,0.01098955060588196,-33.446172311902046,10.857236954492247,,2.7631020735330303e-11,
1200000,416.88350558280945,-33.669571816921234,8.76927519165003,-0.02371167081873864,4.866504669189453,1.7096499800682068,0.00912761212373141,-33.446172311902046,10.857236954492247,,2.7631020735330303e-11,
1204000,419.58448004722595,-32.13689365983009,9.699747561701594,-0.02586598497442889,4.4101318359375,1.712865912914276,0.005729714252041873,-32.33628304116428,10.343585275326236,,2.7631020735330303e-11,
1208000,420.8546049594879,-30.973101556301117,10.824957908397188,-0.014699288205709315,5.931963777542114,1.7871731400489808,0.002145916946290427,-32.33628304116428,10.343585275326236,,2.7631020735330303e-11,
1212000,422.1062104701996,-30.96151927113533,9.644506978665161,-0.017790878431871347,3.8199921369552614,1.79741690158844,0.0037166664988035336,-32.33628304116428,10.343585275326236,,2.7631020735330303e-11,
1216000,423.37483263015747,-32.67542205750942,10.916912194653392,-0.015948720354121093,5.773128509521484,1.675180149078369,0.003074521944159514,-32.33628304116428,10.343585275326236,,2.7631020735330303e-11,
1220000,424.63535261154175,-30.82352250814438,10.31230543380038,-0.024043843355961148,6.050067377090454,1.7544280648231507,0.008834641260909848,-32.33628304116428,10.343585275326236,,2.7631020735330303e-11,
1224000,425.91838121414185,-34.204855889081955,11.094970429558503,-0.012202993847429866,6.045332765579223,1.8343137145042419,0.002818685433885548,-32.33628304116428,10.343585275326236,,2.7631020735330303e-11,
1228000,427.14233231544495,-30.16405463218689,9.4318783632605,-0.014412390754092463,5.156999731063843,1.816025698184967,0.0025255563785322012,-32.33628304116428,10.343585275326236,,2.7631020735330303e-11,
1232000,428.41911458969116,-32.13745427131653,8.649088973055765,-0.016411243069916946,6.4471029281616214,1.8032644033432006,0.004022095448453911,-32.33628304116428,10.343585275326236,,2.7631020735330303e-11,
1236000,429.6962237358093,-31.92148867249489,10.713507489169737,-0.01279047534009441,5.113945484161377,1.673629069328308,0.0015938928769902105,-32.33628304116428,10.343585275326236,,2.7631020735330303e-11,
1240000,430.9909474849701,-33.15234857797623,11.023236751656821,-0.016577735294122143,4.362835693359375,1.7291508316993713,0.008161341259256005,-32.33628304116428,10.343585275326236,,2.7631020735330303e-11,
1244000,433.69559049606323,-33.531414076685905,14.200725629444737,-0.02006886675767605,7.517977619171143,1.7190723061561584,0.0012900202528108196,-33.0464940094389,10.478811329144694,,2.7631020735330303e-11,
1248000,434.9496304988861,-33.80385033786297,11.758697700769597,-0.01825374139286584,6.5422955513000485,1.6996986627578736,0.005219921218464129,-33.0464940094389,10.478811329144694,,2.7631020735330303e-11,
1252000,436.22072744369507,-32.3680477142334,10.312390582349842,-0.018759050793945777,5.998768472671509,1.8235501885414123,0.00406210424771416,-33.0464940094389,10.478811329144694,,2.7631020735330303e-11,
1256000,437.5438299179077,-33.63196784257889,11.865003355007955,-0.012256917779101073,6.584781980514526,1.7831835508346559,0.002671332094178069,-33.0464940094389,10.478811329144694,,2.7631020735330303e-11,
1260000,438.7994945049286,-32.06349901854992,10.45650914228829,-0.01623485395219184,5.986768960952759,1.8215824127197267,0.007121441513299942,-33.0464940094389,10.478811329144694,,2.7631020735330303e-11,
1264000,439.901978969574,-33.49606662988663,11.250411761487339,-0.02296275778766721,6.195111274719238,1.769060206413269,0.0010578851895988617,-33.0464940094389,10.478811329144694,,2.7631020735330303e-11,
1268000,441.11044669151306,-33.10750922560692,11.634391972432871,-0.019192485887557353,6.424387502670288,1.7924402713775636,0.007090593756583985,-33.0464940094389,10.478811329144694,,2.7631020735330303e-11,
1272000,442.382776260376,-34.888071447610855,10.78918419878899,-0.014698590661399002,6.570468330383301,1.8111688375473023,0.0028937423237366034,-33.0464940094389,10.478811329144694,,2.7631020735330303e-11,
1276000,443.5555603504181,-30.933914721012115,10.29550222689801,-0.020201503640040742,5.240610265731812,1.7561957359313964,0.0070459434413351115,-33.0464940094389,10.478811329144694,,2.7631020735330303e-11,
1280000,444.7343056201935,-33.76850068569183,11.535413589096114,-0.019121880473569018,6.277774667739868,1.844843864440918,0.004573356657056138,-33.0464940094389,10.478811329144694,,2.7631020735330303e-11,
1284000,447.31402468681335,-30.175311848521233,10.058887013843435,-0.017685315061360552,5.427560520172119,1.834676694869995,0.007016234199283567,-32.734616830945015,10.414984117816774,,2.7631020735330303e-11,
1288000,448.42921686172485,-33.37171113491058,10.670599238523538,-0.018294094101991475,5.7440611839294435,1.7917984247207641,0.006406740576378045,-32.734616830945015,10.414984117816774,,2.7631020735330303e-11,
1292000,449.5547294616699,-33.011932238936424,9.214037253400814,-0.02296742196846755,6.242835664749146,1.7983928203582764,0.005999262043042108,-32.734616830945015,10.414984117816774,,2.7631020735330303e-11,
1296000,450.7389233112335,-33.320802956819534,9.913197557828864,-0.017595147888176132,6.609877967834473,1.83902850151062,0.002833366958293482,-32.734616830945015,10.414984117816774,,2.7631020735330303e-11,
1300000,452.0143611431122,-32.663476914167404,10.686096661923731,-0.017268115189857804,5.789484357833862,1.7903219223022462,0.003622748433845091,-32.734616830945015,10.414984117816774,,2.7631020735330303e-11,
1304000,453.25585770606995,-32.32936780154705,11.154805254992139,-0.011931242374470453,6.452346754074097,1.6952601790428161,0.0045573169007547595,-32.734616830945015,10.414984117816774,,2.7631020735330303e-11,
1308000,454.542542219162,-31.466979280114174,10.01355694429987,-0.010565812364919047,6.490623140335083,1.7210559368133544,0.007742303656414151,-32.734616830945015,10.414984117816774,,2.7631020735330303e-11,
1312000,455.82779121398926,-32.15792125463486,8.694979914528144,-0.02278450140636412,4.630809640884399,1.7033458590507506,0.008242431387538085,-32.734616830945015,10.414984117816774,,2.7631020735330303e-11,
1316000,457.1029849052429,-33.964953884482384,11.142905980543876,-0.01708854344580324,6.797967338562012,1.6656819581985474,0.008092139550717548,-32.734616830945015,10.414984117816774,,2.7631020735330303e-11,
1320000,458.28909063339233,-32.37902595102787,10.880419001443016,-0.01835202766023576,7.132320785522461,1.666759729385376,0.004845915379701182,-32.734616830945015,10.414984117816774,,2.7631020735330303e-11,
1324000,460.9274158477783,-31.308102920651436,10.59720571912301,-0.012345540809677934,5.200824928283692,1.657444131374359,0.005430801757756854,-32.29986219992861,9.313946516588386,,2.7631020735330303e-11,
1328000,462.18483233451843,-30.703249871730804,8.999057674819381,-0.025294473171234344,5.9838621616363525,1.6896388411521912,0.009039639820926837,-32.29986219992861,9.313946516588386,,2.7631020735330303e-11,
1332000,463.4698612689972,-31.58454792201519,10.543360469148984,-0.01627376231271782,6.517496490478516,1.6740681409835816,0.002924396610120361,-32.29986219992861,9.313946516588386,,2.7631020735330303e-11,
1336000,464.75869631767273,-32.044149696826935,10.289197902679824,-0.010862852454651063,7.0448285102844235,1.6777300357818603,0.005257613997673616,-32.29986219992861,9.313946516588386,,2.7631020735330303e-11,
1340000,465.999751329422,-31.602711156010628,11.033294373270378,-0.02086488090641798,5.799847221374511,1.7216864943504333,0.00967405635456089,-32.29986219992861,9.313946516588386,,2.7631020735330303e-11,
1344000,467.2727208137512,-34.708898797631264,10.113835691078943,-0.014413797358050928,7.731973552703858,1.7217177867889404,0.004343325150548472,-32.29986219992861,9.313946516588386,,2.7631020735330303e-11,
1348000,468.5511131286621,-33.31708915531635,11.416332551044885,-0.018189750222489254,6.4600873470306395,1.7178455233573913,0.007837026682682335,-32.29986219992861,9.313946516588386,,2.7631020735330303e-11,
1352000,469.8399283885956,-32.03087352216244,10.552508935579853,-0.010246718591777604,5.649735736846924,1.706816065311432,0.0042437810834962345,-32.29986219992861,9.313946516588386,,2.7631020735330303e-11,
1356000,471.1137101650238,-31.839349061250687,8.914247651270466,-0.01727816069638379,6.267142343521118,1.6647025108337403,0.003357398125808686,-32.29986219992861,9.313946516588386,,2.7631020735330303e-11,
1360000,472.3932011127472,-31.380888029932976,9.01760718994679,-0.024011720621958332,4.719796419143677,1.7088938236236573,0.008320644398918376,-32.29986219992861,9.313946516588386,,2.7631020735330303e-11,
1364000,475.08728098869324,-33.40455040335655,10.53056715149463,-0.01844122323486954,6.618933296203613,1.6662222504615785,0.011502538458444178,-32.052704866975546,10.14747728445611,,2.7631020735330303e-11,
1368000,476.3709933757782,-31.47080084681511,11.201407681032794,-0.016587568718940203,4.459598636627197,1.6700989723205566,0.0016761436443776035,-32.052704866975546,10.14747728445611,,2.7631020735330303e-11,
1372000,477.61385130882263,-31.30544213950634,10.986831168591642,-0.01695148485898972,5.724893474578858,1.6111068248748779,0.0033594452770191905,-32.052704866975546,10.14747728445611,,2.7631020735330303e-11,
1376000,478.8348762989044,-33.099843606352806,11.44672367345807,-0.018441213726066063,4.972413063049316,1.6865649700164795,0.009247074522543697,-32.052704866975546,10.14747728445611,,2.7631020735330303e-11,
1380000,480.15193343162537,-31.426512241363525,8.660788306309568,-0.01687363701220601,4.780259275436402,1.6912148952484132,0.005923063773661852,-32.052704866975546,10.14747728445611,,2.7631020735330303e-11,
1384000,481.4168953895569,-31.459674142301083,10.353366910039187,-0.02229755358025436,6.529016351699829,1.664343500137329,0.0076695802388712766,-32.052704866975546,10.14747728445611,,2.7631020735330303e-11,
1388000,482.6981272697449,-28.866905510425568,8.576178908216685,-0.019483450560364803,4.1208919286727905,1.6869912981986999,0.00782772114407262,-32.052704866975546,10.14747728445611,,2.7631020735330303e-11,
1392000,483.9824597835541,-30.06711195409298,8.790657155971846,-0.022079258274287028,4.292830395698547,1.7109391689300537,0.005471412822953425,-32.052704866975546,10.14747728445611,,2.7631020735330303e-11,
1396000,485.2605857849121,-30.982096016407013,11.635866377343929,-0.020334452000446746,5.344511604309082,1.6905002117156982,0.005165672436123714,-32.052704866975546,10.14747728445611,,2.7631020735330303e-11,
1400000,486.53945207595825,-33.68385536968708,11.761074564178813,-0.017365038075484306,5.823969888687134,1.6294353127479553,0.005866378074279055,-32.052704866975546,10.14747728445611,,2.7631020735330303e-11,
1404000,489.2611382007599,-29.651906609535217,10.2799732995751,-0.012039076210930944,6.729605770111084,1.6094406723976136,0.004502315323683437,-31.638472150079906,9.310504879646157,,2.7631020735330303e-11,
1408000,490.5489995479584,-32.207739412784576,11.22888639740403,-0.018268942481372542,6.566067028045654,1.6149720668792724,0.009383660304592922,-31.638472150079906,9.310504879646157,,2.7631020735330303e-11,
1412000,491.81211948394775,-32.78040674328804,9.228553430205324,-0.020203310369513883,6.226991891860962,1.579245662689209,0.013057127257343381,-31.638472150079906,9.310504879646157,,2.7631020735330303e-11,
1416000,493.08045196533203,-31.77120278775692,10.329591965175615,-0.015088249012362099,5.143527984619141,1.6083617806434631,0.005078005394898355,-31.638472150079906,9.310504879646157,,2.7631020735330303e-11,
1420000,494.352331161499,-32.865942150354385,10.1960125471821,-0.018148548712022605,5.799055385589599,1.6525483965873717,0.004613734465965536,-31.638472150079906,9.310504879646157,,2.7631020735330303e-11,
1424000,495.6385111808777,-29.446018651127815,10.702927147621859,-0.01844703189283603,5.168914031982422,1.6088910341262816,0.009597197458788287,-31.638472150079906,9.310504879646157,,2.7631020735330303e-11,
1428000,496.89258003234863,-31.052906557917595,8.959931553772636,-0.02447310433071088,3.875211000442505,1.6742473006248475,0.00562762221088633,-31.638472150079906,9.310504879646157,,2.7631020735330303e-11,
1432000,498.1562469005585,-32.41377201676369,9.525141100356,-0.01791638784110532,4.573470115661621,1.6097774982452393,0.002394324220949784,-31.638472150079906,9.310504879646157,,2.7631020735330303e-11,
1436000,499.4411199092865,-32.69498361647129,10.531287082083491,-0.020658582955598838,4.921670293807983,1.5955718755722046,0.007296272338833632,-31.638472150079906,9.310504879646157,,2.7631020735330303e-11,
1440000,500.6725609302521,-31.001612946391106,9.90660909830423,-0.023754288022406377,5.653405666351318,1.6055896759033204,0.0077896392051478355,-31.638472150079906,9.310504879646157,,2.7631020735330303e-11,
1444000,503.3941056728363,-30.41414351761341,11.345543058637377,-0.015966361176688083,4.81177716255188,1.5871717095375062,0.0018176827437855537,-31.769298125524074,9.638761606486321,,2.7631020735330303e-11,
1448000,504.666273355484,-31.4599170088768,9.804692151332222,-0.021322503191419172,5.005510950088501,1.5292061805725097,0.006453369913389873,-31.769298125524074,9.638761606486321,,2.7631020735330303e-11,
1452000,505.9490804672241,-30.667143508791924,11.155708707695444,-0.019110323081724445,4.91061544418335,1.631583297252655,0.012336509251967071,-31.769298125524074,9.638761606486321,,2.7631020735330303e-11,
1456000,507.21467685699463,-33.08041900396347,10.434841111420836,-0.014541247433982774,5.167904043197632,1.5790900111198425,0.009548764641862295,-31.769298125524074,9.638761606486321,,2.7631020735330303e-11,
1460000,508.49795842170715,-33.56570453941822,10.32010372091455,-0.01913176874723286,4.4578025341033936,1.491642987728119,0.007716843819478569,-31.769298125524074,9.638761606486321,,2.7631020735330303e-11,
1464000,509.79501581192017,-30.31022796779871,8.957979018451136,-0.02482081595715151,4.731908655166626,1.5545162916183473,0.008794314970029405,-31.769298125524074,9.638761606486321,,2.7631020735330303e-11,
1468000,511.05485367774963,-30.998527869582176,11.552354784507001,-0.015498324192129065,5.076453399658203,1.5054747223854066,0.0035083336333627813,-31.769298125524074,9.638761606486321,,2.7631020735330303e-11,
1472000,512.3453392982483,-29.807983368635178,11.908351408759254,-0.02026069819927221,5.073742771148682,1.49411541223526,0.0074561937362886965,-31.769298125524074,9.638761606486321,,2.7631020735330303e-11,
1476000,513.6494145393372,-31.656653106212616,10.498147300625378,-0.01780741589237005,5.3527003765106205,1.5582010865211486,0.006497350455960138,-31.769298125524074,9.638761606486321,,2.7631020735330303e-11,
1480000,514.9576845169067,-30.095040127635002,10.842214658766112,-0.0190567689659074,4.492540979385376,1.4628095984458924,0.002742775424441746,-31.769298125524074,9.638761606486321,,2.7631020735330303e-11,
1484000,517.6497776508331,-31.62347300350666,10.7636671671843,-0.01915418263152242,4.817463016510009,1.4443573832511902,0.005783725108221916,-32.27059895824641,8.971364790140177,,2.7631020735330303e-11,
1488000,518.9441385269165,-30.48894304037094,8.616917243734997,-0.015335970224812812,5.166302299499511,1.4321126580238341,0.004029955008474628,-32.27059895824641,8.971364790140177,,2.7631020735330303e-11,
1492000,520.1522614955902,-31.190363705158234,10.536667340120845,-0.02135041642561557,4.26138744354248,1.3859705567359923,0.0063946251291781666,-32.27059895824641,8.971364790140177,,2.7631020735330303e-11,
1496000,521.2605051994324,-32.60876241326332,10.382295341843527,-0.011227434030268314,6.9192217826843265,1.4272937297821044,0.004917882653447947,-32.27059895824641,8.971364790140177,,2.7631020735330303e-11,
1500000,522.3588659763336,-31.501361817121506,9.627885782158105,-0.01608351135090924,4.134313011169434,1.4815461397171021,0.0029797096125548706,-32.27059895824641,8.971364790140177,,2.7631020735330303e-11,
1504000,523.6101393699646,-31.13879381120205,8.505767603679885,-0.018382013430818845,3.8637816667556764,1.4191125273704528,0.0032684360834537075,-32.27059895824641,8.971364790140177,,2.7631020735330303e-11,
1508000,524.9421701431274,-29.776776134967804,11.38416923246203,-0.020718252038583174,4.612800788879395,1.4807482361793518,0.007265191622311207,-32.27059895824641,8.971364790140177,,2.7631020735330303e-11,
1512000,526.2051520347595,-29.025964945554733,9.10924633986099,-0.014722972881980257,4.989770174026489,1.444194257259369,0.00623236439947501,-32.27059895824641,8.971364790140177,,2.7631020735330303e-11,
1516000,527.5307586193085,-32.00977113842964,10.031249463803512,-0.01854879082180556,5.10383358001709,1.5021297216415406,0.007468733959831298,-32.27059895824641,8.971364790140177,,2.7631020735330303e-11,
1520000,528.8326449394226,-32.71048258244991,12.016941659725331,-0.019117485507857034,4.987373352050781,1.5541346788406372,0.006725801876746118,-32.27059895824641,8.971364790140177,,2.7631020735330303e-11,
1524000,531.592431306839,-33.80316027998924,11.470334574416137,-0.018744291837327197,4.87170672416687,1.427948796749115,0.007122549184714444,-32.01237598899752,9.843470707128105,,2.7631020735330303e-11,
1528000,532.8843920230865,-30.596818178892136,10.010257445830684,-0.014796396678313607,5.12328143119812,1.4952098608016968,0.00595251674344763,-32.01237598899752,9.843470707128105,,2.7631020735330303e-11,
1532000,534.1946249008179,-33.00296393036842,9.490191402762418,-0.020811791865155093,4.7093452453613285,1.4530452609062194,0.006549982738215476,-32.01237598899752,9.843470707128105,,2.7631020735330303e-11,
1536000,535.4492285251617,-32.480915397405624,11.33318730520439,-0.01870139587251458,6.116517829895019,1.473023283481598,0.0038582713983487337,-32.01237598899752,9.843470707128105,,2.7631020735330303e-11,
1540000,536.6868395805359,-33.55724094808102,12.10043113268878,-0.015964423280209306,5.752829074859619,1.4474555373191833,0.004940598508808769,-32.01237598899752,9.843470707128105,,2.7631020735330303e-11,
1544000,537.9653594493866,-31.73942221701145,11.224523412356312,-0.017368335831910286,4.939953327178955,1.4921317934989928,0.0025128230976987354,-32.01237598899752,9.843470707128105,,2.7631020735330303e-11,
1548000,539.226854801178,-31.498154535889626,9.79353552599725,-0.02263234276697048,4.441208171844482,1.407009744644165,0.0044623268418945376,-32.01237598899752,9.843470707128105,,2.7631020735330303e-11,
1552000,540.507248878479,-32.92881327867508,10.204609386135992,-0.01756174079701296,4.8592935562133786,1.4858300685882568,0.008287821085890722,-32.01237598899752,9.843470707128105,,2.7631020735330303e-11,
1556000,541.7905662059784,-29.793847754597664,11.205528334623356,-0.01574443093780431,4.909812259674072,1.5127496242523193,0.004271753346984042,-32.01237598899752,9.843470707128105,,2.7631020735330303e-11,
1560000,543.069418668747,-30.318324863910675,9.81999988522807,-0.01398495062626921,5.892086029052734,1.5248167753219604,0.006348835380747886,-32.01237598899752,9.843470707128105,,2.7631020735330303e-11,
1564000,545.701536655426,-31.449841424822807,11.00021704228899,-0.020728568577207618,4.265312767028808,1.5120665788650514,0.0046055313785327455,-31.097161109093577,9.267691491140079,,2.7631020735330303e-11,
1568000,546.8000564575195,-32.130946308374405,11.012480152922626,-0.0181036521838978,4.768690681457519,1.596511960029602,0.006291807938832683,-31.097161109093577,9.267691491140079,,2.7631020735330303e-11,
1572000,547.8991150856018,-32.470082357525826,12.05079974250454,-0.01568827478587629,4.969766759872437,1.5610230088233947,0.00990264379652217,-31.097161109093577,9.267691491140079,,2.7631020735330303e-11,
1576000,549.1527338027954,-31.00624880194664,9.11686913615859,-0.019905302707105575,3.1732009649276733,1.5594355821609498,0.005789193836972117,-31.097161109093577,9.267691491140079,,2.7631020735330303e-11,
1580000,550.3051376342773,-31.74912552535534,10.432748896670791,-0.015533346327021746,4.0066608667373655,1.5072621703147888,0.00445298647799035,-31.097161109093577,9.267691491140079,,2.7631020735330303e-11,
1584000,551.5698487758636,-29.456180438399315,11.600894414236262,-0.017066284429282062,4.982190895080566,1.5207329750061036,0.008341568196192384,-31.097161109093577,9.267691491140079,,2.7631020735330303e-11,
1588000,552.8525514602661,-33.43680012226105,11.18121437556655,-0.017930085315369125,4.384966135025024,1.5418251156806946,0.007093417728901841,-31.097161109093577,9.267691491140079,,2.7631020735330303e-11,
1592000,554.1513512134552,-31.390635430812836,10.887075469501584,-0.022450127335265257,4.855120992660522,1.561673629283905,0.00817178675835013,-31.097161109093577,9.267691491140079,,2.7631020735330303e-11,
1596000,555.4353241920471,-30.32125973701477,8.87074117062534,-0.010719516516197559,5.847818613052368,1.5264132142066955,0.0070069976383820174,-31.097161109093577,9.267691491140079,,2.7631020735330303e-11,
1600000,556.6808695793152,-32.03972992300987,11.743063141497487,-0.021652265402488526,5.11027946472168,1.5523232460021972,0.006628401402849704,-31.097161109093577,9.267691491140079,,2.7631020735330303e-11,
1604000,559.387537240982,-30.94585742801428,13.219737912569753,-0.016248761441558558,5.167657852172852,1.571138036251068,0.008124845915182987,-31.14235426625237,9.24239385330777,,2.7631020735330303e-11,
1608000,560.5926811695099,-32.34497553110123,9.89176418412628,-0.01018978897994387,5.056332921981811,1.5660029411315919,0.007704766362439841,-31.14235426625237,9.24239385330777,,2.7631020735330303e-11,
1612000,561.8881421089172,-30.861469760537148,10.122082324337127,-0.01930527324136353,4.9485830783844,1.4804749131202697,0.009332099262974226,-31.14235426625237,9.24239385330777,,2.7631020735330303e-11,
1616000,563.0433664321899,-29.996802806854248,10.019999227675449,-0.01887021977547576,4.839163970947266,1.5650455832481385,0.006929441095329736,-31.14235426625237,9.24239385330777,,2.7631020735330303e-11,
1620000,564.1671347618103,-30.94316439330578,10.247617742547746,-0.015249698712490555,4.163309049606323,1.4250346779823304,0.0034440257442183153,-31.14235426625237,9.24239385330777,,2.7631020735330303e-11,
1624000,565.342921257019,-28.898334562778473,10.166794597815421,-0.020221868861466773,3.450761413574219,1.5217147469520569,0.005853436670266099,-31.14235426625237,9.24239385330777,,2.7631020735330303e-11,
1628000,566.6178331375122,-29.59046110510826,9.81469335463471,-0.0157895198049955,3.206536960601807,1.437318217754364,0.0009764124457433354,-31.14235426625237,9.24239385330777,,2.7631020735330303e-11,
1632000,567.8420946598053,-29.876791313290596,9.867754884847974,-0.022312243221327677,4.230637741088867,1.5090991973876953,0.005818146880483255,-31.14235426625237,9.24239385330777,,2.7631020735330303e-11,
1636000,569.1167321205139,-32.50749561190605,11.882802352214279,-0.01638079468626543,5.550768756866455,1.555761456489563,0.0026616820693016407,-31.14235426625237,9.24239385330777,,2.7631020735330303e-11,
1640000,570.393575668335,-32.692091062664986,11.558740124239439,-0.019308655198663337,4.026195430755616,1.5802066564559936,0.006910162583226409,-31.14235426625237,9.24239385330777,,2.7631020735330303e-11,
1644000,573.0881924629211,-31.66728200018406,11.013687995411807,-0.01704970174469054,5.17553858757019,1.56967351436615,0.0037700705580062887,-31.395858376286924,10.105250413508882,,2.7631020735330303e-11,
1648000,574.3874762058258,-30.227541401982307,11.00384797254708,-0.014830367091577656,4.108915257453918,1.5069874763488769,0.0012378416355204535,-31.395858376286924,10.105250413508882,,2.7631020735330303e-11,
1652000,575.6596682071686,-28.183137387037277,8.058322795142566,-0.014755887408740875,4.045884585380554,1.5576735973358153,0.0060157227438176085,-31.395858376286924,10.105250413508882,,2.7631020735330303e-11,
1656000,576.9325633049011,-32.124071165919304,12.630664791640337,-0.014790220729075366,5.780409479141236,1.589648139476776,0.004844545530795585,-31.395858376286924,10.105250413508882,,2.7631020735330303e-11,
1660000,578.2074871063232,-33.4349248111248,11.674300457321054,-0.022237942663021572,6.313019704818726,1.5679939031600951,0.00408966528519521,-31.395858376286924,10.105250413508882,,2.7631020735330303e-11,
1664000,579.4621732234955,-33.81684997677803,11.026302642268284,-0.019797783851623497,5.017367315292359,1.5831816434860229,0.007504486740799621,-31.395858376286924,10.105250413508882,,2.7631020735330303e-11,
1668000,580.7393157482147,-29.80747513473034,10.191069694462687,-0.019483359598089046,3.3702553510665894,1.4988898634910583,0.006857094350154469,-31.395858376286924,10.105250413508882,,2.7631020735330303e-11,
1672000,582.0197715759277,-33.22493661940098,11.40522378448522,-0.018314676543697672,5.914874792098999,1.5540993452072143,0.003987359437451233,-31.395858376286924,10.105250413508882,,2.7631020735330303e-11,
1676000,583.2775382995605,-29.172092735767365,12.151983511491657,-0.016861041510943232,5.276013422012329,1.5663485646247863,0.003984153295459691,-31.395858376286924,10.105250413508882,,2.7631020735330303e-11,
1680000,584.5757005214691,-33.076054722070694,10.488233555186735,-0.011815916670951766,5.835475158691406,1.5482446908950807,0.0037553851580014452,-31.395858376286924,10.105250413508882,,2.7631020735330303e-11,
1684000,587.31738114357,-32.31868839263916,12.06541420776775,-0.013973901060875704,5.292093229293823,1.535922884941101,0.003295408278245304,-31.623839375097305,10.28524659119776,,2.7631020735330303e-11,
1688000,588.6303722858429,-29.935069620609283,9.745939969183118,-0.02424970833398401,5.210267496109009,1.5638231873512267,0.007535129238385707,-31.623839375097305,10.28524659119776,,2.7631020735330303e-11,
1692000,589.9258685112,-29.695356100797653,12.616321803279353,-0.017619308760389883,4.470406556129456,1.5858812570571899,0.003798161868122385,-31.623839375097305,10.28524659119776,,2.7631020735330303e-11,
1696000,591.2149128913879,-30.656128764152527,10.185179425451183,-0.01714593157032489,4.851442623138428,1.5856287360191346,0.005967203809996135,-31.623839375097305,10.28524659119776,,2.7631020735330303e-11,
1700000,592.3175272941589,-29.10170142352581,11.953978764682546,-0.015742796862963628,4.682527208328247,1.6558673620223998,0.004554356476641175,-31.623839375097305,10.28524659119776,,2.7631020735330303e-11,
1704000,593.541107416153,-31.680407643318176,10.366036891484592,-0.020828798328526334,4.529231286048889,1.6783700585365295,0.011894991517532639,-31.623839375097305,10.28524659119776,,2.7631020735330303e-11,
1708000,594.7911789417267,-30.016246274113655,9.312032391657194,-0.01684721617214393,5.689366292953491,1.6524354815483093,0.007854653592279614,-31.623839375097305,10.28524659119776,,2.7631020735330303e-11,
1712000,595.9972293376923,-33.400576680898666,9.691141802270524,-0.020460247472859926,4.969122409820557,1.6454096913337708,0.006891258389805444,-31.623839375097305,10.28524659119776,,2.7631020735330303e-11,
1716000,597.1246824264526,-30.44890959560871,10.210637046575727,-0.01755580547079445,4.646867656707764,1.578503966331482,0.005205142416525632,-31.623839375097305,10.28524659119776,,2.7631020735330303e-11,
1720000,598.1145684719086,-28.74470281600952,10.278046769586894,-0.01509650305565451,4.336819076538086,1.5314831018447876,0.006701382080791518,-31.623839375097305,10.28524659119776,,2.7631020735330303e-11,
1724000,599.9924359321594,-31.57485468685627,10.706865091537155,-0.019892444635741403,6.287946987152099,1.550325083732605,0.0074750701901502795,-31.967599735129625,10.641304393144551,,2.7631020735330303e-11,
1728000,600.9136075973511,-29.2887671738863,10.688684881821915,-0.020992785784881462,4.406770586967468,1.608224666118622,0.00824138577794642,-31.967599735129625,10.641304393144551,,2.7631020735330303e-11,
1732000,602.015212059021,-32.285851046442986,12.05110959573201,-0.023212683320045537,4.829755163192749,1.5998176455497741,0.0052887046593241395,-31.967599735129625,10.641304393144551,,2.7631020735330303e-11,
1736000,603.0500264167786,-30.59224644303322,9.87817775745596,-0.025906468212604495,4.076152491569519,1.5542456388473511,0.0089414124697214,-31.967599735129625,10.641304393144551,,2.7631020735330303e-11,
1740000,604.0417754650116,-29.758239164948463,12.800857511402391,-0.0186403567409144,4.899611186981201,1.5819664359092713,0.005918339808704332,-31.967599735129625,10.641304393144551,,2.7631020735330303e-11,
1744000,605.0394234657288,-32.26800788938999,13.67916701191284,-0.015659246671479287,8.412263774871827,1.561087703704834,0.006586954090744257,-31.967599735129625,10.641304393144551,,2.7631020735330303e-11,
1748000,606.0419640541077,-30.633802235126495,11.102843612451895,-0.018180451582185952,5.578192949295044,1.5579607248306275,0.005629604000598221,-31.967599735129625,10.641304393144551,,2.7631020735330303e-11,
1752000,607.0568788051605,-27.398175179958344,9.959970312803891,-0.019235453879460705,3.4728381872177123,1.4865291953086852,0.0057781945259774755,-31.967599735129625,10.641304393144551,,2.7631020735330303e-11,
1756000,608.0595350265503,-30.224777966737747,10.91519864413752,-0.022325294777751026,4.107789421081543,1.5468243956565857,0.009274045389145513,-31.967599735129625,10.641304393144551,,2.7631020735330303e-11,
1760000,609.2087068557739,-28.469941526651382,9.241015905593265,-0.019583160697482515,3.9558722734451295,1.5561004996299743,0.004163190895691482,-31.967599735129625,10.641304393144551,,2.7631020735330303e-11,
1764000,611.5027656555176,-29.63315387070179,10.672107202452548,-0.017746354484930626,4.830509519577026,1.4781623601913452,0.010362014954676858,-30.775162314530462,10.468020883112947,,2.7631020735330303e-11,
1768000,612.6822695732117,-30.002002879977226,8.86273627463668,-0.022697877528145893,3.761822557449341,1.5643646478652955,0.009778254391858355,-30.775162314530462,10.468020883112947,,2.7631020735330303e-11,
1772000,613.888824224472,-32.700005903840065,12.49487559280937,-0.015716828615870426,6.320320177078247,1.5313356518745422,0.006533836010610683,-30.775162314530462,10.468020883112947,,2.7631020735330303e-11,
1776000,615.0565679073334,-30.201209619641304,9.500766129745545,-0.022270899893716133,4.098124480247497,1.5342833042144775,0.00789786625269322,-30.775162314530462,10.468020883112947,,2.7631020735330303e-11,
1780000,616.2381238937378,-30.89791588485241,12.64352703911271,-0.020270628768950694,4.355541753768921,1.5094879508018493,0.004641117068240419,-30.775162314530462,10.468020883112947,,2.7631020735330303e-11,
1784000,617.4185426235199,-31.040080666542053,10.85355743033648,-0.01639587728073799,4.479357051849365,1.5123849034309387,0.00582170182745898,-30.775162314530462,10.468020883112947,,2.7631020735330303e-11,
1788000,618.5974576473236,-30.735485389828682,11.977110177427083,-0.01675962745398287,4.915021514892578,1.4953761339187621,0.006534866806818052,-30.775162314530462,10.468020883112947,,2.7631020735330303e-11,
1792000,619.7758944034576,-30.976131856441498,12.082472693854427,-0.02384382783248995,4.216744208335877,1.5447918057441712,0.0045883818645961584,-30.775162314530462,10.468020883112947,,2.7631020735330303e-11,
1796000,620.9931130409241,-29.486082151532173,9.599691083564812,-0.026525116669014092,4.0292716264724735,1.5287211298942567,0.012374003558186786,-30.775162314530462,10.468020883112947,,2.7631020735330303e-11,
1800000,622.1837604045868,-30.523019835352898,10.025858618845557,-0.013534597400575877,4.71595311164856,1.5471599698066711,0.0035650025780778805,-30.775162314530462,10.468020883112947,,2.7631020735330303e-11,
1804000,624.4689106941223,-30.917077749967575,11.900677703443282,-0.02190185564849507,4.3272451877594,1.5285184502601623,0.008116446202620864,-30.801644455641508,10.351498351701396,,2.7631020735330303e-11,
1808000,625.649808883667,-30.63907139003277,11.49198689431116,-0.014819521501660483,6.077388334274292,1.5248913764953613,0.005284259605105035,-30.801644455641508,10.351498351701396,,2.7631020735330303e-11,
1812000,626.8300194740295,-27.763881877064705,8.93327558935738,-0.019850691637024374,4.405658388137818,1.5261123180389404,0.007059589866548777,-30.801644455641508,10.351498351701396,,2.7631020735330303e-11,
1816000,628.0023226737976,-30.654980078339577,12.967089903076085,-0.013333570227492597,6.912401723861694,1.4707168102264405,0.003944854141795062,-30.801644455641508,10.351498351701396,,2.7631020735330303e-11,
1820000,629.1647691726685,-30.557423025369644,9.649588569825855,-0.02276821428164837,4.190239977836609,1.4458953261375427,0.010388646414503456,-30.801644455641508,10.351498351701396,,2.7631020735330303e-11,
1824000,630.3346784114838,-28.61810263246298,10.606882378488368,-0.02695899301953659,3.417976498603821,1.4961308479309081,0.008991678170394124,-30.801644455641508,10.351498351701396,,2.7631020735330303e-11,
1828000,631.5066771507263,-28.732955798506737,9.002291286837885,-0.014084652034565793,5.435299730300903,1.526979386806488,0.00728418698371378,-30.801644455641508,10.351498351701396,,2.7631020735330303e-11,
1832000,632.6843123435974,-26.976480424404144,11.098852925975596,-0.020148283354937745,2.510118865966797,1.4487608432769776,0.009320744283264482,-30.801644455641508,10.351498351701396,,2.7631020735330303e-11,
1836000,633.9450716972351,-30.626451164484024,11.244156709645377,-0.014921853650361427,5.129608964920044,1.4187056422233582,0.0022872639159905008,-30.801644455641508,10.351498351701396,,2.7631020735330303e-11,
1840000,635.2095463275909,-29.469324231147766,9.995392471629478,-0.021100778774824035,4.268319106101989,1.4540491819381713,0.006749205067899311,-30.801644455641508,10.351498351701396,,2.7631020735330303e-11,
1844000,637.4933342933655,-30.162232220172882,9.99967052896094,-0.013067325277253872,6.757915019989014,1.5070301294326782,0.003945459952228702,-31.256291812751442,10.074481042090607,,2.7631020735330303e-11,
1848000,638.7226605415344,-30.494167372584343,11.1448801691423,-0.014647227809298969,6.42959771156311,1.4448660016059875,0.005319601183989953,-31.256291812751442,10.074481042090607,,2.7631020735330303e-11,
1852000,639.8550612926483,-29.276828542351723,11.33112742328718,-0.020751596113666882,3.33585729598999,1.46786128282547,0.002266189525835216,-31.256291812751442,10.074481042090607,,2.7631020735330303e-11,
1856000,640.9962248802185,-29.291493728756905,10.58877053744348,-0.018442417794838663,3.4041043758392333,1.491761326789856,0.008430298758321441,-31.256291812751442,10.074481042090607,,2.7631020735330303e-11,
1860000,642.1461691856384,-30.223136499524117,7.999364330246335,-0.012188351630233196,4.113238096237183,1.4922411918640137,0.0036153685773022914,-31.256291812751442,10.074481042090607,,2.7631020735330303e-11,
1864000,643.2957894802094,-30.96541541814804,11.657891174840472,-0.019267510665580544,4.216794180870056,1.487095594406128,0.004864319042768272,-31.256291812751442,10.074481042090607,,2.7631020735330303e-11,
1868000,644.4568994045258,-27.86254993081093,9.915607516548091,-0.012408318941947272,4.055789542198181,1.440459096431732,0.00181798817939125,-31.256291812751442,10.074481042090607,,2.7631020735330303e-11,
1872000,645.5951817035675,-30.92418698966503,10.826704139249825,-0.01814597656205308,3.9040258884429933,1.356701409816742,0.005944478034507483,-31.256291812751442,10.074481042090607,,2.7631020735330303e-11,
1876000,646.7423679828644,-28.530955478549004,11.128100638946487,-0.020256767808459843,3.741080403327942,1.3663967490196227,0.00851108921924606,-31.256291812751442,10.074481042090607,,2.7631020735330303e-11,
1880000,647.9062464237213,-29.524174690246582,9.845217283010316,-0.022601136009208923,4.636381340026856,1.4123367547988892,0.007598179332446264,-31.256291812751442,10.074481042090607,,2.7631020735330303e-11,
1884000,650.224089384079,-29.590869814157486,11.463930660794537,-0.016774133911356338,4.416817045211792,1.4883233189582825,0.007505307300016284,-30.42684224853292,10.527279993912959,,2.7631020735330303e-11,
1888000,651.4105069637299,-28.10627245157957,12.43223353958208,-0.021926772416569283,4.380693364143371,1.473409366607666,0.009223061089869589,-30.42684224853292,10.527279993912959,,2.7631020735330303e-11,
1892000,652.5881929397583,-32.46709072589874,11.335117494441608,-0.022806739817373422,5.275100374221802,1.400363600254059,0.0044218810100574045,-30.42684224853292,10.527279993912959,,2.7631020735330303e-11,
1896000,653.740407705307,-28.302777230739594,8.901025217581763,-0.025481887057423512,3.6656737327575684,1.4608551502227782,0.007282986267819069,-30.42684224853292,10.527279993912959,,2.7631020735330303e-11,
1900000,654.9094173908234,-29.314727872610092,11.4241789592193,-0.020111943585798108,3.8805470705032348,1.4039332270622253,0.004086085703806042,-30.42684224853292,10.527279993912959,,2.7631020735330303e-11,
1904000,656.0781092643738,-29.66638007760048,10.019526267254664,-0.017503298321273064,5.069053888320923,1.4631378650665283,0.006913888140115887,-30.42684224853292,10.527279993912959,,2.7631020735330303e-11,
1908000,657.1978044509888,-29.71258595585823,9.206793819818444,-0.016691545726265765,4.582909727096558,1.4158682465553283,0.005161154501547571,-30.42684224853292,10.527279993912959,,2.7631020735330303e-11,
1912000,658.336270570755,-29.32954467833042,8.785897071498423,-0.01848261057864873,4.018826675415039,1.3841644763946532,0.00797243508277461,-30.42684224853292,10.527279993912959,,2.7631020735330303e-11,
1916000,659.5058739185333,-28.7214777469635,10.435602799353244,-0.022007290824316426,3.423496627807617,1.4151238799095154,0.009395506521104834,-30.42684224853292,10.527279993912959,,2.7631020735330303e-11,
1920000,660.6501240730286,-29.22036263346672,10.104576487896793,-0.015826577875763092,4.462222933769226,1.4049322009086609,0.00655855910424723,-30.42684224853292,10.527279993912959,,2.7631020735330303e-11,
1924000,663.0043361186981,-29.459207512438297,12.37572765042359,-0.02458816156350103,4.165262079238891,1.4388527274131775,0.00562032190937316,-30.239024771377444,10.234679073982972,,2.7631020735330303e-11,
1928000,664.1268630027771,-29.323453545570374,9.41863115613643,-0.01627041906397788,4.027511501312256,1.423760187625885,0.0027301168937701736,-30.239024771377444,10.234679073982972,,2.7631020735330303e-11,
1932000,665.2560014724731,-28.30339205265045,8.867703836295156,-0.021664499857462972,3.7187368392944338,1.4176797032356263,0.0018836431652307529,-30.239024771377444,10.234679073982972,,2.7631020735330303e-11,
1936000,666.4068613052368,-30.02802501618862,12.146315998172172,-0.020098963103257116,3.7478099346160887,1.4299136638641357,0.005072834520484193,-30.239024771377444,10.234679073982972,,2.7631020735330303e-11,
1940000,667.563910484314,-29.909676760435104,11.909019094822785,-0.02543121883273116,3.7473278999328614,1.4113993525505066,0.015106977394316346,-30.239024771377444,10.234679073982972,,2.7631020735330303e-11,
1944000,668.7211310863495,-30.60310733318329,11.315444751064174,-0.015355290155857659,5.376806259155273,1.4206400871276856,0.0022831189113567073,-30.239024771377444,10.234679073982972,,2.7631020735330303e-11,
1948000,669.8936972618103,-29.1236439794302,10.593092260245314,-0.015415100737940435,4.104271459579468,1.436206316947937,0.006041842821519694,-30.239024771377444,10.234679073982972,,2.7631020735330303e-11,
1952000,671.0087254047394,-29.004512757062912,10.747135113025978,-0.016012902010697872,4.569329881668091,1.3567809462547302,0.0016313119791448115,-30.239024771377444,10.234679073982972,,2.7631020735330303e-11,
1956000,672.15993475914,-30.189260318875313,10.177229010540199,-0.01441485091391952,5.375534439086914,1.3793853998184205,4.48524950513729e-09,-30.239024771377444,10.234679073982972,,2.7631020735330303e-11,
1960000,673.3280017375946,-30.950908362865448,9.824711768614971,-0.0205580641739072,4.78138747215271,1.3956395864486695,0.003444157470948994,-30.239024771377444,10.234679073982972,,2.7631020735330303e-11,
1964000,675.6693918704987,-29.803264185786247,9.008506516710712,-0.020023281258530902,4.003817772865295,1.3788129448890687,0.008624322502873838,-30.605559411924332,10.346856949772102,,2.7631020735330303e-11,
1968000,676.833270072937,-31.71732246875763,10.564272275540834,-0.01880848933476962,3.6496214389801027,1.3474903345108031,0.00796256065950729,-30.605559411924332,10.346856949772102,,2.7631020735330303e-11,
1972000,678.0092701911926,-27.966617837548256,10.191754966484506,-0.022762412896379834,3.3723321199417113,1.385838794708252,0.0036600795618724645,-30.605559411924332,10.346856949772102,,2.7631020735330303e-11,
1976000,679.1965551376343,-28.504381574690342,9.275501942436678,-0.019347025617491465,3.152147388458252,1.3365700721740723,0.009868882683804259,-30.605559411924332,10.346856949772102,,2.7631020735330303e-11,
1980000,680.3736391067505,-28.998423293232918,9.559572577889499,-0.013787187704350857,3.7853886604309084,1.3341863870620727,0.004922978037951786,-30.605559411924332,10.346856949772102,,2.7631020735330303e-11,
1984000,681.543390750885,-28.291531056165695,9.43741359091004,-0.02146663570031524,3.7775212049484255,1.3635726809501647,0.001871464287978597,-30.605559411924332,10.346856949772102,,2.7631020735330303e-11,
1988000,682.525928735733,-27.574384450912476,10.47557855514438,-0.019697611835785177,4.5124849557876585,1.3066494345664978,0.0027794632152072117,-30.605559411924332,10.346856949772102,,2.7631020735330303e-11,
1992000,683.5788521766663,-28.49102158844471,11.777088981627172,-0.01824793439917265,4.232792353630066,1.3143473863601685,0.006050021847477183,-30.605559411924332,10.346856949772102,,2.7631020735330303e-11,
1996000,684.5882740020752,-29.042465522885323,9.881687428233096,-0.014731372532900444,4.911156558990479,1.305279755592346,0.0022877728448947644,-30.605559411924332,10.346856949772102,,2.7631020735330303e-11,
2000000,685.5779283046722,-29.203220412135124,10.570759506097902,-0.0232849765541032,4.47534213066101,1.369666075706482,0.0056153783553744676,-30.605559411924332,10.346856949772102,,2.7631020735330303e-11,
