global_step,wall_time_s,ep_return_mean,ep_return_std,policy_loss,value_loss,entropy,approx_kl,eval_return_mean,eval_return_std,mean_k,attn_entropy,lagrange_lambda
4000,9.134689331054688,-723.8204431533813,94.44286733919066,-0.0004485022144750772,507.41994323730466,1.60056414604187,0.00012840682938985992,,,3.0,1.0421035647392274,
8000,17.736738681793213,-736.726881980896,98.87354770394619,-0.0005659329392152301,459.73389587402346,1.5982813119888306,0.00015943888067219137,,,3.0,1.055426013469696,
12000,26.035515785217285,-694.931890964508,91.51526425906961,-0.000437782214488891,419.2710327148437,1.5932375550270081,0.00014875725594174494,,,3.0,1.0506100296974181,
16000,34.48206162452698,-707.9660482406616,82.8120387503306,-0.00016072367211705796,453.9113067626953,1.5854590296745301,0.0003015739810507512,,,3.0,1.0549291968345642,
20000,42.899686098098755,-704.6565055847168,82.53406445212318,-0.00032573160262856505,403.48130493164064,1.5776131391525268,6.084641124282086e-11,,,3.0,1.0613240242004394,
24000,51.31204867362976,-694.0522813796997,80.60866013447372,-0.0006452698752109854,387.48375244140624,1.5820085644721984,0.00031630701786101724,,,3.0,1.0599751353263855,
28000,59.59201455116272,-720.4737176895142,109.57435227745388,-0.00017999214346424707,324.46645202636716,1.5784974098205566,9.66123476246139e-05,,,3.0,1.0497032880783081,
32000,68.0323760509491,-697.9908485412598,75.4340672773571,-0.00034402117945626643,230.72734527587892,1.5750584840774535,7.271463856401983e-05,,,3.0,1.051935601234436,
36000,76.48587226867676,-684.5142183303833,85.02405389472598,-0.0005404761801571567,198.35155639648437,1.5785358548164368,0.0001230052583196084,,,3.0,1.0455779314041138,
40000,84.94398808479309,-704.2780714035034,91.78714063894377,-0.00019869577398630157,159.13540344238282,1.5774173378944396,0.0003408319493852785,,,3.0,1.0444226741790772,
44000,95.72659158706665,-717.4764585494995,98.66475377976649,-0.0001101986091743612,168.08306350708008,1.5695239663124085,0.00015721041745564435,-795.7467565536499,106.88238395857884,3.0,1.0579538822174073,
48000,104.1342282295227,-714.1833982467651,81.12751264822127,-0.00017211344035885645,155.60013885498046,1.5495886206626892,0.00020080599606444593,-795.7467565536499,106.88238395857884,3.0,1.0504480361938477,
52000,112.64733052253723,-671.7650003433228,77.4658256694991,-0.00042977194862032776,131.82206344604492,1.555062961578369,0.00043340504780644553,-795.7467565536499,106.88238395857884,3.0,1.0511495232582093,
56000,121.17014718055725,-710.0256910324097,84.48341369339002,-0.00034306219205610945,136.925138092041,1.5567902445793151,4.104058098164387e-06,-795.7467565536499,106.88238395857884,3.0,1.0513272881507874,
60000,129.6871874332428,-715.6097927093506,88.46820334808973,-0.0003590829866007006,121.70844879150391,1.5591235637664795,0.0002668903968636491,-795.7467565536499,106.88238395857884,3.0,1.0475031852722168,
64000,138.17815566062927,-704.9009189605713,89.7073618020387,-0.0005725101704016744,107.92359161376953,1.5560153365135192,0.00028332915086366485,-795.7467565536499,106.88238395857884,3.0,1.0589557051658631,
68000,146.6854751110077,-716.9103784561157,98.84134944478548,-0.000906840994119662,81.63320808410644,1.5228463888168335,0.0009327846259111538,-795.7467565536499,106.88238395857884,3.0,1.0450402617454528,
72000,155.21574473381042,-772.6706409454346,133.10520005658205,-0.00042542984522881967,53.887372207641604,1.473163938522339,9.764631414022062e-06,-795.7467565536499,106.88238395857884,3.0,1.051804006099701,
76000,163.7165150642395,-739.6298780441284,100.22457288255069,-0.0003755258338836498,74.77548522949219,1.5025555849075318,0.0003073224191903146,-795.7467565536499,106.88238395857884,3.0,1.054471743106842,
80000,172.2528076171875,-754.5432395935059,112.94780775208068,-0.0001991034605962394,75.01055030822754,1.4932363748550415,1.5338045050161675e-06,-795.7467565536499,106.88238395857884,3.0,1.0502929091453552,
84000,183.19886589050293,-746.7345495223999,118.5806525051515,-0.0005747900387892635,80.41133880615234,1.5056843161582947,0.00022390936766168988,-1267.4430505037308,430.20733143378345,3.0,1.0479702711105348,
88000,191.6994333267212,-707.760082244873,92.9639159407831,-0.0001988469634164325,67.6661916732788,1.5214873433113099,0.00011161753974739952,-1267.4430505037308,430.20733143378345,3.0,1.048131561279297,
92000,200.23962712287903,-731.2198009490967,101.4619728681497,-0.00016992375789044446,82.8583324432373,1.5058903098106384,4.447864439498517e-05,-1267.4430505037308,430.20733143378345,3.0,1.0648103475570678,
96000,208.75314664840698,-697.0855169296265,86.84169050825388,-0.00026207266924758164,66.35541152954102,1.4948983311653137,0.00033429165741836184,-1267.4430505037308,430.20733143378345,3.0,1.0670150160789489,
100000,217.19171142578125,-702.8289399147034,85.26624760260626,-0.0003026013999182009,74.2396728515625,1.5011590242385864,0.00038045108083558656,-1267.4430505037308,430.20733143378345,3.0,1.0700003623962402,
104000,225.63105821609497,-692.8973655700684,74.72090193145688,-0.00028125175172135644,86.6825050354004,1.5226563692092896,0.0003192475510198467,-1267.4430505037308,430.20733143378345,3.0,1.0793298602104187,
108000,234.07545375823975,-710.9905347824097,97.95741514741633,-0.00034476435982409013,84.29200401306153,1.5322358012199402,1.5770396100123207e-10,-1267.4430505037308,430.20733143378345,3.0,1.0734952211380004,
112000,242.50244045257568,-720.7525606155396,101.85354526255203,-0.0002528522913077147,87.56362991333008,1.523925495147705,0.000324475121097445,-1267.4430505037308,430.20733143378345,3.0,1.0618543028831482,
116000,250.93598556518555,-702.8065376281738,90.75043895376956,-0.00041880200944919286,87.33857688903808,1.5297680020332336,0.0005009424683521501,-1267.4430505037308,430.20733143378345,3.0,1.0737722516059875,
120000,259.36816453933716,-684.1176815032959,102.18716381764494,-0.00038500570946780054,63.01845531463623,1.5014510750770569,0.0002905069058081966,-1267.4430505037308,430.20733143378345,3.0,1.0664543390274048,
124000,270.19259881973267,-696.3097243309021,83.61461899424106,-0.0004541136142288238,60.82994117736816,1.4945952534675597,0.0001894505912787281,-851.4652151763439,127.89293585774303,3.0,1.0741302371025085,
128000,278.64198112487793,-708.4355211257935,88.94602614723254,-0.000301463174822858,64.1744483947754,1.4787405252456665,0.0008325869217514992,-851.4652151763439,127.89293585774303,3.0,1.0625564694404601,
132000,287.098126411438,-720.6773948669434,115.69089398349375,-0.00045400639961981073,69.02535820007324,1.492611861228943,0.0007755029254137069,-851.4652151763439,127.89293585774303,3.0,1.063744854927063,
136000,295.55450963974,-749.6120567321777,116.5209534425716,-0.0009661572170443833,79.01906929016113,1.46997789144516,0.0016848838684381917,-851.4652151763439,127.89293585774303,3.0,1.045788323879242,
140000,304.0137572288513,-691.7658672332764,96.73074243354247,-0.00015471542173446374,80.1398422241211,1.5014280080795288,0.0008160713190081881,-851.4652151763439,127.89293585774303,3.0,1.0690120339393616,
144000,312.44255232810974,-682.3486986160278,90.59781486161368,-0.0008862341673617768,73.87761917114258,1.4987159252166748,0.0005477160135342274,-851.4652151763439,127.89293585774303,3.0,1.070157814025879,
148000,320.90038990974426,-698.911376953125,98.24780249241189,-0.0005873133337590986,59.731624603271484,1.471391749382019,0.0010339872373151594,-851.4652151763439,127.89293585774303,3.0,1.065598475933075,
152000,329.3475773334503,-683.5824403762817,78.14078181141369,-0.0009462333520835031,69.3167568206787,1.4496583104133607,0.000110477263495945,-851.4652151763439,127.89293585774303,3.0,1.073280668258667,
156000,337.90830540657043,-730.4351863861084,92.98465018042563,-0.0010449043884776187,60.20868492126465,1.4544236421585084,0.0017498742403404322,-851.4652151763439,127.89293585774303,3.0,1.0698095560073853,
160000,346.36240673065186,-708.4845304489136,78.89033616873428,-0.0011230361872488271,50.25712890625,1.4819631576538086,0.0010631460165313911,-851.4652151763439,127.89293585774303,3.0,1.055413806438446,
164000,357.1760733127594,-710.4504022598267,88.75550984996931,-0.0009431995096480072,46.9744270324707,1.4871704220771789,0.001063088765658904,-1087.095301181078,304.45561422110734,3.0,1.0645922064781188,
168000,365.60274267196655,-726.271053314209,94.2127960985973,-0.00039747879141884825,60.392655563354495,1.4783748984336853,0.0005388090447134619,-1087.095301181078,304.45561422110734,3.0,1.0665196776390076,
172000,373.99111247062683,-741.9489965438843,93.71345264228206,-0.0003958639392330099,78.41612434387207,1.4828116297721863,0.0010219579315162263,-1087.095301181078,304.45561422110734,3.0,1.066517972946167,
176000,382.39805603027344,-742.5066976547241,90.65407275563668,-0.0006979440427579142,72.35657081604003,1.4817998170852662,0.000520340318325907,-1087.095301181078,304.45561422110734,3.0,1.069198191165924,
180000,390.828164100647,-766.079122543335,102.24034796871742,-0.00028363139043596775,92.09180641174316,1.4866648077964784,0.0002982333335482257,-1087.095301181078,304.45561422110734,3.0,1.0592400670051574,
184000,399.2723774909973,-692.3071808815002,99.83235031853371,-9.270163012358168e-05,58.81486282348633,1.5011134505271913,0.0008375318124308251,-1087.095301181078,304.45561422110734,3.0,1.0754437923431397,
188000,407.6593737602234,-710.5756196975708,86.78025892712886,-0.0008228029434200312,67.03763694763184,1.5298887968063355,0.0,-1087.095301181078,304.45561422110734,3.0,1.0748554348945618,
192000,416.054270029068,-737.0560188293457,93.1074424239118,6.679290632018997e-05,57.33130378723145,1.517635440826416,0.001961234236058473,-1087.095301181078,304.45561422110734,3.0,1.0767284631729126,
196000,424.53981733322144,-720.435037612915,91.69877651644926,-0.0005567000935625454,78.31620979309082,1.5199768185615539,0.00046739043249787446,-1087.095301181078,304.45561422110734,3.0,1.0707786560058594,
200000,433.0609464645386,-727.3166561126709,105.08613304305304,-0.0004281700593128157,66.66047439575195,1.5278671026229858,0.0008408146741761206,-1087.095301181078,304.45561422110734,3.0,1.0726144194602967,
204000,443.90388679504395,-726.4623641967773,93.19059622326617,-0.0007017522780127461,59.592343711853026,1.5269850134849547,0.0015723340256954543,-859.5528298914433,188.23733701551274,3.0,1.0577847480773925,
208000,452.37798738479614,-721.2594470977783,81.49623423336872,-0.0005466030768584318,81.98831367492676,1.517984437942505,0.0005981953453253252,-859.5528298914433,188.23733701551274,3.0,1.0694818019866943,
212000,460.82978558540344,-730.9749946594238,102.40581240400678,-0.0012554504957638102,70.37179069519043,1.513548243045807,0.00035680295495694737,-859.5528298914433,188.23733701551274,3.0,1.068372654914856,
216000,469.27369260787964,-766.6123485565186,96.811094907839,-0.0014978901495924291,47.64658870697021,1.4836446404457093,0.0025207912095744785,-859.5528298914433,188.23733701551274,3.0,1.0681923031806946,
220000,477.7052843570709,-753.2603969573975,132.69580628731362,-0.0005883290004373265,75.7642765045166,1.506189775466919,0.001369621619853812,-859.5528298914433,188.23733701551274,3.0,1.0611390590667724,
224000,486.14612865448,-743.9209170341492,102.18897680593335,-0.0006485977936342202,67.12083625793457,1.4821860909461975,0.0007333235167316154,-859.5528298914433,188.23733701551274,3.0,1.0679333329200744,
228000,494.5755662918091,-716.5507278442383,87.83043082490029,-0.000124189758013582,56.52044849395752,1.4772197723388671,0.0018909365759464003,-859.5528298914433,188.23733701551274,3.0,1.0525635004043579,
232000,503.0969707965851,-730.6486806869507,103.21105496051966,-0.0009011432078356752,50.03050136566162,1.4672758460044861,0.002075067861005664,-859.5528298914433,188.23733701551274,3.0,1.0461181998252869,
236000,511.6325080394745,-724.162055015564,104.70519342601976,-0.0006862697683390096,87.71510581970215,1.5143590688705444,0.0020388010316916504,-859.5528298914433,188.23733701551274,3.0,1.0428621768951416,
240000,519.9763333797455,-747.7575740814209,106.85453795604788,-0.0004532496636432626,86.60662612915038,1.5020438075065612,0.0019954190863839664,-859.5528298914433,188.23733701551274,3.0,1.0390153288841248,
244000,530.6001887321472,-750.6338357925415,98.1139769562688,-0.0010272944966467357,106.98238067626953,1.4778455376625061,0.0008306343341246247,-800.8127456903458,145.79122073663387,3.0,1.0287458539009093,
248000,539.1133074760437,-727.5376863479614,100.03821720460974,-0.0009136934631253979,95.18649482727051,1.4885926723480225,0.0007066318503348157,-800.8127456903458,145.79122073663387,3.0,1.0277601838111878,
252000,547.6295084953308,-735.0061016082764,82.82852109457134,-0.0009983999378358366,38.70816860198975,1.4606935262680054,0.0006316682280157693,-800.8127456903458,145.79122073663387,3.0,1.0552485108375549,
256000,556.0843043327332,-722.234637260437,104.24261346419301,-0.0011222789771855092,51.62996082305908,1.4602615356445312,0.0036475130059601124,-800.8127456903458,145.79122073663387,3.0,1.0423951745033264,
260000,564.585367679596,-752.2498369216919,103.57688469518177,-0.0013528966227895566,84.64564247131348,1.481959307193756,0.0005932018906605663,-800.8127456903458,145.79122073663387,3.0,1.0377307891845704,
264000,573.0652966499329,-726.1692495346069,110.56199032803103,-0.0007244364912476264,103.6001075744629,1.4783369421958923,0.0011642317768807199,-800.8127456903458,145.79122073663387,3.0,1.04363774061203,
268000,581.5735695362091,-738.3699188232422,112.09577008091519,-0.0004340420346464535,94.27793464660644,1.471247637271881,0.0007253751627285976,-800.8127456903458,145.79122073663387,3.0,1.0507326245307922,
272000,589.9971001148224,-693.084038734436,87.70363869934862,-0.001291364304042375,101.28282165527344,1.4845527052879333,0.001157742070266976,-800.8127456903458,145.79122073663387,3.0,1.062240517139435,
276000,598.4657049179077,-705.2749338150024,89.53679685692,-0.0009160771585532857,78.490283203125,1.4709311127662659,0.0006017827778123319,-800.8127456903458,145.79122073663387,3.0,1.061897385120392,
280000,606.939836025238,-719.6576957702637,78.04094993931416,-0.0006103629264739396,86.18095588684082,1.4953167676925658,0.00038717958286482723,-800.8127456903458,145.79122073663387,3.0,1.0434837341308594,
284000,617.6949305534363,-736.0152411460876,106.38051255284255,-0.0007374547423626865,76.29481201171875,1.4985429286956786,0.0008229359899839195,-845.4483043551445,163.11898269889755,3.0,1.0400152564048768,
288000,626.2193233966827,-747.9373579025269,98.93393854742396,-0.00035788444896751593,131.07542572021484,1.5030282020568848,0.0004668773751327571,-845.4483043551445,163.11898269889755,3.0,1.0443474769592285,
292000,634.7496812343597,-761.5929412841797,119.716659579273,-0.0008140126508465074,74.11352462768555,1.5066123127937316,0.001157748607317144,-845.4483043551445,163.11898269889755,3.0,1.0380173206329346,
296000,643.3081188201904,-739.0766983032227,97.77004169736779,-0.0008325108881690468,90.37274932861328,1.498725175857544,0.0006459831325628329,-845.4483043551445,163.11898269889755,3.0,1.0368198990821837,
300000,651.8758115768433,-711.5512037277222,87.7240382975775,-0.0006219086972754084,48.8137393951416,1.4865561246871948,0.0011165422882186248,-845.4483043551445,163.11898269889755,3.0,1.0297360062599181,
304000,660.4312047958374,-704.7318487167358,88.55818194692911,-0.0009545319795045693,54.886183166503905,1.458426332473755,0.001388738554669544,-845.4483043551445,163.11898269889755,3.0,1.0206408381462098,
308000,668.9713382720947,-705.8807773590088,89.71697198257763,-0.0007168274419091069,49.520324325561525,1.4901213765144348,0.0011475421226156564,-845.4483043551445,163.11898269889755,3.0,1.0528560876846313,
312000,677.5026953220367,-723.088418006897,97.00188172882984,-0.002236785694879173,47.21192378997803,1.470860242843628,0.0021497963374713437,-845.4483043551445,163.11898269889755,3.0,1.0568406462669373,
316000,686.0464451313019,-731.7749080657959,107.36127969628605,-0.0006072767284786007,76.43686065673828,1.4314218640327454,0.0017257993342354894,-845.4483043551445,163.11898269889755,3.0,1.0393614888191223,
320000,694.5756049156189,-737.7341985702515,98.73906856836797,-0.001197937884115774,56.42978572845459,1.4402108669281006,0.0015533841622527688,-845.4483043551445,163.11898269889755,3.0,1.0177890300750732,
324000,705.4031746387482,-785.3176078796387,153.23077791725512,-0.0009364140808077792,67.49798851013183,1.3344034790992736,0.0020592062183228954,-926.8927486538887,214.8589738024654,3.0,1.032346820831299,
328000,713.8734092712402,-720.3594932556152,84.7644952914071,-0.00069856105181616,39.412557411193845,1.352685284614563,0.002310083214038361,-926.8927486538887,214.8589738024654,3.0,1.034106481075287,
332000,722.3062698841095,-737.9030723571777,123.8150069544674,-0.0006781515170635188,55.65293884277344,1.3236887812614442,0.0007738500757453303,-926.8927486538887,214.8589738024654,3.0,1.0268652319908143,
336000,730.6367974281311,-754.3328313827515,100.99031779147634,-0.0018194767221187513,70.15237693786621,1.3554654479026795,0.00426652460009791,-926.8927486538887,214.8589738024654,3.0,1.0290890097618104,
340000,738.9079036712646,-718.386607170105,89.44812077284635,-0.001991758142520361,44.532951545715335,1.3879770040512085,0.0017387038329616188,-926.8927486538887,214.8589738024654,3.0,1.0402046203613282,
344000,747.224089384079,-707.0065994262695,83.36982958607959,-0.0007494524619637843,42.03122043609619,1.3912655472755433,0.0010919498451015253,-926.8927486538887,214.8589738024654,3.0,1.019568395614624,
348000,755.5425436496735,-702.9881553649902,87.01326916891276,-0.0015766986422628194,43.342969512939455,1.4286779522895814,0.000907353888712048,-926.8927486538887,214.8589738024654,3.0,1.0164703607559205,
352000,763.8547127246857,-706.4625291824341,96.78871005484837,-0.0008103795467856223,61.63917579650879,1.4160120248794557,0.0009632568209781312,-926.8927486538887,214.8589738024654,3.0,1.0140247106552125,
356000,772.1742105484009,-717.8976030349731,89.89206059195523,-0.000850862361025051,55.945974349975586,1.4283480167388916,0.00019569975811464246,-926.8927486538887,214.8589738024654,3.0,1.0326892256736755,
360000,780.5447442531586,-720.8692831993103,103.99313432371598,-0.000681507460646813,58.825474166870116,1.4181288480758667,0.0014636695461328314,-926.8927486538887,214.8589738024654,3.0,1.0186101078987122,
364000,791.1218402385712,-704.5986595153809,85.17890286172238,-0.000712763280491302,56.545067596435544,1.4224187135696411,0.0010280935280704117,-875.9327019453049,168.7094134879797,3.0,1.0193349838256835,
368000,799.3805224895477,-713.618730545044,81.60037271489892,-0.0009329191999470687,45.540414047241214,1.4262374639511108,0.0010999337797890974,-875.9327019453049,168.7094134879797,3.0,1.0327203750610352,
372000,807.7220494747162,-733.73521900177,84.18786213388456,-0.0011942050937868488,40.553148651123045,1.3716238141059875,0.0023648642418750863,-875.9327019453049,168.7094134879797,3.0,1.0368778944015502,
376000,815.9469442367554,-709.7566184997559,92.70240420758974,-0.0009897569547732132,37.61420154571533,1.350295603275299,0.002371542388573289,-875.9327019453049,168.7094134879797,3.0,1.0305065512657166,
380000,824.2661218643188,-785.6336193084717,107.1337843329812,-0.0017857747659436375,35.44262638092041,1.343720030784607,0.0017069574576453305,-875.9327019453049,168.7094134879797,3.0,1.0081009268760681,
384000,832.6151812076569,-750.8370790481567,101.9943855873722,-0.0017357344305588996,45.25841808319092,1.3626848578453064,0.001991524250479415,-875.9327019453049,168.7094134879797,3.0,1.0317760109901428,
388000,840.9160282611847,-776.5990381240845,112.43925908961944,-0.0022097182453144626,56.431431198120116,1.3220957398414612,0.0026777778606629,-875.9327019453049,168.7094134879797,3.0,1.0141785264015197,
392000,849.3177356719971,-761.9389114379883,104.619992813948,-0.0010176359963564475,36.56693096160889,1.3224433541297913,0.002068974173336757,-875.9327019453049,168.7094134879797,3.0,1.023021638393402,
396000,857.8374752998352,-752.5283193588257,100.41558467945175,-0.0008227171436301361,33.63795642852783,1.2984964847564697,0.0006734452574164607,-875.9327019453049,168.7094134879797,3.0,0.9810338616371155,
400000,866.3930659294128,-753.8402786254883,109.88952404137142,-0.0011190426224688909,46.32440052032471,1.341646385192871,0.0019548207841580735,-875.9327019453049,168.7094134879797,3.0,0.9873706817626953,
404000,877.2219705581665,-767.5550947189331,111.53326814800224,-0.0014334747270331682,42.35438480377197,1.3339851260185243,0.0021362411081790934,-886.3547756671906,162.90146188225307,3.0,0.9652660489082336,
408000,885.7039749622345,-780.4232692718506,121.08247098905392,-0.0018791266565676868,42.26323699951172,1.31654212474823,0.003001052900139867,-886.3547756671906,162.90146188225307,3.0,0.9639266490936279,
412000,894.1605341434479,-764.4448223114014,130.29095640044477,-0.0009656698699303301,62.0061595916748,1.3702466249465943,0.0014401061481718602,-886.3547756671906,162.90146188225307,3.0,0.9923212349414825,
416000,902.591038942337,-717.2553644180298,87.66956652231423,-0.001582695522170985,35.713731575012204,1.3394366025924682,0.0023816495624487287,-886.3547756671906,162.90146188225307,3.0,0.9840755581855773,
420000,911.01251745224,-715.0262289047241,93.72737304306189,-0.000887604317201074,44.87298946380615,1.3296298384666443,0.0011790666676048888,-886.3547756671906,162.90146188225307,3.0,0.9832109630107879,
424000,919.5183668136597,-707.0840101242065,87.6027632705032,-0.002025228378052546,32.59705638885498,1.3415021061897279,0.0006270987929601707,-886.3547756671906,162.90146188225307,3.0,1.026257610321045,
428000,928.0264873504639,-717.4116191864014,99.66950861485853,-0.0010021991730354784,63.44423408508301,1.3444664835929871,0.0012039408327837009,-886.3547756671906,162.90146188225307,3.0,0.9940619170665741,
432000,936.4952013492584,-716.2337675094604,91.21019074975574,-0.0015047394521922274,44.75452919006348,1.3481875300407409,0.0035769316731602886,-886.3547756671906,162.90146188225307,3.0,0.9527590334415436,
436000,944.9522280693054,-706.0525712966919,75.2352363907616,-0.001927139429906699,35.92766971588135,1.3357975244522096,0.0007615024707774865,-886.3547756671906,162.90146188225307,3.0,0.9916176319122314,
440000,953.3091249465942,-727.5330753326416,103.52914950572624,-0.0010772711080889509,40.63682041168213,1.3179041385650634,0.0013041370883001945,-886.3547756671906,162.90146188225307,3.0,0.9665807902812957,
444000,964.0708043575287,-726.6544208526611,101.36543578447156,-0.0006748858856056473,42.98662986755371,1.323169767856598,0.003398415716830641,-873.7848102748394,163.5079301940132,3.0,0.9611950039863586,
448000,972.5346639156342,-699.38512134552,82.94097806215373,-0.0011613529630317033,28.69637451171875,1.3094587802886963,0.0022750882417312823,-873.7848102748394,163.5079301940132,3.0,0.9724118292331696,
452000,980.9877955913544,-676.6167793273926,94.84994848167271,-0.0012141270402935334,37.0498067855835,1.3329402685165406,0.0011247144488152117,-873.7848102748394,163.5079301940132,3.0,1.012387478351593,
456000,989.4207286834717,-714.5454273223877,78.31068357901239,-0.0018880659201613525,33.89061508178711,1.3144957661628722,0.0013990493839799,-873.7848102748394,163.5079301940132,3.0,0.9890303671360016,
460000,997.8638741970062,-701.5397443771362,93.89840928838476,-0.002529179569256179,37.952803421020505,1.2922320127487184,0.002834015521511901,-873.7848102748394,163.5079301940132,3.0,0.9979548871517181,
464000,1006.3291702270508,-701.5656895637512,105.51166300116284,-0.0007958012174057672,34.406418037414554,1.3156480073928833,0.0016510828523120552,-873.7848102748394,163.5079301940132,3.0,0.9803883612155915,
468000,1014.6496412754059,-689.7816286087036,86.62486742690426,-0.0018019187035970496,42.33337230682373,1.2370234489440919,0.0043449957849613086,-873.7848102748394,163.5079301940132,3.0,0.9840590953826904,
472000,1023.0311300754547,-686.8143854141235,70.44838313199517,-0.0027423901182094925,23.128177165985107,1.2975531101226807,0.004561181269120425,-873.7848102748394,163.5079301940132,3.0,0.963185065984726,
476000,1031.3879086971283,-727.1255588531494,74.05387440780441,-0.001717599149948601,28.577811431884765,1.262763261795044,0.003842117387102917,-873.7848102748394,163.5079301940132,3.0,0.9540942907333374,
480000,1039.7291634082794,-710.8217754364014,80.1724219878587,-0.002693274728041928,41.5286750793457,1.2734807968139648,0.002670378056791378,-873.7848102748394,163.5079301940132,3.0,0.909171998500824,
484000,1050.3855831623077,-713.753604888916,89.01103675613521,-0.0021556603848003064,33.78470115661621,1.2524628520011902,0.002923631269368343,-812.1809505522251,155.77069838752075,3.0,0.994314169883728,
488000,1058.6570582389832,-718.1760416030884,108.8605581261042,-0.0013390621485886989,43.95288219451904,1.2737733125686646,0.0026741820112802126,-812.1809505522251,155.77069838752075,3.0,0.9867318034172058,
492000,1066.899031162262,-719.7492341995239,101.82443041873336,-0.002356377393744591,25.27125129699707,1.2803214192390442,0.002059671443275879,-812.1809505522251,155.77069838752075,3.0,0.9475893676280975,
496000,1075.1195783615112,-700.649468421936,86.2297767613346,-0.0020183121111573945,32.371944427490234,1.2761577129364015,0.001488728124240879,-812.1809505522251,155.77069838752075,3.0,0.9581561028957367,
500000,1083.3486113548279,-735.8709926605225,127.01021167426256,-0.003062565323586286,32.171152877807614,1.2859674096107483,0.004835078866104597,-812.1809505522251,155.77069838752075,3.0,0.9235033392906189,
504000,1091.5910468101501,-717.4210433959961,95.64692453696681,-0.0019526182681243397,36.974945640563966,1.285488200187683,0.002189479495123427,-812.1809505522251,155.77069838752075,3.0,0.9073593497276307,
508000,1099.893806219101,-684.0795984268188,74.36538223661648,-0.001941122824442587,29.46954917907715,1.2857874155044555,0.00287654946296243,-812.1809505522251,155.77069838752075,3.0,0.9175136148929596,
512000,1108.2441885471344,-704.9478569030762,92.01011179754302,-0.0009766660376675062,39.86102180480957,1.3024763107299804,0.0026441092744159287,-812.1809505522251,155.77069838752075,3.0,0.875628525018692,
516000,1116.5543265342712,-710.2651233673096,100.35489561287842,-0.0017647781803576735,44.873361587524414,1.3243285775184632,0.0022319609008263795,-812.1809505522251,155.77069838752075,3.0,0.8662604033946991,
520000,1124.8280997276306,-709.2225580215454,75.8413234527664,-0.0018110713250353073,31.673376846313477,1.2386134743690491,0.002802188300275399,-812.1809505522251,155.77069838752075,3.0,0.9363284528255462,
524000,1135.5505392551422,-688.7221212387085,84.29007721440068,-0.0018349505565517176,28.957517242431642,1.2619113802909852,0.004213690315373242,-776.5370831489563,148.34541452822134,3.0,0.872436797618866,
528000,1143.9089970588684,-765.0660371780396,103.03376961224869,-0.0015721993658662115,31.261579513549805,1.2498696088790893,0.0029143560858598595,-776.5370831489563,148.34541452822134,3.0,0.8246055781841278,
532000,1152.3177757263184,-713.7842769622803,73.25915002240355,-0.0013824640012511046,25.879752731323244,1.273665225505829,0.00100163512408714,-776.5370831489563,148.34541452822134,3.0,0.8889854550361633,
536000,1160.7449703216553,-703.9896945953369,93.07906579964012,-0.0018020552633874587,42.805515670776366,1.2748972296714782,0.00271682577294996,-776.5370831489563,148.34541452822134,3.0,0.88628790974617,
540000,1169.1646206378937,-711.1006660461426,97.68900070770202,-0.001180062564618467,45.26363315582275,1.2625194907188415,0.002601324880379252,-776.5370831489563,148.34541452822134,3.0,0.8459401071071625,
544000,1177.5857853889465,-677.4197611808777,94.22604753634596,-0.0018609366730864886,51.144090270996095,1.2653257369995117,0.002629643866675924,-776.5370831489563,148.34541452822134,3.0,0.8760160386562348,
548000,1186.054015636444,-677.5327606201172,70.69601443251395,-0.0017715003516447503,33.28666229248047,1.2941610217094421,0.003063687287794892,-776.5370831489563,148.34541452822134,3.0,0.8807905793190003,
552000,1194.508073091507,-697.7038469314575,92.31423765806787,-0.0016093923970863066,34.988884162902835,1.2745230078697205,0.0021247065569696133,-776.5370831489563,148.34541452822134,3.0,0.8599377751350403,
556000,1202.9995770454407,-673.5513615608215,101.98228706794644,-0.0016776085032130794,45.33360042572021,1.281380832195282,0.0009708399375085719,-776.5370831489563,148.34541452822134,3.0,0.8997097373008728,
560000,1211.4296989440918,-699.8665227890015,95.93280644135544,-0.0017322198361701346,64.06767311096192,1.2937066316604615,0.0013234666381322312,-776.5370831489563,148.34541452822134,3.0,0.8565911650657654,
564000,1222.25665807724,-673.3442873954773,81.26991658066933,-0.0020507276377951023,31.175044822692872,1.3020802855491638,0.0019509173332480701,-705.9391341805458,111.80468654841903,3.0,0.9284990727901459,
568000,1230.756873369217,-670.992926120758,77.17484233181486,-0.0009160482401445513,62.50946197509766,1.334173309803009,0.0017980269195250003,-705.9391341805458,111.80468654841903,3.0,0.8872936785221099,
572000,1239.267459154129,-666.9785575866699,88.60966889377288,-0.0009842996458416242,50.07455978393555,1.2713972926139832,0.0011462743744680968,-705.9391341805458,111.80468654841903,3.0,0.9222947180271148,
576000,1247.7420482635498,-669.9839057922363,77.82004021822469,-0.0021535048858107864,55.38178939819336,1.2741229295730592,0.0020151200545951873,-705.9391341805458,111.80468654841903,3.0,0.8831230878829956,
580000,1256.2218432426453,-694.6232671737671,85.7734432286267,-0.002235131329779172,40.09194450378418,1.2674550056457519,0.002278290297836061,-705.9391341805458,111.80468654841903,3.0,0.9129315495491028,
584000,1264.7167966365814,-700.8608846664429,104.14634050340445,-0.000601414466592054,59.87470474243164,1.2896453022956849,0.0037171304042373566,-705.9391341805458,111.80468654841903,3.0,0.9162085711956024,
588000,1273.2223045825958,-709.1241388320923,101.89589031107626,-0.0012342449291317336,50.486442947387694,1.2959555625915526,0.003294958206242882,-705.9391341805458,111.80468654841903,3.0,0.8805340051651,
592000,1281.729915380478,-718.1533117294312,105.93347627411255,-0.0018008863738504743,48.31946983337402,1.2709884643554688,0.0034349068882875144,-705.9391341805458,111.80468654841903,3.0,0.8792295277118682,
596000,1290.255129814148,-659.1655406951904,82.22302877411357,-0.0010924615687608608,51.90811767578125,1.2747965693473815,0.0011759406469451894,-705.9391341805458,111.80468654841903,3.0,0.8892366647720337,
600000,1298.7029304504395,-665.0083222389221,82.11322895720757,-0.0008446381278530036,54.32277908325195,1.2742790699005127,0.0027272182574961334,-705.9391341805458,111.80468654841903,3.0,0.8521191239356994,
604000,1309.5502712726593,-692.2824306488037,82.23440949776874,-0.0009441300065178738,57.89485549926758,1.2861387610435486,0.0013287959911394865,-720.2409239411354,158.36081327450526,3.0,0.8354070484638214,
608000,1317.956088066101,-682.79802942276,89.41240404075718,0.00017160551337291885,53.70754547119141,1.3256685256958007,0.004243981000346442,-720.2409239411354,158.36081327450526,3.0,0.8534319162368774,
612000,1326.2099821567535,-678.7637696266174,94.60252147673164,-0.0016699874187276365,51.5369270324707,1.261773443222046,0.0034805033676093442,-720.2409239411354,158.36081327450526,3.0,0.8426581919193268,
616000,1334.4888246059418,-671.9782791137695,91.64193081306692,-0.00047425247772723276,56.5068962097168,1.2772984862327577,0.0023359479935606943,-720.2409239411354,158.36081327450526,3.0,0.8481317222118377,
620000,1342.7335109710693,-660.6255722045898,84.40611024168209,-0.0014347399675752825,43.746444129943846,1.2931244373321533,0.003758067830388123,-720.2409239411354,158.36081327450526,3.0,0.8158295810222626,
624000,1350.9995687007904,-667.3430256843567,78.68813463048656,-0.0015383307703426218,37.52140941619873,1.3276225209236145,0.0036541878215502976,-720.2409239411354,158.36081327450526,3.0,0.7514482617378235,
628000,1359.245484828949,-682.0393533706665,76.64000865202534,-0.0028233830264459137,33.29507846832276,1.3136085629463197,0.0024387486075283958,-720.2409239411354,158.36081327450526,3.0,0.8109019815921783,
632000,1367.5131573677063,-659.0758213996887,85.38265467238718,-0.001794216516786662,27.174830818176268,1.2809590458869935,0.004127031669486314,-720.2409239411354,158.36081327450526,3.0,0.7966702282428741,
636000,1375.7511775493622,-696.9600553512573,99.46155512597686,-0.002744758628037136,29.44796962738037,1.257502806186676,0.002874245023936961,-720.2409239411354,158.36081327450526,3.0,0.7777983129024506,
640000,1383.9883844852448,-690.3236303329468,112.84584193807115,-0.0015412037726879823,27.940808296203613,1.293771255016327,0.002703545179140443,-720.2409239411354,158.36081327450526,3.0,0.7827092468738556,
644000,1394.7461097240448,-667.7924704551697,89.5257329380254,-0.002715433440442816,40.4174711227417,1.292303216457367,0.0028979268739931286,-704.0601259171963,110.70891467706305,3.0,0.7819777190685272,
648000,1403.1706640720367,-655.0497708320618,75.46080592370976,-0.0018680950357205183,34.66215476989746,1.285534179210663,0.003012072959759583,-704.0601259171963,110.70891467706305,3.0,0.8246405482292175,
652000,1411.6954498291016,-663.2732920646667,85.43858863767518,-0.002666375484666794,38.78610038757324,1.2901625037193298,0.0032366743022576028,-704.0601259171963,110.70891467706305,3.0,0.8547188758850097,
656000,1420.1637268066406,-668.6951894760132,73.95835827554329,-0.0019416615688533146,40.67088851928711,1.2633975386619567,0.0009480375825660303,-704.0601259171963,110.70891467706305,3.0,0.8193282842636108,
660000,1428.6538829803467,-679.3951206207275,74.9959579607869,-0.001205444353584184,25.0076265335083,1.2549203991889955,0.005398654606581355,-704.0601259171963,110.70891467706305,3.0,0.825263386964798,
664000,1437.2367599010468,-674.4308414459229,78.54851996308858,-0.002023991562038141,32.19652194976807,1.2784756541252136,0.003492239775368944,-704.0601259171963,110.70891467706305,3.0,0.86051225066185,
668000,1445.710473537445,-668.9693183898926,93.72006126629245,-0.001009825605205439,51.58517837524414,1.2762174367904664,0.003136640364537019,-704.0601259171963,110.70891467706305,3.0,0.8589085936546326,
672000,1454.2431166172028,-679.0600700378418,81.27292335083989,-0.0005165096748387388,42.23095283508301,1.223267960548401,0.003959299280904815,-704.0601259171963,110.70891467706305,3.0,0.8866712868213653,
676000,1462.7064650058746,-699.6234111785889,93.07395418106731,0.00017154320526122647,51.830680465698244,1.2219653606414795,0.0030311607927239193,-704.0601259171963,110.70891467706305,3.0,0.8522802889347076,
680000,1471.1760478019714,-681.6558108329773,86.98667508613242,-0.002564539101944918,28.427795219421387,1.2371349453926086,0.004306088499608451,-704.0601259171963,110.70891467706305,3.0,0.7898092806339264,
684000,1481.9818534851074,-695.2709903717041,91.99879251097465,-0.0016324023206252592,35.17100028991699,1.260334050655365,0.0034067817675725864,-720.5745511651039,105.03287643007445,3.0,0.829118800163269,
688000,1490.439971446991,-669.0723524093628,76.88614269479001,-0.001059026016378395,57.90381927490235,1.2707881450653076,0.0036566366441547872,-720.5745511651039,105.03287643007445,3.0,0.8311813354492188,
692000,1498.8529422283173,-665.9903497695923,71.31680612646373,-0.0007896594471676454,63.86370620727539,1.2880403041839599,0.0031978573826296876,-720.5745511651039,105.03287643007445,3.0,0.8462059497833252,
696000,1507.2290189266205,-647.4693737030029,62.78973965737153,-0.000986656610676917,43.880624771118164,1.3063117504119872,0.0016295817642627886,-720.5745511651039,105.03287643007445,3.0,0.8276837646961213,
700000,1515.645260334015,-666.3136229515076,75.62691613233322,-0.0018437361032507926,49.25686779022217,1.3291205286979675,0.0028340479546847485,-720.5745511651039,105.03287643007445,3.0,0.8168083429336548,
704000,1524.0780158042908,-679.4845247268677,70.66131448923446,-0.0016337977510993084,49.5656982421875,1.306924045085907,0.0010645710819517263,-720.5745511651039,105.03287643007445,3.0,0.8483105421066284,
708000,1532.4888837337494,-669.8666563034058,89.45617801376292,-0.0012395132757713422,59.8935604095459,1.3130311727523805,0.0027677477191900834,-720.5745511651039,105.03287643007445,3.0,0.8275825500488281,
712000,1540.9113261699677,-662.5010981559753,82.5970561976992,-0.0016504816628487794,56.39053802490234,1.313578188419342,0.003047903588352119,-720.5745511651039,105.03287643007445,3.0,0.8603954553604126,
716000,1549.3262631893158,-649.9088525772095,64.67624233020145,-0.0017652541250573251,83.76288452148438,1.3057750821113587,0.003599977621342987,-720.5745511651039,105.03287643007445,3.0,0.8515904247760773,
720000,1557.7415225505829,-627.5406680107117,69.5236576229094,-0.001177842181777411,90.56161270141601,1.2808364152908325,0.002727241263880087,-720.5745511651039,105.03287643007445,3.0,0.8382569313049316,
724000,1568.4477181434631,-637.052882194519,63.84003161029215,-0.0015555694055899405,73.66018486022949,1.2866567373275757,0.0027534314116734794,-624.2279533743858,95.18000781771507,3.0,0.811096864938736,
728000,1576.8674058914185,-661.9122576713562,77.63452257707618,-0.0009701264519729414,72.1093635559082,1.282305932044983,0.0021743229602773973,-624.2279533743858,95.18000781771507,3.0,0.813707435131073,
732000,1585.2877402305603,-682.8575110435486,101.36119061552016,-0.0021027875754516144,75.15469932556152,1.2757424116134644,0.0025482793978881093,-624.2279533743858,95.18000781771507,3.0,0.7800225913524628,
736000,1593.708262681961,-684.3948354721069,93.02503479118738,-0.002210316897796716,61.530640029907225,1.3235101580619812,0.002989516505040246,-624.2279533743858,95.18000781771507,3.0,0.8364778280258178,
740000,1602.1185262203217,-692.3196144104004,102.5726171167401,-0.0011182452939392461,102.46668548583985,1.3210596323013306,0.0012833438707311878,-624.2279533743858,95.18000781771507,3.0,0.8199120581150054,
744000,1610.532651424408,-715.5781106948853,88.99103248120215,-0.0014733290006794242,56.38048210144043,1.3161782264709472,0.0034239076252561063,-624.2279533743858,95.18000781771507,3.0,0.8018331587314605,
748000,1618.9537720680237,-702.6285600662231,129.2983287037073,-0.0023382108298440228,78.81010131835937,1.3128600478172303,0.0021349609247408806,-624.2279533743858,95.18000781771507,3.0,0.7683012127876282,
752000,1627.375153541565,-681.5884294509888,88.95262392772845,-0.0008126931600175747,78.23440055847168,1.3473215341567992,0.001978917576314415,-624.2279533743858,95.18000781771507,3.0,0.8022941052913666,
756000,1635.7864155769348,-707.7661399841309,113.14012471135476,-0.0016137793384890299,65.57168159484863,1.3511487007141114,0.0018804812405772697,-624.2279533743858,95.18000781771507,3.0,0.7767248392105103,
760000,1644.228985786438,-714.8577346801758,101.14193345855868,-0.0011202953115692972,94.69661178588868,1.3442125916481018,0.0016244713899795926,-624.2279533743858,95.18000781771507,3.0,0.8245045483112335,
764000,1654.9176943302155,-665.4940819740295,79.93491965895943,-0.0007364171861245161,69.86664161682128,1.3540155053138734,0.0015625090221874417,-743.2719660401344,145.90003675567488,3.0,0.8320390403270721,
768000,1663.3179514408112,-688.9029173851013,98.25898467520159,-0.001989652276970455,102.30068359375,1.3708247780799865,0.0019761238414988226,-743.2719660401344,145.90003675567488,3.0,0.8230805039405823,
772000,1671.717030286789,-668.2231521606445,101.65789253665395,-0.0017775400147463038,55.905195236206055,1.295484447479248,0.0029566317462013103,-743.2719660401344,145.90003675567488,3.0,0.8078611791133881,
776000,1680.1654155254364,-679.8034801483154,88.3041361654629,-0.002083831743608855,65.96541900634766,1.2900747179985046,0.002595749159811633,-743.2719660401344,145.90003675567488,3.0,0.8603912889957428,
780000,1688.5895047187805,-706.5873827934265,105.98688561058292,-0.001684770004964431,62.14649276733398,1.2828388333320617,0.0027805065242185734,-743.2719660401344,145.90003675567488,3.0,0.8264618396759034,
784000,1697.0067522525787,-689.4816484451294,80.40187186330485,-0.0013880255886761007,58.20744400024414,1.3103266477584838,0.0015583771571982652,-743.2719660401344,145.90003675567488,3.0,0.8182549834251404,
788000,1705.4211151599884,-699.5930604934692,83.99490663425959,-0.0019361519403367834,74.7537899017334,1.3836816549301147,0.0012765783580107382,-743.2719660401344,145.90003675567488,3.0,0.8325591385364532,
792000,1713.8353123664856,-708.0798749923706,106.99211665426738,-0.0013051991201452173,94.6634635925293,1.3831400156021119,0.0010868177581578654,-743.2719660401344,145.90003675567488,3.0,0.7750291883945465,
796000,1722.2785201072693,-708.1748762130737,89.45571663918417,-0.0009985302811334584,88.16726875305176,1.3692645668983459,0.001816188677912578,-743.2719660401344,145.90003675567488,3.0,0.7744722604751587,
800000,1730.778107881546,-705.832977771759,104.28918670195736,-0.0015417135227035138,66.99063491821289,1.3733363151550293,0.0017883044966244376,-743.2719660401344,145.90003675567488,3.0,0.8159518659114837,
804000,1741.4576570987701,-687.0686974525452,82.83754187045719,-0.0012228259155186993,68.03536033630371,1.3696927785873414,0.0026420021786665248,-914.2898780107498,168.1641448959794,3.0,0.7619939267635345,
808000,1749.8596172332764,-704.0092911720276,98.48213936020706,-0.0011132599606547445,102.0005599975586,1.3879143714904785,0.000856287782429721,-914.2898780107498,168.1641448959794,3.0,0.7696454644203186,
812000,1758.2782394886017,-687.2039451599121,85.81347900848192,-0.0010252742349645238,82.22612266540527,1.3936489701271058,0.0008579741721405299,-914.2898780107498,168.1641448959794,3.0,0.7939889669418335,
816000,1766.7438476085663,-678.6645545959473,98.4676879381919,-0.003320822526972389,64.89574012756347,1.3368524193763733,0.003118662409542594,-914.2898780107498,168.1641448959794,3.0,0.7734667658805847,
820000,1775.2039358615875,-671.4261798858643,80.70976783554373,-0.0016113503664091588,61.15775108337402,1.341476571559906,0.0009451957910641795,-914.2898780107498,168.1641448959794,3.0,0.8016072392463685,
824000,1783.6117272377014,-691.7752232551575,93.61684331770284,-0.0022978835232788874,74.9861686706543,1.3528749227523804,0.0017170838091345563,-914.2898780107498,168.1641448959794,3.0,0.7414821922779083,
828000,1792.1224706172943,-690.7548289299011,91.40720061332641,-0.0018794229553798837,83.30341606140136,1.369722306728363,0.003127643071425458,-914.2898780107498,168.1641448959794,3.0,0.7181191623210907,
832000,1800.6111462116241,-720.1154832839966,97.70327957671073,-0.001993669223215022,91.87261276245117,1.3568377375602723,0.0025783936254447416,-914.2898780107498,168.1641448959794,3.0,0.7308720350265503,
836000,1809.0475766658783,-713.4594707489014,107.24530099269401,-0.0011659242315221973,68.62150154113769,1.333127784729004,0.0011620647524250628,-914.2898780107498,168.1641448959794,3.0,0.6922216713428497,
840000,1817.5244400501251,-700.2220449447632,107.03625308953642,-0.0008490559904166695,64.41003112792968,1.3368621349334717,0.0016835751494703177,-914.2898780107498,168.1641448959794,3.0,0.7666835188865662,
844000,1828.2039458751678,-692.8741102218628,104.7487071022038,-0.001204623700501628,71.24800109863281,1.3582233786582947,0.001460320915794,-730.050928413868,160.68026954679834,3.0,0.7509854376316071,
848000,1836.6069481372833,-693.7988438606262,107.41291947722425,-0.0016339318247434065,67.75100822448731,1.33794105052948,0.002625880917184986,-730.050928413868,160.68026954679834,3.0,0.7754540026187897,
852000,1845.0252783298492,-699.4619469642639,84.65003499551314,-0.0017677791926738351,65.43735542297364,1.3297751903533936,0.002954363830251783,-730.050928413868,160.68026954679834,3.0,0.7557820558547974,
856000,1853.4356181621552,-713.5637578964233,113.46773879846279,-0.0022245864946405015,56.86592788696289,1.3336472153663634,0.001157902300474234,-730.050928413868,160.68026954679834,3.0,0.7652605593204498,
860000,1861.863361120224,-692.7466421127319,77.84632011259428,-0.002299733412665361,54.55311584472656,1.3451297879219055,0.0030225744896257957,-730.050928413868,160.68026954679834,3.0,0.8249464809894562,
864000,1870.2844352722168,-667.8598651885986,74.35090136776056,-0.0008101245764047249,82.49100799560547,1.3289838552474975,0.0030097535927779973,-730.050928413868,160.68026954679834,3.0,0.770318865776062,
868000,1878.6816856861115,-692.8242464065552,82.17023747514592,-0.001868148473169029,79.6719352722168,1.3321601152420044,0.0017643276973976717,-730.050928413868,160.68026954679834,3.0,0.7842963933944702,
872000,1887.0889410972595,-706.7659940719604,98.0438368211905,-0.002800579318233476,68.64803314208984,1.304734468460083,0.0036058134923223407,-730.050928413868,160.68026954679834,3.0,0.7530905902385712,
876000,1895.4833645820618,-692.2963104248047,95.64373765331173,-0.0011103460023393018,64.94180450439453,1.322632610797882,0.0022620229559834116,-730.050928413868,160.68026954679834,3.0,0.6880721569061279,
880000,1903.8966562747955,-713.4971609115601,97.18066077156023,-0.0011292284699738974,89.08412971496583,1.3267793655395508,0.002171702865084324,-730.050928413868,160.68026954679834,3.0,0.730607396364212,
884000,1914.559268951416,-662.0076789855957,72.14702426664029,-0.002022789911231171,53.43704528808594,1.3222856283187867,0.0036873663472166917,-789.3362432420254,163.98311522118723,3.0,0.7291552484035492,
888000,1922.9521341323853,-676.6424512863159,84.55135115528206,-0.0020604400026495995,66.03967514038087,1.274150788784027,0.0025505520519800485,-789.3362432420254,163.98311522118723,3.0,0.7261838495731354,
892000,1931.367582321167,-656.9131422042847,85.05277207564552,-0.0020181668333376867,76.29596481323242,1.2486077427864075,0.001878143145586364,-789.3362432420254,163.98311522118723,3.0,0.7148463428020477,
896000,1939.7964415550232,-655.6431841850281,76.70263836266695,-0.0029875828387448513,56.3502872467041,1.3228808999061585,0.0017775434250167255,-789.3362432420254,163.98311522118723,3.0,0.7354478478431702,
900000,1948.2069952487946,-670.962963104248,83.33511682000804,-0.002471043810636431,79.67383651733398,1.2806215763092041,0.002667807278339751,-789.3362432420254,163.98311522118723,3.0,0.6803240120410919,
904000,1956.6114027500153,-674.3970241546631,86.06639764698781,-0.002049320297606805,73.16445579528809,1.2867599368095397,0.002075781085083994,-789.3362432420254,163.98311522118723,3.0,0.668814355134964,
908000,1965.0315384864807,-711.1967525482178,103.10328619592543,-0.0024053643516963375,105.8311782836914,1.2732114672660828,0.003297255281358957,-789.3362432420254,163.98311522118723,3.0,0.620148915052414,
912000,1973.438634634018,-684.5569591522217,98.93242189819446,-0.0024978694736491835,81.86692810058594,1.2941916823387145,0.0038339329126756637,-789.3362432420254,163.98311522118723,3.0,0.6753099501132965,
916000,1981.8362221717834,-712.8884553909302,93.31077213844975,-0.0026335223708053414,92.90696487426757,1.313876497745514,0.002405580465801904,-789.3362432420254,163.98311522118723,3.0,0.6473781168460846,
920000,1990.2380287647247,-696.9698028564453,79.45397680097878,-0.0018639554213635279,69.05995407104493,1.3025988340377808,0.001980564056430012,-789.3362432420254,163.98311522118723,3.0,0.6474467873573303,
924000,2000.935687303543,-714.8722887039185,105.09274444767041,-0.002954102922114554,63.36137466430664,1.3117096304893494,0.0017108033447584604,-738.7009216845036,129.01576520419215,3.0,0.5953969776630401,
928000,2009.3831176757812,-724.9156036376953,101.52337402999366,-0.0022663731967331735,88.15156021118165,1.2625046849250794,0.001647907499961243,-738.7009216845036,129.01576520419215,3.0,0.6333292841911315,
932000,2017.7999739646912,-717.8645205497742,108.87253091082506,-0.0022900733555822226,67.81959495544433,1.2580227732658387,0.0012299333559737224,-738.7009216845036,129.01576520419215,3.0,0.6289820611476898,
936000,2026.2084248065948,-740.8383378982544,108.28871823777416,-0.0027438862501876216,64.10945281982421,1.24093496799469,0.0021341162238968535,-738.7009216845036,129.01576520419215,3.0,0.6326033651828766,
940000,2034.5964121818542,-710.8790884017944,110.05461990361096,-0.0019975516841125975,52.65858535766601,1.1830331325531005,0.001805240282905296,-738.7009216845036,129.01576520419215,3.0,0.6647540092468261,
944000,2043.010338306427,-698.1358528137207,79.14871616541735,-0.002177440954314136,46.989881896972655,1.1985394358634949,0.0020290305534145015,-738.7009216845036,129.01576520419215,3.0,0.6450178325176239,
948000,2051.4161241054535,-708.3770036697388,92.94275566341949,-0.0022727883970704577,65.7269416809082,1.203577446937561,0.0014582860603695735,-738.7009216845036,129.01576520419215,3.0,0.6406585335731506,
952000,2059.821360349655,-689.6617012023926,108.43684797794518,-0.0024922681365860734,58.57734603881836,1.2184313893318177,0.002171072318373879,-738.7009216845036,129.01576520419215,3.0,0.6590190649032592,
956000,2068.220664024353,-690.8424863815308,79.23960168863655,-0.0019314643830293577,57.593115997314456,1.2019708395004272,0.002912517753429711,-738.7009216845036,129.01576520419215,3.0,0.6675325155258178,
960000,2076.6294264793396,-692.017858505249,83.00165021484712,-0.001064250119390664,65.80342826843261,1.1762552857398987,0.0018509379215926546,-738.7009216845036,129.01576520419215,3.0,0.6658994436264039,
964000,2087.28853225708,-679.5749778747559,82.62070798423828,-0.002302222858765157,51.55704803466797,1.1696425676345825,0.0025367017413373107,-708.5861428678036,108.88226757595422,3.0,0.6535676538944244,
968000,2095.681923389435,-671.6784820556641,79.69137892977646,-0.002360318099027303,54.70187911987305,1.1286318182945252,0.0023896824957337246,-708.5861428678036,108.88226757595422,3.0,0.6572583198547364,
972000,2104.086580514908,-693.5167446136475,75.98997161016489,-0.002212080606045985,57.77157135009766,1.152647602558136,0.0031250265426933767,-708.5861428678036,108.88226757595422,3.0,0.6227528095245362,
976000,2112.5044600963593,-694.9079103469849,88.65150496590073,-0.0020296315808081998,58.83926239013672,1.1792261123657226,0.0026461332219963386,-708.5861428678036,108.88226757595422,3.0,0.6417048811912537,
980000,2120.920879840851,-714.2099361419678,101.18369379837615,-0.0037033116996753714,46.39503517150879,1.1705832839012147,0.0018927945620574426,-708.5861428678036,108.88226757595422,3.0,0.6168393075466156,
984000,2129.356664419174,-699.9632062911987,78.03709565038864,-0.0022549886882673896,54.95401725769043,1.1024552941322328,0.0021774405366159046,-708.5861428678036,108.88226757595422,3.0,0.614006519317627,
988000,2137.7966623306274,-687.0717792510986,94.91000945706276,-0.0017077344288701113,50.75841102600098,1.1412662625312806,0.004557877729957305,-708.5861428678036,108.88226757595422,3.0,0.6554656326770782,
992000,2146.194838285446,-723.4948883056641,102.83798655287353,-0.002485899107326972,42.79055118560791,1.086191189289093,0.002978078475299606,-708.5861428678036,108.88226757595422,3.0,0.6445439875125885,
996000,2154.580950975418,-682.9265451431274,73.57549953462986,-0.0019562869908598124,54.690951919555665,1.1187787055969238,0.003359386705948664,-708.5861428678036,108.88226757595422,3.0,0.6538668751716614,
1000000,2162.992324113846,-713.2825212478638,92.7076806877551,-0.001997989270991418,47.40727233886719,1.131404495239258,0.003103309145546529,-708.5861428678036,108.88226757595422,3.0,0.5478759646415711,
1004000,2173.6781437397003,-722.6067414283752,99.41997853757708,-0.0021712762094490577,43.84560852050781,1.073320996761322,0.0047529771104455,-783.2706370055676,148.87048301849777,3.0,0.5802477359771728,
1008000,2182.0872342586517,-729.3940887451172,114.94042318178595,-0.002535106937633813,51.64553337097168,1.1469860553741456,0.0037892665585192555,-783.2706370055676,148.87048301849777,3.0,0.5533736109733581,
1012000,2190.4953620433807,-706.0975427627563,85.41137272873426,-0.0026074555635762662,41.60941333770752,1.0594307899475097,0.0032878590340260417,-783.2706370055676,148.87048301849777,3.0,0.5638345420360565,
1016000,2198.9076890945435,-704.2886629104614,84.52534888194192,-0.0010996842026482323,35.78023910522461,1.1870392322540284,0.0031700911349616945,-783.2706370055676,148.87048301849777,3.0,0.5815053641796112,
1020000,2207.314304828644,-712.3938932418823,88.71513579168828,-0.0018948570581075463,53.963856887817386,1.218975579738617,0.002007720273650193,-783.2706370055676,148.87048301849777,3.0,0.6051332831382752,
1024000,2215.7549505233765,-668.6361880302429,74.60456752029684,-0.002901450644674086,48.95152359008789,1.218302071094513,0.0023849963908408878,-783.2706370055676,148.87048301849777,3.0,0.5738298773765564,
1028000,2224.232234954834,-686.5274906158447,75.19262145372237,-0.002123310342140039,44.88261814117432,1.2119332313537599,0.002143163434811868,-783.2706370055676,148.87048301849777,3.0,0.5622996389865875,
1032000,2232.666630744934,-683.3983860015869,96.76387135544083,-0.0025141589304743307,57.382730102539064,1.1840065360069274,0.0027112922521773776,-783.2706370055676,148.87048301849777,3.0,0.588522094488144,
1036000,2241.0828561782837,-702.2588148117065,92.0839337535432,-0.0022984029945413375,44.08181304931641,1.150560188293457,0.0012043360490570088,-783.2706370055676,148.87048301849777,3.0,0.5599575936794281,
1040000,2249.536646127701,-691.0483255386353,78.66164434756362,-0.003067674236876572,35.897858428955075,1.107703185081482,0.003631115344663449,-783.2706370055676,148.87048301849777,3.0,0.5645375609397888,
1044000,2260.273066520691,-696.4317741394043,84.52005766869358,-0.002904389032550769,43.18112316131592,1.1020549416542054,0.005155767223448482,-725.5066169202328,105.1213134664393,3.0,0.5696207344532013,
1048000,2268.695811033249,-696.0957651138306,81.84249789794819,-0.00215986910801913,35.47090473175049,1.0975714206695557,0.004838625440994899,-725.5066169202328,105.1213134664393,3.0,0.5703477263450623,
1052000,2277.105108499527,-711.8343935012817,92.20255836403271,-0.00318414388775512,39.786492919921876,1.0873058676719665,0.0035270039412037767,-725.5066169202328,105.1213134664393,3.0,0.5703520178794861,
1056000,2285.483916282654,-715.7405896186829,96.92357583118465,-0.002009433547985573,52.72985076904297,1.1440514922142029,0.002596859447658062,-725.5066169202328,105.1213134664393,3.0,0.5574090480804443,
1060000,2293.8325805664062,-717.32896900177,77.308924717314,-0.0016112729200297605,40.6413610458374,1.1069294810295105,0.005177666840609163,-725.5066169202328,105.1213134664393,3.0,0.617354667186737,
1064000,2302.2934272289276,-705.7956533432007,80.33621362486947,-0.0014883322394040666,49.84268569946289,1.125593376159668,0.0022621965011736965,-725.5066169202328,105.1213134664393,3.0,0.5644233524799347,
1068000,2310.7519755363464,-677.0820922851562,74.02301199940216,-0.002167777933762416,31.35658206939697,1.1115058064460754,0.005732621824834494,-725.5066169202328,105.1213134664393,3.0,0.5654666900634766,
1072000,2319.1557064056396,-668.5298023223877,83.43019846507566,-0.002947159696525592,42.15282688140869,1.176388967037201,0.0022701639867009683,-725.5066169202328,105.1213134664393,3.0,0.5440620601177215,
1076000,2327.557968854904,-666.3830833435059,93.94484263117585,-0.0042672381817052685,46.27106704711914,1.1830665588378906,0.00542224097849493,-725.5066169202328,105.1213134664393,3.0,0.561774468421936,
1080000,2335.9512073993683,-654.6291236877441,72.97460075354559,-0.001693111989356133,35.947891807556154,1.1704336285591126,0.004018715305447884,-725.5066169202328,105.1213134664393,3.0,0.5583521783351898,
1084000,2346.6621358394623,-670.8158283233643,91.41344268866054,-0.0030952875517153535,52.770104217529294,1.131777012348175,0.0023466129664448166,-676.3889906108379,98.54860584043226,3.0,0.5168873250484467,
1088000,2355.05664229393,-673.0936365127563,76.56725079560502,-0.0024106660893497443,50.33003883361816,1.1376898288726807,0.002492896362673491,-676.3889906108379,98.54860584043226,3.0,0.5187128007411956,
1092000,2363.4754366874695,-677.7394027709961,81.77296755088213,-0.0030876186725217634,32.78765392303467,1.1242520451545714,0.004726559037226252,-676.3889906108379,98.54860584043226,3.0,0.5237391114234924,
1096000,2371.8959562778473,-664.4776191711426,100.9274140373636,-0.0019100361034700918,60.33593215942383,1.122389006614685,0.0018084889614740974,-676.3889906108379,98.54860584043226,3.0,0.5234187066555023,
1100000,2380.3037700653076,-661.0882263183594,77.17171915651518,-0.003188899951210811,32.4531925201416,1.1373175263404847,0.0038168361283217878,-676.3889906108379,98.54860584043226,3.0,0.5037390530109406,
1104000,2388.722437143326,-643.605827331543,84.11648289939144,-0.0028054884755207786,47.45393676757813,1.202121126651764,0.003967933345586072,-676.3889906108379,98.54860584043226,3.0,0.5103308856487274,
1108000,2397.1609880924225,-662.6380739212036,77.26929854408135,-0.0018546013739328515,56.95570526123047,1.2196434259414672,0.0018171258223010245,-676.3889906108379,98.54860584043226,3.0,0.5400318801403046,
1112000,2405.576366662979,-659.0297222137451,72.97656853194623,-0.002357628648790211,50.13947525024414,1.2085654377937316,0.0032856837073729217,-676.3889906108379,98.54860584043226,3.0,0.5692543685436249,
1116000,2413.9993200302124,-671.067964553833,87.76166721027272,-0.0027740516794533933,37.57638053894043,1.2644419193267822,0.0031987628377974087,-676.3889906108379,98.54860584043226,3.0,0.5389021337032318,
1120000,2422.4102597236633,-671.9443111419678,85.27407885325866,-0.0028810834765511826,56.575928115844725,1.2766297578811645,0.0018973720325933141,-676.3889906108379,98.54860584043226,3.0,0.6088156461715698,
1124000,2433.0801050662994,-676.208477973938,88.92833022511998,-0.0029884832267804916,54.97169723510742,1.2865613937377929,0.003739659069105983,-685.72910541296,79.6596414501957,3.0,0.512190330028534,
1128000,2441.4840326309204,-692.5939283370972,96.10388283562206,-0.002465383692062417,68.68759422302246,1.2722386837005615,0.00341610015272939,-685.72910541296,79.6596414501957,3.0,0.58456369638443,
1132000,2449.8988287448883,-687.2194380760193,94.66080594285489,-0.002611840486332462,39.17393970489502,1.2205944061279297,0.004101836979680229,-685.72910541296,79.6596414501957,3.0,0.5535518944263458,
1136000,2458.298804998398,-668.8641414642334,72.77294265788335,-0.0014454997070715736,44.14507217407227,1.2213435411453246,0.0030272459436479714,-685.72910541296,79.6596414501957,3.0,0.5577297270298004,
1140000,2466.6863379478455,-687.9306735992432,97.32556439921197,-0.002243453676191454,50.32500801086426,1.2166317701339722,0.003891157182826044,-685.72910541296,79.6596414501957,3.0,0.5186964988708496,
1144000,2475.0690100193024,-662.7351322174072,104.41604008557863,-0.002287892281674431,55.3689323425293,1.1668008804321288,0.002200083402722752,-685.72910541296,79.6596414501957,3.0,0.5625978231430053,
1148000,2483.504494905472,-668.1141767501831,83.17556115302033,-0.0028393605120945685,31.325617218017577,1.1290640592575074,0.00448022671189392,-685.72910541296,79.6596414501957,3.0,0.5218244969844819,
1152000,2491.901915550232,-677.5110001564026,79.71365683245894,-0.0032397544488000918,41.60579223632813,1.1122020363807679,0.0051997829213117795,-685.72910541296,79.6596414501957,3.0,0.5547749996185303,
1156000,2500.3116528987885,-669.1874718666077,85.4890910901677,-0.0031443253289519914,31.980623626708983,1.1271125555038453,0.0026858528267863944,-685.72910541296,79.6596414501957,3.0,0.5291657626628876,
1160000,2508.7286450862885,-689.17804479599,95.87551105439609,-0.0032007770186561757,38.29920692443848,1.1340067744255067,0.0023018635547487065,-685.72910541296,79.6596414501957,3.0,0.5401568591594696,
1164000,2519.3780224323273,-670.7904176712036,78.64767242288828,-0.0020860156247847427,31.818677139282226,1.1845116138458252,0.0019573641470536527,-743.6580146849155,129.08184950719559,3.0,0.5163341760635376,
1168000,2527.79505610466,-698.7407827377319,95.16082855840573,-0.002613515720857906,50.795592880249025,1.1375820517539978,0.004965279470275474,-743.6580146849155,129.08184950719559,3.0,0.5252290844917298,
1172000,2536.211332798004,-677.5978984832764,77.41272375801897,-0.0015380263464176203,35.29860782623291,1.1793733596801759,0.0032075723368519605,-743.6580146849155,129.08184950719559,3.0,0.5182104289531708,
1176000,2544.6276519298553,-696.8741126060486,82.78024904747667,-0.0022456351130773376,31.131884765625,1.0900629758834839,0.002020229372583948,-743.6580146849155,129.08184950719559,3.0,0.45392473638057707,
1180000,2552.8748445510864,-718.9364566802979,92.83511285418015,-0.0017903922363378566,38.62321815490723,1.0816115856170654,0.002192488603759557,-743.6580146849155,129.08184950719559,3.0,0.45749789476394653,
1184000,2561.2710344791412,-679.7460432052612,80.37439811112144,-0.0027244464779893284,28.510288047790528,1.1390873789787292,0.0033573366119526325,-743.6580146849155,129.08184950719559,3.0,0.541615778207779,
1188000,2569.6762478351593,-700.6198997497559,93.90688802608963,-0.0021004868260352085,42.52435646057129,1.17160062789917,0.0020299552124924958,-743.6580146849155,129.08184950719559,3.0,0.49621727466583254,
1192000,2578.0867490768433,-685.4615106582642,90.499287314359,-0.0019248719644383572,57.10148811340332,1.2034362316131593,0.002755283669102937,-743.6580146849155,129.08184950719559,3.0,0.5714774131774902,
1196000,2586.5535278320312,-671.8876299858093,85.3169233297217,-0.0022289769392227045,42.320444869995114,1.1525394916534424,0.001598765819027914,-743.6580146849155,129.08184950719559,3.0,0.5385803937911987,
1200000,2595.0491433143616,-675.6967487335205,93.30521337453557,-0.0011781608241144604,58.57188110351562,1.1563599944114684,0.0025582962269254496,-743.6580146849155,129.08184950719559,3.0,0.5338384568691253,
1204000,2605.6991517543793,-645.9255652427673,98.59986723428679,-0.002016544269417242,64.14877014160156,1.2099843263626098,0.0018730443449070044,-677.9704879522324,103.51333964892754,3.0,0.5351485490798951,
1208000,2613.9838621616364,-664.2838106155396,71.83796313884491,-0.001538474699715131,73.32529945373535,1.201042926311493,0.0014474917727056891,-677.9704879522324,103.51333964892754,3.0,0.5788632214069367,
1212000,2622.3215432167053,-658.049352645874,84.93405489812629,-0.0025749366242283412,47.29024238586426,1.2308561205863953,0.0014148264823015788,-677.9704879522324,103.51333964892754,3.0,0.5768458902835846,
1216000,2630.7363419532776,-677.1420273780823,109.83730263932678,-0.002541842205954403,78.8141990661621,1.2030269384384156,0.0020445713769198237,-677.9704879522324,103.51333964892754,3.0,0.5239307343959808,
1220000,2639.135726213455,-704.5678386688232,81.88837631636044,-0.0023585274117843722,56.368416213989256,1.1521275520324707,0.0022442392399534493,-677.9704879522324,103.51333964892754,3.0,0.4946777164936066,
1224000,2647.5503239631653,-687.975323677063,99.05889451453315,-0.0027024768977814253,56.42359580993652,1.1465450525283813,0.002152679585541284,-677.9704879522324,103.51333964892754,3.0,0.4771721988916397,
1228000,2655.976825237274,-701.2228631973267,79.20387467882254,-0.003131744846468809,54.63220138549805,1.2326807975769043,0.003273547807475552,-677.9704879522324,103.51333964892754,3.0,0.5450405895709991,
1232000,2664.3718564510345,-699.2416229248047,82.82165211033809,-0.0021170221963645154,46.62467803955078,1.2073716521263123,0.0032712061356287457,-677.9704879522324,103.51333964892754,3.0,0.5492921054363251,
1236000,2672.847314119339,-690.1399583816528,82.3926173613283,-0.0030534631885529963,48.04342460632324,1.2573969841003418,0.003029285740184928,-677.9704879522324,103.51333964892754,3.0,0.5388151109218597,
1240000,2681.3140392303467,-693.5737791061401,98.32147642068514,-0.0024936488972937985,44.648851776123045,1.2599969387054444,0.002363841127953492,-677.9704879522324,103.51333964892754,3.0,0.551090931892395,
1244000,2692.141937017441,-677.2349419593811,86.57228788066179,-0.0024999630795402793,58.59198570251465,1.2891094923019408,0.0021391103306159565,-733.588089376688,109.39876254574708,3.0,0.5776172935962677,
1248000,2700.613429784775,-658.7615871429443,87.3291096528635,-0.0016958026125794222,73.84898376464844,1.3129590630531311,0.0019484934736877513,-733.588089376688,109.39876254574708,3.0,0.6022838830947876,
1252000,2709.0530207157135,-673.2199430465698,88.80798536226142,-0.0023778029706833514,51.525485610961915,1.3022398114204408,0.0019347990772027313,-733.588089376688,109.39876254574708,3.0,0.5474328219890594,
1256000,2717.493785381317,-671.5232849121094,89.47110491020076,-0.0030364016525369795,50.5709888458252,1.2732523322105407,0.00332271664469348,-733.588089376688,109.39876254574708,3.0,0.5312462508678436,
1260000,2725.987097978592,-650.2576413154602,77.2947073607177,-0.002326064438665831,48.997825622558594,1.2644370555877686,0.001932215513486879,-733.588089376688,109.39876254574708,3.0,0.5579250514507293,
1264000,2734.466385126114,-685.9289350509644,90.99027651332854,-0.0023425052446546246,63.22164802551269,1.2340448141098022,0.003953325637849048,-733.588089376688,109.39876254574708,3.0,0.646827882528305,
1268000,2742.919994831085,-708.1991410255432,95.20134645162281,-0.0015715555155571437,70.22652854919434,1.2683864951133728,0.0031722096959128977,-733.588089376688,109.39876254574708,3.0,0.5668696165084839,
1272000,2751.364044904709,-695.4760360717773,115.32811516754604,-0.0023523336894577087,67.3965347290039,1.2792700409889222,0.0008790755708226516,-733.588089376688,109.39876254574708,3.0,0.5852291405200958,
1276000,2759.7873482704163,-692.7953586578369,86.4872873351025,-0.002948831053334278,45.365068435668945,1.2915158867835999,0.0022302913188468666,-733.588089376688,109.39876254574708,3.0,0.5684280753135681,
1280000,2768.194859981537,-681.4469308853149,86.97570101235435,-0.002376152696650635,64.54701652526856,1.2636746525764466,0.0025626608345191925,-733.588089376688,109.39876254574708,3.0,0.5800374269485473,
1284000,2778.9738523960114,-698.0417785644531,84.05033245480278,-0.003179873378440501,46.60232391357422,1.2567605257034302,0.002820635569514707,-696.6574536561966,99.72353965201512,3.0,0.6577468752861023,
1288000,2787.4058380126953,-713.6960372924805,95.41170018179234,-0.0025123661351778015,65.53482398986816,1.2376314759254456,0.0033588513004360722,-696.6574536561966,99.72353965201512,3.0,0.6183215200901031,
1292000,2795.831332921982,-722.9010772705078,107.62348577445476,-0.003894332436767023,54.63321189880371,1.2370442390441894,0.005708572476132151,-696.6574536561966,99.72353965201512,3.0,0.5983779072761536,
1296000,2804.2875876426697,-711.2965965270996,83.03378536543646,-0.002794325474931014,48.40077667236328,1.1914537787437438,0.0023252077856741327,-696.6574536561966,99.72353965201512,3.0,0.5890146553516388,
1300000,2812.7294640541077,-689.1132588386536,97.6340031382503,-0.002620594021806033,52.04308738708496,1.2103254318237304,0.003079140973354999,-696.6574536561966,99.72353965201512,3.0,0.6600743293762207,
1304000,2821.144961833954,-722.694317817688,86.59139506838902,-0.0034627361495902067,57.47898635864258,1.1844689488410949,0.0036690532367987137,-696.6574536561966,99.72353965201512,3.0,0.6363758206367492,
1308000,2829.5750715732574,-709.086347579956,95.52795679364519,-0.003489512106287318,50.07520027160645,1.2078058004379273,0.0026495584892012093,-696.6574536561966,99.72353965201512,3.0,0.6430466771125793,
1312000,2837.9974756240845,-713.0620422363281,71.0188003489828,-0.002948021947328616,47.62187232971191,1.1895152807235718,0.0021555914512913165,-696.6574536561966,99.72353965201512,3.0,0.6660480916500091,
1316000,2846.380709886551,-708.238091468811,85.85085445180053,-0.0038373891700369533,41.444186782836915,1.175552773475647,0.003312642560922541,-696.6574536561966,99.72353965201512,3.0,0.6361718297004699,
1320000,2854.8734107017517,-703.7357077598572,92.69425113000429,-0.0031900448026135563,42.97773189544678,1.1934639930725097,0.0029624291608342903,-696.6574536561966,99.72353965201512,3.0,0.6122337639331817,
1324000,2865.557558774948,-695.487596988678,91.69173427812277,-0.0033924432673957173,49.76448516845703,1.2097333312034606,0.003491238875275826,-696.202752918005,84.24723051139358,3.0,0.6166100800037384,
1328000,2873.985584259033,-729.9909930229187,102.05836632023076,-0.002966817061960075,60.82143898010254,1.2064959526062011,0.0027110095135867594,-696.202752918005,84.24723051139358,3.0,0.541337925195694,
1332000,2882.4059743881226,-742.7826719284058,98.48276226493563,-0.0031504249594484614,64.4846752166748,1.1909174799919129,0.004788597323931753,-696.202752918005,84.24723051139358,3.0,0.5400325059890747,
1336000,2890.816385984421,-741.6317462921143,128.67640607125833,-0.003160330804802136,54.98130493164062,1.2016147375106812,0.003624673094600439,-696.202752918005,84.24723051139358,3.0,0.5157016396522522,
1340000,2899.229646205902,-705.2686624526978,76.71780609657263,-0.003162999480264261,44.486399459838864,1.195356559753418,0.004324717182821286,-696.202752918005,84.24723051139358,3.0,0.5220792531967163,
1344000,2907.68261051178,-727.392692565918,100.951306569437,-0.0032848819196225065,86.8245979309082,1.2215741395950317,0.0037341020223296438,-696.202752918005,84.24723051139358,3.0,0.6025257229804992,
1348000,2916.1110458374023,-736.304349899292,115.89377527517796,-0.004022465509284867,66.59341773986816,1.2129241824150085,0.004524818809858222,-696.202752918005,84.24723051139358,3.0,0.6267511725425721,
1352000,2924.4445221424103,-708.6117358207703,114.36048850558673,-0.0017958113677450482,101.28280487060547,1.213988971710205,0.003263665196485821,-696.202752918005,84.24723051139358,3.0,0.6367528438568115,
1356000,2932.875195980072,-722.1626009941101,96.65364589591448,-0.002522477288226099,76.6467456817627,1.2012679934501649,0.0023639892693609,-696.202752918005,84.24723051139358,3.0,0.6164134681224823,
1360000,2941.3326058387756,-692.5550546646118,97.74494296955642,-0.003698111113626501,62.986359405517575,1.2147247314453125,0.0048258921112865226,-696.202752918005,84.24723051139358,3.0,0.6093415796756745,
1364000,2952.019351243973,-696.1410179138184,82.53305491310982,-0.0026131667797065104,59.567025375366214,1.2374147534370423,0.00469064209557839,-741.5320744812489,83.3518273220972,3.0,0.625686764717102,
1368000,2960.445187330246,-703.9690132141113,74.20504489075219,-0.002996578745931977,59.365187072753905,1.2165221452713013,0.0027782397693954406,-741.5320744812489,83.3518273220972,3.0,0.6553041398525238,
1372000,2968.8818855285645,-696.1064739227295,91.01598733270069,-0.0028029000746707666,60.863406372070315,1.2198601365089417,0.0029242509823234285,-741.5320744812489,83.3518273220972,3.0,0.6463242828845978,
1376000,2977.322974205017,-726.1779727935791,104.81854540345392,-0.0025639102125133207,48.07012710571289,1.1996277809143066,0.002973024843881533,-741.5320744812489,83.3518273220972,3.0,0.6531250476837158,
1380000,2985.7474620342255,-705.0485620498657,96.76310963739483,-0.0027985919246760528,48.86786804199219,1.207260513305664,0.003534017366473563,-741.5320744812489,83.3518273220972,3.0,0.6683558106422425,
1384000,2994.147746324539,-700.826075553894,68.29016286910975,-0.001762762171972998,40.70627136230469,1.2026330351829528,0.0027474553286835233,-741.5320744812489,83.3518273220972,3.0,0.6763391375541687,
1388000,3002.5592324733734,-701.3521699905396,92.60303714240248,-0.0029158021692807456,59.725010299682616,1.2092974543571473,0.0027956826612353324,-741.5320744812489,83.3518273220972,3.0,0.6587922990322113,
1392000,3010.8283808231354,-684.1850032806396,102.31953816477333,-0.0019151632782401506,65.384228515625,1.2301642417907714,0.0028543784522141015,-741.5320744812489,83.3518273220972,3.0,0.6365529417991638,
1396000,3019.2460424900055,-685.676441192627,81.77469626675692,-0.004526438862706228,48.23742485046387,1.263215672969818,0.005912887944839884,-741.5320744812489,83.3518273220972,3.0,0.6930788695812226,
1400000,3027.7245061397552,-677.1138439178467,88.4354925593227,-0.0028457962530470836,41.746900749206546,1.2703705430030823,0.0032598492136457933,-741.5320744812489,83.3518273220972,3.0,0.6638878524303437,
1404000,3038.566214799881,-674.8742623329163,80.44032951417583,-0.0045560536109068295,52.61712226867676,1.2816933512687683,0.0038427962543210016,-708.0726471543312,99.04208507930954,3.0,0.598447847366333,
1408000,3047.062969684601,-702.6590795516968,98.77018901763842,-0.00165471300457527,68.87298393249512,1.3115938782691956,0.0023689140190059936,-708.0726471543312,99.04208507930954,3.0,0.5875184953212738,
1412000,3055.5750749111176,-667.8203663825989,93.91201744172622,-0.0037445110178863316,56.95870704650879,1.285855782032013,0.00515269249716468,-708.0726471543312,99.04208507930954,3.0,0.6113404095172882,
1416000,3064.0982823371887,-714.5310459136963,115.64336653209409,-0.0030798614389109247,80.59827575683593,1.2288352966308593,0.003716933718533255,-708.0726471543312,99.04208507930954,3.0,0.6142850995063782,
1420000,3072.517399072647,-706.1920852661133,93.12285655159201,-0.002911877058135959,45.608493423461915,1.211539626121521,0.003308363961657368,-708.0726471543312,99.04208507930954,3.0,0.6644026160240173,
1424000,3080.896979570389,-695.0536851882935,85.27217361765479,-0.003803970909172882,70.48955993652343,1.2065900921821595,0.004629594182188157,-708.0726471543312,99.04208507930954,3.0,0.6498247683048248,
1428000,3089.3263380527496,-697.9906320571899,95.23177185174742,-0.00331365899025684,64.99524040222168,1.1791069626808166,0.0031038772634929047,-708.0726471543312,99.04208507930954,3.0,0.6103621780872345,
1432000,3097.7450075149536,-722.1674041748047,111.45306882339676,-0.0028514006939172275,87.6154914855957,1.1393911957740783,0.0033564693216855622,-708.0726471543312,99.04208507930954,3.0,0.6176141262054443,
1436000,3106.1743619441986,-732.5572233200073,97.0134925028024,-0.0029186051951935353,57.82229843139648,1.1227790594100953,0.004691594047471881,-708.0726471543312,99.04208507930954,3.0,0.599717766046524,
1440000,3114.5452880859375,-710.0584125518799,110.82182136828867,-0.0028338769134133913,63.478804397583005,1.1726881384849548,0.00593051768373698,-708.0726471543312,99.04208507930954,3.0,0.6340453624725342,
1444000,3125.0334074497223,-693.8509783744812,88.90305577565431,-0.0038998625061940294,49.54776382446289,1.2086562037467956,0.002722552896011621,-752.4900122880936,106.08322578918653,3.0,0.5977175951004028,
1448000,3133.2437772750854,-678.8366746902466,100.23003120426246,-0.0024616463711717882,62.36672744750977,1.16452898979187,0.0037705177819589153,-752.4900122880936,106.08322578918653,3.0,0.6126931726932525,
1452000,3141.447508096695,-711.8313512802124,100.62432398287572,-0.00380078006865614,78.81204109191894,1.170874297618866,0.0024992699753299207,-752.4900122880936,106.08322578918653,3.0,0.5646782457828522,
1456000,3149.665238380432,-737.6467456817627,116.58844536417729,-0.003332335120377472,71.81596794128419,1.1395842790603639,0.0038374194139614735,-752.4900122880936,106.08322578918653,3.0,0.5687703549861908,
1460000,3157.877470254898,-710.0079116821289,105.6214245633244,-0.00198498382584269,83.12186660766602,1.109748899936676,0.002263504490838386,-752.4900122880936,106.08322578918653,3.0,0.6299446940422058,
1464000,3166.0886569023132,-726.3170471191406,136.35694942189753,-0.002028064735350199,57.82680969238281,1.1563260674476623,0.00272776940400945,-752.4900122880936,106.08322578918653,3.0,0.6236626744270325,
1468000,3174.3138296604156,-699.8937015533447,102.92644972064383,-0.0022923302330212893,64.67938117980957,1.1200483560562133,0.004332378660483904,-752.4900122880936,106.08322578918653,3.0,0.5869143068790436,
1472000,3182.5148928165436,-704.7777900695801,118.84944354733626,-0.0034123838881496395,58.033522033691405,1.155351209640503,0.0030993334541562943,-752.4900122880936,106.08322578918653,3.0,0.5662892699241638,
1476000,3190.737533569336,-688.4442195892334,99.87724619718196,-0.003040298974296718,61.743737030029294,1.164459502696991,0.0020694484031992034,-752.4900122880936,106.08322578918653,3.0,0.5655301034450531,
1480000,3198.93585062027,-733.2550325393677,100.42250230847687,-0.0024011761908575126,55.57033500671387,1.1406054496765137,0.0037061190214784266,-752.4900122880936,106.08322578918653,3.0,0.6026312351226807,
1484000,3209.4340918064117,-679.4492063522339,78.2393820081932,-0.0030103125569294065,49.33664741516113,1.1655466675758361,0.0038407804910093545,-767.7845202088356,121.44691442669442,3.0,0.6174340546131134,
1488000,3217.654650449753,-712.5358295440674,79.54092075414395,-0.0021805191239740117,60.76160507202148,1.0938214659690857,0.006038876033543306,-767.7845202088356,121.44691442669442,3.0,0.557088190317154,
1492000,3226.034526824951,-700.1117677688599,98.46515925104579,-0.003072720268741236,51.188272857666014,1.102340316772461,0.003506259020650759,-767.7845202088356,121.44691442669442,3.0,0.5785639584064484,
1496000,3234.4483811855316,-722.087911605835,94.66109946970712,-0.0030831749235318675,58.57857398986816,1.1693883419036866,0.004526838497258723,-767.7845202088356,121.44691442669442,3.0,0.5453620433807373,
1500000,3242.762040376663,-712.1051330566406,94.2005222935578,-0.0021097127233903556,48.43636703491211,1.1212372064590455,0.004672219401613509,-767.7845202088356,121.44691442669442,3.0,0.562703275680542,
1504000,3250.9909014701843,-704.0486536026001,88.77844856409627,-0.0012740028682552307,48.2630672454834,1.1534693121910096,0.003955630275420852,-767.7845202088356,121.44691442669442,3.0,0.5409487843513489,
1508000,3259.2163846492767,-683.9844164848328,87.84009213993684,-0.002423931638487087,57.07993927001953,1.121975874900818,0.0024662091638116834,-767.7845202088356,121.44691442669442,3.0,0.5504584312438965,
1512000,3267.4900135993958,-669.779990196228,84.27409216083451,-0.0033244527938077082,41.19589080810547,1.1490922689437866,0.004941974473418676,-767.7845202088356,121.44691442669442,3.0,0.5619455993175506,
1516000,3275.8055992126465,-668.3676643371582,74.98146234592429,-0.003223947831778773,44.80608940124512,1.1437132596969604,0.0026637160804433126,-767.7845202088356,121.44691442669442,3.0,0.5988807022571564,
1520000,3284.220495223999,-663.5699677467346,71.3103601847066,-0.0029766885418600177,48.522558975219724,1.1709546446800232,0.0034753596256487107,-767.7845202088356,121.44691442669442,3.0,0.6241811335086822,
1524000,3294.897437810898,-697.9483671188354,94.53091692975698,-0.004075789657421325,43.081085968017575,1.1709278583526612,0.003261871498621405,-667.2532525658607,95.13442529139695,3.0,0.5870369493961334,
1528000,3303.294968366623,-697.552453994751,80.65873091451763,-0.003092223879725964,50.68358726501465,1.1386309385299682,0.0041829328125459145,-667.2532525658607,95.13442529139695,3.0,0.6038598954677582,
1532000,3311.731549024582,-692.2183151245117,93.28889260001901,-0.0027176999482325217,53.75135192871094,1.1403610706329346,0.003329639235744253,-667.2532525658607,95.13442529139695,3.0,0.5933748185634613,
1536000,3320.2392489910126,-702.9355545043945,85.34985813241929,-0.0025055538371653975,49.367103576660156,1.12652645111084,0.006557163991965353,-667.2532525658607,95.13442529139695,3.0,0.5665082275867462,
1540000,3328.6612577438354,-692.3988265991211,81.32784948101178,-0.004277491761371488,41.033420372009275,1.106415295600891,0.004195936018892121,-667.2532525658607,95.13442529139695,3.0,0.6013683438301086,
1544000,3337.079171895981,-674.4745960235596,71.8520368051703,-0.0035091641214094692,34.28813209533691,1.1704712986946106,0.0016057962988270448,-667.2532525658607,95.13442529139695,3.0,0.5805820405483246,
1548000,3345.5185968875885,-655.6874961853027,69.3986033598117,-0.0026124556540743525,41.629097366333006,1.1531234741210938,0.003876506205182528,-667.2532525658607,95.13442529139695,3.0,0.5648017346858978,
1552000,3353.9218940734863,-704.3260736465454,75.90381912690437,-0.0026619415185026086,44.46630630493164,1.095682728290558,0.004960937146097422,-667.2532525658607,95.13442529139695,3.0,0.5880245566368103,
1556000,3362.3549020290375,-733.8582258224487,108.13582535172056,-0.0021386567989502225,49.59368209838867,1.0799179434776307,0.0027710966601637967,-667.2532525658607,95.13442529139695,3.0,0.5545541882514954,
1560000,3370.767294406891,-698.4709939956665,93.38799190258094,-0.0024224999288950944,46.86220512390137,1.1174291849136353,0.0023423065476429806,-667.2532525658607,95.13442529139695,3.0,0.5596361637115479,
1564000,3381.4642951488495,-677.9402503967285,91.63440207601363,-0.0021080626621066577,50.8998966217041,1.1149214029312133,0.005303852040010248,-697.6757329702377,96.57768091796294,3.0,0.57751504778862,
1568000,3389.894433736801,-699.9217758178711,94.521249362823,-0.003993775601421173,42.098248672485354,1.1289682149887086,0.004688593838363886,-697.6757329702377,96.57768091796294,3.0,0.5600932240486145,
1572000,3398.323575735092,-683.625410079956,77.44468274924124,-0.0034090208211758457,41.789445304870604,1.150606369972229,0.004948012201891583,-697.6757329702377,96.57768091796294,3.0,0.5532930433750153,
1576000,3406.7576406002045,-707.1679677963257,78.0315139235271,-0.00429467401723378,47.16897087097168,1.1206457972526551,0.004563049884745851,-697.6757329702377,96.57768091796294,3.0,0.5697490453720093,
1580000,3415.1779742240906,-680.6796998977661,95.87366179006636,-0.0036874035458700936,47.251912689208986,1.1703782320022582,0.004541405907366425,-697.6757329702377,96.57768091796294,3.0,0.5369439482688904,
1584000,3423.60720539093,-686.1973476409912,76.37704864744475,-0.003464453897710662,50.06846122741699,1.1296056032180786,0.00674361432638646,-697.6757329702377,96.57768091796294,3.0,0.5283234298229218,
1588000,3432.019235610962,-669.3420095443726,71.16164870168247,-0.0038230937542392597,45.76329803466797,1.1139350533485413,0.003571225420416635,-697.6757329702377,96.57768091796294,3.0,0.5302818596363068,
1592000,3440.4248106479645,-693.6917848587036,89.16355146318442,-0.0025372525612088028,50.8604549407959,1.13050719499588,0.0039026593090966343,-697.6757329702377,96.57768091796294,3.0,0.5702537655830383,
1596000,3448.850898504257,-676.1717281341553,88.82056666083203,-0.004129728260061994,45.57819709777832,1.1274913549423218,0.0033231306704692544,-697.6757329702377,96.57768091796294,3.0,0.4910849452018738,
1600000,3457.2772262096405,-692.9057140350342,73.14488124510811,-0.004508459402015319,36.49090938568115,1.1219233751296998,0.004902253239415599,-697.6757329702377,96.57768091796294,3.0,0.4984238505363464,
1604000,3468.05096578598,-702.2070531845093,90.07894469767417,-0.004108680075888227,52.21619720458985,1.1553701281547546,0.004762291273800656,-726.4457687139511,106.5279911185789,3.0,0.5066498517990112,
1608000,3476.4519412517548,-686.5111727714539,79.82167903961403,-0.004045581777502516,35.1076379776001,1.1110119700431824,0.006246243754867464,-726.4457687139511,106.5279911185789,3.0,0.4943026751279831,
1612000,3484.8632020950317,-677.3097915649414,84.24927713478863,-0.0034451704657306958,35.67368221282959,1.1401625752449036,0.004894285902691387,-726.4457687139511,106.5279911185789,3.0,0.5002710521221161,
1616000,3493.309265613556,-702.7302350997925,87.46299730499936,-0.0038824631397146757,53.70993156433106,1.1340889573097228,0.0041710248780436835,-726.4457687139511,106.5279911185789,3.0,0.46272692978382113,
1620000,3501.743356704712,-689.5967864990234,100.62130732398231,-0.0040842282360730175,57.40351524353027,1.1466747403144837,0.0042291759309591725,-726.4457687139511,106.5279911185789,3.0,0.4841837912797928,
1624000,3510.149901866913,-698.143816947937,85.85995135489897,-0.0037691588138695662,38.93504314422607,1.1181931734085082,0.0033059024746762587,-726.4457687139511,106.5279911185789,3.0,0.4857690155506134,
1628000,3518.5791771411896,-730.7302227020264,92.03858349753085,-0.0045882491063481854,47.60705680847168,1.1080763936042786,0.004653970795334317,-726.4457687139511,106.5279911185789,3.0,0.48161434233188627,
1632000,3527.00346159935,-690.0534534454346,73.69063265997164,-0.003862779015752782,41.635654830932616,1.0675284743309021,0.0039494658598365874,-726.4457687139511,106.5279911185789,3.0,0.4867274284362793,
1636000,3535.413796186447,-726.649736404419,92.64228052635205,-0.0034000114134396854,45.84157104492188,1.0766260743141174,0.00549643081612885,-726.4457687139511,106.5279911185789,3.0,0.4721813440322876,
1640000,3543.848459005356,-701.3861536979675,87.39552238928012,-0.0034051551061370588,37.59141902923584,1.0793228149414062,0.003395547261267584,-726.4457687139511,106.5279911185789,3.0,0.48703672289848327,
1644000,3554.5565950870514,-690.2336721420288,85.63940008021504,-0.0038262951400441446,38.14364223480224,1.095591163635254,0.004065912147052586,-736.9202307760715,111.97411129540029,3.0,0.5160869061946869,
1648000,3562.983540058136,-688.0245590209961,92.5750318534646,-0.00514088586267718,40.82642307281494,1.0756301641464234,0.00588399543974083,-736.9202307760715,111.97411129540029,3.0,0.454938542842865,
1652000,3571.454687356949,-700.3800535202026,79.31479621030265,-0.0044756034917661225,45.093623352050784,1.0983504056930542,0.0033202066631056403,-736.9202307760715,111.97411129540029,3.0,0.4211056172847748,
1656000,3579.9697802066803,-704.6333379745483,76.96614305104578,-0.0032585724730743947,46.98763999938965,1.070321547985077,0.0027695019323922153,-736.9202307760715,111.97411129540029,3.0,0.43260831832885743,
1660000,3588.4723193645477,-712.8503293991089,118.10865676763649,-0.003635260764587045,71.62708435058593,1.0911549925804138,0.0024668667698279022,-736.9202307760715,111.97411129540029,3.0,0.4005622774362564,
1664000,3596.9027602672577,-682.2858924865723,83.66737570027374,-0.003541518915987929,41.6962869644165,1.0906294226646422,0.00668228373986981,-736.9202307760715,111.97411129540029,3.0,0.41594054996967317,
1668000,3605.3310644626617,-678.9456844329834,99.54729020005496,-0.0034254592305514977,61.001271438598636,1.1113892912864685,0.0038986607811724028,-736.9202307760715,111.97411129540029,3.0,0.4666152477264404,
1672000,3613.746129512787,-690.9125852584839,85.34676808020615,-0.0035424116291881804,54.70037574768067,1.0923282861709596,0.0024900872027501463,-736.9202307760715,111.97411129540029,3.0,0.4153645753860474,
1676000,3622.173390865326,-695.584331035614,89.13782054916851,-0.003664229010348219,40.18629112243652,1.102402126789093,0.004550133278826252,-736.9202307760715,111.97411129540029,3.0,0.4480880558490753,
1680000,3630.6354887485504,-691.5901961326599,95.62738141528943,-0.0028121039455776043,48.770693969726565,1.071457529067993,0.003694236191222444,-736.9202307760715,111.97411129540029,3.0,0.4268541395664215,
1684000,3641.3190410137177,-716.0076127052307,101.64148336720338,-0.003659928251523503,56.885108184814456,1.0747266292572022,0.003791082961484804,-717.7863460183144,90.46084276749481,3.0,0.46625385582447054,
1688000,3649.7334690093994,-701.5012264251709,110.01948221495654,-0.0035209878656314864,38.69963836669922,1.1008468747138977,0.0021411100460682064,-717.7863460183144,90.46084276749481,3.0,0.46673292517662046,
1692000,3658.1090109348297,-690.7880458831787,93.72746476945089,-0.0036153672434156904,45.872505569458006,1.0700235486030578,0.004321370687102899,-717.7863460183144,90.46084276749481,3.0,0.46628254652023315,
1696000,3666.4536457061768,-676.3895783424377,85.91362902965511,-0.0030345238631900528,47.19415702819824,1.1255420088768004,0.0031189350962037565,-717.7863460183144,90.46084276749481,3.0,0.4959894210100174,
1700000,3674.8684408664703,-706.5320072174072,92.63182651725214,-0.002908676924067555,46.10060348510742,1.0908809542655944,0.003385101695312187,-717.7863460183144,90.46084276749481,3.0,0.4727532148361206,
1704000,3683.2788269519806,-690.4514427185059,80.02531885459642,-0.003377957035476964,42.66097068786621,1.0841095566749572,0.00463327495303627,-717.7863460183144,90.46084276749481,3.0,0.4808479845523834,
1708000,3691.7013952732086,-687.3265399932861,88.46072821807785,-0.004586933825708428,55.34901847839355,1.0587807536125182,0.005301927233832782,-717.7863460183144,90.46084276749481,3.0,0.5042613267898559,
1712000,3700.090475320816,-694.9092741012573,96.41959073625192,-0.0036781465963770963,52.05404968261719,1.0915886759757996,0.006104342068700852,-717.7863460183144,90.46084276749481,3.0,0.46358777582645416,
1716000,3708.4704208374023,-678.5258073806763,87.1285432149061,-0.003431101969637318,45.64707565307617,1.0900763273239136,0.0035545921925998593,-717.7863460183144,90.46084276749481,3.0,0.49091721177101133,
1720000,3716.837951183319,-702.6201877593994,111.60412765185484,-0.004021377322186404,44.0229076385498,1.1223068594932557,0.0036975608599217,-717.7863460183144,90.46084276749481,3.0,0.46727712750434874,
1724000,3727.498616218567,-689.3383655548096,93.75495087052855,-0.0029157624198075326,47.59349594116211,1.08560391664505,0.003550313808955252,-716.7239847481251,97.68956149062186,3.0,0.4673909544944763,
1728000,3735.958084821701,-701.2415571212769,84.73989421837288,-0.003791027300913452,70.4177089691162,1.1021916031837464,0.003992992799612694,-716.7239847481251,97.68956149062186,3.0,0.45197024941444397,
1732000,3744.3749821186066,-691.909234046936,93.77771254660321,-0.004827755083795626,40.17567253112793,1.1028913855552673,0.004784795944578946,-716.7239847481251,97.68956149062186,3.0,0.45283797681331633,
1736000,3752.7888078689575,-690.0392909049988,120.33936446582791,-0.0012705171403164072,75.70088157653808,1.1573739528656006,0.005150591977871955,-716.7239847481251,97.68956149062186,3.0,0.4146213561296463,
1740000,3761.21031999588,-672.1256771087646,74.20511769409049,-0.0033493523287858483,62.92830963134766,1.162049150466919,0.004148717061616481,-716.7239847481251,97.68956149062186,3.0,0.442862930893898,
1744000,3769.6347811222076,-665.073522567749,82.6167741879041,-0.003031780601944778,65.82599639892578,1.1654945492744446,0.0035682263314471773,-716.7239847481251,97.68956149062186,3.0,0.43116948902606966,
1748000,3778.0586891174316,-641.4863829612732,65.14266295204591,-0.003075506532564809,72.56388664245605,1.237860906124115,0.0031037910550367085,-716.7239847481251,97.68956149062186,3.0,0.4531553268432617,
1752000,3786.4728348255157,-630.9356999397278,58.59562830290337,-0.00434723613415069,53.124315643310545,1.2292350769042968,0.0038082527637016026,-716.7239847481251,97.68956149062186,3.0,0.45722243189811707,
1756000,3794.852011203766,-655.0696024894714,77.0694722739316,-0.004471399550132205,51.177040100097656,1.2465550780296326,0.004095942233107053,-716.7239847481251,97.68956149062186,3.0,0.447349813580513,
1760000,3803.2938272953033,-648.4611692428589,92.01324849706529,-0.003692853588921308,45.09679832458496,1.2449046492576599,0.002501775925338734,-716.7239847481251,97.68956149062186,3.0,0.46876442730426787,
1764000,3813.9845378398895,-658.993935585022,70.66227848664012,-0.004552772728881482,46.34573669433594,1.2113110780715943,0.004002291689394077,-673.48368871212,95.70408077342532,3.0,0.4507868319749832,
1768000,3822.412451982498,-660.1013612747192,91.53028161734359,-0.004146560366265461,40.215531539916995,1.1835986971855164,0.007333900866797194,-673.48368871212,95.70408077342532,3.0,0.47199456095695497,
1772000,3830.838359117508,-683.4422445297241,78.79877984536421,-0.0037170148521351366,48.28607864379883,1.1815064668655395,0.0020140077147516424,-673.48368871212,95.70408077342532,3.0,0.48159570395946505,
1776000,3839.2717344760895,-669.940803527832,77.89586585077451,-0.00377244289995482,39.97143115997314,1.1942296504974366,0.0031379042484331876,-673.48368871212,95.70408077342532,3.0,0.4802866458892822,
1780000,3847.6791882514954,-662.1558623313904,87.90487483770205,-0.002828924491652174,46.10218353271485,1.145335578918457,0.0028524739601028413,-673.48368871212,95.70408077342532,3.0,0.48302948772907256,
1784000,3856.0950322151184,-653.6318922042847,80.81944459798163,-0.0038521358590806187,53.47270393371582,1.1776939630508423,0.003500803130911656,-673.48368871212,95.70408077342532,3.0,0.44929003417491914,
1788000,3864.508973836899,-663.9745712280273,79.94904291174166,-0.0033800643745732105,45.03221664428711,1.158545982837677,0.0036139653299469498,-673.48368871212,95.70408077342532,3.0,0.49018229842185973,
1792000,3872.9108867645264,-672.4549531936646,78.88327396095607,-0.0031105194554669423,45.83830451965332,1.1324653387069703,0.0059893179498612835,-673.48368871212,95.70408077342532,3.0,0.452172178030014,
1796000,3881.31045126915,-651.5157504081726,78.91065615938884,-0.0022346116125506075,34.03325424194336,1.1199488043785095,0.0031328347961729008,-673.48368871212,95.70408077342532,3.0,0.43520942628383635,
1800000,3889.6807820796967,-670.4277448654175,89.49526214621596,-0.0028721153609028603,67.90521125793457,1.1383170366287232,0.002991859015310183,-673.48368871212,95.70408077342532,3.0,0.4537758111953735,
1804000,3900.3387694358826,-646.8240652084351,62.85371095304215,-0.004344926123507342,42.59428443908691,1.1455005526542663,0.0028408508631400766,-663.6325362324715,82.0115497074741,3.0,0.4592221796512604,
1808000,3908.753643989563,-687.2816772460938,90.55082217416354,-0.002578987405538413,83.30518112182617,1.1526119828224182,0.003276373465079807,-663.6325362324715,82.0115497074741,3.0,0.47853905856609347,
1812000,3917.1431708335876,-656.6058406829834,86.29565796725761,-0.0036610579751819917,54.88635063171387,1.1626044511795044,0.003029166892520152,-663.6325362324715,82.0115497074741,3.0,0.45369309186935425,
1816000,3925.5289914608,-675.3261766433716,87.18673662700962,-0.003360369752005976,59.21853179931641,1.1902682065963746,0.0038491388544983547,-663.6325362324715,82.0115497074741,3.0,0.450409060716629,
1820000,3933.948715209961,-650.9803915023804,83.08605379506243,-0.002421311218563149,55.656695175170896,1.220755410194397,0.002872744925058214,-663.6325362324715,82.0115497074741,3.0,0.4539602965116501,
1824000,3942.3774411678314,-668.8317022323608,84.26588510169896,-0.003536527435993797,52.96122817993164,1.2338621258735656,0.003046318319393326,-663.6325362324715,82.0115497074741,3.0,0.4414183795452118,
1828000,3950.78453040123,-671.7404522895813,81.5545781392528,-0.0035801305874871405,47.27662696838379,1.1864362239837647,0.0030327391532676716,-663.6325362324715,82.0115497074741,3.0,0.45821799635887145,
1832000,3959.167624950409,-679.077033996582,80.25361432160305,-0.003344153141835715,64.53817710876464,1.2227500438690186,0.0049627534778168055,-663.6325362324715,82.0115497074741,3.0,0.46091465950012206,
1836000,3967.4322814941406,-652.1607828140259,78.16190401358969,-0.003500733234570319,61.676896286010745,1.2011811017990113,0.0023812393104890362,-663.6325362324715,82.0115497074741,3.0,0.44441386461257937,
1840000,3975.84747672081,-652.2001571655273,74.01767380743242,-0.003755901778504889,40.714356422424316,1.2325030088424682,0.002725771866971627,-663.6325362324715,82.0115497074741,3.0,0.44485952258110045,
1844000,3986.540598630905,-631.7438969612122,73.85161884670036,-0.0024037615226116136,62.60123176574707,1.208181345462799,0.003810169103962835,-686.4193586111069,88.46884040984415,3.0,0.47889175415039065,
1848000,3994.9560239315033,-643.6463899612427,65.1473835105897,-0.0037288635286579996,46.54521179199219,1.146324670314789,0.0031515179565758445,-686.4193586111069,88.46884040984415,3.0,0.4522565484046936,
1852000,4003.366066455841,-659.9360294342041,81.63700085281735,-0.00370402013091371,57.411356353759764,1.1794196963310242,0.0042706149339210246,-686.4193586111069,88.46884040984415,3.0,0.4258012264966965,
1856000,4011.749969482422,-669.0031623840332,100.79666995096065,-0.003646644407883315,49.94645004272461,1.2419399619102478,0.0024856956741617364,-686.4193586111069,88.46884040984415,3.0,0.44300939440727233,
1860000,4020.1930408477783,-662.1670751571655,70.99792791361287,-0.0036320540148688353,61.12716941833496,1.2014244437217712,0.0029952980316011236,-686.4193586111069,88.46884040984415,3.0,0.4611464262008667,
1864000,4028.678938150406,-656.8844532966614,82.61005091185947,-0.0032588188569450337,46.56730308532715,1.1999958038330079,0.0033720336117160966,-686.4193586111069,88.46884040984415,3.0,0.44107235968112946,
1868000,4037.1842935085297,-669.2620878219604,75.91642305066053,-0.004769569325260825,34.98134059906006,1.1842454552650452,0.002438805374452713,-686.4193586111069,88.46884040984415,3.0,0.43087121546268464,
1872000,4045.5747294425964,-666.864504814148,96.94069259400193,-0.004310000780271395,41.959207916259764,1.1737486720085144,0.0046512818051657415,-686.4193586111069,88.46884040984415,3.0,0.4730590969324112,
1876000,4053.981339931488,-665.5820999145508,73.56491951231037,-0.002744872547957744,49.24213562011719,1.215261209011078,0.008109642448835075,-686.4193586111069,88.46884040984415,3.0,0.46529148519039154,
1880000,4062.349277496338,-672.2532911300659,76.44423012152629,-0.003803734861003871,61.333983993530275,1.2325393199920653,0.004166914836969226,-686.4193586111069,88.46884040984415,3.0,0.4108935534954071,
1884000,4073.0117015838623,-679.5229635238647,79.66132755389538,-0.0047501039577182436,55.04412651062012,1.1610191702842712,0.004219027728540814,-687.5957301259041,85.0280524421084,3.0,0.4295216500759125,
1888000,4081.411942958832,-682.328845500946,89.16360438461028,-0.0038799795066006837,61.78995475769043,1.1667004346847534,0.003230100916038925,-687.5957301259041,85.0280524421084,3.0,0.40160833299160004,
1892000,4089.821341753006,-651.8568444252014,81.80493558583774,-0.00394850436085834,42.08248062133789,1.1924737095832825,0.00328081474872306,-687.5957301259041,85.0280524421084,3.0,0.4430124908685684,
1896000,4098.247083187103,-660.3125686645508,80.01902550163166,-0.004912801692262292,43.26556205749512,1.2033474683761596,0.0066871517192339525,-687.5957301259041,85.0280524421084,3.0,0.44656855165958403,
1900000,4106.6550307273865,-647.86527967453,82.44916935760666,-0.0034829558155033526,58.40854148864746,1.2177603363990783,0.002347302413545549,-687.5957301259041,85.0280524421084,3.0,0.44145727157592773,
1904000,4115.117804050446,-685.5216379165649,92.52909401698571,-0.0036909568439586595,58.65427742004395,1.217041802406311,0.003136062133125961,-687.5957301259041,85.0280524421084,3.0,0.41782714128494264,
1908000,4123.533464431763,-656.0333089828491,68.93471968527153,-0.0035058875019506885,49.87117080688476,1.2708640813827514,0.003645774854405315,-687.5957301259041,85.0280524421084,3.0,0.3897700309753418,
1912000,4131.950219154358,-691.7771492004395,84.37951831051062,-0.004939143412280833,43.66030921936035,1.2070409417152406,0.002391884790267795,-687.5957301259041,85.0280524421084,3.0,0.42646448612213134,
1916000,4140.363809347153,-666.2274980545044,76.53645112987121,-0.004617788565733072,63.67993392944336,1.205857026576996,0.0045075505797285585,-687.5957301259041,85.0280524421084,3.0,0.3967587351799011,
1920000,4148.79652094841,-700.3164691925049,97.97429448065854,-0.004893301047927956,64.19240989685059,1.171755862236023,0.0025391850189480534,-687.5957301259041,85.0280524421084,3.0,0.3909801334142685,
1924000,4159.502998590469,-694.8390836715698,76.74666431583034,-0.003850819082193446,51.13980331420898,1.2124469041824342,0.002480620820152879,-737.9658251702785,95.73857133972477,3.0,0.38655379712581633,
1928000,4167.88258099556,-690.2720680236816,87.47213532827705,-0.004449809889930023,49.64717254638672,1.1676586270332336,0.0040198951784987,-737.9658251702785,95.73857133972477,3.0,0.3402581959962845,
1932000,4176.294697999954,-698.6232361793518,99.38947294030442,-0.0032173178737284758,70.10502471923829,1.209753692150116,0.0028004493477055805,-737.9658251702785,95.73857133972477,3.0,0.35516220033168794,
1936000,4184.719550848007,-686.5285043716431,89.38272096818633,-0.004237139927262134,62.52153434753418,1.197457492351532,0.00253715887083672,-737.9658251702785,95.73857133972477,3.0,0.36904271841049197,
1940000,4193.107785224915,-683.8124799728394,76.46860069790796,-0.004442090237202656,53.852181625366214,1.1725194215774537,0.002982260827411665,-737.9658251702785,95.73857133972477,3.0,0.3724984437227249,
1944000,4201.5493330955505,-689.8263025283813,87.23691894011257,-0.0038332594852350963,83.66773147583008,1.1915040135383606,0.0016876091483281953,-737.9658251702785,95.73857133972477,3.0,0.3788074254989624,
1948000,4209.92462182045,-670.1140384674072,79.98429664709131,-0.0035836470517485175,102.6374008178711,1.1844957232475282,0.005056207627058029,-737.9658251702785,95.73857133972477,3.0,0.3646902233362198,
1952000,4218.299812793732,-651.4615063667297,90.61597824112818,-0.004365782815264651,85.79812774658203,1.1937694787979125,0.005408737645484507,-737.9658251702785,95.73857133972477,3.0,0.36185362935066223,
1956000,4226.706512928009,-668.8071374893188,85.27390611784048,-0.003566171696060394,98.29346542358398,1.1666694402694702,0.003952258710904699,-737.9658251702785,95.73857133972477,3.0,0.35414483547210696,
1960000,4235.102063179016,-684.6285562515259,77.2821771540397,-0.004411619924125176,75.59422035217285,1.192122232913971,0.00355949996446725,-737.9658251702785,95.73857133972477,3.0,0.31266633570194247,
1964000,4245.735325336456,-687.6394090652466,95.75498566056133,-0.004251820082388225,76.89242134094238,1.1422295093536377,0.00379961465660017,-764.7355581820011,95.55184721894146,3.0,0.3586563915014267,
1968000,4254.169691085815,-678.5420217514038,85.87023544287044,-0.0035663544015648086,61.14461822509766,1.1647319674491883,0.003955355610058181,-764.7355581820011,95.55184721894146,3.0,0.3595068514347076,
1972000,4262.563238859177,-686.8037347793579,70.63031495684325,-0.003016908544930619,60.21811027526856,1.1377882480621337,0.0016240574957919307,-764.7355581820011,95.55184721894146,3.0,0.33981589078903196,
1976000,4270.939389467239,-678.5587186813354,96.63044692659143,-0.003969247566768886,64.73536567687988,1.1481269359588624,0.002992344690409188,-764.7355581820011,95.55184721894146,3.0,0.3436504781246185,
1980000,4279.327870130539,-660.2336511611938,78.42259722144385,-0.003681105259573059,53.46280632019043,1.1222310662269592,0.0042089763143255965,-764.7355581820011,95.55184721894146,3.0,0.3344222128391266,
1984000,4287.718893766403,-674.3435015678406,94.95200572746043,-0.004117152538072944,47.094386672973634,1.116497850418091,0.0019005438893558075,-764.7355581820011,95.55184721894146,3.0,0.37523685991764066,
1988000,4296.083072900772,-693.8098111152649,86.93265146786912,-0.004495515428871499,55.763414001464845,1.1301677107810975,0.007318772014696151,-764.7355581820011,95.55184721894146,3.0,0.32707010209560394,
1992000,4304.4504570961,-699.2907476425171,93.86907160094663,-0.003224489993338153,73.02645988464356,1.0924925208091736,0.00357067359618668,-764.7355581820011,95.55184721894146,3.0,0.3356611907482147,
1996000,4312.8289885520935,-674.8802576065063,75.51076144864786,-0.003680468453831587,66.4845043182373,1.0823336005210877,0.005274645576719195,-764.7355581820011,95.55184721894146,3.0,0.36173573732376096,
2000000,4321.212929487228,-669.7232275009155,79.0592182795502,-0.004329348578893999,68.8280071258545,1.107351577281952,0.0036518776767479723,-764.7355581820011,95.55184721894146,3.0,0.37121046483516695,
