global_step,wall_time_s,ep_return_mean,ep_return_std,policy_loss,value_loss,entropy,approx_kl,eval_return_mean,eval_return_std,mean_k,attn_entropy,lagrange_lambda
4000,1.678142786026001,-59.90493282675743,20.885018958912294,-0.0037568410562816013,76.33772506713868,3.9064374446868895,0.0003781950814300217,,,,2.7631020735330303e-11,
8000,2.8084864616394043,-52.94014473259449,17.271005568843986,-0.007842045856174073,55.619881820678714,3.886654329299927,0.0016321206465363502,,,,2.7631020735330303e-11,
12000,3.968698501586914,-53.36775505542755,16.550516444549235,-0.012860982314683512,53.533926010131836,3.833638310432434,0.0017554652871694999,,,,2.7631020735330303e-11,
16000,5.104234457015991,-47.90241006016731,14.28178822496344,-0.01494982093852013,41.85093040466309,3.7475600242614746,0.006340493023162708,,,,2.7631020735330303e-11,
20000,6.338204383850098,-52.96973726153374,17.34327457432684,-0.014347884408198296,56.565864181518556,3.687883448600769,0.004821053111227225,,,,2.7631020735330303e-11,
24000,7.470295190811157,-48.9311800301075,13.687996619333848,-0.0184041246343404,44.15925979614258,3.687211847305298,0.006964175876055379,,,,2.7631020735330303e-11,
28000,8.608356714248657,-45.891989439725876,16.76130957322203,-0.0029702305857790988,37.103837203979495,3.673943781852722,0.0005124048727593644,,,,2.7631020735330303e-11,
32000,9.752747297286987,-44.87460324168205,17.23940627414584,-0.012138251449447158,43.889730072021486,3.6707287788391114,0.0004285007853031847,,,,2.7631020735330303e-11,
36000,10.893085718154907,-49.3259152173996,15.46030163549002,-0.0037234255475341984,43.245947265625,3.620101523399353,0.0013905604915635194,,,,2.7631020735330303e-11,
40000,12.032312631607056,-47.760448813438416,14.952331332602698,-0.014566148192156115,40.38360786437988,3.5899733304977417,0.0026480630177538877,,,,2.7631020735330303e-11,
44000,14.156203746795654,-46.47475200891495,17.253223948695844,-0.003900212769280209,37.98210678100586,3.6165095567703247,0.0007904295278422068,-56.779563506133854,17.75684050076978,,2.7631020735330303e-11,
48000,15.304784297943115,-42.65159596502781,12.615073544354836,-0.016080156228039398,30.152515411376953,3.54852352142334,0.00545393690772471,-56.779563506133854,17.75684050076978,,2.7631020735330303e-11,
52000,16.438863039016724,-44.690037086606026,16.005594840195734,-0.012525725690182288,38.58084259033203,3.524124550819397,0.0028278128309756844,-56.779563506133854,17.75684050076978,,2.7631020735330303e-11,
56000,17.57799506187439,-44.98642987012863,13.203951569398622,-0.007106030571740085,34.27749328613281,3.400356888771057,0.004551264694426205,-56.779563506133854,17.75684050076978,,2.7631020735330303e-11,
60000,18.67026972770691,-42.66607594490051,12.88988018965593,-0.007110662305261961,31.26992530822754,3.3615673542022706,0.0012191439032903872,-56.779563506133854,17.75684050076978,,2.7631020735330303e-11,
64000,19.808910846710205,-45.104282051324844,14.124577030445437,-0.011628984774462836,26.70157833099365,3.455125641822815,0.0037398064363515005,-56.779563506133854,17.75684050076978,,2.7631020735330303e-11,
68000,20.948958158493042,-44.255170330405235,14.329194606459247,-0.007512269332677501,28.28370189666748,3.363079476356506,0.0020309817256929817,-56.779563506133854,17.75684050076978,,2.7631020735330303e-11,
72000,22.085141897201538,-41.45521482825279,14.947050099638014,-0.013928848556708529,24.03575668334961,3.407662868499756,0.00594261974561956,-56.779563506133854,17.75684050076978,,2.7631020735330303e-11,
76000,23.20916509628296,-41.33879914879799,15.501534920552823,-0.011031662053661507,24.4218692779541,3.3657829761505127,0.005945335765136406,-56.779563506133854,17.75684050076978,,2.7631020735330303e-11,
80000,24.351889610290527,-45.128283590078354,14.255390714214894,-0.011084905145457036,24.285212326049805,3.3836175918579103,0.001816606724882147,-56.779563506133854,17.75684050076978,,2.7631020735330303e-11,
84000,26.632882833480835,-44.02178272604942,12.147456331545873,-0.0069849398286314646,19.656051254272462,3.3474663972854612,0.0030609584823250713,-40.78591509535909,14.180103695919826,,2.7631020735330303e-11,
88000,27.770874738693237,-41.49752902984619,13.356808418359126,-0.014377159131690753,22.590553855895998,3.2954211473464965,0.002533197813318111,-40.78591509535909,14.180103695919826,,2.7631020735330303e-11,
92000,28.873934030532837,-43.667614459991455,13.934483068823267,-0.009797257503494628,23.364178276062013,3.27650146484375,0.002541205190354945,-40.78591509535909,14.180103695919826,,2.7631020735330303e-11,
96000,29.990458488464355,-39.419431775808334,15.199947292056486,-0.011876388925127702,18.228687286376953,3.3030745506286623,0.0027892483660252763,-40.78591509535909,14.180103695919826,,2.7631020735330303e-11,
100000,31.089813232421875,-43.11793985962868,14.877019564923925,-0.011108756206464055,23.26129093170166,3.291751837730408,0.0035764590313192455,-40.78591509535909,14.180103695919826,,2.7631020735330303e-11,
104000,32.28225541114807,-41.40902650356293,13.31094056465589,-0.008335886706016015,19.284080505371094,3.326215696334839,0.004473556254990374,-40.78591509535909,14.180103695919826,,2.7631020735330303e-11,
108000,33.421663999557495,-40.230310544371605,12.795606731315614,-0.010993420838145562,13.76890697479248,3.303983950614929,0.002839103099075135,-40.78591509535909,14.180103695919826,,2.7631020735330303e-11,
112000,34.55313754081726,-39.68747106194496,11.765483649371046,-0.011992857058532525,17.25784225463867,3.299361801147461,0.0037149563344428317,-40.78591509535909,14.180103695919826,,2.7631020735330303e-11,
116000,35.71824073791504,-38.52506425976753,11.885808745079604,-0.00795423482614569,11.935149097442627,3.30208740234375,0.0029825310582527907,-40.78591509535909,14.180103695919826,,2.7631020735330303e-11,
120000,36.87566637992859,-39.8911661952734,14.713055642494789,-0.009654258835595009,16.257424068450927,3.2364878177642824,0.0026879262620350232,-40.78591509535909,14.180103695919826,,2.7631020735330303e-11,
124000,39.12394165992737,-38.8187116086483,9.71439415028585,-0.0074084211211884465,10.710668754577636,3.178223729133606,0.002442757703480325,-38.066124823410064,13.927604873814818,,2.7631020735330303e-11,
128000,40.28709316253662,-39.899929225444794,11.68531968156004,-0.011739364346489279,16.240811157226563,3.198792028427124,0.0040224657282815325,-38.066124823410064,13.927604873814818,,2.7631020735330303e-11,
132000,41.46827793121338,-39.3730503320694,11.418817558074466,-0.009262797630857644,11.6658429145813,3.212402081489563,0.005715088795113843,-38.066124823410064,13.927604873814818,,2.7631020735330303e-11,
136000,42.61730098724365,-39.66233590245247,11.894732204515318,-0.012740477429237184,12.568413543701173,3.16616530418396,0.006280861064326015,-38.066124823410064,13.927604873814818,,2.7631020735330303e-11,
140000,43.75242328643799,-40.70545098185539,11.291569768931804,-0.015331859251018543,14.58925952911377,3.165981125831604,0.005995399100356735,-38.066124823410064,13.927604873814818,,2.7631020735330303e-11,
144000,44.92062163352966,-39.54438093304634,12.943343696742474,-0.011181666351389109,13.439719200134277,3.1029818534851072,0.0026980100374203175,-38.066124823410064,13.927604873814818,,2.7631020735330303e-11,
148000,46.068286418914795,-36.75538082420826,12.049828227531973,-0.010949989432469031,12.712792873382568,2.9531365394592286,0.0028840521481470205,-38.066124823410064,13.927604873814818,,2.7631020735330303e-11,
152000,47.21494197845459,-38.91784888505936,13.160976790938808,-0.004376752092037428,12.654740238189698,2.9891489505767823,0.0019497141249011918,-38.066124823410064,13.927604873814818,,2.7631020735330303e-11,
156000,48.27793574333191,-39.787720531225204,12.505753794146878,-0.004690037221589449,15.532876300811768,3.073163652420044,0.002695258937310374,-38.066124823410064,13.927604873814818,,2.7631020735330303e-11,
160000,49.39565992355347,-37.72348415851593,12.393689502324008,-0.01057693984895014,9.685502338409425,3.058197569847107,0.004089639225276187,-38.066124823410064,13.927604873814818,,2.7631020735330303e-11,
164000,51.67326545715332,-37.805423855781555,12.740163665364298,-0.016040514228865498,9.763278770446778,2.989403820037842,0.0032215916318818925,-38.72992312628776,12.506654780973275,,2.7631020735330303e-11,
168000,52.82626271247864,-38.842159420251846,10.97719363413789,-0.014948667412623795,9.2719295501709,2.956123471260071,0.0049234109187964335,-38.72992312628776,12.506654780973275,,2.7631020735330303e-11,
172000,53.97919774055481,-38.493650645017624,12.932844945046984,-0.003553364169318218,10.919145965576172,2.9289682865142823,0.00663649330381304,-38.72992312628776,12.506654780973275,,2.7631020735330303e-11,
176000,55.12447118759155,-39.36213776469231,10.795605756982827,-0.007277867608703681,12.554150772094726,2.9710839986801147,0.00458984583360138,-38.72992312628776,12.506654780973275,,2.7631020735330303e-11,
180000,56.26339888572693,-39.529989182949066,10.7303256725457,-0.007702936361893009,9.36234073638916,2.9241267442703247,0.002753873213077895,-38.72992312628776,12.506654780973275,,2.7631020735330303e-11,
184000,57.41115117073059,-36.94275525212288,11.265262385112626,-0.010056707145646193,11.6389630317688,2.911496663093567,0.003823466380708851,-38.72992312628776,12.506654780973275,,2.7631020735330303e-11,
188000,58.55161380767822,-37.63273732364178,10.89146075397209,-0.015450645633041837,11.089352321624755,2.8760302782058718,0.0036233084131963578,-38.72992312628776,12.506654780973275,,2.7631020735330303e-11,
192000,59.677210569381714,-35.9689954072237,11.355201280832164,-0.005111516736680599,9.521567249298096,2.807569408416748,0.003604139369563186,-38.72992312628776,12.506654780973275,,2.7631020735330303e-11,
196000,60.799663066864014,-34.908655256032944,11.505266037054472,-0.012118723830906664,8.461153888702393,2.759886360168457,0.0020969918544869737,-38.72992312628776,12.506654780973275,,2.7631020735330303e-11,
200000,61.86030697822571,-37.050039157271385,12.375278057574292,-0.006663336958968991,8.413175439834594,2.746577739715576,0.002033028707955964,-38.72992312628776,12.506654780973275,,2.7631020735330303e-11,
204000,64.03877234458923,-35.74726140499115,10.785863456721922,-0.015802737176883963,11.94218635559082,2.7748447179794313,0.004985543129499881,-36.68786256853491,12.268432702596428,,2.7631020735330303e-11,
208000,65.17011785507202,-35.017763182520866,10.859113643675242,-0.0155888304049149,7.31773796081543,2.7541701555252076,0.005841780191287338,-36.68786256853491,12.268432702596428,,2.7631020735330303e-11,
212000,66.2953188419342,-39.619715198874474,12.144542514588904,-0.014423325471114357,9.559529495239257,2.7531483650207518,0.003994307082932203,-36.68786256853491,12.268432702596428,,2.7631020735330303e-11,
216000,67.45326781272888,-35.7911052852869,11.753891425287042,-0.0017995637288549915,9.586662578582764,2.7131948709487914,0.001582952066382859,-36.68786256853491,12.268432702596428,,2.7631020735330303e-11,
220000,68.5877013206482,-35.93678376078606,10.58397540085795,-0.008351742412836849,10.879853820800781,2.7308557987213136,0.0020547778087202317,-36.68786256853491,12.268432702596428,,2.7631020735330303e-11,
224000,69.74957370758057,-36.93519102036953,13.006558366955641,-0.012971333047142241,12.83359375,2.7034175395965576,0.004775591713085348,-36.68786256853491,12.268432702596428,,2.7631020735330303e-11,
228000,70.8894190788269,-34.88957153260708,11.777845380163326,-0.011795031223446096,10.292203807830811,2.736260986328125,0.0031730592639214626,-36.68786256853491,12.268432702596428,,2.7631020735330303e-11,
232000,72.01886415481567,-37.31722953915596,9.922847899939121,-0.014894253668375313,8.060643005371094,2.7385870933532717,0.002841541425441374,-36.68786256853491,12.268432702596428,,2.7631020735330303e-11,
236000,73.1479902267456,-37.215354427695274,13.009609296927355,-0.009729800173547076,11.888521671295166,2.845217561721802,0.004987572677782737,-36.68786256853491,12.268432702596428,,2.7631020735330303e-11,
240000,74.22098970413208,-34.60888449847698,12.152343131296494,-0.01267879022145646,9.710765361785889,2.726685810089111,0.0006604367808904499,-36.68786256853491,12.268432702596428,,2.7631020735330303e-11,
244000,76.44968700408936,-34.32948595285416,11.055063320149175,-0.014663400025107087,8.357068586349488,2.751674437522888,0.0032673333623679302,-36.58746320055798,12.367305322631973,,2.7631020735330303e-11,
248000,77.57339406013489,-36.46387678384781,9.485036967585653,-0.013120668357703823,8.589524745941162,2.7795316219329833,0.00957932300679385,-36.58746320055798,12.367305322631973,,2.7631020735330303e-11,
252000,78.7141752243042,-36.811264872550964,9.331300618425509,-0.015138341456186043,10.814704418182373,2.7056148290634154,0.004253963949624451,-36.58746320055798,12.367305322631973,,2.7631020735330303e-11,
256000,79.87018084526062,-34.68704026937485,10.837266666729716,-0.016631732130423193,8.207686567306519,2.6321300268173218,0.004434884803777095,-36.58746320055798,12.367305322631973,,2.7631020735330303e-11,
260000,81.0228443145752,-38.41105090081692,11.533017480294552,-0.01319470147741959,9.531919193267822,2.7041863918304445,0.004607030513579957,-36.58746320055798,12.367305322631973,,2.7631020735330303e-11,
264000,82.07959771156311,-35.94389396905899,11.74872232406693,-0.014320157229434648,9.729483795166015,2.623065948486328,0.0030145394959253833,-36.58746320055798,12.367305322631973,,2.7631020735330303e-11,
268000,83.13143420219421,-36.246677562594414,9.305247838150274,-0.010273515220265827,10.968447017669678,2.6889435768127443,0.0012143147934693844,-36.58746320055798,12.367305322631973,,2.7631020735330303e-11,
272000,84.1534161567688,-38.40694507956505,11.23435111053517,-0.006717766433517713,8.550347709655762,2.6246678113937376,0.0021674816322047263,-36.58746320055798,12.367305322631973,,2.7631020735330303e-11,
276000,85.1204252243042,-34.629784017801285,10.82989009003682,-0.01707741905422875,6.845355987548828,2.7447187900543213,0.001160875370260328,-36.58746320055798,12.367305322631973,,2.7631020735330303e-11,
280000,86.19939756393433,-34.842289209365845,11.12448770091984,-0.004330488162115209,7.130201768875122,2.6886810302734374,0.00396268754440825,-36.58746320055798,12.367305322631973,,2.7631020735330303e-11,
284000,88.01251697540283,-37.22957022488117,12.54225600794102,-0.007889195560011997,10.267555141448975,2.7712690114974974,0.002593171226908453,-35.94844102067873,11.303585206169972,,2.7631020735330303e-11,
288000,88.96243071556091,-36.0209424495697,9.389085984729041,-0.013849478779360647,5.550190067291259,2.731024432182312,0.00038057970840599253,-35.94844102067873,11.303585206169972,,2.7631020735330303e-11,
292000,89.94981598854065,-36.65044730901718,11.337156207251995,-0.015174783464521191,8.987017154693604,2.7202925443649293,0.006179308746475698,-35.94844102067873,11.303585206169972,,2.7631020735330303e-11,
296000,90.95487904548645,-35.707300812006,10.441494701104407,-0.018771456994582002,6.157277679443359,2.769062376022339,0.00216896504862234,-35.94844102067873,11.303585206169972,,2.7631020735330303e-11,
300000,91.97252035140991,-37.007597893476486,10.971791798331953,-0.013293989049037913,7.760985231399536,2.700360894203186,0.006547145411605016,-35.94844102067873,11.303585206169972,,2.7631020735330303e-11,
304000,93.01893091201782,-36.60159707069397,12.24351706764495,-0.013463001717813228,10.72199764251709,2.7461469173431396,0.0014952697689295746,-35.94844102067873,11.303585206169972,,2.7631020735330303e-11,
308000,94.06173467636108,-34.876857936382294,11.267948877594142,-0.008744066902436388,9.404047203063964,2.6949681997299195,0.002425590130587807,-35.94844102067873,11.303585206169972,,2.7631020735330303e-11,
312000,95.12233662605286,-39.094777807593346,12.475926643929869,-0.014569158698897855,7.904820489883423,2.758069705963135,0.006647152791265399,-35.94844102067873,11.303585206169972,,2.7631020735330303e-11,
316000,96.16586685180664,-36.3260253071785,10.983888645394028,-0.012984115640632777,6.6098472595214846,2.7245238065719604,0.0029289279406657263,-35.94844102067873,11.303585206169972,,2.7631020735330303e-11,
320000,97.17864155769348,-37.83552834391594,10.802859188978138,-0.011851220124401162,8.62680778503418,2.679835891723633,0.0032279202828649376,-35.94844102067873,11.303585206169972,,2.7631020735330303e-11,
324000,98.83179020881653,-35.66467249393463,11.734391120681138,-0.010647442872636016,11.085919952392578,2.641533064842224,0.002042057072685566,-36.21445028670132,11.287439791996665,,2.7631020735330303e-11,
328000,99.81162929534912,-34.1842100918293,9.972501749117429,-0.0141763311591931,7.420389556884766,2.68032910823822,0.0036859306579572148,-36.21445028670132,11.287439791996665,,2.7631020735330303e-11,
332000,100.8533866405487,-37.890079870820045,11.60110043743616,-0.007957038677530549,9.374796390533447,2.672015380859375,0.004206969972699881,-36.21445028670132,11.287439791996665,,2.7631020735330303e-11,
336000,101.90586447715759,-36.339460983872414,13.718023746378964,-0.01226250313990751,9.315342044830322,2.707489085197449,0.004858678566757568,-36.21445028670132,11.287439791996665,,2.7631020735330303e-11,
340000,102.8301751613617,-35.006555289030075,11.121767122471207,-0.015352457028348,7.722705459594726,2.6943215847015383,0.0009812326152459417,-36.21445028670132,11.287439791996665,,2.7631020735330303e-11,
344000,103.74228882789612,-34.973115026950836,10.1490489515849,-0.013728991635143828,6.561989402770996,2.6940138816833494,0.004731441751937382,-36.21445028670132,11.287439791996665,,2.7631020735330303e-11,
348000,104.77608227729797,-33.42548304796219,10.09778981766128,-0.020439742227550628,6.314692878723145,2.7309484481811523,0.004990124489995651,-36.21445028670132,11.287439791996665,,2.7631020735330303e-11,
352000,105.80721879005432,-36.67290051281452,11.446868509556197,-0.014762370496057109,7.154265594482422,2.684530019760132,0.004707550104358216,-36.21445028670132,11.287439791996665,,2.7631020735330303e-11,
356000,106.84207201004028,-34.982419073581696,10.896636862629025,-0.011870681198779565,6.91472864151001,2.6557528495788576,0.0013424345153762117,-36.21445028670132,11.287439791996665,,2.7631020735330303e-11,
360000,107.89097213745117,-35.648382410407066,11.15945008250299,-0.013843790366780028,7.985264158248901,2.5998502016067504,0.0036738231938215904,-36.21445028670132,11.287439791996665,,2.7631020735330303e-11,
364000,109.7283525466919,-37.126940831542015,12.796541224940214,-0.018493665006477377,8.062286710739135,2.611501145362854,0.008907101477961987,-36.511826707050204,12.197051538566829,,2.7631020735330303e-11,
368000,110.76296997070312,-35.1489292383194,12.027655113672443,-0.011652856612578066,8.04002070426941,2.636345958709717,0.0017072197684901758,-36.511826707050204,12.197051538566829,,2.7631020735330303e-11,
372000,111.78896522521973,-34.347077786922455,10.680001508021556,-0.013404664172325376,7.230575799942017,2.5339062452316283,0.006381222368450834,-36.511826707050204,12.197051538566829,,2.7631020735330303e-11,
376000,112.80617666244507,-39.02926284074783,10.409813576007675,-0.015648818275891242,8.404675388336182,2.5768468379974365,0.002020157798106048,-36.511826707050204,12.197051538566829,,2.7631020735330303e-11,
380000,113.80394291877747,-37.80488635599613,11.140756472628285,-0.01624619983043516,8.210335874557495,2.5680296421051025,0.004884570252848786,-36.511826707050204,12.197051538566829,,2.7631020735330303e-11,
384000,114.83539342880249,-34.852634489536285,10.3067771158626,-0.009667397246463238,6.787639045715332,2.5552038669586183,0.006308626662939787,-36.511826707050204,12.197051538566829,,2.7631020735330303e-11,
388000,115.89873433113098,-37.28439825773239,14.303609614485941,-0.014065966686233899,6.85762243270874,2.6171075105667114,0.005108424290548985,-36.511826707050204,12.197051538566829,,2.7631020735330303e-11,
392000,116.93992209434509,-36.62389422953129,11.523048569794764,-0.012300915754400243,7.692352771759033,2.4935444355010987,0.0020599457203642757,-36.511826707050204,12.197051538566829,,2.7631020735330303e-11,
396000,117.98953580856323,-35.58707173168659,10.849270702528745,-0.017140744701493515,6.99729471206665,2.4843838930130007,0.0007283204360864825,-36.511826707050204,12.197051538566829,,2.7631020735330303e-11,
400000,119.05429649353027,-34.93203715980053,11.041152130682407,-0.01639504660759119,7.2317750453948975,2.5559260845184326,0.0039032937766751096,-36.511826707050204,12.197051538566829,,2.7631020735330303e-11,
404000,120.89825510978699,-36.13760043680668,12.997845503033679,-0.007903156718239046,10.398792839050293,2.4867464780807493,0.0014243630093915272,-36.07301261508837,11.567371279292889,,2.7631020735330303e-11,
408000,121.98419690132141,-35.42993624508381,12.542619619641458,-0.018675027345307172,7.489071655273437,2.5181988000869753,0.0030057888361625373,-36.07301261508837,11.567371279292889,,2.7631020735330303e-11,
412000,123.01964402198792,-38.53766492009163,11.404317129947243,-0.017507112720515573,8.296105527877808,2.472949719429016,0.003755476545309655,-36.07301261508837,11.567371279292889,,2.7631020735330303e-11,
416000,124.05277991294861,-37.217078149318695,11.379275174694982,-0.018594028325285762,6.883776473999023,2.5542600393295287,0.005516816228191601,-36.07301261508837,11.567371279292889,,2.7631020735330303e-11,
420000,125.09332966804504,-36.39066119492054,11.98868260653703,-0.020855502792634085,6.816479635238648,2.605436682701111,0.005284689820837229,-36.07301261508837,11.567371279292889,,2.7631020735330303e-11,
424000,126.13820600509644,-35.96868059039116,11.483530426245437,-0.01724168442841618,8.049754619598389,2.4580227851867678,0.0031043958668306006,-36.07301261508837,11.567371279292889,,2.7631020735330303e-11,
428000,127.14213609695435,-33.83878703415394,12.065471162576044,-0.019092774276621594,7.2123981475830075,2.4316103219985963,0.007939819809689653,-36.07301261508837,11.567371279292889,,2.7631020735330303e-11,
432000,128.17336988449097,-35.2821726500988,12.652344151799626,-0.018272037879563864,8.991686916351318,2.39795925617218,0.004442666955350427,-36.07301261508837,11.567371279292889,,2.7631020735330303e-11,
436000,129.19217228889465,-38.534696102142334,10.770074702599075,-0.009575296714436198,8.33991551399231,2.4268869876861574,0.004212432888743933,-36.07301261508837,11.567371279292889,,2.7631020735330303e-11,
440000,130.17001628875732,-33.96759493649006,11.668170778378224,-0.015169826289173205,5.633895635604858,2.4795666694641114,0.0024164537266187836,-36.07301261508837,11.567371279292889,,2.7631020735330303e-11,
444000,131.97452569007874,-36.517059087753296,11.30433079533094,-0.012271234675776222,7.119306421279907,2.4599162340164185,0.004161367448978126,-36.03199426550418,12.034154900306994,,2.7631020735330303e-11,
448000,132.98596453666687,-34.2218010276556,11.159130948595429,-0.011524326905375392,7.874726486206055,2.444583797454834,0.0010050272712248897,-36.03199426550418,12.034154900306994,,2.7631020735330303e-11,
452000,134.01062726974487,-35.39061914384365,12.08252582534029,-0.010177817363757669,8.018649911880493,2.4452064037323,0.0029149528817505655,-36.03199426550418,12.034154900306994,,2.7631020735330303e-11,
456000,135.03208804130554,-36.790991604328156,9.009910891718736,-0.012623921758960942,5.78570294380188,2.501660966873169,0.0030819617211818697,-36.03199426550418,12.034154900306994,,2.7631020735330303e-11,
460000,136.04036402702332,-36.4348358809948,13.495976233946779,-0.01209436546685172,10.735999584197998,2.518346977233887,0.009683108828961817,-36.03199426550418,12.034154900306994,,2.7631020735330303e-11,
464000,137.04580163955688,-36.11056274175644,10.807926247969538,-0.01302552371565251,7.446044063568115,2.372864556312561,0.0,-36.03199426550418,12.034154900306994,,2.7631020735330303e-11,
468000,138.0553915500641,-35.03963793814182,11.406258656469404,-0.01653246989846231,6.421967506408691,2.354304313659668,0.003196154537727125,-36.03199426550418,12.034154900306994,,2.7631020735330303e-11,
472000,139.0828070640564,-34.48147089779377,10.178344005594354,-0.022493339274078573,6.116663980484009,2.36579270362854,0.0035407780029345303,-36.03199426550418,12.034154900306994,,2.7631020735330303e-11,
476000,140.10542821884155,-35.81572678685188,13.403146522010449,-0.016291451105847798,5.55011215209961,2.389422631263733,0.0027191977831535043,-36.03199426550418,12.034154900306994,,2.7631020735330303e-11,
480000,141.13411498069763,-34.40575921535492,12.060583904646672,-0.018640586982481187,6.206534767150879,2.463798975944519,0.010641874842112875,-36.03199426550418,12.034154900306994,,2.7631020735330303e-11,
484000,142.97072744369507,-36.42477920651436,10.973686350215893,-0.025608360608108338,7.964122152328491,2.4609009981155396,0.0024762057188199792,-35.845518986461684,12.156673854831439,,2.7631020735330303e-11,
488000,144.1227731704712,-35.18255540728569,12.153419940841946,-0.009136301690712579,7.532322883605957,2.3244955062866213,0.002133038267493248,-35.845518986461684,12.156673854831439,,2.7631020735330303e-11,
492000,145.03455209732056,-35.99860781431198,11.709368948972024,-0.011913075385149564,8.307305526733398,2.361426901817322,0.005167069303570315,-35.845518986461684,12.156673854831439,,2.7631020735330303e-11,
496000,146.00526595115662,-37.622144520282745,11.88675385609139,-0.018927170778624713,7.246717834472657,2.37501380443573,0.0058029788011917825,-35.845518986461684,12.156673854831439,,2.7631020735330303e-11,
500000,147.04517483711243,-35.380340203642845,10.863824701442827,-0.01690833735419437,6.360982036590576,2.3768136262893678,0.0066489984281361105,-35.845518986461684,12.156673854831439,,2.7631020735330303e-11,
504000,148.08536005020142,-35.60014423727989,12.943952373577526,-0.01952887852350251,6.9754640579223635,2.3622934103012083,0.0012811723659979179,-35.845518986461684,12.156673854831439,,2.7631020735330303e-11,
508000,149.02824330329895,-35.11415822803974,10.96417723682621,-0.014246025083586567,6.5889379501342775,2.3175475358963014,0.003973741443187429,-35.845518986461684,12.156673854831439,,2.7631020735330303e-11,
512000,149.89092016220093,-36.36455425620079,11.282716487962917,-0.017720081095583762,6.232920598983765,2.3481273651123047,0.0037329727038740933,-35.845518986461684,12.156673854831439,,2.7631020735330303e-11,
516000,150.92135977745056,-37.786084681749344,10.275850633792016,-0.018145870594307924,7.716680335998535,2.2767045974731444,0.006353415755438618,-35.845518986461684,12.156673854831439,,2.7631020735330303e-11,
520000,151.96346521377563,-34.49695834517479,11.351794332657908,-0.009034028136404216,6.649085998535156,2.293555665016174,0.0049794262538197746,-35.845518986461684,12.156673854831439,,2.7631020735330303e-11,
524000,153.92036724090576,-36.00340089201927,11.839558199913535,-0.015309784343000388,6.6912017345428465,2.3403088569641115,0.003911743326352734,-36.62356830528006,12.606796394371429,,2.7631020735330303e-11,
528000,154.97993111610413,-36.303425654768944,11.993775074725368,-0.01674430603161454,9.144083404541016,2.3393222808837892,0.005106422286073209,-36.62356830528006,12.606796394371429,,2.7631020735330303e-11,
532000,156.06218695640564,-34.64194330573082,10.099906160423208,-0.018492844908498184,6.530794095993042,2.3386821031570433,0.006682915065903216,-36.62356830528006,12.606796394371429,,2.7631020735330303e-11,
536000,157.11836099624634,-36.658598840236664,12.108461469792317,-0.011192388060968384,8.565264749526978,2.3161425828933715,1.7568587383731683e-05,-36.62356830528006,12.606796394371429,,2.7631020735330303e-11,
540000,158.01662039756775,-35.84122410416603,12.421793010270104,-0.015423515297006852,7.000959157943726,2.3116474866867067,0.006655927499290559,-36.62356830528006,12.606796394371429,,2.7631020735330303e-11,
544000,158.84807896614075,-37.19461606442928,12.258472067234674,-0.015480198881588868,7.959980440139771,2.315066123008728,0.0031316436748600298,-36.62356830528006,12.606796394371429,,2.7631020735330303e-11,
548000,159.68496084213257,-34.54423579573631,10.63596556247515,-0.016976694630924615,6.329682922363281,2.3271720886230467,0.004813416606455556,-36.62356830528006,12.606796394371429,,2.7631020735330303e-11,
552000,160.52766156196594,-35.913246273994446,10.086313854882247,-0.019881852696649726,5.891141939163208,2.356714129447937,0.00828706145985052,-36.62356830528006,12.606796394371429,,2.7631020735330303e-11,
556000,161.5608615875244,-34.39131259918213,9.841153496269406,-0.012467523676343273,5.760818672180176,2.294413924217224,0.007194803794845939,-36.62356830528006,12.606796394371429,,2.7631020735330303e-11,
560000,162.56296515464783,-36.52746561169624,11.583806583712725,-0.012638327058404642,8.420368432998657,2.283655071258545,0.0031261581898942127,-36.62356830528006,12.606796394371429,,2.7631020735330303e-11,
564000,164.4227888584137,-33.79725623130798,9.576578854518164,-0.01667106862366201,6.76574215888977,2.288153338432312,0.004225929724634625,-37.15165859460831,12.747813984824067,,2.7631020735330303e-11,
568000,165.46889972686768,-35.112877890467644,11.478702995744076,-0.02008842048328372,4.956653690338134,2.2659738302230834,0.006777885621704627,-37.15165859460831,12.747813984824067,,2.7631020735330303e-11,
572000,166.49380445480347,-35.8858662545681,11.111194988775488,-0.011952496608719087,8.01024079322815,2.2694825410842894,0.005638518133899239,-37.15165859460831,12.747813984824067,,2.7631020735330303e-11,
576000,167.52039647102356,-37.04761812090874,10.632878151192052,-0.015165229980135298,8.774497795104981,2.26445586681366,0.0027889065851923077,-37.15165859460831,12.747813984824067,,2.7631020735330303e-11,
580000,168.47995805740356,-38.847539097070694,12.39531539298714,-0.012090184757020329,8.601923608779908,2.222784924507141,0.004424175671374542,-37.15165859460831,12.747813984824067,,2.7631020735330303e-11,
584000,169.50809860229492,-35.12481997907162,11.835319821760356,-0.01705060475971547,6.45631685256958,2.27993700504303,0.005473284632898867,-37.15165859460831,12.747813984824067,,2.7631020735330303e-11,
588000,170.5619342327118,-36.70081177353859,12.272653240690225,-0.010063536198344103,9.677615356445312,2.2944303512573243,0.0037047540390631184,-37.15165859460831,12.747813984824067,,2.7631020735330303e-11,
592000,171.6249635219574,-35.21338576078415,11.337756312931823,-0.018699064537417164,6.190329551696777,2.2870525598526,0.00648259854351636,-37.15165859460831,12.747813984824067,,2.7631020735330303e-11,
596000,172.5330798625946,-35.51865413784981,11.262958659124973,-0.01447113802563399,7.112834167480469,2.3224955797195435,0.0032342822378268465,-37.15165859460831,12.747813984824067,,2.7631020735330303e-11,
600000,173.36819100379944,-33.93381051719189,11.53648751322544,-0.013946605751756547,7.455981063842773,2.3292680740356446,0.00487436498748135,-37.15165859460831,12.747813984824067,,2.7631020735330303e-11,
604000,175.01362442970276,-34.402049623429775,11.745733115783583,-0.017197712641209506,7.285638999938965,2.2306667804718017,0.004825595131842419,-36.693284950219095,12.240711357723724,,2.7631020735330303e-11,
608000,175.85460710525513,-35.06485594809055,11.728798416487852,-0.015314344857586537,6.331553840637207,2.162318158149719,0.008134746441501185,-36.693284950219095,12.240711357723724,,2.7631020735330303e-11,
612000,176.67517256736755,-35.040586814284325,12.74532441160156,-0.013309733008500047,6.7470458984375,2.152448797225952,0.0058903014516545225,-36.693284950219095,12.240711357723724,,2.7631020735330303e-11,
616000,177.5163893699646,-35.874451249837875,11.086991919869302,-0.014602065089158778,6.716662740707397,2.113320827484131,0.0027135341777320575,-36.693284950219095,12.240711357723724,,2.7631020735330303e-11,
620000,178.36205673217773,-36.23518405854702,11.793243832098307,-0.0140085812681356,7.458986759185791,2.1100284099578857,0.008182358439080417,-36.693284950219095,12.240711357723724,,2.7631020735330303e-11,
624000,179.40218710899353,-36.969678938388824,12.886412506466838,-0.015175925176590787,6.894044828414917,2.0711010694503784,0.0019261132352985434,-36.693284950219095,12.240711357723724,,2.7631020735330303e-11,
628000,180.47344875335693,-36.31767103075981,11.622205445711401,-0.015262536637950675,7.711159801483154,2.091715383529663,0.002784085412567894,-36.693284950219095,12.240711357723724,,2.7631020735330303e-11,
632000,181.52334809303284,-36.0686719417572,14.060704078018606,-0.016143021908123067,5.969472980499267,2.125883388519287,4.947707075189101e-05,-36.693284950219095,12.240711357723724,,2.7631020735330303e-11,
636000,182.58051252365112,-38.72824412584305,12.645788829523806,-0.014955494999419904,9.001902198791504,2.114932155609131,0.0015712831183918752,-36.693284950219095,12.240711357723724,,2.7631020735330303e-11,
640000,183.6563594341278,-35.22614049911499,11.086843090853211,-0.016302448288537618,6.686742067337036,2.0588895797729494,0.005089834070531651,-36.693284950219095,12.240711357723724,,2.7631020735330303e-11,
644000,185.51402020454407,-37.73149913549423,11.122523807560004,-0.0161552041345276,7.52595009803772,2.1096930265426637,0.0068846641719574105,-36.879663633182645,12.56626125437442,,2.7631020735330303e-11,
648000,186.54915404319763,-37.44847257435322,11.273352747194679,-0.015911873165983793,7.452281665802002,2.158692455291748,0.005932895461868615,-36.879663633182645,12.56626125437442,,2.7631020735330303e-11,
652000,187.57606267929077,-35.51295231282711,10.76089754460594,-0.012097858904395232,7.988854312896729,2.241938090324402,0.0015757994015002553,-36.879663633182645,12.56626125437442,,2.7631020735330303e-11,
656000,188.588534116745,-35.15579208731651,10.550127159109465,-0.011293093099957473,7.320241451263428,2.1990507364273073,0.0016718173040935647,-36.879663633182645,12.56626125437442,,2.7631020735330303e-11,
660000,189.61326909065247,-37.74909594655037,13.368187904913386,-0.020408759637735762,7.890029811859131,2.167286729812622,0.00609439482941525,-36.879663633182645,12.56626125437442,,2.7631020735330303e-11,
664000,190.65680932998657,-36.18362505733967,11.646578800851014,-0.016102081429911784,6.9351951599121096,2.147657012939453,0.004056899956140114,-36.879663633182645,12.56626125437442,,2.7631020735330303e-11,
668000,191.69942092895508,-34.63584886491299,11.722388486714278,-0.017041532430797802,5.6071313381195065,2.1750619649887084,0.006692504836246371,-36.879663633182645,12.56626125437442,,2.7631020735330303e-11,
672000,192.74739289283752,-35.441280618309975,10.170544968802368,-0.013867047979496405,7.375039291381836,2.120701026916504,0.004043628742685534,-36.879663633182645,12.56626125437442,,2.7631020735330303e-11,
676000,193.77608132362366,-33.91053809225559,11.820771069933876,-0.016164213735610035,7.602156257629394,2.1335301876068113,0.001312857522862032,-36.879663633182645,12.56626125437442,,2.7631020735330303e-11,
680000,194.82747101783752,-40.23456251621246,12.89729231273271,-0.013738982082344586,7.497753715515136,2.1639631271362303,0.006493940575863189,-36.879663633182645,12.56626125437442,,2.7631020735330303e-11,
684000,196.65518403053284,-34.387884855270386,11.080418114300118,-0.017093740209471343,5.806665468215942,2.176914358139038,0.0037399738765088843,-35.99424277129583,12.190067895421592,,2.7631020735330303e-11,
688000,197.6952428817749,-35.523473650217056,9.56443307023615,-0.017082583237439407,5.714296817779541,2.170081043243408,0.005439495272003114,-35.99424277129583,12.190067895421592,,2.7631020735330303e-11,
692000,198.7305202484131,-38.27200520038605,12.613849330921989,-0.009173406302579679,6.789130783081054,2.1603431224823,0.002573579315911001,-35.99424277129583,12.190067895421592,,2.7631020735330303e-11,
696000,199.77330040931702,-37.63221114873886,8.456421553926498,-0.019060375274158936,5.292687320709229,2.1691768646240233,0.006265206821262836,-35.99424277129583,12.190067895421592,,2.7631020735330303e-11,
700000,200.76414513587952,-36.995104655623436,10.889430761309848,-0.014769824216142525,8.018534660339355,2.197565507888794,0.007623372598783984,-35.99424277129583,12.190067895421592,,2.7631020735330303e-11,
704000,201.81316828727722,-35.136387914419174,11.018142126850769,-0.01672552689956506,5.47613844871521,2.2490765333175657,0.007824556290870532,-35.99424277129583,12.190067895421592,,2.7631020735330303e-11,
708000,202.85951232910156,-33.844338700175285,8.435955946547596,-0.010433469835203013,6.707664585113525,2.2807286024093627,0.006408127369591965,-35.99424277129583,12.190067895421592,,2.7631020735330303e-11,
712000,203.90466046333313,-35.68127527832985,10.98786593617916,-0.016944277734495694,5.0883955478668215,2.3080039978027345,0.0028616875367005077,-35.99424277129583,12.190067895421592,,2.7631020735330303e-11,
716000,204.92646551132202,-35.56219780445099,12.715432968127393,-0.011844675808213623,10.193842124938964,2.248350191116333,0.0030692365479771055,-35.99424277129583,12.190067895421592,,2.7631020735330303e-11,
720000,205.95983791351318,-39.863123923540115,10.50345092581199,-0.012957575394306354,8.25093092918396,2.267911505699158,0.004553186646080576,-35.99424277129583,12.190067895421592,,2.7631020735330303e-11,
724000,207.81839203834534,-34.41491563618183,12.915478542958567,-0.017899826022796318,5.954350090026855,2.2590893507003784,0.006064056849565525,-35.869762539863586,11.89289977434254,,2.7631020735330303e-11,
728000,208.7279508113861,-35.08867819607258,11.498712257449322,-0.01349556226423001,6.611929655075073,2.3326614141464233,0.005115031689638272,-35.869762539863586,11.89289977434254,,2.7631020735330303e-11,
732000,209.62139415740967,-38.65871599316597,11.884234245422249,-0.015011684968834737,7.609038019180298,2.2687835454940797,0.0038990764195332207,-35.869762539863586,11.89289977434254,,2.7631020735330303e-11,
736000,210.4581162929535,-37.11060769855976,14.174027446430978,-0.011694795301649918,7.633343887329102,2.311756205558777,0.003313192706176693,-35.869762539863586,11.89289977434254,,2.7631020735330303e-11,
740000,211.32329201698303,-32.4223240762949,9.319070441453436,-0.010843574255006372,5.287150049209595,2.298464632034302,0.00017197215615305517,-35.869762539863586,11.89289977434254,,2.7631020735330303e-11,
744000,212.1681969165802,-33.90925043821335,9.110448904173712,-0.019065489995293384,5.805337381362915,2.355782127380371,0.004471981784328794,-35.869762539863586,11.89289977434254,,2.7631020735330303e-11,
748000,213.04299879074097,-34.45451961457729,11.635692962095165,-0.01366554943867957,6.913339042663575,2.314937138557434,0.002209499775897683,-35.869762539863586,11.89289977434254,,2.7631020735330303e-11,
752000,213.90200901031494,-36.584272131323814,11.446837196212,-0.0148392261217813,7.110567903518676,2.289987397193909,0.006580199362710104,-35.869762539863586,11.89289977434254,,2.7631020735330303e-11,
756000,214.8048801422119,-38.68846860527992,12.282893889134511,-0.014078279234934588,7.859506988525391,2.272110605239868,0.0067731479974463046,-35.869762539863586,11.89289977434254,,2.7631020735330303e-11,
760000,215.6669282913208,-34.18991059064865,9.685451541768698,-0.014734265225939324,6.519523096084595,2.214763903617859,0.006718063523294404,-35.869762539863586,11.89289977434254,,2.7631020735330303e-11,
764000,217.36755776405334,-34.61042493581772,12.573027148640383,-0.01831869395915433,5.764055967330933,2.2544594287872313,0.007707111962372437,-35.74273159261793,11.586456888985996,,2.7631020735330303e-11,
768000,218.24966859817505,-33.694734290242195,12.418160517866891,-0.016680063598789284,6.1497210502624515,2.242616605758667,0.00538947518216446,-35.74273159261793,11.586456888985996,,2.7631020735330303e-11,
772000,219.0979142189026,-35.34376960992813,12.535216343614014,-0.017636305795051176,6.349338865280151,2.186099338531494,0.00466538689099254,-35.74273159261793,11.586456888985996,,2.7631020735330303e-11,
776000,219.97924828529358,-35.11326988041401,13.673937188003675,-0.013528545787558067,7.234392929077148,2.242947721481323,0.005967382175731473,-35.74273159261793,11.586456888985996,,2.7631020735330303e-11,
780000,220.82291293144226,-35.04200783371925,12.17635542281666,-0.014036088389344493,7.15613431930542,2.243323826789856,0.0009156781674827918,-35.74273159261793,11.586456888985996,,2.7631020735330303e-11,
784000,221.68278336524963,-36.456008195877075,10.383497904899142,-0.023290570165961987,5.568157148361206,2.272342848777771,0.009127552157267927,-35.74273159261793,11.586456888985996,,2.7631020735330303e-11,
788000,222.54788970947266,-33.49146993458271,10.907409712019556,-0.013052638121647853,5.187296581268311,2.2259528636932373,0.005273443524492905,-35.74273159261793,11.586456888985996,,2.7631020735330303e-11,
792000,223.3962414264679,-38.48727624118328,12.109633119704844,-0.00554894114541824,8.6987708568573,2.1552331924438475,0.004061182591249235,-35.74273159261793,11.586456888985996,,2.7631020735330303e-11,
796000,224.26343512535095,-36.61801974475384,12.272461285362212,-0.013848274851217868,8.02402114868164,2.1850085973739626,0.0036203011419274843,-35.74273159261793,11.586456888985996,,2.7631020735330303e-11,
800000,225.1297950744629,-35.213921666145325,10.11000601070473,-0.016518266131170023,5.310957527160644,2.2490994215011595,0.001862317544873804,-35.74273159261793,11.586456888985996,,2.7631020735330303e-11,
804000,226.93716263771057,-35.82835626602173,11.160639172884702,-0.017085450642742205,6.359380912780762,2.1997928857803344,0.0029712521689361894,-35.30627802805975,11.476335851763476,,2.7631020735330303e-11,
808000,227.88792514801025,-36.49090722203255,11.491870754695993,-0.011281115453690305,5.335159063339233,2.12894983291626,0.005004535667132615,-35.30627802805975,11.476335851763476,,2.7631020735330303e-11,
812000,228.93146777153015,-38.18568128347397,12.684080077273267,-0.01275745363067835,6.209264802932739,2.182197332382202,0.0025724487124825224,-35.30627802805975,11.476335851763476,,2.7631020735330303e-11,
816000,229.79639554023743,-36.6048519462347,12.984869985601517,-0.015538699186872762,5.453571128845215,2.2392822742462157,0.006425273971399292,-35.30627802805975,11.476335851763476,,2.7631020735330303e-11,
820000,230.639750957489,-34.39170663058758,11.861168896504006,-0.013863620743155457,6.253466701507568,2.2516772508621217,0.006418104627053234,-35.30627802805975,11.476335851763476,,2.7631020735330303e-11,
824000,231.48259735107422,-35.111280143260956,9.746186643996582,-0.018913602810353147,5.461540079116821,2.2661958932876587,0.0037999949130462342,-35.30627802805975,11.476335851763476,,2.7631020735330303e-11,
828000,232.30377101898193,-36.8007455766201,10.74988635273012,-0.008124669162323706,7.479084873199463,2.2128767728805543,0.002627267582283821,-35.30627802805975,11.476335851763476,,2.7631020735330303e-11,
832000,233.19267964363098,-36.14778156578541,10.830868928491654,-0.01150251339469106,7.263888263702393,2.248984217643738,0.005793796792859141,-35.30627802805975,11.476335851763476,,2.7631020735330303e-11,
836000,234.22415781021118,-36.10145193338394,9.979122376018212,-0.014734934941865507,7.022489356994629,2.286032509803772,0.00417216929490678,-35.30627802805975,11.476335851763476,,2.7631020735330303e-11,
840000,235.25737857818604,-37.525454327464104,9.96473038385838,-0.01598702445486557,6.4873268604278564,2.2275280714035035,0.004942440466373199,-35.30627802805975,11.476335851763476,,2.7631020735330303e-11,
844000,237.11514329910278,-34.62732274830341,11.560536415428187,-0.01497693393286319,5.48750901222229,2.2806373596191407,0.0026939035003305635,-35.98531706444919,11.5649408958421,,2.7631020735330303e-11,
848000,238.22038197517395,-35.2978428453207,10.642423686480543,-0.019370166126638645,6.2364537715911865,2.2041946411132813,0.000288263289257884,-35.98531706444919,11.5649408958421,,2.7631020735330303e-11,
852000,239.2806167602539,-36.07448820769787,10.723786746880176,-0.012516031718812926,6.495030403137207,2.1126317739486695,0.006030888930428713,-35.98531706444919,11.5649408958421,,2.7631020735330303e-11,
856000,240.32068252563477,-34.46196058392525,11.7725473690514,-0.01660664369352176,6.0708420753479,2.2323376655578615,0.006418872666137698,-35.98531706444919,11.5649408958421,,2.7631020735330303e-11,
860000,241.36931228637695,-34.834781229496,12.501917836130223,-0.013093925968743859,6.3344583988189695,2.2523534536361693,0.004673242225544527,-35.98531706444919,11.5649408958421,,2.7631020735330303e-11,
864000,242.40533828735352,-34.118603229522705,11.919702566806665,-0.018851713096723087,5.368156766891479,2.191573071479797,0.002702200037660063,-35.98531706444919,11.5649408958421,,2.7631020735330303e-11,
868000,243.39795923233032,-35.53999117016792,10.40875673361255,-0.014826099700527262,4.935653257369995,2.190507483482361,0.006927968739473722,-35.98531706444919,11.5649408958421,,2.7631020735330303e-11,
872000,244.44762873649597,-36.99894505739212,10.107913019693582,-0.018603453577961913,5.105231428146363,2.1661494731903077,0.006951328651048238,-35.98531706444919,11.5649408958421,,2.7631020735330303e-11,
876000,245.50026488304138,-35.36409430205822,11.699570545633218,-0.017804332131519905,4.9860588073730465,2.057796287536621,0.008460536146536413,-35.98531706444919,11.5649408958421,,2.7631020735330303e-11,
880000,246.554301738739,-34.180209174752235,11.201675159083083,-0.016168528041336748,5.671404600143433,2.1410051584243774,0.007131607324117795,-35.98531706444919,11.5649408958421,,2.7631020735330303e-11,
884000,248.3703761100769,-35.32156398892403,10.239643063236416,-0.012847041453933273,6.866359758377075,2.1716496467590334,0.002884348073319387,-36.15305944811553,11.845553626945854,,2.7631020735330303e-11,
888000,249.39352107048035,-35.839818790555,12.670410848495035,-0.013439403778407754,7.712174415588379,2.197395992279053,0.0053682942862506074,-36.15305944811553,11.845553626945854,,2.7631020735330303e-11,
892000,250.43121218681335,-35.4066616743803,10.633473326956755,-0.014022220737766489,5.986823320388794,2.101408290863037,0.0034052602961310184,-36.15305944811553,11.845553626945854,,2.7631020735330303e-11,
896000,251.46924233436584,-36.654486894607544,12.285055678831053,-0.015781286322046117,5.984162092208862,2.0599381923675537,0.005430411895387799,-36.15305944811553,11.845553626945854,,2.7631020735330303e-11,
900000,252.49797368049622,-35.524058640003204,11.150720045739476,-0.0175761571736075,6.008544683456421,2.0897247791290283,0.004750100645469502,-36.15305944811553,11.845553626945854,,2.7631020735330303e-11,
904000,253.51439428329468,-33.655404195189476,10.997816833836934,-0.016224412586074342,5.547023868560791,2.098384237289429,0.006946287490427494,-36.15305944811553,11.845553626945854,,2.7631020735330303e-11,
908000,254.53717708587646,-36.39088037610054,12.73802709609864,-0.01566151008289296,7.062618684768677,2.116033434867859,0.0010807413360598872,-36.15305944811553,11.845553626945854,,2.7631020735330303e-11,
912000,255.53220510482788,-34.25703813135624,10.619454936436238,-0.013540387393441123,6.910400295257569,2.0762948513031008,0.0025191062042722477,-36.15305944811553,11.845553626945854,,2.7631020735330303e-11,
916000,256.54418110847473,-36.00955480337143,10.950961280211374,-0.010078603976406164,9.240860748291016,2.0464507818222044,0.0017819702108681668,-36.15305944811553,11.845553626945854,,2.7631020735330303e-11,
920000,257.55089807510376,-34.25818173587322,11.0650272538411,-0.01874332296382635,5.208439683914184,2.011548328399658,0.008658267070422809,-36.15305944811553,11.845553626945854,,2.7631020735330303e-11,
924000,259.47327756881714,-37.22420409321785,11.720589182980447,-0.0160589218442329,7.379183292388916,1.9815877318382262,0.005814743333030492,-36.29264212725684,11.367077429359316,,2.7631020735330303e-11,
928000,260.5386049747467,-34.22892791032791,12.245187112206269,-0.013451045637484694,6.955800342559814,1.9340568423271178,0.005294840650458354,-36.29264212725684,11.367077429359316,,2.7631020735330303e-11,
932000,261.5969069004059,-35.00407786667347,10.406452761310407,-0.014000790905207427,6.054654598236084,1.875425970554352,0.008037203660234794,-36.29264212725684,11.367077429359316,,2.7631020735330303e-11,
936000,262.661678314209,-34.24952918291092,10.05214259750942,-0.013529427110217495,5.780060720443726,1.8908432602882386,0.0027446118696820678,-36.29264212725684,11.367077429359316,,2.7631020735330303e-11,
940000,263.72201466560364,-37.57552893459797,13.463754767696074,-0.013696322650182946,7.3221324443817135,1.859642243385315,0.006332784183090551,-36.29264212725684,11.367077429359316,,2.7631020735330303e-11,
944000,264.7559850215912,-35.21414625644684,10.12717125539181,-0.011149180344305875,6.732074975967407,1.8109294891357421,0.005047408365469863,-36.29264212725684,11.367077429359316,,2.7631020735330303e-11,
948000,265.7844660282135,-35.50402992963791,11.325960121008864,-0.009798638995504039,6.032529401779175,1.8282488942146302,0.0044490876938215965,-36.29264212725684,11.367077429359316,,2.7631020735330303e-11,
952000,266.83515191078186,-36.01010400056839,10.838297067177612,-0.016550954125821526,5.733267450332642,1.8651040315628051,0.004404098028317094,-36.29264212725684,11.367077429359316,,2.7631020735330303e-11,
956000,267.8448898792267,-37.059207648038864,10.244180496520286,-0.007577755071921289,6.32794885635376,1.8253335356712341,0.0008415569497155495,-36.29264212725684,11.367077429359316,,2.7631020735330303e-11,
960000,268.83495259284973,-36.662283197045326,10.445471550974347,-0.009521242654416718,8.384811687469483,1.8318989992141723,0.0025400977610843256,-36.29264212725684,11.367077429359316,,2.7631020735330303e-11,
964000,270.62841391563416,-34.43400056660175,10.675906577937274,-0.016983617356978266,5.092551374435425,1.8434082865715027,0.0024541487544411213,-36.41576906759292,11.636851614178944,,2.7631020735330303e-11,
968000,271.662015914917,-36.27362288534641,11.805369597623859,-0.017110982575453827,7.632578897476196,1.8264002680778504,0.003781814762507452,-36.41576906759292,11.636851614178944,,2.7631020735330303e-11,
972000,272.6880896091461,-33.956514805555344,10.856532546249072,-0.013732086964883195,3.540716862678528,1.9053369522094727,0.0009446475014556199,-36.41576906759292,11.636851614178944,,2.7631020735330303e-11,
976000,273.7174768447876,-34.86089342832565,10.307731848548848,-0.011949789366219177,6.299301195144653,1.8324320673942567,0.003089167438156437,-36.41576906759292,11.636851614178944,,2.7631020735330303e-11,
980000,274.7884850502014,-34.87669104337692,11.560920878948197,-0.011921793189831043,4.179434490203858,1.7574631214141845,0.0022947759701636983,-36.41576906759292,11.636851614178944,,2.7631020735330303e-11,
984000,275.83106327056885,-36.78308114409447,9.784149150239434,-0.0176183916083537,7.168108892440796,1.86419620513916,0.006424753128434446,-36.41576906759292,11.636851614178944,,2.7631020735330303e-11,
988000,276.87065267562866,-33.62108972668648,10.688312085586894,-0.019391581181436822,4.970304679870606,1.7984464526176454,0.003927466744789854,-36.41576906759292,11.636851614178944,,2.7631020735330303e-11,
992000,277.971777677536,-36.57707704603672,11.37245228189387,-0.011922608559252623,7.966513395309448,1.8170693635940551,0.0016027103716041325,-36.41576906759292,11.636851614178944,,2.7631020735330303e-11,
996000,279.06809663772583,-35.55961571633816,11.460809407426513,-0.01713243862288074,5.300358152389526,1.7459616541862488,0.0025158412172459066,-36.41576906759292,11.636851614178944,,2.7631020735330303e-11,
1000000,280.150799036026,-38.198846608400345,11.979284534436799,-0.014333997759968043,7.507490062713623,1.8030622839927672,0.0022807731351349504,-36.41576906759292,11.636851614178944,,2.7631020735330303e-11,
1004000,282.01422142982483,-34.53893545269966,11.24523232105669,-0.013320765881333508,4.666399526596069,1.8487606763839721,0.00610647727153264,-35.72525195963681,11.449671051147499,,2.7631020735330303e-11,
1008000,283.0750093460083,-36.18908526003361,11.609646406680472,-0.013899613333400396,6.254596424102783,1.8744733691215516,0.001919190853368491,-35.72525195963681,11.449671051147499,,2.7631020735330303e-11,
1012000,284.1014356613159,-37.034915283322334,12.946691347267397,-0.01586910620238635,5.686915349960327,1.892107093334198,0.00547521811677143,-35.72525195963681,11.449671051147499,,2.7631020735330303e-11,
1016000,285.1665699481964,-33.94265820086002,10.884747082868621,-0.014711868572281706,4.909527921676636,1.8870500564575194,0.004977814489044175,-35.72525195963681,11.449671051147499,,2.7631020735330303e-11,
1020000,286.22026085853577,-33.46565864980221,10.627123389478042,-0.012806894429028048,5.218855333328247,1.8682073116302491,0.005077047786544409,-35.72525195963681,11.449671051147499,,2.7631020735330303e-11,
1024000,287.29366850852966,-33.92354366183281,11.920878111546074,-0.008238172450102966,6.648789548873902,1.824579107761383,0.005072925993590616,-35.72525195963681,11.449671051147499,,2.7631020735330303e-11,
1028000,288.339480638504,-35.702957808971405,11.61318550334636,-0.015864918802864735,5.988598299026489,1.8939066767692565,0.006535090276971456,-35.72525195963681,11.449671051147499,,2.7631020735330303e-11,
1032000,289.37677550315857,-34.06212788820267,12.41915485395215,-0.014608549450058472,5.640277528762818,1.9227226734161378,0.0035693709286860552,-35.72525195963681,11.449671051147499,,2.7631020735330303e-11,
1036000,290.21532106399536,-34.1916221678257,10.614762888673155,-0.017038151320070007,5.590344715118408,1.8832942128181458,0.006885860850568859,-35.72525195963681,11.449671051147499,,2.7631020735330303e-11,
1040000,291.0502908229828,-33.66832275688648,11.017731659443678,-0.015148260594345686,5.336976051330566,1.854745078086853,0.00673225277569145,-35.72525195963681,11.449671051147499,,2.7631020735330303e-11,
1044000,292.64991450309753,-35.92230957746506,11.3149262999167,-0.012667333885096,5.936622953414917,1.838808500766754,0.007613628555554896,-35.492677382193506,12.353030797151739,,2.7631020735330303e-11,
1048000,293.4888632297516,-34.39891378581524,12.184279840639974,-0.01787863357365129,4.832866048812866,1.9300618052482605,0.003640541041386314,-35.492677382193506,12.353030797151739,,2.7631020735330303e-11,
1052000,294.45767998695374,-34.541137754917145,10.606479259321,-0.013205575218889898,7.570486164093017,1.8704611897468566,0.0011782916814554456,-35.492677382193506,12.353030797151739,,2.7631020735330303e-11,
1056000,295.4571762084961,-34.69652450084686,11.159751161159216,-0.02297157944180057,4.492006111145019,1.8682193279266357,0.006460219768632669,-35.492677382193506,12.353030797151739,,2.7631020735330303e-11,
1060000,296.54262018203735,-35.100716069340706,12.535618970633609,-0.013042423878330923,5.730129814147949,1.8497718334198,0.0060587349191773224,-35.492677382193506,12.353030797151739,,2.7631020735330303e-11,
1064000,297.6137442588806,-35.79379677772522,10.65102873319573,-0.01685654343944041,5.0015678882598875,1.9051255345344544,0.0058653603118727915,-35.492677382193506,12.353030797151739,,2.7631020735330303e-11,
1068000,298.64317512512207,-33.10932660102844,10.042027500738401,-0.011521508589736306,3.7989125728607176,1.798567295074463,0.004316556855337694,-35.492677382193506,12.353030797151739,,2.7631020735330303e-11,
1072000,299.64572262763977,-35.09984456002712,9.403251835628089,-0.01450794988870623,4.570279169082641,1.8245985388755799,0.0020254721271339093,-35.492677382193506,12.353030797151739,,2.7631020735330303e-11,
1076000,300.6480402946472,-36.227505549788475,11.518503418976948,-0.012279102748259918,6.047727346420288,1.8677600860595702,0.001646822822105598,-35.492677382193506,12.353030797151739,,2.7631020735330303e-11,
1080000,301.6441009044647,-35.39581987261772,10.463075286256133,-0.00965332409040993,6.051683950424194,1.8771572232246398,0.005782732332590967,-35.492677382193506,12.353030797151739,,2.7631020735330303e-11,
1084000,303.48394799232483,-36.35393753647804,9.361154447252547,-0.017975093318149504,6.1529717445373535,1.7971611976623536,0.004519155417801813,-35.583989072125405,12.576524060803582,,2.7631020735330303e-11,
1088000,304.4910731315613,-34.74681048095226,12.44114583892781,-0.01177340195910075,6.006229639053345,1.8161110162734986,0.0023685212332638984,-35.583989072125405,12.576524060803582,,2.7631020735330303e-11,
1092000,305.5045974254608,-34.43456295132637,10.933315310041117,-0.020590369388461104,5.505571603775024,1.8898818135261535,0.004513212524005184,-35.583989072125405,12.576524060803582,,2.7631020735330303e-11,
1096000,306.5193581581116,-33.71511794626713,11.72281278923018,-0.01716400633845474,5.198519229888916,1.8837130308151244,0.0032898120407480747,-35.583989072125405,12.576524060803582,,2.7631020735330303e-11,
1100000,307.5160005092621,-32.913233920931816,10.739869324181022,-0.014302623547147952,5.216296195983887,1.8561597108840941,0.0009791610590182299,-35.583989072125405,12.576524060803582,,2.7631020735330303e-11,
1104000,308.5716722011566,-35.14479599893093,12.16335090140829,-0.01745460487622763,7.2929463386535645,1.7844797253608704,0.007900098274694756,-35.583989072125405,12.576524060803582,,2.7631020735330303e-11,
1108000,309.6054995059967,-34.194260492920876,12.961524401538897,-0.017775624181143933,4.832568264007568,1.8952410459518432,0.003788928309339079,-35.583989072125405,12.576524060803582,,2.7631020735330303e-11,
1112000,310.62268590927124,-35.214816868305206,11.126244266122969,-0.014931056530680475,5.905411052703857,1.8995830416679382,0.006069910476333462,-35.583989072125405,12.576524060803582,,2.7631020735330303e-11,
1116000,311.5653064250946,-34.334029853343964,12.87941062794305,-0.017876301769167168,5.712226390838623,1.8937714457511903,0.0043962391122477126,-35.583989072125405,12.576524060803582,,2.7631020735330303e-11,
1120000,312.5692491531372,-35.84179474413395,12.60352305747383,-0.017166813603602372,6.848065519332886,1.915380883216858,0.005834109289571643,-35.583989072125405,12.576524060803582,,2.7631020735330303e-11,
1124000,314.3759365081787,-34.26615872979164,11.928092730072684,-0.015969725131988532,3.5761870622634886,1.8710662126541138,0.001850815524740046,-35.41254575224593,11.568350230076891,,2.7631020735330303e-11,
1128000,315.42991614341736,-35.97364090383053,11.87018994926421,-0.01499468247778717,6.082204580307007,1.8938573718070983,0.00401520116138272,-35.41254575224593,11.568350230076891,,2.7631020735330303e-11,
1132000,316.44684743881226,-33.81454437971115,11.047177370704006,-0.014052062903530959,4.720369291305542,1.8696808338165283,0.002460178656270706,-35.41254575224593,11.568350230076891,,2.7631020735330303e-11,
1136000,317.4600040912628,-34.03580552339554,11.982379797748171,-0.01582262186845764,5.414273118972778,1.9032151460647584,0.004802590181585398,-35.41254575224593,11.568350230076891,,2.7631020735330303e-11,
1140000,318.51106429100037,-35.82474444806576,12.025554393360862,-0.015517330765724235,5.895408201217651,1.8728287816047668,0.005160643591079861,-35.41254575224593,11.568350230076891,,2.7631020735330303e-11,
1144000,319.545334815979,-33.66268099844456,10.753081949270358,-0.012718552513048032,4.5396904945373535,1.901371669769287,0.004061301728128441,-35.41254575224593,11.568350230076891,,2.7631020735330303e-11,
1148000,320.58429861068726,-39.0980686545372,11.186857112491325,-0.017630317034199816,5.443448781967163,1.882893145084381,0.004950783275475259,-35.41254575224593,11.568350230076891,,2.7631020735330303e-11,
1152000,321.6506175994873,-32.73865929245949,11.075159368445192,-0.010215629352023825,3.58688223361969,1.8641757845878602,0.003927576274145394,-35.41254575224593,11.568350230076891,,2.7631020735330303e-11,
1156000,322.68308901786804,-34.991920709609985,11.050707250751097,-0.011993399797938764,6.417948150634766,1.8314351916313172,0.0034452392195817084,-35.41254575224593,11.568350230076891,,2.7631020735330303e-11,
1160000,323.73717164993286,-34.333941742777824,11.249965433545354,-0.018100422025658248,5.575725269317627,1.8635061740875245,0.005846399149857462,-35.41254575224593,11.568350230076891,,2.7631020735330303e-11,
1164000,325.5568428039551,-34.56080152094364,10.88474839641888,-0.018769151804502827,4.3294105052948,1.8283992171287538,0.0036480924561619332,-35.483539522625506,10.879764019034027,,2.7631020735330303e-11,
1168000,326.5403878688812,-33.61607211828232,11.696268761578104,-0.01749873889656719,5.053616285324097,1.7937058329582214,0.005148854065919295,-35.483539522625506,10.879764019034027,,2.7631020735330303e-11,
1172000,327.5520226955414,-33.934126645326614,13.46648939279564,-0.01902744646184118,6.147496938705444,1.804468047618866,0.0014745751512236893,-35.483539522625506,10.879764019034027,,2.7631020735330303e-11,
1176000,328.5796446800232,-32.17359910905361,10.181491322568188,-0.012626938698347656,4.410898685455322,1.7734097123146058,0.001466861897904881,-35.483539522625506,10.879764019034027,,2.7631020735330303e-11,
1180000,329.6034257411957,-34.636924996972084,12.257687440167368,-0.015776833442505377,6.33414249420166,1.741345751285553,0.004317301529954421,-35.483539522625506,10.879764019034027,,2.7631020735330303e-11,
1184000,330.64683747291565,-34.1889111995697,10.719710957091012,-0.015545935938600408,6.247292709350586,1.7423213362693786,0.005365246661938716,-35.483539522625506,10.879764019034027,,2.7631020735330303e-11,
1188000,331.67835783958435,-34.34379820525646,10.584578341330202,-0.016056307428516447,5.514427280426025,1.7704584002494812,0.0034352167489704933,-35.483539522625506,10.879764019034027,,2.7631020735330303e-11,
1192000,332.69855427742004,-34.21566064655781,11.89915858264328,-0.01600873188441616,6.153285932540894,1.7112646341323852,0.0070583809828384855,-35.483539522625506,10.879764019034027,,2.7631020735330303e-11,
1196000,333.72270607948303,-34.73025918006897,10.796727086934249,-0.010636933184228781,4.242157387733459,1.7462974905967712,0.001934805944212714,-35.483539522625506,10.879764019034027,,2.7631020735330303e-11,
1200000,334.7640104293823,-33.495442286133766,9.42634916916153,-0.011573118504136804,5.919560527801513,1.7086636066436767,0.005521970934700171,-35.483539522625506,10.879764019034027,,2.7631020735330303e-11,
1204000,336.56008434295654,-35.64811594039202,13.334243409258088,-0.015975733641069568,5.049966621398926,1.7104069352149964,0.0018571434393525265,-35.348579859826714,11.946867010534204,,2.7631020735330303e-11,
1208000,337.5573754310608,-34.85777769982815,9.98248142654455,-0.01600962587399408,6.276245069503784,1.7247553586959838,0.0031152302577392987,-35.348579859826714,11.946867010534204,,2.7631020735330303e-11,
1212000,338.5699758529663,-33.773638278245926,11.163494490552846,-0.014487026187591212,6.513078689575195,1.6993399143218995,0.00471918616653415,-35.348579859826714,11.946867010534204,,2.7631020735330303e-11,
1216000,339.61696434020996,-35.40696540474892,11.162378417107243,-0.020076922342646953,5.055656433105469,1.700376069545746,0.0012904049712233246,-35.348579859826714,11.946867010534204,,2.7631020735330303e-11,
1220000,340.6389112472534,-34.5755181312561,10.718151971992283,-0.013416773614008193,5.761547517776489,1.7115080118179322,0.005253516609081998,-35.348579859826714,11.946867010534204,,2.7631020735330303e-11,
1224000,341.6688268184662,-33.240301579236984,11.46289242523776,-0.013322540110908675,5.860181474685669,1.7747620820999146,0.002098468173062429,-35.348579859826714,11.946867010534204,,2.7631020735330303e-11,
1228000,342.5695149898529,-32.01591154932976,9.497505543224667,-0.02297732193022952,4.340260434150696,1.7355915784835816,0.006203240310424007,-35.348579859826714,11.946867010534204,,2.7631020735330303e-11,
1232000,343.57314682006836,-36.376689821481705,11.297724487105425,-0.017893716157879602,5.044378709793091,1.8256989955902099,0.005736167269060388,-35.348579859826714,11.946867010534204,,2.7631020735330303e-11,
1236000,344.62393951416016,-37.01768612861633,11.611099990467228,-0.01795339235942812,4.181607294082641,1.8012664675712586,0.004723855262272991,-35.348579859826714,11.946867010534204,,2.7631020735330303e-11,
1240000,345.6357560157776,-35.82677982747555,12.977787857933855,-0.019701207595877436,6.840285205841065,1.824489665031433,0.004123154605855106,-35.348579859826714,11.946867010534204,,2.7631020735330303e-11,
1244000,347.3745291233063,-35.19204381108284,12.441615088959713,-0.016322650931775585,7.476279401779175,1.7898434281349183,0.0067206092630512915,-35.06175904069096,11.849927518378772,,2.7631020735330303e-11,
1248000,348.38997745513916,-36.772710144519806,10.994203310487608,-0.01590194403007601,5.853211879730225,1.7576616287231446,0.007045848070760208,-35.06175904069096,11.849927518378772,,2.7631020735330303e-11,
1252000,349.41386580467224,-35.989392682909966,11.372207037866701,-0.019617447504773743,4.764793062210083,1.803750705718994,0.006234737528371603,-35.06175904069096,11.849927518378772,,2.7631020735330303e-11,
1256000,350.44718408584595,-34.25436718761921,11.214010017330281,-0.021562361080199467,5.493647241592408,1.8397087574005127,0.005628375802189112,-35.06175904069096,11.849927518378772,,2.7631020735330303e-11,
1260000,351.4694676399231,-35.26683551073074,12.234634871315492,-0.013936012053396497,7.135383749008179,1.824583113193512,0.005310800093924506,-35.06175904069096,11.849927518378772,,2.7631020735330303e-11,
1264000,352.48920249938965,-33.34126281738281,10.863611902560866,-0.012650321906199658,5.044592714309692,1.8134074091911316,0.0020598723219008796,-35.06175904069096,11.849927518378772,,2.7631020735330303e-11,
1268000,353.52729392051697,-35.4958313703537,11.907736319106952,-0.017459230626001965,4.558140802383423,1.8038986444473266,0.008933800976024742,-35.06175904069096,11.849927518378772,,2.7631020735330303e-11,
1272000,354.56816840171814,-35.14791665971279,10.434001282026474,-0.018354788364842545,5.324165630340576,1.7544136762619018,0.006253099638503024,-35.06175904069096,11.849927518378772,,2.7631020735330303e-11,
1276000,355.60709142684937,-37.08921130001545,11.882728719210062,-0.01498045491985991,6.936981201171875,1.8586616039276123,0.006866948187234811,-35.06175904069096,11.849927518378772,,2.7631020735330303e-11,
1280000,356.66024112701416,-33.081625282764435,10.289876082496757,-0.01937044903077183,4.437052202224732,1.820248508453369,0.003188779970514588,-35.06175904069096,11.849927518378772,,2.7631020735330303e-11,
1284000,358.4631390571594,-33.476158916950226,12.270714445837319,-0.01076870897319182,4.575600337982178,1.8014025449752809,0.004573476345831296,-35.05860960087739,12.360484337567527,,2.7631020735330303e-11,
1288000,359.43342757225037,-33.415104903280735,10.601222222861804,-0.02100112093053763,4.125647377967835,1.68648419380188,0.006733560180640729,-35.05860960087739,12.360484337567527,,2.7631020735330303e-11,
1292000,360.4554235935211,-36.12638704478741,10.287113947634081,-0.014717406708747128,5.8312396049499515,1.7491734981536866,0.0065954144508577174,-35.05860960087739,12.360484337567527,,2.7631020735330303e-11,
1296000,361.4798936843872,-33.90556336939335,11.81215609882318,-0.021900079250335658,4.777125406265259,1.6985239148139955,0.004317883891053498,-35.05860960087739,12.360484337567527,,2.7631020735330303e-11,
1300000,362.50372862815857,-32.23228311538696,12.774973166128687,-0.014223811159376076,5.213219165802002,1.6883159518241881,0.004913145225727877,-35.05860960087739,12.360484337567527,,2.7631020735330303e-11,
1304000,363.53309059143066,-34.686082661151886,10.522307715760764,-0.015721410936675895,5.86142258644104,1.7110461473464966,0.003080277699511491,-35.05860960087739,12.360484337567527,,2.7631020735330303e-11,
1308000,364.54702067375183,-34.584243178367615,10.322827220145582,-0.011822834554826933,5.6800251483917235,1.6094905257225036,0.003070195195361514,-35.05860960087739,12.360484337567527,,2.7631020735330303e-11,
1312000,365.5496926307678,-35.361698508262634,10.892323519359149,-0.02149537167977549,5.905855941772461,1.5656379222869874,0.00928460608911701,-35.05860960087739,12.360484337567527,,2.7631020735330303e-11,
1316000,366.5491347312927,-31.582810878753662,11.808881851813782,-0.014439633639995009,4.085218214988709,1.5410250186920167,0.004102035899413737,-35.05860960087739,12.360484337567527,,2.7631020735330303e-11,
1320000,367.5607273578644,-35.2386671602726,10.170156028764117,-0.013286960236728262,4.8801638126373295,1.6076655864715577,0.0069993997924029825,-35.05860960087739,12.360484337567527,,2.7631020735330303e-11,
1324000,369.23100566864014,-34.23438739776611,10.562532042265838,-0.013388179400470124,5.760264301300049,1.5693708181381225,0.007469586722087129,-35.20221795584075,12.058269903226446,,2.7631020735330303e-11,
1328000,370.05788564682007,-33.13362470269203,9.663524825311649,-0.01720534938946363,5.244907999038697,1.6685749411582946,0.006793818702222776,-35.20221795584075,12.058269903226446,,2.7631020735330303e-11,
1332000,370.9206848144531,-35.876738250255585,10.804298356314119,-0.01165230745938608,4.726429986953735,1.5933796525001527,0.002178646807442419,-35.20221795584075,12.058269903226446,,2.7631020735330303e-11,
1336000,371.73696970939636,-35.901151210069656,13.252515297404734,-0.017274000450503025,5.552087879180908,1.6527459979057313,0.0031976132304407656,-35.20221795584075,12.058269903226446,,2.7631020735330303e-11,
1340000,372.5825822353363,-36.044955745339394,11.917976375815352,-0.01453405634174123,5.985149335861206,1.7054446339607239,0.003596977319102734,-35.20221795584075,12.058269903226446,,2.7631020735330303e-11,
1344000,373.42375588417053,-33.444246754050255,9.9463014666547,-0.018310576283372893,4.4864795207977295,1.7129592061042787,0.006457680225139484,-35.20221795584075,12.058269903226446,,2.7631020735330303e-11,
1348000,374.25998854637146,-34.774916023015976,11.806688163688202,-0.017245216057635737,5.554908561706543,1.7163171410560607,0.0025951170682674274,-35.20221795584075,12.058269903226446,,2.7631020735330303e-11,
1352000,375.08805990219116,-35.86030325293541,12.655653970485579,-0.014069492409471529,5.784089994430542,1.7044613242149353,0.0013333347116713413,-35.20221795584075,12.058269903226446,,2.7631020735330303e-11,
1356000,375.92683577537537,-33.54407560825348,10.938805140098967,-0.014933779232669763,4.811848926544189,1.6121663331985474,0.011131700314581394,-35.20221795584075,12.058269903226446,,2.7631020735330303e-11,
1360000,376.7796347141266,-35.68780955672264,11.99342474501415,-0.012329149414552276,6.463989210128784,1.6509979367256165,0.004722776462207534,-35.20221795584075,12.058269903226446,,2.7631020735330303e-11,
1364000,378.4138083457947,-34.97785450518131,12.404461612218828,-0.017836485763080435,5.773022603988648,1.688401186466217,0.007177541119745001,-34.64397426089272,12.254146200989597,,2.7631020735330303e-11,
1368000,379.2523674964905,-32.65936321020126,9.930370188017617,-0.013479390694061299,5.029346036911011,1.6492061257362365,0.0008404505417274777,-34.64397426089272,12.254146200989597,,2.7631020735330303e-11,
1372000,380.0801491737366,-35.302118852734566,12.001805018338997,-0.017134210893884293,6.98168830871582,1.728786826133728,0.006361026990227359,-34.64397426089272,12.254146200989597,,2.7631020735330303e-11,
1376000,380.9146611690521,-34.74548979103565,10.321960447276066,-0.019417768795042888,4.332547354698181,1.727573525905609,0.009117349720327184,-34.64397426089272,12.254146200989597,,2.7631020735330303e-11,
1380000,381.7407376766205,-35.63411493599415,12.254241083105995,-0.01932599215116353,5.835614395141602,1.6459585428237915,0.004213647640426643,-34.64397426089272,12.254146200989597,,2.7631020735330303e-11,
1384000,382.57710099220276,-33.880803763866425,11.948099051330821,-0.01550941539090136,5.663130378723144,1.6915741920471192,0.004956616292474791,-34.64397426089272,12.254146200989597,,2.7631020735330303e-11,
1388000,383.4177477359772,-33.4061134159565,11.65010163474448,-0.016661167152691725,4.817073154449463,1.638987922668457,0.0022546389009221457,-34.64397426089272,12.254146200989597,,2.7631020735330303e-11,
1392000,384.2353744506836,-35.97590446472168,10.962068092957029,-0.010103802539175356,6.14853515625,1.5902409911155702,0.002587677501491292,-34.64397426089272,12.254146200989597,,2.7631020735330303e-11,
1396000,385.10151052474976,-33.80087222158909,12.179119767385314,-0.017827295412775123,5.058187532424927,1.669199275970459,0.006194472398317874,-34.64397426089272,12.254146200989597,,2.7631020735330303e-11,
1400000,385.94736647605896,-35.33440554141998,12.514076585690319,-0.0172473013652489,4.917140674591065,1.648367702960968,0.003243673597989982,-34.64397426089272,12.254146200989597,,2.7631020735330303e-11,
1404000,387.5798478126526,-34.20455840229988,10.057427369310922,-0.016494527673348712,4.851138925552368,1.6348511099815368,0.005185552574403118,-35.11455558100715,12.257881303425943,,2.7631020735330303e-11,
1408000,388.49066162109375,-34.134219497442245,10.72135158223187,-0.012601592697203224,5.0001030445098875,1.6408441662788391,0.0015584057243540172,-35.11455558100715,12.257881303425943,,2.7631020735330303e-11,
1412000,389.497771024704,-35.83916275203228,12.832389617522537,-0.011626364018069602,5.500548267364502,1.6474646091461183,0.005036941351136193,-35.11455558100715,12.257881303425943,,2.7631020735330303e-11,
1416000,390.5313341617584,-34.582134038209915,11.180531370626568,-0.015476432490162572,4.82468991279602,1.662276291847229,0.004087543596484467,-35.11455558100715,12.257881303425943,,2.7631020735330303e-11,
1420000,391.5458583831787,-35.29609562456608,11.151085141170295,-0.01497135690040885,6.756737995147705,1.6044761180877685,0.010260651967837476,-35.11455558100715,12.257881303425943,,2.7631020735330303e-11,
1424000,392.5669002532959,-36.70005153119564,12.743982523520085,-0.0152559130191803,6.413319683074951,1.652525579929352,0.002866827410471151,-35.11455558100715,12.257881303425943,,2.7631020735330303e-11,
1428000,393.60196805000305,-37.81150543689728,10.680762679960688,-0.014357537136412902,4.9820208072662355,1.5892420768737794,0.001713293307693675,-35.11455558100715,12.257881303425943,,2.7631020735330303e-11,
1432000,394.606397151947,-34.12367357313633,10.670645888557935,-0.020676660281140347,4.921583557128907,1.6318067193031311,0.00832005921547534,-35.11455558100715,12.257881303425943,,2.7631020735330303e-11,
1436000,395.63005018234253,-35.65090845525265,11.690665800399614,-0.016634182823821675,6.0480588436126705,1.6751191854476928,0.0027503448779460983,-35.11455558100715,12.257881303425943,,2.7631020735330303e-11,
1440000,396.64310336112976,-36.51500302553177,10.867145258711854,-0.013369492807891214,5.316193914413452,1.619262444972992,0.004980059081572108,-35.11455558100715,12.257881303425943,,2.7631020735330303e-11,
1444000,398.2758717536926,-35.4462119191885,12.122366583015681,-0.012078857552958655,5.481092834472657,1.6588177919387816,0.004720924323191866,-35.39210848789662,12.49817391100435,,2.7631020735330303e-11,
1448000,399.09030270576477,-36.32282194495201,10.297009865248901,-0.013766212829388636,7.2546265602111815,1.6031031250953673,0.004636229249357715,-35.39210848789662,12.49817391100435,,2.7631020735330303e-11,
1452000,399.92828845977783,-35.77264507114887,11.050786079908162,-0.012997639993671317,6.272030591964722,1.6533881783485413,0.0032130503008374945,-35.39210848789662,12.49817391100435,,2.7631020735330303e-11,
1456000,400.75758504867554,-36.529871091246605,12.419724909776642,-0.016216832908336087,4.725958013534546,1.668364691734314,0.0033746664080354094,-35.39210848789662,12.49817391100435,,2.7631020735330303e-11,
1460000,401.60056614875793,-35.0521377325058,9.242993185831404,-0.01469731592107557,6.15844612121582,1.6271060347557067,0.004235414137481708,-35.39210848789662,12.49817391100435,,2.7631020735330303e-11,
1464000,402.4703588485718,-34.244079917669296,12.86387347318728,-0.0178192994990386,3.9711880922317504,1.6343837976455688,0.005629950418369845,-35.39210848789662,12.49817391100435,,2.7631020735330303e-11,
1468000,403.30508971214294,-34.98350030183792,12.545123268284383,-0.018417088089045207,4.659040260314941,1.7007522940635682,0.004272198432590813,-35.39210848789662,12.49817391100435,,2.7631020735330303e-11,
1472000,404.13326048851013,-34.49694775044918,11.114682820592185,-0.014980874100700037,6.1436206817626955,1.6082746982574463,0.008072175650158896,-35.39210848789662,12.49817391100435,,2.7631020735330303e-11,
1476000,404.9718623161316,-32.932560205459595,11.155062557530144,-0.018563066531904048,4.52238130569458,1.6970157742500305,0.006260713178198785,-35.39210848789662,12.49817391100435,,2.7631020735330303e-11,
1480000,405.81037425994873,-34.41406674683094,11.407222508250758,-0.019217614192515598,5.398516464233398,1.669599223136902,0.002094346990314122,-35.39210848789662,12.49817391100435,,2.7631020735330303e-11,
1484000,407.42582964897156,-34.11651825904846,11.995383268619788,-0.012963340441230643,6.39614782333374,1.6789190411567687,0.005599665149929933,-35.4608942810446,11.871365326334404,,2.7631020735330303e-11,
1488000,408.2557485103607,-35.073804169893265,13.447503988767641,-0.0169759709625505,5.946798276901245,1.5964307904243469,0.0005241347826085985,-35.4608942810446,11.871365326334404,,2.7631020735330303e-11,
1492000,409.0632486343384,-33.951625019311905,12.589990894003895,-0.015908679333049847,4.950429201126099,1.560831570625305,0.0064058468415169045,-35.4608942810446,11.871365326334404,,2.7631020735330303e-11,
1496000,409.895357131958,-35.40726800262928,11.034102986209048,-0.018856021877378205,4.507175636291504,1.651069700717926,0.006526154818129726,-35.4608942810446,11.871365326334404,,2.7631020735330303e-11,
1500000,410.71850848197937,-35.48735573887825,12.02491895162422,-0.014858530623838285,5.189027166366577,1.5299454092979432,0.006923489485052415,-35.4608942810446,11.871365326334404,,2.7631020735330303e-11,
1504000,411.56398725509644,-33.49735087156296,11.37084948400168,-0.01509383989032358,5.215289783477783,1.5963042020797729,0.003073379144348998,-35.4608942810446,11.871365326334404,,2.7631020735330303e-11,
1508000,412.39646100997925,-33.80914714932442,11.352338690126674,-0.016883441048674362,5.70756344795227,1.6148354768753053,0.0076983117789495735,-35.4608942810446,11.871365326334404,,2.7631020735330303e-11,
1512000,413.2462980747223,-34.74842505156994,10.570894377002114,-0.016035773148760056,6.377499532699585,1.6092230916023254,0.00822774918633513,-35.4608942810446,11.871365326334404,,2.7631020735330303e-11,
1516000,414.06937980651855,-38.78255343437195,10.54998809303248,-0.01392553006717936,6.399228286743164,1.6114285707473754,0.0055750990051310016,-35.4608942810446,11.871365326334404,,2.7631020735330303e-11,
1520000,414.9230246543884,-35.759211242198944,11.567304077377722,-0.020884045075625045,5.291937398910522,1.5832500457763672,0.011180952470749617,-35.4608942810446,11.871365326334404,,2.7631020735330303e-11,
1524000,416.7680685520172,-36.216302901506424,11.991973081589169,-0.012225545760709788,8.261339569091797,1.5380953550338745,0.004879031656309962,-35.343053550459445,12.341275484158048,,2.7631020735330303e-11,
1528000,417.78519010543823,-31.50369483232498,10.852109127054018,-0.01551112214103334,4.497968769073486,1.531311821937561,0.0036598451108147854,-35.343053550459445,12.341275484158048,,2.7631020735330303e-11,
1532000,418.80224204063416,-32.739766642451286,10.425261704726264,-0.02090213578846307,4.196260523796082,1.542017412185669,0.002946866118359992,-35.343053550459445,12.341275484158048,,2.7631020735330303e-11,
1536000,419.80930399894714,-34.72068063914776,12.06965384693012,-0.0192691609403119,4.31585955619812,1.644463098049164,0.007956455219071313,-35.343053550459445,12.341275484158048,,2.7631020735330303e-11,
1540000,420.8207457065582,-31.213089525699615,9.478487135690598,-0.0289476755503566,4.546556806564331,1.6191004872322083,0.008452425280993303,-35.343053550459445,12.341275484158048,,2.7631020735330303e-11,
1544000,421.8170917034149,-36.93888717889786,10.920347560512086,-0.015218017705250553,6.868398427963257,1.620302951335907,0.002915456920891302,-35.343053550459445,12.341275484158048,,2.7631020735330303e-11,
1548000,422.8435182571411,-32.11259204149246,13.06885421237353,-0.01478927748417469,4.033891129493713,1.60232115983963,0.0056303476041648535,-35.343053550459445,12.341275484158048,,2.7631020735330303e-11,
1552000,423.8764474391937,-33.10523942112923,10.794469677877302,-0.020688402227126045,4.741262578964234,1.565474259853363,0.007164498569909483,-35.343053550459445,12.341275484158048,,2.7631020735330303e-11,
1556000,424.89719247817993,-34.78068006038666,10.80500954696566,-0.01457474731490933,4.2855658531188965,1.560763907432556,0.002032242755172753,-35.343053550459445,12.341275484158048,,2.7631020735330303e-11,
1560000,425.93616938591003,-34.70202915370464,10.4603227405956,-0.01824660550989212,4.488127183914185,1.4924341201782227,0.006236138514941559,-35.343053550459445,12.341275484158048,,2.7631020735330303e-11,
1564000,427.83466696739197,-34.23193718492985,15.21957001703353,-0.011683330832980588,8.458532285690307,1.5106729865074158,0.0020877887452952493,-35.426400260068476,12.064937439459852,,2.7631020735330303e-11,
1568000,428.83919525146484,-33.93294978141785,10.64910541910767,-0.01838003148511049,5.466499328613281,1.5095167398452758,0.007897112052654842,-35.426400260068476,12.064937439459852,,2.7631020735330303e-11,
1572000,429.86978578567505,-35.79550148546696,10.347347579043312,-0.021189872930757702,4.947941541671753,1.4825688481330872,0.006153046914259619,-35.426400260068476,12.064937439459852,,2.7631020735330303e-11,
1576000,430.91059255599976,-32.287020206451416,10.945929103310768,-0.017748610056005455,5.236761045455933,1.5319919347763062,0.008490823189727959,-35.426400260068476,12.064937439459852,,2.7631020735330303e-11,
1580000,431.9551856517792,-34.49753800034523,9.83068540903271,-0.021408246255479747,4.489108562469482,1.5298986911773682,0.006435270651127212,-35.426400260068476,12.064937439459852,,2.7631020735330303e-11,
1584000,432.9894292354584,-36.45120441913605,12.40261234912724,-0.017566095142625304,7.032478761672974,1.5080821633338928,0.008809134011971764,-35.426400260068476,12.064937439459852,,2.7631020735330303e-11,
1588000,433.86251878738403,-35.32455496490002,11.156433413035245,-0.01807919612526874,5.102008867263794,1.5188100576400756,0.006603268141043372,-35.426400260068476,12.064937439459852,,2.7631020735330303e-11,
1592000,434.8549790382385,-34.035164564847946,12.125185236962711,-0.01451217660214752,7.4742350578308105,1.5562329649925233,0.006373310403432697,-35.426400260068476,12.064937439459852,,2.7631020735330303e-11,
1596000,435.8775954246521,-32.385183826088905,9.931158313292583,-0.011910543095669723,4.065962171554565,1.4880129933357238,0.007522980479639951,-35.426400260068476,12.064937439459852,,2.7631020735330303e-11,
1600000,436.9039480686188,-34.08868359029293,10.950109146853913,-0.01719198536127813,5.208947038650512,1.5545455694198609,0.006556552515365155,-35.426400260068476,12.064937439459852,,2.7631020735330303e-11,
1604000,438.7063059806824,-35.226232185959816,10.20163313082198,-0.020728351585566962,5.029890727996826,1.531726348400116,0.006822446265141479,-34.815673956181854,12.781961393184265,,2.7631020735330303e-11,
1608000,439.7249050140381,-33.503603771328926,12.50917667038581,-0.017265781324356765,5.68983302116394,1.5539997816085815,0.002132271417183773,-34.815673956181854,12.781961393184265,,2.7631020735330303e-11,
1612000,440.71142315864563,-34.01122087240219,11.307357171907627,-0.02021606089919814,4.300271129608154,1.5389812111854553,0.008455790078733117,-34.815673956181854,12.781961393184265,,2.7631020735330303e-11,
1616000,441.6611752510071,-33.047608092427254,9.36244271919309,-0.018897639424540102,4.017811107635498,1.559886384010315,0.0029822109499946237,-34.815673956181854,12.781961393184265,,2.7631020735330303e-11,
1620000,442.68930435180664,-34.2823740541935,12.235685299899965,-0.017190622694790346,4.413768982887268,1.5957875490188598,0.003313062473171158,-34.815673956181854,12.781961393184265,,2.7631020735330303e-11,
1624000,443.6278474330902,-36.20723554491997,11.50333510857103,-0.017165734134148812,6.2343145370483395,1.531948459148407,0.005879975807736582,-34.815673956181854,12.781961393184265,,2.7631020735330303e-11,
1628000,444.6504077911377,-34.33319057524204,11.765540438820398,-0.01569304959150024,6.810746145248413,1.5235231637954711,0.011613504216074943,-34.815673956181854,12.781961393184265,,2.7631020735330303e-11,
1632000,445.6656324863434,-32.367075219750404,11.31744893138867,-0.015068080958444696,5.392970752716065,1.5554404139518738,0.004732064646668732,-34.815673956181854,12.781961393184265,,2.7631020735330303e-11,
1636000,446.6938030719757,-33.547457203269005,10.169861593215174,-0.022935518002137556,4.318339562416076,1.5625800728797912,0.008627059607533738,-34.815673956181854,12.781961393184265,,2.7631020735330303e-11,
1640000,447.7324814796448,-33.13262960314751,11.031498811733094,-0.02556201952695858,4.76613564491272,1.5367715716362,0.007440268856356846,-34.815673956181854,12.781961393184265,,2.7631020735330303e-11,
1644000,449.36322569847107,-34.41301083564758,10.958857535820139,-0.01948866929393276,4.192602443695068,1.6111867427825928,0.006380260826786888,-34.83657599519938,12.086331504587188,,2.7631020735330303e-11,
1648000,450.20313811302185,-32.91384203732014,9.479587428164848,-0.019760142979212247,4.288708877563477,1.5978261232376099,0.0014897821645718067,-34.83657599519938,12.086331504587188,,2.7631020735330303e-11,
1652000,451.0950222015381,-33.4273617118597,11.199472003466568,-0.013911893656477404,5.435542392730713,1.527354907989502,0.0034562428249046207,-34.83657599519938,12.086331504587188,,2.7631020735330303e-11,
1656000,452.12995052337646,-32.04278427362442,11.365053850381743,-0.020498511588200864,4.333919477462769,1.5349255323410034,0.006311700481455773,-34.83657599519938,12.086331504587188,,2.7631020735330303e-11,
1660000,453.1646876335144,-33.2701416015625,9.567994189865688,-0.017963607194367803,4.7913398265838625,1.6083354830741883,0.0037944954063277693,-34.83657599519938,12.086331504587188,,2.7631020735330303e-11,
1664000,454.2071602344513,-33.39302012324333,10.893215582036582,-0.020573124452494086,5.247514295578003,1.5473898649215698,0.008347717486321926,-34.83657599519938,12.086331504587188,,2.7631020735330303e-11,
1668000,455.24185132980347,-33.764991238713264,10.839092648666169,-0.017638713151216477,4.852438974380493,1.5341321349143981,0.002182178004295565,-34.83657599519938,12.086331504587188,,2.7631020735330303e-11,
1672000,456.2804853916168,-33.954960986971855,10.866477378341589,-0.017630402665585288,5.611830043792724,1.5224069237709046,0.005144974930677559,-34.83657599519938,12.086331504587188,,2.7631020735330303e-11,
1676000,457.32124185562134,-34.67633073031902,11.463352450523843,-0.018038734967820335,6.284415769577026,1.4607135772705078,0.007991305441595386,-34.83657599519938,12.086331504587188,,2.7631020735330303e-11,
1680000,458.337788105011,-33.32834443449974,9.18282344028669,-0.016867773537524045,4.7507655143737795,1.4991391181945801,0.005507254728581756,-34.83657599519938,12.086331504587188,,2.7631020735330303e-11,
1684000,460.16399812698364,-34.01995876431465,9.947014707913297,-0.01315426954627057,5.033787488937378,1.5110754728317262,0.005465397823718377,-34.230427727568895,11.53544405200303,,2.7631020735330303e-11,
1688000,461.1467168331146,-36.84226380288601,12.433732512119452,-0.017513376979622564,7.126216268539428,1.4879064917564393,0.0022269153771048876,-34.230427727568895,11.53544405200303,,2.7631020735330303e-11,
1692000,462.18431782722473,-33.76869912445545,11.744475973169259,-0.017659467446617772,5.1571869373321535,1.4477984189987183,0.006361744966125116,-34.230427727568895,11.53544405200303,,2.7631020735330303e-11,
1696000,463.253618478775,-33.157344087958336,12.854556397098518,-0.024139211677946193,4.434334945678711,1.509584403038025,0.002982093847822398,-34.230427727568895,11.53544405200303,,2.7631020735330303e-11,
1700000,464.2941563129425,-31.921779438853264,10.201181196600396,-0.01367755905212853,4.270789980888367,1.5107920169830322,0.006036605102941373,-34.230427727568895,11.53544405200303,,2.7631020735330303e-11,
1704000,465.31205677986145,-38.45429787039757,10.738360563767579,-0.01822755652852357,6.401535272598267,1.474442434310913,0.007741328541305848,-34.230427727568895,11.53544405200303,,2.7631020735330303e-11,
1708000,466.15441823005676,-33.746526047587395,10.442296250392227,-0.01861219023540599,4.741675853729248,1.4419761300086975,0.0012548047892778414,-34.230427727568895,11.53544405200303,,2.7631020735330303e-11,
1712000,466.99612522125244,-33.10326273739338,11.393181651380598,-0.018815074816346124,6.9787202835083,1.4608349561691285,0.0037531227113504428,-34.230427727568895,11.53544405200303,,2.7631020735330303e-11,
1716000,467.81739830970764,-32.96232667565346,11.398456842055369,-0.020348833375144794,4.345752334594726,1.3714770793914794,0.013521819707239046,-34.230427727568895,11.53544405200303,,2.7631020735330303e-11,
1720000,468.6635055541992,-32.81751377880573,11.916514736754037,-0.022430697401519862,4.3234631538391115,1.418133306503296,0.004952541478909556,-34.230427727568895,11.53544405200303,,2.7631020735330303e-11,
1724000,470.4971835613251,-34.74755319952965,11.671169145480935,-0.013268582753371661,4.865567779541015,1.41935054063797,0.005197448364691759,-33.7591440374963,12.097134714528401,,2.7631020735330303e-11,
1728000,471.5431113243103,-32.20498166978359,11.836960529528488,-0.022038758402690296,3.9854135513305664,1.367587721347809,0.0056560235228971575,-33.7591440374963,12.097134714528401,,2.7631020735330303e-11,
1732000,472.58838391304016,-34.08951850235462,11.325214001452418,-0.01497462965315215,4.212351608276367,1.4049087524414063,0.004867138712688757,-33.7591440374963,12.097134714528401,,2.7631020735330303e-11,
1736000,473.64741587638855,-34.24782581627369,10.857367315270913,-0.014633104764856419,5.353602075576783,1.406409776210785,0.0024949174454377498,-33.7591440374963,12.097134714528401,,2.7631020735330303e-11,
1740000,474.6789035797119,-33.63498090207577,11.788320361038616,-0.01870548729225998,6.388966751098633,1.4610769510269166,0.00912777113239276,-33.7591440374963,12.097134714528401,,2.7631020735330303e-11,
1744000,475.73256945610046,-37.404443860054016,12.621221351413157,-0.012726717658340946,8.77602424621582,1.420066726207733,0.003628317280672455,-33.7591440374963,12.097134714528401,,2.7631020735330303e-11,
1748000,476.78722882270813,-33.575476348400116,10.882124733692839,-0.01364627310493951,5.085567140579224,1.3571390628814697,0.004782798546832012,-33.7591440374963,12.097134714528401,,2.7631020735330303e-11,
1752000,477.8290798664093,-33.294823944568634,10.731239492189774,-0.017570184358395614,5.2374083518981935,1.4568062663078307,0.008040681718382814,-33.7591440374963,12.097134714528401,,2.7631020735330303e-11,
1756000,478.87750339508057,-35.42297652363777,10.704388989525038,-0.019800988161005062,6.602428197860718,1.4495404839515686,0.006350842130399536,-33.7591440374963,12.097134714528401,,2.7631020735330303e-11,
1760000,479.93632411956787,-35.84978845715523,10.404066459841415,-0.018411494785919837,6.811028671264649,1.4361432313919067,0.008023798814974725,-33.7591440374963,12.097134714528401,,2.7631020735330303e-11,
1764000,481.77901005744934,-33.49547636508942,8.973052186969598,-0.02258986553642899,3.9580018520355225,1.4468925237655639,0.007061073229997383,-34.3325777691789,12.38759287918662,,2.7631020735330303e-11,
1768000,482.81414914131165,-33.98831260204315,8.582071962143521,-0.01829675497207788,5.746362257003784,1.4526220440864563,0.010691272813361153,-34.3325777691789,12.38759287918662,,2.7631020735330303e-11,
1772000,483.8296275138855,-33.00532045960426,10.731771593804577,-0.021979478769004322,4.897972154617309,1.4283880591392517,0.007828919650753963,-34.3325777691789,12.38759287918662,,2.7631020735330303e-11,
1776000,484.66390347480774,-34.638368010520935,10.359869597842795,-0.01599462042376416,5.593398094177246,1.4263383865356445,0.0001941469221492298,-34.3325777691789,12.38759287918662,,2.7631020735330303e-11,
1780000,485.48450660705566,-35.000570610165596,11.598875968600984,-0.01759062037523833,7.078945922851562,1.5281039118766784,0.009748512823600296,-34.3325777691789,12.38759287918662,,2.7631020735330303e-11,
1784000,486.31563234329224,-32.75207658112049,9.714280679712875,-0.021089785015210437,5.492665481567383,1.5514246940612793,0.0010800918855238706,-34.3325777691789,12.38759287918662,,2.7631020735330303e-11,
1788000,487.13571882247925,-34.77066121995449,11.787705919889971,-0.017248361354693743,6.723542022705078,1.4797098517417908,0.006179719330975786,-34.3325777691789,12.38759287918662,,2.7631020735330303e-11,
1792000,487.961749792099,-31.476730719208717,11.003835555657107,-0.018834378377534478,4.049553442001343,1.5153336882591248,0.005245690274750814,-34.3325777691789,12.38759287918662,,2.7631020735330303e-11,
1796000,488.8067157268524,-34.17600244283676,9.762008054985174,-0.015731268732342586,4.278566217422485,1.4279842019081115,0.004648668778827414,-34.3325777691789,12.38759287918662,,2.7631020735330303e-11,
1800000,489.6410188674927,-32.31471273303032,10.10334619219694,-0.025314570756628997,4.065459847450256,1.5130895614624023,0.009024172082776172,-34.3325777691789,12.38759287918662,,2.7631020735330303e-11,
1804000,491.4623522758484,-33.013724982738495,12.635119654947152,-0.02054048873018468,5.764931297302246,1.5760401487350464,0.0017049751713638984,-34.53027421236038,12.366043530637198,,2.7631020735330303e-11,
1808000,492.4951343536377,-35.186991453170776,10.549655569548932,-0.02360281794983905,3.7211528062820434,1.5063551425933839,0.014747816568706185,-34.53027421236038,12.366043530637198,,2.7631020735330303e-11,
1812000,493.5337448120117,-33.46817806363106,13.65184943991379,-0.012494527738774153,5.885149574279785,1.5223847866058349,0.003267594499629922,-34.53027421236038,12.366043530637198,,2.7631020735330303e-11,
1816000,494.58309149742126,-34.98256200551987,11.27241237651668,-0.01374776501767334,6.047922229766845,1.5869990468025208,0.008714049248490419,-34.53027421236038,12.366043530637198,,2.7631020735330303e-11,
1820000,495.6146116256714,-33.35698555409908,11.609644172029082,-0.01748545693047343,4.716290140151978,1.5801239132881164,0.0034744235291146452,-34.53027421236038,12.366043530637198,,2.7631020735330303e-11,
1824000,496.67600274086,-34.3772085160017,10.938930778453209,-0.02332333674468092,5.895634746551513,1.5218890190124512,0.010023178107338016,-34.53027421236038,12.366043530637198,,2.7631020735330303e-11,
1828000,497.71988129615784,-33.731495663523674,10.589085585406021,-0.022823047696612787,3.8288103103637696,1.499022078514099,0.005149695872561999,-34.53027421236038,12.366043530637198,,2.7631020735330303e-11,
1832000,498.7709243297577,-35.30107668042183,14.455596297599659,-0.01796757972519849,5.5392831325531,1.539577603340149,0.003797430283157155,-34.53027421236038,12.366043530637198,,2.7631020735330303e-11,
1836000,499.8023946285248,-33.96199172735214,11.076464216812543,-0.02425809519551696,4.4598509788513185,1.4854348182678223,0.014600958060473169,-34.53027421236038,12.366043530637198,,2.7631020735330303e-11,
1840000,500.7895474433899,-30.204398840665817,11.343721902622969,-0.014439491068013056,4.546392869949341,1.517163336277008,0.0031089257810926084,-34.53027421236038,12.366043530637198,,2.7631020735330303e-11,
1844000,502.6254189014435,-36.482160449028015,11.756213775451316,-0.017630513756535925,8.53159852027893,1.5266762733459474,0.009776544928085057,-33.77997517539188,12.166884717441352,,2.7631020735330303e-11,
1848000,503.65126371383667,-30.82238881289959,12.278777104031587,-0.021335327072069043,3.5550795555114747,1.5316524624824523,0.01168441138183698,-33.77997517539188,12.166884717441352,,2.7631020735330303e-11,
1852000,504.4956359863281,-34.669270262122154,11.251910381734064,-0.021830427689477804,4.810111045837402,1.4817945122718812,0.009206771456694619,-33.77997517539188,12.166884717441352,,2.7631020735330303e-11,
1856000,505.3164737224579,-32.05599498748779,10.578789835797219,-0.014848665840690955,4.714922094345093,1.550615620613098,0.0042870316822082085,-33.77997517539188,12.166884717441352,,2.7631020735330303e-11,
1860000,506.14748883247375,-33.57067283987999,11.818493488224915,-0.019833689840510614,3.861912798881531,1.4930882334709168,0.009887468823581002,-33.77997517539188,12.166884717441352,,2.7631020735330303e-11,
1864000,506.97280740737915,-31.78478878736496,10.315334188290073,-0.022584888824261816,4.242542243003845,1.5082215428352357,0.011142066666390704,-33.77997517539188,12.166884717441352,,2.7631020735330303e-11,
1868000,507.8070559501648,-34.490790605545044,11.948256776819182,-0.01374630375020205,6.420699596405029,1.5524735927581788,6.794254295527935e-05,-33.77997517539188,12.166884717441352,,2.7631020735330303e-11,
1872000,508.6407907009125,-33.78288096189499,11.778995764313239,-0.021382518311962428,5.983807802200317,1.5276011228561401,0.016275644674897193,-33.77997517539188,12.166884717441352,,2.7631020735330303e-11,
1876000,509.47177386283875,-30.664299428462982,10.009287263816537,-0.02475917603634299,3.9917457580566404,1.4874965310096742,0.008611344753298899,-33.77997517539188,12.166884717441352,,2.7631020735330303e-11,
1880000,510.29232907295227,-31.952242493629456,11.941061991832957,-0.018309178146999373,3.582289123535156,1.4860630750656127,0.004202907672151923,-33.77997517539188,12.166884717441352,,2.7631020735330303e-11,
1884000,512.1304333209991,-33.909077033400536,13.567941851754696,-0.02125727589987214,3.7410339593887327,1.479028832912445,0.00842498997808434,-33.842790151014924,11.769177163237277,,2.7631020735330303e-11,
1888000,513.1440601348877,-34.69202533364296,10.207546336775968,-0.023906321971677257,5.572462844848633,1.464329147338867,0.008640790575649593,-33.842790151014924,11.769177163237277,,2.7631020735330303e-11,
1892000,514.1545879840851,-34.370130345225334,13.222427182962798,-0.019941080617718397,4.786480665206909,1.4881282210350038,0.008366906113224104,-33.842790151014924,11.769177163237277,,2.7631020735330303e-11,
1896000,515.1904971599579,-33.31274199485779,11.82771530423074,-0.0243730554077775,3.788472867012024,1.5018270492553711,0.007556688180193305,-33.842790151014924,11.769177163237277,,2.7631020735330303e-11,
1900000,516.2318544387817,-35.05726882815361,11.364679311039968,-0.01845101632177837,4.038927841186523,1.55612713098526,0.003527182593825273,-33.842790151014924,11.769177163237277,,2.7631020735330303e-11,
1904000,517.2532124519348,-31.077446684241295,12.884683705616446,-0.02117534246295687,3.7419342041015624,1.5156763076782227,0.0040831027799868025,-33.842790151014924,11.769177163237277,,2.7631020735330303e-11,
1908000,518.2753863334656,-33.02646482735872,10.353772653485109,-0.020295836534351165,3.639888596534729,1.6088687777519226,0.006776839290978387,-33.842790151014924,11.769177163237277,,2.7631020735330303e-11,
1912000,519.309278011322,-31.06862387061119,10.199594399529694,-0.012967300790594827,4.769224405288696,1.6149340748786927,0.0035036092311202085,-33.842790151014924,11.769177163237277,,2.7631020735330303e-11,
1916000,520.32066822052,-31.5834671407938,10.542296190483228,-0.022811176905408636,3.3664053440093995,1.556881272792816,0.008284596678102395,-33.842790151014924,11.769177163237277,,2.7631020735330303e-11,
1920000,521.3391034603119,-32.57692912220955,11.134242193849147,-0.02252213742956517,3.806063485145569,1.5753594517707825,0.00687030500266701,-33.842790151014924,11.769177163237277,,2.7631020735330303e-11,
1924000,523.3385083675385,-33.48559206724167,11.088682554115348,-0.024029877599328665,3.9003403186798096,1.6428636074066163,0.004057904279790847,-33.92995370272547,11.906849258229988,,2.7631020735330303e-11,
1928000,524.3122916221619,-33.91687145829201,10.273302792023236,-0.022030062419362294,4.0813652038574215,1.5829275488853454,0.012377306789858267,-33.92995370272547,11.906849258229988,,2.7631020735330303e-11,
1932000,525.3744773864746,-34.68482279777527,10.038469902347256,-0.018920360388234237,4.220606398582459,1.4804973006248474,0.00731755876695388,-33.92995370272547,11.906849258229988,,2.7631020735330303e-11,
1936000,526.3512916564941,-31.56337894499302,12.479200657313063,-0.014687460452783884,3.7548551082611086,1.4987493753433228,0.006274579693796056,-33.92995370272547,11.906849258229988,,2.7631020735330303e-11,
1940000,527.1842882633209,-34.15255358815193,10.741420661444355,-0.014650844811461639,5.441917657852173,1.4917606115341187,3.8074954412792296e-05,-33.92995370272547,11.906849258229988,,2.7631020735330303e-11,
1944000,528.0082132816315,-32.54887956380844,10.693444150679666,-0.02671278555598109,3.799250936508179,1.4864673256874084,0.010747129397350364,-33.92995370272547,11.906849258229988,,2.7631020735330303e-11,
1948000,528.8533709049225,-32.01247341930866,10.598455437385145,-0.022513713592663454,4.459713697433472,1.4033462882041932,0.010719066503224895,-33.92995370272547,11.906849258229988,,2.7631020735330303e-11,
1952000,529.7263031005859,-32.31235793232918,10.080523524074346,-0.023728796605020717,3.0998421907424927,1.4379496216773986,0.012828276891261226,-33.92995370272547,11.906849258229988,,2.7631020735330303e-11,
1956000,530.5516567230225,-31.36187270283699,10.701555068359719,-0.023275750833563435,3.9495776414871218,1.4524094700813293,0.009207478401367552,-33.92995370272547,11.906849258229988,,2.7631020735330303e-11,
1960000,531.4019818305969,-33.48661309480667,11.557839345683966,-0.015716972883325298,4.723332023620605,1.4669898748397827,0.005436506164027311,-33.92995370272547,11.906849258229988,,2.7631020735330303e-11,
1964000,533.2214183807373,-34.1349019408226,9.7543419205746,-0.016616867863573127,4.2007423639297485,1.461031186580658,0.0021786958123593434,-33.455551052931696,11.806991666541167,,2.7631020735330303e-11,
1968000,534.2496132850647,-32.99099689722061,10.698491880962727,-0.018496660108678054,4.323933053016662,1.4624738216400146,0.010963251969544216,-33.455551052931696,11.806991666541167,,2.7631020735330303e-11,
1972000,535.2827610969543,-33.907584957778454,11.524505842376547,-0.01933047642186283,4.079338836669922,1.4844829440116882,0.007838227986823765,-33.455551052931696,11.806991666541167,,2.7631020735330303e-11,
1976000,536.3075613975525,-30.452145889401436,11.610767007370349,-0.024058238165453095,2.812322425842285,1.4273042798042297,0.007930519885849207,-33.455551052931696,11.806991666541167,,2.7631020735330303e-11,
1980000,537.3473579883575,-30.892937123775482,11.221736419052823,-0.013606767317280177,5.107036209106445,1.442870032787323,0.004768751244409941,-33.455551052931696,11.806991666541167,,2.7631020735330303e-11,
1984000,538.3800935745239,-30.197024688124657,11.066601741239845,-0.01808140998939045,3.140635776519775,1.4227046132087708,0.0070104044032632375,-33.455551052931696,11.806991666541167,,2.7631020735330303e-11,
1988000,539.3993046283722,-32.20887938141823,9.532361123343664,-0.01883004869427527,3.5772407054901123,1.3768168687820435,0.007716949198162126,-33.455551052931696,11.806991666541167,,2.7631020735330303e-11,
1992000,540.4270253181458,-32.30169731378555,10.54596356963788,-0.018552091286051998,4.227080631256103,1.3562274813652038,0.006864988122833893,-33.455551052931696,11.806991666541167,,2.7631020735330303e-11,
1996000,541.4490838050842,-32.619023859500885,12.192765889723026,-0.015401605291059273,4.684316158294678,1.3180004715919496,0.005316727966419421,-33.455551052931696,11.806991666541167,,2.7631020735330303e-11,
2000000,542.4576508998871,-31.730819910764694,10.772727565170173,-0.020665098475292253,3.9450398445129395,1.3602845907211303,0.005768595878267657,-33.455551052931696,11.806991666541167,,2.7631020735330303e-11,
