global_step,wall_time_s,ep_return_mean,ep_return_std,policy_loss,value_loss,entropy,approx_kl,eval_return_mean,eval_return_std,mean_k,attn_entropy,lagrange_lambda
4000,3.707685947418213,-225.8080062866211,47.580241717773724,-0.0007078622759630448,208.45232543945312,1.6033556938171387,0.0003488239983198582,,,2.0,0.68814976811409,
8000,6.683060646057129,-223.51238203048706,46.44266132204912,-0.00046715129126084776,175.23163909912108,1.5982974171638489,8.258175548689906e-05,,,2.0,0.6857898890972137,
12000,9.63387155532837,-224.72996306419373,41.61269019265792,-0.0006292404839985721,156.88082427978514,1.5876046419143677,0.0002228948938136466,,,2.0,0.686163580417633,
16000,12.613849401473999,-215.79634881019592,41.439373455698025,-0.00024849316298798386,105.68897171020508,1.5738515734672547,0.0,,,2.0,0.6889278948307037,
20000,15.55632758140564,-213.74252891540527,40.7247555647804,-0.0004326915038371126,75.44029960632324,1.5687826991081237,0.00037328255710114555,,,2.0,0.6888942778110504,
24000,18.50563645362854,-230.48045539855957,49.7524301847165,-0.0009845063105070385,109.13411941528321,1.5486228466033936,0.0006244685826459317,,,2.0,0.6886678338050842,
28000,21.465496301651,-217.363352060318,37.67068158304131,-0.00117459274225018,81.67639694213867,1.5484733700752258,0.0004408198772580363,,,2.0,0.6888391494750976,
32000,24.40791392326355,-197.23907363414764,27.570336912127722,-0.0025813735025391527,67.80804824829102,1.5560218930244445,0.0004305385431507602,,,2.0,0.6905696034431458,
36000,27.360498905181885,-220.03619146347046,47.60553198092507,-0.0007999350837927466,83.0771598815918,1.531481146812439,0.00016165935612661998,,,2.0,0.6887502551078797,
40000,30.35879611968994,-217.25165843963623,43.18680231276948,-0.0011811847508070628,64.81508903503418,1.498431921005249,0.0006778967237332844,,,2.0,0.6873193860054017,
44000,34.822967529296875,-218.18873929977417,39.650547721319164,-0.0003118118989428709,65.21212997436524,1.534326183795929,0.0007638395731191849,-241.67284855246544,52.05884158743098,2.0,0.6851760387420655,
48000,37.78732228279114,-225.51307463645935,37.00674509337597,-0.0012133632353021895,57.77320861816406,1.530653476715088,0.00043361502789655,-241.67284855246544,52.05884158743098,2.0,0.6863056421279907,
52000,40.73800277709961,-220.95133709907532,40.683137030557205,1.3974703780483822e-05,64.11997566223144,1.5114322423934936,0.00037802672515196425,-241.67284855246544,52.05884158743098,2.0,0.6884963095188141,
56000,43.59641981124878,-219.79989337921143,35.20350948149219,-0.0008123841407747356,36.6829948425293,1.5157657980918884,0.0006488364218967035,-241.67284855246544,52.05884158743098,2.0,0.6866343319416046,
60000,46.54113292694092,-221.76460313796997,35.21648120144502,-0.0006586282637847773,34.14241523742676,1.5223706483840942,0.0018462775908022588,-241.67284855246544,52.05884158743098,2.0,0.686609399318695,
64000,49.48187327384949,-230.9505922794342,37.7945508792428,-0.001798590639921116,41.560828399658206,1.5033854007720948,0.0007936067595437635,-241.67284855246544,52.05884158743098,2.0,0.6876334547996521,
68000,52.41814398765564,-235.45136380195618,47.96215967951485,-0.0015901804736349946,45.12321319580078,1.4749228358268738,0.0011207343079149723,-241.67284855246544,52.05884158743098,2.0,0.6876946687698364,
72000,55.351325035095215,-239.88199543952942,42.95631757529993,-0.0010260278294833113,36.78786926269531,1.4449910044670105,0.0012673469507717527,-241.67284855246544,52.05884158743098,2.0,0.6877896785736084,
76000,58.276872873306274,-249.77092814445496,43.59746834719382,-0.0015606873123906518,35.64272613525391,1.4468836069107056,0.0006737590185366571,-241.67284855246544,52.05884158743098,2.0,0.6853695809841156,
80000,61.176265239715576,-254.13898348808289,47.90197112660793,-0.0008970405054982034,38.10833320617676,1.3977338671684265,0.0009386550871568033,-241.67284855246544,52.05884158743098,2.0,0.6825648665428161,
84000,65.5150978565216,-243.59021282196045,48.22167677415805,-0.0012932805168481387,35.624451065063475,1.427876055240631,0.00023381511673505883,-427.30144771933556,107.7440030554415,2.0,0.6866264700889587,
88000,68.4743549823761,-233.5003833770752,43.89144881610777,-0.0014841664931823262,27.493070983886717,1.4345907330513001,0.00036776471058450055,-427.30144771933556,107.7440030554415,2.0,0.6844028830528259,
92000,71.44655680656433,-236.87473797798157,42.96451376791743,-0.001830020991231507,24.70966205596924,1.3247995853424073,0.002591661075789792,-427.30144771933556,107.7440030554415,2.0,0.6859352290630341,
96000,74.38451433181763,-247.23758697509766,45.24497146227348,-0.0009573031494753082,30.517699432373046,1.2962483644485474,0.0013343314458228062,-427.30144771933556,107.7440030554415,2.0,0.6837455689907074,
100000,77.32210659980774,-253.06125593185425,43.69654278070163,-0.0013874162084539065,32.7235330581665,1.252731704711914,0.00011853320174850523,-427.30144771933556,107.7440030554415,2.0,0.6827895224094391,
104000,80.25403928756714,-240.55596375465393,42.446198197585574,-0.0010121865163480238,39.62163677215576,1.3003686904907226,0.0010193998065854749,-427.30144771933556,107.7440030554415,2.0,0.6859690845012665,
108000,83.17667269706726,-234.45041370391846,44.869944232892465,-0.0022597213981207175,33.564113235473634,1.3618576526641846,0.0026222504135221315,-427.30144771933556,107.7440030554415,2.0,0.6875627696514129,
112000,86.11917924880981,-219.45351719856262,34.82257029387538,-0.002271109240478841,28.80862464904785,1.4630341172218322,0.0024211247073253617,-427.30144771933556,107.7440030554415,2.0,0.6888671755790711,
116000,89.06182909011841,-230.9145987033844,51.23212454913126,-0.0014460471334071467,37.08388881683349,1.43853417634964,0.002219453845464159,-427.30144771933556,107.7440030554415,2.0,0.6831713736057281,
120000,92.02170658111572,-242.1720209121704,39.97724053321425,-0.0014575660529080991,39.83737754821777,1.4469812154769897,0.001166384620591998,-427.30144771933556,107.7440030554415,2.0,0.6817698657512665,
124000,96.42480039596558,-234.5198676586151,42.66869854670133,-0.0013963727576968843,30.744628715515137,1.4019944190979003,0.0017170058039482684,-307.87597277760506,54.99776209371632,2.0,0.6862293779850006,
128000,99.33751654624939,-249.13796043395996,38.86698650843059,-0.002481661783705924,25.145155334472655,1.3651715993881226,0.0011061154767958215,-307.87597277760506,54.99776209371632,2.0,0.6871419906616211,
132000,102.2634813785553,-241.8966453075409,44.61807095351282,-0.0014295254987665373,31.11118221282959,1.3335212230682374,0.0033499788307429614,-307.87597277760506,54.99776209371632,2.0,0.6814110517501831,
136000,105.19870257377625,-239.31157541275024,40.28442686103282,-0.002676675833179587,23.374732780456544,1.314367151260376,0.0030708537924510892,-307.87597277760506,54.99776209371632,2.0,0.6843487918376923,
140000,108.14057660102844,-241.06460523605347,48.18089593101208,-0.0005128783336258546,28.569984436035156,1.3057987689971924,0.0013927978317951784,-307.87597277760506,54.99776209371632,2.0,0.6849434196949005,
144000,111.07753777503967,-228.43336462974548,38.895939568409574,-0.0016259640958741883,34.85383930206299,1.3069709062576294,0.0007242529141173404,-307.87597277760506,54.99776209371632,2.0,0.6847355008125305,
148000,114.00214314460754,-227.856098651886,38.42603254729679,-0.00046510419169014107,34.748186874389646,1.3227414608001709,0.0018422964132623746,-307.87597277760506,54.99776209371632,2.0,0.6876734793186188,
152000,116.93803071975708,-224.65577960014343,40.879298209451,-0.0012346431630575693,38.27315559387207,1.3775914669036866,0.0025311988668593965,-307.87597277760506,54.99776209371632,2.0,0.6882957458496094,
156000,119.88282084465027,-226.18162059783936,37.34888156521697,-0.0005318052633956682,38.92068710327148,1.3520818829536438,0.002954815213161055,-307.87597277760506,54.99776209371632,2.0,0.6833276867866516,
160000,122.82787680625916,-232.61759877204895,50.753378623482575,-0.0012176518556758608,45.38939666748047,1.3218817949295043,0.00439486757727961,-307.87597277760506,54.99776209371632,2.0,0.6853081464767456,
164000,127.2263605594635,-221.28724193572998,41.98828416730854,-0.0011409532643350318,37.59879989624024,1.301687979698181,0.0014506549662910428,-253.52098140120506,59.825145240849345,2.0,0.6817655801773072,
168000,130.16209888458252,-220.40442371368408,38.18401790780935,-0.004288644741134107,27.641821670532227,1.3273121118545532,0.002813430203241296,-253.52098140120506,59.825145240849345,2.0,0.6808100640773773,
172000,133.09016251564026,-210.48155093193054,38.197285950241444,-0.0032024312867822147,44.3966064453125,1.3439086556434632,0.0018945196226995975,-253.52098140120506,59.825145240849345,2.0,0.6803427994251251,
176000,135.98758935928345,-215.01766395568848,35.85883908439187,-0.0008540991777069129,65.35493507385254,1.3615873336791993,0.005151143355760723,-253.52098140120506,59.825145240849345,2.0,0.670298844575882,
180000,138.9176425933838,-218.3697259426117,38.73462466779703,-0.0026032241889430985,49.3971134185791,1.3623719573020936,0.003049682258279063,-253.52098140120506,59.825145240849345,2.0,0.6646028518676758,
184000,141.84032201766968,-229.7098789215088,44.93786182218719,-0.0021700915532806954,41.29446868896484,1.3515875697135926,0.002361677891070335,-253.52098140120506,59.825145240849345,2.0,0.6595292627811432,
188000,144.79196405410767,-229.3218457698822,54.48106304573729,-0.0009109235087016998,61.19785118103027,1.4047755122184753,0.0024012164529413128,-253.52098140120506,59.825145240849345,2.0,0.6667264759540558,
192000,147.7486138343811,-220.73751831054688,42.19688471143801,-0.0018385899788894377,43.5656551361084,1.391762948036194,0.0011169754343427485,-253.52098140120506,59.825145240849345,2.0,0.6823539316654206,
196000,150.66587209701538,-223.64368057250977,43.71604701022597,-0.001186219952137435,44.9855094909668,1.3799716711044312,0.001105344619452353,-253.52098140120506,59.825145240849345,2.0,0.6792809009552002,
200000,153.6015031337738,-221.49224281311035,38.38297424932858,-0.003341994438436835,39.975681686401366,1.4010371088981628,0.0017797327032894827,-253.52098140120506,59.825145240849345,2.0,0.6750259041786194,
204000,157.80993461608887,-230.57649636268616,35.20521739800365,-0.003434360016603044,35.28875160217285,1.305044674873352,0.0045288778567143416,-257.65492986142635,60.18105292772638,2.0,0.6649054944515228,
208000,160.58428287506104,-230.41386103630066,45.247592292933966,-0.002179719666761315,28.697735595703126,1.313247311115265,0.0031008921680040656,-257.65492986142635,60.18105292772638,2.0,0.6679895222187042,
212000,163.3482267856598,-230.59426593780518,45.25329476822655,-0.0008987291148125464,30.265576362609863,1.3465364933013917,0.001342052406107541,-257.65492986142635,60.18105292772638,2.0,0.6720596969127655,
216000,166.10488152503967,-232.10486674308777,51.1840631643281,-0.0019788788264607725,46.976267623901364,1.3201758861541748,0.0017345597385428845,-257.65492986142635,60.18105292772638,2.0,0.6734424829483032,
220000,168.88045144081116,-221.54733896255493,35.7579858673091,-0.0026642629119256966,36.967678451538085,1.3707014560699462,0.0034310361650568668,-257.65492986142635,60.18105292772638,2.0,0.6762402474880218,
224000,171.64720678329468,-209.92218804359436,31.71728983732762,-0.0019571598062368524,37.682261848449706,1.389759397506714,0.0014913749667078591,-257.65492986142635,60.18105292772638,2.0,0.6815348744392395,
228000,174.5181438922882,-213.32666301727295,39.42273305003782,-0.0021819481214285117,45.672026824951175,1.390074861049652,0.0051626600505551455,-257.65492986142635,60.18105292772638,2.0,0.6818635165691376,
232000,177.47489285469055,-212.99886655807495,35.31211275614759,-0.0020193018583037235,49.1549690246582,1.3453174114227295,0.001051572259166278,-257.65492986142635,60.18105292772638,2.0,0.6769013345241547,
236000,180.46607446670532,-213.23361802101135,37.773008055687164,-0.0014702483391156207,40.93521156311035,1.3666062235832215,0.0019489056896418333,-257.65492986142635,60.18105292772638,2.0,0.6805379331111908,
240000,183.45545482635498,-214.77834510803223,35.247917064704524,-0.0012610798511266453,30.55500183105469,1.3009464979171752,0.004862153367139399,-257.65492986142635,60.18105292772638,2.0,0.6740936517715455,
244000,187.83126258850098,-224.67679977416992,36.454331995376016,-0.002426468446385144,22.556903648376466,1.3194331288337708,0.008227919627291469,-243.9043917953968,53.338860920186214,2.0,0.675431752204895,
248000,190.7341377735138,-228.8428452014923,39.75290982094556,-0.0013102667995845251,28.407016944885253,1.2993704080581665,0.004264391878309348,-243.9043917953968,53.338860920186214,2.0,0.670348334312439,
252000,193.67879557609558,-232.03373789787292,41.72005852010696,-0.0017208598268104503,29.074765968322755,1.2848711013793945,0.0030468649114482106,-243.9043917953968,53.338860920186214,2.0,0.6626681029796601,
256000,196.6293523311615,-228.67923092842102,37.85803757494553,0.0006053258721367527,30.66931781768799,1.2650235652923585,0.005154797749128193,-243.9043917953968,53.338860920186214,2.0,0.6463334202766419,
260000,199.54957485198975,-227.64759612083435,42.36501125632271,-0.002313199879912009,30.1078950881958,1.2825006246566772,0.004339170444291085,-243.9043917953968,53.338860920186214,2.0,0.6494066476821899,
264000,202.50313353538513,-227.69347214698792,38.100421995005384,-0.0011909933839779007,38.274429130554196,1.2532195568084716,0.0009279591700760648,-243.9043917953968,53.338860920186214,2.0,0.6454946279525757,
268000,205.45105385780334,-230.7791998386383,37.91090279484259,-0.002914699933763298,25.729217338562012,1.2916516184806823,0.005533556634327396,-243.9043917953968,53.338860920186214,2.0,0.6552022337913513,
272000,208.38880348205566,-234.77261590957642,45.946310208333024,-0.0018323440648382316,46.45094757080078,1.2891713976860046,0.003402366914631183,-243.9043917953968,53.338860920186214,2.0,0.6485015094280243,
276000,211.35382747650146,-234.4367835521698,41.75611893438094,-0.001957682336370148,31.145609283447264,1.2650201797485352,0.0039128395030274985,-243.9043917953968,53.338860920186214,2.0,0.6133860647678375,
280000,214.3185751438141,-243.15838718414307,39.05760969999764,-0.000541339784978856,27.978727912902833,1.2674379229545594,0.0029151552069621722,-243.9043917953968,53.338860920186214,2.0,0.6207710385322571,
284000,218.54167938232422,-223.70168352127075,35.57337728331284,-0.0018312127562820635,35.294165802001956,1.2600072026252747,0.004515533827361651,-263.94811257719994,50.750886078930485,2.0,0.6287454783916473,
288000,221.31823587417603,-239.03629279136658,43.09054470755066,-0.002119528257986536,34.648976707458495,1.23712158203125,0.0016286833342746831,-263.94811257719994,50.750886078930485,2.0,0.6100597977638245,
292000,224.07881116867065,-225.74714708328247,38.561621327131476,-0.0010200846403895624,26.845111656188966,1.305571401119232,0.0003712911226709137,-263.94811257719994,50.750886078930485,2.0,0.603193485736847,
296000,226.86037468910217,-227.10706663131714,41.66226104783847,-0.0019633690601719156,26.46326961517334,1.2616095066070556,0.002505277113232296,-263.94811257719994,50.750886078930485,2.0,0.6192921578884125,
300000,229.62304520606995,-222.50235795974731,38.00723466792628,2.1638500979559437e-05,29.083640098571777,1.2587891697883606,0.0033947982359677554,-263.94811257719994,50.750886078930485,2.0,0.6540419399738312,
304000,232.40629410743713,-225.8884346485138,37.508710665896174,0.00037567233144848445,36.10716571807861,1.2863487243652343,0.003996296541299671,-263.94811257719994,50.750886078930485,2.0,0.649372261762619,
308000,235.15326309204102,-220.35462284088135,43.416454514358435,-0.0014353113553273289,35.90684509277344,1.2948635816574097,0.0009018173406730057,-263.94811257719994,50.750886078930485,2.0,0.6277405977249145,
312000,237.89922428131104,-228.1095631122589,38.69216155973488,-0.0033366936656530123,25.564997100830077,1.2867349624633788,0.003490993636660278,-263.94811257719994,50.750886078930485,2.0,0.6275833308696747,
316000,240.6778061389923,-214.66077208518982,36.815952658116395,-0.0033015276807903727,28.840991020202637,1.2664786458015442,0.0034923434781376273,-263.94811257719994,50.750886078930485,2.0,0.6148227512836456,
320000,243.645920753479,-217.573401927948,41.9082772364181,-0.001507094296258099,28.564680671691896,1.2935717105865479,0.003085727640544067,-263.94811257719994,50.750886078930485,2.0,0.6304389178752899,
324000,247.93158316612244,-216.29525482654572,38.5623357856432,-0.0030482793732080184,29.383054161071776,1.225018072128296,0.005167346575763077,-225.1245411708951,43.529689812968805,2.0,0.6242365002632141,
328000,250.87321662902832,-219.83920788764954,37.72153159648621,-0.001853283242002357,32.30866451263428,1.2704788327217102,0.004308252697228454,-225.1245411708951,43.529689812968805,2.0,0.6194618105888366,
332000,253.811044216156,-222.15108346939087,41.715863020890005,-0.0026391542772762565,28.436945343017577,1.2331568002700806,0.004424973656112963,-225.1245411708951,43.529689812968805,2.0,0.5929730772972107,
336000,256.7546305656433,-217.86627531051636,37.47118171268489,-0.0020958133992778015,34.85365810394287,1.2519092917442323,0.006973360397387296,-225.1245411708951,43.529689812968805,2.0,0.595573616027832,
340000,259.6550884246826,-225.7185938358307,37.25859886293083,-0.002167981697590848,29.50081787109375,1.2641380548477172,0.0015965611966870185,-225.1245411708951,43.529689812968805,2.0,0.5991429030895233,
344000,262.6205656528473,-222.9618616104126,42.981238609211005,-0.00436457581195282,20.57887077331543,1.3048519492149353,0.005213933571940288,-225.1245411708951,43.529689812968805,2.0,0.5689428985118866,
348000,265.58026671409607,-228.6275191307068,41.45846122136412,-0.000999631719469729,26.981855964660646,1.2992097377777099,0.005869430724686664,-225.1245411708951,43.529689812968805,2.0,0.5929767966270447,
352000,268.50704073905945,-233.83062744140625,35.78930808427835,-0.00196210172153819,27.754241943359375,1.3091708540916442,0.002451309198125573,-225.1245411708951,43.529689812968805,2.0,0.5910994231700897,
356000,271.47493028640747,-220.85197615623474,42.429274442427655,-0.0017110647810623103,34.661533737182616,1.3216328740119934,0.003476608939624093,-225.1245411708951,43.529689812968805,2.0,0.5588932514190674,
360000,274.45143365859985,-228.20361757278442,45.22574116097105,-0.0013089916188327778,41.605393981933595,1.3705901861190797,0.0031913592480123042,-225.1245411708951,43.529689812968805,2.0,0.5540457189083099,
364000,278.78530406951904,-231.76251196861267,46.44376782143034,-0.000847829605666206,48.80988655090332,1.3536999583244325,0.0022276859006718384,-233.59522589296103,34.63754990213099,2.0,0.5702085077762604,
368000,281.7187237739563,-218.96181797981262,35.907658186601324,-0.0026361316208882712,29.942621612548827,1.3589901328086853,0.003198904148302972,-233.59522589296103,34.63754990213099,2.0,0.5809181272983551,
372000,284.6574592590332,-224.7105119228363,40.28556895873141,-0.0035785608995550612,31.224535942077637,1.3686465859413146,0.004941425980223968,-233.59522589296103,34.63754990213099,2.0,0.5664356708526611,
376000,287.5973687171936,-218.62891173362732,37.91701447596243,-0.002614668970384315,24.564252853393555,1.3504765391349793,0.0031764151397510433,-233.59522589296103,34.63754990213099,2.0,0.5942943334579468,
380000,290.5249285697937,-223.75052905082703,41.72483433537968,-0.003198517036313753,27.092116165161134,1.3393099188804627,0.003136474297116365,-233.59522589296103,34.63754990213099,2.0,0.5560517370700836,
384000,293.4298141002655,-209.4771535396576,35.653005093976795,-0.00176567691263827,30.645388793945312,1.3405643224716186,0.0024687315861228855,-233.59522589296103,34.63754990213099,2.0,0.5633324563503266,
388000,296.35000133514404,-210.74351286888123,44.01006028562817,-0.0008380897675717592,33.66434593200684,1.3370362877845765,0.0025090259548354423,-233.59522589296103,34.63754990213099,2.0,0.6163200557231903,
392000,299.2822048664093,-207.08638620376587,31.75447069129847,-0.003982855250826134,24.795677185058594,1.3572345495223999,0.0058710697085286425,-233.59522589296103,34.63754990213099,2.0,0.5784707009792328,
396000,302.21855640411377,-215.65330004692078,37.48469666386813,-0.0022315399711369645,35.369399833679196,1.3800612330436706,0.002416665243799798,-233.59522589296103,34.63754990213099,2.0,0.5766532123088837,
400000,305.0181465148926,-198.20754647254944,32.65303050373825,-0.002883473484466492,25.167300987243653,1.398432695865631,0.0011853311143349865,-233.59522589296103,34.63754990213099,2.0,0.5717054724693298,
404000,309.3279116153717,-211.811030626297,42.160091355045104,-0.002575338864427401,32.45857982635498,1.3561625480651855,0.0009578450639310176,-210.85543087124825,33.306288373188124,2.0,0.5549966096878052,
408000,312.2877993583679,-223.45412397384644,34.054788232997886,-0.0024478795935284126,28.216783332824708,1.3548332810401917,0.0042951749615216025,-210.85543087124825,33.306288373188124,2.0,0.5473549962043762,
412000,315.2026343345642,-216.33671283721924,35.50358622662168,-0.0028383100172892917,27.215183448791503,1.321031630039215,0.004390647314721718,-210.85543087124825,33.306288373188124,2.0,0.5503105700016022,
416000,318.1283185482025,-223.1632513999939,43.090209598502035,-0.003265086905700887,25.024773597717285,1.2846965312957763,0.0037726899492554365,-210.85543087124825,33.306288373188124,2.0,0.5088688731193542,
420000,321.0689158439636,-216.52472448349,38.286991676237875,-0.0026117705163002823,24.490991020202635,1.269363284111023,0.003537367396211888,-210.85543087124825,33.306288373188124,2.0,0.5265939593315124,
424000,324.01885509490967,-220.4529402256012,44.92698889828293,-0.0017934841419918967,29.036351203918457,1.2547537088394165,0.0026927467493806033,-210.85543087124825,33.306288373188124,2.0,0.506757938861847,
428000,326.9743564128876,-221.35611081123352,36.186580237398786,-0.003387065915002907,22.765795516967774,1.24621741771698,0.002686507926773629,-210.85543087124825,33.306288373188124,2.0,0.5195520937442779,
432000,329.92582511901855,-231.0955548286438,42.72216008696671,-0.0018504921592151114,31.386458015441896,1.2094290852546692,0.004014707860614486,-210.85543087124825,33.306288373188124,2.0,0.49193291962146757,
436000,332.8293421268463,-223.9366682767868,42.98207544818922,-0.0024627391149988575,21.223868942260744,1.1582008242607116,0.004113836177935204,-210.85543087124825,33.306288373188124,2.0,0.5309281706809997,
440000,335.8220925331116,-224.6565601825714,42.35739298495679,-0.0010424006722459466,32.8594367980957,1.1720151424407959,0.0030374689493328335,-210.85543087124825,33.306288373188124,2.0,0.543783676624298,
444000,340.15843200683594,-217.46791887283325,37.23746637555146,-0.001948502036539157,24.29419689178467,1.1785633206367492,0.005571102909743786,-219.10418452322483,45.06735152361964,2.0,0.5754109740257263,
448000,343.1083507537842,-221.1073558330536,37.45742009531556,-0.0018167248702617655,23.952915000915528,1.153985047340393,0.0036963511190842846,-219.10418452322483,45.06735152361964,2.0,0.5417769491672516,
452000,345.9310853481293,-226.34188795089722,41.417546578354305,-0.0025681349699540725,23.61976776123047,1.1542304873466491,0.002303690434118222,-219.10418452322483,45.06735152361964,2.0,0.5362556517124176,
456000,348.7037024497986,-233.57429480552673,40.99930587493217,-0.002904864872922275,21.431346893310547,1.153986668586731,0.006187133688945324,-219.10418452322483,45.06735152361964,2.0,0.5607569873332977,
460000,351.48295187950134,-225.68029856681824,38.64447867052762,-0.004411965030633525,20.37325973510742,1.167148721218109,0.007093701709527523,-219.10418452322483,45.06735152361964,2.0,0.5697691321372986,
464000,354.2581286430359,-221.49165678024292,39.21080922315577,-0.0026407996035413992,26.58024654388428,1.1486040472984314,0.002289513376308605,-219.10418452322483,45.06735152361964,2.0,0.47867257595062257,
468000,357.0592634677887,-215.9305853843689,38.78868657055236,-0.003063558970403335,20.709803771972656,1.1712251901626587,0.004777353623649105,-219.10418452322483,45.06735152361964,2.0,0.5552207350730896,
472000,359.9076566696167,-221.1851761341095,40.169042748482454,-0.0025587342788544023,20.725839614868164,1.0873033285140992,0.0012905295880045742,-219.10418452322483,45.06735152361964,2.0,0.5297017753124237,
476000,362.721720457077,-221.81298089027405,44.884912493059495,-0.004120210738348185,23.50660514831543,1.119274878501892,0.005052900110604242,-219.10418452322483,45.06735152361964,2.0,0.5395642459392548,
480000,365.68066477775574,-215.41313910484314,36.095179500227275,-0.0024549439687980624,28.63271427154541,1.1049326300621032,0.004501654263003729,-219.10418452322483,45.06735152361964,2.0,0.5534787595272064,
484000,369.97745847702026,-215.71966886520386,32.190684314883484,-0.0036732907843155084,13.684401035308838,1.1301567077636718,0.0038695776566552765,-226.07182283699512,44.14662030277213,2.0,0.5464716017246246,
488000,372.9772160053253,-212.55257415771484,33.29385948405978,-0.0014504318478479662,18.26101942062378,1.1260414481163026,0.004435472116650407,-226.07182283699512,44.14662030277213,2.0,0.5409245669841767,
492000,375.929007768631,-225.4245662689209,37.98889070556206,-0.0025001094673061885,19.988067436218262,1.0774057626724243,0.0025744056599214748,-226.07182283699512,44.14662030277213,2.0,0.534567940235138,
496000,378.8779673576355,-218.34108448028564,29.873086419424276,-0.0032853503493825544,18.557665061950683,1.0650145769119264,0.004768885025987402,-226.07182283699512,44.14662030277213,2.0,0.4627398163080215,
500000,381.82889795303345,-218.94776010513306,43.42460298591827,-0.0026890222606792413,23.240840911865234,1.0962277412414552,0.00291941600820671,-226.07182283699512,44.14662030277213,2.0,0.41954337656497953,
504000,384.69095039367676,-228.6130211353302,42.466058789999,-0.00344653069313301,29.093131065368652,1.1391894340515136,0.002695700582989957,-226.07182283699512,44.14662030277213,2.0,0.4835559666156769,
508000,387.48698592185974,-219.477148771286,39.11196877379455,-0.0036152518371818767,26.141478729248046,1.0534221291542054,0.007456411323199674,-226.07182283699512,44.14662030277213,2.0,0.47923443615436556,
512000,390.34014534950256,-219.8714783191681,45.236251774101376,-0.0032885176239845215,21.11663684844971,1.115288245677948,0.0032700500480132176,-226.07182283699512,44.14662030277213,2.0,0.43923563957214357,
516000,393.27756786346436,-218.23822832107544,36.190278058724715,-0.002311197288324696,22.659323120117186,1.1750528931617736,0.0016451393021270633,-226.07182283699512,44.14662030277213,2.0,0.46025730967521666,
520000,396.0765995979309,-220.99827337265015,30.67965318893958,-0.003560170582146327,15.926206111907959,1.1894233465194701,0.0034122560346343867,-226.07182283699512,44.14662030277213,2.0,0.5102190732955932,
524000,400.2861967086792,-224.78070902824402,28.32398746832575,-0.004478640033135894,12.980217838287354,1.197198498249054,0.003798332731811893,-239.92934761941433,53.66694347365818,2.0,0.48736635148525237,
528000,403.23561692237854,-230.86549615859985,36.4575220690493,-0.003662372634358091,17.534178447723388,1.1556113600730895,0.0036118954623816533,-239.92934761941433,53.66694347365818,2.0,0.48924909234046937,
532000,406.1978187561035,-239.1630163192749,37.87353460425835,-0.0031263473487536777,23.40774631500244,1.10710209608078,0.00690854349297782,-239.92934761941433,53.66694347365818,2.0,0.4631170451641083,
536000,409.1490557193756,-232.93881487846375,35.31377483633647,-0.004259036938038996,16.291719818115233,1.1207037448883057,0.0037711567782292565,-239.92934761941433,53.66694347365818,2.0,0.4470614820718765,
540000,412.08589720726013,-230.23814725875854,38.73237809008977,-0.0032137473045926067,16.986550998687743,1.1226117491722107,0.003976871259510517,-239.92934761941433,53.66694347365818,2.0,0.4259858012199402,
544000,415.0148651599884,-230.99638485908508,32.26525652370068,-0.003920428936835396,18.947346687316895,1.1285784006118775,0.004272237664554268,-239.92934761941433,53.66694347365818,2.0,0.4508186995983124,
548000,417.94772458076477,-233.2075366973877,42.35579434358378,-0.0013232256469878577,22.998140716552733,1.0794002056121825,0.0011298803843480254,-239.92934761941433,53.66694347365818,2.0,0.3963554322719574,
552000,420.9109933376312,-219.89667749404907,37.12172545099056,-0.0038560530866961875,14.833156776428222,1.134172534942627,0.0020775351629708895,-239.92934761941433,53.66694347365818,2.0,0.40517224073410035,
556000,423.85208439826965,-226.49565887451172,34.91234736944998,-0.0026612654553415773,19.8201696395874,1.1268412590026855,0.003660014057842398,-239.92934761941433,53.66694347365818,2.0,0.4388437867164612,
560000,426.77235102653503,-227.18099856376648,36.1009183449535,-0.0018560646940726012,16.088596439361574,1.1837664484977721,0.0034961362835019827,-239.92934761941433,53.66694347365818,2.0,0.4387740820646286,
564000,431.015460729599,-222.17977476119995,40.69193635476622,-0.0022878384859456704,23.370722770690918,1.194395613670349,0.0032809907861519605,-231.90658524632454,36.147846012016295,2.0,0.4599104017019272,
568000,433.95440316200256,-215.12814831733704,31.09781744245991,-0.0032937323528652307,18.8850456237793,1.138236439228058,0.007066717848647386,-231.90658524632454,36.147846012016295,2.0,0.46107411980628965,
572000,436.8884949684143,-218.19011235237122,33.94973123739678,-0.00362214635353304,17.936485004425048,1.152979803085327,0.0016552697925362736,-231.90658524632454,36.147846012016295,2.0,0.4435973703861237,
576000,439.7986538410187,-227.1148715019226,31.8235243476608,-0.0015098981662401202,20.485348320007326,1.0963720083236694,0.0028117076435592026,-231.90658524632454,36.147846012016295,2.0,0.41645002365112305,
580000,442.7071316242218,-214.3339262008667,36.910553161981916,-0.003969102957285919,14.38466854095459,1.1609709978103637,0.002933286887127906,-231.90658524632454,36.147846012016295,2.0,0.44724707007408143,
584000,445.63492226600647,-214.6036331653595,45.0635533521844,-0.004915959748478293,19.01471118927002,1.1763596892356873,0.004066134933964349,-231.90658524632454,36.147846012016295,2.0,0.4302346080541611,
588000,448.5634722709656,-215.9959831237793,40.18483413067293,-0.0031845415096031448,21.25959873199463,1.2464678764343262,0.00473203978035599,-231.90658524632454,36.147846012016295,2.0,0.47410241365432737,
592000,451.49014711380005,-212.1144871711731,38.077146459389425,-0.00461147776075328,13.301519203186036,1.1597713232040405,0.003919196542847203,-231.90658524632454,36.147846012016295,2.0,0.4592781811952591,
596000,454.42582607269287,-224.2971966266632,37.27669740565394,-0.0030313198150445863,14.163540363311768,1.100524127483368,0.0029903790098614992,-231.90658524632454,36.147846012016295,2.0,0.45111902952194216,
600000,457.32577896118164,-227.32584428787231,36.0634711770041,-0.0020309081477656752,17.03352756500244,1.0996193766593934,0.0010904320908593946,-231.90658524632454,36.147846012016295,2.0,0.4286148875951767,
604000,461.5545771121979,-232.89824199676514,40.80362685091108,-0.003144829513005476,16.707598781585695,1.0677195549011231,0.0023467092367354782,-244.10684011876583,54.647414368672095,2.0,0.41694914400577543,
608000,464.54117345809937,-220.59189534187317,39.45308004020438,-0.002807668578908018,15.398849868774414,1.0298870086669922,0.005802276369339476,-244.10684011876583,54.647414368672095,2.0,0.4187434405088425,
612000,467.5109910964966,-222.25762462615967,44.67139763702705,-0.0022230723682927335,25.251140594482422,1.0161452293395996,0.003848252084571868,-244.10684011876583,54.647414368672095,2.0,0.4356389373540878,
616000,470.4506051540375,-225.37295413017273,41.73664728115801,-0.002794456551394653,21.212325668334962,1.0172565937042237,0.006121585771286253,-244.10684011876583,54.647414368672095,2.0,0.4162222921848297,
620000,473.41458916664124,-228.28186225891113,42.01580760771229,-0.005099619539260569,16.934971809387207,1.0635430097579956,0.005479833538993261,-244.10684011876583,54.647414368672095,2.0,0.4509330093860626,
624000,476.2767105102539,-219.1979899406433,41.69361043026755,-0.003205791367140343,25.199282455444337,0.9975808441638947,0.003943983616579017,-244.10684011876583,54.647414368672095,2.0,0.39629276692867277,
628000,479.0261404514313,-220.90632510185242,33.91794357978631,-0.003682425062909367,15.282143783569335,0.9172077357769013,0.005660058409906932,-244.10684011876583,54.647414368672095,2.0,0.4304021716117859,
632000,481.8011589050293,-221.09924268722534,35.84353912278348,-0.0033287715578529387,14.618024444580078,0.9874642312526702,0.0033988234384645156,-244.10684011876583,54.647414368672095,2.0,0.4192346453666687,
636000,484.61074352264404,-224.95108437538147,35.39083512277985,-0.0034649683685275432,13.915832901000977,0.929244875907898,0.002828130323905498,-244.10684011876583,54.647414368672095,2.0,0.4434888571500778,
640000,487.5625419616699,-233.42669248580933,43.161484320212715,-0.004523070263327078,13.822935485839844,1.002411949634552,0.00489885606803,-244.10684011876583,54.647414368672095,2.0,0.43759571611881254,
644000,491.82657265663147,-227.86575293540955,44.97095936169734,-0.0026212129331264046,17.617664051055907,0.9768302023410798,0.0035598807792024067,-225.4418649971485,41.78917431947277,2.0,0.4266778498888016,
648000,494.7723882198334,-227.40455627441406,32.48245697208825,-0.003997730980666048,13.45377254486084,0.9812916934490203,0.00309288014927491,-225.4418649971485,41.78917431947277,2.0,0.40204892456531527,
652000,497.6964876651764,-222.45494604110718,42.73289636571611,-0.0024483931263093784,18.61619806289673,0.9753441452980042,0.003692837851122022,-225.4418649971485,41.78917431947277,2.0,0.4144437342882156,
656000,500.61538076400757,-232.6013035774231,39.009177442837846,-0.0015660362822043083,21.035941696166994,1.0535602569580078,0.0016646387550281361,-225.4418649971485,41.78917431947277,2.0,0.4331264466047287,
660000,503.5147292613983,-218.47909569740295,32.541289697417454,-0.005062378298219627,14.416135120391846,1.0379842042922973,0.0071012445515952986,-225.4418649971485,41.78917431947277,2.0,0.4284083336591721,
664000,506.423948764801,-221.86536955833435,37.19918507978729,-0.004240080936842183,9.825551223754882,1.0507207751274108,0.005211588100064546,-225.4418649971485,41.78917431947277,2.0,0.4343797445297241,
668000,509.3481228351593,-220.72343397140503,33.81181902127331,-0.004545121262121654,12.525536632537841,1.0660404920578004,0.003986773716576864,-225.4418649971485,41.78917431947277,2.0,0.39890033602714536,
672000,512.2475490570068,-226.75154781341553,36.74783750730286,-0.0038778513294333906,18.93987455368042,1.0117613434791566,0.00738867613254115,-225.4418649971485,41.78917431947277,2.0,0.42140665650367737,
676000,515.2261514663696,-219.14671635627747,35.958007888134915,-0.00457449046902667,12.364489936828614,1.010241985321045,0.004703399815480225,-225.4418649971485,41.78917431947277,2.0,0.3998525857925415,
680000,518.1219234466553,-222.677396774292,35.554437644725915,-0.004614076723267057,14.660922527313232,0.9864351689815521,0.0034404071629978716,-225.4418649971485,41.78917431947277,2.0,0.38917320072650907,
684000,522.3443586826324,-224.29691696166992,35.066773414992646,-0.0027399669390094196,13.98323678970337,0.9963913202285767,0.0030205421837357083,-230.29895164072514,40.20816082692341,2.0,0.3799497872591019,
688000,525.286158323288,-235.02333068847656,41.1539820933251,-0.0016718487652639558,22.89098777770996,1.02253258228302,0.005590882412157949,-230.29895164072514,40.20816082692341,2.0,0.3705497711896896,
692000,528.2210047245026,-221.446213722229,35.65223415532544,-0.005592359244357681,14.367082118988037,1.012703788280487,0.006606802844597648,-230.29895164072514,40.20816082692341,2.0,0.41841537952423097,
696000,531.1618459224701,-216.0169689655304,35.226369597234225,-0.004461681126578121,15.225100135803222,1.030450451374054,0.0022184380868566222,-230.29895164072514,40.20816082692341,2.0,0.39434240460395814,
700000,534.0942261219025,-226.51906514167786,37.17276044525679,-0.0031719033500994696,20.243635749816896,1.0170692801475525,0.003376255470832501,-230.29895164072514,40.20816082692341,2.0,0.35590011179447173,
704000,537.0456488132477,-214.42211437225342,32.3786867303463,-0.003973073513790481,14.06497507095337,1.0324780106544496,0.006275256414664909,-230.29895164072514,40.20816082692341,2.0,0.37729146480560305,
708000,539.9839339256287,-214.70126914978027,37.09390445464432,-0.0046095300079323385,14.220565700531006,1.0468031406402587,0.004763131725485437,-230.29895164072514,40.20816082692341,2.0,0.37064134180545805,
712000,542.9032390117645,-213.6614112854004,33.02422045995629,-0.004167308358320377,17.160704803466796,1.0473647475242616,0.004298263901728205,-230.29895164072514,40.20816082692341,2.0,0.38799436688423156,
716000,545.8573267459869,-215.1047031879425,33.794681911497875,-0.0032353362760428883,15.971511077880859,1.0307929158210754,0.00282359699734176,-230.29895164072514,40.20816082692341,2.0,0.3355096787214279,
720000,548.8159401416779,-222.71000027656555,35.517791718119646,-0.0030319197007727004,20.02269630432129,1.021115481853485,0.0028187306098795186,-230.29895164072514,40.20816082692341,2.0,0.32865617275238035,
724000,553.0629291534424,-205.07381415367126,37.029484616860806,-0.005846986798259124,12.920182609558106,1.0241666436195374,0.0057293002708320275,-216.84703505039215,31.22365025474705,2.0,0.36830303966999056,
728000,555.9965562820435,-203.356130361557,32.81214704458785,-0.005654718538591019,12.919959926605225,1.0030078649520875,0.0037424213951453567,-216.84703505039215,31.22365025474705,2.0,0.35713143050670626,
732000,558.9412086009979,-217.57392692565918,32.27991198330372,-0.004751477262315618,11.84253625869751,1.0441356539726256,0.0034570758961199434,-216.84703505039215,31.22365025474705,2.0,0.37297038435935975,
736000,561.8794565200806,-214.52761578559875,37.16490027122195,-0.004180689670766391,20.2537410736084,1.0125165104866027,0.002858753758482635,-216.84703505039215,31.22365025474705,2.0,0.38559062480926515,
740000,564.8161354064941,-207.31210064888,37.31978736070555,-0.00389452688694778,19.327719497680665,1.047819697856903,0.0047711503109894695,-216.84703505039215,31.22365025474705,2.0,0.37417389154434205,
744000,567.7570044994354,-212.15554821491241,40.038472367782205,-0.003277920880267615,21.08463954925537,0.9960706412792206,0.004186212052862781,-216.84703505039215,31.22365025474705,2.0,0.33489575386047366,
748000,570.6957488059998,-210.30526876449585,37.16914902883053,-0.0041721535056906235,12.037511730194092,0.9802356243133545,0.00321308816507615,-216.84703505039215,31.22365025474705,2.0,0.3347209393978119,
752000,573.6454417705536,-213.48514342308044,30.404871279110377,-0.005760555571565984,10.715022468566895,0.9368450939655304,0.007521792269622285,-216.84703505039215,31.22365025474705,2.0,0.30245451629161835,
756000,576.5777387619019,-213.58000707626343,34.51955694805446,-0.003683676894521426,15.508391284942627,0.9468053817749024,0.0066131980718734384,-216.84703505039215,31.22365025474705,2.0,0.3191054344177246,
760000,579.488541841507,-210.14279174804688,33.42252932956483,-0.004901210823349799,11.287358283996582,0.8752488017082214,0.005691075983767724,-216.84703505039215,31.22365025474705,2.0,0.32075701653957367,
764000,583.7155375480652,-214.5493357181549,37.37282692834677,-0.002866442497664501,17.53334140777588,0.9278694272041321,0.0029170851259550544,-224.46791940182447,48.23079286393473,2.0,0.30268654227256775,
768000,586.6727211475372,-217.17492747306824,37.02366306608757,-0.0038009096033250313,14.738937282562256,0.8784073710441589,0.002726706328394357,-224.46791940182447,48.23079286393473,2.0,0.3156043738126755,
772000,589.6065340042114,-219.6768443584442,36.39199738179499,-0.0038033249302146356,15.12818946838379,0.874791431427002,0.004195555455614041,-224.46791940182447,48.23079286393473,2.0,0.30069243013858793,
776000,592.5288639068604,-215.2753565311432,36.92435218277384,-0.0034952032560637393,14.122448444366455,0.939030647277832,0.006011185899842531,-224.46791940182447,48.23079286393473,2.0,0.30234945714473727,
780000,595.4571437835693,-211.81544470787048,33.468145504613666,-0.0032568417697524054,16.39398326873779,0.9654887437820434,0.005893497600841025,-224.46791940182447,48.23079286393473,2.0,0.33656094670295716,
784000,598.3779232501984,-207.96650409698486,39.16746392422389,-0.0035544800562202104,21.75166721343994,1.0005533397197723,0.0034340661628715187,-224.46791940182447,48.23079286393473,2.0,0.3293056070804596,
788000,601.3100228309631,-201.17961823940277,37.74098875713369,-0.004525317945672835,16.945270824432374,1.0373982071876526,0.00379156464478001,-224.46791940182447,48.23079286393473,2.0,0.3309525787830353,
792000,604.2459926605225,-206.16471552848816,33.73922353622308,-0.0036294813579491603,15.625286197662353,1.0251090049743652,0.004658288074890151,-224.46791940182447,48.23079286393473,2.0,0.31505095064640043,
796000,607.1352570056915,-205.4774980545044,30.10667405367825,-0.003520244429896913,13.54010066986084,1.052539348602295,0.0026284194478648714,-224.46791940182447,48.23079286393473,2.0,0.3049843907356262,
800000,610.101083278656,-203.05070161819458,31.302615382288,-0.003218069767269016,19.647311305999757,1.0533250212669372,0.006158410959721855,-224.46791940182447,48.23079286393473,2.0,0.305297264456749,
804000,614.3726124763489,-212.00980377197266,37.59171545974519,-0.005073157505365078,17.181810474395753,1.0231856107711792,0.0030503199528126744,-216.84599848091602,37.36027330390449,2.0,0.3005488127470016,
808000,617.1636264324188,-211.84793400764465,32.27609399982396,-0.004571653346104298,18.310079765319824,1.034090483188629,0.0030671422806335612,-216.84599848091602,37.36027330390449,2.0,0.2901763588190079,
812000,619.9405319690704,-210.1989517211914,42.95554597081623,-0.003264740231020058,16.90026092529297,0.985733562707901,0.0030169795129913837,-216.84599848091602,37.36027330390449,2.0,0.27731049358844756,
816000,622.7230031490326,-208.5434296131134,31.824915024956717,-0.004416250666137778,17.835522842407226,0.9584629118442536,0.0043420567526482046,-216.84599848091602,37.36027330390449,2.0,0.3160487532615662,
820000,625.5006647109985,-211.45840883255005,38.52477993466844,-0.0034093563142620687,15.586808490753175,0.9500987708568573,0.0018273879463085896,-216.84599848091602,37.36027330390449,2.0,0.28789645731449126,
824000,628.4357621669769,-206.99281454086304,32.538731192473385,-0.004148614371855164,14.86645221710205,0.9331954538822174,0.0027800625743111596,-216.84599848091602,37.36027330390449,2.0,0.283302441239357,
828000,631.3707602024078,-201.81152307987213,32.32997504783948,-0.004303903534232312,19.100941276550294,0.9092737257480621,0.003580370036070235,-216.84599848091602,37.36027330390449,2.0,0.3287499338388443,
832000,634.2602393627167,-199.81475687026978,34.56364690998375,-0.004583131831294551,14.61145601272583,0.8914810836315155,0.007311608002055436,-216.84599848091602,37.36027330390449,2.0,0.31837258040905,
836000,637.222042798996,-206.7754945755005,39.62325250792924,-0.0037837718309988943,18.585549354553223,0.8933281004428864,0.006009522930408529,-216.84599848091602,37.36027330390449,2.0,0.3132432699203491,
840000,640.1596133708954,-210.2461977005005,38.389297997799474,-0.006081474860043556,19.544263935089113,0.8856201171875,0.0068736431309953435,-216.84599848091602,37.36027330390449,2.0,0.3019238919019699,
844000,644.2841339111328,-208.82259714603424,34.982690355639654,-0.00401501163452247,16.195489597320556,0.8773152232170105,0.0018354313444888248,-216.25350841879845,33.19688917079381,2.0,0.25872902572155,
848000,647.0557045936584,-207.0896029472351,32.45409496284064,-0.004699851048644632,10.391452550888062,0.844443142414093,0.006114685325883329,-216.25350841879845,33.19688917079381,2.0,0.24095122516155243,
852000,649.8381090164185,-205.66990876197815,37.703827582519416,-0.002631902400404229,19.21174955368042,0.9083048582077027,0.002569380746320049,-216.25350841879845,33.19688917079381,2.0,0.280131658911705,
856000,652.6057496070862,-215.15710771083832,35.08099144971539,-0.003550144580532333,15.2250732421875,0.8769300699234008,0.002283747836714589,-216.25350841879845,33.19688917079381,2.0,0.2598536550998688,
860000,655.4029505252838,-206.88843715190887,36.59697815720564,-0.003838181045604827,21.87287845611572,0.928727662563324,0.0032522476554537882,-216.25350841879845,33.19688917079381,2.0,0.259729278087616,
864000,658.193354845047,-203.9249804019928,37.92301625976527,-0.0033779588113926895,16.91629343032837,0.9171544373035431,0.004901255306322128,-216.25350841879845,33.19688917079381,2.0,0.2758124977350235,
868000,660.9640572071075,-203.13395738601685,29.516514993285192,-0.004391766337716696,16.1737154006958,0.9263237714767456,0.004620189148622255,-216.25350841879845,33.19688917079381,2.0,0.28359871208667753,
872000,663.7398583889008,-211.77376437187195,37.55495740309671,-0.005443833661653663,15.646418190002441,0.8966727316379547,0.004778795690799598,-216.25350841879845,33.19688917079381,2.0,0.262104994058609,
876000,666.5186419487,-214.85015988349915,29.59302187770946,-0.005494385796754308,10.028233242034911,0.8760517656803131,0.006615078503188432,-216.25350841879845,33.19688917079381,2.0,0.27544830441474916,
880000,669.3086931705475,-219.1625692844391,34.851596207511044,-0.004048392552579272,16.621342754364015,0.8651395499706268,0.003219652094024544,-216.25350841879845,33.19688917079381,2.0,0.2884631037712097,
884000,673.3860392570496,-207.37133765220642,35.809027601249014,-0.003291732471048192,16.105466079711913,0.8461899638175965,0.00520029060092444,-209.98540402948856,32.726226528125494,2.0,0.2937059670686722,
888000,676.192615032196,-201.3686649799347,30.487684200298506,-0.0057641160586693555,12.400035190582276,0.8361469805240631,0.004634931448614221,-209.98540402948856,32.726226528125494,2.0,0.24197955429553986,
892000,678.980103969574,-213.81586861610413,38.48441791038207,-0.004795506591054943,15.981071853637696,0.7980310916900635,0.0036154864087390324,-209.98540402948856,32.726226528125494,2.0,0.24426068663597106,
896000,681.7643711566925,-215.42741179466248,40.25475463826504,-0.006001146319943173,15.049888038635254,0.8585142076015473,0.0019263966831300828,-209.98540402948856,32.726226528125494,2.0,0.2539704978466034,
900000,684.5438675880432,-207.87050342559814,39.29587488737138,-0.004937879933742817,14.024228477478028,0.8080796599388123,0.0037148701237650432,-209.98540402948856,32.726226528125494,2.0,0.24959346950054168,
904000,687.4150240421295,-213.6994080543518,39.22692898060904,-0.004385453368556558,15.628127002716065,0.8326948702335357,0.0038181252747308434,-209.98540402948856,32.726226528125494,2.0,0.2654094934463501,
908000,690.2952263355255,-209.5170111656189,32.99474502961409,-0.0046530540880048935,18.62057046890259,0.8871273100376129,0.003262569513753988,-209.98540402948856,32.726226528125494,2.0,0.2927077293395996,
912000,693.2193739414215,-202.33435344696045,37.3531281972143,-0.00627410727320239,13.350890636444092,0.8938568353652954,0.008949351447712006,-209.98540402948856,32.726226528125494,2.0,0.29609685838222505,
916000,696.1672768592834,-206.52676653862,36.34889112393292,-0.005336048425175255,13.521186351776123,0.8739898681640625,0.008208852622192352,-209.98540402948856,32.726226528125494,2.0,0.30656386017799375,
920000,699.1313726902008,-211.43733310699463,33.07895994402073,-0.004752502167519801,14.572957038879395,0.8509857416152954,0.0048021522059571,-209.98540402948856,32.726226528125494,2.0,0.28853934705257417,
924000,703.3629999160767,-208.36143445968628,32.660811594917426,-0.005092659286068191,15.357019138336181,0.8258652210235595,0.0027234781155712094,-214.66954757273197,45.394742322625916,2.0,0.28839133083820345,
928000,706.3009879589081,-211.19742798805237,47.48680942478031,-0.003428838186004768,17.82911834716797,0.7895717918872833,0.004128022971892897,-214.66954757273197,45.394742322625916,2.0,0.23503737449645995,
932000,709.0785067081451,-217.4264178276062,40.07088395155642,-0.0041857161227768945,23.745327949523926,0.8274802446365357,0.003624341828889266,-214.66954757273197,45.394742322625916,2.0,0.26902552843093874,
936000,711.8628296852112,-219.64782047271729,40.200437984374226,-0.0028058296650046886,20.138117027282714,0.7764167785644531,0.003770272684729825,-214.66954757273197,45.394742322625916,2.0,0.25875731408596037,
940000,714.6174817085266,-221.9049892425537,35.07384737195092,-0.004875526872541114,12.69348955154419,0.754879504442215,0.004454125684996457,-214.66954757273197,45.394742322625916,2.0,0.2554582417011261,
944000,717.3878726959229,-217.56715416908264,35.20661149483405,-0.004663769441811993,17.59195747375488,0.7605365633964538,0.005741160672313228,-214.66954757273197,45.394742322625916,2.0,0.24803002625703813,
948000,720.1688640117645,-217.95483446121216,38.5341119166822,-0.0040939241785867605,16.14705810546875,0.8031747341156006,0.0034000400321868795,-214.66954757273197,45.394742322625916,2.0,0.26235747933387754,
952000,722.946270942688,-214.3389332294464,36.72358730944653,-0.004357785314282658,16.726356792449952,0.7557421445846557,0.004686266503102776,-214.66954757273197,45.394742322625916,2.0,0.2570751368999481,
956000,725.7037165164948,-224.74265098571777,31.610062489802488,-0.005497217310126867,13.296853923797608,0.7167198657989502,0.007318481872789562,-214.66954757273197,45.394742322625916,2.0,0.254211837053299,
960000,728.5539572238922,-223.15628266334534,38.9183357128492,-0.005434132577812711,16.463770389556885,0.7450431704521179,0.003123633692322425,-214.66954757273197,45.394742322625916,2.0,0.2864815086126328,
964000,732.7916703224182,-218.195862531662,47.55557565145341,-0.0051236775085174106,19.54334783554077,0.7454714596271514,0.005083021084855676,-229.78820921480656,59.61549077477207,2.0,0.2927515089511871,
968000,735.7620389461517,-215.98848712444305,42.33280694154517,-0.006030596303598301,16.371907711029053,0.7578464269638061,0.006044643244240433,-229.78820921480656,59.61549077477207,2.0,0.2768353074789047,
972000,738.7512052059174,-209.21888780593872,28.692116919216225,-0.005432375247667864,10.499017715454102,0.7202294051647187,0.006661009458126499,-229.78820921480656,59.61549077477207,2.0,0.2916364073753357,
976000,741.684996843338,-216.82114171981812,35.401025715517335,-0.003928768530720816,17.53523540496826,0.7653332948684692,0.006507285474799574,-229.78820921480656,59.61549077477207,2.0,0.21887197941541672,
980000,744.6450364589691,-210.3125147819519,40.59680241178685,-0.004411836928028301,20.65824451446533,0.7195376992225647,0.006866159389726833,-229.78820921480656,59.61549077477207,2.0,0.23826240450143815,
984000,747.6041610240936,-209.40992999076843,34.37063258183221,-0.0061176870148628385,12.37524471282959,0.7210961282253265,0.006505665148142725,-229.78820921480656,59.61549077477207,2.0,0.24182173013687133,
988000,750.5326099395752,-212.7837052345276,40.58814560804341,-0.0036971421915417135,17.253412818908693,0.7158841967582703,0.00729864646709757,-229.78820921480656,59.61549077477207,2.0,0.20294362008571626,
992000,753.4397308826447,-210.9392626285553,40.12319525582308,-0.003736948365170889,15.92805757522583,0.7520368874073029,0.00337290454772301,-229.78820921480656,59.61549077477207,2.0,0.24235956221818925,
996000,756.3697407245636,-210.79229831695557,29.85512863918617,-0.00474789963088309,13.57348175048828,0.7526988863945008,0.00473132368014193,-229.78820921480656,59.61549077477207,2.0,0.23628170043230057,
1000000,759.3290040493011,-211.615394115448,41.113943547927846,-0.006692663243195706,15.49939947128296,0.7514880001544952,0.005688864741629612,-229.78820921480656,59.61549077477207,2.0,0.24337845295667648,
1004000,763.5215423107147,-215.37723517417908,35.142273173767215,-0.005947431088890909,12.54050807952881,0.7341431319713593,0.004335359092510771,-221.404048204422,41.88468209034894,2.0,0.24996820390224456,
1008000,766.4737234115601,-202.44102823734283,34.34480682263577,-0.004392484791964968,13.999256610870361,0.7447112917900085,0.0050383976493030835,-221.404048204422,41.88468209034894,2.0,0.23672086000442505,
1012000,769.4557404518127,-206.29563903808594,36.38187720781583,-0.004985221661239159,14.486801719665527,0.7545294642448426,0.010277881589718162,-221.404048204422,41.88468209034894,2.0,0.25426038205623624,
1016000,772.4005091190338,-200.58908104896545,30.555008702061293,-0.008064878581247025,15.455581855773925,0.7976642549037933,0.006980264202138642,-221.404048204422,41.88468209034894,2.0,0.23885513097047806,
1020000,775.3525884151459,-210.8776032924652,37.197222405696124,-0.0027728422411019693,18.180002975463868,0.76134392619133,0.006016216810559883,-221.404048204422,41.88468209034894,2.0,0.24787594974040986,
1024000,778.2980909347534,-207.24595999717712,33.79970723491706,-0.006082518315485985,27.701869773864747,0.788689249753952,0.005335491162259132,-221.404048204422,41.88468209034894,2.0,0.2722851991653442,
1028000,781.2602813243866,-199.1492955684662,39.31302670659061,-0.004853039464525288,18.712828731536867,0.7743956506252289,0.0055210287362569945,-221.404048204422,41.88468209034894,2.0,0.23647956997156144,
1032000,784.2166674137115,-200.16519927978516,40.509711626516165,-0.004921805849686845,20.026733779907225,0.7790330052375793,0.008608455320820241,-221.404048204422,41.88468209034894,2.0,0.2847506135702133,
1036000,787.1433892250061,-192.51351010799408,33.710399286446645,-0.005428201678752309,23.135648727416992,0.7866632461547851,0.00521933964046184,-221.404048204422,41.88468209034894,2.0,0.2545549273490906,
1040000,790.0168242454529,-206.29005646705627,35.849812934519036,-0.005062593820427263,15.06623878479004,0.7550095856189728,0.005265103737474419,-221.404048204422,41.88468209034894,2.0,0.2552031636238098,
1044000,794.2317214012146,-202.8880386352539,39.4568501487926,-0.0054440612896190285,23.287672805786134,0.8118798851966857,0.0025476488654191274,-203.42748042941093,40.51534248207237,2.0,0.24736038744449615,
1048000,797.1766450405121,-198.19979858398438,31.911568117928482,-0.004163921433733719,21.1347749710083,0.7949961006641388,0.0031961293747105324,-203.42748042941093,40.51534248207237,2.0,0.29124720990657804,
1052000,800.1138162612915,-199.78350281715393,37.65397662772053,-0.005226133528475963,21.367440605163573,0.7986409306526184,0.004335281494422816,-203.42748042941093,40.51534248207237,2.0,0.2921077758073807,
1056000,803.0390684604645,-200.40974140167236,35.51732449535403,-0.005493719134246922,14.420292282104493,0.7685064435005188,0.002946658343891613,-203.42748042941093,40.51534248207237,2.0,0.25438743829727173,
1060000,805.9665081501007,-196.63679373264313,42.4295268581458,-0.00459175373769054,21.013691902160645,0.7646517097949982,0.0040874530037399385,-203.42748042941093,40.51534248207237,2.0,0.2715264052152634,
1064000,808.8760576248169,-197.60866594314575,32.00658583597542,-0.0046039700692829975,20.64742488861084,0.6859988510608673,0.0060630315725575205,-203.42748042941093,40.51534248207237,2.0,0.2966742843389511,
1068000,811.8184049129486,-211.7097990512848,32.040170278806926,-0.005258596042403951,21.280156135559082,0.6981580913066864,0.006026353581575683,-203.42748042941093,40.51534248207237,2.0,0.2545439422130585,
1072000,814.7405960559845,-200.8348948955536,30.019716614434696,-0.0036565245230061106,22.193450355529784,0.6838254988193512,0.0032699506027856983,-203.42748042941093,40.51534248207237,2.0,0.28752208948135377,
1076000,817.6506345272064,-201.55636322498322,42.69415910695061,-0.0040524306182437185,23.377915954589845,0.652219009399414,0.00558889242944618,-203.42748042941093,40.51534248207237,2.0,0.2625155240297318,
1080000,820.6034848690033,-203.8225154876709,38.71626473845063,-0.005370671596688537,25.988787269592287,0.6648545205593109,0.004100445926674512,-203.42748042941093,40.51534248207237,2.0,0.2722520589828491,
1084000,824.8324813842773,-203.6266486644745,38.16532468024662,-0.003952270836103722,29.06206340789795,0.6978380084037781,0.0042576859094357825,-200.22648933529854,36.213759691723006,2.0,0.27435502111911775,
1088000,827.7832670211792,-210.3276982307434,37.30376423884178,-0.002679267915004546,20.01336250305176,0.7146270096302032,0.0027724937244784087,-200.22648933529854,36.213759691723006,2.0,0.2780366539955139,
1092000,830.6016285419464,-205.9980812072754,31.29437463899442,-0.005858391138414532,17.27530641555786,0.6929372012615204,0.003937109862454236,-200.22648933529854,36.213759691723006,2.0,0.2735914677381516,
1096000,833.407345533371,-197.31787395477295,32.349681218226365,-0.005520625787709487,18.75358180999756,0.7484192073345184,0.006427416764199734,-200.22648933529854,36.213759691723006,2.0,0.28245813250541685,
1100000,836.1838681697845,-204.36762082576752,47.35039058070329,-0.006320654512615853,13.476833248138428,0.712058162689209,0.008677194313670089,-200.22648933529854,36.213759691723006,2.0,0.27808134257793427,
1104000,838.9464073181152,-202.81863045692444,32.28983872651084,-0.005172140185798746,15.379598903656007,0.7253828048706055,0.0036486490477497524,-200.22648933529854,36.213759691723006,2.0,0.2881204098463058,
1108000,841.7153298854828,-197.44603383541107,32.740133583875924,-0.004614000060906021,19.25319986343384,0.775034487247467,0.0037665698567871165,-200.22648933529854,36.213759691723006,2.0,0.26964508593082426,
1112000,844.5051593780518,-201.99073266983032,32.3660425632869,-0.005942891942492335,14.835910987854003,0.7722666680812835,0.004405829752795398,-200.22648933529854,36.213759691723006,2.0,0.26703362762928007,
1116000,847.2866775989532,-199.0442087650299,37.68964318904707,-0.005529736617541259,19.31003532409668,0.7148288726806641,0.004090119527449154,-200.22648933529854,36.213759691723006,2.0,0.2814824849367142,
1120000,850.117169380188,-199.87731051445007,35.543145950856015,-0.003759919499842468,16.556294250488282,0.7319130301475525,0.005694954362542681,-200.22648933529854,36.213759691723006,2.0,0.25576024055480956,
1124000,854.3433291912079,-198.06491470336914,38.43667752928562,-0.005693104046241693,15.52342357635498,0.7063126564025879,0.0030407882964937016,-200.10811658203602,49.49475550193918,2.0,0.2650854229927063,
1128000,857.2689967155457,-210.41622936725616,35.25416647802248,-0.006295233890336682,13.838417053222656,0.7520556032657624,0.003952197932754675,-200.10811658203602,49.49475550193918,2.0,0.25939764380455016,
1132000,860.2367095947266,-203.2800291776657,33.50330590465971,-0.004564277794522553,23.5987886428833,0.7520458221435546,0.005464637232944369,-200.10811658203602,49.49475550193918,2.0,0.2431987300515175,
1136000,863.1888687610626,-205.8390336036682,36.96364973968929,-0.0053567060475082865,20.76097640991211,0.6931334018707276,0.00515366901891927,-200.10811658203602,49.49475550193918,2.0,0.27540321052074435,
1140000,866.1306450366974,-202.59737265110016,40.373288010973376,-0.0050711270488488225,23.736648178100587,0.7544966399669647,0.007297126842973134,-200.10811658203602,49.49475550193918,2.0,0.2575756996870041,
1144000,869.083699464798,-194.45311629772186,30.981119727759054,-0.006074661897805811,14.008725261688232,0.7505947232246399,0.0061411799383349844,-200.10811658203602,49.49475550193918,2.0,0.2666037231683731,
1148000,872.0277106761932,-208.55035495758057,34.56179293144933,-0.005149249196867456,16.523802280426025,0.7637291550636292,0.005458127590827644,-200.10811658203602,49.49475550193918,2.0,0.24888575673103333,
1152000,874.968540430069,-204.97370290756226,37.58309133343425,-0.006755540024256312,14.110838317871094,0.7252687513828278,0.006007344578392804,-200.10811658203602,49.49475550193918,2.0,0.2598065406084061,
1156000,877.9022073745728,-200.17581498622894,37.66340724022205,-0.00445404961130893,18.90238332748413,0.7500543892383575,0.007145102068626663,-200.10811658203602,49.49475550193918,2.0,0.2566030740737915,
1160000,880.8718016147614,-202.1557056903839,36.739408369441854,-0.005362216205801818,17.202184772491456,0.7269400537014008,0.005180213247425858,-200.10811658203602,49.49475550193918,2.0,0.23429328799247742,
1164000,885.1255221366882,-197.07426500320435,38.28145541756124,-0.005865485515523084,22.932923316955566,0.7536325097084046,0.005154528137063607,-195.7482759207487,30.031158504391684,2.0,0.22833367437124252,
1168000,888.0591180324554,-203.05134427547455,35.06647626467067,-0.0054012892546598575,29.24822883605957,0.7675869882106781,0.0048581037828698825,-195.7482759207487,30.031158504391684,2.0,0.2511728465557098,
1172000,891.0053391456604,-194.7319451570511,38.26651895579957,-0.005880823635961896,19.054226684570313,0.7933765947818756,0.004305112628208008,-195.7482759207487,30.031158504391684,2.0,0.2767416775226593,
1176000,893.9346177577972,-193.63833785057068,32.072106670992696,-0.006021513858344462,25.414699363708497,0.7309813320636749,0.0036609658505767583,-195.7482759207487,30.031158504391684,2.0,0.25986563265323637,
1180000,896.8801710605621,-192.34648871421814,34.536798343350924,-0.006833184897821987,18.541132259368897,0.746712064743042,0.009347009932389483,-195.7482759207487,30.031158504391684,2.0,0.24725643396377564,
1184000,899.814713716507,-207.2411675453186,34.403454982214704,-0.005921791276118427,16.011726760864256,0.7284245312213897,0.005926799669978222,-195.7482759207487,30.031158504391684,2.0,0.24030379503965377,
1188000,902.7649796009064,-211.18705797195435,43.83033272342358,-0.004281613688993558,22.38145980834961,0.7080950975418091,0.0049729655178574195,-195.7482759207487,30.031158504391684,2.0,0.24913703352212907,
1192000,905.6983067989349,-202.88948440551758,45.8341849831492,-0.006442659045802435,14.652903842926026,0.7640142679214478,0.005405776185216382,-195.7482759207487,30.031158504391684,2.0,0.24770906567573547,
1196000,908.6360862255096,-207.51258659362793,39.04551097656554,-0.004207912242408618,24.145373153686524,0.7841649174690246,0.007559875189326703,-195.7482759207487,30.031158504391684,2.0,0.24974161833524705,
1200000,911.5836200714111,-199.72525072097778,34.239633419317705,-0.00441737948815959,21.27039165496826,0.7402233004570007,0.006078524027543608,-195.7482759207487,30.031158504391684,2.0,0.23023606687784196,
1204000,915.7866580486298,-202.94218587875366,35.4129820956729,-0.006864192624731568,21.150660705566406,0.700384670495987,0.009608519662326832,-201.0648105069995,42.63337216911826,2.0,0.22509487867355346,
1208000,918.772839307785,-208.2565815448761,30.713543533941426,-0.005112389569636377,14.081146240234375,0.7456518709659576,0.006524518367368737,-201.0648105069995,42.63337216911826,2.0,0.2638329952955246,
1212000,921.8235363960266,-209.6970373392105,34.752111717389894,-0.006194267652928786,13.051951503753662,0.7268401682376862,0.004943830286269079,-201.0648105069995,42.63337216911826,2.0,0.2427251324057579,
1216000,924.8503410816193,-208.46733689308167,42.786711146734724,-0.004534957533469441,21.124402046203613,0.691856324672699,0.005429753950738814,-201.0648105069995,42.63337216911826,2.0,0.23365905582904817,
1220000,927.8086445331573,-204.80489802360535,28.364221892032585,-0.004543827214588703,10.778705024719239,0.6953085541725159,0.004151764394996782,-201.0648105069995,42.63337216911826,2.0,0.20943032950162888,
1224000,930.7068831920624,-211.1392548084259,31.807909979231027,-0.006035390170291066,21.89307384490967,0.6870108366012573,0.004443822099710814,-201.0648105069995,42.63337216911826,2.0,0.22547100037336348,
1228000,933.6625130176544,-204.4584460258484,37.91423060693996,-0.0043499932506238185,20.553150367736816,0.7037176251411438,0.0036981481418479232,-201.0648105069995,42.63337216911826,2.0,0.20267367511987686,
1232000,936.6004979610443,-205.26274633407593,40.732997831511746,-0.0036340690946090604,20.27520008087158,0.6664177000522613,0.005101239895603316,-201.0648105069995,42.63337216911826,2.0,0.24228668361902236,
1236000,939.5404653549194,-205.09811782836914,36.67703064574725,-0.004719532450040198,25.48174114227295,0.7421284496784211,0.0064548507028569626,-201.0648105069995,42.63337216911826,2.0,0.22439922541379928,
1240000,942.4872577190399,-207.17609012126923,44.024359186965235,-0.0045391369850451115,25.073435401916505,0.7335996806621552,0.004643189435591921,-201.0648105069995,42.63337216911826,2.0,0.21538711339235306,
1244000,946.7059288024902,-202.64618909358978,47.47341217854118,-0.004533454011698889,20.950607109069825,0.7128501117229462,0.004964468011205714,-208.6407660767436,38.306907206512676,2.0,0.2503441944718361,
1248000,949.6660299301147,-207.72159337997437,33.98100375989396,-0.004231836654808596,17.385418510437013,0.7436637878417969,0.0032202645794799033,-208.6407660767436,38.306907206512676,2.0,0.25189948081970215,
1252000,952.6080985069275,-209.11535215377808,33.967739998915015,-0.00523193681472911,15.849979400634766,0.7104755640029907,0.006966662290506065,-208.6407660767436,38.306907206512676,2.0,0.2561610549688339,
1256000,955.5466306209564,-211.92190265655518,45.306980582854315,-0.005843781541877746,20.146213722229003,0.7266153037548065,0.0064057161204982725,-208.6407660767436,38.306907206512676,2.0,0.25779273808002473,
1260000,958.5006959438324,-212.30321979522705,48.347239379258255,-0.005546381924301391,25.825065422058106,0.7404946386814117,0.004585012065945193,-208.6407660767436,38.306907206512676,2.0,0.24150024503469467,
1264000,961.4195241928101,-202.2486264705658,35.350898069832645,-0.005365470716419374,12.248090934753417,0.6989904403686523,0.00382598000663954,-208.6407660767436,38.306907206512676,2.0,0.24968749284744263,
1268000,964.1789455413818,-201.19666957855225,32.092421062111256,-0.005263174790889025,16.138061904907225,0.7217770159244538,0.005998995737172663,-208.6407660767436,38.306907206512676,2.0,0.23479983657598497,
1272000,966.9378626346588,-213.05434131622314,34.660494163785145,-0.0036875710453799114,14.07128610610962,0.7136581838130951,0.0031718673435195298,-208.6407660767436,38.306907206512676,2.0,0.2613766938447952,
1276000,969.790239572525,-201.8449651002884,35.775329311764274,-0.005977638103688765,18.3489631652832,0.6755449831485748,0.0033170344366226347,-208.6407660767436,38.306907206512676,2.0,0.2480558291077614,
1280000,972.7335042953491,-211.1773693561554,46.09771665611078,-0.005393140012786457,23.61065082550049,0.6527051627635956,0.0031143058103819676,-208.6407660767436,38.306907206512676,2.0,0.2279012143611908,
1284000,976.9741418361664,-203.00064516067505,35.64305544047298,-0.005589535091382758,20.541275596618654,0.6840595543384552,0.0076495676534250375,-206.1908257678151,42.74657910283703,2.0,0.2440807953476906,
1288000,979.9076907634735,-203.98794889450073,34.94835352874271,-0.004652478445166097,19.458228302001952,0.6622274577617645,0.003376317511720117,-206.1908257678151,42.74657910283703,2.0,0.22621871531009674,
1292000,982.8708851337433,-202.44883120059967,35.715553638638916,-0.004271598899737006,16.98791637420654,0.6349746882915497,0.004079269505959627,-206.1908257678151,42.74657910283703,2.0,0.21206958889961242,
1296000,985.8051764965057,-206.8369801044464,37.63282638254869,-0.006243274789148323,18.362881088256835,0.6757936120033264,0.008493948937393725,-206.1908257678151,42.74657910283703,2.0,0.18972337543964385,
1300000,988.7665967941284,-206.05483222007751,34.707579505641995,-0.003608509923952319,18.653704833984374,0.6858959555625915,0.005504102716804482,-206.1908257678151,42.74657910283703,2.0,0.2057162269949913,
1304000,991.7034454345703,-200.9872648715973,34.908210027910826,-0.004751524334307788,16.074715042114256,0.7545930743217468,0.005373479356057942,-206.1908257678151,42.74657910283703,2.0,0.19962484538555145,
1308000,994.6331946849823,-203.91257238388062,30.834856180040273,-0.0053439561938867005,15.263764667510987,0.7648135006427765,0.005451625283186656,-206.1908257678151,42.74657910283703,2.0,0.20246143788099288,
1312000,997.5848224163055,-208.65754413604736,36.309464971894904,-0.006628502490464605,17.43763313293457,0.7539361715316772,0.004363374010931409,-206.1908257678151,42.74657910283703,2.0,0.197516830265522,
1316000,1000.5288732051849,-206.59366154670715,32.781505528353485,-0.005314853532239816,11.800848197937011,0.7270914435386657,0.004188170628544574,-206.1908257678151,42.74657910283703,2.0,0.2059464767575264,
1320000,1003.4791045188904,-211.6144745349884,35.26076854955458,-0.004990812093174668,17.910655212402343,0.7740561485290527,0.007961343246279284,-206.1908257678151,42.74657910283703,2.0,0.18631720691919326,
1324000,1007.6788709163666,-208.76906180381775,39.59368747785527,-0.007317188848120493,12.271418476104737,0.7863801419734955,0.004958402811083928,-204.08482146263123,36.891577607538366,2.0,0.1838158994913101,
1328000,1010.6211524009705,-198.57301092147827,32.48925934296276,-0.005505701346943859,17.03324375152588,0.7764351010322571,0.0031359073414932936,-204.08482146263123,36.891577607538366,2.0,0.2112031489610672,
1332000,1013.580363035202,-205.2603554725647,34.5610762921068,-0.005507935723716706,15.51475486755371,0.7878835260868072,0.003113127212486422,-204.08482146263123,36.891577607538366,2.0,0.1966394752264023,
1336000,1016.5415787696838,-196.99159717559814,29.19157544618085,-0.007039937447911804,14.653628730773926,0.8172735691070556,0.006058611994376406,-204.08482146263123,36.891577607538366,2.0,0.20305149555206298,
1340000,1019.4993731975555,-198.12255239486694,28.642162558556496,-0.007722591497935349,12.059482860565186,0.7998639047145844,0.006944338895846158,-204.08482146263123,36.891577607538366,2.0,0.21069205850362777,
1344000,1022.4527635574341,-204.26589965820312,31.9328178540323,-0.004662970620144513,16.99673500061035,0.7905262887477875,0.006045152885839344,-204.08482146263123,36.891577607538366,2.0,0.21724093556404114,
1348000,1025.3927025794983,-203.98943388462067,35.75992905715644,-0.004946702297078431,18.871835136413573,0.7572870552539825,0.0037193357968935857,-204.08482146263123,36.891577607538366,2.0,0.1867775395512581,
1352000,1028.3152513504028,-196.97752475738525,33.39979844343908,-0.0042116222842791375,14.695089626312257,0.7448744237422943,0.0042126053391257304,-204.08482146263123,36.891577607538366,2.0,0.1950268641114235,
1356000,1031.2758841514587,-200.6405692100525,33.51795931909243,-0.006150785970346284,14.675276374816894,0.7697231769561768,0.007886880286969244,-204.08482146263123,36.891577607538366,2.0,0.1986352249979973,
1360000,1034.217200756073,-202.77582836151123,32.96663501782096,-0.00509769101735813,18.70651559829712,0.7509221017360688,0.007446478703059256,-204.08482146263123,36.891577607538366,2.0,0.19565221220254897,
1364000,1038.4518480300903,-206.00925374031067,40.35857502633386,-0.005323997761588562,24.75731029510498,0.7340352535247803,0.01106106195940324,-203.62549905478954,30.237197434165257,2.0,0.18530665040016175,
1368000,1041.398444890976,-205.32847774028778,33.00537308489456,-0.004679178784834192,19.367428684234618,0.7573358237743377,0.004298791618862552,-203.62549905478954,30.237197434165257,2.0,0.18365281224250793,
1372000,1044.3442208766937,-206.90287947654724,32.75129750967678,-0.005275224328584294,16.644684028625488,0.761019480228424,0.005698693892918527,-203.62549905478954,30.237197434165257,2.0,0.16490575522184373,
1376000,1047.305276632309,-201.99758458137512,35.85277996247411,-0.0060076388486972835,16.741123580932616,0.7393444001674652,0.0071321052095542296,-203.62549905478954,30.237197434165257,2.0,0.18449817150831221,
1380000,1050.2561163902283,-199.36754703521729,33.8140897519898,-0.0047682529311083854,13.686308574676513,0.7588935732841492,0.00886668578023091,-203.62549905478954,30.237197434165257,2.0,0.184148570895195,
1384000,1053.177842617035,-201.6293330192566,27.713749673144807,-0.0063713151426054715,12.976658630371094,0.7515860617160797,0.00829560736892745,-203.62549905478954,30.237197434165257,2.0,0.17099667638540267,
1388000,1056.031626701355,-196.874267578125,31.317924041261307,-0.005046051639287441,14.832106685638427,0.7275521993637085,0.0033810172928497194,-203.62549905478954,30.237197434165257,2.0,0.18948413133621217,
1392000,1058.7921268939972,-200.08351755142212,32.96980402598288,-0.0058813398385731295,9.793381404876708,0.7752930760383606,0.007382420245713251,-203.62549905478954,30.237197434165257,2.0,0.19063681364059448,
1396000,1061.5934596061707,-209.25484561920166,36.61527598128682,-0.005633511776880651,18.75570297241211,0.7679494619369507,0.005272483264872197,-203.62549905478954,30.237197434165257,2.0,0.18044883608818055,
1400000,1064.3430116176605,-206.84422409534454,33.53720354331,-0.004982514355098821,21.514823341369627,0.7669416189193725,0.0033522724465001375,-203.62549905478954,30.237197434165257,2.0,0.14571892321109772,
1404000,1068.573870420456,-209.32034397125244,42.34554631433434,-0.005582164675463019,16.914154720306396,0.7202316641807556,0.005787332060125961,-205.7282326668501,28.69308197648048,2.0,0.16852070838212968,
1408000,1071.5035107135773,-210.11081290245056,34.360945404357714,-0.006395258790270119,11.985575294494629,0.7213868081569672,0.004431757504804424,-205.7282326668501,28.69308197648048,2.0,0.18501219749450684,
1412000,1074.4554104804993,-203.06475806236267,34.54334387975764,-0.006194893633791665,19.479526138305665,0.7165838837623596,0.006050385223352351,-205.7282326668501,28.69308197648048,2.0,0.14646334797143937,
1416000,1077.405802488327,-201.6272246837616,34.03269824193959,-0.005652757662038011,18.41648931503296,0.6685716331005096,0.004488023897729976,-205.7282326668501,28.69308197648048,2.0,0.18496430963277816,
1420000,1080.3496856689453,-200.642315864563,32.20486480660905,-0.005346226602016735,16.13812255859375,0.6964883387088776,0.006881930225063115,-205.7282326668501,28.69308197648048,2.0,0.16811955273151397,
1424000,1083.2885222434998,-205.9842448234558,30.491145191210713,-0.005164486901368903,14.267719745635986,0.6705958664417266,0.012360754327382928,-205.7282326668501,28.69308197648048,2.0,0.18153356909751892,
1428000,1086.2366597652435,-202.415860414505,33.32341974278836,-0.005942435433001547,10.44141321182251,0.6542128503322602,0.007668831525370479,-205.7282326668501,28.69308197648048,2.0,0.17967663556337357,
1432000,1089.1975519657135,-208.7531111240387,36.86558714246963,-0.004721887733864905,16.799461936950685,0.6535520315170288,0.0030347735271789135,-205.7282326668501,28.69308197648048,2.0,0.1457445055246353,
1436000,1092.164717912674,-201.21114921569824,33.87194499679505,-0.005770858374346677,17.207154273986816,0.6921035826206208,0.005573035409518834,-205.7282326668501,28.69308197648048,2.0,0.17498559802770614,
1440000,1095.1196117401123,-203.85355973243713,30.77418006545554,-0.005840156962551801,22.794599533081055,0.6715649843215943,0.004715053847758099,-205.7282326668501,28.69308197648048,2.0,0.14363796263933182,
1444000,1099.321703672409,-205.01050281524658,32.351358082278566,-0.005470032849038642,20.571261405944824,0.7236290693283081,0.006497703795321286,-202.57572263479233,28.470017740616253,2.0,0.15981133431196212,
1448000,1102.2593576908112,-202.65329384803772,31.174131906558262,-0.00530474851691789,23.777601051330567,0.7071650326251984,0.006308649291167967,-202.57572263479233,28.470017740616253,2.0,0.16957288533449172,
1452000,1105.2195811271667,-203.0817459821701,33.61612014672253,-0.004592104771484973,19.80653820037842,0.6875862777233124,0.0038692128761128155,-202.57572263479233,28.470017740616253,2.0,0.15825967192649842,
1456000,1108.1607801914215,-195.564199924469,35.211515320797865,-0.006194177301212633,23.045544624328613,0.7268010795116424,0.004088405038802501,-202.57572263479233,28.470017740616253,2.0,0.17053738236427307,
1460000,1111.099056005478,-195.2738447189331,29.521566091140723,-0.005346064190380284,13.162831783294678,0.7456097543239594,0.0023549664299935104,-202.57572263479233,28.470017740616253,2.0,0.17850716263055802,
1464000,1114.037742614746,-193.75399112701416,33.727068920358754,-0.006793651223182673,15.466282844543457,0.7709232091903686,0.0030657838520710356,-202.57572263479233,28.470017740616253,2.0,0.19681859016418457,
1468000,1116.9579818248749,-197.38035774230957,31.41483892105975,-0.004562360651092589,19.907042503356934,0.7433619916439056,0.0027574649568026465,-202.57572263479233,28.470017740616253,2.0,0.16768168658018112,
1472000,1119.910668849945,-200.06761980056763,32.53735788973465,-0.00638179553882221,19.741148948669434,0.7578692138195038,0.004111475837213252,-202.57572263479233,28.470017740616253,2.0,0.16000969856977462,
1476000,1122.8588201999664,-192.08636450767517,29.4319970512088,-0.006104833980556457,10.961748790740966,0.7238889515399933,0.003828763312776573,-202.57572263479233,28.470017740616253,2.0,0.16093036979436875,
1480000,1125.8027830123901,-198.16062533855438,35.2955564481272,-0.004489416154489501,23.450680923461913,0.7243608772754669,0.0035088270495180042,-202.57572263479233,28.470017740616253,2.0,0.15844838470220565,
1484000,1129.9884111881256,-199.83079409599304,33.224765986256635,-0.005382823760388433,21.92143859863281,0.7303144991397857,0.007203176041366532,-202.9290940463543,35.62770990502675,2.0,0.1393420308828354,
1488000,1132.9304995536804,-203.4825460910797,34.483237913951946,-0.00409532061979796,16.93006238937378,0.7387412130832672,0.005513401102274695,-202.9290940463543,35.62770990502675,2.0,0.17004480659961702,
1492000,1135.8915724754333,-196.4317009449005,33.89723315608574,-0.006212592064247779,19.482053184509276,0.7484296917915344,0.006924042404086084,-202.9290940463543,35.62770990502675,2.0,0.15554948300123214,
1496000,1138.8359463214874,-198.27016806602478,35.89457308707286,-0.006569432749878601,21.687719345092773,0.7802273690700531,0.0049648373358650135,-202.9290940463543,35.62770990502675,2.0,0.15680273324251176,
1500000,1141.7812838554382,-194.7545006275177,34.13814467163352,-0.004236264148106095,23.860010719299318,0.7692830085754394,0.004654512665001676,-202.9290940463543,35.62770990502675,2.0,0.17135794311761857,
1504000,1144.7175786495209,-192.28654873371124,28.694594577852605,-0.005494100179562089,12.171215438842774,0.7149582386016846,0.0029853772179194494,-202.9290940463543,35.62770990502675,2.0,0.16546915471553802,
1508000,1147.6618342399597,-196.68354320526123,35.39947683485722,-0.005272013203357328,18.276838874816896,0.7098180472850799,0.0040199976123403754,-202.9290940463543,35.62770990502675,2.0,0.15482034236192704,
1512000,1150.615396976471,-202.40507984161377,40.413856465551255,-0.004662269871914759,24.357580947875977,0.6509773373603821,0.006077474614915751,-202.9290940463543,35.62770990502675,2.0,0.15141252130270005,
1516000,1153.5730464458466,-204.66408133506775,35.49294329725803,-0.00509936985389019,21.50284767150879,0.6607919335365295,0.005587013519834727,-202.9290940463543,35.62770990502675,2.0,0.1785300701856613,
1520000,1156.49524974823,-204.45909237861633,40.23463147462035,-0.003579200583704134,21.54377727508545,0.6969968676567078,0.0019729349252884274,-202.9290940463543,35.62770990502675,2.0,0.15269576460123063,
1524000,1160.6685996055603,-207.6587371826172,34.16426163255784,-0.00655076318560166,20.26997127532959,0.7214084208011627,0.0066771380331677845,-195.91178238391876,39.38892419943736,2.0,0.18195959627628328,
1528000,1163.5960412025452,-197.1596028804779,31.392265451493582,-0.006164335569677259,13.252396774291991,0.7142815291881561,0.0032338647587457636,-195.91178238391876,39.38892419943736,2.0,0.17018601149320603,
1532000,1166.5589940547943,-202.27263760566711,37.70771282072629,-0.006592809809837519,15.17948112487793,0.7201312839984894,0.004495204007020348,-195.91178238391876,39.38892419943736,2.0,0.1444784238934517,
1536000,1169.50097823143,-201.0400928258896,35.286590253096065,-0.005362240476999425,14.187183284759522,0.6741203606128693,0.0039326553582213816,-195.91178238391876,39.38892419943736,2.0,0.1621994346380234,
1540000,1172.4435148239136,-196.86176645755768,33.71249561084219,-0.00472156947199256,19.454327964782713,0.6485021948814392,0.005380196101032198,-195.91178238391876,39.38892419943736,2.0,0.1387528195977211,
1544000,1175.3783979415894,-199.55705642700195,35.84842186263007,-0.00522113640420141,16.749031352996827,0.5780506491661072,0.003551309127942659,-195.91178238391876,39.38892419943736,2.0,0.1690580889582634,
1548000,1178.3129000663757,-203.57964086532593,37.98013140152601,-0.004492893491871541,22.086322212219237,0.6290790677070618,0.00715084521798417,-195.91178238391876,39.38892419943736,2.0,0.1478545606136322,
1552000,1181.243374824524,-208.44580483436584,41.22531476631515,-0.0051533722515840095,14.455194568634033,0.618002325296402,0.004000765787748062,-195.91178238391876,39.38892419943736,2.0,0.1596359506249428,
1556000,1184.2174816131592,-195.82181131839752,38.24555839913735,-0.00547181380027908,16.6203031539917,0.5902542293071746,0.01280688810332995,-195.91178238391876,39.38892419943736,2.0,0.19667706042528152,
1560000,1187.176676273346,-192.97148978710175,38.83416914352073,-0.005133265766392725,13.47218189239502,0.576962125301361,0.007596400917464052,-195.91178238391876,39.38892419943736,2.0,0.18884870558977127,
1564000,1191.4391016960144,-192.28939199447632,31.507712824002624,-0.00570057254983114,12.604289627075195,0.5823466300964355,0.005971444980241358,-197.44257038086653,31.107409611832562,2.0,0.18209550231695176,
1568000,1194.34130692482,-198.5844602584839,34.59140495944097,-0.0046327241693701286,12.265900421142579,0.5977417826652527,0.003619573178002611,-197.44257038086653,31.107409611832562,2.0,0.17910749614238738,
1572000,1197.1264626979828,-193.5398235321045,32.41115389518195,-0.004877397411192458,17.592564392089844,0.6012247204780579,0.0036966286834019257,-197.44257038086653,31.107409611832562,2.0,0.18001056015491484,
1576000,1199.897783756256,-197.74903655052185,36.35841833730824,-0.003568078126603158,19.25342779159546,0.6036361694335938,0.004941289064163979,-197.44257038086653,31.107409611832562,2.0,0.16995877921581268,
1580000,1202.676592350006,-191.38480281829834,28.768021811977178,-0.005509658464541034,12.91516056060791,0.6169260561466217,0.005719045276055113,-197.44257038086653,31.107409611832562,2.0,0.17609819620847703,
1584000,1205.4568116664886,-192.45477390289307,32.600227437389705,-0.004503424981686599,14.661003398895264,0.6071377992630005,0.002559905801899731,-197.44257038086653,31.107409611832562,2.0,0.17066562920808792,
1588000,1208.3718972206116,-204.08596754074097,37.24868139550131,-0.004915113314714592,15.005556201934814,0.6063441336154938,0.004755970398400677,-197.44257038086653,31.107409611832562,2.0,0.18433173149824142,
1592000,1211.3134281635284,-197.7116688489914,36.38353433488595,-0.006117420434951804,12.133278274536133,0.5634800732135773,0.0054985091799560236,-197.44257038086653,31.107409611832562,2.0,0.15453485250473023,
1596000,1214.2392497062683,-208.7634310722351,33.109789228125585,-0.0038350874795575864,16.57086248397827,0.6212372243404388,0.007540907897055149,-197.44257038086653,31.107409611832562,2.0,0.1545265033841133,
1600000,1217.1758275032043,-202.0589338541031,37.36249797766838,-0.00661346735743189,16.4276780128479,0.6444138944149017,0.007922637466263647,-197.44257038086653,31.107409611832562,2.0,0.15031377077102662,
1604000,1221.4179918766022,-205.10547733306885,34.201623655234435,-0.005731197663738086,13.539985656738281,0.6913943946361542,0.005051436049320434,-202.2793637663126,34.277356823152445,2.0,0.15629265904426576,
1608000,1224.353535413742,-207.74738240242004,32.1719533733077,-0.004765213621159425,12.319938659667969,0.6911320507526397,0.00630705326244545,-202.2793637663126,34.277356823152445,2.0,0.14233185201883317,
1612000,1227.3078289031982,-197.92403411865234,27.02650543324754,-0.005586766845701874,9.403425455093384,0.7229783833026886,0.006845840602181852,-202.2793637663126,34.277356823152445,2.0,0.14103781282901764,
1616000,1230.265680551529,-207.1939264535904,36.700883686097,-0.006088958093508468,14.424922466278076,0.725279438495636,0.005465557123534382,-202.2793637663126,34.277356823152445,2.0,0.13812943398952485,
1620000,1233.2152724266052,-197.45294666290283,31.69443283633362,-0.004805375023822567,11.75580005645752,0.704842334985733,0.0021336261121177812,-202.2793637663126,34.277356823152445,2.0,0.15094893276691437,
1624000,1236.162568807602,-190.31686115264893,29.138265746072328,-0.005505812223923101,10.712367630004882,0.6819258093833923,0.004698962374823168,-202.2793637663126,34.277356823152445,2.0,0.15209897011518478,
1628000,1239.0726504325867,-202.71225214004517,30.281443311330566,-0.006525699090988724,9.631380701065064,0.7043988704681396,0.004367218259721995,-202.2793637663126,34.277356823152445,2.0,0.16813261657953263,
1632000,1242.0671503543854,-192.68467116355896,35.43241653070098,-0.005897862541644527,11.586383724212647,0.7136371016502381,0.005220201547490433,-202.2793637663126,34.277356823152445,2.0,0.1681949868798256,
1636000,1245.0677921772003,-205.19848465919495,33.182151223181116,-0.005820196362134711,10.99405221939087,0.6761536359786987,0.005811986501794308,-202.2793637663126,34.277356823152445,2.0,0.14487770199775696,
1640000,1248.021991968155,-200.7325540781021,32.574361440909804,-0.006193651844902526,8.839480018615722,0.6475963950157165,0.003542554017622024,-202.2793637663126,34.277356823152445,2.0,0.1415647327899933,
1644000,1252.3047935962677,-205.82898378372192,34.41231404354796,-0.006132488473939412,15.222270488739014,0.6853489875793457,0.005389496670880689,-200.62320466339588,30.958458158803943,2.0,0.1553925484418869,
1648000,1255.2577772140503,-201.72555708885193,33.047701289612434,-0.005850001527772574,10.802127742767334,0.6389634191989899,0.005442526312622586,-200.62320466339588,30.958458158803943,2.0,0.16225609332323074,
1652000,1258.2111551761627,-199.22097778320312,35.08122825218335,-0.0039678728738799405,16.13072004318237,0.6509313106536865,0.011739396955817938,-200.62320466339588,30.958458158803943,2.0,0.16461893022060395,
1656000,1261.1504075527191,-207.91006731987,38.53577292167419,-0.006938483299997955,10.47726583480835,0.6286025941371918,0.00789063583904257,-200.62320466339588,30.958458158803943,2.0,0.14660392254590987,
1660000,1264.0927126407623,-195.23968744277954,34.884452531288105,-0.006023488592744463,12.752972507476807,0.6639604330062866,0.005994243622757622,-200.62320466339588,30.958458158803943,2.0,0.16167088449001313,
1664000,1267.033341884613,-199.36396658420563,40.856826508023765,-0.00511270802126571,13.764304065704346,0.6526702821254731,0.0038887477216776657,-200.62320466339588,30.958458158803943,2.0,0.16094272583723068,
1668000,1269.9740934371948,-194.0962108373642,35.82763803716042,-0.005167310664352609,10.478103065490723,0.6919118106365204,0.005913687110296451,-200.62320466339588,30.958458158803943,2.0,0.13229073733091354,
1672000,1272.9190738201141,-202.49143779277802,34.538298826569054,-0.004936598427050498,14.233197784423828,0.6912790834903717,0.004555708385305479,-200.62320466339588,30.958458158803943,2.0,0.13340729773044585,
1676000,1275.9005308151245,-199.8381085395813,29.314880028034292,-0.005408718425625336,17.724020957946777,0.6865337193012238,0.003344305494101718,-200.62320466339588,30.958458158803943,2.0,0.1389242708683014,
1680000,1278.872044801712,-198.05042123794556,26.63174887380244,-0.007272597244785484,10.162494277954101,0.7225237131118775,0.007775209052488208,-200.62320466339588,30.958458158803943,2.0,0.1451033815741539,
1684000,1283.0995862483978,-202.225648522377,39.47672331693791,-0.0028916129084539223,17.525889110565185,0.7172581911087036,0.0028989621411116494,-201.10566345602274,32.163717207798754,2.0,0.13788151293992995,
1688000,1286.0642445087433,-203.44215559959412,35.290026541392166,-0.00588892314218295,16.419648742675783,0.7322556555271149,0.006267297672030203,-201.10566345602274,32.163717207798754,2.0,0.13494385033845901,
1692000,1288.8907282352448,-204.71217584609985,32.265287131463445,-0.006445220668722574,14.110153293609619,0.6826396226882935,0.0052892380869016264,-201.10566345602274,32.163717207798754,2.0,0.13319867253303527,
1696000,1291.6989760398865,-192.43019080162048,28.019952547504737,-0.005457043983119858,10.834438133239747,0.6679589569568634,0.004716712716617622,-201.10566345602274,32.163717207798754,2.0,0.12521541267633438,
1700000,1294.5088782310486,-197.95145630836487,28.098665382572936,-0.005173438417414822,14.70376272201538,0.6947850048542022,0.002977529629715736,-201.10566345602274,32.163717207798754,2.0,0.1369459494948387,
1704000,1297.310669183731,-185.62084758281708,30.789164858769954,-0.004389751834756072,11.83408555984497,0.6765088558197021,0.005216002836823464,-201.10566345602274,32.163717207798754,2.0,0.12934461385011672,
1708000,1300.1205730438232,-207.07152819633484,36.534286194509455,-0.005001444277431194,13.041178512573243,0.6863331437110901,0.0024843382416293025,-201.10566345602274,32.163717207798754,2.0,0.1324443817138672,
1712000,1302.9228250980377,-196.35889077186584,28.87941697934633,-0.005607283994632973,10.467161941528321,0.6636821866035462,0.0028806585676575125,-201.10566345602274,32.163717207798754,2.0,0.1478980377316475,
1716000,1305.7304503917694,-196.43066358566284,37.338327199424924,-0.0055556250321679105,19.88627185821533,0.676186454296112,0.001371477439533919,-201.10566345602274,32.163717207798754,2.0,0.11651036292314529,
1720000,1308.5811741352081,-191.80366218090057,32.04650828874949,-0.004847772398808381,14.923212337493897,0.6701405346393585,0.003119974061225861,-201.10566345602274,32.163717207798754,2.0,0.1291298344731331,
1724000,1312.7866706848145,-207.29223918914795,38.68473976800999,-0.005846831264439967,23.833667755126953,0.7363422334194183,0.004369834171685705,-198.41453097760677,29.63939285344399,2.0,0.10451925769448281,
1728000,1315.7367944717407,-197.0998899936676,32.4504472345478,-0.004593151755242974,17.963719654083253,0.7468769669532775,0.002726486301379438,-198.41453097760677,29.63939285344399,2.0,0.12565147131681442,
1732000,1318.7060079574585,-192.35248565673828,25.10871841579566,-0.00673163225144755,16.54848165512085,0.7495303094387055,0.00772932831896469,-198.41453097760677,29.63939285344399,2.0,0.12787100970745086,
1736000,1321.6484377384186,-199.76863431930542,36.37897518865415,-0.006126770019453609,16.73409481048584,0.7751760303974151,0.005538416324493789,-198.41453097760677,29.63939285344399,2.0,0.12194690555334091,
1740000,1324.6119220256805,-199.4613552093506,29.571906091522163,-0.006234370243269893,23.635951614379884,0.8090079188346863,0.004455448046792298,-198.41453097760677,29.63939285344399,2.0,0.12474344894289971,
1744000,1327.5654127597809,-201.5069432258606,34.81303852577291,-0.007747062232500568,12.770870399475097,0.8091270864009857,0.007796617673011497,-198.41453097760677,29.63939285344399,2.0,0.10945287942886353,
1748000,1330.4942166805267,-192.92754292488098,30.553692147572047,-0.006869182702774801,15.62919750213623,0.8345395922660828,0.007730036531691553,-198.41453097760677,29.63939285344399,2.0,0.1229033775627613,
1752000,1333.2805061340332,-196.8746508359909,34.99788976377507,-0.006782961889325323,21.84756145477295,0.8018404603004455,0.00861675946507603,-198.41453097760677,29.63939285344399,2.0,0.12494922354817391,
1756000,1336.0635089874268,-198.39369785785675,35.29803305482857,-0.00509337715820099,18.16884641647339,0.7722325205802918,0.0036809922670557604,-198.41453097760677,29.63939285344399,2.0,0.1089268296957016,
1760000,1338.8585259914398,-204.32149386405945,37.02280738665561,-0.00620881655657044,15.874765300750733,0.7223394215106964,0.0038568156541635814,-198.41453097760677,29.63939285344399,2.0,0.10317791923880577,
1764000,1343.0592319965363,-199.90607619285583,36.088424100821584,-0.005376434924158557,11.28089361190796,0.6990316331386566,0.004643273001420312,-195.99067457020283,37.81589327951768,2.0,0.10191654562950134,
1768000,1345.8414192199707,-201.6262173652649,36.07022621117909,-0.0047234270147358485,13.150427055358886,0.7023120403289795,0.0025604485446820034,-195.99067457020283,37.81589327951768,2.0,0.11157897785305977,
1772000,1348.64369058609,-208.62901186943054,41.41089871381043,-0.005342022108146915,18.89276466369629,0.6985688388347626,0.006271066190597319,-195.99067457020283,37.81589327951768,2.0,0.11736547350883483,
1776000,1351.5609793663025,-214.62566781044006,35.28630486495514,-0.004249316565246275,13.490251827239991,0.696111410856247,0.00598558628698811,-195.99067457020283,37.81589327951768,2.0,0.12810790687799453,
1780000,1354.447120666504,-203.20749187469482,29.04395554681908,-0.005459317574432632,12.4062819480896,0.7183332979679108,0.0072520413610618565,-195.99067457020283,37.81589327951768,2.0,0.13556485921144484,
1784000,1357.3997783660889,-204.63561820983887,40.291811863582105,-0.005614097764405112,18.058678913116456,0.7581362664699555,0.004169521346377847,-195.99067457020283,37.81589327951768,2.0,0.1385580599308014,
1788000,1360.323147058487,-199.51170706748962,37.445571019091396,-0.006054313340689977,14.419404220581054,0.7314317464828491,0.0043096092338673845,-195.99067457020283,37.81589327951768,2.0,0.12923103123903273,
1792000,1363.2664844989777,-202.80633521080017,36.10388528003027,-0.005915417315438387,17.00123357772827,0.7263784945011139,0.007244225292078532,-195.99067457020283,37.81589327951768,2.0,0.10746955797076226,
1796000,1366.201409816742,-204.025719165802,34.64551128135297,-0.005343985177421318,20.717760276794433,0.7371837973594666,0.004347861307905987,-195.99067457020283,37.81589327951768,2.0,0.13310449123382567,
1800000,1369.115261554718,-194.8019336462021,29.672203309294375,-0.005763731884750811,15.995668601989745,0.7681559145450592,0.005938361290842309,-195.99067457020283,37.81589327951768,2.0,0.14030359983444213,
1804000,1373.339714050293,-205.08831453323364,38.65839767340262,-0.0068208458631610295,15.042323780059814,0.7906026601791382,0.0038279410553805127,-196.08916430920362,29.889714629480654,2.0,0.1241813912987709,
1808000,1376.262037038803,-199.62390744686127,34.555331252021766,-0.007100451478346592,14.978879356384278,0.7489586532115936,0.00853717173449695,-196.08916430920362,29.889714629480654,2.0,0.12461351677775383,
1812000,1379.2149558067322,-194.60304975509644,28.095176754152934,-0.005566104729310695,14.73250904083252,0.7628930151462555,0.00765802706591785,-196.08916430920362,29.889714629480654,2.0,0.12492066845297814,
1816000,1381.9963762760162,-200.9648973941803,45.21202364304263,-0.006504343795667822,15.513743114471435,0.777308338880539,0.01109435670683161,-196.08916430920362,29.889714629480654,2.0,0.11857050657272339,
1820000,1384.771296262741,-196.17748141288757,38.873332973781615,-0.00566463429616606,17.512576293945312,0.7650477588176727,0.003034866787221624,-196.08916430920362,29.889714629480654,2.0,0.13080487996339799,
1824000,1387.5482819080353,-198.5175083875656,35.34978176755879,-0.005279945204655334,13.163120555877686,0.7295017778873444,0.00374573787531699,-196.08916430920362,29.889714629480654,2.0,0.12214449495077133,
1828000,1390.309015750885,-194.8602558374405,42.95514422296981,-0.006283774248013785,16.246358489990236,0.6947347104549408,0.005597219087338701,-196.08916430920362,29.889714629480654,2.0,0.12138258963823319,
1832000,1393.101411819458,-200.9805076122284,28.996210403614395,-0.005738616147156072,15.045198917388916,0.7496983885765076,0.007388235449752223,-196.08916430920362,29.889714629480654,2.0,0.11883234679698944,
1836000,1395.8955419063568,-195.82108163833618,38.18612602131355,-0.0076737442921536395,8.596342611312867,0.683728837966919,0.006433873605526363,-196.08916430920362,29.889714629480654,2.0,0.12984239906072617,
1840000,1398.6587972640991,-193.40000987052917,30.89163846466104,-0.0059439110519985405,17.609954643249512,0.7393567025661468,0.007090508053079247,-196.08916430920362,29.889714629480654,2.0,0.12792884856462478,
1844000,1402.7757647037506,-200.52576327323914,35.374169782498925,-0.006644153383638085,13.775943565368653,0.6636487364768981,0.01075193823198788,-199.86238332092762,31.24338630324062,2.0,0.11729926019906997,
1848000,1405.5480012893677,-191.0648809671402,35.94935124896823,-0.0039166756234675585,16.68094253540039,0.6673936426639557,0.0037900597846601157,-199.86238332092762,31.24338630324062,2.0,0.12664094120264052,
1852000,1408.341505765915,-201.48896408081055,33.92708503290014,-0.004883156408633305,15.103665161132813,0.6889742970466614,0.004369935622904464,-199.86238332092762,31.24338630324062,2.0,0.12313038036227227,
1856000,1411.1202323436737,-200.12546229362488,31.436980774511895,-0.004871264167906097,19.45044708251953,0.7507540822029114,0.0028070798522094264,-199.86238332092762,31.24338630324062,2.0,0.13114698082208634,
1860000,1413.8918151855469,-200.74914646148682,34.06017364196273,-0.006223364368081086,17.394293308258057,0.7120621025562286,0.0034073847361044685,-199.86238332092762,31.24338630324062,2.0,0.1256730616092682,
1864000,1416.6556951999664,-191.3923773765564,31.613022519831812,-0.00659900179660573,15.212263107299805,0.6844324588775634,0.005243020638590679,-199.86238332092762,31.24338630324062,2.0,0.12851209938526154,
1868000,1419.5460591316223,-191.07967281341553,30.983755457358402,-0.006315336744378719,12.980188846588135,0.7047430098056793,0.0055243107428153415,-199.86238332092762,31.24338630324062,2.0,0.11488336175680161,
1872000,1422.4985764026642,-195.16743564605713,34.8516915473639,-0.007095110890610723,18.977447700500488,0.7609578669071198,0.0035535983624868095,-199.86238332092762,31.24338630324062,2.0,0.12693167477846146,
1876000,1425.4337940216064,-195.3929238319397,24.830163716174894,-0.006071395562185611,14.435129356384277,0.7340124905109405,0.003751991462195292,-199.86238332092762,31.24338630324062,2.0,0.1302538275718689,
1880000,1428.3754522800446,-202.26337480545044,32.84951384772283,-0.00629775858639432,14.581878280639648,0.7302411675453186,0.01153898602630945,-199.86238332092762,31.24338630324062,2.0,0.12861949652433396,
1884000,1432.6115791797638,-184.0315581560135,31.072618420768546,-0.0035545031073272782,14.423793506622314,0.7083278715610504,0.0035589553894630477,-188.15118646621704,24.996162823755544,2.0,0.12178709506988525,
1888000,1435.5270249843597,-192.30724334716797,34.79793336169387,-0.00635883024932502,14.739254474639893,0.6542596340179443,0.00429289103631163,-188.15118646621704,24.996162823755544,2.0,0.12112952023744583,
1892000,1438.4518530368805,-190.85343766212463,31.4806576394967,-0.006878040106501437,12.012853145599365,0.628407484292984,0.0031114687900990257,-188.15118646621704,24.996162823755544,2.0,0.1040707528591156,
1896000,1441.393939256668,-198.7395031452179,33.16814582294374,-0.005663066556599627,13.271085071563721,0.6512564837932586,0.00583635436107095,-188.15118646621704,24.996162823755544,2.0,0.10255475640296936,
1900000,1444.3319954872131,-199.81909465789795,28.27999503688668,-0.004959621777447553,14.440850162506104,0.679929894208908,0.005745528045110404,-188.15118646621704,24.996162823755544,2.0,0.11652149707078933,
1904000,1447.3059611320496,-196.97759914398193,36.23557717879524,-0.005237380203170083,14.829003047943115,0.7142566621303559,0.003449833783088252,-188.15118646621704,24.996162823755544,2.0,0.12396073043346405,
1908000,1450.2591955661774,-188.29404592514038,24.930464937072983,-0.006775351708522059,11.22763614654541,0.6576118469238281,0.004391712238973433,-188.15118646621704,24.996162823755544,2.0,0.10923857986927032,
1912000,1453.229540348053,-197.67503142356873,34.925086700746704,-0.00814239964587613,10.140562057495117,0.6595630824565888,0.00702598481439054,-188.15118646621704,24.996162823755544,2.0,0.1211921252310276,
1916000,1456.1915974617004,-197.6486495733261,39.76491125673576,-0.0070626360766279815,13.465843677520752,0.6466003298759461,0.0034967794257681818,-188.15118646621704,24.996162823755544,2.0,0.11001257374882698,
1920000,1459.1691634654999,-196.51939475536346,31.88065212196812,-0.006403997246952109,17.312551498413086,0.6535735428333282,0.004277793416986242,-188.15118646621704,24.996162823755544,2.0,0.08663777709007263,
1924000,1463.4600780010223,-198.9958164691925,32.01438057874002,-0.006676336273395656,15.669432067871094,0.6577188313007355,0.007901528279762714,-196.79135024547577,36.648079131816935,2.0,0.12351653203368188,
1928000,1466.4146211147308,-199.97484850883484,38.82948333756154,-0.004606726135418171,13.71651554107666,0.655077975988388,0.00744716189801693,-196.79135024547577,36.648079131816935,2.0,0.10348197519779205,
1932000,1469.3829379081726,-201.47513246536255,33.82363328050237,-0.006406270028169558,15.564537048339844,0.6531878888607026,0.004556319637922535,-196.79135024547577,36.648079131816935,2.0,0.09601850286126137,
1936000,1472.346379518509,-202.2147376537323,31.128785490002517,-0.003880160466961868,15.078057193756104,0.6474474668502808,0.004205517627997324,-196.79135024547577,36.648079131816935,2.0,0.11014237329363823,
1940000,1475.3046872615814,-196.5640870332718,33.08268195877878,-0.005925528232318645,16.322814655303954,0.6469515085220336,0.00706403351761401,-196.79135024547577,36.648079131816935,2.0,0.12025718837976455,
1944000,1478.27974319458,-201.29046595096588,37.877447760738576,-0.004485329462137688,17.869745349884035,0.6627227008342743,0.003405031212605536,-196.79135024547577,36.648079131816935,2.0,0.1113509364426136,
1948000,1481.2158830165863,-196.81116104125977,35.63511233237789,-0.006132836251344998,11.623460578918458,0.665470689535141,0.0042406527063576505,-196.79135024547577,36.648079131816935,2.0,0.11630517914891243,
1952000,1484.170287847519,-203.38436698913574,39.90418786461565,-0.004057805066307374,23.17810688018799,0.6462483286857605,0.003173008712474257,-196.79135024547577,36.648079131816935,2.0,0.10600719600915909,
1956000,1487.1359603404999,-203.97697615623474,30.408408826873465,-0.0064527033550354496,15.824116230010986,0.6595736265182495,0.0054325626813806595,-196.79135024547577,36.648079131816935,2.0,0.13370224088430405,
1960000,1490.091796875,-201.82184195518494,30.297645952307903,-0.00549511374936742,11.827399730682373,0.6457666873931884,0.0042429174439360786,-196.79135024547577,36.648079131816935,2.0,0.12314218655228615,
1964000,1494.3628854751587,-196.53311097621918,42.24947284218637,-0.004109931522281851,17.33671054840088,0.6075690507888794,0.0035658428285387346,-197.61597726494074,34.81302138635316,2.0,0.12302113249897957,
1968000,1497.3369722366333,-200.91819310188293,31.560965593559157,-0.0066538542141206134,12.431920051574707,0.5976515531539917,0.008148789347615093,-197.61597726494074,34.81302138635316,2.0,0.11259452700614929,
1972000,1500.3199536800385,-190.73716378211975,30.20278954294175,-0.006314400042950652,11.790720558166504,0.6173997700214386,0.005240258211580429,-197.61597726494074,34.81302138635316,2.0,0.11893469169735908,
1976000,1503.2761015892029,-196.27702021598816,29.438603510425267,-0.006251307337079215,14.387227153778076,0.6406282424926758,0.004859102052558839,-197.61597726494074,34.81302138635316,2.0,0.09868070557713508,
1980000,1506.2229619026184,-197.2356584072113,33.192648240790895,-0.005657344196457359,12.944589328765868,0.6390483319759369,0.003960851522240172,-197.61597726494074,34.81302138635316,2.0,0.11052434965968132,
1984000,1509.1625981330872,-197.72762715816498,31.37137037267324,-0.006484018620569287,12.475192070007324,0.6313526451587677,0.005835797981126234,-197.61597726494074,34.81302138635316,2.0,0.09761494621634484,
1988000,1512.1249401569366,-199.07242679595947,33.21833280969703,-0.004065685935163188,15.874292945861816,0.603798919916153,0.0033821318891132266,-197.61597726494074,34.81302138635316,2.0,0.10175441429018975,
1992000,1515.0900330543518,-198.6023497581482,33.131590567688086,-0.00722745025887459,14.23074026107788,0.6047799706459045,0.005808695079758763,-197.61597726494074,34.81302138635316,2.0,0.10328707024455071,
1996000,1518.0136044025421,-196.41407442092896,31.34463365947135,-0.005127554425969727,10.36791534423828,0.5613117933273315,0.00530077990610156,-197.61597726494074,34.81302138635316,2.0,0.09850606247782707,
2000000,1520.9598362445831,-192.53950834274292,34.08131821780163,-0.006110810779966424,12.32789363861084,0.5830841779708862,0.004868973873089999,-197.61597726494074,34.81302138635316,2.0,0.1048602394759655,
