global_step,wall_time_s,ep_return_mean,ep_return_std,policy_loss,value_loss,entropy,approx_kl,eval_return_mean,eval_return_std,mean_k,attn_entropy,lagrange_lambda
4000,1.8643860816955566,-55.8549023270607,17.781273312546368,-0.003231379432370751,63.777289962768556,3.9072949647903443,0.0002532844043744209,,,,2.7631020735330303e-11,
8000,3.1854894161224365,-53.77078500390053,19.11884442605925,-0.01544768937490879,58.1950122833252,3.893873453140259,0.002096124118608689,,,,2.7631020735330303e-11,
12000,4.4465155601501465,-51.43252032995224,15.83309190954396,-0.002429964747978364,48.95359115600586,3.8443190336227415,0.00237889584549702,,,,2.7631020735330303e-11,
16000,5.739667892456055,-49.443509340286255,17.186084906826856,-0.016813455923460462,51.22956886291504,3.7900562047958375,0.00465776996279601,,,,2.7631020735330303e-11,
20000,7.0561277866363525,-46.050770968198776,14.807673477562698,-0.0033564827410154765,41.32861518859863,3.7259087324142457,4.023313238121773e-10,,,,2.7631020735330303e-11,
24000,8.360044717788696,-44.09165480732918,12.576866472266065,-0.003151998109317056,35.98848419189453,3.6779592275619506,1.3411044497146918e-10,,,,2.7631020735330303e-11,
28000,9.659588813781738,-46.50494885444641,15.166188824871615,-0.016759151993785037,42.778985595703126,3.6434500217437744,0.004493238276627398,,,,2.7631020735330303e-11,
32000,10.986404180526733,-47.29185149073601,15.291631194408987,-0.007720606099581318,41.2459156036377,3.669476771354675,0.0026491367956623436,,,,2.7631020735330303e-11,
36000,12.206624031066895,-47.295356422662735,14.705815352754195,-0.004383722376776866,46.73101043701172,3.5848658323287963,0.00018612845065941742,,,,2.7631020735330303e-11,
40000,13.49392819404602,-49.9920648932457,14.515609658271268,-0.010792828857316628,46.80395088195801,3.5040828704833986,0.005959155157324858,,,,2.7631020735330303e-11,
44000,16.269935131072998,-43.16623905301094,15.112287309881943,-0.010020732780452813,35.86946792602539,3.5208823680877686,0.003305351224844344,-45.57265458907932,15.539160762285393,,2.7631020735330303e-11,
48000,17.549912214279175,-46.047552198171616,15.3970831504822,-0.012793144749011809,44.47387199401855,3.536367416381836,0.0032086083287140355,-45.57265458907932,15.539160762285393,,2.7631020735330303e-11,
52000,18.757739782333374,-43.09571373462677,11.473490203387914,-0.005851721132406973,32.025093460083006,3.535373306274414,0.002789618639508262,-45.57265458907932,15.539160762285393,,2.7631020735330303e-11,
56000,19.94864296913147,-43.48281045258045,13.691984049272207,-0.013023880827240663,35.54336395263672,3.571793532371521,0.0035514735820470376,-45.57265458907932,15.539160762285393,,2.7631020735330303e-11,
60000,21.295631647109985,-41.87046205997467,15.242978865290135,-0.010348195364931544,39.88860511779785,3.5375070571899414,0.00384802037733607,-45.57265458907932,15.539160762285393,,2.7631020735330303e-11,
64000,22.487114906311035,-40.91232092678547,14.211149485511264,-0.013973102867137755,27.941535186767577,3.45477237701416,0.002748116975999437,-45.57265458907932,15.539160762285393,,2.7631020735330303e-11,
68000,23.84757661819458,-43.30264392495155,13.41479673362956,-0.006083029175759247,26.225997734069825,3.411137270927429,0.0004908913771359935,-45.57265458907932,15.539160762285393,,2.7631020735330303e-11,
72000,25.15687108039856,-42.884254574775696,13.343155652109633,-0.01000170833640741,27.125746726989746,3.354242753982544,0.0006875521618057934,-45.57265458907932,15.539160762285393,,2.7631020735330303e-11,
76000,26.478891611099243,-41.9186327457428,13.581077024427103,-0.012075631602201575,28.321402549743652,3.360633683204651,0.0040380876398412365,-45.57265458907932,15.539160762285393,,2.7631020735330303e-11,
80000,27.710407972335815,-41.59062869846821,13.138745591058647,-0.0022828736379451263,30.67676410675049,3.3813122272491456,0.002223086790181661,-45.57265458907932,15.539160762285393,,2.7631020735330303e-11,
84000,30.359211921691895,-39.55931502580643,11.49417926790353,-0.009388291072566047,26.42402744293213,3.425620603561401,0.0013689434909792907,-41.80434846598655,11.71596473186247,,2.7631020735330303e-11,
88000,31.48948383331299,-39.3283948302269,12.529651136671031,-0.004472319929394874,24.70628414154053,3.4554948091506956,0.0005209186524152698,-41.80434846598655,11.71596473186247,,2.7631020735330303e-11,
92000,32.620542764663696,-42.16744810342789,12.118743987067752,-0.004585078043397495,26.67180938720703,3.4096267461776733,1.2449846079110038e-05,-41.80434846598655,11.71596473186247,,2.7631020735330303e-11,
96000,33.93392324447632,-39.40988878905773,15.70564604134793,-0.012446584016550322,28.95373668670654,3.3883418798446656,0.003201046766480431,-41.80434846598655,11.71596473186247,,2.7631020735330303e-11,
100000,35.13630700111389,-42.60504341125488,12.417263770784597,-0.009464088820153904,23.60344581604004,3.3512492179870605,0.0025918263315106715,-41.80434846598655,11.71596473186247,,2.7631020735330303e-11,
104000,36.30597925186157,-40.884162813425064,13.677704081659172,-0.00979645013250412,20.481567001342775,3.2724254846572878,0.0050226763007231055,-41.80434846598655,11.71596473186247,,2.7631020735330303e-11,
108000,37.40777897834778,-40.22484938800335,11.054734120095153,-0.00505123437510342,19.45157833099365,3.1871488809585573,0.004874493865761909,-41.80434846598655,11.71596473186247,,2.7631020735330303e-11,
112000,38.5105094909668,-42.50477188825607,14.732346954038073,-0.011279043632093843,26.859137725830077,3.2049916982650757,0.0011772654412670392,-41.80434846598655,11.71596473186247,,2.7631020735330303e-11,
116000,39.79216980934143,-38.50687861442566,12.448813434758286,-0.012330124899744988,18.373078918457033,3.145113945007324,0.0008795661670592203,-41.80434846598655,11.71596473186247,,2.7631020735330303e-11,
120000,41.05495738983154,-42.33745303750038,15.871718268108864,-0.012824304638896134,22.16655864715576,3.2222777366638184,0.004831492685480043,-41.80434846598655,11.71596473186247,,2.7631020735330303e-11,
124000,43.689029693603516,-40.45094108581543,13.156547958669043,-0.007551483781542645,17.759108543395996,3.2596063137054445,0.003020095024839975,-38.75995364575647,12.34048024405884,,2.7631020735330303e-11,
128000,44.780985832214355,-39.2954393774271,12.277606966843841,-0.009874339370755436,16.470073699951172,3.2731422185897827,0.0022646479639224725,-38.75995364575647,12.34048024405884,,2.7631020735330303e-11,
132000,45.974483013153076,-36.56088848412037,11.637687698605406,-0.008475383385550228,12.92932415008545,3.275354337692261,0.003023729727370661,-38.75995364575647,12.34048024405884,,2.7631020735330303e-11,
136000,47.25868344306946,-39.5047402381897,10.35405184566668,-0.013632153254351586,11.766358661651612,3.224266695976257,0.0022416456369683145,-38.75995364575647,12.34048024405884,,2.7631020735330303e-11,
140000,48.55340790748596,-38.89738196134567,11.739655124066857,-0.013530776800122091,12.69522066116333,3.235728931427002,0.0010486497089004843,-38.75995364575647,12.34048024405884,,2.7631020735330303e-11,
144000,49.801273584365845,-39.0348624587059,11.625743439763935,-0.004886254330049233,14.978456783294678,3.109519290924072,0.0011678676906740292,-38.75995364575647,12.34048024405884,,2.7631020735330303e-11,
148000,51.01031947135925,-37.436366602778435,11.182914593309876,-0.005604854892706434,13.426565456390382,3.232604742050171,0.001285598089452833,-38.75995364575647,12.34048024405884,,2.7631020735330303e-11,
152000,52.2983512878418,-34.317597806453705,10.628947401536985,-0.011111523596104256,7.822779750823974,3.222916913032532,0.004095673544448797,-38.75995364575647,12.34048024405884,,2.7631020735330303e-11,
156000,53.54109334945679,-36.959355637431145,12.29456622545799,-0.008342966707656174,12.919944190979004,3.2260244369506834,0.0019738633507695447,-38.75995364575647,12.34048024405884,,2.7631020735330303e-11,
160000,54.81704378128052,-38.66248378157616,10.55871668362442,-0.003029516163486079,15.046154880523682,3.1450241804122925,0.00038483379466924816,-38.75995364575647,12.34048024405884,,2.7631020735330303e-11,
164000,57.520819425582886,-38.21611827611923,11.914452864526837,-0.014287769587244804,9.771260070800782,3.0940569162368776,0.002100043149373959,-36.85647647129372,11.641185011776345,,2.7631020735330303e-11,
168000,58.60201978683472,-37.02379035949707,11.70793982159343,-0.011283432338153964,11.387479782104492,3.012161445617676,0.0032581232998636577,-36.85647647129372,11.641185011776345,,2.7631020735330303e-11,
172000,59.69768738746643,-38.49288046360016,10.25470945391106,-0.008147908401675518,10.240060710906983,2.9973628282547,0.003119138185866177,-36.85647647129372,11.641185011776345,,2.7631020735330303e-11,
176000,60.78660702705383,-38.736447006464005,11.29542338543012,-0.013911137844435827,10.76339931488037,3.054932141304016,0.0061574778791982695,-36.85647647129372,11.641185011776345,,2.7631020735330303e-11,
180000,61.90642547607422,-38.08418428897858,11.073560218354258,-0.008778845634777177,14.887029552459717,3.1323973417282103,0.002295591718211654,-36.85647647129372,11.641185011776345,,2.7631020735330303e-11,
184000,63.16098737716675,-34.299515664577484,10.358311590413946,-0.012986762068932923,9.71342716217041,3.1515035390853883,0.005499566107755527,-36.85647647129372,11.641185011776345,,2.7631020735330303e-11,
188000,64.38949680328369,-37.48393999040127,10.057243014485328,-0.011625931246206167,9.967231369018554,3.1589850187301636,0.0016963415474164911,-36.85647647129372,11.641185011776345,,2.7631020735330303e-11,
192000,65.63814353942871,-38.55539597570896,10.27719714646703,-0.006655615220079269,11.269839763641357,3.184475612640381,0.0,-36.85647647129372,11.641185011776345,,2.7631020735330303e-11,
196000,66.93932485580444,-36.916912376880646,13.213303821286685,-0.01219720805110409,12.25728816986084,3.19331374168396,0.0031140253347693657,-36.85647647129372,11.641185011776345,,2.7631020735330303e-11,
200000,68.1942491531372,-34.27122098207474,11.313643419098046,-0.005528049471577212,9.038962078094482,3.161570358276367,0.0012268628546735273,-36.85647647129372,11.641185011776345,,2.7631020735330303e-11,
204000,70.898592710495,-35.1127887070179,10.335934513943329,-0.006526597060961592,11.038510990142822,3.075262522697449,0.0038683390215737746,-35.58292629942298,10.54117804318451,,2.7631020735330303e-11,
208000,72.20984554290771,-36.434395000338554,11.335121358003738,-0.009390742436167776,8.098610973358154,3.14187171459198,0.0022076965317828546,-35.58292629942298,10.54117804318451,,2.7631020735330303e-11,
212000,73.47646474838257,-36.55056074261665,10.779415109783814,-0.009183894335757925,9.35384407043457,3.1008666515350343,0.0008470889874587328,-35.58292629942298,10.54117804318451,,2.7631020735330303e-11,
216000,74.73148989677429,-36.843675419688225,12.690841402463226,-0.016329068575520012,11.722405242919923,3.0764551401138305,0.006479131945408878,-35.58292629942298,10.54117804318451,,2.7631020735330303e-11,
220000,75.96551179885864,-36.994736701250076,11.55751173115318,-0.012797724794130794,11.326216983795167,3.1128361940383913,0.005812982382485643,-35.58292629942298,10.54117804318451,,2.7631020735330303e-11,
224000,77.21480774879456,-33.475455924868584,9.21566302395541,-0.012457535875029846,7.105316162109375,3.1098922967910765,0.0069838394108228345,-35.58292629942298,10.54117804318451,,2.7631020735330303e-11,
228000,78.45359659194946,-37.92182946205139,11.198943265324447,-0.014982328715268523,9.221157550811768,3.0425459861755373,0.007756628468632698,-35.58292629942298,10.54117804318451,,2.7631020735330303e-11,
232000,79.6984121799469,-37.78197377920151,12.260608880684668,-0.007620093628997004,11.178530883789062,3.0261831760406492,0.003233784042822663,-35.58292629942298,10.54117804318451,,2.7631020735330303e-11,
236000,80.96892881393433,-37.51581925153732,10.852478197980377,-0.0052644624551758225,11.188279914855958,2.998389983177185,0.004579960253089666,-35.58292629942298,10.54117804318451,,2.7631020735330303e-11,
240000,82.24261116981506,-34.90687917172909,10.59602408080218,-0.008738037385977827,8.854747486114501,2.9358284950256346,0.0023328698690747275,-35.58292629942298,10.54117804318451,,2.7631020735330303e-11,
244000,84.7848391532898,-35.62615570425987,12.171389354448833,-0.011294102467363842,9.374202156066895,2.9455549478530885,0.0036137831641826603,-35.245536303846166,11.358159890275806,,2.7631020735330303e-11,
248000,85.87703537940979,-38.469739854335785,12.051703993062514,-0.012360675679985444,9.860052108764648,2.9754593133926392,0.0019567465526051818,-35.245536303846166,11.358159890275806,,2.7631020735330303e-11,
252000,86.97961759567261,-33.2009991556406,12.222651648389382,-0.0145414339248091,11.040336227416992,2.9894975423812866,0.003927014919245253,-35.245536303846166,11.358159890275806,,2.7631020735330303e-11,
256000,88.07690501213074,-38.05495531857014,13.152164408232936,-0.010062418860616162,9.239449787139893,2.927050757408142,0.003104782038717513,-35.245536303846166,11.358159890275806,,2.7631020735330303e-11,
260000,89.19009780883789,-35.077491357922554,9.482439021195802,-0.016736655496992194,6.8956633567810055,2.7709187984466555,0.00011002780497069154,-35.245536303846166,11.358159890275806,,2.7631020735330303e-11,
264000,90.34090662002563,-38.885439306497574,11.926664530514454,-0.016038091050460945,10.182089138031007,2.825819396972656,0.001895264215767334,-35.245536303846166,11.358159890275806,,2.7631020735330303e-11,
268000,91.54534935951233,-36.657358676195145,9.373761123333766,-0.0072306143746245334,9.063891506195068,2.853892517089844,0.002149792456475552,-35.245536303846166,11.358159890275806,,2.7631020735330303e-11,
272000,92.76113963127136,-37.7957429587841,10.300177054028161,-0.019659001532942,7.8987092018127445,2.7905879259109496,0.004434384492924437,-35.245536303846166,11.358159890275806,,2.7631020735330303e-11,
276000,93.87423968315125,-36.84997084736824,10.524219249054422,-0.01008847676799629,10.216894626617432,2.7683397769927978,0.0028720744648016994,-35.245536303846166,11.358159890275806,,2.7631020735330303e-11,
280000,94.97650194168091,-34.45551311969757,11.164875175492435,-0.012630708675133207,9.605759143829346,2.763938879966736,0.004490188878844492,-35.245536303846166,11.358159890275806,,2.7631020735330303e-11,
284000,97.6675877571106,-36.942610278725624,11.97217355135514,-0.010251655811909632,9.275369262695312,2.7901669263839723,0.000814666991122065,-35.52479233406484,11.693733037346593,,2.7631020735330303e-11,
288000,98.80609846115112,-33.702462464571,10.003057644674596,-0.013232828023377774,8.583949565887451,2.727003884315491,0.004164109249832038,-35.52479233406484,11.693733037346593,,2.7631020735330303e-11,
292000,100.07727932929993,-37.892453253269196,9.715347838294894,-0.01182738868566231,11.119225215911865,2.745035743713379,0.0007056771166389808,-35.52479233406484,11.693733037346593,,2.7631020735330303e-11,
296000,101.37486791610718,-37.224474653601646,12.724230734608302,-0.013358047349378488,8.327269029617309,2.7051971912384034,0.00509496175707318,-35.52479233406484,11.693733037346593,,2.7631020735330303e-11,
300000,102.65368676185608,-39.26239237189293,11.064216133204136,-0.0182990955943243,9.223359775543212,2.7211928367614746,0.0011184387374669313,-35.52479233406484,11.693733037346593,,2.7631020735330303e-11,
304000,103.96618866920471,-36.98604774475098,10.589945500600997,-0.011527049366850405,8.417531585693359,2.812020206451416,0.002683197951642802,-35.52479233406484,11.693733037346593,,2.7631020735330303e-11,
308000,105.24073648452759,-34.84031757712364,12.033168329529916,-0.010860627431888226,8.82808313369751,2.7421347379684446,0.00293325477396138,-35.52479233406484,11.693733037346593,,2.7631020735330303e-11,
312000,106.53547167778015,-35.19710074365139,12.139661406604631,-0.01896148286014796,7.834495592117309,2.775461220741272,0.005945710524683801,-35.52479233406484,11.693733037346593,,2.7631020735330303e-11,
316000,107.80267524719238,-33.91235235333443,10.080837515250781,-0.008896273976308277,6.196217727661133,2.702524185180664,0.004590233342605643,-35.52479233406484,11.693733037346593,,2.7631020735330303e-11,
320000,109.08427667617798,-35.85422012209892,12.406709714051178,-0.010717315784655535,9.747115993499756,2.704277276992798,0.0033130124327726664,-35.52479233406484,11.693733037346593,,2.7631020735330303e-11,
324000,111.7804183959961,-36.77401700615883,12.016115637683182,-0.008929790330119402,10.979940414428711,2.7763516902923584,0.0013313938630744814,-36.42770111607388,12.282484540456746,,2.7631020735330303e-11,
328000,113.01029014587402,-37.076607793569565,11.587670741164924,-0.014982909222133411,7.813091182708741,2.748055839538574,0.0025485564256086946,-36.42770111607388,12.282484540456746,,2.7631020735330303e-11,
332000,114.26605868339539,-34.37666477262974,11.358421432336309,-0.014989207198843358,8.576178455352784,2.8006746053695677,0.005573104018461894,-36.42770111607388,12.282484540456746,,2.7631020735330303e-11,
336000,115.5287594795227,-36.071139216423035,11.553255737956535,-0.010295989754842605,8.683670616149902,2.7665920495986938,0.005303109119995497,-36.42770111607388,12.282484540456746,,2.7631020735330303e-11,
340000,116.73682236671448,-35.42883080244064,11.983945144343888,-0.015501062167342816,8.032950305938721,2.7815596580505373,0.005269297148333863,-36.42770111607388,12.282484540456746,,2.7631020735330303e-11,
344000,118.00873112678528,-33.41877178102732,10.394613954165761,-0.013356331033166491,6.987543249130249,2.67857768535614,0.004396454112429638,-36.42770111607388,12.282484540456746,,2.7631020735330303e-11,
348000,119.30272054672241,-35.608805656433105,11.167972662689325,-0.011550018884241587,9.534021091461181,2.7334901094436646,0.002720511076040566,-36.42770111607388,12.282484540456746,,2.7631020735330303e-11,
352000,120.56970381736755,-36.866567224264145,11.356706851905187,-0.007602187903597945,9.496550941467286,2.6925761699676514,0.00267533293936868,-36.42770111607388,12.282484540456746,,2.7631020735330303e-11,
356000,121.7833046913147,-36.56378810107708,10.015021612283688,-0.007039237938588627,8.759354877471925,2.760580587387085,0.0014262987487891233,-36.42770111607388,12.282484540456746,,2.7631020735330303e-11,
360000,123.0584225654602,-37.9004120528698,11.350019088274035,-0.005042505065328484,10.785651206970215,2.7478384733200074,7.5445175752975045e-06,-36.42770111607388,12.282484540456746,,2.7631020735330303e-11,
364000,125.83468246459961,-37.42024776339531,13.507368942769007,-0.012472401081118712,10.39012098312378,2.791216731071472,0.004784259066218511,-36.24827917665243,13.152145499957012,,2.7631020735330303e-11,
368000,127.11310124397278,-35.77526964247227,11.957961938695936,-0.01368068500747901,7.789542722702026,2.7792207479476927,0.0018110007344148472,-36.24827917665243,13.152145499957012,,2.7631020735330303e-11,
372000,128.40433478355408,-36.173634096980095,12.816951167987966,-0.012031886256299983,8.459740924835206,2.7953168869018556,0.004634824989479957,-36.24827917665243,13.152145499957012,,2.7631020735330303e-11,
376000,129.6777627468109,-35.436391443014145,10.426595035419579,-0.01907369768619538,6.648330116271973,2.8297026634216307,0.0007633777880109826,-36.24827917665243,13.152145499957012,,2.7631020735330303e-11,
380000,130.95668363571167,-35.575263023376465,10.046790830481253,-0.011996966003905984,6.441568899154663,2.771994686126709,0.0034442710395524044,-36.24827917665243,13.152145499957012,,2.7631020735330303e-11,
384000,132.23674845695496,-35.17078197002411,11.546036061985031,-0.0065161282427725455,9.023844718933105,2.8130017518997192,0.001008861498034097,-36.24827917665243,13.152145499957012,,2.7631020735330303e-11,
388000,133.4849967956543,-36.12880718708038,9.06226868495008,-0.016384135530795874,8.829672241210938,2.7612812519073486,0.004894363226776477,-36.24827917665243,13.152145499957012,,2.7631020735330303e-11,
392000,134.70113492012024,-35.91557079553604,11.481527513225489,-0.013597986915614424,7.893474006652832,2.750925302505493,0.004685157824496855,-36.24827917665243,13.152145499957012,,2.7631020735330303e-11,
396000,135.97094225883484,-34.40268628299236,11.20927147167779,-0.006809651656791172,7.626882457733155,2.758778142929077,0.0029726078442763536,-36.24827917665243,13.152145499957012,,2.7631020735330303e-11,
400000,137.22583651542664,-39.427850261330605,12.091307606657825,-0.011758052718359923,9.205096244812012,2.6711072444915773,0.0036997669650008723,-36.24827917665243,13.152145499957012,,2.7631020735330303e-11,
404000,139.7803921699524,-37.850238263607025,10.593299895237884,-0.012428538600448524,7.582727384567261,2.723845052719116,0.0016114059733226328,-36.582341524772346,13.559980775083426,,2.7631020735330303e-11,
408000,140.95683479309082,-35.17290582507849,11.093508830523648,-0.009660198084311488,8.426332807540893,2.6217533826828,0.0021785313115687986,-36.582341524772346,13.559980775083426,,2.7631020735330303e-11,
412000,142.22567319869995,-36.606385573744774,10.934308897878234,-0.01580025711841877,7.333461666107178,2.591602897644043,0.004083002341911168,-36.582341524772346,13.559980775083426,,2.7631020735330303e-11,
416000,143.49580430984497,-35.87085556983948,9.04681134388661,-0.018063402925617922,6.007972383499146,2.540666699409485,0.008991447510197759,-36.582341524772346,13.559980775083426,,2.7631020735330303e-11,
420000,144.7513632774353,-34.730872735381126,10.314407090630851,-0.008447443440786628,6.743992900848388,2.441396474838257,0.0010590390543220528,-36.582341524772346,13.559980775083426,,2.7631020735330303e-11,
424000,145.97918486595154,-32.28658737242222,10.408912684041697,-0.011151353197172286,8.08418779373169,2.523556447029114,0.0005746227565686546,-36.582341524772346,13.559980775083426,,2.7631020735330303e-11,
428000,147.18778228759766,-36.01292164623737,11.006881511282758,-0.010762760699959451,7.22919397354126,2.4686338663101197,0.005298585258424282,-36.582341524772346,13.559980775083426,,2.7631020735330303e-11,
432000,148.36009311676025,-34.31241373717785,11.888541948263757,-0.015734474119031817,5.522442054748535,2.5089665174484255,0.004482710149022751,-36.582341524772346,13.559980775083426,,2.7631020735330303e-11,
436000,149.53640341758728,-35.85042704641819,10.549248808553292,-0.020400964683853086,7.637964391708374,2.5177553415298464,0.004669305798073786,-36.582341524772346,13.559980775083426,,2.7631020735330303e-11,
440000,150.68964314460754,-36.91954739391804,12.617277635026346,-0.011089907175628433,7.8508385181427,2.4890386343002318,0.0014351122274674389,-36.582341524772346,13.559980775083426,,2.7631020735330303e-11,
444000,153.40474104881287,-33.80405826866627,11.97494922505984,-0.011522009175736425,7.475565624237061,2.500041389465332,0.005876931396662233,-35.747829131316394,12.848246831708764,,2.7631020735330303e-11,
448000,154.60058617591858,-32.694015979766846,11.647278795387194,-0.012436939130537183,5.379760837554931,2.4826351404190063,0.005189995251828805,-35.747829131316394,12.848246831708764,,2.7631020735330303e-11,
452000,155.7117018699646,-35.699086502194405,9.709150602105279,-0.016077256768476288,7.331315040588379,2.4284377098083496,0.006619320908794179,-35.747829131316394,12.848246831708764,,2.7631020735330303e-11,
456000,156.8112473487854,-34.35163213312626,10.193701400476156,-0.015699961816426366,6.984456586837768,2.4364750146865846,0.004286854589852673,-35.747829131316394,12.848246831708764,,2.7631020735330303e-11,
460000,157.90656399726868,-37.131507247686386,10.9073384402271,-0.011487793438835058,10.427095413208008,2.4481300115585327,0.002696212779293994,-35.747829131316394,12.848246831708764,,2.7631020735330303e-11,
464000,159.0092740058899,-37.33288460969925,13.921702393897395,-0.00929260995239023,10.869180393218993,2.405803608894348,0.005257477435225155,-35.747829131316394,12.848246831708764,,2.7631020735330303e-11,
468000,160.10875940322876,-34.36599999666214,9.389321995212267,-0.014747420210856977,5.894773817062378,2.4465715885162354,0.00577430682419795,-35.747829131316394,12.848246831708764,,2.7631020735330303e-11,
472000,161.21375679969788,-34.892476841807365,9.691649918371517,-0.014354514605365765,7.091713523864746,2.470618796348572,0.0020280771455873036,-35.747829131316394,12.848246831708764,,2.7631020735330303e-11,
476000,162.39405989646912,-34.18166184425354,10.561620234299049,-0.013097262856550506,8.810168075561524,2.4908902645111084,0.002360329650400672,-35.747829131316394,12.848246831708764,,2.7631020735330303e-11,
480000,163.62719249725342,-33.795460283756256,13.134958449571215,-0.007778301525861009,8.968381786346436,2.384107255935669,0.008056562766432762,-35.747829131316394,12.848246831708764,,2.7631020735330303e-11,
484000,166.35121273994446,-35.448906898498535,10.372955344513723,-0.015186474293470375,6.7893369674682615,2.3523664236068726,0.0059720920381368895,-36.069582192692906,13.341851894093415,,2.7631020735330303e-11,
488000,167.4593005180359,-37.7647585272789,10.277389039250247,-0.0067844156739302,10.570737838745117,2.3843921661376952,0.00045479283784501947,-36.069582192692906,13.341851894093415,,2.7631020735330303e-11,
492000,168.53932237625122,-35.86513710021973,12.272363418856234,-0.01206978529272602,9.722480010986327,2.423265814781189,0.004982836765702814,-36.069582192692906,13.341851894093415,,2.7631020735330303e-11,
496000,169.64240860939026,-34.55819499492645,10.657902420165756,-0.018993925267830482,6.673279571533203,2.3456581115722654,0.004109903323478647,-36.069582192692906,13.341851894093415,,2.7631020735330303e-11,
500000,170.7450830936432,-36.87609325349331,10.717201726220514,-0.005860909827984861,7.371656608581543,2.3282763957977295,0.0024903031431604107,-36.069582192692906,13.341851894093415,,2.7631020735330303e-11,
504000,171.86980605125427,-37.4154397547245,12.035677412199762,-0.008776294984243593,9.445428562164306,2.302968168258667,0.002404654708865564,-36.069582192692906,13.341851894093415,,2.7631020735330303e-11,
508000,172.98892831802368,-33.35756413638592,9.71513036018952,-0.012966804238036289,7.265372467041016,2.320286989212036,0.009471671835053642,-36.069582192692906,13.341851894093415,,2.7631020735330303e-11,
512000,174.24788308143616,-37.43722607195377,12.736399824405481,-0.008825746159302072,8.319079256057739,2.3870845794677735,0.0019450156762104598,-36.069582192692906,13.341851894093415,,2.7631020735330303e-11,
516000,175.4978015422821,-32.75639592111111,11.867997187331115,-0.013223056567367308,6.6871102809906,2.388865828514099,0.0034281285130418836,-36.069582192692906,13.341851894093415,,2.7631020735330303e-11,
520000,176.72586035728455,-35.11061227321625,9.497467100267404,-0.01406590714817888,7.41789927482605,2.380311965942383,0.0029307361852261237,-36.069582192692906,13.341851894093415,,2.7631020735330303e-11,
524000,179.36247658729553,-35.539860278367996,11.668990532654135,-0.017404280118644345,5.473765563964844,2.4234304666519164,0.0006991583605994833,-35.59136584587395,12.365804891756746,,2.7631020735330303e-11,
528000,180.49488019943237,-35.901876628398895,11.860906746836587,-0.011387624201830482,8.410163736343383,2.4542742013931274,0.006717927654739464,-35.59136584587395,12.365804891756746,,2.7631020735330303e-11,
532000,181.6184344291687,-35.27798220515251,10.903954278362773,-0.009374403023626687,6.60050892829895,2.47486674785614,0.000542320531887519,-35.59136584587395,12.365804891756746,,2.7631020735330303e-11,
536000,182.75051736831665,-33.26198649406433,11.93869135628535,-0.016830852954648458,6.032493638992309,2.486694169044495,0.00580202981363982,-35.59136584587395,12.365804891756746,,2.7631020735330303e-11,
540000,183.882404088974,-34.53960303962231,11.817179364371771,-0.013125123401638206,7.437637805938721,2.4629563093185425,0.004414660754264332,-35.59136584587395,12.365804891756746,,2.7631020735330303e-11,
544000,185.01110458374023,-35.648536652326584,11.490976382169373,-0.01186800577561371,8.542193603515624,2.4907137393951415,0.004038314674282439,-35.59136584587395,12.365804891756746,,2.7631020735330303e-11,
548000,186.20915484428406,-35.382953092455864,12.907608446118836,-0.015352073835441838,7.956981754302978,2.4437547445297243,0.0026638606388587503,-35.59136584587395,12.365804891756746,,2.7631020735330303e-11,
552000,187.44663453102112,-35.65973627567291,11.922169352117903,-0.007618475479073838,6.832270669937134,2.442226243019104,0.001895108366210474,-35.59136584587395,12.365804891756746,,2.7631020735330303e-11,
556000,188.71264624595642,-34.09052889049053,11.708954422912125,-0.007637668969808153,7.929756784439087,2.4700124740600584,0.00026891058665921006,-35.59136584587395,12.365804891756746,,2.7631020735330303e-11,
560000,189.9450261592865,-33.480619952082634,10.085042382465847,-0.020500858609099025,5.341512632369995,2.4565982103347777,0.0028181018613395283,-35.59136584587395,12.365804891756746,,2.7631020735330303e-11,
564000,192.55173707008362,-36.47848403453827,10.542660670128944,-0.019028974310494818,7.4607823371887205,2.4349475860595704,0.005357467534486205,-36.63997197605204,12.197518738578797,,2.7631020735330303e-11,
568000,193.83057379722595,-32.685895189642906,10.925181456356325,-0.01840287069045008,5.487227535247802,2.3644759893417358,0.005698964585462818,-36.63997197605204,12.197518738578797,,2.7631020735330303e-11,
572000,195.01828622817993,-32.66093009710312,9.416341191164376,-0.018974369829054937,5.828728914260864,2.406737780570984,0.004867382074007764,-36.63997197605204,12.197518738578797,,2.7631020735330303e-11,
576000,196.2756803035736,-36.54189819097519,10.722465412575437,-0.01566167881153522,5.4692192554473875,2.371390724182129,0.003390077773670752,-36.63997197605204,12.197518738578797,,2.7631020735330303e-11,
580000,197.5147511959076,-34.53192600607872,11.455014292598834,-0.016307459401665246,8.269306087493897,2.4154065608978272,0.002925016247900203,-36.63997197605204,12.197518738578797,,2.7631020735330303e-11,
584000,198.78499960899353,-34.68754932284355,10.201173518487456,-0.01791967087145894,5.908413505554199,2.364594316482544,0.0064125222925213166,-36.63997197605204,12.197518738578797,,2.7631020735330303e-11,
588000,200.0225429534912,-35.65634202957153,10.132300518525033,-0.0088430000566877,6.528844356536865,2.3067108631134032,0.0011135655255202436,-36.63997197605204,12.197518738578797,,2.7631020735330303e-11,
592000,201.28795766830444,-33.65003667771816,10.529640460951903,-0.017415740840136973,6.794141674041748,2.3086376905441286,0.0066884469270007685,-36.63997197605204,12.197518738578797,,2.7631020735330303e-11,
596000,202.52241206169128,-37.9016579836607,11.618781139532524,-0.007816381340846413,9.719739437103271,2.2734563827514647,0.0033465656448242952,-36.63997197605204,12.197518738578797,,2.7631020735330303e-11,
600000,203.7899923324585,-33.919712111353874,10.17586944738206,-0.009197310540825131,5.266261005401612,2.317436456680298,0.003684727509971708,-36.63997197605204,12.197518738578797,,2.7631020735330303e-11,
604000,206.49518537521362,-34.77153939008713,10.828711100886254,-0.016632637063041335,6.1618523597717285,2.296437668800354,0.004071683529764414,-36.25508621451445,12.071520135071337,,2.7631020735330303e-11,
608000,207.71287512779236,-35.7746787071228,10.480358173422635,-0.008495326264062797,8.136995315551758,2.229230046272278,0.002111201296793297,-36.25508621451445,12.071520135071337,,2.7631020735330303e-11,
612000,208.98747539520264,-36.324290066957474,10.59233788127046,-0.018289095260202882,6.220424652099609,2.21831214427948,0.0025170817330945282,-36.25508621451445,12.071520135071337,,2.7631020735330303e-11,
616000,210.2486491203308,-34.59572243690491,11.102557202709615,-0.015537621067836849,7.1758593082427975,2.2035438060760497,0.0004142090561799705,-36.25508621451445,12.071520135071337,,2.7631020735330303e-11,
620000,211.50553560256958,-35.396896347403526,9.364172234791186,-0.01609419054863981,6.479760313034058,2.1533417463302613,0.005287415356142433,-36.25508621451445,12.071520135071337,,2.7631020735330303e-11,
624000,212.81432032585144,-33.32263107597828,10.069492663778425,-0.014653247550595693,5.741253900527954,2.25609974861145,0.0029199517819506584,-36.25508621451445,12.071520135071337,,2.7631020735330303e-11,
628000,214.11056780815125,-34.932526648044586,9.45234605282584,-0.019741282478906184,6.519595003128051,2.1949860095977782,0.009101154572213999,-36.25508621451445,12.071520135071337,,2.7631020735330303e-11,
632000,215.36969661712646,-34.90771692991257,13.116053607216937,-0.01006021170085294,8.010951471328735,2.171459197998047,0.002103824182995595,-36.25508621451445,12.071520135071337,,2.7631020735330303e-11,
636000,216.61017894744873,-34.34302321076393,10.03914743051142,-0.018623630485497422,6.7876198291778564,2.2214994192123414,0.0034543994290288536,-36.25508621451445,12.071520135071337,,2.7631020735330303e-11,
640000,217.83326625823975,-37.51017388701439,10.809149786886556,-0.012906268513761532,7.174762630462647,2.1573689937591554,0.004116377890110013,-36.25508621451445,12.071520135071337,,2.7631020735330303e-11,
644000,220.59229946136475,-34.76577588915825,10.424843837290549,-0.01675434561353173,7.894212341308593,2.0411055088043213,0.005696951000718364,-36.169503395212814,12.083620552728577,,2.7631020735330303e-11,
648000,221.85271167755127,-35.07120479643345,10.521880491772341,-0.016894418902229445,6.376994800567627,2.0246310949325563,0.007147154233534803,-36.169503395212814,12.083620552728577,,2.7631020735330303e-11,
652000,223.11912870407104,-34.759228602051735,12.539274526004808,-0.0143819688502699,8.725823020935058,2.033510184288025,0.003040992781461682,-36.169503395212814,12.083620552728577,,2.7631020735330303e-11,
656000,224.35458374023438,-34.00589559972286,9.869039825365062,-0.01352008864935481,5.901210689544678,1.9813111424446106,0.0021390150766819717,-36.169503395212814,12.083620552728577,,2.7631020735330303e-11,
660000,225.61939811706543,-36.71813774108887,12.53929777081107,-0.0140229380941018,7.101739835739136,2.0550553798675537,0.004362904181471094,-36.169503395212814,12.083620552728577,,2.7631020735330303e-11,
664000,226.90295696258545,-35.61232313513756,11.35346257378991,-0.01934337345138192,5.74998893737793,2.074688935279846,0.00448900020273868,-36.169503395212814,12.083620552728577,,2.7631020735330303e-11,
668000,228.18942499160767,-32.514163717627525,9.485816861274502,-0.008878653306281237,5.627607202529907,2.0351967096328734,0.0023363146261544897,-36.169503395212814,12.083620552728577,,2.7631020735330303e-11,
672000,229.50469660758972,-34.567841187119484,11.784027853608634,-0.01908089230768386,6.499968862533569,2.0874271154403687,0.004475104192504631,-36.169503395212814,12.083620552728577,,2.7631020735330303e-11,
676000,230.79873323440552,-36.75103032588959,10.250986965423019,-0.020879194742999974,5.962248420715332,2.0658805847167967,0.007401176955085198,-36.169503395212814,12.083620552728577,,2.7631020735330303e-11,
680000,232.02734446525574,-32.99242666363716,10.62859134210488,-0.015465903815347737,6.2500354766845705,2.02134428024292,0.0058767811511643234,-36.169503395212814,12.083620552728577,,2.7631020735330303e-11,
684000,234.81142258644104,-34.19824895262718,11.674392686364177,-0.011464672148227684,5.80693883895874,2.096160411834717,0.0009165533445774088,-35.42005185550079,11.882149035997331,,2.7631020735330303e-11,
688000,236.08306908607483,-33.21715804934502,9.173926040332177,-0.01962808883655818,5.699068164825439,2.038745307922363,0.004085635475290417,-35.42005185550079,11.882149035997331,,2.7631020735330303e-11,
692000,237.22751355171204,-31.886443182826042,9.98348843396312,-0.02261213097814476,4.650964736938477,2.041337513923645,0.010467334149871022,-35.42005185550079,11.882149035997331,,2.7631020735330303e-11,
696000,238.36556434631348,-34.766085505485535,11.393694801876427,-0.01024228381924317,5.883693981170654,2.039236283302307,0.0043566313139162816,-35.42005185550079,11.882149035997331,,2.7631020735330303e-11,
700000,239.4861855506897,-35.375815361738205,10.131211866048611,-0.015168442294001494,6.205769395828247,2.0032288312911986,0.012260692352429015,-35.42005185550079,11.882149035997331,,2.7631020735330303e-11,
704000,240.59751868247986,-35.16624288260937,11.687328844992646,-0.014274040519259868,7.845877599716187,1.9987387180328369,0.008557689470238916,-35.42005185550079,11.882149035997331,,2.7631020735330303e-11,
708000,241.73678016662598,-33.68819007277489,10.17322703841313,-0.01168822592101062,6.090267562866211,1.8384655714035034,0.0063550115446560085,-35.42005185550079,11.882149035997331,,2.7631020735330303e-11,
712000,243.0285918712616,-35.389276042580605,10.97335076245391,-0.011672847736161174,7.357494878768921,1.8754763960838319,0.002208411465107929,-35.42005185550079,11.882149035997331,,2.7631020735330303e-11,
716000,244.29466795921326,-34.62865300476551,9.507163767761808,-0.02070805141981691,5.378207540512085,1.850085484981537,0.005265451887622463,-35.42005185550079,11.882149035997331,,2.7631020735330303e-11,
720000,245.59585738182068,-34.32377490401268,11.325995092936179,-0.013925947844982111,6.448756074905395,1.9509394764900208,0.005098922665463768,-35.42005185550079,11.882149035997331,,2.7631020735330303e-11,
724000,248.31543731689453,-36.950139343738556,11.41595180365984,-0.012987065128516394,8.155421924591064,1.9318643093109131,0.0054040474351495504,-34.91960876155645,11.011617133378374,,2.7631020735330303e-11,
728000,249.5507414340973,-33.49188360571861,9.986032994431518,-0.019865083892829725,4.8668334007263185,2.000071346759796,0.004877023849985562,-34.91960876155645,11.011617133378374,,2.7631020735330303e-11,
732000,250.69461965560913,-34.24530664086342,12.475381256747687,-0.01563778242096294,7.658813381195069,2.0175835847854615,0.002278473104524892,-34.91960876155645,11.011617133378374,,2.7631020735330303e-11,
736000,251.7811164855957,-35.710627153515816,12.23870229495908,-0.008801759141817467,6.636182594299316,2.0205072164535522,0.0013975324982311577,-34.91960876155645,11.011617133378374,,2.7631020735330303e-11,
740000,252.86094093322754,-34.03911831974983,10.4680690325589,-0.011139646140392756,7.013064336776734,1.974141037464142,0.004345675275544636,-34.91960876155645,11.011617133378374,,2.7631020735330303e-11,
744000,254.1199643611908,-34.47619371116161,11.421847834012524,-0.009025569695921165,6.54424352645874,1.9535498857498168,0.001562459884444234,-34.91960876155645,11.011617133378374,,2.7631020735330303e-11,
748000,255.39437580108643,-34.91794906556606,11.3535884887795,-0.022812726306728946,7.659228849411011,1.9674197077751159,0.005177235770897815,-34.91960876155645,11.011617133378374,,2.7631020735330303e-11,
752000,256.67172145843506,-35.83969187736511,11.249560063641498,-0.016269567143637698,6.9449714660644535,2.0172648429870605,0.00262128708709497,-34.91960876155645,11.011617133378374,,2.7631020735330303e-11,
756000,257.88856768608093,-36.63248358666897,12.36678625294812,-0.011066407431848325,6.581913137435913,2.0558835744857786,0.006416313780937344,-34.91960876155645,11.011617133378374,,2.7631020735330303e-11,
760000,259.0471360683441,-34.163321539759636,12.162021308751848,-0.014913834460079656,5.710734939575195,2.020573878288269,0.006341736263595443,-34.91960876155645,11.011617133378374,,2.7631020735330303e-11,
764000,261.63942670822144,-34.32475504279137,11.257683575092665,-0.014496710051316874,6.417014741897583,2.0578070878982544,0.0014486612190375502,-34.772818786557764,11.291362336243125,,2.7631020735330303e-11,
768000,262.7436053752899,-34.04641115665436,11.112416617452187,-0.02704393220879142,4.722298336029053,2.0816638708114623,0.0074347085481276665,-34.772818786557764,11.291362336243125,,2.7631020735330303e-11,
772000,263.84461069107056,-31.785673663020134,10.39504684538756,-0.017368387245107454,5.359336519241333,2.1734615087509157,0.0046740105841308836,-34.772818786557764,11.291362336243125,,2.7631020735330303e-11,
776000,265.0772879123688,-36.17604064941406,11.934647356415756,-0.012099314396735217,6.318119049072266,2.2070508003234863,0.0016574696055613458,-34.772818786557764,11.291362336243125,,2.7631020735330303e-11,
780000,266.3132064342499,-37.15701651573181,11.679578827823628,-0.017831395063083556,6.623399162292481,2.188799738883972,0.0010256295513826786,-34.772818786557764,11.291362336243125,,2.7631020735330303e-11,
784000,267.44263339042664,-37.63433703780174,10.324138416437131,-0.012371552714146717,8.930312633514404,2.222183585166931,0.004467548651155085,-34.772818786557764,11.291362336243125,,2.7631020735330303e-11,
788000,268.58205461502075,-34.218233823776245,9.862396968072717,-0.013731319577433166,7.394528865814209,2.1820505142211912,0.002033512526218928,-34.772818786557764,11.291362336243125,,2.7631020735330303e-11,
792000,269.6984326839447,-37.027098685503006,11.555476961937899,-0.01754992323927578,6.357187700271607,2.164933109283447,0.006818415090674534,-34.772818786557764,11.291362336243125,,2.7631020735330303e-11,
796000,270.93522930145264,-37.150546833872795,12.045660651103445,-0.022441910724155533,6.524261379241944,2.1506516218185423,0.007431958348024637,-34.772818786557764,11.291362336243125,,2.7631020735330303e-11,
800000,272.2008080482483,-32.81023320555687,11.099921539526358,-0.013687994309701069,6.371835041046142,2.1977119922637938,0.003177851205055049,-34.772818786557764,11.291362336243125,,2.7631020735330303e-11,
804000,274.937212228775,-35.07917423546314,11.343984710203728,-0.015346663360483959,7.072978067398071,2.174025559425354,0.005195274937432259,-35.38911694101989,11.568088283688086,,2.7631020735330303e-11,
808000,276.2340693473816,-32.18820881843567,9.990215973236836,-0.022254355608485633,5.285303783416748,2.1477905988693236,0.008665790816303342,-35.38911694101989,11.568088283688086,,2.7631020735330303e-11,
812000,277.5229833126068,-34.75546933710575,11.653847022618091,-0.017204709993675495,5.571598672866822,2.062694478034973,0.0028957976748642976,-35.38911694101989,11.568088283688086,,2.7631020735330303e-11,
816000,278.7916762828827,-34.0781609416008,12.298412909118307,-0.014775214952416604,7.535544061660767,2.043062686920166,0.0028743897841195577,-35.38911694101989,11.568088283688086,,2.7631020735330303e-11,
820000,280.1187129020691,-36.69401575624943,11.504299259396971,-0.014615015416406151,6.110849094390869,2.0105013132095335,0.0043409960140706975,-35.38911694101989,11.568088283688086,,2.7631020735330303e-11,
824000,281.40667366981506,-35.312596678733826,9.463305750847983,-0.022493238910101354,6.395375061035156,2.000374495983124,0.012506377072539187,-35.38911694101989,11.568088283688086,,2.7631020735330303e-11,
828000,282.6874701976776,-34.69564546644688,10.930962513735826,-0.01327668781438831,6.480448579788208,2.0356921434402464,0.004527689129463397,-35.38911694101989,11.568088283688086,,2.7631020735330303e-11,
832000,283.95668268203735,-33.74647821485996,10.478903580992313,-0.018138444835785795,6.378813695907593,2.0321245908737184,0.0022659544148481816,-35.38911694101989,11.568088283688086,,2.7631020735330303e-11,
836000,285.20431876182556,-35.087514229118824,12.05513772568962,-0.019609524881001584,6.824215841293335,2.0897855281829836,0.005535440606763586,-35.38911694101989,11.568088283688086,,2.7631020735330303e-11,
840000,286.4469840526581,-31.86022526025772,10.775885595343128,-0.017129435464739728,4.707435894012451,2.126609683036804,0.005273479431387384,-35.38911694101989,11.568088283688086,,2.7631020735330303e-11,
844000,289.0949902534485,-37.34553448855877,11.482016422521541,-0.0113133468623273,9.090968799591064,2.1093838930130007,0.0060806808585766705,-34.76927241124213,11.738161756171303,,2.7631020735330303e-11,
848000,290.33531856536865,-33.67205469310284,9.662026084306406,-0.011804437191924078,6.669006252288819,2.1162888050079345,0.0027558186667738125,-34.76927241124213,11.738161756171303,,2.7631020735330303e-11,
852000,291.5653827190399,-35.58602353930473,11.605485911127014,-0.009355894004925957,6.731750869750977,2.1578320264816284,0.0022787920309928823,-34.76927241124213,11.738161756171303,,2.7631020735330303e-11,
856000,292.85719203948975,-35.298254892230034,11.372138024542812,-0.016849764894694096,6.987318468093872,2.1840229749679567,0.006904242353630252,-34.76927241124213,11.738161756171303,,2.7631020735330303e-11,
860000,294.16128969192505,-36.46655134856701,11.750539666151077,-0.021623909660615004,5.285419607162476,2.1627078533172606,0.00657261167652905,-34.76927241124213,11.738161756171303,,2.7631020735330303e-11,
864000,295.3828046321869,-34.93102531135082,10.850025228564245,-0.016952871087938526,8.605536317825317,2.154681849479675,0.005348821594030539,-34.76927241124213,11.738161756171303,,2.7631020735330303e-11,
868000,296.6406798362732,-33.87265786528587,11.215189476853103,-0.013947216252796357,7.217108058929443,2.1061501264572144,0.0040790634404402224,-34.76927241124213,11.738161756171303,,2.7631020735330303e-11,
872000,297.92415475845337,-36.56905162334442,9.84537631124871,-0.021483654224313753,6.236376047134399,2.0701297760009765,0.008080637109378586,-34.76927241124213,11.738161756171303,,2.7631020735330303e-11,
876000,299.192969083786,-35.57423724234104,9.588334855307592,-0.0144020993669983,6.945698976516724,2.0708559274673464,0.002659129252424464,-34.76927241124213,11.738161756171303,,2.7631020735330303e-11,
880000,300.4597237110138,-35.13771164417267,11.84601568088705,-0.014984990822151368,7.375758266448974,2.0923083066940307,0.006575252217589878,-34.76927241124213,11.738161756171303,,2.7631020735330303e-11,
884000,303.1906156539917,-34.59050206840038,11.749022541977519,-0.01588830719562253,5.188452196121216,2.060071325302124,0.0032346576124254512,-34.86335565941408,11.296392600080392,,2.7631020735330303e-11,
888000,304.460253238678,-34.124524503946304,12.962909299578403,-0.01148073143418884,6.900375556945801,2.0210136651992796,0.0012185202998807655,-34.86335565941408,11.296392600080392,,2.7631020735330303e-11,
892000,305.70309472084045,-33.068409353494644,12.896639824479234,-0.019399052534252358,4.967534685134888,2.02756290435791,0.0039878842428006465,-34.86335565941408,11.296392600080392,,2.7631020735330303e-11,
896000,306.9539477825165,-32.93911063671112,11.259404617706164,-0.013361549307592212,5.890806341171265,2.018149423599243,0.0018780193582642823,-34.86335565941408,11.296392600080392,,2.7631020735330303e-11,
900000,308.2104027271271,-36.74340818822384,12.40072772449323,-0.01838993777893485,6.214459466934204,1.9632264137268067,0.004238012441055617,-34.86335565941408,11.296392600080392,,2.7631020735330303e-11,
904000,309.473601102829,-34.19917169213295,10.119348890969746,-0.016581969734281186,4.164558148384094,1.8770763993263244,0.00371805100585334,-34.86335565941408,11.296392600080392,,2.7631020735330303e-11,
908000,310.72992038726807,-33.56763754785061,9.985621609470883,-0.018051992290187634,5.526302528381348,1.929357886314392,0.0036768347723409533,-34.86335565941408,11.296392600080392,,2.7631020735330303e-11,
912000,311.98806166648865,-35.28559459745884,11.632530082796587,-0.008981715521076693,8.534511137008668,1.8235779523849487,0.0020839304706896655,-34.86335565941408,11.296392600080392,,2.7631020735330303e-11,
916000,313.24488639831543,-33.116819992661476,10.506000406907967,-0.017259634539019332,6.309606218338013,1.8806297302246093,0.004975284985266626,-34.86335565941408,11.296392600080392,,2.7631020735330303e-11,
920000,314.5051281452179,-32.43891517817974,8.51191226425601,-0.019984086165204574,5.196648216247558,1.8368252992630005,0.005280312222195782,-34.86335565941408,11.296392600080392,,2.7631020735330303e-11,
924000,317.2343728542328,-33.45583824813366,10.611362140677304,-0.013462774114217702,5.828648567199707,1.8603947758674622,0.0017123042880557548,-35.29396474221721,11.624835009862254,,2.7631020735330303e-11,
928000,318.4164454936981,-34.10126459598541,11.452397538217324,-0.011382143145893054,6.44472451210022,1.818619465827942,0.001610659813741222,-35.29396474221721,11.624835009862254,,2.7631020735330303e-11,
932000,319.6393361091614,-34.13649596273899,11.567970490340375,-0.016570474811829605,5.764705991744995,1.8685752749443054,0.004915814818654241,-35.29396474221721,11.624835009862254,,2.7631020735330303e-11,
936000,320.9207754135132,-34.205812096595764,10.684600066726151,-0.01820674668066218,5.774509477615356,1.8645715355873107,0.0049418537644669415,-35.29396474221721,11.624835009862254,,2.7631020735330303e-11,
940000,322.18542408943176,-34.695536732673645,10.045935512355596,-0.013447129325941276,4.868671894073486,1.8219710350036622,0.002404526651662309,-35.29396474221721,11.624835009862254,,2.7631020735330303e-11,
944000,323.46286821365356,-32.9477833211422,10.263739034126592,-0.011992565183434589,5.509118366241455,1.8557849645614624,0.004095167830382706,-35.29396474221721,11.624835009862254,,2.7631020735330303e-11,
948000,324.73329043388367,-33.10048487782478,9.528127620272981,-0.021918220916762942,4.496653747558594,1.8387393355369568,0.007391966126684579,-35.29396474221721,11.624835009862254,,2.7631020735330303e-11,
952000,325.94276690483093,-33.75595872104168,10.61006704604445,-0.02370679235085831,6.602951383590698,1.9019599318504334,0.012987367051653553,-35.29396474221721,11.624835009862254,,2.7631020735330303e-11,
956000,327.1528959274292,-34.04492276906967,13.802773783722719,-0.01799041567835946,7.175169992446899,1.8940773963928224,0.00410790664178784,-35.29396474221721,11.624835009862254,,2.7631020735330303e-11,
960000,328.294890165329,-35.6673586666584,9.770916888618526,-0.014341317922808372,7.429087781906128,1.9015714049339294,0.003640430053928867,-35.29396474221721,11.624835009862254,,2.7631020735330303e-11,
964000,331.01566886901855,-36.03122252225876,12.491520509559257,-0.011823540602344983,7.142808055877685,1.842659878730774,0.0013127189718943554,-34.74853934114799,11.973386649863874,,2.7631020735330303e-11,
968000,332.1338629722595,-33.91593214869499,9.069751967958023,-0.01658045557513832,4.759518241882324,1.8120762705802917,0.006926985597005109,-34.74853934114799,11.973386649863874,,2.7631020735330303e-11,
972000,333.2883801460266,-33.97726480662823,10.694133181283293,-0.015175959127489591,5.983972883224487,1.7643434524536132,0.0014061711004615062,-34.74853934114799,11.973386649863874,,2.7631020735330303e-11,
976000,334.56051206588745,-36.616480961441994,12.600978626023345,-0.01707349593145775,6.885948228836059,1.8009417057037354,0.008045087946811691,-34.74853934114799,11.973386649863874,,2.7631020735330303e-11,
980000,335.83592891693115,-32.060552179813385,10.648077821996038,-0.013529635855928035,4.757327651977539,1.8005606293678285,0.0075366880497894865,-34.74853934114799,11.973386649863874,,2.7631020735330303e-11,
984000,337.08100152015686,-33.30562171339989,11.995010860791785,-0.01929917892348012,6.040418815612793,1.7804399132728577,0.006479403589037247,-34.74853934114799,11.973386649863874,,2.7631020735330303e-11,
988000,338.3434226512909,-33.61933523416519,10.599377412991677,-0.015742332797497482,4.709893751144409,1.7817947268486023,0.008596558603923743,-34.74853934114799,11.973386649863874,,2.7631020735330303e-11,
992000,339.6389398574829,-33.16746683418751,11.11601736669641,-0.014673667860217376,5.778529214859009,1.805430257320404,0.004878317034104818,-34.74853934114799,11.973386649863874,,2.7631020735330303e-11,
996000,340.9295699596405,-33.694501012563705,11.474214066447589,-0.014223047337029126,5.928278684616089,1.7626603960990905,0.004611569485859945,-34.74853934114799,11.973386649863874,,2.7631020735330303e-11,
1000000,342.1750166416168,-33.64048736542463,11.193522241246413,-0.018247180572710953,5.784996128082275,1.792342984676361,0.003942411603202345,-34.74853934114799,11.973386649863874,,2.7631020735330303e-11,
1004000,344.90877771377563,-35.95742267370224,10.528521031374128,-0.017949478173628464,6.806820583343506,1.8074881196022035,0.0063542711199261245,-35.09210811019875,11.23612887842004,,2.7631020735330303e-11,
1008000,346.2012321949005,-35.01786191761494,13.543182011304987,-0.015361834598705038,6.982286834716797,1.6610876679420472,0.004133355099475012,-35.09210811019875,11.23612887842004,,2.7631020735330303e-11,
1012000,347.43818402290344,-33.74880138039589,9.291307991275312,-0.009828710599569667,5.1054548740386965,1.6382025599479675,0.0026942213525762647,-35.09210811019875,11.23612887842004,,2.7631020735330303e-11,
1016000,348.6830871105194,-34.227610751986504,12.039670766716547,-0.012339434898458634,5.947773694992065,1.6786858320236206,0.0055179579658434005,-35.09210811019875,11.23612887842004,,2.7631020735330303e-11,
1020000,349.90130591392517,-33.848743349313736,11.338851062830445,-0.01804260108526794,6.2094409465789795,1.6749143600463867,0.008585576309822507,-35.09210811019875,11.23612887842004,,2.7631020735330303e-11,
1024000,351.11187648773193,-34.49469144642353,11.425161697450957,-0.017456145160831583,5.931068229675293,1.6829267978668212,0.005942150979535654,-35.09210811019875,11.23612887842004,,2.7631020735330303e-11,
1028000,352.3921015262604,-33.892667189240456,10.011880891274966,-0.018625105654820784,5.65701642036438,1.6237578749656678,0.0011256820318521932,-35.09210811019875,11.23612887842004,,2.7631020735330303e-11,
1032000,353.6733787059784,-34.04933816194534,13.032261243992124,-0.01841341360006492,5.651492786407471,1.5845667481422425,0.00634676558256615,-35.09210811019875,11.23612887842004,,2.7631020735330303e-11,
1036000,354.9483425617218,-32.05489790439606,8.642412292970743,-0.01593112878594547,5.9773071765899655,1.6137055516242982,0.0011957538188434925,-35.09210811019875,11.23612887842004,,2.7631020735330303e-11,
1040000,356.21746349334717,-34.0291852504015,10.977989712097703,-0.019199825329706145,5.4673014163970945,1.6357162117958068,0.0033488167378379783,-35.09210811019875,11.23612887842004,,2.7631020735330303e-11,
1044000,358.94596099853516,-32.68156486749649,10.62518304363943,-0.017055686600971853,5.843731451034546,1.6473214983940125,0.0032955207124905073,-35.00880284793675,11.869902276765032,,2.7631020735330303e-11,
1048000,360.21220564842224,-33.79964491724968,11.467558161493344,-0.013440470197470944,6.255044794082641,1.7548872828483582,0.0039085502199595725,-35.00880284793675,11.869902276765032,,2.7631020735330303e-11,
1052000,361.4953124523163,-34.299012407660484,10.326742772114242,-0.01697109609562908,5.716657209396362,1.737538719177246,0.0013748729752842248,-35.00880284793675,11.869902276765032,,2.7631020735330303e-11,
1056000,362.7071783542633,-35.143121391534805,10.684822581758052,-0.014294585581170426,5.497095584869385,1.6880976200103759,0.003983287914888933,-35.00880284793675,11.869902276765032,,2.7631020735330303e-11,
1060000,364.0014114379883,-33.082548052072525,10.472090411383828,-0.016854449663776895,5.767776203155518,1.5896285057067872,0.00566161001479486,-35.00880284793675,11.869902276765032,,2.7631020735330303e-11,
1064000,365.18956422805786,-35.64996315538883,12.384329647792907,-0.01460843955446034,6.459956502914428,1.632100486755371,0.0033006564597016564,-35.00880284793675,11.869902276765032,,2.7631020735330303e-11,
1068000,366.45613837242126,-35.04687483608723,10.582249016956432,-0.012388322262791896,6.197565650939941,1.6259076237678527,0.00145724128000424,-35.00880284793675,11.869902276765032,,2.7631020735330303e-11,
1072000,367.70434617996216,-35.90475583076477,12.185928756242305,-0.01468607665318995,5.704254293441773,1.6747105479240418,0.002224011520593194,-35.00880284793675,11.869902276765032,,2.7631020735330303e-11,
1076000,368.99110984802246,-34.667016103863716,10.163779486362088,-0.017221702520735606,6.263960170745849,1.677700972557068,0.004331821840198202,-35.00880284793675,11.869902276765032,,2.7631020735330303e-11,
1080000,370.283305644989,-33.64583909511566,11.341265400346737,-0.012685998185072078,4.7960714340209964,1.635933244228363,0.004557179586496196,-35.00880284793675,11.869902276765032,,2.7631020735330303e-11,
1084000,372.98823165893555,-34.81518512964249,10.340954741315928,-0.012055685000377635,5.8763861656188965,1.6106158375740052,0.0023455585935153065,-34.737031931988895,11.465445477371063,,2.7631020735330303e-11,
1088000,374.21452045440674,-35.7528200596571,12.938725234789205,-0.01776518204808255,5.674053525924682,1.5832540273666382,0.006809852027799934,-34.737031931988895,11.465445477371063,,2.7631020735330303e-11,
1092000,375.5058660507202,-35.16754123568535,11.104779224431429,-0.01732912344578654,4.630145168304443,1.5658071756362915,0.00633849497430492,-34.737031931988895,11.465445477371063,,2.7631020735330303e-11,
1096000,376.76552391052246,-34.39582562446594,11.54583068873,-0.019164519422687577,5.166291952133179,1.5030390858650207,0.004161935934098438,-34.737031931988895,11.465445477371063,,2.7631020735330303e-11,
1100000,377.98528480529785,-33.70947599411011,10.271844594554778,-0.013072826644405743,4.972554111480713,1.5923056721687316,0.0024130811827490104,-34.737031931988895,11.465445477371063,,2.7631020735330303e-11,
1104000,379.235267162323,-32.967260137200356,10.676341064037716,-0.018843408693559473,4.813584804534912,1.5851492166519165,0.009159313754644138,-34.737031931988895,11.465445477371063,,2.7631020735330303e-11,
1108000,380.499055147171,-34.35327111184597,11.45756858582816,-0.01805144912749519,5.223803472518921,1.5921475887298584,0.005321684238879243,-34.737031931988895,11.465445477371063,,2.7631020735330303e-11,
1112000,381.79982352256775,-35.15155112743378,10.512622355337456,-0.018786578094587014,5.867731714248658,1.5847398042678833,0.005192501714918763,-34.737031931988895,11.465445477371063,,2.7631020735330303e-11,
1116000,383.1202313899994,-33.54526023566723,11.640102431499395,-0.018613321729004186,5.148659086227417,1.584444773197174,0.0031265744008123876,-34.737031931988895,11.465445477371063,,2.7631020735330303e-11,
1120000,384.44307494163513,-33.73607172071934,12.207904807068456,-0.01786322380881753,4.1567466974258425,1.5562704801559448,0.01131181190139614,-34.737031931988895,11.465445477371063,,2.7631020735330303e-11,
1124000,387.1158173084259,-30.28716267645359,8.614199487801027,-0.019984833606518804,4.328268051147461,1.6023643493652344,0.0061749121826141,-34.25817093346268,11.884393614958283,,2.7631020735330303e-11,
1128000,388.4094581604004,-33.83298896253109,10.231193496129853,-0.017652022676542378,5.3075920104980465,1.6538028717041016,0.006279440235812217,-34.25817093346268,11.884393614958283,,2.7631020735330303e-11,
1132000,389.7168550491333,-33.146593660116196,10.380712852076108,-0.018860929092392453,4.199470973014831,1.6768885970115661,0.004664404512732289,-34.25817093346268,11.884393614958283,,2.7631020735330303e-11,
1136000,390.940062046051,-35.11887377500534,12.057704839331944,-0.017269932079594576,5.2400315284729,1.6344399929046631,0.0013822470718878321,-34.25817093346268,11.884393614958283,,2.7631020735330303e-11,
1140000,392.2075388431549,-31.50316122174263,9.824413051945498,-0.019183528625406333,3.642894959449768,1.6247483491897583,0.0062328685133252295,-34.25817093346268,11.884393614958283,,2.7631020735330303e-11,
1144000,393.3942596912384,-33.83218525350094,9.863500848354889,-0.01651778054051114,6.41107144355774,1.626818060874939,0.0059033377445302905,-34.25817093346268,11.884393614958283,,2.7631020735330303e-11,
1148000,394.55447602272034,-32.78289371728897,10.032069117860974,-0.01413753371569335,4.705807638168335,1.6486157417297362,0.005610472528496757,-34.25817093346268,11.884393614958283,,2.7631020735330303e-11,
1152000,395.8156261444092,-32.68541716039181,10.61276976102714,-0.016261702284216816,6.507752847671509,1.6223248362541198,0.0026110164006240668,-34.25817093346268,11.884393614958283,,2.7631020735330303e-11,
1156000,397.08766984939575,-34.666076853871346,11.154760390537302,-0.014204097578302021,7.103637647628784,1.6749588251113892,0.006546513991430381,-34.25817093346268,11.884393614958283,,2.7631020735330303e-11,
1160000,398.31984186172485,-33.42097665369511,11.4017683731734,-0.017796765053179085,5.564818477630615,1.6124202489852906,0.0059052273267879984,-34.25817093346268,11.884393614958283,,2.7631020735330303e-11,
1164000,401.09401965141296,-33.25278553366661,11.386747559907633,-0.014071664314251286,4.5226593017578125,1.5416582107543946,0.0010530132334679366,-33.76945987041108,11.003223238037103,,2.7631020735330303e-11,
1168000,402.3628797531128,-32.11199985444546,11.036643151166963,-0.016944539246615164,5.873098087310791,1.6279379725456238,0.004077199714811286,-33.76945987041108,11.003223238037103,,2.7631020735330303e-11,
1172000,403.5166070461273,-35.29372996836901,12.540926867981058,-0.008136002554354493,6.7405322074890135,1.671637809276581,0.0026042393990792336,-33.76945987041108,11.003223238037103,,2.7631020735330303e-11,
1176000,404.69692611694336,-33.72028391063213,10.939259142778782,-0.015139319439651366,4.2495568752288815,1.7219290494918824,0.0032945297367405145,-33.76945987041108,11.003223238037103,,2.7631020735330303e-11,
1180000,405.8258295059204,-36.2402653247118,10.798902771314356,-0.017466394369490424,5.9179846286773685,1.718649959564209,0.0030103070952463896,-33.76945987041108,11.003223238037103,,2.7631020735330303e-11,
1184000,406.9676191806793,-31.008605390787125,11.122887788487253,-0.009821685247123213,5.7760649681091305,1.6875821948051453,0.003271215134562233,-33.76945987041108,11.003223238037103,,2.7631020735330303e-11,
1188000,408.11368227005005,-33.057493075728416,10.2863910878859,-0.012056250835768622,5.372551202774048,1.6597081184387208,0.0035822836885927244,-33.76945987041108,11.003223238037103,,2.7631020735330303e-11,
1192000,409.26511812210083,-31.30815152823925,9.965420166764325,-0.019545599213801345,4.916199398040772,1.659681534767151,0.007904540841700492,-33.76945987041108,11.003223238037103,,2.7631020735330303e-11,
1196000,410.43550062179565,-33.78061659634113,10.520119184292305,-0.013223424068884881,5.475273656845093,1.719089102745056,0.0020085045065497908,-33.76945987041108,11.003223238037103,,2.7631020735330303e-11,
1200000,411.69087958335876,-30.749937370419502,9.413213150585793,-0.01852900323830544,3.2887522697448732,1.7170506596565247,0.0033929959909436034,-33.76945987041108,11.003223238037103,,2.7631020735330303e-11,
1204000,414.4206314086914,-34.522208005189896,11.30585553963758,-0.016704929198836815,6.2683319568634035,1.6604774355888368,0.002473968514095759,-33.56004638597369,10.897431282921287,,2.7631020735330303e-11,
1208000,415.66904044151306,-32.155279487371445,9.810529958219476,-0.018363424628973002,5.904515504837036,1.650258433818817,0.005411233194172383,-33.56004638597369,10.897431282921287,,2.7631020735330303e-11,
1212000,416.9600546360016,-34.965837463736534,10.622923376148748,-0.013486603607423575,4.644438028335571,1.628380250930786,0.0029445643507642672,-33.56004638597369,10.897431282921287,,2.7631020735330303e-11,
1216000,418.19967436790466,-30.60904449224472,11.153441125853629,-0.014652480761520436,5.517138862609864,1.620568287372589,0.0077134904977865125,-33.56004638597369,10.897431282921287,,2.7631020735330303e-11,
1220000,419.4458067417145,-32.013495683670044,10.19248472462428,-0.015597420017234987,4.7302717685699465,1.5895843267440797,0.004561851464910438,-33.56004638597369,10.897431282921287,,2.7631020735330303e-11,
1224000,420.7080488204956,-32.411773175001144,11.044448271509957,-0.020341680962592257,5.027365684509277,1.6190234899520874,0.006114764742960688,-33.56004638597369,10.897431282921287,,2.7631020735330303e-11,
1228000,421.9667761325836,-33.89753848314285,11.545516803250615,-0.018605126454495035,6.117020177841186,1.6104946732521057,0.00532412591844329,-33.56004638597369,10.897431282921287,,2.7631020735330303e-11,
1232000,423.23533964157104,-30.986978828907013,10.19140705089199,-0.01732638650387521,3.819850516319275,1.5702872395515441,0.0010376607737851984,-33.56004638597369,10.897431282921287,,2.7631020735330303e-11,
1236000,424.4960708618164,-33.31344909965992,11.41087567021416,-0.027055408198386387,4.005226135253906,1.5989562034606934,0.008821926802163916,-33.56004638597369,10.897431282921287,,2.7631020735330303e-11,
1240000,425.7060067653656,-32.91718889772892,10.824799339263377,-0.01967918765824308,4.723664665222168,1.622154128551483,0.007949285890936153,-33.56004638597369,10.897431282921287,,2.7631020735330303e-11,
1244000,428.4232439994812,-33.454453468322754,11.955919943060982,-0.017063665527850345,8.012580633163452,1.589894700050354,0.005614389458787628,-33.593632691772655,11.263760335496283,,2.7631020735330303e-11,
1248000,429.61102509498596,-30.464646190404892,9.268723828651597,-0.022446292972191983,3.6271772384643555,1.6030405521392823,0.010507964123098646,-33.593632691772655,11.263760335496283,,2.7631020735330303e-11,
1252000,430.8975672721863,-32.41062545776367,9.471747720207118,-0.01840023448318249,5.133861446380616,1.5854658007621765,0.0030731187213678623,-33.593632691772655,11.263760335496283,,2.7631020735330303e-11,
1256000,432.1964981555939,-33.652931407094,11.335835944131775,-0.01780308175925178,4.918990898132324,1.629204761981964,0.0050155705524957735,-33.593632691772655,11.263760335496283,,2.7631020735330303e-11,
1260000,433.42483401298523,-31.154654130339622,11.270112558119862,-0.011234078283421711,6.099875640869141,1.5848512768745422,0.0017368759610690177,-33.593632691772655,11.263760335496283,,2.7631020735330303e-11,
1264000,434.7216832637787,-33.04568502306938,9.773585269387016,-0.020954322716221087,4.453150939941406,1.5539868831634522,0.00513170948397601,-33.593632691772655,11.263760335496283,,2.7631020735330303e-11,
1268000,435.97911167144775,-33.88166764378548,10.34149868057713,-0.01153081711428241,5.565043687820435,1.557239007949829,0.0028727627854095773,-33.593632691772655,11.263760335496283,,2.7631020735330303e-11,
1272000,437.18093848228455,-33.87376342713833,10.683696800834452,-0.019048484954982924,4.522605752944946,1.5901990294456483,0.00661765348678447,-33.593632691772655,11.263760335496283,,2.7631020735330303e-11,
1276000,438.42744159698486,-29.471521571278572,9.30684297694947,-0.023035404636524603,3.393755340576172,1.5364924550056458,0.013700554806506204,-33.593632691772655,11.263760335496283,,2.7631020735330303e-11,
1280000,439.69178080558777,-30.51166793704033,10.518198030036697,-0.01627122171781954,4.214095091819763,1.5243167281150818,0.0058945052478520665,-33.593632691772655,11.263760335496283,,2.7631020735330303e-11,
1284000,442.3270072937012,-33.099343955516815,10.015022691751803,-0.01615972175542264,5.250132274627686,1.4244181871414185,0.007947701663943008,-33.70192232169211,11.599988667768885,,2.7631020735330303e-11,
1288000,443.589542388916,-32.1225139349699,11.619274798470787,-0.015340122390538368,4.192188239097595,1.5200187802314757,0.0035955387841676957,-33.70192232169211,11.599988667768885,,2.7631020735330303e-11,
1292000,444.8658535480499,-30.526648432016373,9.965033246883015,-0.013540546142030508,3.654290223121643,1.5311025738716126,0.003972436697222292,-33.70192232169211,11.599988667768885,,2.7631020735330303e-11,
1296000,446.0823829174042,-30.363808155059814,10.9248518992374,-0.011856319923652592,3.7503264427185057,1.417446780204773,0.005541859547840433,-33.70192232169211,11.599988667768885,,2.7631020735330303e-11,
1300000,447.32215571403503,-33.951241195201874,10.59405914361195,-0.015841581227257963,5.665742969512939,1.4448329091072083,0.003125149929197413,-33.70192232169211,11.599988667768885,,2.7631020735330303e-11,
1304000,448.6092526912689,-34.37955895066261,9.111828505335064,-0.012110144557431113,5.77764253616333,1.493082618713379,0.0031363318557851017,-33.70192232169211,11.599988667768885,,2.7631020735330303e-11,
1308000,449.8534677028656,-32.392283111810684,9.430026754965457,-0.02419235257245589,3.981246829032898,1.4722163438796998,0.011293169297277927,-33.70192232169211,11.599988667768885,,2.7631020735330303e-11,
1312000,451.1396849155426,-33.036076098680496,11.968547535550721,-0.020326145334169276,5.25556378364563,1.5535700440406799,0.007275379322934761,-33.70192232169211,11.599988667768885,,2.7631020735330303e-11,
1316000,452.40088081359863,-33.3847800642252,11.727930117929498,-0.01731445460859682,6.550286817550659,1.5239598512649537,0.006225518265273422,-33.70192232169211,11.599988667768885,,2.7631020735330303e-11,
1320000,453.66680693626404,-34.51987940073013,9.358467897297407,-0.014458251777104891,6.713913154602051,1.4954219102859496,0.006809840663801836,-33.70192232169211,11.599988667768885,,2.7631020735330303e-11,
1324000,456.45192766189575,-33.179893881082535,12.614587672014927,-0.014365509460214554,6.692885255813598,1.4264013648033143,0.006176456212298831,-33.70869400072843,11.689626000463342,,2.7631020735330303e-11,
1328000,457.69883012771606,-33.78421914577484,10.765874681447128,-0.01752405853383241,4.771908617019653,1.4456214904785156,0.0036266781185986473,-33.70869400072843,11.689626000463342,,2.7631020735330303e-11,
1332000,458.98737239837646,-32.33153861761093,11.44130879606785,-0.013636728395242237,4.679531621932983,1.4642258167266846,0.006248045875690877,-33.70869400072843,11.689626000463342,,2.7631020735330303e-11,
1336000,460.2464165687561,-31.774181604385376,11.560491915708743,-0.016889389542862787,3.8504722356796264,1.5034579396247865,0.005157644112478011,-33.70869400072843,11.689626000463342,,2.7631020735330303e-11,
1340000,461.4775915145874,-34.91263069212437,10.637458151234402,-0.011757279796991682,5.440984392166138,1.4327921390533447,0.002310964004136551,-33.70869400072843,11.689626000463342,,2.7631020735330303e-11,
1344000,462.7491464614868,-31.881579861044884,7.960830991207813,-0.01922485627420247,3.8863867998123167,1.4681633591651917,0.012918582762591502,-33.70869400072843,11.689626000463342,,2.7631020735330303e-11,
1348000,463.99676966667175,-32.97418574988842,10.945311878833367,-0.011673568086815056,5.528335809707642,1.5523604035377503,0.003266553606954403,-33.70869400072843,11.689626000463342,,2.7631020735330303e-11,
1352000,465.25055837631226,-33.73828715085983,10.635368356562081,-0.01980008394736803,4.708227634429932,1.52110093832016,0.0076367701878769624,-33.70869400072843,11.689626000463342,,2.7631020735330303e-11,
1356000,466.5081720352173,-32.12733146548271,10.490440098881182,-0.018940126089844855,5.838344717025757,1.4975816249847411,0.006355240069329682,-33.70869400072843,11.689626000463342,,2.7631020735330303e-11,
1360000,467.7589576244354,-32.39022172987461,9.28775059542337,-0.02061127191502603,4.133570504188538,1.5555121064186097,0.007712166602723292,-33.70869400072843,11.689626000463342,,2.7631020735330303e-11,
1364000,470.37958788871765,-33.2969803661108,9.613164634776403,-0.016370077930390893,4.212214207649231,1.5183381915092469,0.005024494008466718,-32.813166884705424,11.257965097475886,,2.7631020735330303e-11,
1368000,471.5461051464081,-31.998545423150063,10.495562471428178,-0.01341040123114361,5.942182302474976,1.48039767742157,0.00700820465874834,-32.813166884705424,11.257965097475886,,2.7631020735330303e-11,
1372000,472.7673933506012,-32.576736971735954,11.46765230666619,-0.015145145301008611,5.880871677398682,1.4110335469245912,0.004324956261960278,-32.813166884705424,11.257965097475886,,2.7631020735330303e-11,
1376000,474.06522512435913,-30.85615062713623,9.843169053173094,-0.01781910947523997,4.0517493724823,1.4637516975402831,0.0013811809323669877,-32.813166884705424,11.257965097475886,,2.7631020735330303e-11,
1380000,475.35059356689453,-32.499207466840744,11.509710755600045,-0.020474504658021076,3.774172782897949,1.4734719038009643,0.003754467914404813,-32.813166884705424,11.257965097475886,,2.7631020735330303e-11,
1384000,476.5223436355591,-31.572630554437637,10.377421879010683,-0.01163465482555317,5.71453447341919,1.4637205958366395,0.005162792997318278,-32.813166884705424,11.257965097475886,,2.7631020735330303e-11,
1388000,477.6525950431824,-31.670156717300415,10.794817924258258,-0.021382141356356445,4.150224304199218,1.4843679308891295,0.00985165654774755,-32.813166884705424,11.257965097475886,,2.7631020735330303e-11,
1392000,478.793918132782,-33.66364395618439,11.44881559361402,-0.020144785831682378,6.767589092254639,1.5486006021499634,0.005671623955277027,-32.813166884705424,11.257965097475886,,2.7631020735330303e-11,
1396000,480.0150167942047,-32.33848333358765,10.45206724644083,-0.014358743791235539,4.212130784988403,1.5492279529571533,0.008197421813383699,-32.813166884705424,11.257965097475886,,2.7631020735330303e-11,
1400000,481.31003737449646,-31.533945679664612,11.663887963987612,-0.022991356842219802,3.9047009706497193,1.5526130080223084,0.0035251107406802486,-32.813166884705424,11.257965097475886,,2.7631020735330303e-11,
1404000,483.9456350803375,-31.20495142042637,9.718790713781358,-0.01742511273548004,4.773760843276977,1.4866907119750976,0.007670494129881256,-33.26131842005998,11.730702849256238,,2.7631020735330303e-11,
1408000,485.16472864151,-29.980878859758377,9.282707125970212,-0.021405929979868253,4.2713086128234865,1.5094380497932434,0.006718794911866999,-33.26131842005998,11.730702849256238,,2.7631020735330303e-11,
1412000,486.43871569633484,-32.412042051553726,10.679542653381953,-0.019040545911528105,4.6930169582366945,1.5287965178489684,0.010292520643677605,-33.26131842005998,11.730702849256238,,2.7631020735330303e-11,
1416000,487.70970821380615,-31.67321641743183,9.849931870633446,-0.016771087683737206,5.69418158531189,1.5383885979652405,0.0014644500814029015,-33.26131842005998,11.730702849256238,,2.7631020735330303e-11,
1420000,488.9465296268463,-35.119717597961426,9.772673898948552,-0.016069866258651012,6.564051580429077,1.5807466983795166,0.006856168322730794,-33.26131842005998,11.730702849256238,,2.7631020735330303e-11,
1424000,490.1985321044922,-33.816260263323784,11.294676424576174,-0.016372829474508778,5.534770441055298,1.5777301430702209,0.005255514645250514,-33.26131842005998,11.730702849256238,,2.7631020735330303e-11,
1428000,491.4465913772583,-33.45183549821377,10.769180370556287,-0.022714102392085066,3.795452690124512,1.5464499711990356,0.008356687083141879,-33.26131842005998,11.730702849256238,,2.7631020735330303e-11,
1432000,492.66521310806274,-33.00850439071655,10.768626308315579,-0.011752265719696809,4.836017513275147,1.6252371788024902,0.003084542669239454,-33.26131842005998,11.730702849256238,,2.7631020735330303e-11,
1436000,493.91279578208923,-31.977968737483025,12.44583344649916,-0.017363853452727084,3.9719311237335204,1.5600879073143006,0.005358044609194579,-33.26131842005998,11.730702849256238,,2.7631020735330303e-11,
1440000,495.1726567745209,-33.51794643700123,10.325830039746899,-0.01693455925211316,5.542401885986328,1.6036208629608155,0.005063940696709323,-33.26131842005998,11.730702849256238,,2.7631020735330303e-11,
1444000,497.90920972824097,-30.653201296925545,10.105106081443731,-0.017603767793159975,4.349502658843994,1.582360816001892,0.003594831992580971,-33.61814724840224,12.42774152156658,,2.7631020735330303e-11,
1448000,499.18001079559326,-33.3585859388113,11.01301904988991,-0.019098032261245023,4.5683873176574705,1.5575157880783081,0.005199748667655513,-33.61814724840224,12.42774152156658,,2.7631020735330303e-11,
1452000,500.4202320575714,-28.926936730742455,9.671777339155152,-0.0216984861008823,4.5442780494689945,1.5693597435951232,0.006699294288642577,-33.61814724840224,12.42774152156658,,2.7631020735330303e-11,
1456000,501.6826345920563,-34.005621910095215,9.661593821006353,-0.013612402999773643,5.032697963714599,1.5631899952888488,0.005955323920352385,-33.61814724840224,12.42774152156658,,2.7631020735330303e-11,
1460000,502.9307370185852,-33.789340659976006,10.799595511056774,-0.015366062574088523,5.363127756118774,1.6052180767059325,0.004676194494822994,-33.61814724840224,12.42774152156658,,2.7631020735330303e-11,
1464000,504.1930341720581,-34.246447801589966,10.933095379660971,-0.016035183256491958,5.849946737289429,1.5843126893043518,0.0051305814045917945,-33.61814724840224,12.42774152156658,,2.7631020735330303e-11,
1468000,505.44951367378235,-33.83696347475052,10.56948570861915,-0.017851617190055614,5.3829466819763185,1.5276949286460877,0.0038751532331225747,-33.61814724840224,12.42774152156658,,2.7631020735330303e-11,
1472000,506.74157190322876,-33.36705528199673,11.185628199688548,-0.01824145914590929,4.106118702888489,1.5999030113220214,0.006814544107881371,-33.61814724840224,12.42774152156658,,2.7631020735330303e-11,
1476000,508.03365540504456,-32.92499829828739,13.832365399696116,-0.015593882651068291,5.647511053085327,1.5171658515930175,0.004702198164770266,-33.61814724840224,12.42774152156658,,2.7631020735330303e-11,
1480000,509.2978003025055,-33.06859391927719,12.567168346146076,-0.01794870612584063,4.6175267696380615,1.5218937277793885,0.006141493498580531,-33.61814724840224,12.42774152156658,,2.7631020735330303e-11,
1484000,512.0496728420258,-33.439289167523384,9.824923103870345,-0.017883120451122458,4.485391521453858,1.5202219843864442,0.0011056240320613143,-33.07142033148557,12.972030890085728,,2.7631020735330303e-11,
1488000,513.3103911876678,-32.69819186627865,9.862674020328633,-0.020843707047402838,4.872701263427734,1.526084339618683,0.007399362223804928,-33.07142033148557,12.972030890085728,,2.7631020735330303e-11,
1492000,514.54061627388,-30.453557431697845,9.607410940066867,-0.01415148382540785,5.685258245468139,1.5036187052726746,0.01005863260361366,-33.07142033148557,12.972030890085728,,2.7631020735330303e-11,
1496000,515.8157572746277,-30.911891162395477,10.487367035073465,-0.018354898041579838,4.858034658432007,1.4309669733047485,0.003969886708771764,-33.07142033148557,12.972030890085728,,2.7631020735330303e-11,
1500000,517.0892000198364,-32.48560319840908,10.70253386818839,-0.016700708950869725,5.145675182342529,1.5112068891525268,0.008049420663155615,-33.07142033148557,12.972030890085728,,2.7631020735330303e-11,
1504000,518.3657381534576,-33.24053192138672,11.746265624882975,-0.020600022296421373,5.24816370010376,1.4822930932044982,0.007412893458968029,-33.07142033148557,12.972030890085728,,2.7631020735330303e-11,
1508000,519.6598353385925,-34.09507632255554,11.190944926566983,-0.014960288594942561,5.875477695465088,1.5030213356018067,0.0029489496859021356,-33.07142033148557,12.972030890085728,,2.7631020735330303e-11,
1512000,520.9183602333069,-32.872776329517365,9.692279356178389,-0.016458725523203644,5.436676406860352,1.4982137441635133,0.01088150900555771,-33.07142033148557,12.972030890085728,,2.7631020735330303e-11,
1516000,522.0625758171082,-33.92383286356926,10.58884713441711,-0.021106678141281067,4.859220790863037,1.4392470836639404,0.006989899749169126,-33.07142033148557,12.972030890085728,,2.7631020735330303e-11,
1520000,523.2768626213074,-32.381486386060715,10.835640214633708,-0.015156429735943533,6.227614068984986,1.4495611190795898,0.002427268645988079,-33.07142033148557,12.972030890085728,,2.7631020735330303e-11,
1524000,525.9742014408112,-33.037203550338745,10.499577671176342,-0.009272620466421345,5.314940643310547,1.4718030214309692,0.002905653572815936,-32.24179718736559,12.851332981634979,,2.7631020735330303e-11,
1528000,527.1253802776337,-32.99689820408821,10.760117592345257,-0.012357417810242577,5.684607315063476,1.4533944606781006,0.0041517529607517645,-32.24179718736559,12.851332981634979,,2.7631020735330303e-11,
1532000,528.3152244091034,-31.494715854525566,10.77847994786079,-0.01829560385271911,4.239469051361084,1.4143077611923218,0.004617014436749755,-32.24179718736559,12.851332981634979,,2.7631020735330303e-11,
1536000,529.6136517524719,-32.77410317957401,12.35770213311402,-0.018322912483476107,5.411903285980225,1.4085363626480103,0.004246654864982702,-32.24179718736559,12.851332981634979,,2.7631020735330303e-11,
1540000,530.8743028640747,-31.533548191189766,10.645493295181568,-0.01482713232748214,6.904196548461914,1.4380528330802917,0.003488987198215909,-32.24179718736559,12.851332981634979,,2.7631020735330303e-11,
1544000,532.165506362915,-31.950423419475555,9.920239366042622,-0.016252144426107406,6.3102601051330565,1.3911112904548646,0.0015333747323893476,-32.24179718736559,12.851332981634979,,2.7631020735330303e-11,
1548000,533.4498193264008,-30.69442629814148,9.962070197332173,-0.023078079679980944,3.5507591485977175,1.413841712474823,0.012872574870940312,-32.24179718736559,12.851332981634979,,2.7631020735330303e-11,
1552000,534.7211625576019,-32.257670894265175,9.562372105170814,-0.015750876963138438,4.22904896736145,1.3678711175918579,0.004490175621583959,-32.24179718736559,12.851332981634979,,2.7631020735330303e-11,
1556000,535.9973073005676,-32.54014179110527,8.958340881097643,-0.01992194294091316,4.9807798862457275,1.366661047935486,0.008045478136045859,-32.24179718736559,12.851332981634979,,2.7631020735330303e-11,
1560000,537.2574527263641,-32.35268189013004,12.672689765349334,-0.01523608325072564,5.54730110168457,1.3629995584487915,0.0038797332323156296,-32.24179718736559,12.851332981634979,,2.7631020735330303e-11,
1564000,539.9835078716278,-32.83272957801819,8.974640275982159,-0.0198774661896751,4.191988945007324,1.4152989864349366,0.00779534513130784,-32.59589247126132,12.20894946241238,,2.7631020735330303e-11,
1568000,541.1796975135803,-32.03294979035854,11.911761850376458,-0.01793283348903074,4.772782945632935,1.4085477709770202,0.008407393423840403,-32.59589247126132,12.20894946241238,,2.7631020735330303e-11,
1572000,542.4479355812073,-32.97807954251766,11.004035400768363,-0.009359855633461756,5.863737392425537,1.3262913227081299,0.001888145513569839,-32.59589247126132,12.20894946241238,,2.7631020735330303e-11,
1576000,543.5476636886597,-29.367686554789543,9.934363469991164,-0.018546843990683647,4.4359130859375,1.3912663221359254,0.009209743442479467,-32.59589247126132,12.20894946241238,,2.7631020735330303e-11,
1580000,544.6442394256592,-32.59934602677822,9.893817811412422,-0.016970028364099554,5.547513818740844,1.371392047405243,0.0051240564314066536,-32.59589247126132,12.20894946241238,,2.7631020735330303e-11,
1584000,545.7360045909882,-30.319857999682426,11.043035967574554,-0.008380969474790589,5.4015936851501465,1.2681538581848144,0.004916541246348061,-32.59589247126132,12.20894946241238,,2.7631020735330303e-11,
1588000,546.8455636501312,-33.090838715434074,10.699556252945316,-0.01574545576958908,4.512096881866455,1.3164708495140076,0.0022727838997088413,-32.59589247126132,12.20894946241238,,2.7631020735330303e-11,
1592000,547.9469678401947,-34.32995189726353,12.08237043894831,-0.01361274247523383,5.872425127029419,1.3185476541519165,0.004903667484177277,-32.59589247126132,12.20894946241238,,2.7631020735330303e-11,
1596000,549.1067771911621,-32.52943103015423,10.774163379818804,-0.014557664294727157,4.35900502204895,1.2956047773361206,0.0018203745380741764,-32.59589247126132,12.20894946241238,,2.7631020735330303e-11,
1600000,550.2019574642181,-30.572230637073517,10.998748100755666,-0.009296317924978226,4.269439458847046,1.3336699604988098,0.0033417179889511316,-32.59589247126132,12.20894946241238,,2.7631020735330303e-11,
1604000,552.7234501838684,-31.087185204029083,11.520456899111482,-0.015897783665917764,6.027152156829834,1.3232366681098937,0.003504295608901842,-31.618054959457368,12.668430393659632,,2.7631020735330303e-11,
1608000,553.8202111721039,-31.093372762203217,11.603940108234628,-0.01545892754988749,5.256552362442017,1.339523184299469,0.005227814539102838,-31.618054959457368,12.668430393659632,,2.7631020735330303e-11,
1612000,555.0781950950623,-32.63431569933891,12.065011240963061,-0.019327654737047693,5.657544469833374,1.3407528162002564,0.005443323051789762,-31.618054959457368,12.668430393659632,,2.7631020735330303e-11,
1616000,556.342351436615,-32.95678302645683,10.672382139506677,-0.016815203216858164,4.09072904586792,1.2726366996765137,0.0061743504309561105,-31.618054959457368,12.668430393659632,,2.7631020735330303e-11,
1620000,557.6255159378052,-33.354742377996445,12.5215521999387,-0.014174558433704122,5.279897546768188,1.3631261348724366,0.0064297297482841746,-31.618054959457368,12.668430393659632,,2.7631020735330303e-11,
1624000,558.8834545612335,-31.64587378501892,9.640044450228581,-0.015959003966301566,5.090956735610962,1.2863365411758423,0.006556640670169145,-31.618054959457368,12.668430393659632,,2.7631020735330303e-11,
1628000,560.1429886817932,-32.847591400146484,11.404765130608903,-0.009465056342305544,5.892890357971192,1.2602386951446534,0.006165471393615007,-31.618054959457368,12.668430393659632,,2.7631020735330303e-11,
1632000,561.3904423713684,-32.726736694574356,10.429577764295022,-0.01565856391936542,5.18210768699646,1.286393117904663,0.007507539742393418,-31.618054959457368,12.668430393659632,,2.7631020735330303e-11,
1636000,562.6185908317566,-33.07052403688431,11.332193136895727,-0.01355194735154508,5.340001153945923,1.2464335441589356,0.003250427534978373,-31.618054959457368,12.668430393659632,,2.7631020735330303e-11,
1640000,563.7675306797028,-34.913215696811676,11.691887360071355,-0.014890954451635529,5.984890413284302,1.2586224317550658,0.006807587054790875,-31.618054959457368,12.668430393659632,,2.7631020735330303e-11,
1644000,566.473464012146,-31.567852780222893,10.166453817628962,-0.01898468216694891,4.619820904731751,1.2840957760810852,0.005190639717852719,-32.08279118128121,13.537119780947526,,2.7631020735330303e-11,
1648000,567.7220582962036,-32.891410045325756,10.988031587003972,-0.018907855355180914,4.687384128570557,1.2690101742744446,0.004989578999811783,-32.08279118128121,13.537119780947526,,2.7631020735330303e-11,
1652000,568.9777884483337,-32.67268495261669,9.819128649626577,-0.01769587055221198,5.617735242843628,1.3690409660339355,0.010432938416488468,-32.08279118128121,13.537119780947526,,2.7631020735330303e-11,
1656000,570.0695967674255,-32.06539063155651,11.140283310672212,-0.020883002431131815,4.121080303192139,1.3203590869903565,0.006624065746844288,-32.08279118128121,13.537119780947526,,2.7631020735330303e-11,
1660000,571.1522507667542,-30.89250372350216,11.161645825556612,-0.013939790595788537,4.785001564025879,1.2840693593025208,0.008520889183273539,-32.08279118128121,13.537119780947526,,2.7631020735330303e-11,
1664000,572.2433001995087,-32.46127550303936,12.432363272849605,-0.02079887567367411,6.92601170539856,1.346118116378784,0.015461361571215092,-32.08279118128121,13.537119780947526,,2.7631020735330303e-11,
1668000,573.3288946151733,-33.44457398355007,12.867974064222633,-0.01670623895898462,6.723936080932617,1.2549970030784607,0.003838260133285054,-32.08279118128121,13.537119780947526,,2.7631020735330303e-11,
1672000,574.4131846427917,-31.945059537887573,11.005627171979926,-0.012923235048307192,5.2227812767028805,1.2975974202156066,0.002986319438787177,-32.08279118128121,13.537119780947526,,2.7631020735330303e-11,
1676000,575.5099050998688,-33.460410475730896,10.2502139907213,-0.017780570779926917,4.43636999130249,1.309550404548645,0.0036526013718685135,-32.08279118128121,13.537119780947526,,2.7631020735330303e-11,
1680000,576.6297957897186,-34.406579688191414,12.175106313910979,-0.0183221322661268,5.821609687805176,1.339329218864441,0.0049253187627182225,-32.08279118128121,13.537119780947526,,2.7631020735330303e-11,
1684000,579.362625837326,-32.22416700422764,12.298664824641799,-0.019361145753413432,4.561563038825989,1.2803170800209045,0.0056404078846753695,-31.619145245291293,12.42175049009883,,2.7631020735330303e-11,
1688000,580.5578858852386,-31.86591039597988,11.379579393771378,-0.01957679581455878,5.8913788318634035,1.3295436382293702,0.0029384387424215676,-31.619145245291293,12.42175049009883,,2.7631020735330303e-11,
1692000,581.6969640254974,-33.64826679229736,9.984343044759477,-0.01371629831055179,6.905794620513916,1.2821705341339111,0.005840666417876483,-31.619145245291293,12.42175049009883,,2.7631020735330303e-11,
1696000,582.8285462856293,-32.406561464071274,11.550411090411565,-0.019417354373261374,3.320942258834839,1.2631860017776488,0.0035891046172473297,-31.619145245291293,12.42175049009883,,2.7631020735330303e-11,
1700000,583.9592838287354,-32.9149272441864,11.717152055046316,-0.016337493939325043,4.976134538650513,1.2303823471069335,0.005444609072350381,-31.619145245291293,12.42175049009883,,2.7631020735330303e-11,
1704000,585.064239025116,-31.447982013225555,10.164437277024456,-0.018114031353034042,5.895921325683593,1.2709293842315674,0.0038344699976732956,-31.619145245291293,12.42175049009883,,2.7631020735330303e-11,
1708000,586.1896269321442,-31.101074926555157,9.551654826797913,-0.01790443522669367,5.456985712051392,1.2540568351745605,0.003327087870507972,-31.619145245291293,12.42175049009883,,2.7631020735330303e-11,
1712000,587.3109641075134,-32.328978046774864,10.752295716459825,-0.015981812858022783,5.714060926437378,1.2834404468536378,0.00676098330586683,-31.619145245291293,12.42175049009883,,2.7631020735330303e-11,
1716000,588.4435262680054,-30.362863063812256,9.73270907828098,-0.019266429486684535,6.052032518386841,1.2049923419952393,0.00582776084981731,-31.619145245291293,12.42175049009883,,2.7631020735330303e-11,
1720000,589.6229114532471,-30.26691833138466,10.679702162391063,-0.019438099699094914,4.091919612884522,1.317206573486328,0.013131122966296972,-31.619145245291293,12.42175049009883,,2.7631020735330303e-11,
1724000,592.082930803299,-30.710147365927696,11.576943756345884,-0.0186734506324866,3.6837966203689576,1.2865503787994386,0.0026930502313188497,-31.551300109364092,11.836834011949378,,2.7631020735330303e-11,
1728000,593.1369078159332,-33.39591723680496,12.137059457708428,-0.02176150607317684,3.294734001159668,1.2396349430084228,0.003413800687529012,-31.551300109364092,11.836834011949378,,2.7631020735330303e-11,
1732000,594.0258121490479,-32.528197556734085,10.245756555863963,-0.015939578311517977,3.9089622497558594,1.2330729484558105,0.002603421522420746,-31.551300109364092,11.836834011949378,,2.7631020735330303e-11,
1736000,594.8849339485168,-32.079726085066795,10.808252007768818,-0.01932497180998318,4.071703147888184,1.2236411333084107,0.006108076669625007,-31.551300109364092,11.836834011949378,,2.7631020735330303e-11,
1740000,595.7184855937958,-31.304657876491547,9.666283415145818,-0.016238011803477993,5.2859546661376955,1.290840494632721,0.007264207687694579,-31.551300109364092,11.836834011949378,,2.7631020735330303e-11,
1744000,596.6477181911469,-30.175765708088875,10.475059472066606,-0.018624079998582666,3.8282601833343506,1.2088834047317505,0.006213365620351396,-31.551300109364092,11.836834011949378,,2.7631020735330303e-11,
1748000,597.6111469268799,-33.989060178399086,11.371491399017813,-0.017484426605515323,4.712443780899048,1.184872281551361,0.008403378484770662,-31.551300109364092,11.836834011949378,,2.7631020735330303e-11,
1752000,598.572521686554,-31.998425379395485,10.266886914243647,-0.019012048155069385,3.8443729162216185,1.162317144870758,0.0025948706349007366,-31.551300109364092,11.836834011949378,,2.7631020735330303e-11,
1756000,599.5364434719086,-30.685616597533226,12.424363696032966,-0.018418526095338273,6.0607829093933105,1.1759618282318116,0.007053159472299342,-31.551300109364092,11.836834011949378,,2.7631020735330303e-11,
1760000,600.5053715705872,-31.048580676317215,9.659339034445305,-0.016487007877789495,4.906500720977784,1.219592308998108,0.006791523175153991,-31.551300109364092,11.836834011949378,,2.7631020735330303e-11,
1764000,602.7628855705261,-31.07192139327526,10.875358432631392,-0.017698466334492124,4.353599548339844,1.1726391315460205,0.010480782547965629,-30.66134151117876,12.057048008322015,,2.7631020735330303e-11,
1768000,603.9082188606262,-31.654307417571545,11.44941070275016,-0.016582909883465603,3.5235610485076903,1.2364921569824219,0.005140674875408813,-30.66134151117876,12.057048008322015,,2.7631020735330303e-11,
1772000,605.0152163505554,-30.962070122361183,11.72279908407514,-0.015604746850207362,4.027523803710937,1.1754359126091003,0.004511677552363836,-30.66134151117876,12.057048008322015,,2.7631020735330303e-11,
1776000,606.1546144485474,-31.34606285393238,11.372855652106793,-0.01910863612685354,6.01108021736145,1.2038292646408082,0.0030947314558433803,-30.66134151117876,12.057048008322015,,2.7631020735330303e-11,
1780000,607.2985746860504,-31.245985701680183,10.24896860311047,-0.01717622085427859,3.746789789199829,1.1670984745025634,0.008401366499718321,-30.66134151117876,12.057048008322015,,2.7631020735330303e-11,
1784000,608.4959471225739,-28.838566035032272,10.107780210547872,-0.02099068200867622,2.9781999588012695,1.2190504550933838,0.004889813812042121,-30.66134151117876,12.057048008322015,,2.7631020735330303e-11,
1788000,609.6617176532745,-31.143882617354393,12.29696140596237,-0.017536130023188434,3.8650359153747558,1.2241514921188354,0.007491554925218224,-30.66134151117876,12.057048008322015,,2.7631020735330303e-11,
1792000,610.8187384605408,-28.842283502221107,10.347054121081044,-0.019022957448847588,3.794208264350891,1.2114027500152589,0.0074610387164284475,-30.66134151117876,12.057048008322015,,2.7631020735330303e-11,
1796000,611.9571430683136,-31.269906729459763,9.024268891806754,-0.019403285766020417,3.940324330329895,1.2861992239952087,0.002850119461072609,-30.66134151117876,12.057048008322015,,2.7631020735330303e-11,
1800000,613.1034135818481,-30.25377170741558,12.208493822692239,-0.014766354105435319,4.917250061035157,1.2746690273284913,0.005238057370297611,-30.66134151117876,12.057048008322015,,2.7631020735330303e-11,
1804000,615.3662369251251,-29.47702980041504,9.380156187378617,-0.024787550700828477,3.990519714355469,1.3336861371994018,0.0087406712671509,-30.467232380528003,11.061321215024465,,2.7631020735330303e-11,
1808000,616.4893145561218,-30.542363971471786,11.588350080516458,-0.022519265837967418,4.404657554626465,1.2720897316932678,0.011356754343141696,-30.467232380528003,11.061321215024465,,2.7631020735330303e-11,
1812000,617.5203065872192,-31.45205792784691,9.801209979839921,-0.01697376353759328,4.116947674751282,1.2493679523468018,0.006562489634961821,-30.467232380528003,11.061321215024465,,2.7631020735330303e-11,
1816000,618.677011013031,-31.65378427505493,9.126181290968233,-0.01951789879053827,3.903385949134827,1.204525649547577,0.004856685326667431,-30.467232380528003,11.061321215024465,,2.7631020735330303e-11,
1820000,619.8480021953583,-30.20516011118889,8.005091889885975,-0.01718599540181458,3.4916773557662966,1.2336185812950133,0.0035839292453601957,-30.467232380528003,11.061321215024465,,2.7631020735330303e-11,
1824000,621.0015554428101,-28.231723979115486,11.842640478138916,-0.014156822068616747,5.834729194641113,1.2478485584259034,0.007381315645761788,-30.467232380528003,11.061321215024465,,2.7631020735330303e-11,
1828000,622.1593890190125,-30.24115227162838,9.233554014613041,-0.024716268684715104,3.2034691333770753,1.2653635621070862,0.007575249896806824,-30.467232380528003,11.061321215024465,,2.7631020735330303e-11,
1832000,623.285159111023,-32.07477915287018,12.426428145393446,-0.011579975155182253,4.58644847869873,1.2023748278617858,0.0018120344597264194,-30.467232380528003,11.061321215024465,,2.7631020735330303e-11,
1836000,624.4370374679565,-32.66327627003193,13.440752443907183,-0.014689110180828812,5.284627962112427,1.2356159925460815,0.003403849730966613,-30.467232380528003,11.061321215024465,,2.7631020735330303e-11,
1840000,625.6141562461853,-31.258703291416168,10.301005995479477,-0.01008599494025102,5.252556037902832,1.2277456879615785,0.007564521534368396,-30.467232380528003,11.061321215024465,,2.7631020735330303e-11,
1844000,628.0232980251312,-31.849173665046692,10.121618937841335,-0.01993577595427638,3.6676947832107545,1.2907005548477173,0.005729489156510681,-30.279061619658023,11.348385927205996,,2.7631020735330303e-11,
1848000,629.2841799259186,-34.977957129478455,11.61165446958716,-0.018152294639497767,5.284737825393677,1.311644148826599,0.004751666647556702,-30.279061619658023,11.348385927205996,,2.7631020735330303e-11,
1852000,630.4704964160919,-32.01388405263424,10.558913897883192,-0.01650907056219921,4.744117689132691,1.2609904170036317,0.004421937659266373,-30.279061619658023,11.348385927205996,,2.7631020735330303e-11,
1856000,631.5988326072693,-30.138989076018333,10.02315748276621,-0.01634316828846938,3.8379157304763796,1.2939026355743408,0.00544439338700613,-30.279061619658023,11.348385927205996,,2.7631020735330303e-11,
1860000,632.8078484535217,-30.011778503656387,7.817965818597439,-0.019358896509744383,4.498451137542725,1.333841359615326,0.007195689110201764,-30.279061619658023,11.348385927205996,,2.7631020735330303e-11,
1864000,633.9221806526184,-29.061676800251007,9.224660347238068,-0.02069637209922075,3.102731394767761,1.3229835987091065,0.005538319216459087,-30.279061619658023,11.348385927205996,,2.7631020735330303e-11,
1868000,635.0643746852875,-32.204015254974365,10.183865596677123,-0.01589137580292299,4.31194429397583,1.2564619779586792,0.006400814891094342,-30.279061619658023,11.348385927205996,,2.7631020735330303e-11,
1872000,636.2213077545166,-29.816907837986946,9.268653965733385,-0.019997487983666407,4.297556805610657,1.291270124912262,0.00253697740274923,-30.279061619658023,11.348385927205996,,2.7631020735330303e-11,
1876000,637.393426656723,-31.679076239466667,11.092473388172925,-0.016215940179769107,4.987285852432251,1.280699622631073,0.001602206180395882,-30.279061619658023,11.348385927205996,,2.7631020735330303e-11,
1880000,638.5541152954102,-32.07264670729637,10.606679771563307,-0.021321817004121613,4.493002653121948,1.3695391297340394,0.005713276260001265,-30.279061619658023,11.348385927205996,,2.7631020735330303e-11,
1884000,640.8046934604645,-31.394538566470146,9.500606804787294,-0.01944566940236836,4.005365705490112,1.3471589088439941,0.004788904970337171,-31.109464891254902,11.950528082063302,,2.7631020735330303e-11,
1888000,641.8763566017151,-34.822704657912254,11.83412254812635,-0.01796022387221461,5.333130025863648,1.3274914503097535,0.0052047614669427315,-31.109464891254902,11.950528082063302,,2.7631020735330303e-11,
1892000,643.0182275772095,-31.3405289798975,10.599056326903026,-0.018386785150039487,3.96761953830719,1.2477681398391725,0.008403373862383833,-31.109464891254902,11.950528082063302,,2.7631020735330303e-11,
1896000,644.1111273765564,-30.38941079378128,12.29359793185609,-0.015732586746104005,3.9338010787963866,1.2688554286956788,0.006383984111016617,-31.109464891254902,11.950528082063302,,2.7631020735330303e-11,
1900000,645.2272100448608,-32.24121095240116,11.603635198711942,-0.02115898143593249,4.640846681594849,1.2731940865516662,0.006462998272036202,-31.109464891254902,11.950528082063302,,2.7631020735330303e-11,
1904000,646.380913734436,-32.973087057471275,10.793980434743709,-0.01463386004418119,5.3872558116912845,1.2915709733963012,0.005721048219129443,-31.109464891254902,11.950528082063302,,2.7631020735330303e-11,
1908000,647.5288195610046,-31.43983891606331,11.830650273782092,-0.0191631282772871,4.753382015228271,1.3202171683311463,0.01047534940787589,-31.109464891254902,11.950528082063302,,2.7631020735330303e-11,
1912000,648.6792273521423,-30.44100873172283,9.444440433349248,-0.01832426169049004,3.8567611932754517,1.271192765235901,0.007223296519077849,-31.109464891254902,11.950528082063302,,2.7631020735330303e-11,
1916000,649.8199360370636,-30.895715579390526,10.651640640044803,-0.012967732422985101,4.0988140344619755,1.2859566807746887,0.006744244035333402,-31.109464891254902,11.950528082063302,,2.7631020735330303e-11,
1920000,650.9625453948975,-30.19912177324295,10.351607876685721,-0.018802512617781764,3.276707482337952,1.2590152621269226,0.007645932798506649,-31.109464891254902,11.950528082063302,,2.7631020735330303e-11,
1924000,653.225261926651,-30.445086106657982,10.309098810507406,-0.015347996323835388,4.730209922790527,1.2742125988006592,0.003386765971663408,-30.09952497133054,11.658236250089423,,2.7631020735330303e-11,
1928000,654.3805794715881,-31.312983468174934,10.68872113185656,-0.0219688483774662,3.2420314073562624,1.2739691376686095,0.0020192434109048917,-30.09952497133054,11.658236250089423,,2.7631020735330303e-11,
1932000,655.550940990448,-29.74206292629242,10.4291903441578,-0.023793552665039908,3.138596439361572,1.3437034368515015,0.009197740000672638,-30.09952497133054,11.658236250089423,,2.7631020735330303e-11,
1936000,656.7012882232666,-29.716767191886902,10.645522776615095,-0.017920886801555725,3.4424609184265136,1.290935492515564,0.011493489821441471,-30.09952497133054,11.658236250089423,,2.7631020735330303e-11,
1940000,657.8314075469971,-30.632942155003548,12.69865384072175,-0.013303614791017004,5.287362813949585,1.2669875025749207,0.001990479146479629,-30.09952497133054,11.658236250089423,,2.7631020735330303e-11,
1944000,658.9618337154388,-30.69581401348114,11.101242459752921,-0.009836995099438538,5.5380419254302975,1.3007717728614807,0.004382535035256296,-30.09952497133054,11.658236250089423,,2.7631020735330303e-11,
1948000,660.1105363368988,-32.443439945578575,11.759529850350999,-0.018319768227171095,5.811535358428955,1.3089027523994445,0.009611940433969669,-30.09952497133054,11.658236250089423,,2.7631020735330303e-11,
1952000,661.265584230423,-28.971495926380157,8.690068335118188,-0.0171160089662294,4.584322690963745,1.3187857866287231,0.0029899628221755846,-30.09952497133054,11.658236250089423,,2.7631020735330303e-11,
1956000,662.4290385246277,-33.61903278529644,11.472001351555415,-0.018992285222746475,3.827416253089905,1.3048404216766358,0.013543801085092077,-30.09952497133054,11.658236250089423,,2.7631020735330303e-11,
1960000,663.6135907173157,-33.368624210357666,10.948795754820049,-0.01952722162194549,3.8488080739974975,1.3107437133789062,0.004142001210479052,-30.09952497133054,11.658236250089423,,2.7631020735330303e-11,
1964000,665.8442189693451,-30.907516553997993,9.986877328482336,-0.020253212312236358,4.384564471244812,1.3348745942115783,0.009098999825073405,-30.135603829286993,11.865534407048074,,2.7631020735330303e-11,
1968000,666.8158619403839,-30.50499315559864,9.715918362477263,-0.02012719425931575,3.4409453868865967,1.2406644582748414,0.005599164107479737,-30.135603829286993,11.865534407048074,,2.7631020735330303e-11,
1972000,667.7801423072815,-33.16086594760418,10.724262458248445,-0.01590262441243979,3.8995553493499755,1.2961942434310914,0.006203515536617488,-30.135603829286993,11.865534407048074,,2.7631020735330303e-11,
1976000,668.7719357013702,-29.57650415599346,11.123810710782882,-0.019317379526793844,4.334696698188782,1.2704963207244873,0.007041777763515711,-30.135603829286993,11.865534407048074,,2.7631020735330303e-11,
1980000,669.9283905029297,-30.574352398514748,12.385372034588237,-0.01837854942772541,3.7177685737609862,1.3182711243629455,0.003910592876956542,-30.135603829286993,11.865534407048074,,2.7631020735330303e-11,
1984000,671.0773334503174,-30.370719879865646,10.241458387524325,-0.02250072149373592,4.196436858177185,1.2495550394058228,0.014183566200546772,-30.135603829286993,11.865534407048074,,2.7631020735330303e-11,
1988000,672.227570772171,-30.35546623170376,11.01955058969881,-0.01619288723403587,3.653865838050842,1.321187937259674,0.008349956996971742,-30.135603829286993,11.865534407048074,,2.7631020735330303e-11,
1992000,673.3678123950958,-31.172471657395363,10.832451385507754,-0.01990138247236608,3.5627296209335326,1.243055558204651,0.004377220464812126,-30.135603829286993,11.865534407048074,,2.7631020735330303e-11,
1996000,674.5360660552979,-31.172086507081985,13.22149532858349,-0.020038786252960426,5.160039472579956,1.2508577942848205,0.007565336840343662,-30.135603829286993,11.865534407048074,,2.7631020735330303e-11,
2000000,675.7144227027893,-30.07258915901184,10.6503803257676,-0.024534132144413866,2.936716103553772,1.291596734523773,0.005469967891229288,-30.135603829286993,11.865534407048074,,2.7631020735330303e-11,
