global_step,wall_time_s,ep_return_mean,ep_return_std,policy_loss,value_loss,entropy,approx_kl,eval_return_mean,eval_return_std,mean_k,attn_entropy,lagrange_lambda
4000,8.746001243591309,-713.6293621063232,85.72877860919617,-0.00044480955222354624,509.9445373535156,1.5988276958465577,6.305968008746277e-06,,,3.0,1.0685166478157044,
8000,16.93672823905945,-710.7789840698242,87.89723205558029,-0.0005416259755627095,434.08998718261716,1.5935390949249268,0.00022689514119156318,,,3.0,1.0743762373924255,
12000,25.094682693481445,-687.9547090530396,69.05926176157351,-0.0009505343613176009,413.7922119140625,1.5860062837600708,8.19563861220729e-11,,,3.0,1.0746617555618285,
16000,33.25341010093689,-687.0630216598511,86.95755161765172,-0.0004874260101569661,455.172705078125,1.5824581265449524,8.266091481345938e-06,,,3.0,1.0776251673698425,
20000,41.40367770195007,-700.8746294975281,115.78574891658262,-0.000558949131489328,422.7853271484375,1.5872099280357361,0.0002340696831573341,,,3.0,1.0646423935890197,
24000,49.511595010757446,-701.8394231796265,85.30684606616651,-7.126381108655267e-05,398.3683319091797,1.5891660094261169,3.0485851675621233e-05,,,3.0,1.0656658053398131,
28000,57.52835822105408,-709.8120450973511,89.1697197619991,-0.00019618194100843312,353.00695953369143,1.5885345697402955,1.0182460430385731e-10,,,3.0,1.0672109365463256,
32000,65.6848349571228,-747.5627183914185,116.27793841815925,-0.0005266856943683784,326.8180465698242,1.5871541142463683,5.656227822328219e-05,,,3.0,1.0647391557693482,
36000,73.8336386680603,-720.9960718154907,94.82317960416482,-0.0002589082573589252,233.94215545654296,1.5902160286903382,0.0,,,3.0,1.0593177914619445,
40000,81.9781985282898,-724.783130645752,92.36582498406224,-0.00037643745408662,194.54104614257812,1.593876588344574,9.902909525862924e-05,,,3.0,1.0685843586921693,
44000,92.40725636482239,-710.9790773391724,84.42132523822538,-0.00019399280067347035,203.36937713623047,1.5749162793159486,4.793019218899131e-05,-837.6387311816216,93.81793407404122,3.0,1.0622424840927125,
48000,100.60539865493774,-697.1188960075378,97.6551673270453,-0.0005999868266711283,167.35776062011718,1.5721705675125122,1.2417634975836478e-11,-837.6387311816216,93.81793407404122,3.0,1.071931743621826,
52000,108.79348134994507,-675.128662109375,83.4683810257378,-0.0002820087943971039,155.45993118286134,1.5574321389198302,0.0001429063511750428,-837.6387311816216,93.81793407404122,3.0,1.0724213242530822,
56000,116.990731716156,-686.5410356521606,87.28582122255455,-0.0003438793172463761,129.52118682861328,1.5549278497695922,6.7278352162247755e-06,-837.6387311816216,93.81793407404122,3.0,1.070901334285736,
60000,125.18364095687866,-675.9181365966797,78.29873590500475,-0.0005641017568511319,83.05162544250489,1.5328062653541565,0.0003080993786534258,-837.6387311816216,93.81793407404122,3.0,1.0705411434173584,
64000,133.34281587600708,-696.5151300430298,71.74622759056281,2.3766020602744577e-05,112.10977172851562,1.517942476272583,0.00016590377513239218,-837.6387311816216,93.81793407404122,3.0,1.077374029159546,
68000,141.51898789405823,-690.607629776001,89.63479895156578,-0.00022787307301275206,82.89355850219727,1.5151939153671266,8.241024354477822e-05,-837.6387311816216,93.81793407404122,3.0,1.0740772604942321,
72000,149.7036488056183,-692.2645587921143,90.73509393133963,-0.00044661123799354384,86.43136138916016,1.5151184797286987,0.00010116556136442189,-837.6387311816216,93.81793407404122,3.0,1.0766889929771424,
76000,157.80825400352478,-741.9658374786377,89.62844695116522,-0.0004957837432157497,118.67194747924805,1.5106455206871032,0.00016023958880881928,-837.6387311816216,93.81793407404122,3.0,1.074350321292877,
80000,165.94261193275452,-696.1009531021118,73.78449760446438,-0.0005375839512562486,78.31283226013184,1.4926282167434692,0.0001904915788145445,-837.6387311816216,93.81793407404122,3.0,1.0727069973945618,
84000,176.44314169883728,-695.1807804107666,69.32470310594434,-0.0004056438589129741,61.0909236907959,1.4930340647697449,0.00019426121573451471,-813.9206738770008,126.97308006810874,3.0,1.0659579634666443,
88000,184.58745431900024,-710.9884867668152,77.43590658351708,-0.0006181882530023941,59.75824127197266,1.486080801486969,0.00030180659521769073,-813.9206738770008,126.97308006810874,3.0,1.0733099937438966,
92000,192.7712435722351,-734.3237028121948,106.38616157258272,-0.00033071713071937127,94.93592567443848,1.488437044620514,3.639805363491178e-05,-813.9206738770008,126.97308006810874,3.0,1.0679579257965088,
96000,200.9643452167511,-714.7502574920654,86.12613538859814,-0.00027992688572933135,55.84933242797852,1.4788021802902223,0.00017757790777250815,-813.9206738770008,126.97308006810874,3.0,1.0749885320663453,
100000,209.12539219856262,-734.4599933624268,122.34510365975761,-0.000568356330778208,88.73585891723633,1.4673482537269593,0.000530262492611655,-813.9206738770008,126.97308006810874,3.0,1.070705270767212,
104000,217.29965353012085,-729.490647315979,86.94321074751096,-0.0005049633151599342,53.388180351257326,1.462735664844513,0.00027809138141310363,-813.9206738770008,126.97308006810874,3.0,1.0597855567932128,
108000,225.35675263404846,-707.488733291626,89.1419702104241,-0.0006652083815812837,50.98059139251709,1.5017619252204895,0.00018741125641099642,-813.9206738770008,126.97308006810874,3.0,1.0763792276382447,
112000,233.3477337360382,-704.0483636856079,92.84223935404086,-0.00041829308715022326,54.21332569122315,1.5137703895568848,0.0003044298857275862,-813.9206738770008,126.97308006810874,3.0,1.0707277536392212,
116000,241.36860966682434,-707.53040599823,96.1036311184375,-0.000458013594022022,51.47385883331299,1.5017001986503602,4.4656311996504885e-05,-813.9206738770008,126.97308006810874,3.0,1.0728009223937989,
120000,249.475159406662,-749.7442512512207,105.11482563668159,-0.0010351319075173394,66.33344268798828,1.483687174320221,0.0006201206510013435,-813.9206738770008,126.97308006810874,3.0,1.0603933334350586,
124000,259.83318281173706,-776.8811779022217,132.22777365236547,-0.0005248234614652958,58.51808261871338,1.4689155578613282,0.0004121741151417835,-1210.6041875481606,230.37112325761512,3.0,1.0633567690849304,
128000,267.82995557785034,-738.1142292022705,89.55459167681882,-0.0004153396618785443,67.83710746765136,1.5151249170303345,0.0007793595558614475,-1210.6041875481606,230.37112325761512,3.0,1.0697532057762147,
132000,275.8318974971771,-732.5583791732788,101.04655288289382,-0.0009588582528522238,97.53277168273925,1.4911927819252013,0.0006565298210965354,-1210.6041875481606,230.37112325761512,3.0,1.0736683011054993,
136000,283.82984471321106,-744.1994504928589,90.05486720285495,-0.00023988919219117833,72.26433029174805,1.4908894896507263,0.00022037971936515467,-1210.6041875481606,230.37112325761512,3.0,1.0741517782211303,
140000,291.8311288356781,-736.9708967208862,106.04965965771044,-7.552846544907066e-05,55.558309936523436,1.4491805672645568,0.00018635402019330228,-1210.6041875481606,230.37112325761512,3.0,1.072783386707306,
144000,299.8259439468384,-735.5140943527222,88.61140688507386,-0.0002049265165890546,95.99891357421875,1.4763282656669616,0.0008713332194408118,-1210.6041875481606,230.37112325761512,3.0,1.0681644797325134,
148000,307.82678151130676,-754.1223516464233,87.16017545843987,-0.0007378690910603503,69.25975074768067,1.4861079931259156,0.0006879841632423167,-1210.6041875481606,230.37112325761512,3.0,1.0685446858406067,
152000,315.8246200084686,-716.702467918396,91.6396524361667,-0.00030840438391894766,71.0664794921875,1.503160572052002,0.0007568681030534208,-1210.6041875481606,230.37112325761512,3.0,1.0689695239067079,
156000,323.84261178970337,-708.176064491272,90.74111633148001,-0.0005350897560667534,54.90534133911133,1.5253148555755616,0.0009050243266586544,-1210.6041875481606,230.37112325761512,3.0,1.066575050354004,
160000,331.9548602104187,-721.8867835998535,95.07883605694074,-0.0006437850970542058,49.38790435791016,1.5096784234046936,0.000346688581994381,-1210.6041875481606,230.37112325761512,3.0,1.0628971815109254,
164000,342.3605065345764,-707.7903108596802,91.53012080088108,-0.00020551639309633883,73.09646911621094,1.4950194954872131,5.8118318847846795e-05,-941.180121243,165.9196411898853,3.0,1.063043737411499,
168000,350.4294445514679,-716.1947770118713,89.44035992373509,-0.00026517896859381553,66.1478271484375,1.4948144674301147,0.00031837253118283115,-941.180121243,165.9196411898853,3.0,1.0700823664665222,
172000,358.4886140823364,-722.8622350692749,90.53513968728348,-0.00037357801149724424,48.85922565460205,1.4728901624679565,0.0009173348158171057,-941.180121243,165.9196411898853,3.0,1.0581817626953125,
176000,366.5167109966278,-708.4525804519653,103.7905473177719,-0.00024482560492105064,65.30955410003662,1.4692814469337463,0.0004803534597158432,-941.180121243,165.9196411898853,3.0,1.0425709724426269,
180000,374.56361413002014,-748.2577276229858,101.05129881990804,-0.0010726547861316326,81.41531257629394,1.4965906262397766,0.0015000510158473257,-941.180121243,165.9196411898853,3.0,1.0232388615608214,
184000,382.6185534000397,-686.9203052520752,87.54890671989828,-0.00027048447074289327,72.4344856262207,1.4838279962539673,0.0007106537828803994,-941.180121243,165.9196411898853,3.0,1.0262632369995117,
188000,390.6645781993866,-705.808840751648,105.31738701733107,-0.0010838228323021503,76.61561546325683,1.4825766205787658,0.0014309824793599546,-941.180121243,165.9196411898853,3.0,1.0455440521240233,
192000,398.71380400657654,-760.6905250549316,110.24558126606773,-0.0005618136476684299,83.07737503051757,1.4859966397285462,0.0005958209289019578,-941.180121243,165.9196411898853,3.0,1.0129326105117797,
196000,406.7234709262848,-757.7113161087036,113.8214319647986,-0.000253587631343144,64.56720962524415,1.4742671012878419,0.0002306399601366138,-941.180121243,165.9196411898853,3.0,1.0196255087852477,
200000,414.8093707561493,-751.1764492988586,121.9591471497158,-0.0003793095927944634,60.612274742126466,1.486625874042511,0.00021951288745640783,-941.180121243,165.9196411898853,3.0,1.0261301398277283,
204000,425.4120876789093,-748.8050622940063,88.3452153652931,-0.0003007523897540665,76.36185340881347,1.4932214975357057,0.0012795919668860734,-1052.6963719725609,245.31357684953687,3.0,1.039016568660736,
208000,433.66367506980896,-753.8756713867188,107.6503706289705,-0.0009233226227418623,54.26249122619629,1.4794655203819276,0.0005467750395085514,-1052.6963719725609,245.31357684953687,3.0,1.0192471861839294,
212000,441.899276971817,-746.6111707687378,97.14679872769696,-0.0006060654380805053,46.96102714538574,1.4637206435203551,0.0006157967527833597,-1052.6963719725609,245.31357684953687,3.0,1.0370690941810607,
216000,450.1468708515167,-774.6606912612915,116.447293455433,-0.00024108405535230303,59.32094383239746,1.486611831188202,0.0006403034378987926,-1052.6963719725609,245.31357684953687,3.0,1.0322232604026795,
220000,458.422890663147,-734.4490013122559,82.05895632677547,-0.0003801390555672413,38.76873264312744,1.4561082482337953,0.00031682144181104376,-1052.6963719725609,245.31357684953687,3.0,1.036209189891815,
224000,466.66019773483276,-761.3660907745361,113.05187487866736,-0.0006826560243498481,54.921362686157224,1.4756309509277343,0.001004979939898476,-1052.6963719725609,245.31357684953687,3.0,1.0201260328292847,
228000,474.89722180366516,-704.6025376319885,103.04076525043868,0.00013798023767108702,64.31716461181641,1.4760933876037599,0.00025367735579493453,-1052.6963719725609,245.31357684953687,3.0,1.0331043958663941,
232000,483.098757982254,-738.2117309570312,92.48329199657208,-0.0008974399375147213,41.04572162628174,1.437385869026184,0.0007873145059857052,-1052.6963719725609,245.31357684953687,3.0,1.0095422387123107,
236000,491.35017132759094,-710.0478620529175,83.23817598884094,-0.0015215873736694086,61.241112899780276,1.4427287340164185,0.0018057810707153622,-1052.6963719725609,245.31357684953687,3.0,1.0117940664291383,
240000,499.61779618263245,-737.2745218276978,101.99676710421247,-0.0007562860931187354,81.25703315734863,1.4288384795188904,0.0011294734067632817,-1052.6963719725609,245.31357684953687,3.0,1.0048041939735413,
244000,510.12677025794983,-718.6024451255798,115.59975227095626,-0.0005824112030944128,84.55961189270019,1.4658238172531128,0.0009108701669999109,-929.704752266407,263.0806111127278,3.0,1.02464257478714,
248000,518.3068497180939,-677.5699920654297,91.83838295846259,-0.0004955181723053315,58.63008346557617,1.440059781074524,0.0012975379562703893,-929.704752266407,263.0806111127278,3.0,1.0158305883407592,
252000,526.4900028705597,-707.1259346008301,88.79298112793629,-0.0009788736422002842,59.02712135314941,1.43172607421875,0.0029741390827111914,-929.704752266407,263.0806111127278,3.0,1.0357113838195802,
256000,534.6667742729187,-719.0368747711182,90.86568662610594,-0.0015209985470961973,50.081346893310545,1.4200772762298584,0.0020079660753253847,-929.704752266407,263.0806111127278,3.0,1.0034696459770203,
260000,542.8496642112732,-703.9950065612793,83.2241124927352,-0.00115837775120351,59.033054161071775,1.4387117147445678,0.002043676593864807,-929.704752266407,263.0806111127278,3.0,1.0157452702522278,
264000,551.0318009853363,-699.2615070343018,94.48855644550702,-0.0009464908929876614,53.52934341430664,1.4290598034858704,0.0017613607707899104,-929.704752266407,263.0806111127278,3.0,0.9659979999065399,
268000,559.2266235351562,-708.5065975189209,98.50409341430101,-0.0003773068683546654,61.30590400695801,1.4386287569999694,0.001977703146985732,-929.704752266407,263.0806111127278,3.0,0.9306684672832489,
272000,567.4232261180878,-701.1460943222046,90.52070208794362,-0.0012508390555449277,38.03781909942627,1.4213838577270508,0.000821957313494448,-929.704752266407,263.0806111127278,3.0,0.9690229535102844,
276000,575.62073802948,-701.189266204834,104.34949295645691,-0.0011890428601764036,78.32336616516113,1.4427902221679687,0.0011074104388244521,-929.704752266407,263.0806111127278,3.0,0.9505927205085755,
280000,583.8207683563232,-727.0098361968994,94.86462097533087,-0.0009036289899959193,66.96173553466797,1.4484089374542237,0.00176727489770081,-929.704752266407,263.0806111127278,3.0,0.9287281811237336,
284000,594.3802523612976,-688.2206916809082,90.84326004832819,-0.0005435475151898573,74.29071350097657,1.475844395160675,0.0012880927533842623,-759.6017507612705,143.7556572380716,3.0,0.9407690167427063,
288000,602.5903477668762,-706.0029458999634,105.0040325642704,-9.329060933669365e-05,88.29534111022949,1.4453465819358826,0.002179541720814715,-759.6017507612705,143.7556572380716,3.0,0.9320873320102692,
292000,610.8136930465698,-701.1470880508423,74.88219121952983,-0.0010847008761290188,58.47358169555664,1.463286578655243,0.001951734881421241,-759.6017507612705,143.7556572380716,3.0,0.954751718044281,
296000,619.0103087425232,-710.8328514099121,115.75387850962471,-0.0008718992962197358,65.1594066619873,1.423138642311096,0.001053739251801744,-759.6017507612705,143.7556572380716,3.0,0.9409859478473663,
300000,627.1996450424194,-700.7594518661499,90.3049738844987,-0.001056734008758209,52.270399284362796,1.4131688237190247,0.00105410934980803,-759.6017507612705,143.7556572380716,3.0,0.9385632455348969,
304000,635.3678615093231,-682.3324670791626,63.20199823308699,-0.0009140592298596762,85.9589241027832,1.4427583932876586,0.0024735745915677398,-759.6017507612705,143.7556572380716,3.0,0.9435645341873169,
308000,643.5677087306976,-672.7830696105957,80.89135708419339,-0.0005119862042095802,79.89931716918946,1.4610968112945557,0.0004277194236444001,-759.6017507612705,143.7556572380716,3.0,0.9661267757415771,
312000,651.7520432472229,-698.8104448318481,94.65351060827584,-0.0011772583433679706,78.46712646484374,1.484306025505066,0.000623107857791183,-759.6017507612705,143.7556572380716,3.0,0.9386488795280457,
316000,659.9309635162354,-696.0028295516968,72.8324739081863,-0.0011307996296963552,60.2040958404541,1.4741525769233703,0.0017244702299374249,-759.6017507612705,143.7556572380716,3.0,0.9309094846248627,
320000,668.1830267906189,-708.5144634246826,97.9569034642586,-0.0012771417405650354,63.36696243286133,1.4369667530059815,0.0013903772734920495,-759.6017507612705,143.7556572380716,3.0,0.8869838953018189,
324000,678.7295207977295,-710.5196266174316,89.08330134396705,-0.0011105515348414307,68.43881149291992,1.4645779609680176,0.001532390489145974,-722.5700269043446,110.19494770320345,3.0,0.8962824046611786,
328000,686.9237937927246,-693.9035902023315,80.69249894541467,-0.0006309782371439532,72.52468833923339,1.4936488628387452,0.0006689865810331041,-722.5700269043446,110.19494770320345,3.0,0.9545884907245636,
332000,695.1029236316681,-698.8685474395752,91.80792380374675,-0.0015008521802956309,57.21299705505371,1.4539884686470033,0.001647548381937669,-722.5700269043446,110.19494770320345,3.0,0.9333050727844239,
336000,703.2817029953003,-746.8264751434326,105.54679309694896,-0.0014814622086705587,44.45768585205078,1.3930866837501525,0.0024053740831732283,-722.5700269043446,110.19494770320345,3.0,0.8933392345905304,
340000,711.4533014297485,-719.0399990081787,78.63739102687636,-0.0010885445704334363,62.689004516601564,1.4106845140457154,0.0019424434402026236,-722.5700269043446,110.19494770320345,3.0,0.9134798467159271,
344000,719.6350798606873,-709.5182790756226,91.95399580256067,-0.0008161117901424042,49.610059356689455,1.415768563747406,0.0015369353115286977,-722.5700269043446,110.19494770320345,3.0,0.885863846540451,
348000,727.8109533786774,-716.1620984077454,92.62556203835251,-0.0009148889285715889,54.11338119506836,1.433287465572357,0.0019283847392265075,-722.5700269043446,110.19494770320345,3.0,0.8836447298526764,
352000,735.9946439266205,-682.923906326294,71.71986845744308,-0.0010692842772502154,56.69507904052735,1.411426305770874,0.002814246545312926,-722.5700269043446,110.19494770320345,3.0,0.9282773315906525,
356000,744.1602902412415,-676.460452079773,83.45420845507931,-0.000903960609706722,71.50127029418945,1.4160874366760254,0.0008465633490122859,-722.5700269043446,110.19494770320345,3.0,0.9215918898582458,
360000,752.3410115242004,-693.9636068344116,75.18462746362901,-0.002343285385829663,39.094027519226074,1.4544002175331117,0.0012830063940491687,-722.5700269043446,110.19494770320345,3.0,0.9309941172599793,
364000,762.6979200839996,-751.6716403961182,82.41662686388443,-6.164700742612439e-05,52.443353462219235,1.41233229637146,0.0009066932542870498,-855.9732919037342,126.05171708772187,3.0,0.919634211063385,
368000,770.7366960048676,-717.0490045547485,102.86756210774787,-0.0004833144086685337,113.68331832885742,1.4467209577560425,0.0011048766497879115,-855.9732919037342,126.05171708772187,3.0,0.9518381059169769,
372000,778.8007671833038,-687.54212474823,81.46304042165137,-0.0008974628439416321,78.87504730224609,1.447394859790802,0.0010672882373910398,-855.9732919037342,126.05171708772187,3.0,0.9641849815845489,
376000,786.8054263591766,-685.430736541748,98.71941655921032,-0.0006853157927447118,85.164506149292,1.46142520904541,0.0010254085895915921,-855.9732919037342,126.05171708772187,3.0,0.9615740716457367,
380000,794.8198752403259,-709.5697994232178,94.08526881619007,-0.0005290648421893529,68.37960777282714,1.4641358613967896,0.0008107886759486704,-855.9732919037342,126.05171708772187,3.0,0.9677794814109802,
384000,802.8491024971008,-703.4461879730225,91.65204610263999,-0.001792798272372842,89.64558944702148,1.4693015456199645,0.0015819343282103882,-855.9732919037342,126.05171708772187,3.0,0.9703118324279785,
388000,810.8603391647339,-701.377893447876,99.09299471502429,-0.0009211433363282672,81.3720272064209,1.4590625882148742,0.0009351898246677592,-855.9732919037342,126.05171708772187,3.0,0.9740145027637481,
392000,818.894180059433,-705.4522304534912,75.54407974201438,-0.0018973380214107882,74.38594284057618,1.4907353281974793,0.0017831884164479562,-855.9732919037342,126.05171708772187,3.0,0.9297123193740845,
396000,826.9306242465973,-708.0636529922485,80.59578008011721,-0.0008627376850854462,73.1513599395752,1.4777889728546143,0.0010332803096001375,-855.9732919037342,126.05171708772187,3.0,0.9590818524360657,
400000,834.962557554245,-722.3273649215698,97.49616729049592,-0.0008316673187946488,57.434325981140134,1.4461999893188477,0.0006298575376858934,-855.9732919037342,126.05171708772187,3.0,0.8939385414123535,
404000,845.4113709926605,-734.3278188705444,91.19093294755119,-0.0011272740518907033,57.10254592895508,1.449066698551178,0.0019122564350642884,-935.6138353943825,150.78208285548345,3.0,0.9420827984809875,
408000,853.6146574020386,-745.3653106689453,109.47821465547413,-0.0004759622541186559,81.55653305053711,1.4530766248703002,0.0010108402857440524,-935.6138353943825,150.78208285548345,3.0,0.9197807371616363,
412000,861.8009748458862,-760.1621046066284,115.58736215745789,-0.0013124748889822512,63.740138626098634,1.4665130972862244,0.001437670224132792,-935.6138353943825,150.78208285548345,3.0,0.9165308237075805,
416000,869.9771258831024,-705.7014245986938,91.31793869078383,0.00013621372278436184,103.27023658752441,1.4716734528541564,0.001029347031726502,-935.6138353943825,150.78208285548345,3.0,0.914331704378128,
420000,878.1750676631927,-692.46315574646,86.15234041166094,-0.0009796698001446557,55.62889289855957,1.4395732522010802,0.0016029033791710389,-935.6138353943825,150.78208285548345,3.0,0.9580309331417084,
424000,886.3663675785065,-732.1915855407715,94.07000468918581,-0.001977695690855974,68.05716972351074,1.4383658528327943,0.0029177678050473334,-935.6138353943825,150.78208285548345,3.0,0.9242655277252197,
428000,894.5224807262421,-734.3391637802124,89.29466424913325,-0.0014148078587022717,89.12271003723144,1.462483322620392,0.001573829649714753,-935.6138353943825,150.78208285548345,3.0,0.9479611694812775,
432000,902.6786880493164,-737.5345840454102,107.23271185943683,-0.0005492033361225168,71.63201332092285,1.402882707118988,0.0004140024456282844,-935.6138353943825,150.78208285548345,3.0,0.9571892619132996,
436000,910.8466513156891,-758.2121000289917,124.62545298726673,-0.00048647151111316236,92.42622604370118,1.4508985996246337,0.0014212555775884538,-935.6138353943825,150.78208285548345,3.0,0.9734488368034363,
440000,919.001531124115,-718.4323863983154,100.56345078751926,-0.0010537216716927534,67.07129287719727,1.4622512340545655,0.0006580972885518954,-935.6138353943825,150.78208285548345,3.0,0.9859279453754425,
444000,929.4774415493011,-741.3235282897949,95.9545588113087,-0.0006431589676261674,63.21473388671875,1.451602053642273,0.0005047022073995322,-986.9054822921753,182.88979623705313,3.0,0.9605079531669617,
448000,937.6500585079193,-730.5555982589722,95.4832839158755,-0.0006129158336745988,73.9170597076416,1.4417541861534118,0.002472833072533831,-986.9054822921753,182.88979623705313,3.0,0.9794343173503876,
452000,945.8322188854218,-721.0947103500366,89.37628964493155,-0.0017582588468988193,61.89404106140137,1.424533724784851,0.002201997248067833,-986.9054822921753,182.88979623705313,3.0,0.9636133790016175,
456000,953.9907078742981,-708.3668022155762,94.66984990034545,-0.0004837083211459703,125.01966781616211,1.4622827172279358,0.00046512989144442685,-986.9054822921753,182.88979623705313,3.0,0.9998716533184051,
460000,962.1593284606934,-718.5930633544922,125.69780203229273,-0.00113773095568952,109.50438537597657,1.4928473949432373,0.0008431637665295699,-986.9054822921753,182.88979623705313,3.0,0.9853012382984161,
464000,970.2932851314545,-690.6714515686035,80.27723946419145,-0.0010948070605712346,119.26907348632812,1.5070883750915527,0.0008382511263334891,-986.9054822921753,182.88979623705313,3.0,0.9915725529193878,
468000,978.4685189723969,-709.3024644851685,103.6880980619872,-0.0022855190367748303,85.96217918395996,1.5111808061599732,0.0015929936722168358,-986.9054822921753,182.88979623705313,3.0,0.9547033667564392,
472000,986.6482059955597,-697.5875949859619,94.62061888052231,-0.000858830057241633,120.51662521362304,1.4967991948127746,0.0015822290268260985,-986.9054822921753,182.88979623705313,3.0,0.9930203080177307,
476000,994.8323998451233,-699.2389783859253,83.92401878237443,-0.0005377991784868641,147.01719818115234,1.5090605854988097,0.0007419419741102829,-986.9054822921753,182.88979623705313,3.0,0.9827507019042969,
480000,1003.0125503540039,-691.4259233474731,83.78662613703818,-0.0012554513292755587,93.15438842773438,1.4344777464866638,0.001992626193969045,-986.9054822921753,182.88979623705313,3.0,1.0150409460067749,
484000,1013.4281389713287,-723.7726879119873,89.58816152193945,-0.0009833878776504435,74.02758979797363,1.4341237664222717,0.0011135571723571048,-789.6290669739246,135.02030126724398,3.0,0.9906919956207275,
488000,1021.582346200943,-718.4503755569458,102.76832734740118,-0.0013202098058925139,106.5169662475586,1.4322638988494873,0.0008288622918238009,-789.6290669739246,135.02030126724398,3.0,1.0076697707176208,
492000,1029.7273967266083,-754.6175661087036,115.2432493184762,-0.00031793291047385044,71.35109481811523,1.4474189519882201,0.0015023177169496194,-789.6290669739246,135.02030126724398,3.0,1.0097766518592834,
496000,1037.8906743526459,-706.5509648323059,93.847486288158,-0.0007356932596691123,95.05262069702148,1.436853003501892,0.0014663413097926736,-789.6290669739246,135.02030126724398,3.0,1.0065647602081298,
500000,1046.0537371635437,-695.6899147033691,83.14373037203522,-0.0011100578221570068,67.50398788452148,1.3801041960716247,0.0007998220244189724,-789.6290669739246,135.02030126724398,3.0,1.0322465300559998,
504000,1054.2064180374146,-757.2520866394043,105.81243096365233,-0.0013195427413326577,80.29567413330078,1.4013835668563843,0.001621365586470347,-789.6290669739246,135.02030126724398,3.0,1.0261004567146301,
508000,1062.374990940094,-703.8353929519653,109.88278749071792,-0.0017336724211539866,54.487870407104495,1.4006628274917603,0.0023409197032063568,-789.6290669739246,135.02030126724398,3.0,0.988434237241745,
512000,1070.5295360088348,-715.1061515808105,93.91678881204514,-0.0005143230049482805,77.11152839660645,1.3885976910591125,0.0005601111532887448,-789.6290669739246,135.02030126724398,3.0,1.0131759881973266,
516000,1078.6886434555054,-722.6325922012329,89.09129683797734,-0.0004193966691285134,64.50666809082031,1.3674003958702088,0.0012806451887639402,-789.6290669739246,135.02030126724398,3.0,1.032897710800171,
520000,1086.8303534984589,-712.2478122711182,86.27763968641493,-0.0002913758838355207,42.947064590454104,1.3662792682647704,0.0022669790131428003,-789.6290669739246,135.02030126724398,3.0,0.993282800912857,
524000,1097.2679681777954,-715.4522256851196,90.41146729798744,-0.0011953064789995693,52.949038124084474,1.3666802644729614,0.0022224128002417353,-783.6141873002052,95.43498323121743,3.0,1.0044320821762085,
528000,1105.4176664352417,-737.2251319885254,97.02870703745802,-0.0011364152312840937,55.097966003417966,1.3582392811775208,0.002094663200841751,-783.6141873002052,95.43498323121743,3.0,0.9355619370937347,
532000,1113.5853083133698,-732.9305305480957,121.56436339576962,-0.0012309874125955745,54.49595718383789,1.3864833950996398,0.002487214647408109,-783.6141873002052,95.43498323121743,3.0,0.9159310579299926,
536000,1121.758011341095,-756.514440536499,110.46659700677826,-0.0006484617036343288,47.41361255645752,1.3977461338043213,0.002761533368572905,-783.6141873002052,95.43498323121743,3.0,0.8844160437583923,
540000,1129.909102678299,-704.5596466064453,88.73067801214634,-0.0005234278231704082,64.45819358825683,1.448922836780548,0.0015978857700053362,-783.6141873002052,95.43498323121743,3.0,0.8882988333702088,
544000,1138.0746586322784,-688.7694263458252,88.790752681015,-0.001779584906122178,56.07408103942871,1.4482786536216736,0.0012782164365489734,-783.6141873002052,95.43498323121743,3.0,0.9052208185195922,
548000,1146.250450849533,-704.4343395233154,103.68356315166963,-0.00132075386137398,52.737491607666016,1.441338312625885,0.0013294274809595662,-783.6141873002052,95.43498323121743,3.0,0.9078486442565918,
552000,1154.4195821285248,-740.7283248901367,124.75483077708533,-0.0015958178616710893,48.56682510375977,1.3856090188026429,0.0028699745118501594,-783.6141873002052,95.43498323121743,3.0,0.8521192073822021,
556000,1162.5213305950165,-727.6462497711182,91.03958692915047,-0.0016498246700308917,59.37088279724121,1.4046905875205993,0.0006060430165768293,-783.6141873002052,95.43498323121743,3.0,0.8930659472942353,
560000,1170.6823692321777,-746.9595804214478,88.50320120455174,-0.0005200333165363835,59.301953125,1.4158530235290527,0.0006853881061639796,-783.6141873002052,95.43498323121743,3.0,0.9145167231559753,
564000,1181.1469242572784,-748.0411825180054,97.67685968537216,-0.00047618316911881566,54.37045516967773,1.4343461513519287,0.001553414212889037,-849.293388903141,162.67892796850794,3.0,0.9143713772296905,
568000,1189.1929349899292,-757.4642515182495,101.85199145171386,-0.0011598695266098248,54.93493118286133,1.390735936164856,0.0010706858844932831,-849.293388903141,162.67892796850794,3.0,0.8833914875984192,
572000,1197.1756656169891,-737.1169157028198,92.13310162044209,-0.0010318866149561178,49.38493404388428,1.434455943107605,0.0016623342547973153,-849.293388903141,162.67892796850794,3.0,0.8871324539184571,
576000,1205.1547229290009,-749.7468605041504,89.01698443472816,-0.0012391982743671815,35.313276863098146,1.4144819617271422,0.002477999843230161,-849.293388903141,162.67892796850794,3.0,0.8331198513507843,
580000,1213.1483209133148,-754.7248888015747,83.06281948546432,-0.0009270074438536113,55.72523860931396,1.4660081386566162,0.002102347003043786,-849.293388903141,162.67892796850794,3.0,0.8044668912887574,
584000,1221.2265553474426,-727.1087265014648,105.7902320967705,-0.0015960060334376358,76.11760940551758,1.4485911130905151,0.0014051043035578914,-849.293388903141,162.67892796850794,3.0,0.8136478364467621,
588000,1229.383929014206,-784.0498447418213,139.00181218312764,-0.0017936843321076702,57.73933792114258,1.421055519580841,0.0023486316988710317,-849.293388903141,162.67892796850794,3.0,0.8027535021305084,
592000,1237.5504858493805,-764.2865447998047,106.27021456384107,-0.0004884210278687462,61.53752975463867,1.4032412767410278,0.0012540941257611848,-849.293388903141,162.67892796850794,3.0,0.8022072434425354,
596000,1245.7060799598694,-788.1575975418091,115.21932636757332,-0.0004074483800359907,70.10309753417968,1.3559335708618163,0.0019611243696999736,-849.293388903141,162.67892796850794,3.0,0.7821412920951843,
600000,1253.8760216236115,-766.4855184555054,127.20101253878133,-0.0012589978916827782,57.81988258361817,1.4331480741500855,0.0016341623733751476,-849.293388903141,162.67892796850794,3.0,0.8096669256687165,
604000,1264.3362445831299,-761.2592258453369,103.46848377505098,-0.0006874955586487541,58.930839157104494,1.4261569738388062,0.00183736395847518,-968.7478674054146,237.37628412585144,3.0,0.8130752682685852,
608000,1272.4880194664001,-737.9226179122925,94.17044735906703,-0.0008857304361930219,46.32779884338379,1.3981669068336486,0.0009762611549376743,-968.7478674054146,237.37628412585144,3.0,0.7602721571922302,
612000,1280.646888256073,-744.0571174621582,107.50309707096666,-0.0006818429995133713,54.88355712890625,1.3841594934463501,0.0026928064442472534,-968.7478674054146,237.37628412585144,3.0,0.7625435709953308,
616000,1288.8299405574799,-758.039849281311,98.47831036090325,-0.0003681251840152555,52.459886932373045,1.3448127269744874,0.0018137962083177085,-968.7478674054146,237.37628412585144,3.0,0.7807604670524597,
620000,1297.0192923545837,-733.9101762771606,91.88751899954474,-0.0008517375585405329,45.60535144805908,1.315071737766266,0.0011553783202543854,-968.7478674054146,237.37628412585144,3.0,0.7782522737979889,
624000,1305.1932034492493,-767.9444427490234,125.62279822621942,-0.0009179652855769938,65.13137893676758,1.325307834148407,0.0010682887707565314,-968.7478674054146,237.37628412585144,3.0,0.7416971802711487,
628000,1313.371535539627,-746.3308639526367,100.13827990936514,-0.001589243930570472,42.47807788848877,1.341105854511261,0.00171245109157947,-968.7478674054146,237.37628412585144,3.0,0.8093289971351624,
632000,1321.5765340328217,-752.5090026855469,86.59602778169679,-0.001492987023045611,48.449048614501955,1.361108911037445,0.003045618231408298,-968.7478674054146,237.37628412585144,3.0,0.8044200420379639,
636000,1329.7871379852295,-732.1615362167358,95.58537410881253,-0.0014787935413611564,51.483282470703124,1.3792001724243164,0.0014142141029878986,-968.7478674054146,237.37628412585144,3.0,0.7335289597511292,
640000,1337.9786088466644,-742.610143661499,102.14335924899774,-0.0009579961756923438,40.59992141723633,1.340615975856781,0.0010129453551295908,-968.7478674054146,237.37628412585144,3.0,0.7411060452461242,
644000,1348.426372051239,-752.7299280166626,91.18229778410678,-0.001727270579664042,35.06595687866211,1.2504016637802124,0.0017851488111773506,-870.3614254593849,164.5644836978438,3.0,0.7012482941150665,
648000,1356.634470462799,-702.4841017723083,98.24857763361332,-0.0006618874892543758,57.39042778015137,1.3396074771881104,0.0006572921636204043,-870.3614254593849,164.5644836978438,3.0,0.8324631512165069,
652000,1364.830777645111,-709.8802261352539,89.24352004359179,-0.0014499701163925849,31.02027130126953,1.3681747674942017,0.0018193945428938596,-870.3614254593849,164.5644836978438,3.0,0.7454963743686676,
656000,1373.01389670372,-708.6700286865234,76.78933560048625,-0.0012865194648281175,59.23754463195801,1.393550658226013,0.0031329592049587516,-870.3614254593849,164.5644836978438,3.0,0.801086837053299,
660000,1381.2178032398224,-712.0721263885498,80.19486847370057,-0.0024008070309258223,38.39885902404785,1.38853360414505,0.0036248539216661214,-870.3614254593849,164.5644836978438,3.0,0.7837860643863678,
664000,1389.379301071167,-698.2222375869751,77.33769373028325,-0.0014746127380446117,45.02199649810791,1.3842543125152589,0.002060364093631506,-870.3614254593849,164.5644836978438,3.0,0.7664018988609314,
668000,1397.581360578537,-693.8426208496094,88.19632735124623,-0.0016705764702055425,43.85701007843018,1.372303032875061,0.0016846720868670673,-870.3614254593849,164.5644836978438,3.0,0.7764519870281219,
672000,1405.7886896133423,-719.5716648101807,88.37129649487916,-0.002022081327317693,33.024156761169436,1.3789441466331482,0.0015956674797344029,-870.3614254593849,164.5644836978438,3.0,0.7468560755252838,
676000,1413.9852590560913,-708.8003988265991,76.59793750854038,-0.0017648934515406723,47.46907711029053,1.3779701828956603,0.0033660418805860235,-870.3614254593849,164.5644836978438,3.0,0.8060428559780121,
680000,1422.1966366767883,-706.2691955566406,83.1987875289263,-0.0012097601931163383,47.6251745223999,1.3649832367897035,0.001772579361568205,-870.3614254593849,164.5644836978438,3.0,0.8118703842163086,
684000,1432.6632332801819,-709.5973081588745,82.46216126043915,-0.0021192900588503094,55.232700729370116,1.3569159984588623,0.0026495847676415,-726.1244583725929,118.10494537557413,3.0,0.7794926464557648,
688000,1440.842719078064,-678.9297285079956,74.85856638116896,-0.0018947089992773947,62.446167373657225,1.3859264969825744,0.0033566296042408794,-726.1244583725929,118.10494537557413,3.0,0.8132680594921112,
692000,1449.0092310905457,-684.7051515579224,75.93980811073362,-0.002495986487405988,41.13360729217529,1.3928759098052979,0.0031742479070089756,-726.1244583725929,118.10494537557413,3.0,0.8103817999362946,
696000,1457.189522266388,-698.9299736022949,75.00225801371349,-0.0012467139686535233,45.27076396942139,1.382467806339264,0.0038911028299480678,-726.1244583725929,118.10494537557413,3.0,0.7840816497802734,
700000,1465.3609433174133,-734.5334734916687,115.07953543672508,-0.0010826410286536082,50.018523406982425,1.3350915312767029,0.0012049734090881724,-726.1244583725929,118.10494537557413,3.0,0.744993019104004,
704000,1473.5223424434662,-740.4747142791748,89.64385755039541,-0.001963773496022192,42.6989028930664,1.3585535168647767,0.0016146877422191564,-726.1244583725929,118.10494537557413,3.0,0.6838960647583008,
708000,1481.6771221160889,-716.8050141334534,95.22842036252575,-0.0005079215283961602,63.23284225463867,1.3908777117729187,0.003193737205583602,-726.1244583725929,118.10494537557413,3.0,0.7422711789608002,
712000,1489.797021150589,-706.4996070861816,86.5311119342106,-0.0019709376050353277,76.42494583129883,1.3555156469345093,0.0016905478027183563,-726.1244583725929,118.10494537557413,3.0,0.714140796661377,
716000,1497.9396467208862,-723.6791162490845,92.10789700873747,-0.0005417759733051142,52.5647087097168,1.3615393400192262,0.0006194301495270338,-726.1244583725929,118.10494537557413,3.0,0.7487279772758484,
720000,1506.077608346939,-752.3421936035156,103.26670191235601,-0.0015625013146588263,71.7205768585205,1.373235547542572,0.0018827937157281371,-726.1244583725929,118.10494537557413,3.0,0.7153825461864471,
724000,1516.431468486786,-759.1925001144409,101.28480901746943,-0.0018135631088904702,68.4770320892334,1.433183479309082,0.0032334834831223513,-782.3415705263615,209.31197543416525,3.0,0.7082555234432221,
728000,1524.625544309616,-756.1917142868042,114.4904680843837,-0.0013749997199919762,48.31390151977539,1.413501226902008,0.0015130738180232583,-782.3415705263615,209.31197543416525,3.0,0.7207703530788422,
732000,1532.7524163722992,-796.3212823867798,142.57031850059073,-0.0010247218496806543,68.96115989685059,1.4179021835327148,0.0003631254415183083,-782.3415705263615,209.31197543416525,3.0,0.7239298522472382,
736000,1540.86550283432,-770.9556016921997,156.22129585239492,-0.00203689640116258,74.5836555480957,1.3658607721328735,0.001769572878625092,-782.3415705263615,209.31197543416525,3.0,0.6948104918003082,
740000,1549.0091066360474,-760.4896802902222,112.55535771956478,-0.0016779721773928058,73.90615959167481,1.4055160403251648,0.003404660461819731,-782.3415705263615,209.31197543416525,3.0,0.718576318025589,
744000,1557.1524331569672,-736.0165348052979,97.73811402229737,-0.0010461678330902836,96.28324890136719,1.4649136304855346,0.0012422778233885823,-782.3415705263615,209.31197543416525,3.0,0.7291521847248077,
748000,1565.2697882652283,-794.6599187850952,128.5736695855297,-0.0015171697833963548,65.15254974365234,1.355002522468567,0.0010162516300624702,-782.3415705263615,209.31197543416525,3.0,0.6660997152328492,
752000,1573.4031760692596,-797.6027221679688,133.1636389155839,-0.0015379388798415939,49.420517921447754,1.4203510522842406,0.0018719484880372617,-782.3415705263615,209.31197543416525,3.0,0.7089746356010437,
756000,1581.5174052715302,-776.1911029815674,105.283538071749,-0.0012259190076536087,63.75692024230957,1.4120630621910095,0.0008182165038306266,-782.3415705263615,209.31197543416525,3.0,0.7100930094718934,
760000,1589.657854795456,-796.100905418396,127.96292019120332,-0.0015234605985654849,64.52462730407714,1.4450348973274232,0.002227113120898139,-782.3415705263615,209.31197543416525,3.0,0.6870674192905426,
764000,1600.0107216835022,-725.6649503707886,81.63647477202333,-0.0013858104700375407,89.04510955810547,1.429840886592865,0.0014004268737608072,-973.4421032071114,245.76593341543415,3.0,0.7021161377429962,
768000,1608.1350424289703,-727.8109092712402,119.91662474659394,-0.0019057986266756365,74.97166519165039,1.3721179485321044,0.004243664396150671,-973.4421032071114,245.76593341543415,3.0,0.6750256657600403,
772000,1616.2804293632507,-731.7473478317261,111.9794908877385,-0.0013255193869893712,67.23641929626464,1.397533369064331,0.0027666214609053164,-973.4421032071114,245.76593341543415,3.0,0.6725524067878723,
776000,1624.4050302505493,-742.7489624023438,82.8394648979586,-0.0012943176211192675,54.54210166931152,1.4053337574005127,0.0023520062473835423,-973.4421032071114,245.76593341543415,3.0,0.6698197424411774,
780000,1632.5357110500336,-738.7826290130615,93.63276377287609,-0.0003028604312615535,60.69922218322754,1.3973122119903565,0.0022077976185925553,-973.4421032071114,245.76593341543415,3.0,0.7115499377250671,
784000,1640.6749551296234,-744.9582042694092,118.42444771337429,-0.0015937934369042671,56.06742210388184,1.3824155688285829,0.0029417603509500623,-973.4421032071114,245.76593341543415,3.0,0.66001678109169,
788000,1648.7751622200012,-731.2017555236816,95.33489841960947,-0.0006390874445060035,55.083031845092776,1.3389272332191466,0.002406027355386575,-973.4421032071114,245.76593341543415,3.0,0.6569813311100006,
792000,1656.9049046039581,-709.3797912597656,101.32064098055746,-0.0008768905643908198,54.40404205322265,1.3334972381591796,0.0035355250181358768,-973.4421032071114,245.76593341543415,3.0,0.7313729584217071,
796000,1665.0369749069214,-737.2485980987549,100.66164058203798,-0.0010906451593764466,86.99666557312011,1.3893938541412354,0.001369814413919812,-973.4421032071114,245.76593341543415,3.0,0.7189892888069153,
800000,1673.1791439056396,-765.0768747329712,105.82400775413855,-0.0013468323029519169,66.8928596496582,1.3994892954826355,0.0018708671809484546,-973.4421032071114,245.76593341543415,3.0,0.7039999842643738,
804000,1683.482162475586,-753.260383605957,106.42548141872533,-0.0015833456700978133,57.11093940734863,1.391682994365692,0.0032528901007026433,-834.1601860225201,120.33640809989656,3.0,0.6427381932735443,
808000,1691.6030848026276,-707.5978708267212,88.51300232855489,-0.0009747506597826749,70.62094116210938,1.4045985817909241,0.0025432093382890654,-834.1601860225201,120.33640809989656,3.0,0.7163829922676086,
812000,1699.7369270324707,-752.6137275695801,80.0318663114241,-0.0020588937164284895,50.93685607910156,1.304211139678955,0.0020474590408412043,-834.1601860225201,120.33640809989656,3.0,0.6150877594947814,
816000,1707.8707783222198,-750.7670392990112,94.30139168682193,-0.0016312630322839361,47.08330402374268,1.3478822231292724,0.0023787495262998504,-834.1601860225201,120.33640809989656,3.0,0.6336451172828674,
820000,1716.0155143737793,-752.5179824829102,101.62202599747884,-0.002003916556015639,63.969644927978514,1.388434076309204,0.002297720139904413,-834.1601860225201,120.33640809989656,3.0,0.6249993801116943,
824000,1724.1502463817596,-720.3292551040649,81.5094519553211,-0.0018812569375149303,43.720119094848634,1.4052611589431763,0.004941383200620009,-834.1601860225201,120.33640809989656,3.0,0.6098275661468506,
828000,1732.2828500270844,-746.5451765060425,102.5785493963882,-0.001581596015642095,57.22679405212402,1.4388031125068665,0.0020293812825111666,-834.1601860225201,120.33640809989656,3.0,0.6692295372486115,
832000,1740.4400012493134,-758.9801139831543,108.70052461969544,-0.0011347839827843486,49.4516357421875,1.3268281459808349,0.0022892083309513206,-834.1601860225201,120.33640809989656,3.0,0.5777545690536499,
836000,1748.5759012699127,-739.7460842132568,107.17605607304266,-0.0014211749962414588,55.49507598876953,1.3716551065444946,0.0017675858311122284,-834.1601860225201,120.33640809989656,3.0,0.6302279233932495,
840000,1756.7051808834076,-744.9165773391724,99.51842573292755,-0.0005147145297572208,50.664908981323244,1.3832579374313354,0.002534508141980041,-834.1601860225201,120.33640809989656,3.0,0.610758113861084,
844000,1767.1108901500702,-697.754714012146,92.28351510376964,-0.0008114016465551544,123.61768188476563,1.414738690853119,0.0022716996838959558,-921.0544529557228,167.25197966491814,3.0,0.6629680752754211,
848000,1775.2639486789703,-697.1997575759888,77.42952880327394,-0.0019505735022637082,86.04634857177734,1.337311816215515,0.001818355639989022,-921.0544529557228,167.25197966491814,3.0,0.665685898065567,
852000,1783.4298038482666,-741.2067499160767,102.53245128924098,-0.0013612113099952694,54.47340126037598,1.3888305187225343,0.0012584592004714068,-921.0544529557228,167.25197966491814,3.0,0.5800012230873108,
856000,1791.5886659622192,-704.9448871612549,104.71608812309607,-0.0016385768537487521,57.91287612915039,1.254880142211914,0.0022779992199502886,-921.0544529557228,167.25197966491814,3.0,0.6128845453262329,
860000,1799.7468619346619,-736.0125722885132,98.32516582065456,-0.0014044128237873821,41.547810554504395,1.2160802483558655,0.0006572061181553512,-921.0544529557228,167.25197966491814,3.0,0.6120740830898285,
864000,1807.9277067184448,-711.2864599227905,95.31776392421563,-0.0004763512916300394,58.02462272644043,1.1702136158943177,0.0018758167144648397,-921.0544529557228,167.25197966491814,3.0,0.6174672663211822,
868000,1816.0785963535309,-705.5675368309021,86.46443647718105,-0.0019534919781047932,41.798634719848636,1.1309965014457704,0.0018084034602118993,-921.0544529557228,167.25197966491814,3.0,0.6308124959468842,
872000,1824.2337312698364,-751.4464769363403,120.38881774622517,-0.0006966745641317828,67.69190521240235,1.2115753054618836,0.001620549679733818,-921.0544529557228,167.25197966491814,3.0,0.6221054792404175,
876000,1832.3975360393524,-721.9207592010498,88.18982490212144,-0.0020969585527976344,67.41708679199219,1.3151195764541626,0.0023457232602716706,-921.0544529557228,167.25197966491814,3.0,0.6099356055259705,
880000,1840.5291562080383,-737.2691326141357,108.5617104791548,-0.0017294898739006915,52.83551940917969,1.3544272422790526,0.0006173469293571543,-921.0544529557228,167.25197966491814,3.0,0.6178741693496704,
884000,1850.8833153247833,-769.6663455963135,129.29460074057408,-0.0022213548444754315,75.94871711730957,1.3617895603179933,0.005970372273043423,-854.9491780698299,146.2669938618895,3.0,0.597602653503418,
888000,1859.0036549568176,-704.9596014022827,90.08277638545627,-0.0014873726878237292,38.830057334899905,1.329892110824585,0.0014992016875573278,-854.9491780698299,146.2669938618895,3.0,0.6151442885398865,
892000,1867.143180847168,-731.3865842819214,98.4376402746408,-0.0010387189889600856,53.19305267333984,1.2968054056167602,0.00278760907240212,-854.9491780698299,146.2669938618895,3.0,0.6052614450454712,
896000,1875.2732605934143,-719.2063598632812,108.57687882395602,-0.0030625785239973167,50.32370872497559,1.362189495563507,0.0030680063151521607,-854.9491780698299,146.2669938618895,3.0,0.5793581545352936,
900000,1883.4064598083496,-717.8099784851074,94.00110277504338,-0.0027240238987142006,54.086944580078125,1.3624505400657654,0.004397501852673791,-854.9491780698299,146.2669938618895,3.0,0.5593326032161713,
904000,1891.531955242157,-717.6840405464172,107.8672442561115,-0.0012514285606345156,56.659869003295896,1.3461174249649048,0.0033685907546896487,-854.9491780698299,146.2669938618895,3.0,0.6219304203987122,
908000,1899.6699395179749,-712.7887086868286,102.24348542183701,-0.002218651046821218,51.492736434936525,1.3855835437774657,0.0029956988652120485,-854.9491780698299,146.2669938618895,3.0,0.623189264535904,
912000,1907.8024680614471,-682.569860458374,95.26019567714134,-0.001355754914480123,93.66581115722656,1.3896248817443848,0.0025717455487853534,-854.9491780698299,146.2669938618895,3.0,0.627473133802414,
916000,1915.9332292079926,-676.344259262085,77.07325907380994,-0.002651328248437501,35.790167045593265,1.389134156703949,0.0039041553868058632,-854.9491780698299,146.2669938618895,3.0,0.607978355884552,
920000,1924.0593972206116,-736.9135627746582,92.24138019759874,-0.0023905391930214457,43.17026653289795,1.3777294993400573,0.00281942282572466,-854.9491780698299,146.2669938618895,3.0,0.6062637269496918,
924000,1934.4106576442719,-781.0125455856323,100.12534408390368,-0.0008503343927586116,41.253479385375975,1.3217300772666931,0.0022591877899249104,-895.1079926490784,237.4483788489733,3.0,0.5297287940979004,
928000,1942.5335381031036,-751.9776477813721,96.7360041017043,-0.0018118294823070702,42.96329250335693,1.360031247138977,0.002714133407823588,-895.1079926490784,237.4483788489733,3.0,0.5400359928607941,
932000,1950.6855075359344,-737.2377691268921,83.24848769047188,-0.0023420977504381214,30.768367195129393,1.365555512905121,0.0027485574062836053,-895.1079926490784,237.4483788489733,3.0,0.6231550097465515,
936000,1958.823514699936,-752.5188570022583,98.19268429580505,-0.0031383722652680744,50.43634471893311,1.3713279962539673,0.004576373416057322,-895.1079926490784,237.4483788489733,3.0,0.619378674030304,
940000,1966.9538147449493,-733.3303804397583,94.78770725165147,-0.0015009863805365952,54.352172470092775,1.4293652892112731,0.0007484021320124157,-895.1079926490784,237.4483788489733,3.0,0.6168478667736054,
944000,1975.1055808067322,-760.4010982513428,109.4477617266755,-0.0016627654680828386,49.65780372619629,1.381787943840027,0.0022279734980547804,-895.1079926490784,237.4483788489733,3.0,0.5974239706993103,
948000,1983.2670447826385,-723.029411315918,98.2509506347661,-0.001991189181649444,43.660125732421875,1.40596923828125,0.0030781737786019113,-895.1079926490784,237.4483788489733,3.0,0.6036892533302307,
952000,1991.4063136577606,-762.8569965362549,82.58685729580657,-0.0008552955809912888,59.66607322692871,1.3685688734054566,0.0023299531292092722,-895.1079926490784,237.4483788489733,3.0,0.6196799218654633,
956000,1999.532152891159,-756.88063621521,86.63653816191112,-0.0017173545946522317,37.33865032196045,1.3108786821365357,0.0027271564552793282,-895.1079926490784,237.4483788489733,3.0,0.559256237745285,
960000,2007.6642127037048,-752.9491376876831,117.05099831693886,-0.0015744750036198242,61.57107734680176,1.319176399707794,0.002007483335910365,-895.1079926490784,237.4483788489733,3.0,0.5810651898384094,
964000,2017.9922330379486,-731.0004110336304,106.29428347777285,-0.0031261789584532407,51.63784294128418,1.3837575793266297,0.005001533740432951,-876.1532431840897,142.5133680791077,3.0,0.6321683645248413,
968000,2026.1242372989655,-698.8169603347778,92.01712036549065,-0.0010226537451623941,45.33154525756836,1.3848175525665283,0.0014988634804030897,-876.1532431840897,142.5133680791077,3.0,0.6434506118297577,
972000,2034.2182412147522,-693.5459318161011,74.47808022655494,-0.0014372435624512292,61.26298713684082,1.4396937847137452,0.001933370271484236,-876.1532431840897,142.5133680791077,3.0,0.6032500267028809,
976000,2042.3418910503387,-718.0727825164795,98.61833665852929,-0.0035543085503547123,40.49630756378174,1.3859487056732178,0.006090081465663389,-876.1532431840897,142.5133680791077,3.0,0.5478752493858338,
980000,2050.4596939086914,-745.2047967910767,104.88055592746632,-0.001659269268672947,60.15673828125,1.3200488448143006,0.0032326209997409093,-876.1532431840897,142.5133680791077,3.0,0.5400403141975403,
984000,2058.580292701721,-776.6750812530518,117.95055739567472,-0.001275595434650434,47.64095191955566,1.2978413462638856,0.0007470509459380992,-876.1532431840897,142.5133680791077,3.0,0.5522752940654755,
988000,2066.702568292618,-773.5932188034058,122.37182183145748,-0.0017222152334870789,48.050985717773436,1.2971828937530518,0.000994472059051077,-876.1532431840897,142.5133680791077,3.0,0.5253970921039581,
992000,2074.8313755989075,-762.916296005249,105.35271003417154,-0.0019848836252931434,41.89880523681641,1.3375051379203797,0.002901825556715876,-876.1532431840897,142.5133680791077,3.0,0.5493377864360809,
996000,2082.9649288654327,-732.6177654266357,108.96462222464882,-0.0018722654756857082,59.096793746948244,1.3783585190773011,0.0026639762205304617,-876.1532431840897,142.5133680791077,3.0,0.5144231855869293,
1000000,2091.0902428627014,-711.921558380127,80.02350736509219,-0.00206652200144406,41.73471450805664,1.4084535717964173,0.0029556013257048706,-876.1532431840897,142.5133680791077,3.0,0.5631109535694122,
1004000,2101.4404351711273,-717.3145380020142,73.94637108588172,-0.001193105457505833,41.44450016021729,1.356099283695221,0.0012326814528399455,-870.6553457677364,143.93035951458526,3.0,0.5424451112747193,
1008000,2109.5692689418793,-744.1006212234497,87.10790401387568,-0.0006301548724167106,44.26179790496826,1.319607102870941,0.002270531340036541,-870.6553457677364,143.93035951458526,3.0,0.5387002527713776,
1012000,2117.694900751114,-749.8981628417969,97.39810207267274,-0.0009732761825628877,32.40089454650879,1.355657660961151,0.002773936544622613,-870.6553457677364,143.93035951458526,3.0,0.5168930172920227,
1016000,2125.862179517746,-718.1664113998413,89.13394885538533,-0.0010761409264329557,38.2231632232666,1.3719109535217284,0.0006334420351777226,-870.6553457677364,143.93035951458526,3.0,0.6110324621200561,
1020000,2134.029513835907,-696.6580677032471,72.58157926115689,-0.0023001511538944365,32.02286434173584,1.3686872839927673,0.0018845947718752142,-870.6553457677364,143.93035951458526,3.0,0.6026569128036499,
1024000,2142.1895496845245,-711.2848606109619,87.8714097161507,-0.002222240408028808,37.685624313354495,1.3480030298233032,0.003217127511743456,-870.6553457677364,143.93035951458526,3.0,0.6067513585090637,
1028000,2150.370665550232,-713.4543571472168,98.86403460000203,-0.0023091069743483407,34.99191513061523,1.3444698929786683,0.0034312036441406235,-870.6553457677364,143.93035951458526,3.0,0.5879512846469879,
1032000,2158.541445493698,-706.5385904312134,80.63613608283225,-0.0022911375751752507,37.34983177185059,1.3688583970069885,0.002196814491869503,-870.6553457677364,143.93035951458526,3.0,0.5983814001083374,
1036000,2166.7045197486877,-680.6875333786011,90.00308460531815,-0.0029019082686087662,39.829847145080564,1.3635643482208253,0.0040337907523692925,-870.6553457677364,143.93035951458526,3.0,0.5909389615058899,
1040000,2174.878248691559,-700.2491312026978,86.26337047644797,-0.002616536259845148,35.344611167907715,1.3744013905525208,0.00463399400759954,-870.6553457677364,143.93035951458526,3.0,0.6005183160305023,
1044000,2185.231825351715,-695.5745849609375,77.78988042017748,-0.0011915921462543721,46.84722900390625,1.3847829580307007,0.0019431438773171994,-808.3575092852116,177.02561773335736,3.0,0.569823557138443,
1048000,2193.3696987628937,-714.5992603302002,79.92321132783302,-0.0019474605555878989,49.50279846191406,1.4033894896507264,0.002244957344373688,-808.3575092852116,177.02561773335736,3.0,0.552243560552597,
1052000,2201.496575832367,-727.733660697937,88.88475066594648,-0.002025994491554828,39.22896499633789,1.3721781969070435,0.002877913237083707,-808.3575092852116,177.02561773335736,3.0,0.5233298122882843,
1056000,2209.620439529419,-707.2130908966064,91.24564860582187,-0.002267865849620021,46.76508560180664,1.3613250374794006,0.0030557237650112867,-808.3575092852116,177.02561773335736,3.0,0.5157986462116242,
1060000,2217.661553621292,-721.194504737854,76.3954697911858,-0.0025316745676488227,33.724839210510254,1.3123852014541626,0.00439178153173998,-808.3575092852116,177.02561773335736,3.0,0.5814082324504852,
1064000,2225.6203184127808,-725.6608600616455,91.3925585462879,-0.003632607244576036,32.354004859924316,1.3379515647888183,0.004198970977449789,-808.3575092852116,177.02561773335736,3.0,0.5776631295681,
1068000,2233.5889649391174,-734.3057041168213,94.37184759166585,-0.0022761032240329326,35.847076416015625,1.3341207146644591,0.0026981761801289396,-808.3575092852116,177.02561773335736,3.0,0.5691706299781799,
1072000,2241.5550475120544,-728.7698802947998,94.51841023658359,-0.002027161869996519,53.65871696472168,1.3569710493087768,0.0018782319413730875,-808.3575092852116,177.02561773335736,3.0,0.5690757870674134,
1076000,2249.6383187770844,-710.5209169387817,93.50678726422315,-0.0019913939085963507,38.23037891387939,1.3312613844871521,0.0026207848393823953,-808.3575092852116,177.02561773335736,3.0,0.5966780066490174,
1080000,2257.7841877937317,-717.8557577133179,80.26417897787266,-0.0020262476907422222,37.2249080657959,1.3458037972450256,0.0017042474733898415,-808.3575092852116,177.02561773335736,3.0,0.5921043694019318,
1084000,2268.1392920017242,-708.3965263366699,101.50861418645592,-0.002856146553841732,38.130914497375485,1.3620522618293762,0.005222337002788358,-802.8931963145733,138.587354276745,3.0,0.6039750158786774,
1088000,2276.287444829941,-710.8102803230286,103.75357962855908,-0.0011191943092659696,65.73193397521973,1.3388142228126525,0.0013324869356195757,-802.8931963145733,138.587354276745,3.0,0.5764701783657074,
1092000,2284.4221498966217,-701.9581923484802,95.30278794534263,-0.0019056315469207163,49.92310562133789,1.3261709928512573,0.001954028294130694,-802.8931963145733,138.587354276745,3.0,0.5475580155849457,
1096000,2292.5506727695465,-701.6088027954102,78.41792240279182,-0.0028024389710433082,24.950331115722655,1.2791780710220337,0.0024860612982884112,-802.8931963145733,138.587354276745,3.0,0.6246831834316253,
1100000,2300.667189836502,-696.5867314338684,82.30428894886208,-0.002297897881634192,34.93913307189941,1.324887454509735,0.003409012876683848,-802.8931963145733,138.587354276745,3.0,0.6036628603935241,
1104000,2308.6336460113525,-675.7413625717163,82.3277760370017,-0.0017826389532030972,38.80034923553467,1.3111135363578796,0.002445838505363418,-802.8931963145733,138.587354276745,3.0,0.6557601928710938,
1108000,2316.590166568756,-663.4026212692261,71.83678373765605,-0.0017977261556097802,47.2928581237793,1.3673442244529723,0.00044462338383937093,-802.8931963145733,138.587354276745,3.0,0.638474577665329,
1112000,2324.544982433319,-669.5894403457642,71.18047492161821,-0.0017809007407631583,50.47450828552246,1.328801703453064,0.0013042702921666205,-802.8931963145733,138.587354276745,3.0,0.6357476830482482,
1116000,2332.511147737503,-654.8424472808838,99.50502710003823,-0.0011035814893223695,61.05529899597168,1.366402280330658,0.0012953770645253825,-802.8931963145733,138.587354276745,3.0,0.6417640030384064,
1120000,2340.497758626938,-694.258373260498,101.03136832193682,-0.0019184423120944595,58.27465972900391,1.408288550376892,0.002649267053474129,-802.8931963145733,138.587354276745,3.0,0.638282859325409,
1124000,2350.697646856308,-697.8727426528931,82.86457309246349,-0.002164702511664185,50.27645645141602,1.3522353172302246,0.002526964516437147,-732.0331938266754,120.4158054887571,3.0,0.6248740434646607,
1128000,2358.665868282318,-689.6737203598022,81.41864594810042,-0.0015188780248087674,52.7559154510498,1.2869920134544373,0.0029833107750164346,-732.0331938266754,120.4158054887571,3.0,0.6505260825157165,
1132000,2366.752069234848,-664.4095935821533,74.56911991359921,-0.0017172437209495295,40.45787410736084,1.3659570455551147,0.00206075112577917,-732.0331938266754,120.4158054887571,3.0,0.6592342853546143,
1136000,2374.860114812851,-673.1116418838501,70.57123292158145,-0.0018654540754311389,28.96077518463135,1.3732411861419678,0.003563466147170402,-732.0331938266754,120.4158054887571,3.0,0.613239723443985,
1140000,2383.054271221161,-701.21826171875,75.87869599574418,-0.0028638706030323924,37.29620151519775,1.3697875142097473,0.004819930809026119,-732.0331938266754,120.4158054887571,3.0,0.6295811176300049,
1144000,2391.2248651981354,-685.3486623764038,82.58555650477491,-0.001056047338119237,41.85143814086914,1.4157444834709167,0.0015621315277724924,-732.0331938266754,120.4158054887571,3.0,0.6484223902225494,
1148000,2399.3501443862915,-686.4545822143555,68.93320321651053,-0.0019624893184518656,37.60753231048584,1.3708261489868163,0.0013584303203970193,-732.0331938266754,120.4158054887571,3.0,0.6009086847305298,
1152000,2407.476157426834,-700.8576192855835,91.90485207913537,-0.0020462171537801053,32.74712314605713,1.399113667011261,0.0011788893811171875,-732.0331938266754,120.4158054887571,3.0,0.5789878368377686,
1156000,2415.607097387314,-710.5587348937988,85.27531085844436,-0.0016876879961346346,31.655280685424806,1.3792303562164308,0.002175583995995112,-732.0331938266754,120.4158054887571,3.0,0.5524981498718262,
1160000,2423.7445328235626,-723.7952222824097,88.24470140924106,-0.0014239040961838256,47.13657646179199,1.3281721115112304,0.0034799881774233653,-732.0331938266754,120.4158054887571,3.0,0.5724294126033783,
1164000,2434.097348690033,-710.0613555908203,85.09312062422433,-0.0017810682646716813,37.81354866027832,1.3260979771614074,0.0028727462964792116,-1000.4761252701283,233.14456660022688,3.0,0.5802093744277954,
1168000,2442.254280567169,-683.4727125167847,79.04654536315626,-0.002120313525626738,37.5413537979126,1.3712504982948304,0.00229011883639032,-1000.4761252701283,233.14456660022688,3.0,0.5897339403629303,
1172000,2450.3773126602173,-706.4029664993286,84.67154705713311,-0.0021630815222938083,46.70472450256348,1.3470021724700927,0.001982153633070993,-1000.4761252701283,233.14456660022688,3.0,0.5863397359848023,
1176000,2458.519849538803,-705.3314485549927,90.55215289776528,-0.0018507737551312076,41.00652904510498,1.3497247338294982,0.0032035449747151445,-1000.4761252701283,233.14456660022688,3.0,0.6142412304878235,
1180000,2466.6745841503143,-697.88991355896,97.18530849227788,-0.0022745186754812964,33.83380317687988,1.3244943976402284,0.0019094280715798995,-1000.4761252701283,233.14456660022688,3.0,0.6049335122108459,
1184000,2474.8236088752747,-686.6649656295776,84.91451028720034,-0.0023046612532731546,33.905710792541505,1.2768916845321656,0.0035614769585663453,-1000.4761252701283,233.14456660022688,3.0,0.5924068987369537,
1188000,2482.9743456840515,-703.9248418807983,71.85263379153203,-0.0015711272568248447,47.54162864685058,1.3003723740577697,0.0028477218225598346,-1000.4761252701283,233.14456660022688,3.0,0.5715798377990723,
1192000,2491.129174232483,-694.7330074310303,81.91464891954207,-0.001544795069465188,58.05793418884277,1.3203253269195556,0.0023274385707142465,-1000.4761252701283,233.14456660022688,3.0,0.6046328544616699,
1196000,2499.2818627357483,-697.7534656524658,77.91621737841442,-0.0023923912550088745,29.79640293121338,1.279981803894043,0.0019444324669166235,-1000.4761252701283,233.14456660022688,3.0,0.5602728664875031,
1200000,2507.3611011505127,-685.8094472885132,76.10036962881178,-0.0024973398290264017,52.25027618408203,1.3323913931846618,0.0028574850875884295,-1000.4761252701283,233.14456660022688,3.0,0.5812842845916748,
1204000,2517.531805038452,-687.4423408508301,76.84651841134216,-0.004339007853607968,37.77377796173096,1.295010018348694,0.003952251161312842,-748.6000367105007,125.73608454359297,3.0,0.5658004403114318,
1208000,2525.492128133774,-687.870698928833,86.28311531816648,-0.002541280220660469,54.40893363952637,1.2905357003211975,0.0025285887546488083,-748.6000367105007,125.73608454359297,3.0,0.5674506723880768,
1212000,2533.4528954029083,-697.8547344207764,101.72811322117465,-0.0022961460351022646,55.96843070983887,1.2630689978599547,0.0041751861164812,-748.6000367105007,125.73608454359297,3.0,0.5629000782966613,
1216000,2541.4081110954285,-650.7176656723022,81.45189345373143,-0.0025860194726847084,60.5194896697998,1.275682306289673,0.0017628034083075673,-748.6000367105007,125.73608454359297,3.0,0.5653344511985778,
1220000,2549.4677674770355,-686.5935316085815,79.37486481316829,-0.003205441525632824,38.08716049194336,1.2369009256362915,0.002081639181415085,-748.6000367105007,125.73608454359297,3.0,0.5370545387268066,
1224000,2557.596512556076,-682.4126930236816,83.27436388579089,-0.004377475444848322,30.25512561798096,1.2668012976646423,0.0035961973801022394,-748.6000367105007,125.73608454359297,3.0,0.5300048887729645,
1228000,2565.7253818511963,-684.3071217536926,91.59876044657679,-0.003778110217535868,37.45526809692383,1.2438520312309265,0.0041677067260025066,-748.6000367105007,125.73608454359297,3.0,0.5045685708522797,
1232000,2573.849906682968,-705.4906911849976,96.13915118307519,-0.0025597799949415466,32.99070301055908,1.229800546169281,0.0026109674633868706,-748.6000367105007,125.73608454359297,3.0,0.5053208827972412,
1236000,2581.9749138355255,-700.3593788146973,89.96936468107853,-0.003947592891248242,36.75594272613525,1.238858425617218,0.0032468442478178483,-748.6000367105007,125.73608454359297,3.0,0.5153103530406952,
1240000,2590.107219696045,-703.8419246673584,106.945861006,-0.002271293440833677,41.04790916442871,1.2657295346260071,0.0017349806550773783,-748.6000367105007,125.73608454359297,3.0,0.5128548860549926,
1244000,2600.460647583008,-704.9844884872437,100.85621569968546,-0.0022240976735871886,43.74582061767578,1.216509509086609,0.0024023058882254754,-783.1642174422741,127.31092026477076,3.0,0.4919638097286224,
1248000,2608.547333717346,-689.7376880645752,86.25979273878525,-0.002629911372117988,34.518928909301756,1.2065289258956908,0.00399967418106586,-783.1642174422741,127.31092026477076,3.0,0.523623126745224,
1252000,2616.5242488384247,-689.44544506073,104.4892165010224,-0.002267938566122574,35.29882373809814,1.2400372624397278,0.003692808124469593,-783.1642174422741,127.31092026477076,3.0,0.5250715434551239,
1256000,2624.509217977524,-693.444414138794,74.78248118233685,-0.0026171075537956058,37.15448265075683,1.2656079649925231,0.001689739719731742,-783.1642174422741,127.31092026477076,3.0,0.510268771648407,
1260000,2632.527552127838,-680.9717750549316,68.21599003601857,-0.0021830216811504323,52.336656951904295,1.219534707069397,0.0033934216568013652,-783.1642174422741,127.31092026477076,3.0,0.5235600531101227,
1264000,2640.6768782138824,-693.0022630691528,71.53777870922583,-0.0029581557981437356,43.771349334716795,1.227347493171692,0.002597069926559925,-783.1642174422741,127.31092026477076,3.0,0.5175958752632142,
1268000,2648.80748128891,-688.8858366012573,80.25227019510821,-0.0022603288544729592,47.11350326538086,1.2514238357543945,0.003215465013636276,-783.1642174422741,127.31092026477076,3.0,0.5212136924266815,
1272000,2656.9490871429443,-676.4696559906006,78.77971529492287,-0.0040897750658138495,26.043051147460936,1.2713914275169373,0.004961151115169439,-783.1642174422741,127.31092026477076,3.0,0.5426837146282196,
1276000,2665.0845091342926,-692.3861017227173,72.38616600602487,-0.0036345362404826887,29.09491081237793,1.1910622596740723,0.004694102822143276,-783.1642174422741,127.31092026477076,3.0,0.5095286965370178,
1280000,2673.2436006069183,-709.0729303359985,104.83073040841086,-0.002735301684954461,26.066831970214842,1.1985648036003114,0.002798796559295935,-783.1642174422741,127.31092026477076,3.0,0.49625422060489655,
1284000,2683.5906434059143,-710.7400703430176,92.64628018502914,-0.002966190492967158,34.75229282379151,1.2290161490440368,0.0033576954444094254,-780.6001018583775,116.8716124164081,3.0,0.47394791841506956,
1288000,2691.7391514778137,-701.6310567855835,83.21026248171516,-0.0019235957772179902,30.746140670776366,1.2370011687278748,0.0015959455638949293,-780.6001018583775,116.8716124164081,3.0,0.49220767617225647,
1292000,2699.8778376579285,-694.3114891052246,72.60403232028153,-0.0025296164974957236,32.06463966369629,1.2189522743225099,0.0023367396599496713,-780.6001018583775,116.8716124164081,3.0,0.48252018094062804,
1296000,2708.0202708244324,-687.4245910644531,90.26508355917457,-0.002999327173068522,44.41486778259277,1.2663877129554748,0.002622098403662676,-780.6001018583775,116.8716124164081,3.0,0.495431712269783,
1300000,2716.16170334816,-676.862566947937,77.78915793753491,-0.0026820228562380423,50.56693687438965,1.2995878100395202,0.003083779083681293,-780.6001018583775,116.8716124164081,3.0,0.46669546365737913,
1304000,2724.2862894535065,-672.0639953613281,81.62841370785299,-0.0016262610890529494,49.85141716003418,1.3284825205802917,0.002990200552449096,-780.6001018583775,116.8716124164081,3.0,0.514223289489746,
1308000,2732.424873352051,-650.2634453773499,72.86450485555774,-0.002290524801132676,42.94576225280762,1.3279894232749938,0.0024623499561954977,-780.6001018583775,116.8716124164081,3.0,0.4470144659280777,
1312000,2740.5636937618256,-693.2676286697388,99.99882633188679,-0.0022548396945154927,53.16614418029785,1.3094755291938782,0.0031944596505490974,-780.6001018583775,116.8716124164081,3.0,0.42671857476234437,
1316000,2748.7140669822693,-690.6367163658142,92.32668175296931,-0.00241668111471518,42.96183967590332,1.3155061960220338,0.0027865373254171823,-780.6001018583775,116.8716124164081,3.0,0.42785432636737825,
1320000,2756.8648138046265,-676.2177133560181,81.57790892910307,-0.0019498846239681899,44.4970703125,1.3114323973655702,0.0024667188205057754,-780.6001018583775,116.8716124164081,3.0,0.4295452117919922,
1324000,2767.312639474869,-689.6446714401245,87.89744232859024,-0.0016273154169127225,39.514319038391115,1.2462786078453063,0.002273096267163055,-745.6764315366745,111.95746719794812,3.0,0.3985171914100647,
1328000,2775.4772613048553,-698.9507398605347,74.47668832981176,-0.0026514463574081938,25.48745975494385,1.2273521304130555,0.0028161332389572634,-745.6764315366745,111.95746719794812,3.0,0.4102654308080673,
1332000,2783.6410908699036,-664.429151058197,89.41268363608188,-0.002088480001950899,33.12714538574219,1.2771891236305237,0.00169342282317424,-745.6764315366745,111.95746719794812,3.0,0.44536959528923037,
1336000,2791.7914237976074,-669.8179950714111,73.83301905229452,-0.0023017436471612918,33.7657283782959,1.2810703277587892,0.002750875880844736,-745.6764315366745,111.95746719794812,3.0,0.4651884794235229,
1340000,2800.012093067169,-658.8153729438782,70.54693346108841,-0.0015839203958069703,48.852807235717776,1.275991940498352,0.0012115074493388779,-745.6764315366745,111.95746719794812,3.0,0.4584765821695328,
1344000,2808.1783583164215,-663.7991681098938,82.89858640200306,-0.003589279903098941,31.143288803100585,1.2550456762313842,0.004692258365685121,-745.6764315366745,111.95746719794812,3.0,0.4816011279821396,
1348000,2816.318689584732,-668.5126352310181,70.29616789040979,-0.002762352054783454,26.913868522644044,1.232190692424774,0.001715061209077251,-745.6764315366745,111.95746719794812,3.0,0.4277833551168442,
1352000,2824.4636569023132,-681.5446634292603,64.95390990250269,-0.0016737782471658135,35.309988021850586,1.2538404941558838,0.0010907641401669665,-745.6764315366745,111.95746719794812,3.0,0.4144662022590637,
1356000,2832.6006395816803,-681.0932273864746,73.36399996498601,-0.002715430132773022,31.73053436279297,1.2948343992233275,0.0030405479989082497,-745.6764315366745,111.95746719794812,3.0,0.43768796920776365,
1360000,2840.7362008094788,-681.7671980857849,86.1388486169743,-0.0015928750723275375,48.37537307739258,1.3149341940879822,0.0024323897753299128,-745.6764315366745,111.95746719794812,3.0,0.4593415468931198,
1364000,2851.0850327014923,-694.7895555496216,76.01477646213688,-0.0016628863580214759,35.193400382995605,1.3041643142700194,0.0015247351931563457,-717.1304867267609,94.0577022832166,3.0,0.42492523193359377,
1368000,2859.1359078884125,-713.0353441238403,86.33918670994302,-0.0027672578718241692,44.39316673278809,1.2776341915130616,0.0018673837785220914,-717.1304867267609,94.0577022832166,3.0,0.3992919772863388,
1372000,2867.097317457199,-671.6873025894165,74.4306599395556,-0.0033207130245864747,44.288689041137694,1.2921575069427491,0.003264833355691188,-717.1304867267609,94.0577022832166,3.0,0.43627955913543703,
1376000,2875.0560059547424,-661.5468740463257,85.27252559881144,-0.003223561536016284,65.9420825958252,1.3153266310691833,0.002854706502694171,-717.1304867267609,94.0577022832166,3.0,0.45035856068134306,
1380000,2883.0127024650574,-637.4040265083313,69.95693274343924,-0.0013468948675921023,82.1136920928955,1.334233570098877,0.0011371062588295898,-717.1304867267609,94.0577022832166,3.0,0.4591314822435379,
1384000,2891.0858936309814,-665.3755445480347,70.03661914684773,-0.0017456550426819817,45.43679695129394,1.3422616720199585,0.0010710622063925257,-717.1304867267609,94.0577022832166,3.0,0.43538006842136384,
1388000,2899.2292895317078,-673.7357683181763,90.28058477097481,-0.00311758606520014,37.87574367523193,1.2883904099464416,0.0009549698805979778,-717.1304867267609,94.0577022832166,3.0,0.4309027135372162,
1392000,2907.3558440208435,-682.851939201355,78.73369756874861,-0.0016203136079615099,37.01682186126709,1.2976550579071044,0.0019760986586334186,-717.1304867267609,94.0577022832166,3.0,0.45116077959537504,
1396000,2915.3791778087616,-659.2113494873047,89.3213429923152,-0.0039195335006807054,39.03975601196289,1.3014732480049134,0.0029386319949262552,-717.1304867267609,94.0577022832166,3.0,0.43860078155994414,
1400000,2923.361403942108,-651.9783053398132,80.43622869580577,-0.0026354478166467745,42.37909145355225,1.3406526088714599,0.001426952486508526,-717.1304867267609,94.0577022832166,3.0,0.44215647876262665,
1404000,2933.5777580738068,-655.0517778396606,79.9572370800789,-0.0014005720346564666,65.57223243713379,1.3435535430908203,0.0005314615994284511,-675.917716473341,83.47538995159312,3.0,0.43708962500095366,
1408000,2941.5433189868927,-655.2841787338257,75.17659283607608,-0.0019226125637651138,46.699327087402345,1.3498978018760681,0.0023129278384537155,-675.917716473341,83.47538995159312,3.0,0.44297325015068056,
1412000,2949.7117881774902,-675.1575374603271,114.83371773306186,-0.002124757626986451,50.79297714233398,1.3347749352455138,0.004092523263534531,-675.917716473341,83.47538995159312,3.0,0.4115829974412918,
1416000,2957.8607189655304,-661.7833204269409,79.41112792307499,-0.0016073836361562676,55.969120025634766,1.3520967364311218,0.0016449434005771923,-675.917716473341,83.47538995159312,3.0,0.44558943808078766,
1420000,2965.9988961219788,-670.563515663147,85.37485035727794,-0.0031102902315906177,38.40869312286377,1.3173829317092896,0.0025301315065007655,-675.917716473341,83.47538995159312,3.0,0.41801207065582274,
1424000,2974.1384105682373,-664.3125972747803,86.09462344604292,-0.002236758688697593,56.81558341979981,1.296793782711029,0.002445334274826272,-675.917716473341,83.47538995159312,3.0,0.43472836911678314,
1428000,2982.2867197990417,-675.4914140701294,68.31744674049862,-0.0032664687461996245,40.520540428161624,1.311513936519623,0.0031073678931764714,-675.917716473341,83.47538995159312,3.0,0.41785167455673217,
1432000,2990.435066461563,-682.9928588867188,75.97198702976095,-0.003749505094562977,41.5216983795166,1.3011926054954528,0.0042700665228912835,-675.917716473341,83.47538995159312,3.0,0.4170685410499573,
1436000,2998.5947926044464,-650.4030485153198,83.78423507191887,-0.0016410676140330871,65.10428009033203,1.3097598075866699,0.00167112497438211,-675.917716473341,83.47538995159312,3.0,0.436902192234993,
1440000,3006.756813764572,-670.858314037323,77.02331714043723,-0.0020911622051305034,45.79142074584961,1.3013794898986817,0.0024670813465490935,-675.917716473341,83.47538995159312,3.0,0.4264436006546021,
1444000,3017.121222257614,-665.821485042572,79.29389056793727,-0.0021765267493913942,43.127162551879884,1.3027251601219176,0.0021222516118529987,-685.9542805850506,104.63551287163914,3.0,0.433675491809845,
1448000,3025.2603690624237,-667.6566505432129,73.31221298068282,-0.0034238990837863526,44.228865432739255,1.2983726739883423,0.0023343935282124973,-685.9542805850506,104.63551287163914,3.0,0.4659444481134415,
1452000,3033.398258447647,-658.9604349136353,68.91649265311186,-0.0025052794718261493,40.51468162536621,1.2969426274299622,0.0005785475341739011,-685.9542805850506,104.63551287163914,3.0,0.41299533247947695,
1456000,3041.530941963196,-666.4293260574341,88.79867709158061,-0.002932581224090747,48.021921157836914,1.28582683801651,0.0020868719197654475,-685.9542805850506,104.63551287163914,3.0,0.4556921601295471,
1460000,3049.769222021103,-694.954409122467,93.42326097628201,-0.003367661092779617,37.52962398529053,1.215897297859192,0.003039238569908775,-685.9542805850506,104.63551287163914,3.0,0.4484284698963165,
1464000,3057.963371992111,-670.4434723854065,95.2101571498594,-0.002267380015749865,38.67548828125,1.2182368636131287,0.0015526232018213016,-685.9542805850506,104.63551287163914,3.0,0.40774267017841337,
1468000,3066.1058282852173,-672.6617860794067,86.99913640289812,-0.0029666098375260574,49.72612190246582,1.229850172996521,0.0019622146275651174,-685.9542805850506,104.63551287163914,3.0,0.3939895361661911,
1472000,3074.251309156418,-672.3023109436035,93.45204516043842,-0.0027755469887827287,38.62543067932129,1.204675817489624,0.0033874653169962965,-685.9542805850506,104.63551287163914,3.0,0.39579873383045194,
1476000,3082.3975899219513,-681.81884765625,81.40327029536606,-0.002554366057078994,39.239926719665526,1.1959158062934876,0.001404467691046496,-685.9542805850506,104.63551287163914,3.0,0.36161138117313385,
1480000,3090.545888900757,-691.186041355133,105.06064118266264,-0.0035865278857139414,48.82774467468262,1.2204244256019592,0.00351944153662771,-685.9542805850506,104.63551287163914,3.0,0.3829551637172699,
1484000,3100.920346021652,-659.8322896957397,103.58058282307559,-0.0026202163843359826,66.35091133117676,1.2308451056480407,0.0025020885157573504,-692.8706214725971,113.38334814577806,3.0,0.37680602073669434,
1488000,3109.07612323761,-671.5312633514404,86.98725423984075,-0.004051453046267861,54.416771697998044,1.203168761730194,0.0023978707364488705,-692.8706214725971,113.38334814577806,3.0,0.41021014750003815,
1492000,3117.2349183559418,-656.3024272918701,78.92498111612795,-0.003344633977705014,62.92113151550293,1.1961999654769897,0.002135720830847276,-692.8706214725971,113.38334814577806,3.0,0.4132322400808334,
1496000,3125.378389120102,-667.5456309318542,96.77929930577926,-0.002594495918741835,68.07405700683594,1.1899697065353394,0.002483779403652686,-692.8706214725971,113.38334814577806,3.0,0.41072254478931425,
1500000,3133.504131793976,-649.6306004524231,72.79843504559858,-0.0034424802199937376,62.36176071166992,1.1929574131965637,0.0039395514570060184,-692.8706214725971,113.38334814577806,3.0,0.36874728202819823,
1504000,3141.625649213791,-643.9134502410889,69.58245716799708,-0.0027143502727849265,54.59708480834961,1.1818250179290772,0.0009734412422403693,-692.8706214725971,113.38334814577806,3.0,0.38226505517959597,
1508000,3149.7746546268463,-653.315643787384,88.75452794776729,-0.0037103271167725272,74.25338211059571,1.155139112472534,0.0027148562076035887,-692.8706214725971,113.38334814577806,3.0,0.38213242292404176,
1512000,3157.9182534217834,-666.6057696342468,80.06340659990343,-0.003333084610834014,49.265702438354495,1.1558943152427674,0.004259017042932101,-692.8706214725971,113.38334814577806,3.0,0.40082613527774813,
1516000,3166.0607113838196,-669.6523027420044,73.90273555953935,-0.0017947253797901297,73.28863792419433,1.1601654529571532,0.002253283531899797,-692.8706214725971,113.38334814577806,3.0,0.3618869483470917,
1520000,3174.2049901485443,-668.7668237686157,91.49994260865674,-0.002724512645276178,68.13844184875488,1.1380714058876038,0.00309159207099583,-692.8706214725971,113.38334814577806,3.0,0.36067915558815,
1524000,3184.5669796466827,-653.9729962348938,70.76337641759383,-0.003059902781271373,43.95262336730957,1.1353580355644226,0.003972000179055612,-684.458740323782,88.28755590169138,3.0,0.3553059309720993,
1528000,3192.7088651657104,-664.6876049041748,82.85611434428068,-0.0013903191377564461,52.941110610961914,1.1358659982681274,0.0038541301153600218,-684.458740323782,88.28755590169138,3.0,0.3222932547330856,
1532000,3200.828326702118,-655.0278964042664,85.37557231925051,-0.0026552271780577287,63.95823020935059,1.1589430570602417,0.0034613628496881653,-684.458740323782,88.28755590169138,3.0,0.35201920568943024,
1536000,3208.9619331359863,-632.4765567779541,78.67111722334359,-0.0027548688486373598,71.2300868988037,1.1425242185592652,0.0007305560982786119,-684.458740323782,88.28755590169138,3.0,0.3743021160364151,
1540000,3217.0873923301697,-627.0210223197937,82.20563021075603,-0.002581125702611942,71.76201057434082,1.1383506894111632,0.0027529204999639846,-684.458740323782,88.28755590169138,3.0,0.3773907244205475,
1544000,3225.229924917221,-635.9014029502869,89.75675876558023,-0.0034243561568825243,56.98475723266601,1.1076870083808898,0.002228536273187931,-684.458740323782,88.28755590169138,3.0,0.34859323501586914,
1548000,3233.3657188415527,-632.2733383178711,80.40657995523762,-0.0025830480831985692,60.229638290405276,1.0761889457702636,0.0030028500710614025,-684.458740323782,88.28755590169138,3.0,0.3181157439947128,
1552000,3241.4823038578033,-634.2334895133972,85.95799346789448,-0.0029196215685612257,64.52681922912598,1.115385854244232,0.003291075237211771,-684.458740323782,88.28755590169138,3.0,0.31653603315353396,
1556000,3249.6220026016235,-660.8691143989563,83.47878861520084,-0.002845593611399311,54.711007308959964,1.0853896617889405,0.0021542568516451865,-684.458740323782,88.28755590169138,3.0,0.29080594182014463,
1560000,3257.760642528534,-682.28773021698,84.32693228221497,-0.001977650693346167,49.945037841796875,1.0241055250167848,0.0018132708013581579,-684.458740323782,88.28755590169138,3.0,0.30868215262889864,
1564000,3268.1326158046722,-677.5620641708374,94.20673983044678,-0.002821845718892302,54.76273384094238,1.0595832228660584,0.003625834247213788,-717.2197204828262,131.49493560026357,3.0,0.3175354808568954,
1568000,3276.2858724594116,-641.2666039466858,89.47209323809342,-0.003118745683498414,40.000732803344725,0.9773451030254364,0.003002434891803807,-717.2197204828262,131.49493560026357,3.0,0.30172193944454195,
1572000,3284.4384031295776,-645.0285687446594,97.44714085861487,-0.003260070956273342,55.17031059265137,1.0207229733467102,0.0031678370811278,-717.2197204828262,131.49493560026357,3.0,0.3083222031593323,
1576000,3292.593765974045,-645.8146080970764,93.28355456853193,-0.0023650528372575865,47.296789932250974,1.0208544254302978,0.002000564783142189,-717.2197204828262,131.49493560026357,3.0,0.33771706819534303,
1580000,3300.7429320812225,-679.3647789955139,94.07954538523794,-0.0028981717269246587,46.44041633605957,0.987240332365036,0.0031182719780190383,-717.2197204828262,131.49493560026357,3.0,0.2955033600330353,
1584000,3308.8845286369324,-654.5692682266235,75.15395265639143,-0.002917838031038,55.48630332946777,1.0128074645996095,0.0036092218040721493,-717.2197204828262,131.49493560026357,3.0,0.2917707204818726,
1588000,3317.0325243473053,-673.5149412155151,94.81699869720076,-0.0036427195381449453,43.81773338317871,1.0283042192459106,0.0031043389928527175,-717.2197204828262,131.49493560026357,3.0,0.2818187683820724,
1592000,3325.16846203804,-660.5450820922852,95.04831604778028,-0.002971243123446277,43.99205989837647,1.0565350651741028,0.002972710755149216,-717.2197204828262,131.49493560026357,3.0,0.29202071130275725,
1596000,3333.3054378032684,-674.6306557655334,105.73993968363935,-0.002787159285275287,65.70042419433594,1.0117516994476319,0.002422748238313943,-717.2197204828262,131.49493560026357,3.0,0.27940212190151215,
1600000,3341.4621000289917,-671.4526824951172,75.55455025698049,-0.0031271655553331,43.48967514038086,0.976092392206192,0.003923053222844253,-717.2197204828262,131.49493560026357,3.0,0.2896053433418274,
1604000,3351.8294665813446,-658.6008777618408,84.4421002165052,-0.0025167860022435595,56.82078056335449,0.9857670426368713,0.003994880081154406,-676.6013223826885,94.10567562386721,3.0,0.2856439858675003,
1608000,3359.977338075638,-653.9080424308777,89.59802399235755,-0.002858628487718917,67.49665641784668,0.965271383523941,0.00300395486346679,-676.6013223826885,94.10567562386721,3.0,0.29130733013153076,
1612000,3368.128709793091,-657.8345346450806,94.42077939493649,-0.0027840919300797353,55.56355285644531,0.9071157097816467,0.0035312375018062723,-676.6013223826885,94.10567562386721,3.0,0.24816379249095916,
1616000,3376.2674367427826,-659.2691030502319,90.07861525611581,-0.0019029722398069993,52.96426544189453,0.9388745069503784,0.002747547176841181,-676.6013223826885,94.10567562386721,3.0,0.27012793719768524,
1620000,3384.4160861968994,-656.8541378974915,92.63141458965072,-0.0031058525717234885,52.731642150878905,0.923018729686737,0.0011010223858344645,-676.6013223826885,94.10567562386721,3.0,0.2940035045146942,
1624000,3392.567692041397,-687.1056861877441,92.24770417380604,-0.003328668886252384,43.94737071990967,0.8499965369701385,0.002536483238585774,-676.6013223826885,94.10567562386721,3.0,0.2674729347229004,
1628000,3400.673805475235,-667.5768880844116,93.15491029701086,-0.0030253639769119546,47.241126251220706,0.9202456891536712,0.002976031252124811,-676.6013223826885,94.10567562386721,3.0,0.24795389771461487,
1632000,3408.807051420212,-666.2053332328796,75.98338697533573,-0.0026648468786734103,62.884463500976565,0.9327562868595123,0.001853415374139633,-676.6013223826885,94.10567562386721,3.0,0.29003238379955293,
1636000,3416.956906557083,-707.4268770217896,98.99628428137748,-0.0026441317340746727,64.38249435424805,0.8619893252849579,0.002482435535057448,-676.6013223826885,94.10567562386721,3.0,0.24620670527219773,
1640000,3425.0902750492096,-651.3147478103638,76.11613939613926,-0.0029156135366453562,65.54327697753907,0.9437966287136078,0.001567212316447697,-676.6013223826885,94.10567562386721,3.0,0.2811113268136978,
1644000,3435.460346221924,-680.9263772964478,84.76697209224307,-0.0027357465721822073,77.28364562988281,0.9537962913513184,0.0016596418126525125,-660.6033890545368,88.24211946727004,3.0,0.3045677006244659,
1648000,3443.614942073822,-680.5913076400757,75.91217194209688,-0.003129557550845963,85.76958541870117,1.0128674507141113,0.0029955281917160904,-660.6033890545368,88.24211946727004,3.0,0.2701862841844559,
1652000,3451.7658245563507,-664.7822232246399,73.19581689454537,-0.0038314763508969563,65.01986656188964,0.9783620774745941,0.0032031790124019467,-660.6033890545368,88.24211946727004,3.0,0.3041269898414612,
1656000,3459.91748714447,-689.4281692504883,88.19235194109123,-0.002462517772219108,59.61298828125,0.9886843025684356,0.003060933894167345,-660.6033890545368,88.24211946727004,3.0,0.2573366671800613,
1660000,3468.0652842521667,-691.3661527633667,104.15162333965094,-0.002614173743408088,76.74102554321288,1.0340185761451721,0.0011509233012184429,-660.6033890545368,88.24211946727004,3.0,0.28949328064918517,
1664000,3476.2119376659393,-708.337954044342,110.94001136986226,-0.002506400351703597,97.31667633056641,1.0626452803611754,0.004394440668790289,-660.6033890545368,88.24211946727004,3.0,0.2729536533355713,
1668000,3484.3717572689056,-689.2854871749878,87.07334236960997,-0.002282243999458622,74.03801651000977,1.0590789556503295,0.0016810807499374914,-660.6033890545368,88.24211946727004,3.0,0.30078031718730924,
1672000,3492.522193670273,-713.8400869369507,120.35791889443888,-0.0034812907077527377,73.68483352661133,1.0790276169776916,0.004042897745966912,-660.6033890545368,88.24211946727004,3.0,0.2811864286661148,
1676000,3500.6640598773956,-721.6738033294678,110.83772580035077,-0.002118365224800067,111.81492614746094,1.0830461144447328,0.004101317912340185,-660.6033890545368,88.24211946727004,3.0,0.27581570446491244,
1680000,3508.8043220043182,-713.043909072876,102.80356406964776,-0.0023774555543980115,79.85506935119629,1.1108227968215942,0.0018996382454449013,-660.6033890545368,88.24211946727004,3.0,0.2838256895542145,
1684000,3519.1569349765778,-695.317168712616,99.10618699101182,-0.002427449765751,72.48422622680664,1.1291569471359253,0.002547716157278046,-788.8278594911098,168.94406488545195,3.0,0.2875932604074478,
1688000,3527.306387424469,-711.358193397522,104.34606931332874,-0.0026376770723145703,97.28536071777344,1.1596656560897827,0.001954766690323595,-788.8278594911098,168.94406488545195,3.0,0.2736347377300262,
1692000,3535.4470574855804,-689.0018768310547,120.70835995016958,-0.0026588731436058667,66.61696128845215,1.1740912199020386,0.002354892909264894,-788.8278594911098,168.94406488545195,3.0,0.28471478819847107,
1696000,3543.58633184433,-675.2823634147644,97.16772303869655,-0.003253159407836703,50.061087417602536,1.1772706508636475,0.0036477921501500534,-788.8278594911098,168.94406488545195,3.0,0.28834056854248047,
1700000,3551.7369215488434,-670.8061184883118,74.42911525465045,-0.0026595953034314946,48.37652320861817,1.1812886357307435,0.002550198182347252,-788.8278594911098,168.94406488545195,3.0,0.29982285499572753,
1704000,3559.910352706909,-701.3921165466309,112.29689242682781,-0.003380251141885937,67.40291862487793,1.1761701107025146,0.003343042735243218,-788.8278594911098,168.94406488545195,3.0,0.2702874094247818,
1708000,3568.043343782425,-735.316915512085,117.78881589717028,-0.0031599152744747673,82.15133132934571,1.1442204117774963,0.004754903842695057,-788.8278594911098,168.94406488545195,3.0,0.28176894783973694,
1712000,3576.182733774185,-692.4400200843811,80.00894812632853,-0.002133087111190779,58.69505729675293,1.0918710470199584,0.0024515291646821425,-788.8278594911098,168.94406488545195,3.0,0.2867082506418228,
1716000,3584.316503047943,-698.434497833252,92.83237444996188,-0.002299365603365011,65.80216255187989,1.0642242550849914,0.0032959397067315876,-788.8278594911098,168.94406488545195,3.0,0.2936848968267441,
1720000,3592.4548892974854,-712.9100427627563,109.93022356371286,-0.0028070600196376193,50.48088340759277,1.1177059054374694,0.0032612913545066124,-788.8278594911098,168.94406488545195,3.0,0.307971727848053,
1724000,3602.8431804180145,-748.5816965103149,113.1455851048421,-0.0018801138408791828,72.11177253723145,1.0778747081756592,0.000983490248133112,-710.0077120065689,97.73042340166718,3.0,0.2786078631877899,
1728000,3610.9742538928986,-750.0608806610107,105.40925687168034,-0.0026662196028822472,59.65802230834961,1.0689077019691466,0.0021245484997052698,-710.0077120065689,97.73042340166718,3.0,0.26141978800296783,
1732000,3619.123641014099,-710.1273350715637,99.22490775484876,-0.0030822098609835534,49.893838500976564,1.036865520477295,0.002517795632593334,-710.0077120065689,97.73042340166718,3.0,0.2208866536617279,
1736000,3627.261533021927,-729.5876340866089,115.27313899149804,-0.002587513680763842,67.83390922546387,1.033649170398712,0.0035175205699245816,-710.0077120065689,97.73042340166718,3.0,0.2680786043405533,
1740000,3635.4044597148895,-720.6145668029785,106.98884360242202,-0.0025660200434613144,74.85473937988282,1.0523340702056885,0.0026925355021376165,-710.0077120065689,97.73042340166718,3.0,0.2840162456035614,
1744000,3643.543331384659,-705.965585231781,86.50581798432383,-0.0036041819305779655,43.055406379699704,1.0319099068641662,0.0026309109585320885,-710.0077120065689,97.73042340166718,3.0,0.2985125631093979,
1748000,3651.6451025009155,-730.9604272842407,153.29701263016838,-0.0015916456584626816,75.29157600402831,0.9878689467906951,0.0027833237677502122,-710.0077120065689,97.73042340166718,3.0,0.2789445608854294,
1752000,3659.789124250412,-733.0182838439941,96.71960588897298,-0.0032209586844158975,49.304408645629884,1.0004752159118653,0.003197618672857061,-710.0077120065689,97.73042340166718,3.0,0.2782925546169281,
1756000,3667.925827741623,-712.4762420654297,80.73434412089482,-0.002897285713736597,43.61210403442383,1.025330376625061,0.003401046188082546,-710.0077120065689,97.73042340166718,3.0,0.2815025895833969,
1760000,3676.090965986252,-724.5762434005737,102.81900033963821,-0.0032716548757162124,60.61038436889648,1.0211857676506042,0.002807270793709904,-710.0077120065689,97.73042340166718,3.0,0.2822859793901443,
1764000,3686.4570739269257,-702.3108768463135,77.51772424261286,-0.0033474086460968167,44.17651252746582,1.0118331372737885,0.0025990669993916525,-679.4437231123447,115.27965671991946,3.0,0.2789435267448425,
1768000,3694.605259656906,-700.8742265701294,109.29357484161486,-0.003557465134964666,44.87452697753906,1.0525249123573304,0.00021868417970836163,-679.4437231123447,115.27965671991946,3.0,0.2672297954559326,
1772000,3702.7204353809357,-693.3303966522217,102.1182434681757,-0.0033253029199161953,51.59780426025391,1.0713276505470275,0.003036331703947015,-679.4437231123447,115.27965671991946,3.0,0.26100724935531616,
1776000,3710.876332759857,-660.9599976539612,81.17027097557522,-0.003036735489421227,47.21935691833496,1.0941592812538148,0.003106432646745816,-679.4437231123447,115.27965671991946,3.0,0.26577065885066986,
1780000,3719.018878221512,-724.3210935592651,94.68190635943638,-0.0031364091022793804,48.26267280578613,1.0990667462348938,0.004411082744986495,-679.4437231123447,115.27965671991946,3.0,0.27232527136802676,
1784000,3727.1551370620728,-724.1075439453125,112.96560449382545,-0.002763916818114609,56.83140640258789,1.1120902061462403,0.0008335043468396197,-679.4437231123447,115.27965671991946,3.0,0.2600372225046158,
1788000,3735.2661776542664,-694.2826356887817,76.62996347151595,-0.003936336052060741,40.5466329574585,1.1478875160217286,0.002668262255610898,-679.4437231123447,115.27965671991946,3.0,0.2945328116416931,
1792000,3743.3975698947906,-716.0861959457397,99.41714451929985,-0.0030054982317767377,41.30778541564941,1.114942991733551,0.0011459293549414885,-679.4437231123447,115.27965671991946,3.0,0.27646767497062685,
1796000,3751.5475203990936,-715.6194410324097,82.33335170206287,-0.00398233640807053,53.005628967285155,1.1451953172683715,0.0035534939818705146,-679.4437231123447,115.27965671991946,3.0,0.26865313947200775,
1800000,3759.6916003227234,-688.1001105308533,81.09840317378573,-0.0022230930379107507,46.33561248779297,1.145055639743805,0.0013489910928377257,-679.4437231123447,115.27965671991946,3.0,0.26368609964847567,
1804000,3770.0799021720886,-676.7131366729736,72.14548153646804,-0.0036470268217769332,35.37688999176025,1.1718268394470215,0.003589932125760242,-718.7603767812252,99.2281030241568,3.0,0.24449706375598906,
1808000,3778.2410345077515,-696.6476964950562,95.66537211477691,-0.003503447790513725,68.37896041870117,1.192190158367157,0.00267704201881376,-718.7603767812252,99.2281030241568,3.0,0.2792512595653534,
1812000,3786.395962715149,-669.2925453186035,72.5350907550311,-0.0030345706077641752,48.014065170288085,1.1831398606300354,0.0019326326246082548,-718.7603767812252,99.2281030241568,3.0,0.27596489787101747,
1816000,3794.5507497787476,-705.1641745567322,88.49716712805777,-0.0030704100790899247,55.266025924682616,1.198867404460907,0.003597311713499951,-718.7603767812252,99.2281030241568,3.0,0.2722927242517471,
1820000,3802.704715490341,-691.5209760665894,105.93612852153305,-0.002693245812474432,57.80774078369141,1.1883676171302795,0.002382689722981013,-718.7603767812252,99.2281030241568,3.0,0.29257271587848666,
1824000,3810.8600947856903,-692.7984056472778,97.96862308485117,-0.0036070183283495537,50.965571594238284,1.1441771507263183,0.0032960582815576346,-718.7603767812252,99.2281030241568,3.0,0.28306626379489896,
1828000,3818.990737915039,-690.9528574943542,111.23632213537402,-0.004334746976305448,61.80786209106445,1.164567804336548,0.0028388196718879045,-718.7603767812252,99.2281030241568,3.0,0.27249576449394225,
1832000,3827.1450431346893,-706.4558277130127,98.88525047248325,-0.0033078769441150955,41.98181838989258,1.1595148205757142,0.0040596959472168235,-718.7603767812252,99.2281030241568,3.0,0.2590849310159683,
1836000,3835.29531788826,-737.1138963699341,110.32869247828965,-0.003194125999386088,50.50336456298828,1.2119391083717346,0.0033296023328148296,-718.7603767812252,99.2281030241568,3.0,0.28902360796928406,
1840000,3843.434107542038,-721.2579636573792,122.73703515962563,-0.0027229782014619452,57.956336975097656,1.1517093181610107,0.0028199090069392697,-718.7603767812252,99.2281030241568,3.0,0.2632279276847839,
1844000,3853.8031783103943,-708.0841727256775,92.94714841186196,-0.003281625374763575,68.40955657958985,1.234576976299286,0.0034692391894447284,-703.5578365623951,87.22417368071034,3.0,0.2696608304977417,
1848000,3861.9454724788666,-719.2565741539001,121.32487403153327,-0.0022378729612878346,64.3271484375,1.2463836073875427,0.0018393951486844972,-703.5578365623951,87.22417368071034,3.0,0.2569033443927765,
1852000,3870.083969116211,-715.2438774108887,109.64745576142361,-0.00280877947508511,56.9929874420166,1.2503703117370606,0.002096768934900561,-703.5578365623951,87.22417368071034,3.0,0.25736684501171114,
1856000,3878.21785902977,-689.5207118988037,98.72466058797283,-0.0029863177381921346,62.82255859375,1.2478456616401672,0.003231376552139409,-703.5578365623951,87.22417368071034,3.0,0.26991063356399536,
1860000,3886.3635687828064,-683.7727890014648,88.9731134594581,-0.004410431764864675,54.52319412231445,1.2483873248100281,0.0031398376337019585,-703.5578365623951,87.22417368071034,3.0,0.254046356678009,
1864000,3894.494753599167,-741.3859119415283,113.3127688675997,-0.0036855466167520666,61.41124382019043,1.1970183372497558,0.002611965249525383,-703.5578365623951,87.22417368071034,3.0,0.29187205731868743,
1868000,3902.6352603435516,-746.430606842041,111.33891064324447,-0.0028308127864147712,57.874124908447264,1.1878366827964784,0.0023973575298441574,-703.5578365623951,87.22417368071034,3.0,0.2768749713897705,
1872000,3910.7577002048492,-712.1396207809448,91.92056152613944,-0.003315436724650983,58.496223831176756,1.186093521118164,0.0015589456533974366,-703.5578365623951,87.22417368071034,3.0,0.2761051803827286,
1876000,3918.8996529579163,-677.4898710250854,84.9047355742071,-0.002547501164915378,44.51875534057617,1.195652425289154,0.002580069778196048,-703.5578365623951,87.22417368071034,3.0,0.26210678517818453,
1880000,3927.052469968796,-651.4174962043762,70.2302798493392,-0.003943412593255413,40.87787628173828,1.23223557472229,0.00537140994129004,-703.5578365623951,87.22417368071034,3.0,0.27668015360832215,
1884000,3937.4539470672607,-688.5530061721802,105.76311681360595,-0.0022151563581621404,77.95221633911133,1.243021261692047,0.0019519694862538018,-738.9965470433235,125.64588846001799,3.0,0.2665366053581238,
1888000,3945.596918106079,-697.997184753418,111.76754631123401,-0.0030229497787464866,58.69904098510742,1.250779151916504,0.002677711698925123,-738.9965470433235,125.64588846001799,3.0,0.2852405279874802,
1892000,3953.7537753582,-695.8854742050171,92.17688452222204,-0.002612923612274809,54.51936073303223,1.2019798278808593,0.005983084457693621,-738.9965470433235,125.64588846001799,3.0,0.26465137898921964,
1896000,3961.911035299301,-685.8297519683838,94.52330889450617,-0.004023578802434091,52.648192977905275,1.2040181279182434,0.004442652827128768,-738.9965470433235,125.64588846001799,3.0,0.28554863631725313,
1900000,3970.050351858139,-701.4154300689697,95.87043461307441,-0.0031290693365347844,50.440991973876955,1.1937480807304381,0.0028403425457266484,-738.9965470433235,125.64588846001799,3.0,0.2751869946718216,
1904000,3978.197909116745,-651.4626693725586,85.08879238706415,-0.0032376374459127,46.31736183166504,1.249370038509369,0.002474913491096231,-738.9965470433235,125.64588846001799,3.0,0.27848798632621763,
1908000,3986.3247697353363,-656.414870262146,82.14839254719327,-0.00312557412716945,67.03142623901367,1.2683707118034362,0.0023550711478262263,-738.9965470433235,125.64588846001799,3.0,0.2682444900274277,
1912000,3994.4734313488007,-681.827787399292,79.47022928815343,-0.003948449017945688,51.972541427612306,1.203563892841339,0.0038228070374316304,-738.9965470433235,125.64588846001799,3.0,0.2650958448648453,
1916000,4002.6146574020386,-667.1375336647034,91.26315330192043,-0.003966207826199675,45.373186874389646,1.2239712595939636,0.0024346304331629653,-738.9965470433235,125.64588846001799,3.0,0.263916152715683,
1920000,4010.7687289714813,-656.4819173812866,89.03010252809554,-0.0020869868705049146,72.4132755279541,1.2548522114753724,0.0017797347755210246,-738.9965470433235,125.64588846001799,3.0,0.2584952235221863,
1924000,4021.132766008377,-666.8901023864746,77.4264697956727,-0.005049298215657494,68.24042282104492,1.2233750343322753,0.004837434351677073,-711.8698909878731,114.23164272534025,3.0,0.22760801762342453,
1928000,4029.278473377228,-663.5378475189209,81.80060088681759,-0.002267025663129374,86.95015563964844,1.2684064626693725,0.0015643878535229305,-711.8698909878731,114.23164272534025,3.0,0.2521126389503479,
1932000,4037.4229826927185,-666.9535703659058,70.8497952886344,-0.0042250436889784025,38.80313091278076,1.2024069666862487,0.00448661990230903,-711.8698909878731,114.23164272534025,3.0,0.28088593780994414,
1936000,4045.4221107959747,-715.7423057556152,88.97695085596564,-0.0022761919365730243,65.03935852050782,1.1661824941635133,0.0034726937708910556,-711.8698909878731,114.23164272534025,3.0,0.26944167017936704,
1940000,4053.394893884659,-708.6133604049683,87.92030311612172,-0.0038079737266913717,58.59322929382324,1.1296060919761657,0.0027678078127792104,-711.8698909878731,114.23164272534025,3.0,0.2531920254230499,
1944000,4061.3507215976715,-665.6144676208496,80.36583211281032,-0.0030015936531126554,61.996316528320314,1.1399681210517882,0.00246465573529715,-711.8698909878731,114.23164272534025,3.0,0.26386168897151946,
1948000,4069.318576812744,-647.5129299163818,78.37128934363825,-0.0038428818493848383,38.179826164245604,1.1706001877784729,0.0019420052577819092,-711.8698909878731,114.23164272534025,3.0,0.24283216893672943,
1952000,4077.4526941776276,-672.5627431869507,71.46345024031424,-0.0035164709448969765,55.02466316223145,1.1723495602607727,0.0017246373819943984,-711.8698909878731,114.23164272534025,3.0,0.2579544633626938,
1956000,4085.6124341487885,-635.2864346504211,85.60544853966847,-0.0035248449200298458,56.479193115234374,1.1861218214035034,0.0035922921174205867,-711.8698909878731,114.23164272534025,3.0,0.2687783420085907,
1960000,4093.764987707138,-645.9082732200623,86.65287571925168,-0.0027335476512574397,84.15803833007813,1.2168153882026673,0.0030574332136893644,-711.8698909878731,114.23164272534025,3.0,0.2651394635438919,
1964000,4104.164801359177,-655.4412097930908,76.60747049229839,-0.004622095589060215,50.93235778808594,1.2242300629615783,0.0054098525608424096,-690.8262293636799,91.33059826199857,3.0,0.25244573652744295,
1968000,4112.320910692215,-661.0389041900635,64.55099822669122,-0.0035523027468395084,53.73650016784668,1.2175233602523803,0.002828144884551875,-690.8262293636799,91.33059826199857,3.0,0.24243596345186233,
1972000,4120.490869045258,-670.3985638618469,103.31610010405275,-0.003774892527881701,49.43184814453125,1.2132749199867248,0.002045698142319452,-690.8262293636799,91.33059826199857,3.0,0.24711717069149017,
1976000,4128.652066707611,-662.2941093444824,88.12526867951166,-0.004292240764169642,63.42201805114746,1.191580629348755,0.003518226121280654,-690.8262293636799,91.33059826199857,3.0,0.25469390749931337,
1980000,4136.835213422775,-672.2095551490784,95.54852350226139,-0.0035597937573523366,60.69578971862793,1.2015511870384217,0.003597235515189823,-690.8262293636799,91.33059826199857,3.0,0.24457288533449173,
1984000,4144.97637295723,-654.8678154945374,75.72903034129135,-0.002916051031866429,70.57892227172852,1.1538626074790954,0.0035611468338174745,-690.8262293636799,91.33059826199857,3.0,0.2684462249279022,
1988000,4153.128405094147,-662.6811981201172,92.28150094421099,-0.003874925850424926,63.192141723632815,1.1873695969581604,0.002616629216936417,-690.8262293636799,91.33059826199857,3.0,0.2584246605634689,
1992000,4161.275671720505,-687.6558198928833,109.49745642617809,-0.003172142546391132,81.99664916992188,1.135394537448883,0.004749632545436422,-690.8262293636799,91.33059826199857,3.0,0.24844182878732682,
1996000,4169.420001745224,-654.7421350479126,68.97533191816112,-0.0035078888313146094,58.64585914611816,1.175960946083069,0.00389010310786162,-690.8262293636799,91.33059826199857,3.0,0.24801602214574814,
2000000,4177.564829349518,-692.8341045379639,102.80385132949172,-0.0039299046572608244,51.82554702758789,1.1753132581710815,0.002492341006291099,-690.8262293636799,91.33059826199857,3.0,0.25276539027690886,
