global_step,wall_time_s,ep_return_mean,ep_return_std,policy_loss,value_loss,entropy,approx_kl,eval_return_mean,eval_return_std,mean_k,attn_entropy,lagrange_lambda
4000,3.5296456813812256,-232.04631447792053,51.103232943671884,-0.0006421818430155212,227.2469223022461,1.5977987766265869,3.0901378423248135e-05,,,,1.5732426524162293,
8000,6.47122597694397,-226.69351625442505,45.79832866363151,-0.0004828177308411341,198.06727905273436,1.5896507978439331,0.00011303366127322079,,,,1.5733740091323853,
12000,9.273839712142944,-224.0484654903412,42.74555927550337,-0.0006602236918986648,161.11939544677733,1.5694769501686097,5.603958893820593e-05,,,,1.5758986115455627,
16000,12.252928972244263,-228.09231114387512,36.08098692671901,-0.0005975680194290512,138.13094024658204,1.5702945113182067,4.02683779157087e-05,,,,1.5761539459228515,
20000,15.250935316085815,-217.19460654258728,38.716470878985476,-0.0013369150470825986,74.16202011108399,1.5705836534500122,0.000379840754273264,,,,1.583165955543518,
24000,18.241212368011475,-207.00937366485596,34.349354074122154,-0.0017923392362232838,70.31685600280761,1.5565480828285216,0.0008815236939165832,,,,1.5908151507377624,
28000,21.275060415267944,-223.06335270404816,44.07811957053223,-0.0009386004339952513,67.78744583129883,1.5306475043296814,0.0008226972551201473,,,,1.5859479904174805,
32000,24.298691511154175,-226.18530702590942,39.52995003909522,-0.00026867044382630214,88.35736465454102,1.5330365419387817,0.0005762350476288703,,,,1.5818965673446654,
36000,27.260213613510132,-219.39605116844177,44.09765243847517,-0.00048209312597946585,63.02743034362793,1.5176382184028625,0.0007319530923268758,,,,1.5658412218093871,
40000,30.25100564956665,-218.35504460334778,35.55374884445534,-0.0006972294501477628,59.15254516601563,1.512519073486328,0.0001517098043380738,,,,1.5722700119018556,
44000,34.6849467754364,-225.61193990707397,30.928175746747883,-0.0008564373617545584,52.650438690185545,1.4812917709350586,0.00043977807708870385,-281.96714551746845,64.95244667179718,,1.5732410192489623,
48000,37.66206645965576,-235.23748779296875,42.70108914503665,-0.0007316723269807923,49.722107315063475,1.4637597322463989,0.0009720506786834449,-281.96714551746845,64.95244667179718,,1.5711323261260985,
52000,40.658146381378174,-226.38513779640198,39.771133588383904,-0.001015937465922123,36.79373149871826,1.421793484687805,0.0005243851213890593,-281.96714551746845,64.95244667179718,,1.5729649662971497,
56000,43.560014724731445,-232.31151795387268,33.277965064557975,-0.00041908714104587074,35.036393356323245,1.3893624663352966,3.054738018093417e-10,-281.96714551746845,64.95244667179718,,1.5570697069168091,
60000,46.38433074951172,-236.12594032287598,50.52973611631252,-0.0011541767214657828,45.5201114654541,1.3959420442581176,0.0005107591332489392,-281.96714551746845,64.95244667179718,,1.5628648400306702,
64000,49.224077224731445,-247.84685707092285,50.24429360312381,-0.0015496319825955007,39.66267910003662,1.3394260287284852,0.0003338719861349093,-281.96714551746845,64.95244667179718,,1.5208194255828857,
68000,52.091859102249146,-247.34722661972046,54.80473758779012,-0.0011485869280054573,33.872593307495116,1.3380589842796327,0.0004803376102160362,-281.96714551746845,64.95244667179718,,1.5685847759246827,
72000,55.00366187095642,-236.94774842262268,41.45196066052803,-0.0014139598310187295,35.30595169067383,1.3537595987319946,0.0006907310540555045,-281.96714551746845,64.95244667179718,,1.579002571105957,
76000,58.00738048553467,-244.80137300491333,46.87061210139021,-0.0023960321376992775,34.53646450042724,1.2998555183410645,0.0014829105079115835,-281.96714551746845,64.95244667179718,,1.5747662425041198,
80000,61.02473282814026,-232.00736951828003,39.53657737592762,-0.0013178056063382292,33.876827239990234,1.3156696438789368,0.001621855780831538,-281.96714551746845,64.95244667179718,,1.5718676924705506,
84000,65.28213238716125,-229.9136381149292,43.31493702742834,-0.0011623858437719292,31.403387832641602,1.2963326930999757,0.0038950468498903045,-265.43509800732136,38.59234497642687,,1.547431969642639,
88000,68.24370861053467,-228.82463574409485,35.50995081149875,-0.0016287513425147005,28.134687995910646,1.2727612376213073,0.0016796748561318964,-265.43509800732136,38.59234497642687,,1.5285266280174254,
92000,71.22006964683533,-229.3342890739441,38.058561386658106,-0.001682956477384634,37.05283470153809,1.2402177453041077,0.0018692951305323128,-265.43509800732136,38.59234497642687,,1.4749510049819947,
96000,74.19414973258972,-218.75732159614563,32.52666463495448,-0.0028161832208279947,19.72812662124634,1.2819921731948853,0.004802134667988867,-265.43509800732136,38.59234497642687,,1.4734501242637634,
100000,77.16280961036682,-228.21080946922302,43.13826728118634,3.526310568613411e-06,38.35323829650879,1.269225287437439,0.003291460720356554,-265.43509800732136,38.59234497642687,,1.4746089696884155,
104000,80.06750226020813,-227.79232478141785,38.9765833293576,-0.0013784814950001168,24.77030086517334,1.2720617413520814,0.0024466174448607493,-265.43509800732136,38.59234497642687,,1.4844525575637817,
108000,83.0800678730011,-228.6163399219513,32.79868136186226,-0.003259922984056196,24.753792572021485,1.2648089528083801,0.003682654461590573,-265.43509800732136,38.59234497642687,,1.4680761814117431,
112000,86.06960225105286,-222.80881333351135,39.47013748700037,-0.0031175120261226043,25.636813354492187,1.2724222540855408,0.0031052839229232633,-265.43509800732136,38.59234497642687,,1.4738741874694825,
116000,89.07324504852295,-210.96626830101013,37.60427545369152,-0.004635485285427432,18.01032781600952,1.2652795553207397,0.0028506595094416774,-265.43509800732136,38.59234497642687,,1.436897087097168,
120000,92.09069228172302,-219.86377596855164,41.723999911115484,-0.004486201801492523,22.186167907714843,1.246153998374939,0.0028551672353739122,-265.43509800732136,38.59234497642687,,1.403682255744934,
124000,96.44734334945679,-224.40158367156982,45.409593585888295,-0.0033357462751446576,27.666174697875977,1.2531139254570007,0.0019021295724087396,-227.399523884058,50.530738748631414,,1.451301097869873,
128000,99.43335485458374,-221.82619714736938,38.59738380467988,-0.005189835281188909,23.477529525756836,1.256013560295105,0.0020516335812474917,-227.399523884058,50.530738748631414,,1.493732178211212,
132000,102.41548228263855,-227.10533237457275,46.536505134115735,-0.0052370121837594045,20.073985004425047,1.244278621673584,0.0045273765979800375,-227.399523884058,50.530738748631414,,1.4779120087623596,
136000,105.42204308509827,-230.38977766036987,45.670052695460996,-0.005071520220565962,21.501062870025635,1.2329667568206788,0.0027508375386241955,-227.399523884058,50.530738748631414,,1.479377770423889,
140000,108.4198169708252,-218.8818964958191,40.58190168000414,-0.0036936778998606368,23.775383758544923,1.2290104269981383,0.0028640905659801153,-227.399523884058,50.530738748631414,,1.4512280344963073,
144000,111.40846848487854,-220.4509961605072,35.01112339071311,-0.00312702955041706,18.545890426635744,1.1866254329681396,0.0009928019891958684,-227.399523884058,50.530738748631414,,1.4364478707313537,
148000,114.36587262153625,-212.38636565208435,39.31683769406217,-0.005838032388283487,23.988350296020506,1.2053072452545166,0.002750448027654784,-227.399523884058,50.530738748631414,,1.4251683831214905,
152000,117.37037110328674,-224.81018137931824,38.096458892973004,-0.005621675012322758,17.349682140350343,1.1649967551231384,0.0034311159572098402,-227.399523884058,50.530738748631414,,1.3819970965385437,
156000,120.39941120147705,-211.16840410232544,38.30290366288208,-0.004537960567278798,14.255996894836425,1.149856972694397,0.00363281846539274,-227.399523884058,50.530738748631414,,1.398266816139221,
160000,123.39286684989929,-214.21123719215393,37.22866838678377,-0.004334051151488283,18.938719940185546,1.1596861839294434,0.0011918078527742182,-227.399523884058,50.530738748631414,,1.3415960431098939,
164000,127.76988887786865,-222.2714614868164,42.5007358495154,-0.00449143512655672,27.77488956451416,1.126376497745514,0.004898509883787483,-215.02449848502874,34.96749769608099,,1.32958642244339,
168000,130.76914715766907,-217.48091173171997,33.80067371909211,-0.005842870105834041,19.7707820892334,1.0557284116744996,0.00440039807224335,-215.02449848502874,34.96749769608099,,1.2811262965202332,
172000,133.72267365455627,-219.61732721328735,34.74878957988017,-0.0035372824926549916,15.441614437103272,1.0826660752296449,0.005128097382839769,-215.02449848502874,34.96749769608099,,1.2325558423995973,
176000,136.71687579154968,-215.25564002990723,37.38154398923944,-0.004864907111390515,14.491387367248535,1.0594597697257995,0.003864436876028776,-215.02449848502874,34.96749769608099,,1.279751217365265,
180000,139.7130389213562,-216.52093386650085,34.47493257874161,-0.004196842162559422,15.11283540725708,1.0072688698768615,0.005831765555873669,-215.02449848502874,34.96749769608099,,1.2694698095321655,
184000,142.70201659202576,-201.8900110721588,31.800439360649086,-0.00670069874140129,15.717583084106446,1.0366275668144227,0.00843922732987754,-215.02449848502874,34.96749769608099,,1.2810288548469544,
188000,145.66024684906006,-209.18441438674927,29.69324460916975,-0.004689636553094356,15.26375732421875,1.0257679104804993,0.0024449884425848723,-215.02449848502874,34.96749769608099,,1.294417130947113,
192000,148.64752674102783,-201.42141771316528,30.156073421382757,-0.004805050844637115,12.754312515258789,1.049828863143921,0.0031146477966103705,-215.02449848502874,34.96749769608099,,1.254992926120758,
196000,151.62626671791077,-210.60603952407837,38.11840302423465,-0.0033072718059022677,16.076482200622557,1.0440922617912292,0.004419359142542817,-215.02449848502874,34.96749769608099,,1.2323593378067017,
200000,154.62467288970947,-208.93734550476074,33.45530700195405,-0.0032788371773591505,18.000627422332762,1.0858883261680603,0.0022002954447088996,-215.02449848502874,34.96749769608099,,1.2091161966323853,
204000,159.0048384666443,-207.3927173614502,36.922777295865814,-0.004356434489755578,20.361109733581543,1.0756929397583008,0.006129165897456312,-218.81886716187,37.47815825042571,,1.193291997909546,
208000,162.0470004081726,-215.18972992897034,43.366219842094274,-0.0035659786920684057,24.742894554138182,1.0300959467887878,0.002297168555378448,-218.81886716187,37.47815825042571,,1.1957364320755004,
212000,165.06166195869446,-212.27897930145264,31.640927491518504,-0.0046674654027447195,15.564157676696777,0.9868532598018647,0.0021958056066068822,-218.81886716187,37.47815825042571,,1.2517237067222595,
216000,168.0881326198578,-208.04561924934387,38.49457954791824,-0.0034382158344765656,19.680091857910156,0.9495978474617004,0.002312621520832181,-218.81886716187,37.47815825042571,,1.2166235804557801,
220000,171.10797572135925,-203.98491382598877,32.84587680948237,-0.0062919479181679176,11.691553592681885,0.9732219040393829,0.004133285300806167,-218.81886716187,37.47815825042571,,1.2768518686294557,
224000,174.10211062431335,-196.5576776266098,30.41981897148849,-0.004485132152253435,11.156178522109986,0.9337617039680481,0.004675301686162125,-218.81886716187,37.47815825042571,,1.2878186464309693,
228000,177.1352982521057,-200.65821766853333,38.854347154011265,-0.004988854458400338,16.20982494354248,0.9697766125202179,0.007919674576260149,-218.81886716187,37.47815825042571,,1.2587321043014525,
232000,180.1318280696869,-208.00154328346252,35.71463886327678,-0.004305380318779584,16.193538761138917,0.9869771659374237,0.002804591503809206,-218.81886716187,37.47815825042571,,1.2617282390594482,
236000,183.12600350379944,-203.73837542533875,36.11918387337271,-0.0056903630352268305,15.036427402496338,1.0051471650600434,0.0055022000364260745,-218.81886716187,37.47815825042571,,1.2397359490394593,
240000,186.09691524505615,-202.71742987632751,33.23275669680875,-0.004579845669524118,11.487225151062011,1.0018161594867707,0.00515994400794928,-218.81886716187,37.47815825042571,,1.2547016143798828,
244000,190.3619167804718,-199.75756132602692,33.04029566088262,-0.004166280009783918,14.536709594726563,0.946581119298935,0.002441778800857719,-203.77148889005184,34.915837077898274,,1.2650768637657166,
248000,193.30984091758728,-204.35111808776855,39.10643491992399,-0.0036539601240462294,19.336998748779298,0.952436774969101,0.0026410512218717486,-203.77148889005184,34.915837077898274,,1.2856792092323304,
252000,196.31277775764465,-204.5893428325653,39.97232956067686,-0.005068139702392127,15.788342571258545,0.941775894165039,0.005208614899311214,-203.77148889005184,34.915837077898274,,1.2902309060096742,
256000,199.35657811164856,-201.88906598091125,34.16286526768854,-0.003910892077255923,11.050923824310303,0.9034199118614197,0.002486115826468449,-203.77148889005184,34.915837077898274,,1.2840369939804077,
260000,202.37041306495667,-203.77792692184448,29.688048185315726,-0.0038496971865534134,13.534707260131835,0.9018456518650055,0.004830840466699282,-203.77148889005184,34.915837077898274,,1.305137574672699,
264000,205.36791849136353,-201.4755392074585,36.0296213997635,-0.004900658344694708,13.613741016387939,0.8990812003612518,0.002467118353233699,-203.77148889005184,34.915837077898274,,1.3053068161010741,
268000,208.37015104293823,-210.29216516017914,39.507940382986085,-0.004370166299554157,16.233236408233644,0.9368703246116639,0.005184517955058254,-203.77148889005184,34.915837077898274,,1.3151946902275085,
272000,211.36494898796082,-193.59728837013245,29.617644962817828,-0.005160527089145006,9.518918228149413,0.9767397820949555,0.0025766119300969946,-203.77148889005184,34.915837077898274,,1.327710008621216,
276000,214.34446597099304,-207.38959860801697,38.8521022108897,-0.005720517973260364,17.303605937957762,0.9331422805786133,0.0031023245479445904,-203.77148889005184,34.915837077898274,,1.310808265209198,
280000,217.16415691375732,-204.83472609519958,37.95099895162415,-0.006208037190061688,11.739229679107666,0.9457549691200257,0.003984009765554219,-203.77148889005184,34.915837077898274,,1.31821129322052,
284000,221.33961868286133,-198.0540738105774,34.3056917778072,-0.005831061816153449,10.498456382751465,0.9304002523422241,0.005075121144182048,-204.19607762992382,31.886183267685492,,1.3175432205200195,
288000,224.33495450019836,-192.0500420331955,28.00945541989617,-0.007658443385424718,8.078396224975586,0.926457017660141,0.005333101947326213,-204.19607762992382,31.886183267685492,,1.3507346153259276,
292000,227.36571884155273,-198.17569077014923,32.70848616122842,-0.00663541975997699,11.820520401000977,0.9134427607059479,0.003950133269031843,-204.19607762992382,31.886183267685492,,1.372225821018219,
296000,230.3497006893158,-200.56078350543976,35.51191078000257,-0.004690073948819195,11.390664386749268,0.8509281396865844,0.005535747777515398,-204.19607762992382,31.886183267685492,,1.3635012984275818,
300000,233.35274982452393,-206.94130158424377,39.97811736205445,-0.0056164937623155,11.659763717651368,0.8703277230262756,0.005157523967015254,-204.19607762992382,31.886183267685492,,1.355248248577118,
304000,236.40494799613953,-196.51656484603882,31.980949105695778,-0.0050838907196496304,10.41022629737854,0.8884183883666992,0.005211344925919547,-204.19607762992382,31.886183267685492,,1.3400633931159973,
308000,239.39725255966187,-196.50338554382324,35.28616743297497,-0.004926856419537273,13.11669225692749,0.8745208263397217,0.005496122478507459,-204.19607762992382,31.886183267685492,,1.3482362151145935,
312000,242.33696222305298,-206.1948161125183,28.36426742242716,-0.005111996692915799,13.507098197937012,0.8751461446285248,0.002650820787918451,-204.19607762992382,31.886183267685492,,1.3481029868125916,
316000,245.391704082489,-201.93951177597046,35.45826808269833,-0.003638925978758678,12.366209697723388,0.8981082081794739,0.004963211521506317,-204.19607762992382,31.886183267685492,,1.3421106815338135,
320000,248.39271903038025,-206.1121997833252,31.408248504836834,-0.005290157183073419,9.881232500076294,0.8978387892246247,0.004322067089378834,-204.19607762992382,31.886183267685492,,1.3677976727485657,
324000,252.78924202919006,-207.9395296573639,30.56785488498143,-0.006378381427222024,9.088934326171875,0.8488210678100586,0.002159289274830378,-205.16793303191662,29.203784652933482,,1.3567523241043091,
328000,255.8099045753479,-201.57489848136902,31.590761581000308,-0.004681385525385906,11.133585834503174,0.8498324811458587,0.004613550825160928,-205.16793303191662,29.203784652933482,,1.3621060848236084,
332000,258.66730642318726,-197.24603176116943,31.457326071645497,-0.006475564624493302,8.109782028198243,0.8013252437114715,0.0053838230844121425,-205.16793303191662,29.203784652933482,,1.3274231553077698,
336000,261.47479367256165,-193.30435276031494,34.56818589103023,-0.005085334499056238,12.986629104614257,0.7681235313415528,0.0036958636628696695,-205.16793303191662,29.203784652933482,,1.3421132564544678,
340000,264.36486554145813,-203.02175450325012,34.46267392096023,-0.005707218581344975,9.715847492218018,0.7652774572372436,0.0038416374154621735,-205.16793303191662,29.203784652933482,,1.3165801286697387,
344000,267.3851091861725,-193.61410856246948,31.163758568586253,-0.005640096177346976,10.642607879638671,0.7337235152721405,0.0051716432133616765,-205.16793303191662,29.203784652933482,,1.2950066089630128,
348000,270.41359210014343,-198.92679405212402,33.91300904762945,-0.004891651405099173,10.027138948440552,0.7289429068565368,0.0047655505644312755,-205.16793303191662,29.203784652933482,,1.2791249871253967,
352000,273.4447093009949,-196.54247522354126,28.878889171562726,-0.007425065793717778,7.794568920135498,0.7566940903663635,0.005039225047221407,-205.16793303191662,29.203784652933482,,1.279486060142517,
356000,276.47332739830017,-200.5140562057495,35.4779162300118,-0.006423665859115602,11.468647575378418,0.7553434848785401,0.004469475349954654,-205.16793303191662,29.203784652933482,,1.241606318950653,
360000,279.4943172931671,-200.01174020767212,37.885578367703204,-0.006185027164329426,10.079650926589967,0.7614742338657379,0.003068545753873575,-205.16793303191662,29.203784652933482,,1.2583738207817077,
364000,283.8732511997223,-202.55530452728271,31.14243920028129,-0.006036222727658869,13.49863224029541,0.7584551632404327,0.006855737958569108,-205.818697437644,31.815303702338472,,1.2567079782485961,
368000,286.8967056274414,-205.31528902053833,34.401807197501114,-0.006150272397790113,10.743898296356202,0.7195405185222625,0.005788834128140796,-205.818697437644,31.815303702338472,,1.2592557787895202,
372000,289.8896059989929,-194.6285080909729,27.963300652975423,-0.0059306472744792725,9.967206287384034,0.7356609284877778,0.003247883848962374,-205.818697437644,31.815303702338472,,1.271704614162445,
376000,292.8970446586609,-196.01985883712769,31.5009235370151,-0.004340974031249089,10.113100337982178,0.7356591641902923,0.0047929366235621275,-205.818697437644,31.815303702338472,,1.2305930376052856,
380000,295.91561245918274,-197.6558153629303,31.884981477797005,-0.006288375787825018,9.407673788070678,0.7419141471385956,0.003955448919441551,-205.818697437644,31.815303702338472,,1.2531625509262085,
384000,298.9152762889862,-196.51128697395325,28.282248547756662,-0.004570897047175037,10.228296566009522,0.7648411393165588,0.00385711359558627,-205.818697437644,31.815303702338472,,1.2704505324363708,
388000,301.90776228904724,-194.35279154777527,35.60555293707525,-0.005799574999759649,12.982486343383789,0.7214978277683258,0.004481443204218572,-205.818697437644,31.815303702338472,,1.2450685262680055,
392000,304.91872215270996,-195.54480707645416,34.35340752409943,-0.005634126731194566,10.988700580596923,0.749466723203659,0.0037612837040796876,-205.818697437644,31.815303702338472,,1.2591197848320008,
396000,307.94105100631714,-202.94441866874695,34.22946024850852,-0.006246768746525078,10.259964275360108,0.7736467480659485,0.0024019102061866525,-205.818697437644,31.815303702338472,,1.206548237800598,
400000,311.00770378112793,-205.99730563163757,34.779353935351686,-0.00629760548278373,12.04399242401123,0.8047861695289612,0.004177050273089389,-205.818697437644,31.815303702338472,,1.2419222831726073,
404000,315.4127748012543,-190.59061980247498,34.44315519167174,-0.005931168253688846,9.873669576644897,0.7983127236366272,0.004469805395618698,-207.72269086539745,31.753964554664122,,1.2621902823448181,
408000,318.2246608734131,-200.1908576488495,32.62158897796807,-0.0052941971529896215,11.787614250183106,0.8052625954151154,0.005087002662980622,-207.72269086539745,31.753964554664122,,1.2182829141616822,
412000,321.0209333896637,-201.23962998390198,29.670746944960396,-0.005381347332615416,10.102345180511474,0.8104806780815125,0.006237623187402885,-207.72269086539745,31.753964554664122,,1.1951905965805054,
416000,323.8494551181793,-200.69003582000732,30.513817456685082,-0.0060783215686678995,10.265132904052734,0.8376514077186584,0.004033283382887021,-207.72269086539745,31.753964554664122,,1.2134952664375305,
420000,326.6900465488434,-201.54683661460876,35.22510085466417,-0.006355673991609123,12.890054035186768,0.8362863898277283,0.0052381717978278175,-207.72269086539745,31.753964554664122,,1.115637981891632,
424000,329.4974308013916,-197.22678756713867,34.75509082410566,-0.006132039084254437,11.960167121887206,0.7802928149700165,0.003154297090213154,-207.72269086539745,31.753964554664122,,1.176788902282715,
428000,332.30121397972107,-188.67702221870422,32.23922885154218,-0.006120556635782037,7.569061136245727,0.7638287663459777,0.004882808157708496,-207.72269086539745,31.753964554664122,,1.2093005776405334,
432000,335.11737036705017,-195.18522429466248,33.934053610614754,-0.005328145664340589,14.246105003356934,0.8097874522209167,0.0039724885101120044,-207.72269086539745,31.753964554664122,,1.2064324140548706,
436000,337.9516718387604,-202.9456033706665,34.48723868212938,-0.005622366434739323,15.692940139770508,0.7530928552150726,0.003663056291406974,-207.72269086539745,31.753964554664122,,1.1913609266281129,
440000,340.77367663383484,-195.39594149589539,29.73310111069114,-0.006252077117251798,10.249133634567261,0.7752152144908905,0.006857690238393843,-207.72269086539745,31.753964554664122,,1.211554265022278,
444000,345.06341552734375,-197.74428796768188,34.89257875275313,-0.00641211288748309,12.037928485870362,0.7625806570053101,0.004463064020810048,-206.80339801311493,35.66935918799815,,1.1694725632667542,
448000,347.9255790710449,-201.26129484176636,34.808114951250786,-0.005034598767058895,12.810488414764404,0.8083303332328796,0.0025071145035326483,-206.80339801311493,35.66935918799815,,1.1619054198265075,
452000,350.81243085861206,-191.91934072971344,31.643389222653585,-0.005265860335513217,12.144365787506104,0.7635224640369416,0.003328976678312756,-206.80339801311493,35.66935918799815,,1.1464917421340943,
456000,353.7246539592743,-199.55889177322388,32.539404852014634,-0.004834219357619673,9.209845066070557,0.7784696102142334,0.004717064349892719,-206.80339801311493,35.66935918799815,,1.137191927433014,
460000,356.7184681892395,-201.37757110595703,36.79596914486483,-0.00533489853345479,9.10725507736206,0.8208462834358216,0.006943903460943446,-206.80339801311493,35.66935918799815,,1.1148723840713501,
464000,359.70857548713684,-208.17506730556488,37.006915791970066,-0.0051381757968726235,14.246586132049561,0.7978579342365265,0.006068808407367543,-206.80339801311493,35.66935918799815,,1.1481599688529969,
468000,362.6917803287506,-197.508695602417,30.406539973626387,-0.0060855777847270255,7.713954639434815,0.76685271859169,0.004434686740933102,-206.80339801311493,35.66935918799815,,1.1307585954666137,
472000,365.6828873157501,-201.71795678138733,29.761946797253916,-0.00444025462244948,10.97964334487915,0.7950644493103027,0.005488090578000993,-206.80339801311493,35.66935918799815,,1.1167684078216553,
476000,368.66947174072266,-205.89726734161377,33.20935504527872,-0.00383944634689648,14.383059978485107,0.7759419560432435,0.0029800000988568164,-206.80339801311493,35.66935918799815,,1.123087191581726,
480000,371.6729965209961,-198.7922179698944,37.32031577132062,-0.004912183903080169,16.129270172119142,0.7863986730575562,0.0037616250308929013,-206.80339801311493,35.66935918799815,,1.1458000421524048,
484000,376.03443241119385,-202.53726422786713,38.31010119182613,-0.0043400634504699555,13.888597202301025,0.8386452078819275,0.006004423597323161,-209.03263039886951,41.45516913203819,,1.1349855422973634,
488000,379.0369930267334,-199.9062557220459,28.621564751800925,-0.006538470917381289,9.7697124004364,0.821221935749054,0.005863416625652462,-209.03263039886951,41.45516913203819,,1.1638057351112365,
492000,382.00978660583496,-199.46836686134338,36.863585274157465,-0.005816265538024367,16.305912494659424,0.8360248446464539,0.005202443135203794,-209.03263039886951,41.45516913203819,,1.1489931702613831,
496000,385.0354323387146,-196.07647728919983,30.68851602414064,-0.006128476911845304,9.16912808418274,0.8309406101703644,0.0032589705515420064,-209.03263039886951,41.45516913203819,,1.1272533178329467,
500000,388.0642514228821,-202.00337600708008,35.48239770644864,-0.006977637122695768,8.83649492263794,0.8836660265922547,0.003294044261953477,-209.03263039886951,41.45516913203819,,1.167393147945404,
504000,391.0859577655792,-201.13128662109375,39.62105507612606,-0.006697554651958227,11.127352714538574,0.9029955506324768,0.003888980197982228,-209.03263039886951,41.45516913203819,,1.1854105949401856,
508000,394.13223934173584,-200.89578294754028,39.315591425967845,-0.0051756023917502334,15.118646430969239,0.8725352823734284,0.003935104992667515,-209.03263039886951,41.45516913203819,,1.1181325316429138,
512000,397.13504910469055,-197.07286095619202,31.359261363967093,-0.006404018883127804,11.547845935821533,0.8634675323963166,0.004687950640072813,-209.03263039886951,41.45516913203819,,1.1645191192626954,
516000,400.0927560329437,-200.120219707489,35.20808714297378,-0.006072870512958595,10.91195592880249,0.889266449213028,0.0057550989498849955,-209.03263039886951,41.45516913203819,,1.1382609724998474,
520000,403.0684823989868,-202.34534120559692,32.94950362883908,-0.004920951077404112,9.911602306365968,0.8172126114368439,0.0056474796729162335,-209.03263039886951,41.45516913203819,,1.0880752444267272,
524000,407.420462846756,-198.6543675661087,31.827808793173173,-0.004048778584071755,10.619925594329834,0.8310927212238312,0.003110723839199636,-210.5826849117875,33.984293494499816,,1.1128538250923157,
528000,410.433705329895,-198.58993113040924,34.785289705553744,-0.006361913023050869,10.821318531036377,0.8277187287807465,0.002714067433407763,-210.5826849117875,33.984293494499816,,1.0766724348068237,
532000,413.41477489471436,-199.4110003709793,38.25419996804048,-0.0037023061820461002,17.12904748916626,0.8015652775764466,0.003043994108156767,-210.5826849117875,33.984293494499816,,1.0926616549491883,
536000,416.4379229545593,-200.4691457748413,30.002672613352523,-0.006328200385750549,8.360492181777953,0.8194807946681977,0.0030443529057374795,-210.5826849117875,33.984293494499816,,1.091281771659851,
540000,419.40876960754395,-203.07552409172058,38.8326214845858,-0.004283159730800734,11.295732593536377,0.7711317658424377,0.0034829798443242856,-210.5826849117875,33.984293494499816,,1.0374980568885803,
544000,422.2332811355591,-198.78948378562927,35.196077523488945,-0.0066336461656416375,7.703445625305176,0.8008855581283569,0.0032182051003522448,-210.5826849117875,33.984293494499816,,1.0271231889724732,
548000,425.15417098999023,-194.35345268249512,31.012384949898273,-0.006069201130264745,11.052230930328369,0.8197015643119812,0.008023608382791281,-210.5826849117875,33.984293494499816,,1.089475965499878,
552000,428.1829490661621,-198.95505619049072,37.15821393529703,-0.00508765792388779,9.656921672821046,0.8205778121948242,0.003077490857152343,-210.5826849117875,33.984293494499816,,1.0578796863555908,
556000,431.22386288642883,-195.4071502685547,31.338458575114302,-0.005166133280998686,8.10366449356079,0.8170226514339447,0.00442119768525785,-210.5826849117875,33.984293494499816,,1.084860134124756,
560000,434.2581355571747,-191.54203009605408,31.22225371831385,-0.006858357295782014,8.050059080123901,0.7729236543178558,0.002611699501721887,-210.5826849117875,33.984293494499816,,1.076745069026947,
564000,438.6404113769531,-197.96900010108948,35.37624128736818,-0.0046748917885900635,8.711560153961182,0.7549383103847503,0.003999326372286305,-203.28163082897663,34.488159999213366,,1.0676381945610047,
568000,441.659295797348,-194.45121335983276,25.717664394570292,-0.006802978069831944,6.37173547744751,0.7537584364414215,0.005691593460505828,-203.28163082897663,34.488159999213366,,1.013153326511383,
572000,444.5735330581665,-203.75293684005737,37.09057954802994,-0.006603689442466365,12.146440124511718,0.7179973483085632,0.00301402771146968,-203.28163082897663,34.488159999213366,,1.0231207489967347,
576000,447.42733883857727,-202.42721796035767,33.58653381150063,-0.006688783010079846,7.44536247253418,0.7380342304706573,0.004418323710359498,-203.28163082897663,34.488159999213366,,1.0964113116264342,
580000,450.3583872318268,-194.81439781188965,36.16384121020069,-0.005297751373223347,12.48597173690796,0.7374405026435852,0.0033173478136692804,-203.28163082897663,34.488159999213366,,1.1322638511657714,
584000,453.3712739944458,-197.79831433296204,33.345334387471894,-0.005299140140414238,9.208506727218628,0.76456698179245,0.0033590766821289366,-203.28163082897663,34.488159999213366,,1.1207961916923523,
588000,456.35756039619446,-195.52161860466003,32.183373283059034,-0.003800004686743108,11.012251281738282,0.7527442514896393,0.004148959791986329,-203.28163082897663,34.488159999213366,,1.154845416545868,
592000,459.287397146225,-192.8158061504364,30.677422244340004,-0.0076448932308704086,7.3251111030578615,0.7098254263401031,0.005941757303662598,-203.28163082897663,34.488159999213366,,1.116722285747528,
596000,462.2423288822174,-201.66483306884766,33.00906048719112,-0.005264644531765938,8.758351850509644,0.6913087666034698,0.004374771878065076,-203.28163082897663,34.488159999213366,,1.125016188621521,
600000,465.2430398464203,-189.17784023284912,28.376529652742,-0.006557900649961113,6.394578838348389,0.7106545269489288,0.005593551040772582,-203.28163082897663,34.488159999213366,,1.140801739692688,
604000,469.4189260005951,-198.99295496940613,34.7070351809681,-0.007355717895397263,7.142127180099488,0.7128824353218078,0.0035770273505477236,-201.26580252498388,28.350074433831853,,1.109429621696472,
608000,472.3595988750458,-197.56570410728455,36.83342683280206,-0.006323220965142084,9.638541126251221,0.6971525132656098,0.0027319300334590403,-201.26580252498388,28.350074433831853,,1.1531800985336305,
612000,475.27949476242065,-193.95438838005066,30.61651898626135,-0.008339755705868247,8.132802295684815,0.6885870218276977,0.003684287954092724,-201.26580252498388,28.350074433831853,,1.152949333190918,
616000,478.20388746261597,-201.73872470855713,35.27731842189189,-0.004835940624199208,8.372120332717895,0.6560210764408112,0.004380322806537151,-201.26580252498388,28.350074433831853,,1.1083779454231262,
620000,481.1193103790283,-192.13899672031403,27.02837036046305,-0.005647197547756777,6.664081048965454,0.7230072736740112,0.0030063043392146937,-201.26580252498388,28.350074433831853,,1.1566930294036866,
624000,484.0286693572998,-199.74131500720978,38.352241509758436,-0.005665155071610073,13.669437503814697,0.7177056908607483,0.005560247434186749,-201.26580252498388,28.350074433831853,,1.1604106426239014,
628000,487.00166487693787,-197.7096747159958,31.01670409542019,-0.0066735483128577576,10.032496213912964,0.6990020930767059,0.004522284162696466,-201.26580252498388,28.350074433831853,,1.172608995437622,
632000,489.9765787124634,-189.7082860469818,29.225926048119756,-0.00811509415522833,6.370789909362793,0.6754233062267303,0.0078013976351940075,-201.26580252498388,28.350074433831853,,1.1347477078437804,
636000,492.8873257637024,-194.12672352790833,31.946303123402767,-0.007964635397928455,6.664167833328247,0.6326024472713471,0.004530016286298633,-201.26580252498388,28.350074433831853,,1.1511515140533448,
640000,495.7993712425232,-196.46186590194702,33.04682556520986,-0.006701163344085259,11.22778034210205,0.6716070890426635,0.0024046626669587566,-201.26580252498388,28.350074433831853,,1.1777889013290406,
644000,500.02947425842285,-195.31720006465912,32.489905048453046,-0.007089891726151087,6.983838605880737,0.6854066610336303,0.00413418395910412,-197.614945307374,31.452731169306105,,1.1466237545013427,
648000,502.937433719635,-200.43035984039307,33.006107177194,-0.007229416904660546,9.865705251693726,0.7142111778259277,0.006388845054432757,-197.614945307374,31.452731169306105,,1.0981616616249084,
652000,505.86004972457886,-203.34662246704102,31.394977639262688,-0.0072469852146070934,7.281840038299561,0.7020332634449005,0.005828274150223844,-197.614945307374,31.452731169306105,,1.0990689873695374,
656000,508.75537514686584,-191.88662195205688,28.636421207544313,-0.00698172975207374,7.386852788925171,0.6790193438529968,0.006309250672347844,-197.614945307374,31.452731169306105,,1.1130322098731995,
660000,511.4906449317932,-202.695636510849,31.369184243568714,-0.006051005781938634,9.56178002357483,0.7170638263225555,0.003400191240201833,-197.614945307374,31.452731169306105,,1.0448875546455383,
664000,514.3179631233215,-200.91397166252136,36.41937379248199,-0.0067244985632909145,8.750695276260377,0.7122592806816102,0.007787936844707843,-197.614945307374,31.452731169306105,,1.0427024006843566,
668000,517.1207637786865,-188.89122319221497,23.44125686403597,-0.004846814380337783,7.2469500541687015,0.7077840745449067,0.002392093781963922,-197.614945307374,31.452731169306105,,1.0332271218299867,
672000,519.860672712326,-197.4941509962082,34.97486820558529,-0.0070620224080048645,8.385950374603272,0.6846603393554688,0.005943131337640839,-197.614945307374,31.452731169306105,,0.9783038318157196,
676000,522.597473859787,-201.03984665870667,31.928991959655747,-0.0055260049736437725,9.738802623748779,0.7380677878856658,0.006561024365015333,-197.614945307374,31.452731169306105,,0.9887447237968445,
680000,525.3837773799896,-200.8345890045166,34.96869093189919,-0.0057744514577400706,8.638040685653687,0.707344138622284,0.004999287329536561,-197.614945307374,31.452731169306105,,0.9749573409557343,
684000,529.4898743629456,-202.1604790687561,27.20478337396555,-0.006459093467953325,7.157343578338623,0.7154501676559448,0.00547070831634725,-208.60819412767887,32.627489301207746,,0.973982036113739,
688000,532.3765337467194,-190.12266314029694,33.685852635586954,-0.007367129666886107,9.06999077796936,0.7280435979366302,0.005033601657487452,-208.60819412767887,32.627489301207746,,0.9222934007644653,
692000,535.278356552124,-196.2373011112213,31.4071756478759,-0.006644590158636454,7.040441608428955,0.7572016179561615,0.00494565925328061,-208.60819412767887,32.627489301207746,,1.0020697832107544,
696000,538.1906590461731,-196.92223691940308,32.07403922794997,-0.004713806728599579,11.767552185058594,0.8019504189491272,0.002748227026904715,-208.60819412767887,32.627489301207746,,0.9471599042415619,
700000,541.0728666782379,-194.6528959274292,32.272168993364694,-0.006196979160808702,9.911650896072388,0.7900979399681092,0.005311802172684121,-208.60819412767887,32.627489301207746,,0.9990411937236786,
704000,543.990576505661,-194.18174362182617,33.2272167168687,-0.005113778018547821,10.973131847381591,0.7556829690933228,0.004443824191655343,-208.60819412767887,32.627489301207746,,0.9418624639511108,
708000,546.8990955352783,-195.93931603431702,32.27432422851839,-0.005351191287006518,10.96291971206665,0.7343681514263153,0.004212925737374462,-208.60819412767887,32.627489301207746,,1.0447230696678163,
712000,549.8188138008118,-199.90300333499908,38.688240111350254,-0.005210572298383331,12.477146530151368,0.788022655248642,0.0011828594285373973,-208.60819412767887,32.627489301207746,,1.0258360505104065,
716000,552.7253632545471,-195.47146022319794,35.219529163358814,-0.005601955910135725,10.446797084808349,0.781684935092926,0.002883513374816804,-208.60819412767887,32.627489301207746,,0.9705624520778656,
720000,555.5271692276001,-193.2825174331665,31.37225332860508,-0.00544123623341628,9.788457822799682,0.7750242054462433,0.0040411756925750495,-208.60819412767887,32.627489301207746,,1.0610109329223634,
724000,559.5663783550262,-195.74517154693604,32.156668421289176,-0.005044812380452646,13.386960124969482,0.7955995619297027,0.0017748195525879584,-202.29941160976887,27.146089260341643,,1.0408560514450074,
728000,562.346866607666,-192.49375808238983,31.929566671679577,-0.0068486749165846735,8.718005657196045,0.7805907726287842,0.004462857515318319,-202.29941160976887,27.146089260341643,,1.020774531364441,
732000,565.2082054615021,-194.57687652111053,34.157192753437194,-0.00490870548707123,11.004621696472167,0.8160994052886963,0.004833867849238849,-202.29941160976887,27.146089260341643,,1.034719133377075,
736000,568.1198060512543,-187.80153369903564,29.551869415921928,-0.004386586346585908,7.795553493499756,0.7886451601982116,0.004310354746024436,-202.29941160976887,27.146089260341643,,1.0209155201911926,
740000,571.0484929084778,-191.8597651720047,28.436811439141497,-0.005937557058719278,13.046813488006592,0.8322724521160125,0.003090656846140849,-202.29941160976887,27.146089260341643,,1.0118873238563537,
744000,573.9668116569519,-198.68513131141663,33.31797765595377,-0.005155489788934009,11.735584163665772,0.8217508912086486,0.0026778415078297256,-202.29941160976887,27.146089260341643,,1.0161450266838075,
748000,576.9139602184296,-195.4753782749176,29.225331205532417,-0.005082617876818407,9.008037090301514,0.8322215974330902,0.0023182410240406128,-202.29941160976887,27.146089260341643,,0.9744195938110352,
752000,579.8453886508942,-208.32036292552948,38.93435772317112,-0.004083806654671207,11.939271354675293,0.7863109648227692,0.0020034094428022704,-202.29941160976887,27.146089260341643,,0.92901890873909,
756000,582.8017961978912,-199.75340747833252,38.05624687580967,-0.005165987617646639,10.641488742828368,0.8346157431602478,0.0030331087977926606,-202.29941160976887,27.146089260341643,,0.9866523742675781,
760000,585.7450771331787,-194.98911929130554,31.63641473849361,-0.007901300886180263,5.910822248458862,0.7885126650333405,0.004382086896609216,-202.29941160976887,27.146089260341643,,0.9850906372070313,
764000,589.9000754356384,-195.2439328432083,29.703140995513326,-0.005718149212499491,7.268332052230835,0.7621791541576386,0.0033668732496153096,-205.38972549140453,32.55212905073249,,0.960330331325531,
768000,592.8539934158325,-192.70093321800232,36.02480919135831,-0.005611698083424299,10.02538242340088,0.7254969954490662,0.005558637157082558,-205.38972549140453,32.55212905073249,,0.9840093791484833,
772000,595.7616505622864,-195.98634958267212,38.22152011073492,-0.0061079077691927,9.983785247802734,0.7058824896812439,0.003539515001466498,-205.38972549140453,32.55212905073249,,1.0251347184181214,
776000,598.6847484111786,-197.90238547325134,32.751318745160084,-0.007021240535657824,7.7811953067779545,0.7012623190879822,0.005261509498814121,-205.38972549140453,32.55212905073249,,1.0678248524665832,
780000,601.4394679069519,-189.13130068778992,34.77025898905962,-0.008118181905864396,7.692708349227905,0.7291150629520416,0.005130767096610178,-205.38972549140453,32.55212905073249,,1.001924842596054,
784000,604.1948778629303,-197.3189787864685,33.04666359842469,-0.005707732787045394,12.93289680480957,0.747914844751358,0.0054683885930959745,-205.38972549140453,32.55212905073249,,1.0511424779891967,
788000,606.9424276351929,-193.5560997724533,33.98140454978526,-0.0072161410491293765,10.474575233459472,0.7090873658657074,0.003160291866515763,-205.38972549140453,32.55212905073249,,0.9945135593414307,
792000,609.7817275524139,-203.20453190803528,31.85534627356982,-0.006304888581546653,11.021558570861817,0.7391171514987945,0.004416627169062848,-205.38972549140453,32.55212905073249,,1.0303622364997864,
796000,612.5798437595367,-204.63416004180908,41.59685081117376,-0.005822142301592947,9.554714584350586,0.7417247474193573,0.00394267804427848,-205.38972549140453,32.55212905073249,,1.0450356364250184,
800000,615.4852890968323,-181.73826789855957,28.85220355192274,-0.005394166252731036,8.739147281646728,0.7424846529960633,0.004042948359827281,-205.38972549140453,32.55212905073249,,1.0727637529373169,
804000,619.5413489341736,-185.10048854351044,29.777261530957787,-0.006357802021006798,8.721264314651489,0.7474324345588684,0.006221700231156646,-199.2137406617403,34.6289267843607,,1.023906123638153,
808000,622.2918431758881,-194.8269737958908,33.93713631504469,-0.006920938504083707,6.486607551574707,0.7383268713951111,0.005241828016005456,-199.2137406617403,34.6289267843607,,0.9820654213428497,
812000,625.0268881320953,-200.4584437608719,34.51975627389666,-0.005709702535532379,10.155515766143798,0.6947505414485932,0.005099051747781536,-199.2137406617403,34.6289267843607,,1.029125714302063,
816000,627.7818405628204,-196.9586522579193,30.653203188280475,-0.0073238967399422705,5.654849243164063,0.7019601821899414,0.005384132413426413,-199.2137406617403,34.6289267843607,,1.014749777317047,
820000,630.5382630825043,-194.2831254005432,32.32023190923377,-0.006714903061588551,7.682678318023681,0.7416756570339202,0.0041856681004816595,-199.2137406617403,34.6289267843607,,1.0622800946235658,
824000,633.4544494152069,-197.2606315612793,32.818105889668956,-0.006459631157107637,7.480705070495605,0.709982055425644,0.004483405746577773,-199.2137406617403,34.6289267843607,,0.9643057584762573,
828000,636.2433335781097,-196.9680666923523,33.95959256042984,-0.006636597972518565,8.570927906036378,0.7220851063728333,0.004854117637422562,-199.2137406617403,34.6289267843607,,1.0250754356384277,
832000,639.0076711177826,-205.05795788764954,35.18713217674166,-0.005524594877225652,9.505836296081544,0.7069578409194947,0.0020620400486222935,-199.2137406617403,34.6289267843607,,1.0002090632915497,
836000,641.7865073680878,-195.6752963066101,32.07764344709575,-0.0068000948356154115,5.847539901733398,0.701693457365036,0.002460078561678536,-199.2137406617403,34.6289267843607,,1.002008068561554,
840000,644.5485327243805,-197.60667061805725,37.20139755265941,-0.006648404807706054,12.251511478424073,0.7136796414852142,0.003600814362289384,-199.2137406617403,34.6289267843607,,1.0253257513046266,
844000,648.5349309444427,-194.36381912231445,25.50814042430348,-0.006403868997159101,7.340833234786987,0.7175452947616577,0.004161341645522043,-202.72980546951294,35.6196457448065,,1.003730022907257,
848000,651.4411036968231,-197.92351865768433,31.488280461982487,-0.006591689723543825,8.97803544998169,0.7395301043987275,0.00493425311016229,-202.72980546951294,35.6196457448065,,0.9971130788326263,
852000,654.3727712631226,-202.65124440193176,33.051227690478825,-0.005612737655484423,10.157117176055909,0.7299762308597565,0.0025842217644676648,-202.72980546951294,35.6196457448065,,0.9933470606803894,
856000,657.2946133613586,-192.1968400478363,34.69737851491412,-0.007504870320670309,6.745886135101318,0.7276365041732789,0.005472199211362749,-202.72980546951294,35.6196457448065,,1.0255164504051208,
860000,660.2698063850403,-192.37443947792053,33.23928033447964,-0.0065537135975123565,8.769678544998168,0.714417427778244,0.004864683843450646,-202.72980546951294,35.6196457448065,,0.9964604020118714,
864000,663.2071433067322,-194.07934284210205,36.21603548118569,-0.0063689939209725654,12.031828498840332,0.7093360781669616,0.0036389792493234153,-202.72980546951294,35.6196457448065,,1.0279720664024352,
868000,666.1531810760498,-195.96221280097961,36.50744964405053,-0.006154430155487089,11.243738842010497,0.653772521018982,0.003111973991016104,-202.72980546951294,35.6196457448065,,0.9861414909362793,
872000,669.0967319011688,-186.1780345439911,35.10700303997706,-0.004965360766975202,10.518425846099854,0.6533078849315643,0.004044613556470722,-202.72980546951294,35.6196457448065,,1.0338720440864564,
876000,672.04252576828,-192.89742720127106,40.169248067356385,-0.005400321633322136,8.623144483566284,0.6867115557193756,0.0029474414135620465,-202.72980546951294,35.6196457448065,,1.0532994389533996,
880000,674.9729595184326,-191.88423538208008,31.740430628208912,-0.006218389565901284,12.327702045440674,0.6957484483718872,0.008008058516619121,-202.72980546951294,35.6196457448065,,1.0388299345970153,
884000,678.9972295761108,-195.10686612129211,35.10955658007348,-0.006214171388341727,9.478250551223756,0.663573956489563,0.0038980045006610452,-193.8428669422865,31.40495519419471,,1.0140690922737121,
888000,681.79509973526,-196.58732891082764,37.22049814357014,-0.0071430916013196285,9.475320100784302,0.6606753587722778,0.0037252809619531036,-193.8428669422865,31.40495519419471,,1.1006734251976014,
892000,684.6928579807281,-189.7116688489914,28.358955631768616,-0.006871001782982278,8.649323749542237,0.6585369408130646,0.008176189777441323,-193.8428669422865,31.40495519419471,,1.0751537442207337,
896000,687.4592251777649,-194.0567982196808,34.39414963748705,-0.00641449268426122,8.60074520111084,0.6771929025650024,0.0040997804481303305,-193.8428669422865,31.40495519419471,,1.0470218896865844,
900000,690.1858837604523,-187.77704501152039,31.38453237985708,-0.005835229477224235,9.457843685150147,0.6815266311168671,0.005619811426731758,-193.8428669422865,31.40495519419471,,1.0473239302635193,
904000,692.9171977043152,-195.100683927536,31.98780362016037,-0.006725901566911574,7.618190908432007,0.6501327455043793,0.004942424316502514,-193.8428669422865,31.40495519419471,,1.0391481518745422,
908000,695.641140460968,-195.68071961402893,42.57638042892242,-0.007166056483052685,8.433868408203125,0.6732870817184449,0.0034415557235867754,-193.8428669422865,31.40495519419471,,1.0746309757232666,
912000,698.356036901474,-197.60480785369873,36.713731277420436,-0.006730805138902074,8.930153369903564,0.6692970275878907,0.00495387569826562,-193.8428669422865,31.40495519419471,,1.0257197260856628,
916000,701.0689034461975,-194.76822364330292,29.13482438786903,-0.0064897348734084485,8.841562271118164,0.7081538558006286,0.005016519915079698,-193.8428669422865,31.40495519419471,,0.9708783149719238,
920000,703.782782793045,-189.78871178627014,28.313215208862047,-0.007589409579910988,4.68978979587555,0.6626666188240051,0.005175118937768275,-193.8428669422865,31.40495519419471,,1.0411767721176148,
924000,707.7384352684021,-195.2206974029541,30.905060341047857,-0.006913668915784576,9.931577682495117,0.6466353356838226,0.0034267370505258743,-196.02188128232956,35.01141908342035,,1.0699794292449951,
928000,710.4791872501373,-197.14148688316345,28.482447646603205,-0.006025605115573862,6.834882402420044,0.6363464593887329,0.004864554029695434,-196.02188128232956,35.01141908342035,,0.9491065263748169,
932000,713.2085666656494,-188.91297817230225,29.64951449740504,-0.006087175339615591,7.6033426284790036,0.637847638130188,0.004642532236175612,-196.02188128232956,35.01141908342035,,1.0419199585914611,
936000,715.956625699997,-194.0092475414276,35.86599268856133,-0.006017815697472529,6.710362148284912,0.6832742750644684,0.004120588084333576,-196.02188128232956,35.01141908342035,,1.0474196910858153,
940000,718.7992014884949,-187.68792033195496,29.078555760944614,-0.0074136690162898145,6.771525955200195,0.7080481052398682,0.005656722821838533,-196.02188128232956,35.01141908342035,,0.9965124726295471,
944000,721.7417466640472,-186.6598024368286,30.026066967456213,-0.0066604032759398635,6.6157409191131595,0.6953998923301696,0.0030616619312980654,-196.02188128232956,35.01141908342035,,1.035483729839325,
948000,724.6833982467651,-192.3021001815796,34.80944594951281,-0.005993416680178299,7.17749924659729,0.6119731187820434,0.006087845015960447,-196.02188128232956,35.01141908342035,,1.0087340235710145,
952000,727.6479182243347,-195.35623049736023,29.81741852620815,-0.008326226219690102,6.788822269439697,0.6390125632286072,0.0027083381748525424,-196.02188128232956,35.01141908342035,,1.0256738185882568,
956000,730.5641782283783,-197.21045744419098,36.44556825874227,-0.004855486745635673,10.70692195892334,0.6212910294532776,0.005039459024555981,-196.02188128232956,35.01141908342035,,1.0689594149589539,
960000,733.5305595397949,-200.61762380599976,31.15743419860678,-0.004647404447275516,14.900200462341308,0.6109036505222321,0.004414106858894229,-196.02188128232956,35.01141908342035,,0.9963719129562378,
964000,737.6930763721466,-184.647465467453,27.638272088654286,-0.004920050807374921,7.117747449874878,0.5955822110176087,0.002607155134823813,-191.9730332121253,31.303043633758683,,1.0173994421958923,
968000,740.6425957679749,-191.7138319015503,30.23744241976677,-0.005839752292105338,8.194012594223022,0.6203602492809296,0.003851997159101295,-191.9730332121253,31.303043633758683,,0.9911992013454437,
972000,743.5576808452606,-187.92971694469452,30.64045753982058,-0.0062080681316244,7.923911190032959,0.6384813547134399,0.004484193900406053,-191.9730332121253,31.303043633758683,,0.9848717093467713,
976000,746.4456956386566,-195.57167792320251,28.14929853197779,-0.0066650077425098875,6.068375825881958,0.6238541007041931,0.0048427578003611416,-191.9730332121253,31.303043633758683,,0.9900671005249023,
980000,749.4047694206238,-189.32258796691895,30.83451056397123,-0.006342016127891803,6.931028699874878,0.6329564094543457,0.006000851970748044,-191.9730332121253,31.303043633758683,,0.9670146405696869,
984000,752.3446991443634,-191.3756811618805,33.13747412720071,-0.006321811403768774,8.027412033081054,0.588540256023407,0.006777763675199821,-191.9730332121253,31.303043633758683,,0.9329813420772552,
988000,755.2415709495544,-201.69835138320923,38.61035007095969,-0.005407240548326353,10.40662670135498,0.6183562934398651,0.0041697182907955545,-191.9730332121253,31.303043633758683,,0.9670893847942352,
992000,758.143298625946,-188.04604482650757,30.92149381377803,-0.008964719258559305,8.088863563537597,0.6319088995456695,0.00822712819674054,-191.9730332121253,31.303043633758683,,0.9836542069911957,
996000,761.0469770431519,-190.01903879642487,33.53736700349723,-0.006006071581505257,8.828789520263673,0.6467900097370147,0.004205603139009373,-191.9730332121253,31.303043633758683,,0.8907501459121704,
1000000,763.98290848732,-192.06933689117432,35.36762959487609,-0.007602058233693221,6.687654829025268,0.6551375329494477,0.004699589806414828,-191.9730332121253,31.303043633758683,,0.9411829292774201,
1004000,768.1901116371155,-190.3848855495453,28.970609770439935,-0.007414792065508635,7.5296234607696535,0.6860426306724549,0.0034866430767579006,-198.8683676570654,32.40678089875153,,0.8955961227416992,
1008000,771.1236295700073,-197.4259341955185,37.43480938711329,-0.007489391879333773,6.805613231658936,0.6620985090732574,0.004000708722378477,-198.8683676570654,32.40678089875153,,0.9322576940059661,
1012000,774.0708894729614,-192.66965556144714,31.941000786728956,-0.008635266545383935,9.722358894348144,0.698518967628479,0.005536386513267644,-198.8683676570654,32.40678089875153,,0.9255420506000519,
1016000,777.0274479389191,-189.9138379096985,34.48352223459331,-0.003460514277064508,9.494681930541992,0.7207823514938354,0.0036384919026265063,-198.8683676570654,32.40678089875153,,0.8516215085983276,
1020000,779.9653415679932,-195.14974689483643,28.179025009422787,-0.006186079401367639,7.540280485153199,0.7505238890647888,0.005072801295318641,-198.8683676570654,32.40678089875153,,0.8438084423542023,
1024000,782.7305142879486,-192.66605401039124,30.843194009537804,-0.007003129123089225,8.353322315216065,0.7073849618434906,0.007448408025084063,-198.8683676570654,32.40678089875153,,0.8451104700565338,
1028000,785.482914686203,-190.75299096107483,30.22443481383463,-0.005834364062485597,6.488732147216797,0.7134169816970826,0.004830889082979417,-198.8683676570654,32.40678089875153,,0.9114592671394348,
1032000,788.2684199810028,-197.1220339536667,29.76920042063054,-0.005515666059373458,14.032553768157959,0.7369409024715423,0.003696767031448012,-198.8683676570654,32.40678089875153,,0.8837823510169983,
1036000,791.0489864349365,-194.1202380657196,33.40756444278085,-0.006288882630566839,10.312077522277832,0.7243883192539216,0.004532363964244723,-198.8683676570654,32.40678089875153,,0.8679245054721832,
1040000,793.9469130039215,-191.47003889083862,33.279874284341126,-0.007260679122215841,9.90250391960144,0.7201189458370209,0.0053394123242469504,-198.8683676570654,32.40678089875153,,0.8945840239524842,
1044000,798.1019723415375,-194.97570490837097,33.219763644435325,-0.005157201861652227,12.720837783813476,0.7402860522270203,0.002644659622455947,-205.68609015643597,37.842676611175776,,0.8556692600250244,
1048000,801.0716545581818,-194.80958557128906,36.16851552693085,-0.00813962035696023,6.594356107711792,0.7803339481353759,0.004400493635407976,-205.68609015643597,37.842676611175776,,0.8429495811462402,
1052000,803.9771072864532,-193.47128283977509,32.7318666416484,-0.007509980957179074,6.611617803573608,0.7736739337444305,0.006941017147619277,-205.68609015643597,37.842676611175776,,0.8312850534915924,
1056000,806.8690373897552,-193.85459303855896,38.37352508571194,-0.006417123019229631,8.65288724899292,0.7480174422264099,0.0033382376515874055,-205.68609015643597,37.842676611175776,,0.8259982645511628,
1060000,809.7633037567139,-184.19020462036133,29.08458224869352,-0.008214857470244174,5.144631314277649,0.7925569713115692,0.0038124449364064896,-205.68609015643597,37.842676611175776,,0.7930068075656891,
1064000,812.51442694664,-189.73511469364166,33.44065091034221,-0.0059824241802562735,7.410344934463501,0.7460024237632752,0.002852574836055277,-205.68609015643597,37.842676611175776,,0.8302589774131774,
1068000,815.3379466533661,-204.94882011413574,31.193383602753507,-0.007966786464676278,7.410223388671875,0.7418379843235016,0.006250105821527541,-205.68609015643597,37.842676611175776,,0.8782874286174774,
1072000,818.3097908496857,-195.35016798973083,31.192087591665732,-0.0073057169586730804,10.061884593963622,0.7443362653255463,0.004525434540817575,-205.68609015643597,37.842676611175776,,0.8811119377613068,
1076000,821.1909306049347,-193.96419203281403,32.82744759417738,-0.007070319983797768,10.245093727111817,0.7142708480358124,0.007801409514155244,-205.68609015643597,37.842676611175776,,0.9005892753601075,
1080000,823.9697668552399,-188.97412884235382,34.23400672951356,-0.005639282468240703,9.366389322280884,0.7552626311779023,0.004759210633346811,-205.68609015643597,37.842676611175776,,0.9228904128074646,
1084000,828.0163989067078,-193.84112322330475,31.71807258961596,-0.006122915040158361,11.731649398803711,0.7362167418003083,0.005206180372624658,-194.55130068212748,32.22751854186886,,0.9057928264141083,
1088000,830.7600102424622,-184.45373380184174,30.960882626253408,-0.00635942464252004,9.56604437828064,0.7130082368850708,0.002959060604606445,-194.55130068212748,32.22751854186886,,0.9336227238178253,
1092000,833.6590187549591,-193.0236897468567,28.906238203226263,-0.0070530354186582045,5.81824836730957,0.7188995480537415,0.004603212350048125,-194.55130068212748,32.22751854186886,,0.8352968871593476,
1096000,836.5374276638031,-189.97069931030273,24.907391846462787,-0.007934033608296875,5.494787788391113,0.7081523299217224,0.004832807074378565,-194.55130068212748,32.22751854186886,,0.8672140538692474,
1100000,839.4894344806671,-188.66305911540985,36.031180244176184,-0.005565660804742833,8.616740083694458,0.6892077207565308,0.0021725352853536606,-194.55130068212748,32.22751854186886,,0.8981027901172638,
1104000,842.3966953754425,-197.56070518493652,33.69238767015754,-0.006122710471041515,10.291103553771972,0.7420814216136933,0.0047990218590712175,-194.55130068212748,32.22751854186886,,0.798372483253479,
1108000,845.3375713825226,-184.81652975082397,30.46828267907157,-0.0066491972720250205,8.098799133300782,0.7282060086727142,0.004971757471367422,-194.55130068212748,32.22751854186886,,0.8051166236400604,
1112000,848.2395343780518,-194.15021920204163,34.47453775803497,-0.0070342747277269526,10.352241802215577,0.6804076254367828,0.004834305919551607,-194.55130068212748,32.22751854186886,,0.8134774208068848,
1116000,851.1366691589355,-189.8759058713913,35.459654397180195,-0.0063375524417497164,9.892130184173585,0.6964237809181213,0.005576984827173881,-194.55130068212748,32.22751854186886,,0.824597293138504,
1120000,854.0703806877136,-186.9622733592987,31.752832615822562,-0.006943300107183514,8.41398549079895,0.6924918293952942,0.008077064051758499,-194.55130068212748,32.22751854186886,,0.8321318209171296,
1124000,858.2450129985809,-196.09289932250977,35.87225669374123,-0.00806993254817403,7.506969928741455,0.6930259644985199,0.004788032741441128,-198.32956827431917,28.006281975894616,,0.8237770378589631,
1128000,861.1608352661133,-198.38592875003815,35.1325351977918,-0.0056357050663791595,9.10028166770935,0.6813167452812194,0.005243528183200397,-198.32956827431917,28.006281975894616,,0.8109073758125305,
1132000,864.0975952148438,-188.38518023490906,31.70314224130662,-0.006182320096064409,7.78102741241455,0.7012208938598633,0.003394304058863895,-198.32956827431917,28.006281975894616,,0.7894618511199951,
1136000,867.012796163559,-193.12068819999695,30.418160796812476,-0.005559187475514271,7.409505796432495,0.6782482266426086,0.004668745893635787,-198.32956827431917,28.006281975894616,,0.7985461592674256,
1140000,869.8881084918976,-193.31472063064575,31.54893208272409,-0.006718166948606541,8.86202130317688,0.6672171473503112,0.005240717605920509,-198.32956827431917,28.006281975894616,,0.8051410794258118,
1144000,872.8076486587524,-190.00041317939758,23.54517537987082,-0.008936311553853254,5.387511348724365,0.6754157364368438,0.007188723571016453,-198.32956827431917,28.006281975894616,,0.8335693895816803,
1148000,875.6992571353912,-193.1037609577179,30.123281318693042,-0.006456128793613391,7.307594251632691,0.7049679458141327,0.0044053473218809815,-198.32956827431917,28.006281975894616,,0.7591088891029358,
1152000,878.6158831119537,-190.00546741485596,29.42809621208259,-0.007211564728058883,7.609710025787353,0.7040152490139008,0.003069317148445405,-198.32956827431917,28.006281975894616,,0.7609116494655609,
1156000,881.5245122909546,-191.01146626472473,32.321671529716426,-0.007244326514812815,5.888271617889404,0.7214767217636109,0.004084950737887993,-198.32956827431917,28.006281975894616,,0.7222460567951202,
1160000,884.4422731399536,-197.02157425880432,34.771718590753444,-0.007482425571419293,11.857996654510497,0.7303898751735687,0.005019735911628231,-198.32956827431917,28.006281975894616,,0.7461761415004731,
1164000,888.6477656364441,-189.09435725212097,29.219041247370537,-0.00723386145833258,7.871483278274536,0.6889480769634246,0.002375251184799687,-198.3385487794876,32.06204802857007,,0.7892115771770477,
1168000,891.5647506713867,-192.95854425430298,32.38833716302836,-0.006498074603732684,7.265596199035644,0.8029563128948212,0.0023301124668214435,-198.3385487794876,32.06204802857007,,0.6454914093017579,
1172000,894.49369597435,-192.5340999364853,29.251044984060446,-0.008241135892768703,6.54431791305542,0.7759431362152099,0.008219495438970626,-198.3385487794876,32.06204802857007,,0.6832457184791565,
1176000,897.3807327747345,-183.7031351327896,29.403157526468377,-0.006255572931220144,7.496005964279175,0.7193046629428863,0.007164087836475463,-198.3385487794876,32.06204802857007,,0.6997132301330566,
1180000,900.322030544281,-184.8019154071808,29.613944571912608,-0.0062344800924572395,8.572615814208984,0.7428035616874695,0.005587271589320153,-198.3385487794876,32.06204802857007,,0.6799710929393769,
1184000,903.2550818920135,-190.8847119808197,36.98045345340217,-0.007797494094197966,8.43326096534729,0.6975601375102997,0.008308593742549419,-198.3385487794876,32.06204802857007,,0.7124691724777221,
1188000,906.2436168193817,-194.21142506599426,41.08162726297459,-0.007923870125164535,9.64504656791687,0.7293134391307831,0.00446809642203152,-198.3385487794876,32.06204802857007,,0.6923281967639923,
1192000,909.1802806854248,-189.91294145584106,32.723179200121685,-0.007951279578420057,8.437499952316283,0.6992396712303162,0.005188850497982189,-198.3385487794876,32.06204802857007,,0.7694160044193268,
1196000,912.1180641651154,-182.34828507900238,29.739689708120483,-0.007411896149472685,8.88247709274292,0.7019275069236756,0.007837714132620022,-198.3385487794876,32.06204802857007,,0.7099533796310424,
1200000,915.0448620319366,-188.9887125492096,27.71200406228626,-0.007685160690142467,6.6422380924224855,0.7132390558719635,0.005761640231047449,-198.3385487794876,32.06204802857007,,0.6890943825244904,
1204000,919.1782367229462,-184.48051488399506,33.51113870327634,-0.008509442595299354,7.584470796585083,0.7090062081813813,0.004910424985612494,-197.79197642952204,33.563264184770254,,0.7203259944915772,
1208000,922.1026284694672,-188.75422930717468,33.99695115747432,-0.009115126118529559,6.137468242645264,0.717391437292099,0.0038214723201235755,-197.79197642952204,33.563264184770254,,0.7084906220436096,
1212000,925.040342092514,-190.63504457473755,25.015805063716762,-0.008500325624675842,6.123448419570923,0.737430727481842,0.004480967822019011,-197.79197642952204,33.563264184770254,,0.6844186067581177,
1216000,927.959933757782,-198.22661685943604,31.587068279326203,-0.00709829396599283,10.123639106750488,0.7155754387378692,0.00363748342206236,-197.79197642952204,33.563264184770254,,0.6443971276283265,
1220000,930.8327672481537,-190.1651211977005,34.28259182666668,-0.008078202695430558,6.678252792358398,0.7111852526664734,0.0038174683228911375,-197.79197642952204,33.563264184770254,,0.6133572518825531,
1224000,933.5850868225098,-193.6878683567047,30.680665497286906,-0.008554260371873745,7.003404045104981,0.6854867279529572,0.0060551507078344,-197.79197642952204,33.563264184770254,,0.6602302134037018,
1228000,936.3508276939392,-192.96391892433167,30.298911884766195,-0.007803600351326168,6.514014434814453,0.6735025584697724,0.006073092278869296,-197.79197642952204,33.563264184770254,,0.6404418230056763,
1232000,939.1065731048584,-185.2904863357544,28.760767388628643,-0.007715268222615102,6.107375860214233,0.7422105073928833,0.004430692862602892,-197.79197642952204,33.563264184770254,,0.6292285799980164,
1236000,941.8642399311066,-190.50400614738464,28.16845475230806,-0.005431555688381185,8.444734144210816,0.7207682728767395,0.0037044048542156814,-197.79197642952204,33.563264184770254,,0.6346474409103393,
1240000,944.6175274848938,-192.41135942935944,35.962956743315175,-0.007594576326819769,8.763052129745484,0.7079193413257598,0.0021017898638965526,-197.79197642952204,33.563264184770254,,0.6655153393745422,
1244000,948.6967897415161,-191.98109829425812,32.72580213761432,-0.005217331709029782,8.897782564163208,0.6896985948085785,0.005173042348042767,-197.80029053986073,31.237679327338807,,0.6572017014026642,
1248000,951.5338099002838,-189.7031397819519,32.92443369890768,-0.0068164300985324115,11.993519496917724,0.6849321305751801,0.0036705382168293,-197.80029053986073,31.237679327338807,,0.7047039866447449,
1252000,954.4481341838837,-190.75874042510986,32.26690641152683,-0.004285954005317905,11.971362972259522,0.7192519962787628,0.003965269769852409,-197.80029053986073,31.237679327338807,,0.6859239220619202,
1256000,957.2210094928741,-187.48476314544678,30.85154696216939,-0.008616560256419081,8.251290273666381,0.6944946587085724,0.006099117202218629,-197.80029053986073,31.237679327338807,,0.5882186591625214,
1260000,960.0077617168427,-194.21442651748657,36.879224650431674,-0.006361986041379453,9.892868518829346,0.692375248670578,0.005002264383394506,-197.80029053986073,31.237679327338807,,0.6651102602481842,
1264000,962.9129378795624,-191.28101634979248,28.04458302267747,-0.008337172084177525,5.25582103729248,0.7137029349803925,0.0059451054364133785,-197.80029053986073,31.237679327338807,,0.7012290716171264,
1268000,965.8349590301514,-192.41423082351685,33.06312191414294,-0.006795081419249361,8.490976810455322,0.7080429673194886,0.006115041015436873,-197.80029053986073,31.237679327338807,,0.698473972082138,
1272000,968.7452487945557,-195.88500082492828,34.26027739475488,-0.006196224894374591,9.231039810180665,0.7042981863021851,0.004675498788128607,-197.80029053986073,31.237679327338807,,0.649543035030365,
1276000,971.6431391239166,-191.95545649528503,35.60920119160037,-0.006192540475633024,12.597933769226074,0.6836562752723694,0.003912020545976702,-197.80029053986073,31.237679327338807,,0.6360163152217865,
1280000,974.6042151451111,-192.2983844280243,36.970423756658775,-0.0054514499180173814,13.45010690689087,0.6544535338878632,0.004533377671575511,-197.80029053986073,31.237679327338807,,0.6745033025741577,
1284000,978.7764177322388,-195.3999617099762,32.961745192388136,-0.007420883609292517,7.14195146560669,0.6742965817451477,0.004262636916246265,-199.88822799921036,32.85605223731859,,0.6706304311752319,
1288000,981.6794707775116,-199.09115302562714,33.99183060539658,-0.006170799312026532,11.464231586456298,0.6352260172367096,0.0034917430515633897,-199.88822799921036,32.85605223731859,,0.6766412615776062,
1292000,984.6163539886475,-190.8323974609375,35.19385236376205,-0.005749272984491327,7.726414680480957,0.6323681592941284,0.002990068132290624,-199.88822799921036,32.85605223731859,,0.6784489631652832,
1296000,987.5397596359253,-189.37309908866882,31.85652770607193,-0.005644811687680473,7.446854829788208,0.6055072605609894,0.005887207790743559,-199.88822799921036,32.85605223731859,,0.6701262712478637,
1300000,990.4782938957214,-196.51523876190186,31.856453764999145,-0.008018213900271798,9.293939542770385,0.5917842447757721,0.004180378246019245,-199.88822799921036,32.85605223731859,,0.7023606717586517,
1304000,993.3874261379242,-191.6484501361847,35.30592708338986,-0.00555223730439316,11.099756813049316,0.630890554189682,0.0029455267968199637,-199.88822799921036,32.85605223731859,,0.6497265100479126,
1308000,996.2869100570679,-192.26031696796417,31.823101948877845,-0.005317698769271395,8.75666069984436,0.5835122346878052,0.005966682819416746,-199.88822799921036,32.85605223731859,,0.7679519593715668,
1312000,999.2196543216705,-194.89720582962036,31.51005272688347,-0.005812578899941112,7.148146057128907,0.6322429955005646,0.00314929861924611,-199.88822799921036,32.85605223731859,,0.7144079983234406,
1316000,1002.1312079429626,-196.91407299041748,28.80113426300557,-0.008327434598778716,8.824168491363526,0.6416566073894501,0.0019531983300112186,-199.88822799921036,32.85605223731859,,0.6536182641983033,
1320000,1005.0472755432129,-200.1990761756897,36.13075753248789,-0.005369170704701354,9.912746810913086,0.5809710621833801,0.0049306682630752665,-199.88822799921036,32.85605223731859,,0.7772858262062072,
1324000,1009.161226272583,-193.37797808647156,41.71756205570829,-0.005967235756261896,11.600148391723632,0.6586702466011047,0.0021242736148415985,-194.44517072290182,34.77637314769072,,0.6828205287456512,
1328000,1012.0322892665863,-190.81185007095337,33.63040348109376,-0.005976886744145293,8.12290334701538,0.6096712708473205,0.0037594039516989143,-194.44517072290182,34.77637314769072,,0.7137948334217071,
1332000,1014.9603006839752,-195.3865430355072,29.958828901617615,-0.006092766508925695,8.784241533279419,0.6200038135051728,0.005468103604400909,-194.44517072290182,34.77637314769072,,0.6591012299060821,
1336000,1017.8733792304993,-187.83049929141998,35.51924879430737,-0.007621310540164572,8.694427442550658,0.6035179436206818,0.009181729052215815,-194.44517072290182,34.77637314769072,,0.7504907786846161,
1340000,1020.8172619342804,-183.856982588768,35.108303468385174,-0.005736749014506781,9.854025983810425,0.6314659953117371,0.005365269112323112,-194.44517072290182,34.77637314769072,,0.7031137526035309,
1344000,1023.7599487304688,-191.92828452587128,34.578902042495606,-0.007182005887540699,12.643735599517822,0.6575906991958618,0.002779796253113709,-194.44517072290182,34.77637314769072,,0.7258118093013763,
1348000,1026.700837612152,-183.30462086200714,30.162271421882046,-0.007430104988316799,6.836817979812622,0.6708232939243317,0.0050550875253975395,-194.44517072290182,34.77637314769072,,0.6977996826171875,
1352000,1029.6401290893555,-191.4417849779129,31.576095195351996,-0.007558968284477707,6.389561367034912,0.6776373744010925,0.006295956228859723,-194.44517072290182,34.77637314769072,,0.6959995687007904,
1356000,1032.5644018650055,-190.51646399497986,27.1309228876501,-0.005520319130116391,12.913740158081055,0.6770338773727417,0.0026178198021759025,-194.44517072290182,34.77637314769072,,0.6929855108261108,
1360000,1035.482405424118,-186.41999232769012,28.41453541955227,-0.007378187488764532,11.42949800491333,0.7081280708312988,0.0038183579497854227,-194.44517072290182,34.77637314769072,,0.6501115083694458,
1364000,1039.6381900310516,-183.40241539478302,30.085838919630326,-0.009499608615102951,10.972027587890626,0.68475461602211,0.006545696267858147,-190.23705291748047,33.9092994021182,,0.6743628084659576,
1368000,1042.566813468933,-193.00808608531952,30.673559114804263,-0.007594837553178269,6.244426250457764,0.6486878454685211,0.004085307625427958,-190.23705291748047,33.9092994021182,,0.7287275910377502,
1372000,1045.5391080379486,-187.1275908946991,31.2839664967028,-0.007476725413153584,9.024795961380004,0.6571172654628754,0.004761652706656605,-190.23705291748047,33.9092994021182,,0.6895278334617615,
1376000,1048.527203321457,-189.2194905281067,33.176653398998724,-0.008306509319071953,6.483932447433472,0.6653553485870362,0.0059842776192041815,-190.23705291748047,33.9092994021182,,0.6834240615367889,
1380000,1051.4697020053864,-187.44244349002838,27.285005755442832,-0.006978230410876485,7.778554439544678,0.655172997713089,0.005305491620674729,-190.23705291748047,33.9092994021182,,0.7018010795116425,
1384000,1054.4234330654144,-188.4483335018158,28.70421351184628,-0.007671827763319072,8.50404725074768,0.711706566810608,0.004098783951485529,-190.23705291748047,33.9092994021182,,0.6349257707595826,
1388000,1057.3885822296143,-189.6643464565277,31.125606406445755,-0.008187582929929094,6.983979177474976,0.7067736148834228,0.002823253863607533,-190.23705291748047,33.9092994021182,,0.6534339010715484,
1392000,1060.3378338813782,-192.4659767150879,28.85130724482905,-0.006707957223057726,10.151132678985595,0.748711234331131,0.0035730786619436296,-190.23705291748047,33.9092994021182,,0.6951397776603698,
1396000,1063.2570476531982,-192.6666270494461,29.440712927637524,-0.007081875594643261,9.833306980133056,0.7956554353237152,0.007137820027225341,-190.23705291748047,33.9092994021182,,0.6154406309127808,
1400000,1066.2302260398865,-194.59666991233826,36.673539364455245,-0.0033699618708341816,12.650639152526855,0.734488558769226,0.004270551069329187,-190.23705291748047,33.9092994021182,,0.6612447381019593,
1404000,1070.2816331386566,-197.0194754600525,37.07682763876935,-0.006647252966339501,10.960571193695069,0.7163629293441772,0.00594259802671151,-193.40062529593706,34.7228365873158,,0.7191588103771209,
1408000,1073.0298626422882,-191.25182974338531,30.734689850854334,-0.005107306990384419,7.379002618789673,0.6494989335536957,0.007148733370782168,-193.40062529593706,34.7228365873158,,0.6354911029338837,
1412000,1075.8351023197174,-194.2185138463974,31.22056956967016,-0.0077505137162903635,7.465265798568725,0.6330423772335052,0.004986485408153385,-193.40062529593706,34.7228365873158,,0.7288750469684601,
1416000,1078.6735589504242,-189.45063614845276,30.806470565518936,-0.00827685267524796,8.5752103805542,0.6939930498600007,0.005094713025027886,-193.40062529593706,34.7228365873158,,0.6504977822303772,
1420000,1081.611690044403,-194.03848528862,29.02812169448415,-0.005153372420541302,8.927760934829712,0.666814637184143,0.0043988396906158135,-193.40062529593706,34.7228365873158,,0.6426621973514557,
1424000,1084.534187555313,-199.81220841407776,37.53094404808419,-0.0059893026960392785,9.059798240661621,0.6463934898376464,0.001697765553399222,-193.40062529593706,34.7228365873158,,0.7653239727020263,
1428000,1087.5266184806824,-193.70256686210632,32.1428194896395,-0.008982812625356029,8.970066595077515,0.6334075272083283,0.006707621202804148,-193.40062529593706,34.7228365873158,,0.7168740212917328,
1432000,1090.4688687324524,-197.46538078784943,35.39379909787473,-0.0060291651718628715,8.293253660202026,0.6530812382698059,0.004148316234932281,-193.40062529593706,34.7228365873158,,0.6759372353553772,
1436000,1093.401932477951,-197.96330308914185,33.87964617575226,-0.0053400639271130815,12.14007272720337,0.6557184219360351,0.00399395550484769,-193.40062529593706,34.7228365873158,,0.6987614512443543,
1440000,1096.3141310214996,-193.508398771286,35.15365688335506,-0.006057201249835398,7.851950836181641,0.6640960812568665,0.0050803790130885314,-193.40062529593706,34.7228365873158,,0.712291556596756,
1444000,1100.4694373607635,-192.31376338005066,27.211154254632525,-0.008140918846552658,5.499457502365113,0.6663189888000488,0.005927766183231142,-195.4770265519619,27.772208353894996,,0.6636828422546387,
1448000,1103.3984155654907,-187.19678509235382,32.23559980751588,-0.00811731383359664,6.996590614318848,0.6714522898197174,0.0068205521288327905,-195.4770265519619,27.772208353894996,,0.6952281296253204,
1452000,1106.303611278534,-197.50132083892822,38.17693599384646,-0.005001486528509602,9.713208389282226,0.6834355235099793,0.003951764217345044,-195.4770265519619,27.772208353894996,,0.6643585920333862,
1456000,1109.2340669631958,-195.18171894550323,34.92992080030138,-0.0068914902034835634,9.340297985076905,0.6706067323684692,0.005419940780848264,-195.4770265519619,27.772208353894996,,0.6582142353057862,
1460000,1112.1937861442566,-190.6797206401825,30.465380940169492,-0.0067387259473713716,8.485953187942505,0.6636884033679962,0.004128615403858315,-195.4770265519619,27.772208353894996,,0.67634197473526,
1464000,1115.1420454978943,-191.53171122074127,35.77354456263295,-0.006855351636962404,7.834626817703247,0.7289683997631073,0.007407760249295592,-195.4770265519619,27.772208353894996,,0.6273102700710297,
1468000,1118.0702319145203,-194.84806430339813,35.92888302351959,-0.008669769603914279,7.579121541976929,0.705726832151413,0.005039325243327753,-195.4770265519619,27.772208353894996,,0.6671351313591003,
1472000,1120.9420766830444,-189.57532155513763,33.92570360890095,-0.007580190900092365,6.619004440307617,0.6827694058418274,0.006084907741751522,-195.4770265519619,27.772208353894996,,0.7054304957389832,
1476000,1123.7160997390747,-191.0802059173584,33.42583129559297,-0.004782894791802406,9.529170179367066,0.6287584424018859,0.005184484122243394,-195.4770265519619,27.772208353894996,,0.7084886372089386,
1480000,1126.6062700748444,-191.05200326442719,36.54178174200361,-0.007234650749092309,9.011235618591309,0.673821610212326,0.0025290526034950746,-195.4770265519619,27.772208353894996,,0.6538930773735047,
1484000,1130.7916233539581,-197.57613277435303,34.5511561635463,-0.008684101614325002,7.0906589984893795,0.6481169879436492,0.006264057886941998,-193.72321411967278,29.51523241781593,,0.704595148563385,
1488000,1133.7302539348602,-200.18367767333984,33.84874986299172,-0.005389305803614341,8.994980001449585,0.6794435381889343,0.0039006304315989835,-193.72321411967278,29.51523241781593,,0.6536853790283204,
1492000,1136.7320291996002,-193.93789052963257,29.614218090549645,-0.007693722458556351,6.837863874435425,0.7162429869174958,0.0031097873172257094,-193.72321411967278,29.51523241781593,,0.6338348627090454,
1496000,1139.6828796863556,-194.5633555650711,34.05895263736817,-0.0061680804154990556,8.172322130203247,0.6552349627017975,0.0055540813105180884,-193.72321411967278,29.51523241781593,,0.7014028489589691,
1500000,1142.6233854293823,-191.1903828382492,35.56585469410579,-0.007402799679043959,6.47255859375,0.7071875870227814,0.004045396402943879,-193.72321411967278,29.51523241781593,,0.6456718146800995,
1504000,1145.5706253051758,-190.8106336593628,33.67015836867024,-0.006708587021411638,9.538737058639526,0.6929269254207611,0.0027371027153956008,-193.72321411967278,29.51523241781593,,0.6481037259101867,
1508000,1148.5104532241821,-194.38115096092224,31.904897355642756,-0.005535880558658413,8.385143804550172,0.6923456907272338,0.004345199560339097,-193.72321411967278,29.51523241781593,,0.5901453912258148,
1512000,1151.4475190639496,-191.3518226146698,33.875387065068175,-0.006882863939894968,9.389732074737548,0.7221487402915955,0.006825958702092372,-193.72321411967278,29.51523241781593,,0.6649297654628754,
1516000,1154.349535226822,-195.1382840871811,31.369871213053173,-0.007238687718752778,11.676523113250733,0.7143614709377288,0.006504043215652988,-193.72321411967278,29.51523241781593,,0.641765832901001,
1520000,1157.2665243148804,-199.79387784004211,29.119025069755175,-0.008272684340675652,8.446279811859132,0.7428142011165619,0.005792088460293598,-193.72321411967278,29.51523241781593,,0.6521115481853486,
1524000,1161.4264731407166,-191.21241331100464,31.150247089202857,-0.006419804953659636,8.180237817764283,0.6545939683914185,0.004428953066235408,-199.894745439291,35.07444111707234,,0.6875347971916199,
1528000,1164.3745739459991,-197.2366235256195,31.784953854635212,-0.005525544980851294,7.9748297214508055,0.7055952489376068,0.004851870393031277,-199.894745439291,35.07444111707234,,0.6295012056827545,
1532000,1167.3061106204987,-196.29643404483795,35.47310561978087,-0.005722294441889986,10.029605484008789,0.6498279750347138,0.005695539381122217,-199.894745439291,35.07444111707234,,0.6416410326957702,
1536000,1170.215768814087,-194.32872891426086,36.16258386105438,-0.007561103358243848,7.521138000488281,0.7245201349258423,0.003297510148074556,-199.894745439291,35.07444111707234,,0.6529870927333832,
1540000,1173.1221451759338,-194.00081312656403,38.32611868598064,-0.007368180722619089,10.330611228942871,0.6817055642604828,0.008659693237549315,-199.894745439291,35.07444111707234,,0.6283938348293304,
1544000,1176.0697112083435,-191.6157350540161,34.377739884685624,-0.007344092069348962,7.949264049530029,0.7185803353786469,0.004066854193146963,-199.894745439291,35.07444111707234,,0.6731149137020112,
1548000,1179.035975933075,-196.40564453601837,34.339399395291295,-0.008181700153897253,6.938519620895386,0.7133582353591919,0.0059643075963637495,-199.894745439291,35.07444111707234,,0.6601219236850738,
1552000,1181.910264492035,-193.381587266922,33.315532652527445,-0.009036919970686253,7.371751403808593,0.7328373312950134,0.01077998757828027,-199.894745439291,35.07444111707234,,0.6520338118076324,
1556000,1184.8151967525482,-193.88504266738892,32.0173170596925,-0.007449078389753882,5.44868106842041,0.7017162561416626,0.005372688074567122,-199.894745439291,35.07444111707234,,0.6315724134445191,
1560000,1187.7118411064148,-201.10778677463531,43.973968441845734,-0.008374900873595159,6.951814603805542,0.7124964237213135,0.00899885731004182,-199.894745439291,35.07444111707234,,0.6936515927314758,
1564000,1191.8574712276459,-186.96163725852966,31.686727673952753,-0.008000870410818628,7.8950294017791744,0.7213191986083984,0.007931313040899113,-195.9500761181116,34.74484579167768,,0.6313768804073334,
1568000,1194.7519764900208,-189.9388620853424,32.15518458402386,-0.0067258981036332766,6.337653017044067,0.681534719467163,0.00546553980764779,-195.9500761181116,34.74484579167768,,0.6184848964214325,
1572000,1197.6718661785126,-193.32579934597015,32.555060009022974,-0.005904822508339081,6.834978008270264,0.687271636724472,0.007070191891398281,-195.9500761181116,34.74484579167768,,0.636196768283844,
1576000,1200.5802478790283,-190.3607633113861,32.48299361842608,-0.008109623456063452,5.963625526428222,0.6650069952011108,0.004154591663430196,-195.9500761181116,34.74484579167768,,0.6005052208900452,
1580000,1203.4832434654236,-189.61073756217957,31.155097987512466,-0.007412824005975071,7.338211154937744,0.7393065810203552,0.006618587298784462,-195.9500761181116,34.74484579167768,,0.5953885316848755,
1584000,1206.3925411701202,-190.72218537330627,30.626553409878916,-0.007306306660020101,6.7583211898803714,0.7017953872680665,0.0060866165236802775,-195.9500761181116,34.74484579167768,,0.5925562798976898,
1588000,1209.3057861328125,-195.23321855068207,40.88593216753315,-0.006223343103037493,12.946634483337402,0.7213957965373993,0.006423676336999052,-195.9500761181116,34.74484579167768,,0.5806118071079254,
1592000,1212.209727048874,-195.7839117050171,36.14690284955016,-0.007318993368186,6.643590831756592,0.6943861842155457,0.006981424021068961,-195.9500761181116,34.74484579167768,,0.5705439686775208,
1596000,1215.1343657970428,-188.1820969581604,30.891502013889543,-0.007721478071529475,6.27674617767334,0.7122814059257507,0.004468111781170592,-195.9500761181116,34.74484579167768,,0.6045724093914032,
1600000,1218.0438659191132,-192.07255959510803,36.75259286752584,-0.006458052534687652,10.237086200714112,0.7044683992862701,0.007221693760948255,-195.9500761181116,34.74484579167768,,0.5814707040786743,
1604000,1222.142026424408,-189.59646892547607,29.80070438431966,-0.003328361345843156,9.210750484466553,0.6434346854686737,0.005860719339766884,-198.10439136624336,28.768772493278888,,0.6353459775447845,
1608000,1225.0833885669708,-192.02347028255463,30.921044495165035,-0.007682878305049101,6.577648448944092,0.6511705338954925,0.0052706466522067785,-198.10439136624336,28.768772493278888,,0.6443687438964844,
1612000,1227.993814945221,-186.75381219387054,31.292928618217392,-0.007678078883793215,6.829418134689331,0.6750308454036713,0.00401397273472206,-198.10439136624336,28.768772493278888,,0.6387559711933136,
1616000,1230.911325931549,-198.14417123794556,33.449345926173585,-0.007059209914257125,7.098168802261353,0.5988020360469818,0.006516629940597341,-198.10439136624336,28.768772493278888,,0.5897725343704223,
1620000,1233.799017906189,-191.84449434280396,36.359019055358885,-0.00788671071082354,9.706521940231323,0.5862978875637055,0.010570416343398392,-198.10439136624336,28.768772493278888,,0.5678469240665436,
1624000,1236.7003529071808,-198.31230640411377,40.44688021537218,-0.007659491055334566,8.616117668151855,0.5898132383823395,0.0027257242065388708,-198.10439136624336,28.768772493278888,,0.6143657147884369,
1628000,1239.5919404029846,-199.05197858810425,34.23173594266875,-0.008378775062349852,6.101659965515137,0.5712759256362915,0.0049856283568662,-198.10439136624336,28.768772493278888,,0.6082579612731933,
1632000,1242.509789466858,-189.76032876968384,28.58310197349775,-0.006814262556067341,7.581730842590332,0.5939492523670197,0.00849819314898923,-198.10439136624336,28.768772493278888,,0.5488753259181977,
1636000,1245.4320695400238,-194.24391281604767,34.26480375871468,-0.0076115993003671445,7.03399510383606,0.5829577445983887,0.003725340425444301,-198.10439136624336,28.768772493278888,,0.6240368664264679,
1640000,1248.3753299713135,-189.69449496269226,35.04924406695014,-0.006755627875216308,6.9076117992401125,0.6078914642333985,0.0029810028005158528,-198.10439136624336,28.768772493278888,,0.5491762161254883,
1644000,1252.4375376701355,-193.57733249664307,35.38196706260738,-0.004809716298943378,8.664797258377074,0.6277947723865509,0.002808676255517639,-199.05846332758665,32.56055036127924,,0.5406209707260132,
1648000,1255.3344345092773,-191.01514959335327,38.025452009270744,-0.007872952347931773,10.191130352020263,0.6146568298339844,0.0048228309721841,-199.05846332758665,32.56055036127924,,0.5692127048969269,
1652000,1258.2459919452667,-190.0527126789093,38.57638728543221,-0.007512555841666923,8.14693751335144,0.5714150607585907,0.007201672363095035,-199.05846332758665,32.56055036127924,,0.5415708124637604,
1656000,1261.2011630535126,-187.38875722885132,32.424817879126095,-0.008614496858945752,6.616289663314819,0.6064327299594879,0.007232234547535588,-199.05846332758665,32.56055036127924,,0.5506795823574067,
1660000,1264.0998396873474,-192.39694094657898,32.56122539521491,-0.006633383958445283,8.461147022247314,0.5603263735771179,0.006007033927676586,-199.05846332758665,32.56055036127924,,0.5923185348510742,
1664000,1267.0442640781403,-194.8729543685913,28.01648839954318,-0.007247174491484959,5.75801796913147,0.6525017261505127,0.007320138567592949,-199.05846332758665,32.56055036127924,,0.5262087702751159,
1668000,1269.9375336170197,-191.03026294708252,33.17429104100858,-0.008069255899327388,7.30860390663147,0.661093407869339,0.004224243435028896,-199.05846332758665,32.56055036127924,,0.5043014049530029,
1672000,1272.8486359119415,-188.62892019748688,30.533001449611252,-0.0066734385217227295,7.742671394348145,0.6107325673103332,0.0022236638075749937,-199.05846332758665,32.56055036127924,,0.5449726343154907,
1676000,1275.7462146282196,-195.73411226272583,35.58298428506618,-0.008135375195027805,8.403196096420288,0.61739541888237,0.007489132665602227,-199.05846332758665,32.56055036127924,,0.49688419997692107,
1680000,1278.531265258789,-191.46457588672638,36.8565780317962,-0.007355489582599439,8.532697820663453,0.5637529551982879,0.005242666276210617,-199.05846332758665,32.56055036127924,,0.5625584840774536,
1684000,1282.5753877162933,-198.10222280025482,34.05855203275088,-0.007544818405682818,7.503222036361694,0.6352107584476471,0.0048384215901023705,-195.62159948050976,32.04757560347117,,0.49755037426948545,
1688000,1285.3282968997955,-189.75015461444855,37.04868395634331,-0.006303974014008418,7.571826791763305,0.677256166934967,0.00399806586272704,-195.62159948050976,32.04757560347117,,0.5499208688735961,
1692000,1288.0616087913513,-185.4172501564026,30.632794293552205,-0.007030843851001301,7.9854371547698975,0.636988353729248,0.006327688191823366,-195.62159948050976,32.04757560347117,,0.5456894159317016,
1696000,1290.7832171916962,-193.2635633945465,33.853370431007065,-0.007450629662722363,7.434654188156128,0.6550953149795532,0.007488634309265762,-195.62159948050976,32.04757560347117,,0.5094905078411103,
1700000,1293.4944126605988,-194.65462374687195,31.945033904920912,-0.008574619938929917,7.2664711475372314,0.6151034951210022,0.005939296110843628,-195.62159948050976,32.04757560347117,,0.5806006371974946,
1704000,1296.209725856781,-193.39644348621368,37.013935641028134,-0.007708127140377963,6.289839744567871,0.6099854290485383,0.007307897754013537,-195.62159948050976,32.04757560347117,,0.5358744025230407,
1708000,1298.9220719337463,-197.73019170761108,33.179153767645516,-0.005986097509507094,8.800524187088012,0.6305388152599335,0.005656385092219995,-195.62159948050976,32.04757560347117,,0.4991296738386154,
1712000,1301.634747505188,-185.59628880023956,30.425957737092556,-0.005858337406069047,6.992425346374512,0.6333557307720185,0.005185606212743288,-195.62159948050976,32.04757560347117,,0.5344992816448212,
1716000,1304.36368060112,-191.4251148700714,38.432467613084135,-0.006944056465290505,8.503485012054444,0.6674642741680146,0.007847830559747937,-195.62159948050976,32.04757560347117,,0.5233137845993042,
1720000,1307.0949416160583,-187.33591890335083,30.377761489488112,-0.007751387548788102,5.111143970489502,0.6386796593666076,0.006193021404033061,-195.62159948050976,32.04757560347117,,0.47005942463874817,
1724000,1311.0815453529358,-191.08351254463196,30.253103351097085,-0.004989245904919981,9.591161346435547,0.6169367372989655,0.004091827165170514,-194.2574632614851,30.133895224185096,,0.4975198209285736,
1728000,1313.8485887050629,-185.38883686065674,30.84612471236234,-0.00418989580714455,9.456177711486816,0.6208493709564209,0.003345533611718565,-194.2574632614851,30.133895224185096,,0.5470714330673218,
1732000,1316.620331287384,-188.44653832912445,37.618295950419,-0.008527570554675989,4.896085715293884,0.6442206621170044,0.004525797984388191,-194.2574632614851,30.133895224185096,,0.5111806988716125,
1736000,1319.5373785495758,-190.52951776981354,40.554796054343946,-0.007991913908316306,7.900985050201416,0.5934437453746796,0.005594314922113064,-194.2574632614851,30.133895224185096,,0.5521097421646118,
1740000,1322.4375820159912,-192.6724398136139,26.810697487942882,-0.009184048790484668,5.2594709396362305,0.6016047298908234,0.008502120047342032,-194.2574632614851,30.133895224185096,,0.5330227375030517,
1744000,1325.3397772312164,-196.27869772911072,34.75040178134603,-0.006816223864909254,8.063272333145141,0.588857090473175,0.0036500039519742344,-194.2574632614851,30.133895224185096,,0.5474980235099792,
1748000,1328.2236604690552,-207.94157648086548,39.935482458546936,-0.005763386391568925,10.969052696228028,0.6338258802890777,0.004705849278252572,-194.2574632614851,30.133895224185096,,0.49410473704338076,
1752000,1331.124264717102,-190.30257058143616,32.898396491559424,-0.007146822511528939,7.413085126876831,0.6219973802566529,0.004897831942575692,-194.2574632614851,30.133895224185096,,0.5164354681968689,
1756000,1334.036880016327,-190.0655961036682,39.30503772957759,-0.005172062841399283,9.371412181854248,0.6309927046298981,0.004964412690605968,-194.2574632614851,30.133895224185096,,0.49633704125881195,
1760000,1336.9126613140106,-191.21325254440308,36.87901000025588,-0.0052002667974059506,7.1516680240631105,0.6337445855140686,0.007684918167069554,-194.2574632614851,30.133895224185096,,0.4843368589878082,
1764000,1341.0578486919403,-187.1316101551056,30.282711468299368,-0.004569447528415616,8.764314556121827,0.6275576531887055,0.0031400584140016453,-192.77130104601383,34.81192438949756,,0.5089300274848938,
1768000,1343.9730823040009,-191.12585425376892,29.36413401488603,-0.00572945282895434,7.713842582702637,0.5850891828536987,0.004669338266830891,-192.77130104601383,34.81192438949756,,0.5497593343257904,
1772000,1346.7405543327332,-188.85788679122925,36.21832869883388,-0.005072954994238277,7.995716619491577,0.6335549175739288,0.0035312542677274905,-192.77130104601383,34.81192438949756,,0.5751280665397644,
1776000,1349.4932329654694,-193.29047739505768,27.80884981248248,-0.00555239994435901,7.2335762023925785,0.6312964558601379,0.0053722135319064,-192.77130104601383,34.81192438949756,,0.496183505654335,
1780000,1352.2668585777283,-201.9798812866211,36.295533902897866,-0.005998689065842555,6.8108241081237795,0.5761646389961242,0.003740716942353206,-192.77130104601383,34.81192438949756,,0.510513573884964,
1784000,1355.1746790409088,-185.25156247615814,28.791405267365498,-0.006051510728041975,5.729885101318359,0.5613889276981354,0.0044171754388759865,-192.77130104601383,34.81192438949756,,0.5328302621841431,
1788000,1358.0885422229767,-189.3975385427475,32.880732786110904,-0.006163075323992828,8.446046400070191,0.582559221982956,0.004706829431233928,-192.77130104601383,34.81192438949756,,0.5347061693668366,
1792000,1361.0274879932404,-194.23927688598633,33.70214163942386,-0.006681604185296841,7.7508117198944095,0.6099761545658111,0.0034077942778822034,-192.77130104601383,34.81192438949756,,0.4973558813333511,
1796000,1363.9477965831757,-194.39660120010376,34.33459355558433,-0.006938156115356797,10.026139545440675,0.6283050954341889,0.004254395253801113,-192.77130104601383,34.81192438949756,,0.49905125200748446,
1800000,1366.8326139450073,-188.74364113807678,33.94775221052541,-0.008648327864085559,8.064992475509644,0.704414713382721,0.007437560585094616,-192.77130104601383,34.81192438949756,,0.43452989757061006,
1804000,1370.934054851532,-195.88874065876007,37.23734970909146,-0.007194968851128003,11.170902538299561,0.6919800519943238,0.005152268575756657,-199.1470059901476,35.185991292185456,,0.4711315453052521,
1808000,1373.7588682174683,-190.79159832000732,28.95706553169468,-0.007886436765392624,8.460213756561279,0.6800499379634857,0.00550043271431544,-199.1470059901476,35.185991292185456,,0.5071777701377869,
1812000,1376.667652130127,-195.58437633514404,30.750368566607925,-0.007644245021821305,8.650584888458251,0.681853061914444,0.003127841757668648,-199.1470059901476,35.185991292185456,,0.47067852020263673,
1816000,1379.5633516311646,-190.2781081199646,32.111290955174866,-0.009903306304477156,8.88164472579956,0.7095855355262757,0.003583256517187694,-199.1470059901476,35.185991292185456,,0.5070030987262726,
1820000,1382.4653058052063,-192.09023594856262,31.137323176158322,-0.00640362311480569,8.678215265274048,0.7309962987899781,0.005098513299870933,-199.1470059901476,35.185991292185456,,0.4387660354375839,
1824000,1385.3538811206818,-187.74442446231842,34.3027870465195,-0.006805969484926422,10.581456661224365,0.7209778904914856,0.00391602468118073,-199.1470059901476,35.185991292185456,,0.46570347249507904,
1828000,1388.2601504325867,-199.487863779068,35.83421367950641,-0.010642601112835104,7.230381727218628,0.707243126630783,0.007455998369162753,-199.1470059901476,35.185991292185456,,0.4991554766893387,
1832000,1391.1764073371887,-189.46972036361694,29.188279899871027,-0.007431304954768514,6.080006694793701,0.6791334807872772,0.004459758101438638,-199.1470059901476,35.185991292185456,,0.469775652885437,
1836000,1394.0737385749817,-193.20318794250488,32.21798571709763,-0.006257131775220237,10.090819835662842,0.6978667616844177,0.0047560786681716035,-199.1470059901476,35.185991292185456,,0.48582562506198884,
1840000,1396.986466884613,-196.01418507099152,36.65025460942137,-0.008692437028667576,6.929995489120484,0.6795476198196411,0.002176570969439728,-199.1470059901476,35.185991292185456,,0.5227892518043518,
1844000,1401.1019642353058,-189.46103596687317,29.947434330942468,-0.007832356319607525,6.731290054321289,0.7054161250591278,0.0023726363594954282,-197.7714454382658,32.41040012353597,,0.5159938633441925,
1848000,1403.9933366775513,-196.12000012397766,32.23741000402279,-0.008089013612363517,9.130504512786866,0.6935151219367981,0.009509187426573362,-197.7714454382658,32.41040012353597,,0.4532159596681595,
1852000,1406.7713441848755,-194.77245903015137,30.286365010422244,-0.006789752069550214,9.694129419326782,0.6756054639816285,0.009305490194354204,-197.7714454382658,32.41040012353597,,0.5253279030323028,
1856000,1409.7089726924896,-195.17020773887634,30.17560375199242,-0.008322235278629898,9.552106046676636,0.6458464324474334,0.008865868687280454,-197.7714454382658,32.41040012353597,,0.5033493936061859,
1860000,1412.6255884170532,-196.7936054468155,40.26615281413314,-0.006198238075400475,8.6577805519104,0.681366789340973,0.006018669396871701,-197.7714454382658,32.41040012353597,,0.5095027446746826,
1864000,1415.4523224830627,-197.67310619354248,31.721006807276087,-0.0061904439375116025,8.76755313873291,0.6600705802440643,0.0046422656624733214,-197.7714454382658,32.41040012353597,,0.5331921577453613,
1868000,1418.346704006195,-180.88803958892822,31.331575627269626,-0.0056404702821746255,7.401735401153564,0.6977231442928314,0.0045216787207369435,-197.7714454382658,32.41040012353597,,0.4902700692415237,
1872000,1421.2467396259308,-188.17456603050232,30.778711647992925,-0.0073718710954611575,7.030428552627564,0.6850482106208802,0.006046037940541283,-197.7714454382658,32.41040012353597,,0.5108988165855408,
1876000,1424.136712551117,-192.05966019630432,31.891020479806446,-0.006755296544792744,8.66981382369995,0.6920777916908264,0.0054509089037310336,-197.7714454382658,32.41040012353597,,0.46764373779296875,
1880000,1427.0264596939087,-192.9810961484909,32.445539268317376,-0.006858902746035423,9.9658034324646,0.7022137343883514,0.00621323773226079,-197.7714454382658,32.41040012353597,,0.4650240451097488,
1884000,1431.0923829078674,-187.81455552577972,31.24121663301745,-0.007868042673605214,9.514156579971313,0.7192027390003204,0.008802135626319795,-196.9373433664441,33.566461981578534,,0.4793990641832352,
1888000,1433.9631569385529,-189.41514897346497,33.32106229308571,-0.006615608227904879,9.159207439422607,0.6664309144020081,0.0059508928912691775,-196.9373433664441,33.566461981578534,,0.49335216283798217,
1892000,1436.8358545303345,-188.62594878673553,27.018734142706016,-0.008674761574094525,5.531632757186889,0.7289501130580902,0.0094916783462589,-196.9373433664441,33.566461981578534,,0.48145816624164584,
1896000,1439.6879966259003,-197.78344774246216,34.71771692276709,-0.009673176893343526,6.766661357879639,0.7216736376285553,0.00715330679086037,-196.9373433664441,33.566461981578534,,0.4663177222013474,
1900000,1442.5429546833038,-191.09730172157288,32.99520115827207,-0.00798236606797822,7.496999311447143,0.733882462978363,0.00555534307231822,-196.9373433664441,33.566461981578534,,0.46376311779022217,
1904000,1445.3614139556885,-183.52219986915588,33.36998766779701,-0.006288101454886341,9.728660488128662,0.7522110760211944,0.00304453581633668,-196.9373433664441,33.566461981578534,,0.4867751121520996,
1908000,1448.2039632797241,-195.71518111228943,29.298288399625385,-0.009394661005586391,7.609212493896484,0.7510104060173035,0.004138530010900787,-196.9373433664441,33.566461981578534,,0.4480673372745514,
1912000,1451.0859546661377,-186.26312708854675,26.479855426639215,-0.007875393228294947,9.787465572357178,0.7464372038841247,0.0046768321888521315,-196.9373433664441,33.566461981578534,,0.44293648302555083,
1916000,1453.9593408107758,-198.95226764678955,34.38303479633765,-0.009490323669587575,5.835937404632569,0.7455954909324646,0.006789329019375146,-196.9373433664441,33.566461981578534,,0.45627492666244507,
1920000,1456.843887090683,-191.00181579589844,32.16485418369278,-0.008045725198152276,9.154163312911987,0.7302183449268341,0.004470175259669018,-196.9373433664441,33.566461981578534,,0.4580582857131958,
1924000,1460.8745048046112,-198.93757891654968,33.98951861179354,-0.006986978490681706,10.210079097747803,0.7335641205310821,0.005600286391563713,-197.79560166597366,30.455960543688718,,0.45738052427768705,
1928000,1463.7883913516998,-198.46955513954163,32.82151851562058,-0.009385736073056861,8.17212734222412,0.725071269273758,0.008037086742115207,-197.79560166597366,30.455960543688718,,0.4597423106431961,
1932000,1466.7180886268616,-198.7645981311798,33.89166432367017,-0.007016582810475213,9.950317668914796,0.7294814109802246,0.0030264983562907854,-197.79560166597366,30.455960543688718,,0.45583075284957886,
1936000,1469.6016013622284,-189.33204054832458,37.79416500156414,-0.0062656650136535316,9.083394622802734,0.745379114151001,0.00316351905639749,-197.79560166597366,30.455960543688718,,0.4603095889091492,
1940000,1472.4737367630005,-194.33170080184937,32.189200399009735,-0.009085331506561545,6.157347536087036,0.7194996058940888,0.004040561884175986,-197.79560166597366,30.455960543688718,,0.46353710293769834,
1944000,1475.3729968070984,-193.20600152015686,30.078821174766762,-0.006005339513688046,8.407509469985962,0.7351934432983398,0.005168673863944928,-197.79560166597366,30.455960543688718,,0.42120989263057707,
1948000,1478.2421443462372,-194.88397908210754,33.76380762892236,-0.008145396167878082,9.669086408615112,0.7454598069190979,0.006754071356806346,-197.79560166597366,30.455960543688718,,0.4445422559976578,
1952000,1481.116901397705,-188.95280122756958,31.310950402652683,-0.009857357901986673,7.614243888854981,0.7314772605895996,0.008267314676971439,-197.79560166597366,30.455960543688718,,0.49655982553958894,
1956000,1483.9902288913727,-189.44849109649658,38.7371335196059,-0.006402206237350239,9.18615403175354,0.7448398470878601,0.004117320547811687,-197.79560166597366,30.455960543688718,,0.5080163955688477,
1960000,1486.8562610149384,-192.150048494339,29.352845216915345,-0.006122308020945644,9.58918480873108,0.7635671436786652,0.006212620250880718,-197.79560166597366,30.455960543688718,,0.45655774176120756,
1964000,1490.8811678886414,-194.5650942325592,32.55239123883226,-0.010485923853081957,5.133520174026489,0.7478039860725403,0.009791823713108893,-190.87470749765635,33.84980458166638,,0.4599645107984543,
1968000,1493.7380855083466,-192.4244805574417,35.68985094707256,-0.005386699005224038,10.915222644805908,0.7657254219055176,0.005388983042212203,-190.87470749765635,33.84980458166638,,0.48409278988838195,
1972000,1496.6298389434814,-186.1974675655365,33.71628847720711,-0.005427372114732876,10.216828727722168,0.7554538965225219,0.005492558587342522,-190.87470749765635,33.84980458166638,,0.5165785670280456,
1976000,1499.5086147785187,-198.64087986946106,36.5309517843875,-0.008006480328040234,7.735323143005371,0.7335614323616028,0.007614374440163374,-190.87470749765635,33.84980458166638,,0.4894084244966507,
1980000,1502.3816912174225,-189.48342895507812,30.873520972628224,-0.005553337000310421,7.720855855941773,0.7426173448562622,0.00528010365281566,-190.87470749765635,33.84980458166638,,0.4807280421257019,
1984000,1505.2618880271912,-198.28388810157776,30.966664833144435,-0.007208062501469037,7.703389883041382,0.7184705853462219,0.007202921036514454,-190.87470749765635,33.84980458166638,,0.456377437710762,
1988000,1508.1414477825165,-198.8974575996399,31.575237209652126,-0.008192679121935064,7.880661106109619,0.7270132899284363,0.0033856433189745514,-190.87470749765635,33.84980458166638,,0.4772422105073929,
1992000,1511.01504611969,-192.17926120758057,32.699100248639084,-0.0066246018852107015,7.8556303024292,0.6969104111194611,0.005582655482304588,-190.87470749765635,33.84980458166638,,0.5204012751579284,
1996000,1513.8995215892792,-198.6743290424347,34.618148207217025,-0.008253054970564833,9.169220209121704,0.7005083560943604,0.007929563610038404,-190.87470749765635,33.84980458166638,,0.5252755343914032,
2000000,1516.7638003826141,-198.89081859588623,34.99248724310806,-0.007285620030326179,10.972051906585694,0.716412353515625,0.005933559488039464,-190.87470749765635,33.84980458166638,,0.49364463686943055,
