global_step,wall_time_s,ep_return_mean,ep_return_std,policy_loss,value_loss,entropy,approx_kl,eval_return_mean,eval_return_std,mean_k,attn_entropy,lagrange_lambda
4000,3.5719611644744873,-232.2389554977417,50.45740115243611,-0.0007060448108802575,224.7219665527344,1.5990179538726808,4.734662838503378e-05,,,2.0,0.682671594619751,
8000,6.497221946716309,-229.4444477558136,47.53884860949178,-0.0005102098121327004,215.25025024414063,1.5901517510414123,2.3766980302752926e-05,,,2.0,0.6836610019207001,
12000,9.544110298156738,-227.36434984207153,45.23277243041718,-0.0011676684188714147,171.36114807128905,1.5672714114189148,9.341414261143654e-06,,,2.0,0.680644565820694,
16000,12.559467554092407,-234.0421314239502,36.44375036735774,-0.0008053695672863625,143.43610610961915,1.5676989674568176,2.970899695355911e-05,,,2.0,0.682245421409607,
20000,15.505894422531128,-222.77458834648132,34.49030254228762,-0.0013423734794196563,80.54142227172852,1.5682600021362305,0.00045840919430580886,,,2.0,0.6823007047176362,
24000,18.494455099105835,-214.72651505470276,37.52395115880595,-0.0015005849423468832,77.39862594604492,1.5598894715309144,0.0006004556893458357,,,2.0,0.6864219427108764,
28000,21.47457480430603,-224.5888649225235,46.01281153100625,-0.0009076589163086624,79.64890899658204,1.5505340456962586,0.000783983070112304,,,2.0,0.685609781742096,
32000,24.360385417938232,-224.84130597114563,36.713243866039775,-0.0009936099590268199,82.05706405639648,1.5481325745582581,0.0006335859656392163,,,2.0,0.6844699144363403,
36000,27.23925495147705,-230.22599172592163,45.0332999853405,-0.000495118746994816,67.71560020446778,1.546697461605072,0.00017539130152499638,,,2.0,0.6828119933605195,
40000,30.194758653640747,-225.12955713272095,38.386542922013426,-0.0009490698417860876,59.27559204101563,1.5432485103607179,0.00027054496715815944,,,2.0,0.6818393349647522,
44000,34.74672269821167,-233.58337497711182,34.94384794625753,-0.0008654907376088872,65.6496208190918,1.5083974957466126,0.0006226150588190648,-355.1743104457855,101.46409790806776,2.0,0.6786016583442688,
48000,37.70051693916321,-239.1376314163208,48.60110869447884,-0.0006705144141863073,66.90009689331055,1.5220685243606566,0.0009111304760153871,-355.1743104457855,101.46409790806776,2.0,0.685712707042694,
52000,40.65562915802002,-233.65306305885315,48.22863404521327,-0.0003916774897152031,53.331330108642575,1.5270127773284912,0.00027870916619576747,-355.1743104457855,101.46409790806776,2.0,0.6822354376316071,
56000,43.61376619338989,-226.8355152606964,39.4109957534768,-9.649209022359884e-05,43.47270889282227,1.5201402306556702,6.780988610444183e-06,-355.1743104457855,101.46409790806776,2.0,0.6861107766628265,
60000,46.46580743789673,-232.7828483581543,47.870692616743305,-0.0011957369422694875,62.236456298828124,1.5150192737579347,0.0004772610251166043,-355.1743104457855,101.46409790806776,2.0,0.6811785876750946,
64000,49.33607745170593,-252.77966809272766,67.16212866124809,-0.0006003808078530737,52.687173461914064,1.4773860454559327,0.0004634648401406594,-355.1743104457855,101.46409790806776,2.0,0.6778902471065521,
68000,52.296897172927856,-252.50187158584595,62.470361879028154,-0.0014363160062663915,37.027633857727054,1.465742564201355,0.0004332732263719663,-355.1743104457855,101.46409790806776,2.0,0.6829407095909119,
72000,55.16379499435425,-239.27068328857422,45.05136482530684,-0.0013740768951635506,54.443112182617185,1.488334310054779,0.001249421555257868,-355.1743104457855,101.46409790806776,2.0,0.6824342250823975,
76000,57.97185134887695,-231.1801950931549,39.91565882319002,-0.0010316522087086889,32.28038272857666,1.455439293384552,0.0015437798395384395,-355.1743104457855,101.46409790806776,2.0,0.6808132112026215,
80000,60.92096400260925,-239.36481022834778,40.66433662462941,-0.00130026685828728,40.219912147521974,1.4443620920181275,0.0014103973266707426,-355.1743104457855,101.46409790806776,2.0,0.6798030495643616,
84000,65.47367286682129,-254.0626142024994,58.317412100365836,-0.00036800434335848564,55.70787391662598,1.4077491998672484,0.00022862957432031873,-390.02464869618416,170.42431760378858,2.0,0.6775405704975128,
88000,68.49945902824402,-249.4813585281372,54.686510432520194,-0.0015226333055373686,37.54741802215576,1.431068229675293,0.0009366803482407704,-390.02464869618416,170.42431760378858,2.0,0.6823980569839477,
92000,71.45961737632751,-256.93875765800476,49.664019278030956,-0.0010183657155648617,46.12989501953125,1.4041162967681884,0.0003225650412787218,-390.02464869618416,170.42431760378858,2.0,0.6842490077018738,
96000,74.45313811302185,-213.055903673172,39.70442848999868,-0.0013874510868141954,45.898066711425784,1.4681578278541565,0.0014187049324391409,-390.02464869618416,170.42431760378858,2.0,0.6835799217224121,
100000,77.42988729476929,-234.33069324493408,53.05813764406736,-0.0022965998854488135,51.602453994750974,1.3802420496940613,0.0003374094566388597,-390.02464869618416,170.42431760378858,2.0,0.6823871374130249,
104000,80.19928407669067,-227.69037246704102,48.44827031137755,-0.0012729164490204782,55.46824607849121,1.382512128353119,0.001133020728593692,-390.02464869618416,170.42431760378858,2.0,0.6844277322292328,
108000,83.10562992095947,-228.7486608028412,39.50296321015935,-0.0007845874074652315,39.98810386657715,1.4773229002952575,0.001992419478483498,-390.02464869618416,170.42431760378858,2.0,0.681941157579422,
112000,86.06385803222656,-240.72460055351257,57.93888442278399,-0.0014709705595326028,52.8038143157959,1.4204696059226989,0.0008161597434082069,-390.02464869618416,170.42431760378858,2.0,0.6795677483081818,
116000,89.01645684242249,-242.12340211868286,58.24546054476596,-0.0035403867162918877,32.0912582397461,1.415451669692993,0.002332617124193348,-390.02464869618416,170.42431760378858,2.0,0.6723138272762299,
120000,92.00032830238342,-243.93087220191956,51.96676294511183,-0.001843288333096993,32.876263809204104,1.4001880526542663,0.000622014842190155,-390.02464869618416,170.42431760378858,2.0,0.6814188480377197,
124000,96.44716000556946,-219.88775634765625,36.97466086211262,-0.002207868308022931,40.45176620483399,1.4326752424240112,0.0014365864073624835,-325.24850684404373,87.96125081569538,2.0,0.6813842594623566,
128000,99.40235567092896,-231.73696184158325,45.43810940223431,-0.0011254079484958046,33.514509773254396,1.4098804712295532,2.7319177407369998e-05,-325.24850684404373,87.96125081569538,2.0,0.6805355906486511,
132000,102.35250282287598,-244.99881768226624,64.89114030374576,-0.001669975981775984,45.37773132324219,1.4323367595672607,0.001346891254070215,-325.24850684404373,87.96125081569538,2.0,0.6734964370727539,
136000,105.29963874816895,-227.2435338497162,41.13869531425094,-0.0016800612841616491,45.32315444946289,1.4760103821754456,0.000960886561777441,-325.24850684404373,87.96125081569538,2.0,0.6841596126556396,
140000,108.26191258430481,-236.31327843666077,43.84676466634155,-0.001402282376366193,49.360247421264646,1.4208277463912964,0.0006684913500939728,-325.24850684404373,87.96125081569538,2.0,0.6821857511997222,
144000,111.23313546180725,-258.4127850532532,49.51909483353864,-0.001904708460322624,47.851684951782225,1.4382933139801026,0.0013225389651779552,-325.24850684404373,87.96125081569538,2.0,0.675658106803894,
148000,114.13536834716797,-234.47139501571655,44.4018676278532,-0.0022531511862471376,45.495714569091795,1.4376465678215027,0.0015718343579986583,-325.24850684404373,87.96125081569538,2.0,0.6819047570228577,
152000,117.04729628562927,-250.81183171272278,55.8996804123697,-0.0021715307192447853,44.683573150634764,1.4306281089782715,0.002032243471835199,-325.24850684404373,87.96125081569538,2.0,0.6764415025711059,
156000,119.82553195953369,-233.73788118362427,47.786126300233846,-0.0016756580501484208,46.59555778503418,1.4632447242736817,0.0023643706757866313,-325.24850684404373,87.96125081569538,2.0,0.682511442899704,
160000,122.78247404098511,-227.90273559093475,40.38724335252324,-0.0013327718749169381,60.2384838104248,1.4707120060920715,0.0012358844491245692,-325.24850684404373,87.96125081569538,2.0,0.6816596448421478,
164000,127.29270219802856,-228.23311638832092,42.913763189595265,-0.0017493264111738682,42.46127548217773,1.4523447513580323,0.001755378601238289,-252.5322510972619,82.14892970786143,2.0,0.6791827857494355,
168000,130.1309895515442,-213.70752882957458,40.18915750318163,-0.0026968357753066386,37.62564334869385,1.4632646083831786,0.0005541198272112525,-252.5322510972619,82.14892970786143,2.0,0.6819071710109711,
172000,133.1124439239502,-228.22383546829224,37.19053650395293,-0.0017490713347991349,28.27429027557373,1.4419370889663696,0.0018719758971710687,-252.5322510972619,82.14892970786143,2.0,0.6773111164569855,
176000,136.04753398895264,-225.86612701416016,43.745891813811625,-0.00234137812902917,27.53933219909668,1.4652158260345458,0.0019937287967974004,-252.5322510972619,82.14892970786143,2.0,0.6850696325302124,
180000,139.0251362323761,-224.43561720848083,42.01939030012182,-0.003981375128535247,29.60453643798828,1.4488405227661132,0.002476160164223984,-252.5322510972619,82.14892970786143,2.0,0.6816035628318786,
184000,141.82374739646912,-236.7025170326233,42.0391580076692,-0.0024186638334938947,30.255063438415526,1.4008235335350037,0.003190618858672678,-252.5322510972619,82.14892970786143,2.0,0.6800809383392334,
188000,144.74225878715515,-236.13537216186523,39.782985024724105,-0.0008106820826263572,39.00605163574219,1.417547881603241,0.0014661930734291672,-252.5322510972619,82.14892970786143,2.0,0.6766793370246887,
192000,147.79124093055725,-227.97905564308167,41.96881952421659,-0.0026517277291277395,31.23989143371582,1.4359253883361816,0.0035262027813587338,-252.5322510972619,82.14892970786143,2.0,0.6754649102687835,
196000,150.79285979270935,-229.66329312324524,52.46008504937316,-0.001920669489714788,36.81611728668213,1.4310961365699768,0.0021570936776697637,-252.5322510972619,82.14892970786143,2.0,0.6737630724906921,
200000,153.7991383075714,-217.38581657409668,35.74767195856005,-0.0024174858750775742,54.69464645385742,1.4479145646095275,0.0029287695972404215,-252.5322510972619,82.14892970786143,2.0,0.6831292390823365,
204000,158.2377152442932,-218.88052129745483,41.613603372585104,-0.00244398697098962,42.7527717590332,1.4198817133903503,0.0013874085816496518,-245.78155609965324,50.9796563793427,2.0,0.680011373758316,
208000,161.19918632507324,-219.6698670387268,58.584174816472675,-0.001822302918260288,60.15708694458008,1.3942205548286437,0.0030962457581966475,-245.78155609965324,50.9796563793427,2.0,0.6746916949748993,
212000,164.14520597457886,-226.11778688430786,43.24293747276785,-0.0025696354179332694,40.902736282348634,1.3900363445281982,0.0018118489604676158,-245.78155609965324,50.9796563793427,2.0,0.6789595127105713,
216000,167.0940248966217,-225.3819296360016,43.92256268203008,-0.0022589463999562742,38.303620147705075,1.3690463781356812,0.0030740513990167528,-245.78155609965324,50.9796563793427,2.0,0.6717360556125641,
220000,170.08829188346863,-216.30003833770752,42.65297869586921,-0.00045966507884440675,40.120782661437985,1.3419405937194824,0.0003513200117158721,-245.78155609965324,50.9796563793427,2.0,0.6833003222942352,
224000,173.09034371376038,-222.9357635974884,44.2300536214049,-0.0019876399605709416,30.02252616882324,1.3292276978492736,0.00446594073538048,-245.78155609965324,50.9796563793427,2.0,0.6777622282505036,
228000,176.15111589431763,-221.04668426513672,37.15228660517116,-0.0026433753034216245,30.132043266296385,1.2962449073791504,0.003874844780191783,-245.78155609965324,50.9796563793427,2.0,0.6748495280742646,
232000,179.1504156589508,-224.2378225326538,45.43793192521732,-0.002046296736984665,36.960900688171385,1.332283115386963,0.0020933693776217675,-245.78155609965324,50.9796563793427,2.0,0.6781011104583741,
236000,182.14485907554626,-217.16328120231628,37.057161784926535,-0.0018490457301571616,28.49686222076416,1.332887017726898,0.0015288654527394253,-245.78155609965324,50.9796563793427,2.0,0.6758112430572509,
240000,185.11756706237793,-229.93062162399292,36.455100811724094,-0.0022667339630813464,27.229984855651857,1.299429190158844,0.0022522842170825895,-245.78155609965324,50.9796563793427,2.0,0.6691822290420533,
244000,189.40817499160767,-219.34392976760864,37.11907854166013,-0.002779412513792856,36.0129508972168,1.2905806303024292,0.0011567690715310163,-237.27772069722414,42.73508759586656,2.0,0.6759603679180145,
248000,192.3186264038086,-222.95015907287598,43.408468354586,-0.0020928755009858692,47.04433708190918,1.2841041684150696,0.0017544747868669219,-237.27772069722414,42.73508759586656,2.0,0.6769087493419648,
252000,195.28600692749023,-221.0918025970459,39.70793990907976,-0.0027589002667227193,27.39245319366455,1.2649780869483949,0.0044517457019537686,-237.27772069722414,42.73508759586656,2.0,0.6674860775470733,
256000,198.2322850227356,-213.23335981369019,37.21371356225296,-0.0018488558745787809,32.21806125640869,1.2861445188522338,0.005953300875262357,-237.27772069722414,42.73508759586656,2.0,0.6758373081684113,
260000,201.19057941436768,-216.2637574672699,37.750793783182985,-0.0036243243635786905,31.15743293762207,1.2686948299407959,0.00259090445244996,-237.27772069722414,42.73508759586656,2.0,0.6776046097278595,
264000,204.14801049232483,-210.40081906318665,36.677077815226305,-0.004158626908319985,22.614218711853027,1.2595356345176696,0.0038250918652920516,-237.27772069722414,42.73508759586656,2.0,0.6749038219451904,
268000,207.1175513267517,-229.58311247825623,41.37830875964653,-0.0011218940998272142,36.883592987060545,1.2752181529998778,0.0017819592913147053,-237.27772069722414,42.73508759586656,2.0,0.6548541367053986,
272000,210.0869586467743,-220.5853660106659,39.557962469854864,-0.004321694226935513,32.38313236236572,1.318301260471344,0.0031423591971009414,-237.27772069722414,42.73508759586656,2.0,0.6646004617214203,
276000,213.03067016601562,-221.05620169639587,40.43978467566462,-0.0022504529046321053,30.016877937316895,1.282169485092163,0.002059100681450232,-237.27772069722414,42.73508759586656,2.0,0.6472045600414276,
280000,216.01917910575867,-224.2361204624176,38.92489532345496,-0.0016394311068676614,33.150825119018556,1.2858915448188781,0.004361967695876956,-237.27772069722414,42.73508759586656,2.0,0.6543964445590973,
284000,220.26267838478088,-221.880512714386,40.90260910388511,-0.0013162168352863547,27.02551097869873,1.309663140773773,0.0028578302561072634,-214.70500183850527,39.30037054753926,2.0,0.6202447235584259,
288000,223.24113821983337,-221.99290800094604,32.82782495943286,-0.0021916824700698887,33.92581443786621,1.2704782962799073,0.005637957809492944,-214.70500183850527,39.30037054753926,2.0,0.6189145147800446,
292000,226.2235836982727,-223.184725522995,34.762300309355375,-0.0017626047901480035,28.625192070007323,1.2600862383842468,0.0039985043530662845,-214.70500183850527,39.30037054753926,2.0,0.6380029261112213,
296000,229.20896100997925,-220.9431221485138,35.930585062444315,-0.004001241927614796,24.28682060241699,1.266470193862915,0.006731378170661629,-214.70500183850527,39.30037054753926,2.0,0.6311273217201233,
300000,232.190908908844,-224.99792051315308,40.221862322686654,-0.0016183228194920573,31.002438926696776,1.2823266863822937,0.003194633684489723,-214.70500183850527,39.30037054753926,2.0,0.612593001127243,
304000,235.18694829940796,-212.98782813549042,39.529894081777464,-0.0009306720091844855,35.7102409362793,1.2665552616119384,0.0044977043916005766,-214.70500183850527,39.30037054753926,2.0,0.6338402926921844,
308000,238.17645645141602,-218.32184195518494,36.672407053530684,-0.0032735764395523505,31.090185737609865,1.2448591589927673,0.0038406021427363156,-214.70500183850527,39.30037054753926,2.0,0.623723179101944,
312000,241.21973776817322,-221.50720381736755,35.772526198879035,-0.002488519649176546,30.513299560546876,1.231471061706543,0.0034033334872219712,-214.70500183850527,39.30037054753926,2.0,0.6156363368034363,
316000,244.20835280418396,-218.92307233810425,38.41249207709202,-0.00360076870404491,20.35258502960205,1.1785248398780823,0.0023621280255028965,-214.70500183850527,39.30037054753926,2.0,0.6118365108966828,
320000,247.22706079483032,-229.39386916160583,40.50260262614904,-0.0017548014329125561,23.5214750289917,1.163213038444519,0.0043267747678328305,-214.70500183850527,39.30037054753926,2.0,0.5869021117687225,
324000,251.51226806640625,-216.78471422195435,38.26590695809386,-0.0028772569639841095,26.434836006164552,1.1471318364143372,0.003055332512323128,-218.99112498760223,38.09731443341117,2.0,0.6045117020606995,
328000,254.48504042625427,-211.1797206401825,38.68010671047671,-0.002636888712727092,28.000896644592284,1.1980191230773927,0.003306936747355704,-218.99112498760223,38.09731443341117,2.0,0.6183635115623474,
332000,257.4250373840332,-209.85339403152466,39.153493362498,-0.0019372048576090871,23.52599678039551,1.1180922031402587,0.002755452450132001,-218.99112498760223,38.09731443341117,2.0,0.6084710597991944,
336000,260.2634675502777,-219.4962306022644,37.451113353438764,-0.0022320193859947323,27.855638885498045,1.1612139344215393,0.0025750830013469895,-218.99112498760223,38.09731443341117,2.0,0.6051969230175018,
340000,263.2477431297302,-211.69834923744202,36.14845225533318,-0.003541234546108174,21.899081230163574,1.200173544883728,0.0024114255204719217,-218.99112498760223,38.09731443341117,2.0,0.6089678883552552,
344000,266.18641233444214,-208.87865591049194,32.68359189466365,-0.0033652827922875605,22.967405128479005,1.2243473291397096,0.005383937817687789,-218.99112498760223,38.09731443341117,2.0,0.6044512152671814,
348000,269.1683292388916,-207.16281461715698,33.01813729459749,-0.000694540341016081,38.17125186920166,1.2309492588043214,0.0019877597630644896,-218.99112498760223,38.09731443341117,2.0,0.593489122390747,
352000,272.16544246673584,-222.48380208015442,38.39851961065283,-0.001421242204844031,30.40380859375,1.2246886610984802,0.005744621669873595,-218.99112498760223,38.09731443341117,2.0,0.6119825780391693,
356000,275.1558129787445,-220.0543360710144,35.270476892779435,-0.0031837264281542764,26.08975715637207,1.2465280294418335,0.0038078060245024968,-218.99112498760223,38.09731443341117,2.0,0.5793518483638763,
360000,278.1373715400696,-214.40407133102417,33.75931646034183,-0.002060985209905386,30.165302085876466,1.29298597574234,0.0036210213424638037,-218.99112498760223,38.09731443341117,2.0,0.6033223748207093,
364000,282.41141748428345,-218.144926071167,36.087772724615,-0.0035823603360913836,25.249727249145508,1.3373052716255187,0.002357906868447268,-216.53833439946175,45.7132986044524,2.0,0.5951903104782105,
368000,285.3597915172577,-209.85601377487183,32.968076413360805,-0.0036586498915760933,19.494497871398927,1.2994253158569335,0.0013853198033757508,-216.53833439946175,45.7132986044524,2.0,0.568832802772522,
372000,288.3171350955963,-225.25524735450745,39.33105121133191,-0.0027859513261354607,29.642270278930663,1.2643221259117126,0.0018793797382386402,-216.53833439946175,45.7132986044524,2.0,0.5523109674453736,
376000,291.28167629241943,-216.58951044082642,39.772279174601515,-0.0027372220133547566,25.779741096496583,1.2697974801063538,0.002436925873917062,-216.53833439946175,45.7132986044524,2.0,0.5717958688735962,
380000,294.1845006942749,-220.00045895576477,30.36003288137806,-0.0026916184611229356,22.220473861694337,1.2664973616600037,0.0038382736695445454,-216.53833439946175,45.7132986044524,2.0,0.5628703713417054,
384000,297.1166579723358,-224.32440090179443,41.54686109669081,-0.0030577513113288156,29.478364753723145,1.237445855140686,0.0019173882415088883,-216.53833439946175,45.7132986044524,2.0,0.5697349846363068,
388000,299.88949060440063,-221.7869906425476,44.5754626030903,-0.0019584284985515676,31.92741641998291,1.232556688785553,0.003922506666276604,-216.53833439946175,45.7132986044524,2.0,0.5472423732280731,
392000,302.70539689064026,-220.35770535469055,40.139819736045744,-0.0036500579856026507,24.18109302520752,1.248883557319641,0.006047626699941855,-216.53833439946175,45.7132986044524,2.0,0.5456646919250489,
396000,305.50088453292847,-224.38006687164307,38.55704113088922,-0.0030028183199077184,26.854025650024415,1.2136244416236877,0.002654725946641223,-216.53833439946175,45.7132986044524,2.0,0.5321615874767304,
400000,308.32578325271606,-233.22924757003784,49.9924910337959,-0.002024105383548891,37.08719482421875,1.221608293056488,0.0018800365224087789,-216.53833439946175,45.7132986044524,2.0,0.5201209187507629,
404000,312.48486733436584,-208.07360458374023,38.25077070718935,-0.0014442380748417526,25.1386510848999,1.1921779990196228,0.0031197790079750126,-229.49391916394234,35.40210379764471,2.0,0.5409379065036773,
408000,315.4987256526947,-219.68647980690002,39.41447057623914,-0.0027847383620683173,19.669902515411376,1.1879979133605958,0.005099117100937289,-229.49391916394234,35.40210379764471,2.0,0.5019793033599853,
412000,318.4986276626587,-219.4825403690338,36.875574452519444,-0.001735390925857594,21.746583938598633,1.2238712668418885,0.003526694420725107,-229.49391916394234,35.40210379764471,2.0,0.5521328747272491,
416000,321.50322103500366,-220.47767305374146,37.529757264333355,-0.001715026409695053,20.730011177062988,1.1485806584358216,0.0023379019810430084,-229.49391916394234,35.40210379764471,2.0,0.5601212620735169,
420000,324.5241332054138,-219.6811408996582,38.88904543582728,-0.002261098425595254,17.101094818115236,1.1480777859687805,0.001847267762253374,-229.49391916394234,35.40210379764471,2.0,0.5379668772220612,
424000,327.5131332874298,-215.68729758262634,30.2288832552819,-0.0031242077536880685,16.187527561187743,1.163131546974182,0.0021576624377242616,-229.49391916394234,35.40210379764471,2.0,0.539199948310852,
428000,330.4444410800934,-217.12321591377258,40.639279330352245,-0.0015918062037477477,22.638135528564455,1.1533775806427002,0.0017362295270625828,-229.49391916394234,35.40210379764471,2.0,0.5548300087451935,
432000,333.3316731452942,-215.42267441749573,42.11798924439945,-0.0029792914761928913,19.356015110015868,1.190746283531189,0.0016726531634922103,-229.49391916394234,35.40210379764471,2.0,0.5435948252677918,
436000,336.3751714229584,-214.0701940059662,31.123705778790423,-0.00022096359033216829,20.49304552078247,1.1701465487480163,0.004262631464594357,-229.49391916394234,35.40210379764471,2.0,0.5503270268440247,
440000,339.36671137809753,-215.9038791656494,38.04215504231607,-0.0024623741878119,22.193867874145507,1.1702725887298584,0.0028402439782512444,-229.49391916394234,35.40210379764471,2.0,0.5518980979919433,
444000,343.7049858570099,-210.7586419582367,37.509773753708764,-0.002925021601258848,24.72453956604004,1.175082278251648,0.0013644770509951497,-211.8716518357396,36.13967371424376,2.0,0.5646074891090394,
448000,346.69248700141907,-212.66500616073608,36.074194640025695,-0.0042697880188934615,17.719779682159423,1.1780071258544922,0.0032618066761642694,-211.8716518357396,36.13967371424376,2.0,0.5433268129825592,
452000,349.65430450439453,-212.4680459499359,33.759521235114946,-0.0028602700133730785,19.67978162765503,1.1564004302024842,0.0031046715826184234,-211.8716518357396,36.13967371424376,2.0,0.5401714146137238,
456000,352.63259506225586,-214.63916897773743,36.948930371791185,-0.002679268475796559,23.25364570617676,1.1283967733383178,0.0027798802591860296,-211.8716518357396,36.13967371424376,2.0,0.5085817217826843,
460000,355.6364793777466,-212.96190977096558,36.10642426607649,-0.0039778155160989925,17.59792032241821,1.1376239657402039,0.00482197476667352,-211.8716518357396,36.13967371424376,2.0,0.5444209337234497,
464000,358.66441917419434,-217.65199971199036,41.31140425308584,-0.0015836705473484258,19.659635543823242,1.1506529569625854,0.004151408304460346,-211.8716518357396,36.13967371424376,2.0,0.5016084969043731,
468000,361.66010880470276,-213.4440200328827,34.64671827326836,-0.004770543432057206,14.026221466064452,1.1445008397102356,0.002776935791514323,-211.8716518357396,36.13967371424376,2.0,0.5396781086921691,
472000,364.64589619636536,-219.95068836212158,36.52588109312087,-0.0032006290990395313,21.752341079711915,1.082215929031372,0.004845334897981957,-211.8716518357396,36.13967371424376,2.0,0.5453297138214112,
476000,367.64691948890686,-218.29910349845886,37.593245449877784,-0.0023328589261510046,27.75982837677002,1.1162936687469482,0.002498855136218481,-211.8716518357396,36.13967371424376,2.0,0.5016043245792389,
480000,370.6543128490448,-217.04402375221252,37.88569951455924,-0.0018781323934029537,25.44509506225586,1.0930034637451171,0.003487095219315961,-211.8716518357396,36.13967371424376,2.0,0.489002937078476,
484000,374.94606161117554,-220.20277857780457,41.238363398503424,-0.004742633171224342,16.196562004089355,1.1195966243743896,0.004352847154950723,-222.2597970739007,44.84925359778165,2.0,0.500216057896614,
488000,377.92068362236023,-223.17084074020386,38.52868321208238,-0.0021935548281375008,21.97814064025879,1.1339079976081847,0.0031300579474191183,-222.2597970739007,44.84925359778165,2.0,0.48253165781497953,
492000,380.8997251987457,-221.92560982704163,39.04410752925779,-0.0037862960437777815,23.514745712280273,1.1274204850196838,0.0033115110240566235,-222.2597970739007,44.84925359778165,2.0,0.5299408674240113,
496000,383.8933951854706,-211.45454859733582,35.980797869283485,-0.0024639831645860257,21.291502380371092,1.0768429040908813,0.004083557217381894,-222.2597970739007,44.84925359778165,2.0,0.4638500094413757,
500000,386.82169818878174,-217.72644233703613,37.66447392836836,-0.0032804759157782693,14.989192295074464,1.085535204410553,0.0014544849006342675,-222.2597970739007,44.84925359778165,2.0,0.522770345211029,
504000,389.7889757156372,-220.26659226417542,46.56141325491724,-0.003406514845696318,24.453674125671387,1.020612609386444,0.004836434160824865,-222.2597970739007,44.84925359778165,2.0,0.5038939535617828,
508000,392.7777211666107,-218.71081829071045,44.164683116683044,-0.0023392088711842616,24.450827217102052,0.9980135083198547,0.0031075745966518296,-222.2597970739007,44.84925359778165,2.0,0.5191961050033569,
512000,395.75220227241516,-215.57438206672668,35.9532412488773,-0.0034207794483517517,19.837802124023437,1.0535221457481385,0.0028046275817517506,-222.2597970739007,44.84925359778165,2.0,0.5290052592754364,
516000,398.75779604911804,-217.11656165122986,41.53396816129896,-0.004780003131988231,16.722621154785156,1.058976948261261,0.0036426820023722772,-222.2597970739007,44.84925359778165,2.0,0.5138554811477661,
520000,401.7399160861969,-222.3354139328003,38.460864047671336,-0.0022741516067569024,26.525008392333984,1.0159190058708192,0.0012479950368870063,-222.2597970739007,44.84925359778165,2.0,0.5041600346565247,
524000,406.06687903404236,-209.38009428977966,36.89886780717182,-0.0020757329562232753,18.042261409759522,1.0082001686096191,0.0020196164337200396,-218.59718833863735,39.17283145936397,2.0,0.4882573038339615,
528000,408.9140257835388,-209.89996576309204,33.392719494442915,-0.0033118211402907603,28.043803405761718,1.0142053842544556,0.0038120464925887054,-218.59718833863735,39.17283145936397,2.0,0.506136691570282,
532000,411.89177417755127,-218.5603790283203,36.248051067631124,-0.0035523469074012493,21.10936908721924,1.0079286515712738,0.001761263411026448,-218.59718833863735,39.17283145936397,2.0,0.4920260578393936,
536000,414.81478095054626,-227.4688537120819,45.930796714393,-0.002545429126281906,26.565043640136718,0.9987038373947144,0.003596182697219774,-218.59718833863735,39.17283145936397,2.0,0.4988646745681763,
540000,417.70653891563416,-219.6824550628662,38.0522538167938,-0.003696528598782578,19.166054725646973,0.9693267345428467,0.002458972594467923,-218.59718833863735,39.17283145936397,2.0,0.49076407551765444,
544000,420.4784166812897,-214.32877922058105,31.415359106121645,-0.0038236558551639987,17.847690773010253,0.9561883330345153,0.003096446242998363,-218.59718833863735,39.17283145936397,2.0,0.4846624583005905,
548000,423.3704466819763,-210.57866835594177,33.705417019388605,-0.003135790465147359,29.029130935668945,0.9927714049816132,0.0013676289927389007,-218.59718833863735,39.17283145936397,2.0,0.47212566137313844,
552000,426.3746283054352,-211.43302965164185,35.081849526465895,-0.003018527897850931,24.979828453063966,0.9964223146438599,0.0012936508260124047,-218.59718833863735,39.17283145936397,2.0,0.49472627341747283,
556000,429.368656873703,-213.31847620010376,32.97109180594307,-0.0033558419874947453,29.581332397460937,0.9895057559013367,0.003044668543986817,-218.59718833863735,39.17283145936397,2.0,0.4620048254728317,
560000,432.34479093551636,-205.78239130973816,32.72175159707998,-0.0026229367163225882,20.080009937286377,0.979866337776184,0.004050903386087157,-218.59718833863735,39.17283145936397,2.0,0.48658810555934906,
564000,436.60005617141724,-219.00283455848694,39.60899146027787,-0.004038976449907405,16.61650619506836,0.9757313787937164,0.005047853070776931,-212.90366562455893,42.115070152098106,2.0,0.4499488830566406,
568000,439.420316696167,-206.71226501464844,31.03400686960618,-0.003429941104104106,19.180889320373534,0.9549278020858765,0.00320545462837134,-212.90366562455893,42.115070152098106,2.0,0.4515893191099167,
572000,442.2161273956299,-215.94689512252808,54.568167152530734,-0.0016741859971564743,24.240108680725097,0.8845703184604645,0.0015590649336227225,-212.90366562455893,42.115070152098106,2.0,0.43765122890472413,
576000,445.0106029510498,-217.92011141777039,33.88894804494104,-0.0027951523928107847,18.173564529418947,0.8692098557949066,0.0032685055516970653,-212.90366562455893,42.115070152098106,2.0,0.46732432544231417,
580000,447.80181431770325,-209.00573015213013,44.56743343544617,2.0861462932497687e-05,31.071107864379883,0.8983878493309021,0.0013199214750784448,-212.90366562455893,42.115070152098106,2.0,0.46046964526176454,
584000,450.7258312702179,-210.25145506858826,36.00803164495086,-0.002833820465855119,27.272858238220216,0.896850836277008,0.0018879808423662326,-212.90366562455893,42.115070152098106,2.0,0.4772798836231232,
588000,453.5757248401642,-204.73150753974915,32.62662862348152,-0.0020858238091703285,20.355930137634278,0.9298295319080353,0.001344724505033823,-212.90366562455893,42.115070152098106,2.0,0.47456164956092833,
592000,456.5307197570801,-202.21302127838135,28.812380001931217,-0.0036837675035931382,17.843476009368896,0.9098264276981354,0.0028736764099448918,-212.90366562455893,42.115070152098106,2.0,0.4373913198709488,
596000,459.510000705719,-199.2611002922058,31.494960580556082,-0.004022447550979758,17.554564666748046,0.8897526502609253,0.002705993317533284,-212.90366562455893,42.115070152098106,2.0,0.4637981116771698,
600000,462.52374243736267,-194.77450919151306,31.43145333332229,-0.0027586006333100597,31.68414897918701,0.8901984333992005,0.0019972683152445826,-212.90366562455893,42.115070152098106,2.0,0.4952263176441193,
604000,466.83473801612854,-208.03198218345642,38.60789746793173,-0.004487991118493184,19.87531747817993,0.858939915895462,0.0040969965506810705,-195.62027272582054,37.710863308525404,2.0,0.4229853183031082,
608000,469.8393085002899,-192.0266317129135,33.68850891772064,-0.0041689143659314086,14.19254789352417,0.8820787250995636,0.0049138243542984125,-195.62027272582054,37.710863308525404,2.0,0.4257245272397995,
612000,472.812757730484,-205.81608057022095,32.26781053783979,-0.0036725176942806305,19.504279232025148,0.8883469998836517,0.0017556707722057308,-195.62027272582054,37.710863308525404,2.0,0.4556203544139862,
616000,475.7548756599426,-215.5641907453537,40.02897855926506,-0.0035479642694893564,22.725579261779785,0.924649965763092,0.00485708424821496,-195.62027272582054,37.710863308525404,2.0,0.4536063849925995,
620000,478.7038588523865,-200.83877086639404,30.677824412118824,-0.0015957708591037623,28.059932708740234,0.8913751244544983,0.0015079079050337896,-195.62027272582054,37.710863308525404,2.0,0.47621849179267883,
624000,481.6766586303711,-200.29306197166443,35.21935557556073,-0.0026090468624316186,29.43504753112793,0.977706390619278,0.0027675708458603674,-195.62027272582054,37.710863308525404,2.0,0.4701161623001099,
628000,484.6500766277313,-208.05462741851807,39.78050101724071,-0.0034332273846279016,25.40080909729004,0.9213527858257293,0.00341063588617061,-195.62027272582054,37.710863308525404,2.0,0.42570901811122897,
632000,487.6475729942322,-198.17943167686462,36.584085553976266,-0.003414024210224564,23.354952812194824,0.916568124294281,0.00469568781554699,-195.62027272582054,37.710863308525404,2.0,0.44706934690475464,
636000,490.63446283340454,-199.94171166419983,28.083115054295547,-0.0040014155892034164,22.232603454589842,0.9446014046669007,0.00434537113760598,-195.62027272582054,37.710863308525404,2.0,0.4558660417795181,
640000,493.62857937812805,-201.79804372787476,35.41172824147713,-0.004629696386167836,29.549795722961427,0.9441378474235534,0.004601636701069456,-195.62027272582054,37.710863308525404,2.0,0.5008306384086609,
644000,497.92384791374207,-198.28774333000183,37.5420618318102,-0.0040875524870741305,27.10234260559082,0.9316300749778748,0.005988542803563179,-200.39115892350674,45.66656315035576,2.0,0.4558799833059311,
648000,500.8979461193085,-208.2433750629425,34.584681223879485,-0.0033029875746190653,22.85596618652344,0.854536360502243,0.0027076742870655534,-200.39115892350674,45.66656315035576,2.0,0.462955704331398,
652000,503.8911786079407,-205.51758480072021,29.04678917423735,-0.004611707739221549,21.361388778686525,0.8847709953784942,0.005046658453647978,-200.39115892350674,45.66656315035576,2.0,0.4755665987730026,
656000,506.83773279190063,-196.4990589618683,31.049997570387436,-0.005050939274524957,24.459364891052246,0.871540081501007,0.003918541505117901,-200.39115892350674,45.66656315035576,2.0,0.45781487226486206,
660000,509.8227758407593,-203.94145107269287,38.84528910612787,-0.0026954647336776107,24.485473251342775,0.8605362355709076,0.005270422015494347,-200.39115892350674,45.66656315035576,2.0,0.44968260526657106,
664000,512.815437078476,-202.9263117313385,36.96131434744353,-0.003952064886145923,24.88972702026367,0.9059614300727844,0.006331207964103669,-200.39115892350674,45.66656315035576,2.0,0.49013763666152954,
668000,515.8294930458069,-196.2496109008789,33.259607852016394,-0.003151146118883297,20.88150749206543,0.885248476266861,0.0049793709490913995,-200.39115892350674,45.66656315035576,2.0,0.4243247270584106,
672000,518.8277471065521,-208.3762547969818,39.39004416431576,-0.0016996211974959151,34.98830661773682,0.8867141604423523,0.003945482884591911,-200.39115892350674,45.66656315035576,2.0,0.4220275193452835,
676000,521.8389098644257,-201.35108518600464,33.206460364380675,-0.0042901057422472634,18.975472354888915,0.842715984582901,0.002826555320837848,-200.39115892350674,45.66656315035576,2.0,0.4165349543094635,
680000,524.8482086658478,-204.46978187561035,35.127208639602365,-0.004676704625211014,25.731455612182618,0.9126243829727173,0.007923081761691719,-200.39115892350674,45.66656315035576,2.0,0.4025054305791855,
684000,529.1761584281921,-204.92493200302124,40.510481906185376,-0.005567611634731295,29.764404296875,0.9240996897220611,0.003819598793052137,-201.2512205839157,35.85560468923844,2.0,0.43006445169448854,
688000,532.0477776527405,-193.28399348258972,30.60479023647191,-0.003608963424960776,29.53208770751953,0.9283355057239533,0.0033993175978927564,-201.2512205839157,35.85560468923844,2.0,0.4257758468389511,
692000,534.862553358078,-201.86553764343262,40.99310984031118,-0.004944896310257407,26.58426876068115,0.9483381628990173,0.0074647652683779596,-201.2512205839157,35.85560468923844,2.0,0.4390911251306534,
696000,537.666957616806,-210.94607520103455,38.22001612964123,-0.004522106115240598,29.421293640136717,0.8941847741603851,0.004767383957475735,-201.2512205839157,35.85560468923844,2.0,0.42757026553153993,
700000,540.4469938278198,-200.6494996547699,32.54271846593589,-0.003593845095175041,21.58275604248047,0.891708242893219,0.005881813709856942,-201.2512205839157,35.85560468923844,2.0,0.44996521770954134,
704000,543.2358913421631,-208.35571551322937,39.91716314132534,-0.004700741456355928,23.422201347351074,0.8558732390403747,0.006917291670416814,-201.2512205839157,35.85560468923844,2.0,0.39630662798881533,
708000,546.1720447540283,-202.67894291877747,32.48661821282905,-0.0038892035220826847,23.431324195861816,0.8479769170284271,0.005393827312160293,-201.2512205839157,35.85560468923844,2.0,0.39974176585674287,
712000,549.1498885154724,-203.01655292510986,32.384474053844976,-0.0035034547554096294,21.72500057220459,0.8201682329177856,0.006568276739562862,-201.2512205839157,35.85560468923844,2.0,0.38739735186100005,
716000,552.1596410274506,-201.45924997329712,29.71689332990546,-0.004494948379850605,17.29299716949463,0.8441046416759491,0.0052909875113982706,-201.2512205839157,35.85560468923844,2.0,0.37488080859184264,
720000,555.1644148826599,-198.29121255874634,33.645078085582895,-0.005344457318734719,25.428943252563478,0.9097835719585419,0.0038219633697299305,-201.2512205839157,35.85560468923844,2.0,0.38223483264446256,
724000,559.4659125804901,-207.50554537773132,33.27442543920333,-0.005530070623227701,19.849480628967285,0.925415962934494,0.0052851779153570535,-201.16422802954912,28.897033036229992,2.0,0.36448752582073213,
728000,562.4318006038666,-201.87060821056366,38.53544514088842,-0.0032925361994420753,25.55074348449707,0.9170315623283386,0.0036763434803627646,-201.16422802954912,28.897033036229992,2.0,0.3645728349685669,
732000,565.3836493492126,-199.7709765434265,32.03043280923382,-0.0025516953559515444,24.226176452636718,0.8577759742736817,0.0036368914718429403,-201.16422802954912,28.897033036229992,2.0,0.3476600110530853,
736000,568.252114534378,-195.67274975776672,31.93687599487912,-0.003261920580038957,25.94528999328613,0.8751167297363281,0.005629556121130008,-201.16422802954912,28.897033036229992,2.0,0.3605209618806839,
740000,571.0415835380554,-200.52621698379517,33.15047100964637,-0.004171489355697622,18.92907657623291,0.8199347674846649,0.007084967906121164,-201.16422802954912,28.897033036229992,2.0,0.35072816610336305,
744000,573.9306845664978,-204.97439527511597,34.56882207698567,-0.0038675230734515507,21.798210906982423,0.8121277570724488,0.006507404594992616,-201.16422802954912,28.897033036229992,2.0,0.33609568476676943,
748000,576.9184834957123,-198.17631340026855,35.62815941107208,-0.0025819231366428276,17.612846469879152,0.8034107387065887,0.0050880927592515945,-201.16422802954912,28.897033036229992,2.0,0.30526343286037444,
752000,579.9137585163116,-205.27880954742432,34.18013726420303,-0.004387815842715348,21.006369972229002,0.7965594708919526,0.006900065984421722,-201.16422802954912,28.897033036229992,2.0,0.31708656847476957,
756000,582.8475549221039,-206.86927270889282,30.620917097387867,-0.003988158566566824,18.847038650512694,0.7662016034126282,0.005183546435553588,-201.16422802954912,28.897033036229992,2.0,0.3507214605808258,
760000,585.8313536643982,-198.71590495109558,34.43829508896855,-0.004752859345404437,15.121012020111085,0.7195682287216186,0.006351955153513699,-201.16422802954912,28.897033036229992,2.0,0.318252956867218,
764000,590.125500202179,-200.96282625198364,37.01981877307173,-0.004225220888465131,20.185794639587403,0.6891058087348938,0.004214309996129794,-192.52891917526722,31.92155734865297,2.0,0.3219903141260147,
768000,593.0822250843048,-200.12018275260925,42.70289493313846,-0.001547467368150457,28.697136878967285,0.7211932063102722,0.0012282137427246376,-192.52891917526722,31.92155734865297,2.0,0.3086034953594208,
772000,595.987117767334,-207.27060520648956,38.165935439755984,-0.004299863883022526,18.638728427886964,0.7193526089191437,0.002777018622145988,-192.52891917526722,31.92155734865297,2.0,0.3198476016521454,
776000,598.9357862472534,-208.1569607257843,34.08617252758046,-0.004533344600349665,16.642887687683107,0.688014417886734,0.007471920875832439,-192.52891917526722,31.92155734865297,2.0,0.3401757478713989,
780000,601.8906981945038,-199.85404777526855,33.77180245033386,-0.0033293982761679166,20.430079650878906,0.6716132521629333,0.0022134440718218685,-192.52891917526722,31.92155734865297,2.0,0.33121992349624635,
784000,604.749677658081,-200.7856023311615,35.2317481012068,-0.003453806635535628,19.680172634124755,0.733662337064743,0.008444851627883821,-192.52891917526722,31.92155734865297,2.0,0.34779234826564787,
788000,607.5631484985352,-193.62123882770538,30.98434044350509,-0.003873239132633888,14.291919708251953,0.7235854268074036,0.005978849199503505,-192.52891917526722,31.92155734865297,2.0,0.3258817046880722,
792000,610.4400930404663,-205.3580720424652,36.28681541653476,-0.0033487580708847276,24.61780242919922,0.6861303985118866,0.005040860273254432,-192.52891917526722,31.92155734865297,2.0,0.28832533955574036,
796000,613.3008780479431,-212.6294400691986,46.21399369736397,-0.003763473633638004,20.043953895568848,0.6926478207111358,0.0014694479665195103,-192.52891917526722,31.92155734865297,2.0,0.3126008599996567,
800000,616.2318410873413,-198.39344668388367,31.495745086089105,-0.003463302835938542,19.468843841552733,0.6590752840042114,0.003203282970935106,-192.52891917526722,31.92155734865297,2.0,0.29312018156051634,
804000,620.6621105670929,-192.81399083137512,34.24539084602333,-0.003996597749530295,21.027020263671876,0.7020837008953095,0.0060620253905653955,-197.0977447628975,35.09266401704748,2.0,0.29898248314857484,
808000,623.6375086307526,-209.07436442375183,31.8519213179851,-0.003951513412408536,11.523664951324463,0.6830134332180023,0.0033694530403784785,-197.0977447628975,35.09266401704748,2.0,0.2945883095264435,
812000,626.6643044948578,-207.30192255973816,28.76131870259296,-0.003154857905542796,19.379627990722657,0.6876677930355072,0.005211593307477091,-197.0977447628975,35.09266401704748,2.0,0.29536852836608884,
816000,629.6947309970856,-202.6513010263443,36.53896382465014,-0.003558490626630384,21.502357292175294,0.7730473160743714,0.003084318369782224,-197.0977447628975,35.09266401704748,2.0,0.31670705080032346,
820000,632.6766335964203,-200.99755907058716,32.20170201148223,-0.004791478466572396,14.83311195373535,0.7639657914638519,0.004092366446275264,-197.0977447628975,35.09266401704748,2.0,0.3341995745897293,
824000,635.6544110774994,-206.89371013641357,32.813418410527866,-0.004217892797042921,16.934899425506593,0.7832460045814514,0.006705545866861939,-197.0977447628975,35.09266401704748,2.0,0.299284490942955,
828000,638.6192252635956,-206.0223250389099,34.61140729156586,-0.0044285255523088375,17.47256393432617,0.7332184314727783,0.002800865878224923,-197.0977447628975,35.09266401704748,2.0,0.2994575411081314,
832000,641.6067519187927,-212.94068706035614,32.895560723804415,-0.0038706369391487082,21.115637588500977,0.7722594797611236,0.004023003999531894,-197.0977447628975,35.09266401704748,2.0,0.29823169112205505,
836000,644.5688688755035,-207.4629819393158,29.275547282792584,-0.004024334031778131,15.74807767868042,0.7139909505844116,0.00782170673413205,-197.0977447628975,35.09266401704748,2.0,0.305404731631279,
840000,647.5874581336975,-213.0163333415985,36.84349367657968,-0.004181024306070568,11.827005004882812,0.715798306465149,0.0020319642280810513,-197.0977447628975,35.09266401704748,2.0,0.26237584054470064,
844000,651.9321768283844,-206.8073534965515,22.566029340317293,-0.003902065163323076,11.885719299316406,0.7017910122871399,0.005412024119868875,-210.3941355869174,38.34915320341492,2.0,0.2759617120027542,
848000,654.903470993042,-206.78995323181152,33.85548163362096,-0.004158887481200501,12.570926284790039,0.7610894739627838,0.0035653508894029073,-210.3941355869174,38.34915320341492,2.0,0.30005368292331697,
852000,657.8641595840454,-215.26962518692017,45.04181082424302,-0.0039593666654739405,20.874398040771485,0.7524467229843139,0.004962865504785441,-210.3941355869174,38.34915320341492,2.0,0.29107804894447326,
856000,660.835648059845,-205.5149267911911,39.02297224206375,-0.0055073081909990055,10.442281532287598,0.7592141449451446,0.006219808128662407,-210.3941355869174,38.34915320341492,2.0,0.2971131712198257,
860000,663.8052349090576,-202.725506067276,31.99504986919428,-0.00486537518352268,20.796784591674804,0.7663020551204681,0.007295037177391351,-210.3941355869174,38.34915320341492,2.0,0.27853323221206666,
864000,666.7451655864716,-206.29220163822174,38.70340011479391,-0.00508659578588162,15.949648571014404,0.7672785580158233,0.0038306197035126387,-210.3941355869174,38.34915320341492,2.0,0.2928868681192398,
868000,669.7432770729065,-203.85483169555664,34.79641180272397,-0.004896640911853556,17.581006813049317,0.7582517623901367,0.004924562229406249,-210.3941355869174,38.34915320341492,2.0,0.27738157510757444,
872000,672.7425017356873,-206.88958477973938,37.568435975589004,-0.004818063563046415,16.19420928955078,0.7619137704372406,0.0036627741580208205,-210.3941355869174,38.34915320341492,2.0,0.2791721671819687,
876000,675.7060525417328,-206.03976345062256,31.32784549466173,-0.003558536751234609,13.526820087432862,0.7665502429008484,0.0037295228964649317,-210.3941355869174,38.34915320341492,2.0,0.30468666851520537,
880000,678.5839536190033,-206.03103303909302,34.47075695378208,-0.004288451973193652,26.06998176574707,0.8198493540287017,0.0031834584721364078,-210.3941355869174,38.34915320341492,2.0,0.2672544151544571,
884000,682.7151324748993,-204.32172071933746,31.983174162001653,-0.005088644205204518,16.787018871307374,0.7212901890277863,0.0028516429852849523,-208.23957819491625,43.16243483823491,2.0,0.26518369615077975,
888000,685.5024242401123,-208.1578254699707,37.80176133817428,-0.0032827985929713257,19.298788928985594,0.7872864902019501,0.005121890653468064,-208.23957819491625,43.16243483823491,2.0,0.27583813667297363,
892000,688.3944327831268,-203.11975860595703,29.1357384438878,-0.004579832726992539,19.721859741210938,0.7272315502166748,0.005313704278630515,-208.23957819491625,43.16243483823491,2.0,0.30144593119621277,
896000,691.3843169212341,-199.17904090881348,34.0674864248207,-0.003276071994565433,17.54461603164673,0.7829693496227265,0.008202458897721953,-208.23957819491625,43.16243483823491,2.0,0.30144975185394285,
900000,694.3544800281525,-194.3593146800995,32.87112544357307,-0.004803306199222224,16.9384428024292,0.7405968010425568,0.00669845454976894,-208.23957819491625,43.16243483823491,2.0,0.28207390308380126,
904000,697.3321006298065,-202.36431860923767,32.16066454875056,-0.004871053191697339,19.604687118530272,0.7526437997817993,0.0050702920669379314,-208.23957819491625,43.16243483823491,2.0,0.30848565697669983,
908000,700.3250868320465,-207.02273082733154,37.26397455534669,-0.0039892877434613006,17.63315095901489,0.7969168305397034,0.0026671359648656966,-208.23957819491625,43.16243483823491,2.0,0.286686971783638,
912000,703.2943217754364,-204.10546207427979,34.97035531935898,-0.0029310555006765602,18.603224754333496,0.7102307856082917,0.005064857780234888,-208.23957819491625,43.16243483823491,2.0,0.3004217028617859,
916000,706.2754657268524,-200.4098937511444,38.02563004531585,-0.006261870082234955,19.35165729522705,0.7448262214660645,0.005505031952634454,-208.23957819491625,43.16243483823491,2.0,0.3063164710998535,
920000,709.2229459285736,-199.9792845249176,35.15339192913895,-0.005277174385536121,13.932764720916747,0.7209773540496827,0.002903096770023694,-208.23957819491625,43.16243483823491,2.0,0.3040099054574966,
924000,713.501797914505,-201.3772373199463,32.62915386923561,-0.0062051296083566855,17.657330417633055,0.7474469721317292,0.004883293039165437,-208.2904563397169,45.31406688820069,2.0,0.31110412180423735,
928000,716.4611163139343,-200.40451335906982,29.036952211186367,-0.002862151479513464,23.61849365234375,0.7862873017787934,0.005284726589142042,-208.2904563397169,45.31406688820069,2.0,0.25904419720172883,
932000,719.4049632549286,-193.3632926940918,31.912390302210547,-0.0029378696193453012,20.9004207611084,0.7888128638267518,0.005376577850275987,-208.2904563397169,45.31406688820069,2.0,0.2854232221841812,
936000,722.3794505596161,-197.04238843917847,41.04773791764491,-0.005668012742884443,21.31423988342285,0.8271704614162445,0.005306141509208828,-208.2904563397169,45.31406688820069,2.0,0.2934603214263916,
940000,725.3328521251678,-198.39352691173553,36.09817627896103,-0.002183388315257595,25.28995723724365,0.8015945672988891,0.006892134435474873,-208.2904563397169,45.31406688820069,2.0,0.31720333099365233,
944000,728.2824687957764,-192.14168989658356,31.484034874188314,-0.004613067121633008,22.030960273742675,0.8047721683979034,0.006762810908257988,-208.2904563397169,45.31406688820069,2.0,0.31685777604579923,
948000,731.2835276126862,-200.2470440864563,33.65652424027893,-0.006019936924800273,24.024014472961426,0.7642646908760071,0.0034179045615019277,-208.2904563397169,45.31406688820069,2.0,0.32484092712402346,
952000,734.2750678062439,-203.15916109085083,34.99528729647664,-0.005509485322419394,21.99568920135498,0.7805414974689484,0.01054973786603659,-208.2904563397169,45.31406688820069,2.0,0.3131328016519547,
956000,737.2836997509003,-210.0061478614807,35.565231339014915,-0.0033284042404654103,21.61479778289795,0.7944373726844788,0.003985708544496447,-208.2904563397169,45.31406688820069,2.0,0.2851446092128754,
960000,740.2768788337708,-206.12888431549072,32.777927811934866,-0.0050774818836556435,18.415454578399657,0.7185315012931823,0.005514717299956828,-208.2904563397169,45.31406688820069,2.0,0.2656135708093643,
964000,744.5483374595642,-191.916388630867,33.11135207560081,-0.004088053046570473,19.608611965179442,0.7595748007297516,0.007735897856609286,-205.24753806740046,40.78126493290816,2.0,0.32072892487049104,
968000,747.4956784248352,-205.16884398460388,30.800190340216517,-0.005404309870131918,17.191368198394777,0.772952264547348,0.004416765620543961,-205.24753806740046,40.78126493290816,2.0,0.28934732377529143,
972000,750.4250195026398,-198.17996883392334,35.010813277926786,-0.00568948605253059,21.500336837768554,0.7842041432857514,0.008638709392243381,-205.24753806740046,40.78126493290816,2.0,0.2830680519342422,
976000,753.3862812519073,-209.65172219276428,34.829726316881,-0.003946619807587326,25.293646812438965,0.8560504078865051,0.002621901717793662,-205.24753806740046,40.78126493290816,2.0,0.2851454496383667,
980000,756.3711750507355,-198.9962637424469,32.47820014251748,-0.005162760655938925,19.474739360809327,0.8672215104103088,0.00862020927015692,-205.24753806740046,40.78126493290816,2.0,0.29809972643852234,
984000,759.3824479579926,-210.41169011592865,36.57233532360087,-0.0047278239602842834,20.508538246154785,0.8499029994010925,0.007808811657014303,-205.24753806740046,40.78126493290816,2.0,0.26909482181072236,
988000,762.3701002597809,-213.97177052497864,37.746173986311994,-0.0054403808859642576,18.387259769439698,0.7973518610000611,0.006117730913683772,-205.24753806740046,40.78126493290816,2.0,0.28055415153503416,
992000,765.3237037658691,-204.45987224578857,38.196667123762964,-0.004684398959507163,14.985037517547607,0.8534831166267395,0.005949062712898012,-205.24753806740046,40.78126493290816,2.0,0.297295543551445,
996000,768.2490751743317,-207.81695365905762,32.051006608825546,-0.006411928948635825,13.880623149871827,0.8049108684062958,0.005018934048712254,-205.24753806740046,40.78126493290816,2.0,0.2819322973489761,
1000000,771.1129808425903,-213.6952133178711,42.37125370746637,-0.0048740341988547375,16.621240425109864,0.8169581413269043,0.004397707081710301,-205.24753806740046,40.78126493290816,2.0,0.29280179738998413,
1004000,775.3846116065979,-210.00557374954224,35.076353935656634,-0.004818602266721417,23.250625801086425,0.8432137548923493,0.006862814968917519,-221.31671537458897,40.4200276360767,2.0,0.29477038979530334,
1008000,778.3290855884552,-199.83810031414032,35.157505854657465,-0.004711330204426112,17.10858850479126,0.8579974114894867,0.008448431035503745,-221.31671537458897,40.4200276360767,2.0,0.2697449803352356,
1012000,781.3198401927948,-210.078449010849,37.9860394782001,-0.00433342040539717,17.486885452270506,0.8351002156734466,0.0037643466144800185,-221.31671537458897,40.4200276360767,2.0,0.2860326826572418,
1016000,784.1438851356506,-209.1318302154541,30.775341823999376,-0.0054883757088489025,17.035541343688966,0.8420563340187073,0.006352405541110784,-221.31671537458897,40.4200276360767,2.0,0.29709204435348513,
1020000,786.8985178470612,-202.08913016319275,34.24605751018649,-0.005739312718777612,17.603881740570067,0.8595390975475311,0.0055211406280286646,-221.31671537458897,40.4200276360767,2.0,0.27113784551620485,
1024000,789.8135550022125,-207.06623339653015,34.08969171286029,-0.005059452996123604,19.94226703643799,0.8384101629257202,0.0024899491399992257,-221.31671537458897,40.4200276360767,2.0,0.2772135674953461,
1028000,792.8142757415771,-204.08102095127106,39.67544909710971,-0.004622763070665936,12.466974639892578,0.8189397394657135,0.005438743213424463,-221.31671537458897,40.4200276360767,2.0,0.2561186939477921,
1032000,795.7879524230957,-203.97942757606506,37.45895592567284,-0.004492577692804245,19.12239351272583,0.8131745994091034,0.009377462564346706,-221.31671537458897,40.4200276360767,2.0,0.27054292261600493,
1036000,798.7779679298401,-207.816321849823,30.634937759548265,-0.0056305336662723525,19.351903915405273,0.849607503414154,0.0033774676147926286,-221.31671537458897,40.4200276360767,2.0,0.23581234365701675,
1040000,801.7580637931824,-201.43367385864258,38.519616091615845,-0.005500971366263307,19.46921682357788,0.8427288234233856,0.007778712143423039,-221.31671537458897,40.4200276360767,2.0,0.24431296437978745,
1044000,806.0314865112305,-209.7129261493683,36.828739115763334,-0.005400314050260935,15.51916971206665,0.8231424212455749,0.007515386815066449,-208.04594157636166,53.33357701880132,2.0,0.25930688977241517,
1048000,808.9894111156464,-210.15248560905457,33.04821219848818,-0.004905787111570437,17.4982928276062,0.7867275595664978,0.0031747829980449784,-208.04594157636166,53.33357701880132,2.0,0.244379423558712,
1052000,811.9734830856323,-201.88299107551575,33.88569689640362,-0.005966696500312452,21.901631927490236,0.7988025844097137,0.009757203179411622,-208.04594157636166,53.33357701880132,2.0,0.23962848484516144,
1056000,814.9510447978973,-202.31709730625153,34.85737655390982,-0.004275323599266479,17.48433837890625,0.7483980834484101,0.006140099854363745,-208.04594157636166,53.33357701880132,2.0,0.2325246587395668,
1060000,817.9487221240997,-198.9965009689331,34.56316047065433,-0.005620867502953253,18.088760375976562,0.791800606250763,0.009271425707265735,-208.04594157636166,53.33357701880132,2.0,0.24093786627054214,
1064000,820.9275274276733,-200.08653116226196,33.530841114540834,-0.004425045821272455,22.421368980407713,0.7941822648048401,0.005586208892054856,-208.04594157636166,53.33357701880132,2.0,0.2470631182193756,
1068000,823.9029583930969,-210.77440190315247,35.56654934511795,-0.004640755218182235,21.068833923339845,0.7992930471897125,0.005938726854665832,-208.04594157636166,53.33357701880132,2.0,0.24281378835439682,
1072000,826.719039440155,-203.24982976913452,29.33427052607943,-0.0038672572540429774,31.317528915405273,0.8437560439109802,0.006384426617296412,-208.04594157636166,53.33357701880132,2.0,0.23849908858537675,
1076000,829.5267491340637,-207.24901127815247,36.687107441137364,-0.0036957793884600408,17.895021057128908,0.8200856447219849,0.006680183036951348,-208.04594157636166,53.33357701880132,2.0,0.23347118943929673,
1080000,832.3336803913116,-199.7590868473053,35.785719013388594,-0.003584006455261246,24.73956241607666,0.8016224801540375,0.003906767989974469,-208.04594157636166,53.33357701880132,2.0,0.2423345535993576,
1084000,836.4389865398407,-209.57413530349731,39.026066320282126,-0.005016594672575536,24.13818702697754,0.7750521600246429,0.007428099152457434,-201.2015157788992,42.960026130298935,2.0,0.25746479630470276,
1088000,839.2288846969604,-204.46708059310913,37.19373988241984,-0.005635337607779789,21.510524368286134,0.7443737149238586,0.006583792838500813,-201.2015157788992,42.960026130298935,2.0,0.23714869767427443,
1092000,842.0327377319336,-206.6566879749298,40.85880081184605,-0.00520632101378089,20.11136989593506,0.7370600283145905,0.0023950466585104914,-201.2015157788992,42.960026130298935,2.0,0.2174737721681595,
1096000,844.828289270401,-211.12607157230377,47.2623587302082,-0.006896080976817753,25.855116653442384,0.7224869668483734,0.008865810534916817,-201.2015157788992,42.960026130298935,2.0,0.27726864218711855,
1100000,847.6293182373047,-206.02998447418213,35.594466800785334,-0.0042795808638135925,20.907147789001463,0.7074038207530975,0.002917679113723981,-201.2015157788992,42.960026130298935,2.0,0.2239894837141037,
1104000,850.5559141635895,-210.76476442813873,42.58413641532835,-0.0034039113070660544,20.369718742370605,0.7378840863704681,0.00447277830090993,-201.2015157788992,42.960026130298935,2.0,0.22455402165651323,
1108000,853.5328710079193,-201.95907592773438,37.315248922659684,-0.005250903375757154,22.39556293487549,0.7064020335674286,0.007391186593255661,-201.2015157788992,42.960026130298935,2.0,0.2512017130851746,
1112000,856.5322539806366,-206.07527589797974,46.252386836473036,-0.0055441099948560614,22.902736091613768,0.6803783416748047,0.007735381935102259,-201.2015157788992,42.960026130298935,2.0,0.2681967318058014,
1116000,859.4501366615295,-204.74530243873596,37.86760108142544,-0.004360171256198875,20.220473289489746,0.6538575112819671,0.0038678047043504194,-201.2015157788992,42.960026130298935,2.0,0.2443537786602974,
1120000,862.3871834278107,-194.19252800941467,29.905754452980435,-0.003314728331208894,17.476852893829346,0.6653045594692231,0.004002771293744445,-201.2015157788992,42.960026130298935,2.0,0.2759436458349228,
1124000,866.6962940692902,-207.08288860321045,38.87910802896116,-0.005238780351200451,23.10988082885742,0.6772527813911438,0.007128626515623182,-208.65131470561028,42.24731038781989,2.0,0.2504082828760147,
1128000,869.6602966785431,-206.40941429138184,34.90413645707756,-0.007017421511545141,20.41661834716797,0.7327207028865814,0.004700453969067908,-208.65131470561028,42.24731038781989,2.0,0.24613856375217438,
1132000,872.6248605251312,-194.40304803848267,32.53593270244019,-0.005299667161268484,18.932871723175047,0.7163472592830658,0.006149114394094801,-208.65131470561028,42.24731038781989,2.0,0.2281912624835968,
1136000,875.5978553295135,-210.02692675590515,36.71598201096269,-0.006238485614924372,18.38042116165161,0.7058103442192077,0.005835243867477402,-208.65131470561028,42.24731038781989,2.0,0.22103952914476394,
1140000,878.5570442676544,-203.18845987319946,33.963718379712745,-0.004148650750129779,17.276456928253175,0.7134764611721038,0.0033365119931404673,-208.65131470561028,42.24731038781989,2.0,0.23277701437473297,
1144000,881.5768375396729,-203.91176843643188,33.938834616534464,-0.005202584850834668,19.49039363861084,0.7050662040710449,0.0058888252608788605,-208.65131470561028,42.24731038781989,2.0,0.2358151689171791,
1148000,884.5800821781158,-204.5304560661316,34.03531668576173,-0.005807123802291869,14.065811824798583,0.6750296235084534,0.006873917323537171,-208.65131470561028,42.24731038781989,2.0,0.25665807723999023,
1152000,887.5714166164398,-209.68369555473328,33.45364072881978,-0.005038041046044483,12.139930820465088,0.7352595567703247,0.005866041744593531,-208.65131470561028,42.24731038781989,2.0,0.2327718675136566,
1156000,890.5622978210449,-208.15695309638977,29.393878171175615,-0.005932213229670502,14.590886783599853,0.7448833286762238,0.0060234533841721834,-208.65131470561028,42.24731038781989,2.0,0.23277608901262284,
1160000,893.5488452911377,-210.1608476638794,37.65915898418491,-0.006018197852652518,17.594543075561525,0.7593635261058808,0.006766306978184733,-208.65131470561028,42.24731038781989,2.0,0.22852410227060319,
1164000,897.8238756656647,-200.78537893295288,33.57890638269844,-0.005659926931994619,13.201260852813721,0.7585274517536164,0.0032656740222591907,-207.44331435114145,40.91447579314639,2.0,0.25590844750404357,
1168000,900.7690799236298,-206.57699489593506,39.749418511703176,-0.006488817647254707,18.251173496246338,0.7097547173500061,0.008690037465809541,-207.44331435114145,40.91447579314639,2.0,0.2291992962360382,
1172000,903.7239072322845,-207.18435740470886,33.533281437778236,-0.0051186284291713235,19.764582252502443,0.7318005979061126,0.003560241879274528,-207.44331435114145,40.91447579314639,2.0,0.2394989863038063,
1176000,906.6914749145508,-198.14758586883545,39.08036250788017,-0.004717109312148082,15.86236343383789,0.6578260719776153,0.007622842240380123,-207.44331435114145,40.91447579314639,2.0,0.2127879574894905,
1180000,909.6404001712799,-199.6564178466797,31.447997146903894,-0.006963398251372077,14.231138992309571,0.6660740852355957,0.007869321713224053,-207.44331435114145,40.91447579314639,2.0,0.23082059472799302,
1184000,912.587217092514,-201.8012194633484,34.14059468059092,-0.004623256108956397,17.671468353271486,0.6833511114120483,0.003520912473322824,-207.44331435114145,40.91447579314639,2.0,0.22971960455179213,
1188000,915.573846578598,-211.66110944747925,43.428499164562254,-0.006556319954649848,15.85420627593994,0.6932022869586945,0.007561822253046557,-207.44331435114145,40.91447579314639,2.0,0.2289669394493103,
1192000,918.47145819664,-207.56475973129272,31.58531392331335,-0.004180229419764814,18.262089729309082,0.6669728636741639,0.004260892379136449,-207.44331435114145,40.91447579314639,2.0,0.23567602038383484,
1196000,921.4564561843872,-203.19538688659668,31.77886081219608,-0.004461777610083417,14.803343105316163,0.6682970762252808,0.0062207439274061475,-207.44331435114145,40.91447579314639,2.0,0.21933342069387435,
1200000,924.2618148326874,-203.029989361763,39.134189805037906,-0.00540818824378464,23.94936332702637,0.7091920018196106,0.0052151687268633395,-207.44331435114145,40.91447579314639,2.0,0.23361995965242385,
1204000,928.5158007144928,-199.25395166873932,29.36756135026906,-0.0058147507488416576,22.661626052856445,0.7257089197635651,0.00332548210863024,-205.33701498806477,30.86995893032016,2.0,0.2289142519235611,
1208000,931.470422744751,-194.9829419851303,35.91653260878124,-0.004039341440579536,20.379954719543456,0.6846585154533387,0.006688297854270786,-205.33701498806477,30.86995893032016,2.0,0.22119447886943816,
1212000,934.4374465942383,-200.17824339866638,33.82256426912561,-0.00519487325614314,26.045193672180176,0.7045852065086364,0.003935908217681572,-205.33701498806477,30.86995893032016,2.0,0.2286346063017845,
1216000,937.2397177219391,-219.34374356269836,36.16601456574374,-0.005635520456824495,17.64404888153076,0.7062078893184662,0.004589800058514814,-205.33701498806477,30.86995893032016,2.0,0.23072153180837632,
1220000,940.0965523719788,-207.45880019664764,40.27954012958714,-0.0036707579538536985,25.697885704040527,0.723182761669159,0.0037075855140574544,-205.33701498806477,30.86995893032016,2.0,0.19636581242084503,
1224000,942.9371137619019,-209.51779174804688,35.0416181906904,-0.004073553265538088,21.37403736114502,0.7416556417942047,0.0035055211398479003,-205.33701498806477,30.86995893032016,2.0,0.2189698725938797,
1228000,945.8740725517273,-209.74697470664978,35.616283571891984,-0.006334723263978948,20.07398929595947,0.7240826189517975,0.005921973558802485,-205.33701498806477,30.86995893032016,2.0,0.21902877539396287,
1232000,948.8456733226776,-202.14821004867554,32.62455810775763,-0.005491180027058973,15.714259338378906,0.7142499923706055,0.006926465511787683,-205.33701498806477,30.86995893032016,2.0,0.20687224268913268,
1236000,951.8353033065796,-202.48476696014404,35.562874076700105,-0.005547632599792784,20.530242729187012,0.6983306169509887,0.0055398727883584796,-205.33701498806477,30.86995893032016,2.0,0.23678351044654847,
1240000,954.8268949985504,-205.6364622116089,38.098652150986446,-0.0050279285896879244,17.27574872970581,0.7024229407310486,0.004720484671997838,-205.33701498806477,30.86995893032016,2.0,0.22536894977092742,
1244000,959.1056118011475,-197.27232205867767,33.23335456442816,-0.0054446566697830875,22.50816879272461,0.7001341760158539,0.007489999395407132,-207.29019971191883,31.435237976171212,2.0,0.21463502943515778,
1248000,962.0521743297577,-205.8318703174591,30.200792735490282,-0.0043266795046317695,19.155892848968506,0.6624852836132049,0.0024814723001327366,-207.29019971191883,31.435237976171212,2.0,0.2291952356696129,
1252000,965.0744867324829,-197.36178648471832,35.260354044655024,-0.005336325911960316,21.835685539245606,0.6995774805545807,0.007054987084120512,-207.29019971191883,31.435237976171212,2.0,0.21569844186306,
1256000,968.1030480861664,-204.2679524421692,34.603242782726774,-0.005673472161249559,17.376823043823244,0.6722656130790711,0.0049479965004138645,-207.29019971191883,31.435237976171212,2.0,0.19148790389299392,
1260000,971.1152875423431,-206.25320422649384,36.389998178353075,-0.0047571248502936035,18.646980667114256,0.6736958026885986,0.006831024133134633,-207.29019971191883,31.435237976171212,2.0,0.21004998832941055,
1264000,974.1504371166229,-203.99691200256348,30.366246646965703,-0.005909939414278309,15.651804637908935,0.6873666286468506,0.004760643106419593,-207.29019971191883,31.435237976171212,2.0,0.21959475725889205,
1268000,977.1412568092346,-204.6468415260315,33.631238919406044,-0.005773016889113936,18.826751232147217,0.6782589137554169,0.0025275663485444964,-207.29019971191883,31.435237976171212,2.0,0.18839864283800126,
1272000,980.0516333580017,-207.47797846794128,37.991210268544336,-0.004880515550573605,22.859041595458983,0.6784378051757812,0.004299055847960221,-207.29019971191883,31.435237976171212,2.0,0.18838602155447007,
1276000,983.0216219425201,-205.0617389678955,41.595420639631804,-0.0030993152211109794,25.979318809509277,0.6839088678359986,0.0062384808668866755,-207.29019971191883,31.435237976171212,2.0,0.19057724326848985,
1280000,986.0053231716156,-198.97686982154846,30.62595820346932,-0.006777314876206209,16.30266180038452,0.6974264025688172,0.005443619566969637,-207.29019971191883,31.435237976171212,2.0,0.19071101099252702,
1284000,990.3312711715698,-202.0521478652954,32.00005821858315,-0.006455201788805454,13.905472755432129,0.7001479387283325,0.004857049473561348,-199.13263814151287,28.254627502517526,2.0,0.18128045946359633,
1288000,993.3193788528442,-204.0300350189209,36.94902244363703,-0.0033078737860391173,13.281625270843506,0.6189353227615356,0.004375717102084309,-199.13263814151287,28.254627502517526,2.0,0.2018030896782875,
1292000,996.2954816818237,-206.0617377758026,32.34996958448073,-0.00520090322910498,12.220108032226562,0.6019152343273163,0.004344257284537889,-199.13263814151287,28.254627502517526,2.0,0.19790258407592773,
1296000,999.2741520404816,-199.58511233329773,32.51248531300263,-0.0061724141840823425,11.241061019897462,0.6232630670070648,0.006492862314917147,-199.13263814151287,28.254627502517526,2.0,0.20390844196081162,
1300000,1002.253559589386,-211.54817509651184,33.73546764971946,-0.0053212316176698415,14.675079727172852,0.6404791951179505,0.010882530658816303,-199.13263814151287,28.254627502517526,2.0,0.20507748574018478,
1304000,1005.254194021225,-205.12685251235962,35.65359771848294,-0.005895399277253688,19.57588176727295,0.6471215486526489,0.0057475799410604544,-199.13263814151287,28.254627502517526,2.0,0.1931519851088524,
1308000,1008.1415433883667,-202.2248854637146,35.37824215179161,-0.004591127944683304,13.4472225189209,0.6921114385128021,0.0027576259198055287,-199.13263814151287,28.254627502517526,2.0,0.18089049011468888,
1312000,1010.9142043590546,-213.13592672348022,35.191514648771545,-0.0036601906991563737,14.213620567321778,0.6661909341812133,0.002511275698634563,-199.13263814151287,28.254627502517526,2.0,0.16956520527601243,
1316000,1013.8262481689453,-210.99006354808807,38.888053026455665,-0.004281209896124594,14.007857036590575,0.6343942880630493,0.006209976992521371,-199.13263814151287,28.254627502517526,2.0,0.17063081711530687,
1320000,1016.8133289813995,-210.14536142349243,39.55107261533226,-0.004732947319590819,15.695565795898437,0.6158268570899963,0.004561644303496015,-199.13263814151287,28.254627502517526,2.0,0.2155335381627083,
1324000,1021.1035776138306,-204.49174880981445,38.829169551191406,-0.0052817979934625114,16.958177757263183,0.6600184559822082,0.004811432777205482,-202.2011705264449,32.38980929191038,2.0,0.21566232442855834,
1328000,1024.0883738994598,-199.17528569698334,34.75822073382037,-0.004860514475032929,16.55293893814087,0.6604281306266785,0.003872221192965908,-202.2011705264449,32.38980929191038,2.0,0.19164298474788666,
1332000,1027.0601198673248,-204.18099284172058,31.677322398538156,-0.005269160701117182,16.159325885772706,0.6418140470981598,0.008602100564166904,-202.2011705264449,32.38980929191038,2.0,0.1886180967092514,
1336000,1030.0192511081696,-203.52547526359558,36.75981721076375,-0.004937326025761024,22.22635860443115,0.641878879070282,0.004785270357659766,-202.2011705264449,32.38980929191038,2.0,0.20934943705797196,
1340000,1033.0100297927856,-204.38661932945251,36.593859687271625,-0.005507181577384479,16.2375696182251,0.629312664270401,0.0055562182398716685,-202.2011705264449,32.38980929191038,2.0,0.1888364151120186,
1344000,1035.9596841335297,-209.58385705947876,34.31298942040384,-0.004627444983692719,14.407931327819824,0.6001148104667664,0.005912218512035916,-202.2011705264449,32.38980929191038,2.0,0.18937358260154724,
1348000,1038.9306101799011,-200.70477437973022,33.368047875332806,-0.005741515230076999,10.63050136566162,0.5822591423988343,0.006302178779151291,-202.2011705264449,32.38980929191038,2.0,0.18128660768270494,
1352000,1041.936470746994,-205.60716342926025,37.70000355492358,-0.004961795932690904,17.191529083251954,0.6395182609558105,0.00782354004913941,-202.2011705264449,32.38980929191038,2.0,0.1806778535246849,
1356000,1044.8950707912445,-206.01189827919006,32.051522096439435,-0.004441688257191956,15.955466747283936,0.6073266386985778,0.0043188251950172065,-202.2011705264449,32.38980929191038,2.0,0.19692916721105574,
1360000,1047.8382024765015,-195.15548944473267,32.074632425466035,0.0017511521239454986,14.31411361694336,0.6080347776412964,0.009569041139446188,-202.2011705264449,32.38980929191038,2.0,0.18833910226821898,
1364000,1052.1032357215881,-199.78723216056824,30.755599061758783,-0.0024371766978874775,16.48106336593628,0.6226409673690796,0.003438421383732937,-205.48709426820278,33.00297923250145,2.0,0.1968625783920288,
1368000,1055.0622203350067,-208.7966935634613,36.07253374517159,-0.005319780788384421,12.910793876647949,0.6320626676082611,0.0045865227481505675,-205.48709426820278,33.00297923250145,2.0,0.2033847376704216,
1372000,1058.029782295227,-202.29742455482483,33.38933728378026,-0.005465892783443671,13.406446170806884,0.6218558430671692,0.0074581819586455825,-205.48709426820278,33.00297923250145,2.0,0.18264364451169968,
1376000,1061.0643136501312,-205.32077193260193,36.24813376399535,-0.004461564962053677,17.067895889282227,0.6708164215087891,0.0067268223149003605,-205.48709426820278,33.00297923250145,2.0,0.1907113328576088,
1380000,1064.0549218654633,-202.20808243751526,33.32637191791681,-0.006640506303558791,10.332668018341064,0.6830246567726135,0.01055563564877957,-205.48709426820278,33.00297923250145,2.0,0.1986411213874817,
1384000,1067.048852443695,-205.46441864967346,32.603542201007954,-0.006460484742963057,14.470445251464843,0.6972431540489197,0.0071354973129928115,-205.48709426820278,33.00297923250145,2.0,0.20351781249046325,
1388000,1070.0345442295074,-202.71559762954712,37.66417957370632,-0.005574421297370768,14.594240856170654,0.7169687807559967,0.006811256130458787,-205.48709426820278,33.00297923250145,2.0,0.17007358074188234,
1392000,1073.0109980106354,-202.06626439094543,26.854401335935496,-0.003261793918830036,14.822209453582763,0.6842205584049225,0.009199773927684873,-205.48709426820278,33.00297923250145,2.0,0.1690609946846962,
1396000,1076.0041065216064,-209.79316020011902,39.671589892081656,-0.00437915566478253,17.722953128814698,0.699614679813385,0.002866464282851666,-205.48709426820278,33.00297923250145,2.0,0.15800464451313018,
1400000,1078.9816184043884,-212.14736676216125,35.4949431372674,-0.004219856551266332,13.416226482391357,0.6455640852451324,0.0034447786144058633,-205.48709426820278,33.00297923250145,2.0,0.16954125314950944,
1404000,1083.2506992816925,-206.7760283946991,35.88177503093976,-0.0069331993463759515,12.213151931762695,0.6715491056442261,0.007469445371534711,-204.61010982096195,38.92340877260967,2.0,0.17908360064029694,
1408000,1086.2177345752716,-204.5173897743225,36.71245832823602,-0.004937654347469333,13.693184185028077,0.7109650254249573,0.007117554041712238,-204.61010982096195,38.92340877260967,2.0,0.15560078918933867,
1412000,1089.1933221817017,-199.21969890594482,28.162619231687447,-0.005155109518983713,18.020463371276854,0.6740220963954926,0.0024050653306961324,-204.61010982096195,38.92340877260967,2.0,0.17463185787200927,
1416000,1092.1323454380035,-196.6443428993225,29.710320547578156,-0.005548034518879419,14.847276878356933,0.677967083454132,0.007926818798296154,-204.61010982096195,38.92340877260967,2.0,0.1777212589979172,
1420000,1095.1242690086365,-204.2646358013153,31.995593193580582,-0.006561966873084501,14.573151397705079,0.6947334349155426,0.006497370824217796,-204.61010982096195,38.92340877260967,2.0,0.19245219379663467,
1424000,1098.1211681365967,-208.96057391166687,37.66120542635558,-0.004682888625655313,13.462581253051757,0.6866646587848664,0.0036265112155039496,-204.61010982096195,38.92340877260967,2.0,0.20644102543592452,
1428000,1101.0959701538086,-192.27272057533264,27.06909766907014,-0.006772973120678216,10.102802944183349,0.6828010976314545,0.004582653596298769,-204.61010982096195,38.92340877260967,2.0,0.18133271485567093,
1432000,1104.0228068828583,-200.45325076580048,31.860547005104767,-0.004857921345935523,10.068639945983886,0.6588872194290161,0.010864393200725343,-204.61010982096195,38.92340877260967,2.0,0.1860562339425087,
1436000,1106.9079596996307,-205.5897080898285,36.75277404047468,-0.006680272202395532,17.131184101104736,0.679638123512268,0.007481222017668187,-204.61010982096195,38.92340877260967,2.0,0.1803322419524193,
1440000,1109.6961843967438,-198.32804584503174,39.58803031553466,-0.006120680704868109,13.208601474761963,0.6631415069103241,0.005167091806652024,-204.61010982096195,38.92340877260967,2.0,0.1827624708414078,
1444000,1113.7850861549377,-199.83290910720825,30.06631919952935,-0.005047665943003566,12.524066925048828,0.6304774224758148,0.006242167374623619,-196.5550236031413,36.88503770008061,2.0,0.18140679448843003,
1448000,1116.549866437912,-197.2129955291748,30.899529545763233,-0.007137379557670404,9.2326744556427,0.6090378522872925,0.007635107889655046,-196.5550236031413,36.88503770008061,2.0,0.157278348505497,
1452000,1119.4651753902435,-198.5362265110016,39.329520422678996,-0.0049999374806260375,14.442639541625976,0.6607136428356171,0.006342412829709598,-196.5550236031413,36.88503770008061,2.0,0.16893313974142074,
1456000,1122.4250259399414,-205.62459707260132,34.0667889817887,-0.004378349485419086,13.444770240783692,0.627075320482254,0.003669471145452352,-196.5550236031413,36.88503770008061,2.0,0.14498360306024552,
1460000,1125.4127435684204,-192.11595392227173,33.58959310563493,-0.002965214484060752,11.162027072906493,0.6135736465454101,0.0023387776733385657,-196.5550236031413,36.88503770008061,2.0,0.1435846820473671,
1464000,1128.3777768611908,-196.82084608078003,32.4943337013227,-0.004083949829141354,10.425458717346192,0.6141076207160949,0.0019422499956563755,-196.5550236031413,36.88503770008061,2.0,0.1352514535188675,
1468000,1131.3706872463226,-198.79264760017395,38.15577673827062,-0.00703529226702333,8.923904848098754,0.6085292875766755,0.007765133759860587,-196.5550236031413,36.88503770008061,2.0,0.1575296476483345,
1472000,1134.3445386886597,-197.93950879573822,36.684381471090404,-0.005146687930605065,11.581626892089844,0.5949343085289002,0.005031070717998487,-196.5550236031413,36.88503770008061,2.0,0.16637866348028182,
1476000,1137.3062145709991,-199.7258071899414,36.42985085417117,-0.004304695679728532,12.485306739807129,0.5493631958961487,0.0042396364151500165,-196.5550236031413,36.88503770008061,2.0,0.16561515480279923,
1480000,1140.2634091377258,-198.9923437833786,42.964888330257565,-0.00412175374897199,16.143004322052,0.5620799601078034,0.006610672862734646,-196.5550236031413,36.88503770008061,2.0,0.14559293538331985,
1484000,1144.5340921878815,-199.10816836357117,36.05024259618024,-0.00690627489471809,11.873183059692384,0.5782818377017975,0.004845379875041545,-199.94286604970694,41.37890329244033,2.0,0.15006237030029296,
1488000,1147.5335881710052,-200.16343450546265,34.01986382382995,-0.005091926026934246,10.218430519104004,0.6418633937835694,0.0030582485886213374,-199.94286604970694,41.37890329244033,2.0,0.14563038498163222,
1492000,1150.5244944095612,-190.09689784049988,32.96126271147178,-0.004992155509457597,13.866368389129638,0.6443584263324738,0.003313185468495572,-199.94286604970694,41.37890329244033,2.0,0.15203821659088135,
1496000,1153.455142736435,-191.85709357261658,31.781798877461448,-0.006284614629577856,10.08180923461914,0.6309873402118683,0.009982344950549305,-199.94286604970694,41.37890329244033,2.0,0.1682838648557663,
1500000,1156.3842046260834,-191.41532254219055,34.52804682011565,-0.004656727658274251,10.095516633987426,0.6336608350276947,0.007743326398078398,-199.94286604970694,41.37890329244033,2.0,0.15985551625490188,
1504000,1159.2337937355042,-198.20133459568024,40.012015910069515,-0.005479232984750215,9.69651403427124,0.6590324699878692,0.00825935925822705,-199.94286604970694,41.37890329244033,2.0,0.15094625502824782,
1508000,1162.0224764347076,-191.44323444366455,32.051496310832626,-0.004914686378712396,9.250901556015014,0.627513974905014,0.002460796958844469,-199.94286604970694,41.37890329244033,2.0,0.15318118631839753,
1512000,1164.954797744751,-195.63098001480103,29.546978271701143,-0.005553342060341193,8.478060007095337,0.616035109758377,0.0029744422674411906,-199.94286604970694,41.37890329244033,2.0,0.13229618072509766,
1516000,1167.9345662593842,-194.51457262039185,29.309728425999417,-0.005540610897975684,8.546315050125122,0.6144688129425049,0.003873594361357391,-199.94286604970694,41.37890329244033,2.0,0.14595634192228318,
1520000,1170.9349567890167,-197.12461698055267,32.13861913189475,-0.0048361007297256006,12.831475067138673,0.6160274684429169,0.006644532854203166,-199.94286604970694,41.37890329244033,2.0,0.15732669681310654,
1524000,1175.1899638175964,-189.11155581474304,33.608900482542765,-0.005652924439171337,8.268617963790893,0.6081255137920379,0.009014669039752388,-207.45094472169876,37.14321145173878,2.0,0.16189879924058914,
1528000,1178.1291377544403,-198.17777109146118,32.40179234719687,-0.005390358375230164,14.383513355255127,0.55423663854599,0.004091228311881423,-207.45094472169876,37.14321145173878,2.0,0.13415292054414749,
1532000,1181.0839040279388,-203.2774921655655,32.897867692015524,-0.005577768248971537,12.641134643554688,0.5924168348312377,0.007409840257605538,-207.45094472169876,37.14321145173878,2.0,0.14985563158988952,
1536000,1183.8981075286865,-202.4589717388153,36.114996346077746,-0.004995125039635839,11.037904930114745,0.5874053597450256,0.006232905085198581,-207.45094472169876,37.14321145173878,2.0,0.1378731146454811,
1540000,1186.6468498706818,-202.74263429641724,36.10551370388801,-0.004916816855625505,11.033241939544677,0.5680029928684235,0.005917990048726463,-207.45094472169876,37.14321145173878,2.0,0.15027362406253814,
1544000,1189.5177829265594,-198.83757066726685,32.42201080587694,-0.005311058695583348,8.720222568511963,0.5704399406909942,0.008876998877308029,-207.45094472169876,37.14321145173878,2.0,0.14847203046083451,
1548000,1192.488091468811,-197.34340977668762,39.06403029243032,-0.002760698299758069,17.724672031402587,0.5734436094760895,0.00290877586610927,-207.45094472169876,37.14321145173878,2.0,0.1487443760037422,
1552000,1195.453999042511,-201.0117747783661,33.50844936105342,-0.0060602338528260805,11.176258659362793,0.5751685976982117,0.007164847461506696,-207.45094472169876,37.14321145173878,2.0,0.16068238615989686,
1556000,1198.424150943756,-195.0118658542633,30.840552085384882,-0.004298869321433241,6.595380020141602,0.625602263212204,0.0047719507827423515,-207.45094472169876,37.14321145173878,2.0,0.1531828910112381,
1560000,1201.2891659736633,-201.00783371925354,34.46730363812131,-0.005445695631826908,10.872339153289795,0.6466867685317993,0.0035852222474447083,-207.45094472169876,37.14321145173878,2.0,0.1295286551117897,
1564000,1205.464148759842,-195.24973130226135,33.35824896593265,-0.004569861122794982,11.236133480072022,0.6309135973453521,0.007522252277315911,-203.49691219627857,35.06984644576317,2.0,0.14082548022270203,
1568000,1208.5036392211914,-198.5114665031433,31.602213277970517,-0.005311077878499937,10.929714107513428,0.648158872127533,0.0028091492582461796,-203.49691219627857,35.06984644576317,2.0,0.12514830455183984,
1572000,1211.561282634735,-204.07814824581146,34.57469150836682,-0.0033037130516021308,10.171465158462524,0.5789175808429718,0.004305926099555402,-203.49691219627857,35.06984644576317,2.0,0.13654927611351014,
1576000,1214.6057741641998,-204.9245162010193,37.95379779947707,-0.00427316570018108,10.785198593139649,0.5292515277862548,0.003915578957647092,-203.49691219627857,35.06984644576317,2.0,0.13830386102199554,
1580000,1217.6020958423615,-200.1579613685608,36.32489515308463,-0.0038902957938454106,10.071492910385132,0.5641962885856628,0.0070747732973692745,-203.49691219627857,35.06984644576317,2.0,0.1305023267865181,
1584000,1220.5825605392456,-201.583110332489,40.73986816956257,-0.0041986678481723775,17.929504489898683,0.5854528188705445,0.006957315659383312,-203.49691219627857,35.06984644576317,2.0,0.1271484151482582,
1588000,1223.5723402500153,-192.580304145813,34.095738641458524,-0.004319630940367159,10.312372732162476,0.566353052854538,0.0015769724090738846,-203.49691219627857,35.06984644576317,2.0,0.12356856614351272,
1592000,1226.5446240901947,-197.3549441099167,42.94505266452996,-0.0032692133173695794,11.175433540344239,0.524474960565567,0.0042173902677992816,-203.49691219627857,35.06984644576317,2.0,0.11939377710223198,
1596000,1229.5052392482758,-194.42542052268982,36.06753492059057,-0.0052099797856062224,12.297610759735107,0.5759282588958741,0.006776458420790732,-203.49691219627857,35.06984644576317,2.0,0.12139879912137985,
1600000,1232.4803395271301,-194.11329424381256,34.002227354265315,-0.00794311410778512,6.995494079589844,0.599346274137497,0.011653991844505107,-203.49691219627857,35.06984644576317,2.0,0.1065030500292778,
1604000,1236.7130253314972,-194.87265717983246,30.10715607858529,-0.005638845067704068,11.808960819244385,0.6349850535392761,0.003650016145547852,-201.29752627015114,39.1722937194404,2.0,0.12459128126502036,
1608000,1239.494283914566,-200.41505205631256,33.962409167040455,-0.005551373225326284,11.832000541687012,0.7016797602176666,0.005309772525797599,-201.29752627015114,39.1722937194404,2.0,0.1159832812845707,
1612000,1242.3147265911102,-192.05250000953674,35.41662037012134,-0.00543285464169454,13.32791519165039,0.6983011364936829,0.0027175743539701535,-201.29752627015114,39.1722937194404,2.0,0.11742552593350411,
1616000,1245.2354164123535,-200.04578614234924,40.516998167837606,-0.004724301001212239,15.179704952239991,0.711077868938446,0.005026371183339507,-201.29752627015114,39.1722937194404,2.0,0.10754219219088554,
1620000,1248.2376642227173,-194.85297167301178,38.06459357784817,-0.006289683509152377,12.737138748168945,0.6618181765079498,0.004856014452525414,-201.29752627015114,39.1722937194404,2.0,0.13336944133043288,
1624000,1251.2451207637787,-205.99936282634735,33.05836357096453,-0.004821886089552807,10.01718807220459,0.6875857174396515,0.005957184336148202,-201.29752627015114,39.1722937194404,2.0,0.11934594064950943,
1628000,1254.257304430008,-204.04881405830383,33.06121160148735,-0.004733643399861931,9.471492624282837,0.6758618891239166,0.00518568308191607,-201.29752627015114,39.1722937194404,2.0,0.112913778424263,
1632000,1257.241460800171,-200.16954231262207,34.77335309829696,-0.005404083109615992,15.106525325775147,0.6277544379234314,0.004740637561189942,-201.29752627015114,39.1722937194404,2.0,0.12404521852731705,
1636000,1260.2233572006226,-197.39659070968628,37.72148417001574,-0.004566895762380696,8.666050481796265,0.6212338805198669,0.0025679822284728317,-201.29752627015114,39.1722937194404,2.0,0.11802758499979973,
1640000,1263.1707780361176,-198.0625171661377,36.640798283763075,-0.0053326487142282275,12.236189460754394,0.6157558143138886,0.004507923276163695,-201.29752627015114,39.1722937194404,2.0,0.10855202004313469,
1644000,1267.3998081684113,-199.01553440093994,30.17327497964153,-0.005346127626951791,7.305049467086792,0.603979903459549,0.007110638554984084,-201.8047223612666,35.69824860692979,2.0,0.11324110552668572,
1648000,1270.3524453639984,-198.92403066158295,47.89296733982691,-0.0035019303315785067,15.206854057312011,0.6149972677230835,0.001845703402068466,-201.8047223612666,35.69824860692979,2.0,0.12256369441747665,
1652000,1273.3293979167938,-196.13032507896423,40.07208498425733,-0.005865214402399332,12.861646366119384,0.6068974256515502,0.009936185866749537,-201.8047223612666,35.69824860692979,2.0,0.12800249308347703,
1656000,1276.322734117508,-199.68922090530396,35.29952979668929,-0.0031311813745025672,12.655606746673584,0.5862621784210205,0.001969336859396814,-201.8047223612666,35.69824860692979,2.0,0.10690176039934159,
1660000,1279.3009464740753,-199.74267160892487,34.32689440339662,-0.004186782050521298,10.32853422164917,0.6463225305080413,0.007124907894991317,-201.8047223612666,35.69824860692979,2.0,0.14267677515745164,
1664000,1282.2666783332825,-198.2429904937744,30.68273365577992,-0.005117667144552485,8.121254110336304,0.6321598529815674,0.006911897247269127,-201.8047223612666,35.69824860692979,2.0,0.11757822334766388,
1668000,1285.2299945354462,-190.28540742397308,29.48314620446921,-0.0047258911410656525,10.121228122711182,0.6042805552482605,0.003440499267890118,-201.8047223612666,35.69824860692979,2.0,0.12188365757465362,
1672000,1288.2010824680328,-193.50960338115692,34.0413026391986,-0.0038534882277405204,12.3440185546875,0.5784103274345398,0.0026305699793738313,-201.8047223612666,35.69824860692979,2.0,0.11478623151779174,
1676000,1291.151689529419,-198.45052790641785,33.89508287741742,-0.005305994324386098,12.985363388061524,0.5751262366771698,0.00293085997691378,-201.8047223612666,35.69824860692979,2.0,0.1332615241408348,
1680000,1294.1045882701874,-195.1808376312256,40.33622779031576,-0.004424390256560118,10.734114456176759,0.5616155326366424,0.004977968172170222,-201.8047223612666,35.69824860692979,2.0,0.1254420042037964,
1684000,1298.3232028484344,-191.73288679122925,37.170090810602396,-0.004719008600727337,9.191265535354614,0.6093156099319458,0.0025781577853486227,-193.66705480962992,30.213015885565092,2.0,0.12018411606550217,
1688000,1301.1009013652802,-196.9599006175995,35.556198359420435,-0.005484736757741082,11.648264980316162,0.5825253784656524,0.004241089586867019,-193.66705480962992,30.213015885565092,2.0,0.11256013587117195,
1692000,1303.9199705123901,-183.75754857063293,29.468859301869472,-0.004394700329207524,8.05742597579956,0.6052076876163482,0.00452867669519037,-193.66705480962992,30.213015885565092,2.0,0.11745181232690811,
1696000,1306.7717089653015,-192.38057279586792,31.501576913887245,-0.004779689758550365,9.637593221664428,0.6267463505268097,0.005060230690539669,-193.66705480962992,30.213015885565092,2.0,0.11607403680682182,
1700000,1309.614926815033,-190.80978107452393,29.719851977992466,-0.005406771864431592,9.981323719024658,0.6474407136440277,0.0045298010794795115,-193.66705480962992,30.213015885565092,2.0,0.12691640108823776,
1704000,1312.5300602912903,-199.63396668434143,39.314647216374695,-0.0052506502359173975,10.05777554512024,0.6321738600730896,0.003006188439758262,-193.66705480962992,30.213015885565092,2.0,0.12819877713918687,
1708000,1315.5433716773987,-196.68969988822937,33.99936827624562,-0.005328246364525224,14.064172077178956,0.6375738143920898,0.007203828776449284,-193.66705480962992,30.213015885565092,2.0,0.11265428215265275,
1712000,1318.4227602481842,-185.37243270874023,29.16487319055617,-0.006199122297267134,11.225289821624756,0.6350166857242584,0.0056198014257242915,-193.66705480962992,30.213015885565092,2.0,0.1319696396589279,
1716000,1321.2180485725403,-198.437366604805,37.64707884142597,-0.003976922633087554,14.163772296905517,0.671489155292511,0.005977027771684029,-193.66705480962992,30.213015885565092,2.0,0.1336008921265602,
1720000,1324.026867389679,-181.31088829040527,27.567817043982917,-0.004157719373247026,13.205605125427246,0.6452588677406311,0.009656155132688582,-193.66705480962992,30.213015885565092,2.0,0.12213261425495148,
1724000,1328.2359807491302,-191.1300674676895,35.40513760926469,-0.005278736606395285,12.294025230407716,0.5757614433765411,0.0036517539236228915,-193.02478805184364,32.51253090869436,2.0,0.1462172359228134,
1728000,1331.26886510849,-192.44197928905487,34.46126769956838,-0.005967208653998868,10.476305675506591,0.6179286777973175,0.005422275353417128,-193.02478805184364,32.51253090869436,2.0,0.11809374839067459,
1732000,1334.225636959076,-193.2221040725708,37.292558327883135,-0.006434674407277896,10.082109117507935,0.5686040878295898,0.005985427484847605,-193.02478805184364,32.51253090869436,2.0,0.13574426025152206,
1736000,1337.1947617530823,-202.60361695289612,39.26225447074747,-0.004605473773554003,10.458214473724365,0.6106128513813018,0.003027187825500732,-193.02478805184364,32.51253090869436,2.0,0.11839882805943489,
1740000,1340.122932434082,-195.79450225830078,35.846954574089565,-0.005090581210640566,11.939566516876221,0.587844067811966,0.004616671529986594,-193.02478805184364,32.51253090869436,2.0,0.13930824697017669,
1744000,1343.0709841251373,-195.08799362182617,34.800105455546316,-0.005226151039668658,9.327283143997192,0.5618935585021972,0.004359555952561411,-193.02478805184364,32.51253090869436,2.0,0.13560324013233185,
1748000,1346.029011964798,-200.58774971961975,32.93938333575893,-0.0035571117221067537,7.505599546432495,0.5898954391479492,0.005125065628749681,-193.02478805184364,32.51253090869436,2.0,0.12092740386724472,
1752000,1348.9672691822052,-196.41979598999023,31.624539762846595,-0.005456329893320788,6.744324827194214,0.5534746706485748,0.006991928513161838,-193.02478805184364,32.51253090869436,2.0,0.12001482918858528,
1756000,1351.9412689208984,-194.5458173751831,33.830213499501056,-0.004369105221470803,9.21927490234375,0.5336431503295899,0.002784982322191354,-193.02478805184364,32.51253090869436,2.0,0.12041391059756279,
1760000,1354.883014202118,-193.75110173225403,36.087516739726226,-0.0045714075028275404,9.66352276802063,0.4546971648931503,0.004363751523487736,-193.02478805184364,32.51253090869436,2.0,0.10825333148241043,
1764000,1359.1057918071747,-183.4651733636856,31.914833674166093,-0.004629923093055055,10.00783305168152,0.5126590251922607,0.006892526349208006,-192.47594583034515,31.20983999149992,2.0,0.1271909475326538,
1768000,1362.0593836307526,-193.26544606685638,30.545867888605684,-0.00404112137415602,10.937345409393311,0.5024439990520477,0.008183355094787358,-192.47594583034515,31.20983999149992,2.0,0.14528230726718902,
1772000,1365.0461304187775,-197.0488166809082,34.5692795294604,-0.0027724656983821204,10.886689853668212,0.47708200216293334,0.005721249575338661,-192.47594583034515,31.20983999149992,2.0,0.14000727832317353,
1776000,1368.0445053577423,-199.7407443523407,32.40270867305381,-0.0032496843064945937,9.836409568786621,0.492292058467865,0.004187078608510397,-192.47594583034515,31.20983999149992,2.0,0.1403123065829277,
1780000,1371.067289352417,-197.9211448431015,40.25552918489811,-0.004803530396195121,12.369854927062988,0.5269043147563934,0.008049231809563916,-192.47594583034515,31.20983999149992,2.0,0.14151886999607086,
1784000,1374.0229716300964,-189.66042685508728,33.2189646436034,-0.0038315355220499116,8.42289686203003,0.5587803483009338,0.006569190695881843,-192.47594583034515,31.20983999149992,2.0,0.12243841364979743,
1788000,1376.9623620510101,-195.03462517261505,36.198480631987415,-0.00444403587584361,9.727896785736084,0.5569752037525177,0.008259577785929029,-192.47594583034515,31.20983999149992,2.0,0.12789249271154404,
1792000,1379.8963046073914,-194.97413754463196,34.11770545624856,-0.0035151712905305164,10.726270580291748,0.602619081735611,0.006047191269074878,-192.47594583034515,31.20983999149992,2.0,0.11466057598590851,
1796000,1382.8533601760864,-193.08629035949707,31.98207290030239,-0.004905786655843247,9.559752988815308,0.6202084481716156,0.009061336406739428,-192.47594583034515,31.20983999149992,2.0,0.12087596952915192,
1800000,1385.7826623916626,-186.17921006679535,31.147755766739767,-0.001696274340890369,12.981734561920167,0.6227948367595673,0.013029281091565892,-192.47594583034515,31.20983999149992,2.0,0.12528734058141708,
1804000,1390.024566411972,-191.16610288619995,36.69774812271015,-0.0050200850497930105,11.328168296813965,0.6055863499641418,0.010675564454868437,-191.62720911204815,34.051123252372314,2.0,0.12048925533890724,
1808000,1392.9887523651123,-192.0485713481903,29.92991828496765,-0.00594334327786541,7.339813232421875,0.5989528059959411,0.0058249508847366014,-191.62720911204815,34.051123252372314,2.0,0.11806582510471345,
1812000,1395.9519221782684,-194.0092580318451,27.467365962553142,-0.004510851116540593,7.213283729553223,0.5827022850513458,0.0030542494147084653,-191.62720911204815,34.051123252372314,2.0,0.11813430413603783,
1816000,1398.8986389636993,-189.52768516540527,32.41123746869153,-0.005158088070185229,9.291469812393188,0.5869088470935822,0.0022189509811869623,-191.62720911204815,34.051123252372314,2.0,0.10703244879841804,
1820000,1401.8616127967834,-192.4850730895996,34.0604448233493,-0.00454777893703433,11.544852542877198,0.5885553956031799,0.004331794872996397,-191.62720911204815,34.051123252372314,2.0,0.12777224630117417,
1824000,1404.8094098567963,-189.43997049331665,30.341680587139827,-0.005849969599240801,6.924929571151734,0.6266324520111084,0.006100421523675337,-191.62720911204815,34.051123252372314,2.0,0.11421322450041771,
1828000,1407.7741961479187,-191.9445469379425,36.43629681427379,-0.00535362849726031,9.57356686592102,0.5910489857196808,0.007545315576135181,-191.62720911204815,34.051123252372314,2.0,0.12970086336135864,
1832000,1410.5498008728027,-190.00455582141876,31.223090661470255,-0.0055674948447073545,6.081211948394776,0.61536985039711,0.0105818887706846,-191.62720911204815,34.051123252372314,2.0,0.11738256216049195,
1836000,1413.2935392856598,-201.90383458137512,31.208624669907447,-0.0037728776806810415,10.241926765441894,0.6238499939441681,0.0030779563583977153,-191.62720911204815,34.051123252372314,2.0,0.115143271535635,
1840000,1416.0247721672058,-192.35896158218384,37.07125846351622,-0.00716683995382239,9.338550758361816,0.6594354331493377,0.003752082226856146,-191.62720911204815,34.051123252372314,2.0,0.11398765295743943,
1844000,1420.099591255188,-194.3685666322708,35.67880610052285,-0.005965065559217208,10.641516876220702,0.6721197128295898,0.007385311927830785,-190.18225695937872,28.798882203291463,2.0,0.1126815102994442,
1848000,1422.8474428653717,-195.8449490070343,31.152953077060786,-0.00474498599767692,11.25616683959961,0.6665006279945374,0.004386165749747306,-190.18225695937872,28.798882203291463,2.0,0.1027556911110878,
1852000,1425.5995931625366,-196.69151639938354,36.20204334732523,-0.004490543322016727,11.497485160827637,0.7449549317359925,0.0038680018447339592,-190.18225695937872,28.798882203291463,2.0,0.09938719421625138,
1856000,1428.3524067401886,-196.78437757492065,35.727980276786425,-0.004493451595772057,10.983074283599853,0.7045505762100219,0.004560020469943993,-190.18225695937872,28.798882203291463,2.0,0.1138707347214222,
1860000,1431.122168302536,-200.1328411102295,37.53786417796232,-0.004403953356901269,8.526115942001343,0.6939087152481079,0.0025528125755954535,-190.18225695937872,28.798882203291463,2.0,0.09652292057871818,
1864000,1433.8652403354645,-197.5303020477295,33.80866438018287,-0.005604843173020857,7.038697576522827,0.6491136193275452,0.008943114212093262,-190.18225695937872,28.798882203291463,2.0,0.10114748701453209,
1868000,1436.600247144699,-190.05327725410461,30.657754240025017,-0.0066197638267961436,9.039063262939454,0.6101204872131347,0.008842252074896084,-190.18225695937872,28.798882203291463,2.0,0.13321808278560637,
1872000,1439.36629652977,-201.54088044166565,34.6336741103851,-0.0048536820818748435,11.490529918670655,0.6472323715686799,0.01214709026971832,-190.18225695937872,28.798882203291463,2.0,0.10416068807244301,
1876000,1442.2188820838928,-193.93509483337402,36.71316286033815,-0.005784622884666035,8.749866104125976,0.6104563653469086,0.005477442963747326,-190.18225695937872,28.798882203291463,2.0,0.12344174087047577,
1880000,1445.1458961963654,-193.52297353744507,29.054168966482553,-0.0034685990817767466,13.554858779907226,0.6081645727157593,0.004584450391121209,-190.18225695937872,28.798882203291463,2.0,0.13039843142032623,
1884000,1449.3869619369507,-199.36068725585938,31.434071656922928,-0.005398760916665202,13.899087619781493,0.595089340209961,0.0054330625658622015,-188.8501220792532,33.0327513719221,2.0,0.11961556896567345,
1888000,1452.3273439407349,-191.61121213436127,35.02798747039021,-0.005088359143429777,11.577901935577392,0.5815872490406037,0.006620818310106813,-188.8501220792532,33.0327513719221,2.0,0.11296381801366806,
1892000,1455.1796197891235,-190.7036783695221,24.654598846387294,-0.0060965970048370895,7.213357591629029,0.5207435309886932,0.008490890311077238,-188.8501220792532,33.0327513719221,2.0,0.11248119771480561,
1896000,1457.946230173111,-192.4157156944275,32.67280044019593,-0.0055007380029808315,9.201454401016235,0.5676975607872009,0.006557099640835076,-188.8501220792532,33.0327513719221,2.0,0.11875868514180184,
1900000,1460.7058703899384,-191.2572032213211,35.4652562424196,-0.0048731058107999384,9.804911947250366,0.5446150422096252,0.0019988753367215393,-188.8501220792532,33.0327513719221,2.0,0.12796610742807388,
1904000,1463.5295543670654,-187.09120631217957,30.707021522739424,-0.004043869735789496,7.530057811737061,0.5632152795791626,0.007384293486985083,-188.8501220792532,33.0327513719221,2.0,0.12232548668980599,
1908000,1466.4862895011902,-197.0924849510193,32.98134391859331,-0.005697486691021681,9.048950624465942,0.5432574450969696,0.007738549197558342,-188.8501220792532,33.0327513719221,2.0,0.11142182871699333,
1912000,1469.291023015976,-194.21866464614868,32.579041558263135,-0.0038616240072684603,7.496820449829102,0.5326269686222076,0.003671306754404213,-188.8501220792532,33.0327513719221,2.0,0.11023434549570084,
1916000,1472.2181024551392,-201.11980652809143,38.821149326111,-0.00798957236607869,6.606070947647095,0.6065324306488037,0.008733069707949959,-188.8501220792532,33.0327513719221,2.0,0.10875021517276764,
1920000,1475.1644752025604,-194.53536987304688,34.36056450760394,-0.00513859080080874,8.044020748138427,0.541418707370758,0.004911615753371734,-188.8501220792532,33.0327513719221,2.0,0.11543421372771263,
1924000,1479.2710597515106,-197.88279342651367,38.82409327362496,-0.0035612709917282716,8.288325452804566,0.5214117884635925,0.01226415637880569,-203.87709549069405,30.889233334357417,2.0,0.11884313598275184,
1928000,1482.0884144306183,-198.91997241973877,35.654925326910465,-0.005268163023283634,15.223759651184082,0.5761279165744781,0.007574688812640185,-203.87709549069405,30.889233334357417,2.0,0.1208561472594738,
1932000,1484.8662898540497,-195.21467065811157,39.1101651939314,-0.0039306059377267385,12.076467895507813,0.49917782545089723,0.005558531242422759,-203.87709549069405,30.889233334357417,2.0,0.11962841525673866,
1936000,1487.6562905311584,-187.45049476623535,33.102143311224715,-0.005003749909189836,12.802336692810059,0.5796470224857331,0.00630711872363463,-203.87709549069405,30.889233334357417,2.0,0.10538355633616447,
1940000,1490.5030574798584,-191.16167545318604,32.08705108961907,-0.004883998165450354,9.533059883117676,0.5804735481739044,0.009154095081612468,-203.87709549069405,30.889233334357417,2.0,0.1188426934182644,
1944000,1493.325091600418,-195.5295717716217,27.081528831782514,-0.006389982554440676,8.129597043991089,0.583707869052887,0.010564688872545958,-203.87709549069405,30.889233334357417,2.0,0.1157040350139141,
1948000,1496.1223649978638,-196.9151668548584,31.80897275262737,-0.00805643326137213,9.586099100112914,0.6062183916568756,0.009069338266272098,-203.87709549069405,30.889233334357417,2.0,0.10560386925935746,
1952000,1499.012362241745,-185.7167237997055,27.663886111229274,-0.007318002268516821,6.501479196548462,0.5641500294208527,0.005981379190227021,-203.87709549069405,30.889233334357417,2.0,0.10779324844479561,
1956000,1502.0155947208405,-188.62159204483032,27.322696187829923,-0.007504311739622249,8.208554697036742,0.5781299650669098,0.009052058464226631,-203.87709549069405,30.889233334357417,2.0,0.11103310734033585,
1960000,1504.9899899959564,-194.86001420021057,35.74268694916598,-0.006070029370486729,10.173114681243897,0.6093273997306824,0.00549249928533877,-203.87709549069405,30.889233334357417,2.0,0.11563677117228507,
1964000,1509.284482717514,-197.92601442337036,33.28867410508769,-0.005850627597887126,7.868532323837281,0.6001047134399414,0.007088505680090762,-196.66615116596222,28.065183234404458,2.0,0.10614774450659752,
1968000,1512.2509791851044,-195.02856850624084,33.447582105289996,-0.005348916660295799,9.317107248306275,0.5619564235210419,0.005794811566282698,-196.66615116596222,28.065183234404458,2.0,0.0996565081179142,
1972000,1515.1919226646423,-187.1672751903534,29.905085071798037,-0.004406579535687527,7.473771619796753,0.6136537373065949,0.020874311681836843,-196.66615116596222,28.065183234404458,2.0,0.11078161299228668,
1976000,1518.1391606330872,-191.44771325588226,33.0869651829342,-0.003091220015621232,12.61542205810547,0.6274104595184327,0.005624162202390526,-196.66615116596222,28.065183234404458,2.0,0.10036380589008331,
1980000,1521.115564107895,-184.60582208633423,29.400247315228537,-0.005380161946018536,8.102176284790039,0.581317538022995,0.006607499637175352,-196.66615116596222,28.065183234404458,2.0,0.0999374732375145,
1984000,1524.0973343849182,-195.17217373847961,33.63954987401603,-0.004976547181557755,11.034135627746583,0.5808532953262329,0.003755527599404296,-196.66615116596222,28.065183234404458,2.0,0.10377793312072754,
1988000,1527.0304355621338,-196.90321278572083,34.99025425661389,-0.004678905102657183,12.349881172180176,0.5693906486034394,0.008325476726827574,-196.66615116596222,28.065183234404458,2.0,0.10483410209417343,
1992000,1529.939062833786,-188.01898527145386,35.34807338496344,-0.006730097795681411,8.874774932861328,0.5700790107250213,0.006490736547857523,-196.66615116596222,28.065183234404458,2.0,0.09459949359297752,
1996000,1532.8804466724396,-189.8631718158722,28.156495914932893,-0.005186488963974156,7.942421245574951,0.6195587158203125,0.008655676898236075,-196.66615116596222,28.065183234404458,2.0,0.11503348872065544,
2000000,1535.8027448654175,-200.41378700733185,35.7772069894487,-0.006516686667067351,10.309792232513427,0.589169442653656,0.009252619044855238,-196.66615116596222,28.065183234404458,2.0,0.09638797417283058,
