global_step,wall_time_s,ep_return_mean,ep_return_std,policy_loss,value_loss,entropy,approx_kl,eval_return_mean,eval_return_std,mean_k,attn_entropy,lagrange_lambda
4000,3.7096896171569824,-223.3708758354187,46.79706689912776,-0.0006618208445239304,204.6424774169922,1.6036876559257507,3.062120611624364e-05,,,4.0,1.372959816455841,
8000,6.7013609409332275,-224.55731582641602,45.08530626394175,-0.0003981639555604488,179.69158782958985,1.5930498957633972,3.465289391897386e-05,,,4.0,1.3681766510009765,
12000,9.68512225151062,-226.66042757034302,47.70923386926591,-0.00074615369487816,157.07867584228515,1.581786000728607,0.00011905466490134132,,,4.0,1.3711821556091308,
16000,12.651339054107666,-211.8019618988037,37.82396982731659,-0.00025373880385508584,99.91832656860352,1.5622808456420898,0.0,,,4.0,1.377393639087677,
20000,15.66163158416748,-203.8946213722229,34.518328241258175,-0.0005723759898683233,65.64890632629394,1.5597208976745605,0.00013874572409804385,,,4.0,1.3751522660255433,
24000,18.666765213012695,-224.5481240749359,48.336745887750816,-0.0015723760108618645,103.6044708251953,1.548652184009552,8.697368190041521e-05,,,4.0,1.3735622882843017,
28000,21.664847373962402,-213.76798963546753,32.289146669751645,-0.001706355774716961,76.2796516418457,1.5337408781051636,0.00022508315014420078,,,4.0,1.3784613132476806,
32000,24.667643547058105,-199.42082333564758,30.485627259271837,-0.0014353901571205973,65.97483749389649,1.5644411444664001,0.0002693796224678746,,,4.0,1.3786057353019714,
36000,27.641253232955933,-221.33925437927246,47.18770320805582,-0.0003289312556734814,90.38968124389649,1.5512739777565003,0.0003268273449066328,,,4.0,1.371897006034851,
40000,30.687880277633667,-220.5343097448349,40.294369176330044,0.00011460017077720152,76.84226913452149,1.555093252658844,0.0004475113180621326,,,4.0,1.3722545981407166,
44000,35.341673612594604,-222.94617772102356,44.05231634804779,-0.00013754253235038761,78.73087692260742,1.5571393609046935,0.0002319722596439533,-237.01290269941092,40.34761695797599,4.0,1.3729620933532716,
48000,38.2872371673584,-221.16224312782288,40.18126554933891,-0.0007809043367791091,69.19766616821289,1.5210428357124328,0.0002689620874395282,-237.01290269941092,40.34761695797599,4.0,1.374480652809143,
52000,41.26189970970154,-206.77272844314575,35.648127546913805,-0.0008193905036605997,75.53918914794922,1.5066142439842225,0.0005195160050789127,-237.01290269941092,40.34761695797599,4.0,1.3765299320220947,
56000,44.244046688079834,-218.84147477149963,33.16378485560367,-0.0008025696166733098,51.25356521606445,1.4879558086395264,0.00030400100149563514,-237.01290269941092,40.34761695797599,4.0,1.3774189114570619,
60000,47.19835925102234,-222.5538330078125,36.82704077748008,-0.0005593016358179881,45.902085876464845,1.494989240169525,0.0004169920715867192,-237.01290269941092,40.34761695797599,4.0,1.3744530200958252,
64000,50.11143779754639,-246.87200140953064,40.71120766347493,-0.0013307072921767472,41.7082633972168,1.4530840516090393,0.0014372350143773249,-237.01290269941092,40.34761695797599,4.0,1.3734514474868775,
68000,53.26697778701782,-224.0765438079834,38.42952585229683,-0.002074860571495485,40.504708480834964,1.4663526177406312,0.0010919872904196382,-237.01290269941092,40.34761695797599,4.0,1.3695344805717469,
72000,56.41566228866577,-230.0486958026886,35.73842887576097,0.00024095650843203865,44.412366485595705,1.4371145129203797,0.0007137174616218545,-237.01290269941092,40.34761695797599,4.0,1.3694852352142335,
76000,59.52454495429993,-249.10356307029724,43.20637291009193,-0.0011257751293063834,41.9932975769043,1.420933973789215,0.0015051363181555644,-237.01290269941092,40.34761695797599,4.0,1.365602147579193,
80000,62.70453190803528,-246.34871244430542,47.64589544864988,-0.0017256465168320467,34.95575504302978,1.403345024585724,0.0018923704192275181,-237.01290269941092,40.34761695797599,4.0,1.3661829352378845,
84000,67.60939598083496,-240.8094584941864,42.91830718021487,-0.0026096167216698163,33.46515045166016,1.440730667114258,0.000886153493229358,-330.5834932178259,88.09602940945103,4.0,1.3729299187660218,
88000,70.66648173332214,-222.3806848526001,40.73676071023171,-0.0014427367555339466,38.304203796386716,1.4261617541313172,0.0004576258761517238,-330.5834932178259,88.09602940945103,4.0,1.3733516216278077,
92000,73.71238088607788,-230.87645077705383,41.78259789008317,-0.0006345329192190441,38.30558528900146,1.4155649304389955,0.002816098265505085,-330.5834932178259,88.09602940945103,4.0,1.3643367290496826,
96000,76.78694248199463,-229.13464045524597,39.8988356174518,-0.0008486641824031693,39.23643054962158,1.432899796962738,0.0024932957765025467,-330.5834932178259,88.09602940945103,4.0,1.3609347105026246,
100000,79.79967951774597,-243.97063040733337,36.039386140296074,-0.0005093861599744009,33.08119068145752,1.3849443197250366,0.0009057457863236778,-330.5834932178259,88.09602940945103,4.0,1.3440807819366456,
104000,82.71866202354431,-249.15270900726318,48.50101917943016,-0.0025948908535841308,29.154623413085936,1.372820746898651,0.0022920771282321506,-330.5834932178259,88.09602940945103,4.0,1.3336061239242554,
108000,85.7762360572815,-233.94709253311157,40.24191289502575,-0.0023486574180424215,37.67901821136475,1.4280423760414123,0.0020900867845242256,-330.5834932178259,88.09602940945103,4.0,1.311767840385437,
112000,88.84163236618042,-221.48487949371338,36.94899307409588,-0.002165524697513277,30.866871070861816,1.359709048271179,0.0023722718534603116,-330.5834932178259,88.09602940945103,4.0,1.3257346034049988,
116000,91.93440699577332,-245.82046031951904,44.754992879017706,-0.0034682013818528646,29.296619606018066,1.3175997614860535,0.005146458418341354,-330.5834932178259,88.09602940945103,4.0,1.2536615014076233,
120000,95.0313618183136,-231.10289239883423,45.511178123360544,-0.0025989409874115797,35.71066474914551,1.3988529562950134,0.0020119184333695257,-330.5834932178259,88.09602940945103,4.0,1.2642290592193604,
124000,99.89976787567139,-216.6673629283905,36.78491420485917,-0.003065431606820024,34.61352977752686,1.4057295441627502,0.0017552565992809965,-233.79291966557503,39.825882978481815,4.0,1.2643951296806335,
128000,102.83400225639343,-222.0771505832672,40.01641337995193,-0.0019257765918148984,30.242717933654784,1.383910894393921,0.0011425077716121558,-233.79291966557503,39.825882978481815,4.0,1.2446652054786682,
132000,105.76410174369812,-210.9728639125824,34.870894745877955,-0.0008834566226189721,30.077638244628908,1.353938639163971,0.0024432146950857715,-233.79291966557503,39.825882978481815,4.0,1.2378177523612977,
136000,108.84376955032349,-216.67489767074585,33.56700656562855,-0.0011850157038036714,30.628118324279786,1.3456920266151429,0.0009974728251108899,-233.79291966557503,39.825882978481815,4.0,1.2130678057670594,
140000,111.90286564826965,-220.70184707641602,39.44134115943199,-0.0023804070634250605,40.623771286010744,1.3222117662429809,0.003345604511559941,-233.79291966557503,39.825882978481815,4.0,1.2372998356819154,
144000,115.04934525489807,-208.74701142311096,32.51934088749687,-0.0014190205238216792,39.63001556396485,1.3521900296211242,0.003793594753369689,-233.79291966557503,39.825882978481815,4.0,1.2234782576560974,
148000,118.16624188423157,-204.6567075252533,30.08443259328192,-0.0007997996435150867,34.91947612762451,1.356588566303253,0.002963214128976688,-233.79291966557503,39.825882978481815,4.0,1.240297758579254,
152000,121.37037539482117,-212.23727297782898,38.96960514739761,-0.003694694435199686,33.85389747619629,1.332732355594635,0.006283738381539794,-233.79291966557503,39.825882978481815,4.0,1.184924054145813,
156000,124.53407979011536,-211.55078315734863,34.353226363687675,-0.003350082863277404,27.48209743499756,1.3623061776161194,0.005648042052052915,-233.79291966557503,39.825882978481815,4.0,1.235900866985321,
160000,127.68622756004333,-213.1662151813507,38.74747597039944,-0.001969437747611735,40.601427459716795,1.3609617114067079,0.003578657831531018,-233.79291966557503,39.825882978481815,4.0,1.2431423664093018,
164000,132.67545294761658,-207.98616647720337,39.05269616473942,-0.003819798229999538,30.130817794799803,1.3691057205200194,0.0031469131266931073,-223.61630815267563,32.47695694148143,4.0,1.247074580192566,
168000,135.9049937725067,-214.3070411682129,43.020604982128226,-0.002986891079519438,38.07484149932861,1.3205132722854613,0.002658155339052115,-223.61630815267563,32.47695694148143,4.0,1.2487794876098632,
172000,139.12645840644836,-213.85843539237976,42.64469179154004,-0.001905793111116516,41.608530044555664,1.302934718132019,0.0032921289617661386,-223.61630815267563,32.47695694148143,4.0,1.204671609401703,
176000,142.38561606407166,-214.99628901481628,38.51240787616244,-0.0037374715036324613,28.701520919799805,1.2706483483314515,0.002505756544996984,-223.61630815267563,32.47695694148143,4.0,1.1735169649124146,
180000,145.9510190486908,-218.5182433128357,39.5626553457935,-0.0031175323685941557,29.88946990966797,1.2501863956451416,0.0034183601467715043,-223.61630815267563,32.47695694148143,4.0,1.1193045616149901,
184000,149.48223876953125,-223.20761132240295,35.88012506642223,-0.0032556863357894985,31.548090934753418,1.2321683645248414,0.00568640428998819,-223.61630815267563,32.47695694148143,4.0,1.1117146849632262,
188000,152.89545345306396,-224.96917605400085,38.268839293437985,-0.0014709092492994457,31.95130558013916,1.2225114822387695,0.007661172433290631,-223.61630815267563,32.47695694148143,4.0,1.0618263244628907,
192000,156.27893662452698,-220.49779891967773,41.57764098587301,-0.003834978063687838,21.46338348388672,1.2341423869132995,0.002372536645270884,-223.61630815267563,32.47695694148143,4.0,1.0583570957183839,
196000,159.7056086063385,-217.59733414649963,36.850396246532135,-0.005368983420931439,40.26888465881348,1.2269214272499085,0.0025404070043005046,-223.61630815267563,32.47695694148143,4.0,1.0302937030792236,
200000,163.7504026889801,-219.4276020526886,38.28849432502484,-0.004124266829807333,24.331240463256837,1.2159959077835083,0.00581091531785205,-223.61630815267563,32.47695694148143,4.0,1.0371521353721618,
204000,171.15193128585815,-212.46066784858704,30.20534800032447,-0.004617451559752217,24.098248100280763,1.137376570701599,0.0030181042180629446,-217.9288628846407,49.40063776180368,4.0,0.9480700433254242,
208000,175.73647785186768,-207.6901044845581,34.360962107577954,-0.004410782631020993,23.16706790924072,1.141141903400421,0.008999195612501376,-217.9288628846407,49.40063776180368,4.0,1.0573445320129395,
212000,180.36386847496033,-218.12199354171753,42.97437045379906,-0.0036797134345396996,26.512720108032227,1.1866085648536682,0.0050753414281643925,-217.9288628846407,49.40063776180368,4.0,0.9320098996162415,
216000,185.07968878746033,-218.89790225028992,42.15556302584028,-0.002116081195437225,33.83722038269043,1.1220643162727355,0.0005949518768369133,-217.9288628846407,49.40063776180368,4.0,0.8826591968536377,
220000,189.86695766448975,-220.68851900100708,41.77193560394684,-0.005260606802999978,21.51636371612549,1.148531973361969,0.005885695506003685,-217.9288628846407,49.40063776180368,4.0,0.8661719918251037,
224000,194.7646508216858,-219.24097681045532,44.969513721883494,-0.0023676686352021915,28.252746963500975,1.1275048017501832,0.003041541614104126,-217.9288628846407,49.40063776180368,4.0,0.8936868250370026,
228000,199.8634066581726,-217.37614822387695,43.79459212452561,-0.0033863149466924368,21.42095184326172,1.0726025581359864,0.0050188756883144505,-217.9288628846407,49.40063776180368,4.0,0.8543785572052002,
232000,205.32878589630127,-214.55048990249634,36.26287149277444,-0.0036050343216290194,28.73592185974121,1.1858216404914856,0.0032694320974793857,-217.9288628846407,49.40063776180368,4.0,0.8782914102077484,
236000,210.7505910396576,-217.10311603546143,36.14426691981879,-0.0030616030788708894,21.41124725341797,1.1778208494186402,0.004012858471833169,-217.9288628846407,49.40063776180368,4.0,0.9295183002948761,
240000,216.1681191921234,-207.66305887699127,37.23376955817948,-0.003759895148376602,19.19259614944458,1.1364447474479675,0.007264863897580654,-217.9288628846407,49.40063776180368,4.0,0.9595392644405365,
244000,227.9932930469513,-203.71014869213104,40.42487091028493,-0.004847368761819482,20.822421836853028,1.1656857490539552,0.004696150271221995,-209.58080422133207,42.476958600601854,4.0,0.8996878802776337,
248000,233.51412534713745,-201.69820511341095,30.462578422603098,-0.005664100196367805,13.434303665161133,1.1387508153915404,0.007854871707968414,-209.58080422133207,42.476958600601854,4.0,0.903572541475296,
252000,238.9193434715271,-216.53255462646484,32.00714345312421,-0.0015145582761808996,23.2577693939209,1.0796976447105409,0.003851568390382454,-209.58080422133207,42.476958600601854,4.0,0.9157027781009675,
256000,244.37171840667725,-201.69865822792053,32.68485648341988,-0.0037186433285242514,17.47325391769409,1.1414374232292175,0.0024175670794211344,-209.58080422133207,42.476958600601854,4.0,0.9262359142303467,
260000,249.65540981292725,-225.8482813835144,47.7038036746535,-0.004458666510879982,25.25664291381836,1.0739670276641846,0.006230466399380674,-209.58080422133207,42.476958600601854,4.0,0.8500361204147339,
264000,254.94832396507263,-216.70835733413696,39.07909512580291,-0.005159162382517635,24.579420471191405,1.1142809748649598,0.0047766321280505505,-209.58080422133207,42.476958600601854,4.0,0.8825969755649566,
268000,259.9234952926636,-214.0750036239624,35.718502348744025,-0.004266738458614183,22.326840209960938,1.1121723294258117,0.006901281396159908,-209.58080422133207,42.476958600601854,4.0,0.9060024499893189,
272000,265.43925762176514,-212.56163024902344,34.017686086816276,-0.0034504809251908243,19.936927032470702,1.0730733275413513,0.007450538910304516,-209.58080422133207,42.476958600601854,4.0,0.966979694366455,
276000,270.9715476036072,-212.0266935825348,34.48602010788255,-0.005789554625128712,15.696463489532471,1.0738220453262328,0.009290395566029485,-209.58080422133207,42.476958600601854,4.0,0.8371257603168487,
280000,276.4300112724304,-220.57564330101013,37.394979577264394,-0.0040279601123959455,21.85054168701172,1.1202666401863097,0.00821679058577871,-209.58080422133207,42.476958600601854,4.0,0.8593895971775055,
284000,288.90404200553894,-214.18835425376892,35.99047926007682,-0.004177243723766999,23.674035835266114,1.0738654494285584,0.004297474952181801,-221.59152391552925,32.681141262229,4.0,0.7718605279922486,
288000,294.2224223613739,-224.45983839035034,40.129198441050015,-0.002490408737367655,25.392970466613768,1.0616308093070983,0.0036268279600384034,-221.59152391552925,32.681141262229,4.0,0.7985539495944977,
292000,299.54997396469116,-220.80685782432556,37.543873661378335,-0.00479258055558116,20.31170835494995,1.0745802640914917,0.0056273906381490765,-221.59152391552925,32.681141262229,4.0,0.8187909126281738,
296000,304.88654804229736,-214.1214475631714,44.71901762289796,-0.003255267497229708,25.622327041625976,1.0930391430854798,0.004769187615602277,-221.59152391552925,32.681141262229,4.0,0.7981248199939728,
300000,310.2834858894348,-216.01855492591858,37.72961446415651,-0.004122566773866599,14.97823724746704,1.0331474661827087,0.005638411967083812,-221.59152391552925,32.681141262229,4.0,0.8339546263217926,
304000,315.63516449928284,-222.43600606918335,41.6517057615208,-0.004252158727031219,19.935505676269532,1.055745005607605,0.004375763353891671,-221.59152391552925,32.681141262229,4.0,0.835047823190689,
308000,320.969810962677,-218.47913646697998,37.36809883003264,-0.0024429422119865763,17.514838695526123,1.056981086730957,0.004624480880874519,-221.59152391552925,32.681141262229,4.0,0.7787487804889679,
312000,326.3187427520752,-224.59107971191406,42.067573397013554,-0.0036595936533606378,18.855450057983397,1.0260517477989197,0.006688242411473766,-221.59152391552925,32.681141262229,4.0,0.7949628114700318,
316000,331.6930630207062,-216.02964878082275,38.55464745709213,-0.005279309449562186,18.834071731567384,1.0253305554389953,0.004725402283656877,-221.59152391552925,32.681141262229,4.0,0.7460182249546051,
320000,337.0356788635254,-220.40421605110168,39.23939502790581,-0.004107681272396224,19.33298864364624,1.0057310461997986,0.005723588366527111,-221.59152391552925,32.681141262229,4.0,0.7503378212451934,
324000,349.48957324028015,-216.90161418914795,29.917001176231228,-0.0049403559146449,13.081904697418214,0.9843368232250214,0.005743872025050223,-214.777940467,35.94299967437843,4.0,0.7390052378177643,
328000,354.94862127304077,-213.66712474822998,37.30748333210573,-0.003155928265924146,21.56372661590576,0.929095858335495,0.002833691258817761,-214.777940467,35.94299967437843,4.0,0.7238205194473266,
332000,360.38909912109375,-229.44405794143677,43.21090721782779,-0.004622004102760346,13.666268730163575,0.8837023615837097,0.002967149064177654,-214.777940467,35.94299967437843,4.0,0.7135763704776764,
336000,365.92330861091614,-219.47947239875793,35.027538547682084,-0.0051327811810189415,15.19673719406128,0.8245364725589752,0.0054126693750731645,-214.777940467,35.94299967437843,4.0,0.7405959248542786,
340000,371.40672492980957,-216.42331504821777,39.66790615896865,-0.0029218688176285146,15.702406406402588,0.917392474412918,0.006745154643431306,-214.777940467,35.94299967437843,4.0,0.6218836545944214,
344000,376.9259295463562,-215.04718923568726,39.99181411878688,-0.004116744224137314,15.407463264465331,0.9343863546848297,0.005239187029656023,-214.777940467,35.94299967437843,4.0,0.6259876728057862,
348000,382.41719579696655,-210.22973918914795,37.408680229156644,-0.0018882350107403134,19.71202459335327,0.9314699292182922,0.0030199209053535015,-214.777940467,35.94299967437843,4.0,0.718915069103241,
352000,387.9406886100769,-213.340989112854,38.02316708906631,-0.002733626432910874,21.426000595092773,0.9153711080551148,0.007661753398055815,-214.777940467,35.94299967437843,4.0,0.6790393412113189,
356000,393.4418218135834,-205.69135308265686,39.67905196126424,-0.0029486343249057524,16.20854377746582,0.8996426522731781,0.004057250133560353,-214.777940467,35.94299967437843,4.0,0.6941421031951904,
360000,398.95079469680786,-215.56246304512024,43.407366184690474,-0.002474510606067959,19.96412286758423,0.8933306932449341,0.0023870849707551935,-214.777940467,35.94299967437843,4.0,0.6342678844928742,
364000,411.43619680404663,-218.14552474021912,59.95853461033488,-0.0040754356351681235,20.90851573944092,0.8368024170398712,0.004879371298011392,-218.39887389540672,39.64016780555404,4.0,0.629407274723053,
368000,416.93437671661377,-217.79038739204407,47.173510552771795,-0.004536346519521039,20.95333251953125,0.9321921467781067,0.009403310820925982,-218.39887389540672,39.64016780555404,4.0,0.6596260726451874,
372000,422.46439385414124,-216.04294514656067,43.034037263156236,-0.002877022163282739,16.1732741355896,0.9392755150794982,0.003934576583560556,-218.39887389540672,39.64016780555404,4.0,0.588163036108017,
376000,427.8540880680084,-215.22194027900696,38.55995044772295,-0.004796765446119622,14.922520351409911,0.9468859076499939,0.004742536029778433,-218.39887389540672,39.64016780555404,4.0,0.6330890715122223,
380000,433.16906905174255,-217.07849311828613,38.88818131004192,-0.00550528910321495,13.472403430938721,0.959854006767273,0.004332170163979754,-218.39887389540672,39.64016780555404,4.0,0.6550975382328034,
384000,438.60756826400757,-202.9443315267563,38.106200765676746,-0.003353158156232272,14.263283061981202,0.871385782957077,0.005301799376960847,-218.39887389540672,39.64016780555404,4.0,0.7720676600933075,
388000,444.04587483406067,-195.89167141914368,32.830713301524185,-0.005423971503817704,7.975601863861084,0.8730326354503631,0.009873254155740141,-218.39887389540672,39.64016780555404,4.0,0.7422759890556335,
392000,449.61066222190857,-206.10965538024902,33.92807984929443,-0.004141029642972516,11.19580307006836,0.935187941789627,0.004711972751693505,-218.39887389540672,39.64016780555404,4.0,0.6718588650226593,
396000,455.1913149356842,-207.07009506225586,41.580814457308726,-0.005971814253289765,18.31209239959717,0.8886935591697693,0.0058250021381924585,-218.39887389540672,39.64016780555404,4.0,0.7266552686691284,
400000,460.8105900287628,-196.202134847641,37.63323724483045,-0.005530361243523662,10.858768844604493,0.8526701092720032,0.005749500938691199,-218.39887389540672,39.64016780555404,4.0,0.7157687664031982,
404000,473.57584738731384,-208.96951985359192,37.39728257431593,-0.00402957592904567,11.092162227630615,0.8918253421783447,0.0066079025538638095,-203.02269706130028,34.78847047431423,4.0,0.6899222910404206,
408000,479.1194281578064,-208.17664122581482,43.86851303576703,-0.005668376983919488,14.112310600280761,0.8576867818832398,0.004137408613692983,-203.02269706130028,34.78847047431423,4.0,0.7045185685157775,
412000,484.57131266593933,-208.77284836769104,36.20022041666744,-0.003488489489536661,15.164124774932862,0.9057950973510742,0.005489725229563191,-203.02269706130028,34.78847047431423,4.0,0.6587431907653809,
416000,489.9436972141266,-204.0930769443512,44.64924282469276,-0.005570578960391437,9.519500160217286,0.9102159380912781,0.004067607788058636,-203.02269706130028,34.78847047431423,4.0,0.8217422425746918,
420000,495.3582983016968,-205.2724163532257,31.06795085655457,-0.003980157945460405,11.82036371231079,0.8222698390483856,0.006092016745902029,-203.02269706130028,34.78847047431423,4.0,0.7328868687152863,
424000,500.8062310218811,-202.36391806602478,38.70491965490709,-0.005633022506022822,11.548562908172608,0.840157276391983,0.00435981645132415,-203.02269706130028,34.78847047431423,4.0,0.7647103309631348,
428000,506.3585875034332,-204.65841591358185,36.25760115720396,-0.005893869541585417,15.231659412384033,0.8661964952945709,0.007076660294182769,-203.02269706130028,34.78847047431423,4.0,0.8261295914649963,
432000,511.8798577785492,-202.84620666503906,35.370820962562455,-0.005097327156613263,15.950376987457275,0.8463694810867309,0.005573695547878743,-203.02269706130028,34.78847047431423,4.0,0.6909322440624237,
436000,517.4237036705017,-205.54308986663818,38.8730809848227,-0.005521969887660827,11.496975803375244,0.8213135778903962,0.006807607269380256,-203.02269706130028,34.78847047431423,4.0,0.7316754937171936,
440000,522.9784116744995,-209.3994767665863,39.365352066799844,-0.002847186454727002,14.559160804748535,0.8353367626667023,0.004301413674780633,-203.02269706130028,34.78847047431423,4.0,0.6597254276275635,
444000,535.7168076038361,-203.3782708644867,31.820644170068075,-0.003902595194871594,12.641904163360596,0.842048853635788,0.004035182701268547,-215.8848371580243,43.372345525182766,4.0,0.749655032157898,
448000,541.2746415138245,-202.78506898880005,36.13571391877709,-0.006195623971832287,11.419225692749023,0.9133532524108887,0.009924886445514858,-215.8848371580243,43.372345525182766,4.0,0.7826785743236542,
452000,546.7700049877167,-202.57448625564575,38.68461931930589,-0.004181995574617759,19.663960456848145,0.9081577301025391,0.0065316036518197505,-215.8848371580243,43.372345525182766,4.0,0.717157244682312,
456000,552.1756238937378,-198.8172595500946,34.43785576695026,-0.0046602299387256355,12.96551160812378,0.8758648216724396,0.005899306733976139,-215.8848371580243,43.372345525182766,4.0,0.8353701174259186,
460000,557.5842714309692,-207.8981659412384,34.47550952098676,-0.005507446133997273,12.492576217651367,0.8609751880168914,0.005849543213068209,-215.8848371580243,43.372345525182766,4.0,0.7569795966148376,
464000,563.0183961391449,-203.30410277843475,34.67418546024833,-0.0027398046344362824,12.762217140197754,0.8273681402206421,0.009107892802606026,-215.8848371580243,43.372345525182766,4.0,0.7344971656799316,
468000,568.5931770801544,-202.71843671798706,36.30694051308915,-0.003991175201643849,12.612941074371339,0.7978461146354675,0.003659740905277431,-215.8848371580243,43.372345525182766,4.0,0.7435084462165833,
472000,574.1639578342438,-196.189488530159,44.26831580500531,-0.0038775158979309056,12.676403141021728,0.7585282981395721,0.0074390707188285886,-215.8848371580243,43.372345525182766,4.0,0.7684701681137085,
476000,579.7242069244385,-206.8100185394287,40.39466853601847,-0.002559460746978104,14.98373556137085,0.7714676439762116,0.004474335939856244,-215.8848371580243,43.372345525182766,4.0,0.7200933694839478,
480000,585.3205876350403,-199.85795772075653,36.987062700188645,-0.003423134380641102,13.645068740844726,0.7126363933086395,0.003307552664773539,-215.8848371580243,43.372345525182766,4.0,0.7091986536979675,
484000,598.1001625061035,-205.4052790403366,40.06544343137546,-0.0029898846635284305,13.233663845062257,0.7181271135807037,0.005361083336174488,-203.46254009753466,37.78243591499308,4.0,0.6352614343166352,
488000,603.6726350784302,-198.4082887172699,37.53656535599645,-0.003924873206764446,11.98845624923706,0.7472169160842895,0.005298583649409316,-203.46254009753466,37.78243591499308,4.0,0.7240387260913849,
492000,609.2486267089844,-208.77836418151855,48.51958461723829,-0.004579604542115945,12.914765357971191,0.7656484723091126,0.006488080159761012,-203.46254009753466,37.78243591499308,4.0,0.7525076568126678,
496000,614.7912790775299,-202.96538817882538,37.11895860717159,-0.004145425377258327,14.494755172729493,0.7640879809856415,0.004877598614722955,-203.46254009753466,37.78243591499308,4.0,0.6588359594345092,
500000,620.2308056354523,-200.61557841300964,35.6890355558826,-0.00357524684469297,11.748571014404297,0.784576952457428,0.0036678380717833914,-203.46254009753466,37.78243591499308,4.0,0.728630542755127,
504000,625.6228857040405,-199.20633482933044,33.01390013403922,-0.0036686822023089148,13.62062759399414,0.8036143541336059,0.006656343012582511,-203.46254009753466,37.78243591499308,4.0,0.7427310168743133,
508000,631.0166580677032,-191.08983159065247,33.019800749738955,-0.004979317326098709,9.865101146697999,0.7583239316940308,0.006794312838154548,-203.46254009753466,37.78243591499308,4.0,0.6837608218193054,
512000,636.3804244995117,-196.9764461517334,30.590450308136276,-0.0032493478081887517,10.2923508644104,0.745904290676117,0.005427124819407858,-203.46254009753466,37.78243591499308,4.0,0.6019251644611359,
516000,641.8226230144501,-195.01559853553772,31.00904587710258,-0.004264541580807446,9.165370893478393,0.7544660985469818,0.004430919284117429,-203.46254009753466,37.78243591499308,4.0,0.7161087095737457,
520000,647.277694940567,-196.9957618713379,35.96084110338447,-0.0037787092596602958,13.486956119537354,0.7617215037345886,0.004926981474272907,-203.46254009753466,37.78243591499308,4.0,0.7009790122509003,
524000,660.0376107692719,-193.33814370632172,31.826826124973454,-0.00445055168455788,11.114995956420898,0.6944425284862519,0.003948121593566611,-204.42161417007446,35.58351919991988,4.0,0.6813871622085571,
528000,665.5655527114868,-208.64742398262024,41.35595291994248,-0.0049125941501309885,14.48903293609619,0.716119933128357,0.0035429024815287757,-204.42161417007446,35.58351919991988,4.0,0.6530630648136139,
532000,671.1006414890289,-204.02653539180756,35.53185426773338,-0.004680773988366127,10.057105255126952,0.6890171229839325,0.013417351385578513,-204.42161417007446,35.58351919991988,4.0,0.7069119870662689,
536000,676.6442246437073,-202.4189087152481,38.52766726198626,-0.00409085508412681,12.729805183410644,0.7386987388134003,0.0038358710997272285,-204.42161417007446,35.58351919991988,4.0,0.639859938621521,
540000,682.2077991962433,-208.51899981498718,29.394684807111258,-0.004659150398957301,12.460767555236817,0.7289487659931183,0.00651523099862974,-204.42161417007446,35.58351919991988,4.0,0.6300922453403472,
544000,687.7368738651276,-201.94822192192078,32.09450102615883,-0.005338181615341497,11.012573432922363,0.7169524133205414,0.005122104330803267,-204.42161417007446,35.58351919991988,4.0,0.7028958022594451,
548000,693.2959403991699,-200.32757604122162,36.74888200958862,-0.004008939804664546,16.596534252166748,0.7393954217433929,0.005319292010972277,-204.42161417007446,35.58351919991988,4.0,0.5733510494232178,
552000,698.8883783817291,-197.53498482704163,39.1125845580287,-0.004464955759312339,15.244422912597656,0.7233498096466064,0.004304580122698099,-204.42161417007446,35.58351919991988,4.0,0.6358508110046387,
556000,704.4693474769592,-196.2645651102066,33.460177382216166,-0.004578474604214122,7.959431886672974,0.6783542037010193,0.006150179698287195,-204.42161417007446,35.58351919991988,4.0,0.6125704824924469,
560000,710.0736103057861,-200.67861986160278,37.14408117377406,-0.004339669343239372,15.469429779052735,0.7115038394927978,0.006754188876948319,-204.42161417007446,35.58351919991988,4.0,0.6695637285709382,
564000,722.8126525878906,-204.04168260097504,33.742288804436555,-0.004395526961656282,14.910884761810303,0.7197128355503082,0.0023693559271123375,-202.36804217100143,36.78408955730087,4.0,0.5634727597236633,
568000,728.2353377342224,-198.54047536849976,30.70150708453594,-0.004329504218806246,11.288674259185791,0.6897494673728943,0.0050598645582795145,-202.36804217100143,36.78408955730087,4.0,0.6541155874729156,
572000,733.7910759449005,-206.7854903936386,35.73443822177292,-0.0033429429976191915,14.156090831756591,0.7299159348011017,0.003912945370422705,-202.36804217100143,36.78408955730087,4.0,0.6871209561824798,
576000,739.3608064651489,-203.47103881835938,32.09776823829695,-0.003395597950021845,12.16630220413208,0.6406405091285705,0.002954851009417325,-202.36804217100143,36.78408955730087,4.0,0.5712449967861175,
580000,744.8910901546478,-203.1871384382248,36.35750593302421,-0.005217379152153967,12.001307487487793,0.6284979820251465,0.003714956680778414,-202.36804217100143,36.78408955730087,4.0,0.5991346657276153,
584000,750.4512536525726,-209.2849144935608,36.88740192304994,-0.004131976276636129,14.226741504669189,0.645409208536148,0.01066533785779029,-202.36804217100143,36.78408955730087,4.0,0.6310271382331848,
588000,756.0176122188568,-204.2388722896576,41.885304576490796,-0.005543922382562095,12.380720901489259,0.7083639204502106,0.006277282885275781,-202.36804217100143,36.78408955730087,4.0,0.6482325553894043,
592000,761.5941443443298,-199.55739080905914,47.316363755321746,-0.005001643531800504,16.034560203552246,0.7149102926254273,0.0036500867281574756,-202.36804217100143,36.78408955730087,4.0,0.6703910529613495,
596000,767.1407754421234,-198.15417408943176,48.42867741839935,-0.0053882888777492255,10.098293876647949,0.7090925335884094,0.01293827863813688,-202.36804217100143,36.78408955730087,4.0,0.6520327150821685,
600000,772.744062423706,-201.463613986969,33.833724038819376,-0.00415540419503424,19.867894554138182,0.7529738783836365,0.004403429421673799,-202.36804217100143,36.78408955730087,4.0,0.6763877987861633,
604000,785.4036340713501,-201.64023184776306,38.99267633734615,-0.005680136552856619,13.115275287628174,0.7999683558940888,0.004588452942514176,-198.35504493117332,36.8885189368983,4.0,0.58452308177948,
608000,790.9720785617828,-193.45664381980896,29.182221759736148,-0.0046856572687004995,14.387727451324462,0.7332269370555877,0.00680568823881913,-198.35504493117332,36.8885189368983,4.0,0.5813313126564026,
612000,796.5330338478088,-193.36051225662231,27.7578230619332,-0.004757599289723036,10.394999265670776,0.7140939056873321,0.006927688079265248,-198.35504493117332,36.8885189368983,4.0,0.6277368128299713,
616000,802.0940523147583,-201.66229271888733,37.72063705527985,-0.004629820248733018,10.999596881866456,0.7535749495029449,0.0053585013112751765,-198.35504493117332,36.8885189368983,4.0,0.5551420509815216,
620000,807.5798048973083,-206.12287306785583,36.282877100099476,-0.004986392746912305,12.454528045654296,0.738752830028534,0.005002732819411904,-198.35504493117332,36.8885189368983,4.0,0.7076445519924164,
624000,813.1587753295898,-200.9692826271057,34.95509655663194,-0.00573190730856723,10.278912448883057,0.7282890915870667,0.006755981151945889,-198.35504493117332,36.8885189368983,4.0,0.6347859680652619,
628000,818.6983742713928,-195.72154307365417,33.51218148879034,-0.005725872755981953,12.854443836212159,0.7475951671600342,0.010089051816612482,-198.35504493117332,36.8885189368983,4.0,0.6290578067302703,
632000,824.2838025093079,-194.00716924667358,36.296544206827036,-0.005570308467606111,10.862372207641602,0.6911056160926818,0.005117889784742147,-198.35504493117332,36.8885189368983,4.0,0.6227735340595245,
636000,829.5383508205414,-196.714341878891,33.49169021745995,-0.0036616825204497604,13.926788902282714,0.6836011171340942,0.004874903685413301,-198.35504493117332,36.8885189368983,4.0,0.6325215458869934,
640000,834.7598776817322,-202.39022040367126,38.42667362292254,-0.004432244727853707,14.367305088043214,0.6607050776481629,0.005299598409367423,-198.35504493117332,36.8885189368983,4.0,0.6035865247249603,
644000,846.2198450565338,-203.30009818077087,42.229130768576056,-0.006468102049780988,14.002366161346435,0.6697053372859955,0.006730339895148063,-194.02153639495373,35.95268190396098,4.0,0.6091871559619904,
648000,851.4778356552124,-202.12696874141693,37.68643546166828,-0.004900860174636623,13.985802936553956,0.7300290703773499,0.005541871377499774,-194.02153639495373,35.95268190396098,4.0,0.6098472714424134,
652000,856.6875305175781,-194.64916813373566,35.38876201671745,-0.0066870483690872895,10.144335889816285,0.6917600572109223,0.006500980618875473,-194.02153639495373,35.95268190396098,4.0,0.597824090719223,
656000,861.9155247211456,-202.596444606781,49.94450813833219,-0.002546868639493649,21.534728050231934,0.7113036692142487,0.003146216237995153,-194.02153639495373,35.95268190396098,4.0,0.561979067325592,
660000,867.1669428348541,-191.61912310123444,35.0948075786018,-0.006458158161646366,11.58943567276001,0.7384901702404022,0.004171512395259924,-194.02153639495373,35.95268190396098,4.0,0.6210463225841523,
664000,872.4774248600006,-191.231449842453,30.95285732993756,-0.005384057796405006,9.721329593658448,0.6281687438488006,0.0061808383907191455,-194.02153639495373,35.95268190396098,4.0,0.6445200622081757,
668000,877.835520029068,-195.40677094459534,37.34960257152915,-0.004461706014738098,15.228939437866211,0.6607239425182343,0.00441770589677617,-194.02153639495373,35.95268190396098,4.0,0.6010419011116028,
672000,883.1589002609253,-201.40212988853455,33.65768721955478,-0.003743737357552135,15.569276332855225,0.6618521988391877,0.0048970590636599805,-194.02153639495373,35.95268190396098,4.0,0.5918101906776428,
676000,888.5060746669769,-191.1253890991211,29.859629261864786,-0.004930107923690219,13.665393447875976,0.6285134196281433,0.004784464367548935,-194.02153639495373,35.95268190396098,4.0,0.5592357993125916,
680000,893.8504867553711,-205.49241638183594,41.474732327217595,-0.006293920457673569,20.30782127380371,0.6968539893627167,0.002991548252486003,-194.02153639495373,35.95268190396098,4.0,0.5767923474311829,
684000,905.7745289802551,-193.73000919818878,36.5855563091673,-0.003950219153271384,14.440882015228272,0.682594358921051,0.005162887449841946,-195.310285679996,35.411290556939356,4.0,0.5668345272541047,
688000,911.1431589126587,-200.34295678138733,40.08531857598304,-0.0067555832535338926,11.633128356933593,0.6961170852184295,0.005919787950580968,-195.310285679996,35.411290556939356,4.0,0.5597092986106873,
692000,916.4717528820038,-199.95260751247406,36.10469269450501,-0.003501616079593006,15.127220916748048,0.6532466053962708,0.005312228488037363,-195.310285679996,35.411290556939356,4.0,0.5477857172489167,
696000,921.8032376766205,-197.684476852417,28.83066654207409,-0.005592476467136276,8.581698751449585,0.6593114316463471,0.006034046129207127,-195.310285679996,35.411290556939356,4.0,0.4965223163366318,
700000,927.1196346282959,-201.9579758644104,42.052070294742265,-0.0074274845474088915,9.659337186813355,0.7125005304813385,0.00634710515146919,-195.310285679996,35.411290556939356,4.0,0.5589420914649963,
704000,932.3366236686707,-191.69169104099274,29.59227487671628,-0.005826315398638471,9.511672019958496,0.7284493625164032,0.006703226908575744,-195.310285679996,35.411290556939356,4.0,0.51886026263237,
708000,937.6597998142242,-194.8687230348587,38.05113607510333,-0.003938050546605764,12.484626960754394,0.6899543821811676,0.005880199208710124,-195.310285679996,35.411290556939356,4.0,0.48349866569042205,
712000,941.4721837043762,-200.34796357154846,48.515418269821026,-0.0038631712375208683,19.943382740020752,0.7436019718647003,0.006048498227028176,-195.310285679996,35.411290556939356,4.0,0.43495225012302396,
716000,944.460203409195,-204.3973890542984,45.09157712554901,-0.006698528946843041,18.862862396240235,0.7362118184566497,0.007973372034573333,-195.310285679996,35.411290556939356,4.0,0.5251129388809204,
720000,947.427741765976,-201.03636598587036,37.91950989490943,-0.0042292870946694094,15.132762241363526,0.699661523103714,0.007579589425586164,-195.310285679996,35.411290556939356,4.0,0.4376549392938614,
724000,951.6885697841644,-189.92239797115326,33.77826183332695,-0.005240327070156692,10.683119344711304,0.7374302744865417,0.005259298432793003,-195.40418458729982,35.1857614052277,4.0,0.5192090392112731,
728000,954.4968013763428,-182.71571290493011,30.43733775798865,-0.004285651358775766,10.557149982452392,0.7434795737266541,0.0044842558796517554,-195.40418458729982,35.1857614052277,4.0,0.5079481959342956,
732000,957.322535276413,-204.91777396202087,36.427926607933706,-0.004588063224762085,9.763589477539062,0.6990129470825195,0.006605438998667524,-195.40418458729982,35.1857614052277,4.0,0.4864675909280777,
736000,960.147952079773,-205.877587556839,41.2920678496883,-0.00802319113863632,10.994993972778321,0.7033002495765686,0.006876569287579848,-195.40418458729982,35.1857614052277,4.0,0.5667777299880982,
740000,962.9712414741516,-189.43875217437744,30.986119395493862,-0.0060264075396116775,8.271795225143432,0.6310603857040405,0.003784254360987693,-195.40418458729982,35.1857614052277,4.0,0.5607666134834289,
744000,965.8386220932007,-197.85659456253052,35.45619502045814,-0.006249118020913258,8.625320196151733,0.6561619699001312,0.007301039539743215,-195.40418458729982,35.1857614052277,4.0,0.53466317653656,
748000,968.6405324935913,-190.8889880180359,33.08726977826324,-0.0072366743894914706,7.009966850280762,0.6374857068061829,0.005235110838936352,-195.40418458729982,35.1857614052277,4.0,0.5078453838825225,
752000,971.4665846824646,-197.77631258964539,39.5854499089107,-0.004692433823443309,12.495706462860108,0.5734859824180603,0.0033968057934544047,-195.40418458729982,35.1857614052277,4.0,0.5065030217170715,
756000,974.2839245796204,-192.989448428154,33.51403649377622,-0.005963041524558022,9.729630422592162,0.6388431906700134,0.007927623436320586,-195.40418458729982,35.1857614052277,4.0,0.4774437457323074,
760000,977.1259753704071,-192.4800672531128,41.80594504138306,-0.005980643900421789,13.74664659500122,0.611788010597229,0.007055956131080165,-195.40418458729982,35.1857614052277,4.0,0.5009921044111252,
764000,981.5899546146393,-201.8339488506317,37.69208938573388,-0.004776992202426,14.302311420440674,0.6571312963962554,0.0049972254764094615,-192.68458934873343,38.76326472152862,4.0,0.5096340835094452,
768000,984.5920481681824,-197.6468517780304,36.42670332327177,-0.006577586238738142,13.908519268035889,0.6953808784484863,0.004987521714065224,-192.68458934873343,38.76326472152862,4.0,0.4699805110692978,
772000,987.5991539955139,-197.11191773414612,28.563917226154018,-0.006291958308235391,9.004793310165406,0.6707600355148315,0.006244478886947036,-192.68458934873343,38.76326472152862,4.0,0.4708090901374817,
776000,990.5935153961182,-200.13723814487457,39.03500450407268,-0.002530985189679391,15.415332698822022,0.6949483394622803,0.0025289914978202433,-192.68458934873343,38.76326472152862,4.0,0.48394585847854615,
780000,993.58886885643,-193.5094211101532,30.113766133573137,-0.00459245249807525,11.805246067047118,0.6677415311336518,0.0034188809637271333,-192.68458934873343,38.76326472152862,4.0,0.44037812650203706,
784000,996.5833594799042,-201.05870723724365,36.682258661057695,-0.006278014485258598,11.99861192703247,0.695691579580307,0.005503006478383532,-192.68458934873343,38.76326472152862,4.0,0.4665447503328323,
788000,999.5776138305664,-189.8033275604248,29.291051350667146,-0.004638898931909363,14.17873239517212,0.8057843089103699,0.005497034109197563,-192.68458934873343,38.76326472152862,4.0,0.5561262965202332,
792000,1002.5737001895905,-198.5850715637207,32.75852474857684,-0.004325713509848983,13.56181812286377,0.7259908437728881,0.006520420690882034,-192.68458934873343,38.76326472152862,4.0,0.44201776683330535,
796000,1005.5555865764618,-198.55083966255188,30.532409612213357,-0.004904231295455297,9.57217116355896,0.7138800740242004,0.0071347480057738725,-192.68458934873343,38.76326472152862,4.0,0.4867075502872467,
800000,1008.5861923694611,-194.9213764667511,35.33383894592354,-0.006443721181557826,7.556876516342163,0.7029634237289428,0.00643490446545184,-192.68458934873343,38.76326472152862,4.0,0.4808237671852112,
804000,1012.8502378463745,-204.80291199684143,35.93516838183457,-0.0028503325402271075,13.4577054977417,0.614994490146637,0.006429941212758461,-196.93732869625092,36.4780457401776,4.0,0.4614641755819321,
808000,1015.656806230545,-194.3364396095276,32.77045384096367,-0.00744523878069594,11.296329116821289,0.6966051816940307,0.005689475150526669,-196.93732869625092,36.4780457401776,4.0,0.5163410246372223,
812000,1018.4810020923615,-197.53698229789734,39.38390399897427,-0.005184897305366265,12.654642868041993,0.6293839931488037,0.006187762230945193,-196.93732869625092,36.4780457401776,4.0,0.49132939577102663,
816000,1021.2947819232941,-195.04823923110962,31.56940314097284,-0.004473133105396698,7.488853931427002,0.7039996683597565,0.004677441853695186,-196.93732869625092,36.4780457401776,4.0,0.5066290020942688,
820000,1024.1009590625763,-196.55499184131622,36.140934215542586,-0.0036545914536109335,8.129304933547974,0.7530003130435944,0.005399520500330257,-196.93732869625092,36.4780457401776,4.0,0.40626537799835205,
824000,1026.921071767807,-191.5892939567566,29.776042374831064,-0.005341833881141312,8.732909536361694,0.7338693022727967,0.006108901830157265,-196.93732869625092,36.4780457401776,4.0,0.45083558559417725,
828000,1029.7681415081024,-195.09558928012848,31.48527896428825,-0.005269769378355704,12.00551643371582,0.7233524799346924,0.00466751458006911,-196.93732869625092,36.4780457401776,4.0,0.4757919073104858,
832000,1032.6283934116364,-196.47101593017578,32.70416095354413,-0.005104923297806341,10.33458161354065,0.7013412058353424,0.005441311096151669,-196.93732869625092,36.4780457401776,4.0,0.5095122396945954,
836000,1035.6426768302917,-194.83487391471863,34.372903442317444,-0.005681244276852038,14.289214611053467,0.7736524760723114,0.005537400048458973,-196.93732869625092,36.4780457401776,4.0,0.4774496465921402,
840000,1038.6705708503723,-204.36242246627808,34.57738623279088,-0.004668332139728548,11.82558479309082,0.757013875246048,0.0034902157669421284,-196.93732869625092,36.4780457401776,4.0,0.4538790225982666,
844000,1043.1425063610077,-193.7439522743225,35.26327131816104,-0.005973775149779037,7.586163520812988,0.7273186981678009,0.008608000053713727,-199.11846281588078,41.961707933273104,4.0,0.47955180406570436,
848000,1046.112786769867,-198.9964658021927,35.61341065757149,-0.0035851297686458673,15.107229328155517,0.7762786686420441,0.0028475521635846325,-199.11846281588078,41.961707933273104,4.0,0.38375491499900816,
852000,1049.0773704051971,-193.7128472328186,38.21650130600748,-0.005024183464935028,13.115843582153321,0.792548018693924,0.00439039908524137,-199.11846281588078,41.961707933273104,4.0,0.46276732087135314,
856000,1052.0639290809631,-202.39632439613342,32.1462447224917,-0.004075726805718105,10.999509906768798,0.8256310403347016,0.004128973642946221,-199.11846281588078,41.961707933273104,4.0,0.4186269700527191,
860000,1055.040509223938,-197.31029653549194,32.14880685862476,-0.004251339809503385,12.396227931976318,0.7957665264606476,0.004635766393039376,-199.11846281588078,41.961707933273104,4.0,0.4503063529729843,
864000,1058.0126671791077,-192.5541409254074,32.81669877749192,-0.005282055840051392,6.667626237869262,0.7691247165203094,0.007329230828676403,-199.11846281588078,41.961707933273104,4.0,0.4749155730009079,
868000,1060.9998893737793,-200.425048828125,36.62930617345374,-0.004562278567425282,11.096396827697754,0.7870600402355195,0.0039007938525173814,-199.11846281588078,41.961707933273104,4.0,0.4431722521781921,
872000,1063.9684855937958,-203.48938930034637,39.31881914734408,-0.004660302752318479,11.039410972595215,0.7464705109596252,0.0018778083263896405,-199.11846281588078,41.961707933273104,4.0,0.42247192859649657,
876000,1066.9614057540894,-208.47199034690857,37.00568596478853,-0.004514667986969911,12.442558288574219,0.7521207630634308,0.007835745286506924,-199.11846281588078,41.961707933273104,4.0,0.4773696273565292,
880000,1069.927582025528,-193.8598792552948,32.11230644600061,-0.0049388245128406,13.470442771911621,0.7068003416061401,0.009757989121135324,-199.11846281588078,41.961707933273104,4.0,0.45992849171161654,
884000,1074.257588148117,-192.1980265378952,31.64264656253334,-0.0065626338159975985,7.811984968185425,0.7616915106773376,0.006100041884928941,-199.54274597764015,43.10681315844069,4.0,0.46104528903961184,
888000,1077.0872747898102,-193.42254769802094,38.26431916937137,-0.005270347220318694,9.49987325668335,0.7970816254615783,0.0036518968456269564,-199.54274597764015,43.10681315844069,4.0,0.4658136278390884,
892000,1079.9147205352783,-196.66146159172058,38.895299389795596,-0.004982832472771403,9.042323732376099,0.7331348359584808,0.005353047431368996,-199.54274597764015,43.10681315844069,4.0,0.5609014332294464,
896000,1082.7545976638794,-200.3139716386795,33.116971987363485,-0.004506759951667249,11.357214450836182,0.7294926226139069,0.002763478785442808,-199.54274597764015,43.10681315844069,4.0,0.5435852348804474,
900000,1085.5739862918854,-196.8166105747223,31.560311042125974,-0.004373298314865437,10.85717315673828,0.676443874835968,0.0031101049462449737,-199.54274597764015,43.10681315844069,4.0,0.5188648760318756,
904000,1088.3780488967896,-192.68990921974182,32.96831087930112,-0.005949080236799365,10.69916820526123,0.69878990650177,0.0027479279295851812,-199.54274597764015,43.10681315844069,4.0,0.49365273416042327,
908000,1091.2036230564117,-195.8367681503296,26.762692116552923,-0.005717148943648986,9.952502012252808,0.6874399960041047,0.0054881805197510404,-199.54274597764015,43.10681315844069,4.0,0.4639122813940048,
912000,1094.0270824432373,-195.09372663497925,38.01211327648558,-0.00543336844754716,9.540586566925048,0.662143325805664,0.005536610959097743,-199.54274597764015,43.10681315844069,4.0,0.5478310346603393,
916000,1096.8596360683441,-198.96207475662231,34.28037075192463,-0.004441801575322835,9.498088073730468,0.6460187554359436,0.007066192469210364,-199.54274597764015,43.10681315844069,4.0,0.5633176565170288,
920000,1099.7205340862274,-190.26562416553497,29.29424612089336,-0.004563026184992225,8.696304178237915,0.6882210195064544,0.005157023552766394,-199.54274597764015,43.10681315844069,4.0,0.5089253008365631,
924000,1104.0155005455017,-197.76816391944885,33.02325725899358,-0.006871286270363886,8.963284826278686,0.6483551502227783,0.007792433619033545,-192.7955000475049,33.33119960508371,4.0,0.6093893945217133,
928000,1106.9961121082306,-188.75630950927734,36.803698574365335,-0.005864778953216287,8.406926822662353,0.61811004281044,0.005739551615590877,-192.7955000475049,33.33119960508371,4.0,0.5587550163269043,
932000,1110.0165002346039,-200.21818566322327,36.920937321057515,-0.003989195368407916,14.528427791595458,0.5943622648715973,0.004179759492399171,-192.7955000475049,33.33119960508371,4.0,0.5211653769016266,
936000,1113.0486879348755,-201.0551393032074,33.642041990135326,-0.005302235978189884,10.844683265686035,0.6373410820960999,0.012288112728856503,-192.7955000475049,33.33119960508371,4.0,0.5509397804737091,
940000,1116.0457639694214,-191.8453644514084,30.84159999172359,-0.005008838396092586,10.268445873260498,0.6715081095695495,0.0026375750894658267,-192.7955000475049,33.33119960508371,4.0,0.5021283388137817,
944000,1119.0512115955353,-196.81230664253235,31.448880503118914,-0.00709264194918795,10.38854398727417,0.6915325164794922,0.006152538633250515,-192.7955000475049,33.33119960508371,4.0,0.5479678213596344,
948000,1122.047955751419,-200.5674741268158,32.826351782867256,-0.004288604364109538,10.152907514572144,0.6449936509132386,0.0016968322706816252,-192.7955000475049,33.33119960508371,4.0,0.5348429918289185,
952000,1125.0487983226776,-197.57722008228302,36.773307496068476,-0.00456568480182129,11.292045402526856,0.6523995280265809,0.0035148480971887164,-192.7955000475049,33.33119960508371,4.0,0.5594438314437866,
956000,1128.0544273853302,-200.49615442752838,33.77221572936257,-0.00483293659115831,11.44309720993042,0.6221971809864044,0.004175201353228975,-192.7955000475049,33.33119960508371,4.0,0.5551546156406403,
960000,1131.072990655899,-200.85228180885315,37.9859301223868,-0.004542502948083005,12.079735946655273,0.640980726480484,0.004012094098288799,-192.7955000475049,33.33119960508371,4.0,0.5801062643527984,
964000,1135.469892501831,-195.5603699684143,32.24824406707793,-0.004230889220129086,10.247930335998536,0.685868763923645,0.007565254918920505,-194.24378917366266,33.270259336570035,4.0,0.48825609087944033,
968000,1138.4389967918396,-197.5523841381073,40.23067354554506,-0.004383907648579527,11.833693027496338,0.7015067160129547,0.003254967210193538,-194.24378917366266,33.270259336570035,4.0,0.5298112213611603,
972000,1141.3859236240387,-202.54559195041656,34.98352717506323,-0.0052640004994658155,10.025968170166015,0.6381967067718506,0.004571033378907785,-194.24378917366266,33.270259336570035,4.0,0.5239260196685791,
976000,1144.361022233963,-199.06125497817993,31.59880666335588,-0.00608716656904047,10.517701244354248,0.6686693072319031,0.006041116203414276,-194.24378917366266,33.270259336570035,4.0,0.4080091953277588,
980000,1147.3322739601135,-196.34848725795746,35.47564208311014,-0.006145576743176217,7.358031940460205,0.6470378696918487,0.0014212222740752622,-194.24378917366266,33.270259336570035,4.0,0.44969362616539,
984000,1150.2874691486359,-190.28644931316376,40.61667179376017,-0.005297183171457931,13.366722011566162,0.6625391900539398,0.004467043771214474,-194.24378917366266,33.270259336570035,4.0,0.5264299035072326,
988000,1153.2706172466278,-193.27294325828552,29.893308526080737,-0.004042101223409755,13.21082592010498,0.7127550601959228,0.0052316466113552455,-194.24378917366266,33.270259336570035,4.0,0.45771273970603943,
992000,1156.1334743499756,-194.4004898071289,34.87761671159936,-0.005107720106219293,8.422049379348755,0.6777246713638305,0.004689344973303378,-194.24378917366266,33.270259336570035,4.0,0.5588032007217407,
996000,1159.0519032478333,-194.7493815422058,29.8469185590839,-0.005543884582739978,8.190627002716065,0.7774883151054383,0.00353056181175635,-194.24378917366266,33.270259336570035,4.0,0.515571004152298,
1000000,1162.0149161815643,-195.55502915382385,35.980195765973285,-0.004710988540512861,13.761185264587402,0.8021364390850068,0.0027838680487669355,-194.24378917366266,33.270259336570035,4.0,0.5073518753051758,
1004000,1166.2042324543,-194.81866550445557,36.083701405803886,-0.007871110258313507,9.873390722274781,0.7845371246337891,0.007704399398023564,-194.86093871295452,34.575344542813994,4.0,0.48977374136447904,
1008000,1169.023143529892,-194.6902313232422,32.39680682251175,-0.004924542930365228,10.095231437683106,0.7048064589500427,0.0068368535238162885,-194.86093871295452,34.575344542813994,4.0,0.4632109045982361,
1012000,1171.8480038642883,-189.53544330596924,32.049497490631424,-0.004877356399471555,9.030687475204468,0.7248993217945099,0.003534374487431169,-194.86093871295452,34.575344542813994,4.0,0.4605169802904129,
1016000,1174.6722559928894,-199.2571189403534,36.16087141366077,-0.00634893261175602,9.720599842071532,0.7656495332717895,0.00703697587014176,-194.86093871295452,34.575344542813994,4.0,0.42754682898521423,
1020000,1177.5469665527344,-206.6784257888794,36.044738029432594,-0.006543106503008556,9.84566421508789,0.7386599838733673,0.006297819894505707,-194.86093871295452,34.575344542813994,4.0,0.5416280806064606,
1024000,1180.5079288482666,-203.46230125427246,31.875527815163018,-0.003799460554029821,16.252118015289305,0.6951740860939026,0.004513132227856357,-194.86093871295452,34.575344542813994,4.0,0.44941000938415526,
1028000,1183.5178053379059,-196.5908603668213,37.19983802839646,-0.0050234250029705056,10.182165718078613,0.6813121974468231,0.0015024321168311872,-194.86093871295452,34.575344542813994,4.0,0.5023575782775879,
1032000,1186.5131430625916,-197.35569071769714,36.54933323464377,-0.0045364115011567565,13.776893806457519,0.7169568300247192,0.0046023487224398805,-194.86093871295452,34.575344542813994,4.0,0.5225435137748718,
1036000,1189.5048234462738,-197.3619213104248,35.020383394105366,-0.004537048315784631,11.564610481262207,0.7276681303977967,0.005843681662188249,-194.86093871295452,34.575344542813994,4.0,0.43922059237957,
1040000,1192.472998380661,-193.64581418037415,38.17006979461257,-0.005417838880792303,13.004035568237304,0.785576581954956,0.0028406745768152163,-194.86093871295452,34.575344542813994,4.0,0.4196464836597443,
1044000,1196.6287050247192,-195.3250299692154,31.796997904449753,-0.006193693234740438,10.851588535308839,0.8014968156814575,0.005745187465411921,-194.55798171460629,33.531778746134364,4.0,0.4839613527059555,
1048000,1199.4022352695465,-197.19252681732178,29.218281927393303,-0.0038935161478196533,14.114013385772704,0.804682445526123,0.003442684159381315,-194.55798171460629,33.531778746134364,4.0,0.49485344588756563,
1052000,1202.1982741355896,-199.16610407829285,37.00817696359446,-0.006833258670599518,12.446414852142334,0.7517835974693299,0.006967413567782721,-194.55798171460629,33.531778746134364,4.0,0.516553795337677,
1056000,1204.9875602722168,-190.1794557571411,34.78775978945982,-0.004330492220663817,11.295853424072266,0.7225917100906372,0.0041556678537745025,-194.55798171460629,33.531778746134364,4.0,0.4713762909173965,
1060000,1207.7782001495361,-190.506361246109,38.735944298450704,-0.005384158915568449,11.705959033966064,0.7766980767250061,0.0066053433889464944,-194.55798171460629,33.531778746134364,4.0,0.44569824635982513,
1064000,1210.5821788311005,-195.57629811763763,32.304376665402124,-0.00494257979017374,10.189204025268555,0.742676728963852,0.007208038250605319,-194.55798171460629,33.531778746134364,4.0,0.4649125635623932,
1068000,1213.3734917640686,-197.41377305984497,30.70416554888407,-0.005686718481592834,9.776965951919555,0.7278829157352448,0.00366430206332975,-194.55798171460629,33.531778746134364,4.0,0.48931003510952,
1072000,1216.157428741455,-197.39769780635834,36.052090961306554,-0.005114967657485892,16.50063180923462,0.7667011559009552,0.0038986363708584547,-194.55798171460629,33.531778746134364,4.0,0.4741910248994827,
1076000,1218.9531483650208,-197.4291558265686,36.08578977764549,-0.004973537949689977,13.747764682769775,0.8034837663173675,0.0059247284890928675,-194.55798171460629,33.531778746134364,4.0,0.48488529920578005,
1080000,1221.76393699646,-192.42047381401062,34.055029357485076,-0.006161668822324451,16.02681474685669,0.7983978629112244,0.005207688462610082,-194.55798171460629,33.531778746134364,4.0,0.5773939371109009,
1084000,1226.123032093048,-194.22545528411865,30.057596393218876,-0.005207198821784287,15.222254085540772,0.7901036262512207,0.008032142964657396,-190.9523018822074,31.343090343289337,4.0,0.4539070039987564,
1088000,1229.147714138031,-196.4550083875656,42.60700184106652,-0.005477219060063376,14.557706260681153,0.8161939561367035,0.005165530296508225,-190.9523018822074,31.343090343289337,4.0,0.5170605540275574,
1092000,1232.1173372268677,-190.8985834121704,29.536439410945935,-0.004527129158765719,11.465171909332275,0.7304307579994201,0.005487430593348108,-190.9523018822074,31.343090343289337,4.0,0.5251743912696838,
1096000,1235.0902512073517,-192.6260154247284,29.53552187213521,-0.0051878190147689905,11.392885780334472,0.7197077214717865,0.004735468036650392,-190.9523018822074,31.343090343289337,4.0,0.5167982041835785,
1100000,1238.0688848495483,-195.14284300804138,37.678682796881986,-0.005124198389239609,10.818566417694091,0.6933111310005188,0.004779576338478364,-190.9523018822074,31.343090343289337,4.0,0.5059108078479767,
1104000,1241.0402908325195,-196.01028609275818,30.009535360405508,-0.0053249066392891285,11.41692066192627,0.7142990052700042,0.004884790966752916,-190.9523018822074,31.343090343289337,4.0,0.5103838562965393,
1108000,1244.013652563095,-184.90468442440033,31.42269244704362,-0.006502592089430781,7.24463963508606,0.7028445065021515,0.009351284931724279,-190.9523018822074,31.343090343289337,4.0,0.44632111489772797,
1112000,1247.0098896026611,-193.05841326713562,34.66230258561098,-0.005877040727064031,19.311700439453126,0.6811539828777313,0.005670042627025395,-190.9523018822074,31.343090343289337,4.0,0.5247194051742554,
1116000,1250.029622554779,-189.71405398845673,33.966782142409684,-0.006805425548770771,12.091017532348634,0.6967179298400878,0.005158721973033004,-190.9523018822074,31.343090343289337,4.0,0.5159538567066193,
1120000,1252.9948463439941,-192.61554265022278,29.28764554686479,-0.00630867651415361,12.258783340454102,0.6812081158161163,0.004980757144434999,-190.9523018822074,31.343090343289337,4.0,0.5219945788383484,
1124000,1257.3892805576324,-185.23631703853607,34.62928329777911,-0.005659443819740151,9.73586916923523,0.721596747636795,0.004911654013441869,-189.62221018970013,33.461636019315755,4.0,0.5192866384983063,
1128000,1260.3789937496185,-197.88591074943542,35.04379146568273,-0.006645219975772004,8.9200439453125,0.6992335736751556,0.007867587962343058,-189.62221018970013,33.461636019315755,4.0,0.5142089009284974,
1132000,1263.365579366684,-191.46100068092346,33.813971306226826,-0.005264401241516082,8.906775569915771,0.6715670645236969,0.0019019000290427357,-189.62221018970013,33.461636019315755,4.0,0.6253550589084625,
1136000,1266.3309705257416,-197.73461401462555,36.73135503350018,-0.006745246152083162,13.575951290130615,0.6919695377349854,0.005058238808899951,-189.62221018970013,33.461636019315755,4.0,0.6071796894073487,
1140000,1269.3096415996552,-195.92583572864532,34.10892605156109,-0.003761660694299884,13.08789415359497,0.7294624507427215,0.0029576043831184506,-189.62221018970013,33.461636019315755,4.0,0.5490859806537628,
1144000,1272.267308473587,-189.10575687885284,35.839926703915765,-0.006457592551751645,9.650664520263671,0.7121469557285309,0.002900921208492946,-189.62221018970013,33.461636019315755,4.0,0.5503303349018097,
1148000,1275.250173330307,-190.85176241397858,36.3024536638496,-0.007044287358565882,7.272447729110718,0.7601537764072418,0.006700896535922496,-189.62221018970013,33.461636019315755,4.0,0.574006313085556,
1152000,1278.2349734306335,-194.88915526866913,32.883577954653695,-0.007855641110800171,10.393192863464355,0.7469207048416138,0.00418073128817682,-189.62221018970013,33.461636019315755,4.0,0.6229230046272278,
1156000,1281.2116508483887,-198.12149274349213,33.45212365683066,-0.006659141756982123,13.907048416137695,0.716337364912033,0.005910978781680265,-189.62221018970013,33.461636019315755,4.0,0.5744892358779907,
1160000,1284.2257108688354,-196.12781178951263,38.601994610107056,-0.006208545555205403,8.812094354629517,0.7377821981906891,0.010725287136156147,-189.62221018970013,33.461636019315755,4.0,0.5404892683029174,
1164000,1288.6143701076508,-186.80257940292358,34.349377394431706,-0.006399871288721137,11.827895164489746,0.7133744120597839,0.010201790509745479,-185.29050959646702,28.630150391436068,4.0,0.5682644724845887,
1168000,1291.6016573905945,-195.0071563720703,40.025558172740254,-0.007130255604473312,13.478608226776123,0.7436024904251098,0.006299932392081253,-185.29050959646702,28.630150391436068,4.0,0.5333839893341065,
1172000,1294.6126227378845,-186.94692945480347,34.470082966185714,-0.005436979825841348,9.589180374145508,0.7756641745567322,0.009541433490812778,-185.29050959646702,28.630150391436068,4.0,0.5105949759483337,
1176000,1297.580682516098,-190.20204174518585,34.06223025666367,-0.005747177870323217,11.84049196243286,0.7853322446346283,0.006188433070201426,-185.29050959646702,28.630150391436068,4.0,0.49863324463367464,
1180000,1300.5736446380615,-185.6422984600067,34.991083245794655,-0.005089783800843506,12.675004482269287,0.8099110305309296,0.0049819783139974485,-185.29050959646702,28.630150391436068,4.0,0.6228024065494537,
1184000,1303.5289306640625,-188.538889169693,31.029235970301432,-0.005188523089513275,8.465517902374268,0.7681420624256134,0.005524113186402247,-185.29050959646702,28.630150391436068,4.0,0.6249962627887726,
1188000,1306.490938425064,-195.9897050857544,33.75145785529545,-0.00587761360639707,9.250423860549926,0.7113693237304688,0.006155243235873059,-185.29050959646702,28.630150391436068,4.0,0.5691693484783172,
1192000,1309.4614193439484,-190.39271461963654,34.38894644563686,-0.007565685293482005,10.682944107055665,0.7592043042182922,0.006978193322817483,-185.29050959646702,28.630150391436068,4.0,0.5686070680618286,
1196000,1312.4179229736328,-190.3716287612915,24.588069749170916,-0.006420373383133437,7.179615831375122,0.7192392706871032,0.006508050641277819,-185.29050959646702,28.630150391436068,4.0,0.6045591771602631,
1200000,1315.3986196517944,-190.91921424865723,28.49286380390119,-0.005276683305196173,12.452926445007325,0.7315042555332184,0.006103217077907175,-185.29050959646702,28.630150391436068,4.0,0.5511678874492645,
1204000,1319.7938618659973,-193.1186307668686,35.88131883331796,-0.006178952683461825,10.360585975646973,0.7374086916446686,0.005864462353677169,-194.986621491611,48.44333766388791,4.0,0.5550315260887146,
1208000,1322.7188062667847,-192.9464213848114,35.61656369463627,-0.006623389827397919,9.408657932281494,0.70079345703125,0.006134837435092777,-194.986621491611,48.44333766388791,4.0,0.5884831368923187,
1212000,1325.5586521625519,-188.86641478538513,28.722341081203567,-0.005802272504273098,7.389189529418945,0.6843056678771973,0.0030110023959423414,-194.986621491611,48.44333766388791,4.0,0.6079271137714386,
1216000,1328.3477363586426,-192.6098186969757,35.09882478504413,-0.004232256774092091,12.196103858947755,0.7313280165195465,0.00534082635569697,-194.986621491611,48.44333766388791,4.0,0.549182939529419,
1220000,1331.1354417800903,-183.5821591615677,30.876168337357157,-0.005058811261551455,8.974491024017334,0.7145092964172364,0.005398826481541619,-194.986621491611,48.44333766388791,4.0,0.5738083004951477,
1224000,1333.9417624473572,-191.96433305740356,32.84770318443064,-0.003857673221694613,9.270667457580567,0.7314505517482758,0.0014700023930345196,-194.986621491611,48.44333766388791,4.0,0.5883437037467957,
1228000,1336.722861289978,-188.8496083021164,31.5360813923374,-0.0059639589067082,10.084438037872314,0.765072375535965,0.00706394505687058,-194.986621491611,48.44333766388791,4.0,0.5448163151741028,
1232000,1339.530309677124,-189.00882828235626,35.90576360020456,-0.005314638222878187,14.650490379333496,0.7472579419612885,0.005673921491368672,-194.986621491611,48.44333766388791,4.0,0.563927698135376,
1236000,1342.3440458774567,-184.9986536502838,29.44036801280567,-0.006137949723439995,5.346136808395386,0.7660723149776458,0.005079618230229244,-194.986621491611,48.44333766388791,4.0,0.5579012572765351,
1240000,1345.133870601654,-193.69567155838013,33.56140678336152,-0.007854562483107053,10.914596366882325,0.7858724892139435,0.004935253981966525,-194.986621491611,48.44333766388791,4.0,0.5543935358524322,
1244000,1349.254162788391,-185.89288687705994,37.90904880749075,-0.0047869696596171355,8.941048669815064,0.7799778044223785,0.002642377991035261,-189.07386945188046,38.89896084796108,4.0,0.5585600733757019,
1248000,1352.0515546798706,-193.35175347328186,34.863181793871426,-0.00721497787597265,10.054050636291503,0.8137010276317597,0.003885053558042273,-189.07386945188046,38.89896084796108,4.0,0.5167284846305847,
1252000,1354.8361315727234,-186.1121277809143,30.76339722921841,-0.00581070787444089,11.913348388671874,0.8721211671829223,0.004536197687576848,-189.07386945188046,38.89896084796108,4.0,0.5337472259998322,
1256000,1357.6129131317139,-187.7484836578369,32.1922165765152,-0.007913957954850037,9.904301738739013,0.8373400568962097,0.008172327198243411,-189.07386945188046,38.89896084796108,4.0,0.5255803942680359,
1260000,1360.40358710289,-190.81753182411194,37.58282861164698,-0.007141341142046009,10.198415660858155,0.7707163095474243,0.00981770292677302,-189.07386945188046,38.89896084796108,4.0,0.5505609214305878,
1264000,1363.1829352378845,-187.85214734077454,36.24488033947871,-0.0035713270120322884,11.597147274017335,0.7795944750308991,0.006213077065845331,-189.07386945188046,38.89896084796108,4.0,0.586677098274231,
1268000,1365.9830729961395,-184.23337268829346,32.344626540340556,-0.005432051224517664,9.221105003356934,0.7900314867496491,0.006468795519322157,-189.07386945188046,38.89896084796108,4.0,0.544681715965271,
1272000,1368.7809731960297,-188.48462426662445,31.988384235709706,-0.004208468717241587,8.67827033996582,0.7536389827728271,0.007117858967743818,-189.07386945188046,38.89896084796108,4.0,0.5727935492992401,
1276000,1371.569550037384,-187.0706024169922,30.830816438247453,-0.0076058404281114985,9.592649745941163,0.7093038558959961,0.006904597353423014,-189.07386945188046,38.89896084796108,4.0,0.5981938660144805,
1280000,1374.3747735023499,-191.72306990623474,36.29067255490562,-0.0064326485980612524,11.746381378173828,0.7421512246131897,0.008816682479344352,-189.07386945188046,38.89896084796108,4.0,0.5728322386741638,
1284000,1378.6799437999725,-189.09271323680878,26.470358985458997,-0.006146126785160355,7.028605318069458,0.7809536397457123,0.002010506937052359,-184.30134612321854,35.165476279608086,4.0,0.4793646246194839,
1288000,1381.6483685970306,-194.87525963783264,33.988468853358754,-0.006006650419595338,8.279447603225709,0.7375343382358551,0.002739492545874489,-184.30134612321854,35.165476279608086,4.0,0.5014672398567199,
1292000,1384.6493389606476,-198.15160655975342,37.72687801253321,-0.006545887180293608,8.503845453262329,0.7063921630382538,0.003084404970402832,-184.30134612321854,35.165476279608086,4.0,0.4751969039440155,
1296000,1387.6006903648376,-190.31391155719757,36.36300755663221,-0.005425967194916082,12.498670387268067,0.7392781019210816,0.006743136909790337,-184.30134612321854,35.165476279608086,4.0,0.41081221103668214,
1300000,1390.5808145999908,-192.15492153167725,31.568408499306322,-0.006719152921189853,5.801610946655273,0.7823954880237579,0.004217092227190733,-184.30134612321854,35.165476279608086,4.0,0.46965703666210173,
1304000,1393.5551400184631,-190.75709199905396,31.408370535361293,-0.005065397182828768,9.765056896209718,0.8122759401798249,0.003888323117280379,-184.30134612321854,35.165476279608086,4.0,0.420664045214653,
1308000,1396.5256402492523,-188.6728835105896,30.482254949526226,-0.00730508469898874,5.592842102050781,0.8370424091815949,0.005882168677635491,-184.30134612321854,35.165476279608086,4.0,0.4365043729543686,
1312000,1399.5115814208984,-194.83349406719208,34.142631893320704,-0.008293214473097166,8.223018217086793,0.8468025982379913,0.007765516405925155,-184.30134612321854,35.165476279608086,4.0,0.4471700698137283,
1316000,1402.4925293922424,-191.47313845157623,35.42661295914354,-0.0046737979024959134,10.24116563796997,0.8650140941143036,0.002683272905802969,-184.30134612321854,35.165476279608086,4.0,0.4803429216146469,
1320000,1405.4917335510254,-188.72256565093994,32.831677647074955,-0.004270560371611909,10.575000953674316,0.8436906933784485,0.0028187984145091383,-184.30134612321854,35.165476279608086,4.0,0.43196008801460267,
1324000,1409.7383685112,-191.96289491653442,35.172265977991465,-0.0057159773154805025,10.443354988098145,0.8652954161167145,0.004607601507450454,-185.39541156589985,36.95808527619012,4.0,0.43653087317943573,
1328000,1412.695449590683,-186.8388216495514,32.502720563570705,-0.007669239859251942,6.678826236724854,0.8685914814472199,0.005444766620562103,-185.39541156589985,36.95808527619012,4.0,0.462313124537468,
1332000,1415.6623961925507,-193.29503440856934,30.701563574054788,-0.005866951924865127,9.462552547454834,0.8577240943908692,0.004999350401340053,-185.39541156589985,36.95808527619012,4.0,0.4918264299631119,
1336000,1418.6363236904144,-185.8023805618286,29.12838050237851,-0.006333952522526154,7.485845899581909,0.9045055687427521,0.00456542415264991,-185.39541156589985,36.95808527619012,4.0,0.39275548458099363,
1340000,1421.646166563034,-187.07676911354065,34.27743499368924,-0.004949237487201242,9.10501503944397,0.8729650676250458,0.004057841197936796,-185.39541156589985,36.95808527619012,4.0,0.4025548368692398,
1344000,1424.6641585826874,-195.44741582870483,34.6992491088281,-0.006416683552476288,9.835512638092041,0.8578919470310211,0.00816306909546256,-185.39541156589985,36.95808527619012,4.0,0.4415614098310471,
1348000,1427.675345659256,-193.77454686164856,38.722529785269465,-0.0025263245683163405,14.569183349609375,0.8281507194042206,0.0028256112884264438,-185.39541156589985,36.95808527619012,4.0,0.43110021352767947,
1352000,1430.7029740810394,-190.5996208190918,32.58651354431038,-0.007577625407061283,6.724566125869751,0.8061642646789551,0.005591445443220433,-185.39541156589985,36.95808527619012,4.0,0.42596631348133085,
1356000,1433.674292087555,-188.00284385681152,34.26120749452768,-0.00665124342776835,6.30364294052124,0.8432092308998108,0.00567302889128527,-185.39541156589985,36.95808527619012,4.0,0.438280263543129,
1360000,1436.653126001358,-184.4726688861847,29.077587371867924,-0.006410740380175417,9.386063814163208,0.8094673991203308,0.005740824045691007,-185.39541156589985,36.95808527619012,4.0,0.47239120602607726,
1364000,1440.962417125702,-189.27088451385498,36.87203537197312,-0.004043017688750617,12.132742786407471,0.805748450756073,0.003196628563532916,-183.6770736053586,33.360725249166286,4.0,0.49207944273948667,
1368000,1443.9630756378174,-191.19798135757446,33.23476784345595,-0.0055584421820627835,15.079762840270996,0.8216939985752105,0.005844530369931178,-183.6770736053586,33.360725249166286,4.0,0.4462278485298157,
1372000,1446.9342093467712,-192.15553045272827,33.47250053025395,-0.007566472233893862,13.700784015655518,0.8628739297389985,0.008246901931823291,-183.6770736053586,33.360725249166286,4.0,0.44173047244548796,
1376000,1449.9660546779633,-183.69986987113953,26.837220432125932,-0.006230750976363187,8.309169483184814,0.8409410238265991,0.003788984508796922,-183.6770736053586,33.360725249166286,4.0,0.4702066659927368,
1380000,1453.014681339264,-188.8039047718048,37.569483573218754,-0.006047911269435069,8.761749505996704,0.81923126578331,0.0033149335940834135,-183.6770736053586,33.360725249166286,4.0,0.4336484968662262,
1384000,1456.048356294632,-188.11349380016327,33.720975152953294,-0.0047798776600199485,10.284096050262452,0.8314312815666198,0.007464541130078395,-183.6770736053586,33.360725249166286,4.0,0.5273930966854096,
1388000,1459.0938167572021,-187.94605767726898,35.66495123829564,-0.007283651373426725,8.87460823059082,0.8211862981319428,0.006893008667975664,-183.6770736053586,33.360725249166286,4.0,0.5214371025562287,
1392000,1462.145943403244,-188.61922645568848,28.80481260267777,-0.004706000521973053,9.193220090866088,0.8495202779769897,0.0047200988745316865,-183.6770736053586,33.360725249166286,4.0,0.47260607182979586,
1396000,1465.1607685089111,-195.19658613204956,39.995612485888486,-0.006516801504107805,10.00093412399292,0.8580395698547363,0.005423267714058389,-183.6770736053586,33.360725249166286,4.0,0.44155158698558805,
1400000,1468.1512460708618,-189.70348620414734,32.19585859820138,-0.006248036689590642,8.870281648635864,0.8805206716060638,0.006505053910999159,-183.6770736053586,33.360725249166286,4.0,0.44039722383022306,
1404000,1472.5015585422516,-194.86676478385925,35.800112478870716,-0.007323092502386786,9.551462554931641,0.8536022186279297,0.007395745418034494,-192.1217875853181,33.589468845513416,4.0,0.5515299260616302,
1408000,1475.4824812412262,-196.45322155952454,35.32143772471203,-0.0072055548056960015,7.728872013092041,0.8442185699939728,0.004641157382245487,-192.1217875853181,33.589468845513416,4.0,0.5275107800960541,
1412000,1478.3974573612213,-191.63007044792175,29.45847942276668,-0.005758422614734915,6.200538206100464,0.8486669063568115,0.0030796298448307,-192.1217875853181,33.589468845513416,4.0,0.47164377868175505,
1416000,1481.2322039604187,-192.65936374664307,39.5793869063588,-0.0042236910932169636,10.56073808670044,0.8414695560932159,0.002533657246385701,-192.1217875853181,33.589468845513416,4.0,0.5493748486042023,
1420000,1484.0521852970123,-193.96522629261017,33.217677256834975,-0.006883764818000326,8.135997486114501,0.8487285077571869,0.0048755265905929155,-192.1217875853181,33.589468845513416,4.0,0.5448414981365204,
1424000,1486.8805680274963,-188.47262036800385,31.116838827877228,-0.006303312514831005,7.253909969329834,0.8654172122478485,0.004029730488934247,-192.1217875853181,33.589468845513416,4.0,0.5417729258537293,
1428000,1489.7091686725616,-193.2000217437744,31.44813088501919,-0.007033000831802694,7.666759777069092,0.8599268317222595,0.003575579974858556,-192.1217875853181,33.589468845513416,4.0,0.502036839723587,
1432000,1492.553427696228,-191.40444552898407,42.72804145490305,-0.005912877315965748,11.873191833496094,0.8293083190917969,0.003338761286810055,-192.1217875853181,33.589468845513416,4.0,0.5070277929306031,
1436000,1495.381617307663,-190.62640929222107,34.51742199923095,-0.0060114414806012205,8.762644004821777,0.8277961850166321,0.0030481134876026773,-192.1217875853181,33.589468845513416,4.0,0.49469622075557707,
1440000,1498.2279534339905,-191.11019134521484,32.00337595153446,-0.007392882577298821,7.166957044601441,0.7762008726596832,0.005033162533072755,-192.1217875853181,33.589468845513416,4.0,0.5269994497299194,
1444000,1502.41876745224,-190.58764851093292,34.71860801768188,-0.00521639040360844,8.90023045539856,0.8260353386402131,0.004746427688320809,-187.08565339446068,36.79037686437813,4.0,0.4933769404888153,
1448000,1505.2556855678558,-186.02037024497986,33.10690530430397,-0.007149432012345613,8.333186721801757,0.8206303238868713,0.005508460523871062,-187.08565339446068,36.79037686437813,4.0,0.4793999195098877,
1452000,1508.1479523181915,-196.00967621803284,32.64319536497206,-0.006520015468200047,10.816486740112305,0.8161875188350678,0.007056863605976104,-187.08565339446068,36.79037686437813,4.0,0.4438172847032547,
1456000,1511.1214346885681,-194.85591983795166,31.62848690653628,-0.006737895404609562,6.523545551300049,0.8218033671379089,0.005000809014018159,-187.08565339446068,36.79037686437813,4.0,0.4694715768098831,
1460000,1514.09707570076,-188.92264032363892,28.455634076184623,-0.006119156074865373,6.259827184677124,0.8053598463535309,0.003578787004672157,-187.08565339446068,36.79037686437813,4.0,0.47434239089488983,
1464000,1517.1019320487976,-194.1140923500061,39.57699966963951,-0.005197737973571437,12.732993221282959,0.8167970716953278,0.00312319535005372,-187.08565339446068,36.79037686437813,4.0,0.48672567009925843,
1468000,1520.135526418686,-192.9604767560959,34.36023737960918,-0.005561505353388796,10.74062671661377,0.8282907187938691,0.005937373667256907,-187.08565339446068,36.79037686437813,4.0,0.45097067654132844,
1472000,1523.1511054039001,-191.0809097290039,33.352227120633565,-0.007811586034328943,14.564733695983886,0.8829280257225036,0.0037742232843302193,-187.08565339446068,36.79037686437813,4.0,0.4412648856639862,
1476000,1526.1368675231934,-183.9979876279831,28.188039494643206,-0.005685253937418278,9.823650932312011,0.8438841104507446,0.004513482410402503,-187.08565339446068,36.79037686437813,4.0,0.5081109166145324,
1480000,1529.109390258789,-192.0362389087677,30.38978288575242,-0.007850472799657537,8.719252729415894,0.808859258890152,0.005419208414969035,-187.08565339446068,36.79037686437813,4.0,0.515122902393341,
1484000,1533.3811230659485,-191.87176835536957,32.569159698041275,-0.006170766268934436,8.088506889343261,0.7981977045536042,0.006485224730568007,-193.6130672171712,35.27243227962594,4.0,0.4182789772748947,
1488000,1536.3732006549835,-198.22461533546448,37.42027048087949,-0.0067259314778881805,10.843566989898681,0.7896574676036835,0.006099561645261331,-193.6130672171712,35.27243227962594,4.0,0.41910912096500397,
1492000,1539.3718748092651,-193.7512788772583,35.41013782563947,-0.006088499637320633,9.563171815872192,0.7722022891044616,0.005554979853332043,-193.6130672171712,35.27243227962594,4.0,0.44442261159420016,
1496000,1542.355835199356,-193.9045925140381,32.8864548654915,-0.00719388846727087,7.6813019752502445,0.7592649221420288,0.004619026367436163,-193.6130672171712,35.27243227962594,4.0,0.4378270387649536,
1500000,1545.3367445468903,-192.22379970550537,33.14474897198147,-0.005092955849211034,13.73975830078125,0.6624292075634003,0.002242605242645368,-193.6130672171712,35.27243227962594,4.0,0.5065001368522644,
1504000,1548.2877898216248,-189.2823805809021,32.15400762012497,-0.006329177989624446,9.304192399978637,0.6880933523178101,0.005558444132411156,-193.6130672171712,35.27243227962594,4.0,0.4054441273212433,
1508000,1551.28591299057,-188.17554140090942,29.6069852280878,-0.005286907620883241,8.086354780197144,0.6735234081745147,0.0036593457247363404,-193.6130672171712,35.27243227962594,4.0,0.4187623649835587,
1512000,1554.2641611099243,-194.48279690742493,39.85631389802917,-0.0077031144052743805,9.734478950500488,0.7585207521915436,0.006514053831109779,-193.6130672171712,35.27243227962594,4.0,0.41047658026218414,
1516000,1557.241404056549,-199.23033344745636,35.15463397612125,-0.0067677944501241035,10.300552654266358,0.730134117603302,0.004283210210269317,-193.6130672171712,35.27243227962594,4.0,0.42938697934150694,
1520000,1560.243451833725,-188.8350865840912,31.76567209738331,-0.006831367192324222,10.694626808166504,0.6967046916484833,0.00630724475486204,-193.6130672171712,35.27243227962594,4.0,0.45525317192077636,
1524000,1564.5671520233154,-201.19311499595642,32.768864965320155,-0.006876371629225719,6.645677089691162,0.7639754235744476,0.0025053182350626814,-185.35669268667698,35.359067088012935,4.0,0.4099470257759094,
1528000,1567.5465531349182,-196.07346189022064,29.790332198092827,-0.004602331451140351,9.274054622650146,0.736203271150589,0.0051146081299521026,-185.35669268667698,35.359067088012935,4.0,0.4011646419763565,
1532000,1570.5535800457,-193.29043817520142,37.43304127405288,-0.004598291098955087,11.929684066772461,0.7900830209255219,0.0026459463240268376,-185.35669268667698,35.359067088012935,4.0,0.45009434819221494,
1536000,1573.424887895584,-190.28890311717987,31.065889201605298,-0.004906409743862738,10.133331680297852,0.7264513611793518,0.003667008152115159,-185.35669268667698,35.359067088012935,4.0,0.4012867122888565,
1540000,1576.2960238456726,-187.46749329566956,32.14069890836318,-0.005650546579000881,10.719049167633056,0.7448648273944855,0.0031022582568305925,-185.35669268667698,35.359067088012935,4.0,0.44743940234184265,
1544000,1579.1137142181396,-197.4786581993103,38.47103640560344,-0.006971528341683264,8.599730587005615,0.7018162786960602,0.01025732160033659,-185.35669268667698,35.359067088012935,4.0,0.4400347977876663,
1548000,1581.9368114471436,-189.6311081647873,30.78969922573121,-0.0061668712599202815,8.475992393493652,0.7044887185096741,0.0034335521183869845,-185.35669268667698,35.359067088012935,4.0,0.4277267843484879,
1552000,1584.792260169983,-195.6430186033249,39.33009589478174,-0.004996540398725014,11.66801290512085,0.6984619557857513,0.0031185072657535784,-185.35669268667698,35.359067088012935,4.0,0.3997548550367355,
1556000,1587.739017009735,-193.0783313512802,31.75314996317185,-0.006830626005617191,7.1736729621887205,0.7126583576202392,0.0032889989991872425,-185.35669268667698,35.359067088012935,4.0,0.39781264066696165,
1560000,1590.6381635665894,-189.20820236206055,33.8638772736916,-0.005990304540687497,9.873607158660889,0.7231628715991973,0.005165915559919121,-185.35669268667698,35.359067088012935,4.0,0.45562383234500886,
1564000,1594.8541855812073,-190.8561384677887,32.13184200503994,-0.007014296800674291,6.783711910247803,0.6871386110782624,0.003378267356310971,-191.97705789655447,38.837860742589406,4.0,0.3712193310260773,
1568000,1597.8469760417938,-186.98824882507324,27.175375150149623,-0.005936179036274547,7.423233222961426,0.672146487236023,0.006050552664324638,-191.97705789655447,38.837860742589406,4.0,0.43747747540473936,
1572000,1600.7960269451141,-188.9278223514557,32.52921937155136,-0.006029582596383998,7.34200644493103,0.656682413816452,0.004762472467846235,-191.97705789655447,38.837860742589406,4.0,0.374766132235527,
1576000,1603.6519510746002,-191.14646637439728,30.362215701318014,-0.005575187235139367,8.334008502960206,0.6529381692409515,0.006486685632262379,-191.97705789655447,38.837860742589406,4.0,0.4229848712682724,
1580000,1606.5058517456055,-187.31018471717834,26.766846005618998,-0.006029645399811346,9.033731269836426,0.7161260366439819,0.006924514313461261,-191.97705789655447,38.837860742589406,4.0,0.46812814474105835,
1584000,1609.352203130722,-189.69007635116577,34.211581021847614,-0.00830517328608149,7.735670471191407,0.7007119119167328,0.006111322855576873,-191.97705789655447,38.837860742589406,4.0,0.3723607838153839,
1588000,1612.1827776432037,-194.67566895484924,37.52496022962162,-0.006528699340143574,10.6416446685791,0.6987306118011475,0.005495653534308076,-191.97705789655447,38.837860742589406,4.0,0.4009289801120758,
1592000,1615.1142272949219,-192.86266016960144,34.613476546092755,-0.005110361140687037,11.32699613571167,0.6560488998889923,0.00489118661743122,-191.97705789655447,38.837860742589406,4.0,0.43618546426296234,
1596000,1618.0473110675812,-197.93531227111816,36.269715492608505,-0.005036053816167019,8.087593364715577,0.6382489085197449,0.006577776989589168,-191.97705789655447,38.837860742589406,4.0,0.44288774728775027,
1600000,1621.0420854091644,-188.88412523269653,35.82079631599533,-0.004644838063589773,8.972911691665649,0.6745447814464569,0.004646799392687778,-191.97705789655447,38.837860742589406,4.0,0.4394048571586609,
1604000,1625.351316690445,-193.51965284347534,42.233044337975095,-0.006579181310720728,10.356225776672364,0.6887245893478393,0.004788755078334361,-191.4199466779828,31.803983454251906,4.0,0.4185638397932053,
1608000,1628.3284146785736,-197.79492259025574,30.13883773538024,-0.0065104524345757754,8.804713153839112,0.681423830986023,0.004537894041277468,-191.4199466779828,31.803983454251906,4.0,0.39213315546512606,
1612000,1631.3273677825928,-197.76174759864807,39.21429179582326,-0.005282920621024978,8.84504508972168,0.7061835587024688,0.002832570200553164,-191.4199466779828,31.803983454251906,4.0,0.4789085417985916,
1616000,1634.3088431358337,-192.28972733020782,30.58117707427601,-0.006168617046593461,10.546389770507812,0.6921916306018829,0.006196932791654652,-191.4199466779828,31.803983454251906,4.0,0.42968728840351106,
1620000,1637.2577908039093,-190.35483634471893,33.00661016630898,-0.00579767857484208,9.81672215461731,0.6748806536197662,0.003914664291194647,-191.4199466779828,31.803983454251906,4.0,0.44586465656757357,
1624000,1640.2181465625763,-183.7535799741745,31.146944322685393,-0.005270253001867476,8.397263526916504,0.6599006175994873,0.004567611508537084,-191.4199466779828,31.803983454251906,4.0,0.44978422820568087,
1628000,1643.1874754428864,-195.91202008724213,32.53895096116703,-0.007508216556782532,6.677107143402099,0.6750114262104034,0.0036318792510428464,-191.4199466779828,31.803983454251906,4.0,0.455520310997963,
1632000,1646.1757123470306,-181.77437949180603,33.18511642658992,-0.006955434173966468,7.581860780715942,0.6646376311779022,0.005059601490405236,-191.4199466779828,31.803983454251906,4.0,0.4758228540420532,
1636000,1649.1419489383698,-192.33932495117188,34.884417550709514,-0.006535277258527117,9.211753749847412,0.6485392034053803,0.0033038534238003293,-191.4199466779828,31.803983454251906,4.0,0.49314579367637634,
1640000,1652.128821849823,-188.06454157829285,32.63840106431791,-0.004946648554488398,8.724718618392945,0.6526373088359833,0.0027368704373657237,-191.4199466779828,31.803983454251906,4.0,0.5071460247039795,
1644000,1656.4121823310852,-193.18182468414307,30.141108075008457,-0.006894121668146269,11.172824478149414,0.6434983909130096,0.007024221180472523,-192.59116385877132,35.17877424386506,4.0,0.48437100648880005,
1648000,1659.3750998973846,-184.6859086751938,27.65023313708069,-0.006508619406881522,7.688035106658935,0.7045432984828949,0.0031201881619636216,-192.59116385877132,35.17877424386506,4.0,0.521166056394577,
1652000,1662.3801698684692,-186.48632633686066,32.91531120760202,-0.0051068930872328,11.954331398010254,0.6642936050891877,0.0052738460130058226,-192.59116385877132,35.17877424386506,4.0,0.47663678526878356,
1656000,1665.3592619895935,-191.17080795764923,33.87752362311774,-0.0055168595895326075,10.578884983062744,0.6418355107307434,0.009661705000326037,-192.59116385877132,35.17877424386506,4.0,0.48665393590927125,
1660000,1668.3264601230621,-184.29866635799408,30.79707447895981,-0.005325251656235252,8.519449853897095,0.6103817343711853,0.004928122873650853,-192.59116385877132,35.17877424386506,4.0,0.47474950850009917,
1664000,1671.2904546260834,-186.16546976566315,34.85868880891178,-0.006790857716618604,8.349102640151978,0.6536841213703155,0.006136740528745577,-192.59116385877132,35.17877424386506,4.0,0.518313080072403,
1668000,1674.2723956108093,-178.7188138961792,33.86219656173734,-0.007453457160076749,7.293297529220581,0.656234335899353,0.00809668685557945,-192.59116385877132,35.17877424386506,4.0,0.4820584625005722,
1672000,1677.270337343216,-191.65212893486023,32.274958266758944,-0.009440455562745554,8.584844303131103,0.6645044207572937,0.016784379305318,-192.59116385877132,35.17877424386506,4.0,0.42446610033512117,
1676000,1680.2367942333221,-191.16664361953735,29.979433496570287,-0.0066168400777192994,8.48848032951355,0.6822446823120117,0.0066336399183298585,-192.59116385877132,35.17877424386506,4.0,0.454404479265213,
1680000,1683.220775127411,-187.03937077522278,31.28909075132297,-0.007383821343071762,9.939546871185303,0.6905048668384552,0.009023387532215566,-192.59116385877132,35.17877424386506,4.0,0.5094282984733581,
1684000,1687.577261209488,-191.64449620246887,37.09560185026866,-0.006649633947449418,11.236695480346679,0.7348716974258422,0.008929457585327327,-190.48035440593958,30.23014174162073,4.0,0.4647693902254105,
1688000,1690.5966882705688,-192.8602843284607,33.4312929264552,-0.0073239050332146284,8.264377927780151,0.7068830609321595,0.0027021675719879567,-190.48035440593958,30.23014174162073,4.0,0.42312978506088256,
1692000,1693.6195113658905,-195.11809659004211,31.472448753066722,-0.007718770309506606,8.291620922088622,0.6798099458217621,0.00665620164363645,-190.48035440593958,30.23014174162073,4.0,0.4626982092857361,
1696000,1696.600043296814,-185.45885229110718,27.86463018909889,-0.006050067867307618,7.657458829879761,0.6857437491416931,0.006891710146737751,-190.48035440593958,30.23014174162073,4.0,0.46323865950107573,
1700000,1699.5513367652893,-185.86805057525635,27.723157950532237,-0.0070116483989792755,6.626623201370239,0.6944605827331543,0.008406525069071602,-190.48035440593958,30.23014174162073,4.0,0.43573868870735166,
1704000,1702.533768415451,-184.22724795341492,29.938424264622434,-0.00689271117917567,10.00501127243042,0.6780023097991943,0.009491983836051076,-190.48035440593958,30.23014174162073,4.0,0.42329029738903046,
1708000,1705.5083038806915,-195.74406552314758,30.60816428828767,-0.006416115387187738,7.196642446517944,0.6814433574676514,0.00471411633755392,-190.48035440593958,30.23014174162073,4.0,0.4198040276765823,
1712000,1708.4861767292023,-194.61518144607544,32.058801969954075,-0.009031929197565968,6.350955152511597,0.6848115682601928,0.007283711525533976,-190.48035440593958,30.23014174162073,4.0,0.4218767791986465,
1716000,1711.4638211727142,-188.09327352046967,40.699489706378024,-0.005890767926815954,10.568794059753419,0.6325303554534912,0.0033010426716610477,-190.48035440593958,30.23014174162073,4.0,0.38528470396995546,
1720000,1714.453082561493,-191.1625473499298,33.288636516696364,-0.00648531405068935,10.827522277832031,0.6619946300983429,0.0062928211259035026,-190.48035440593958,30.23014174162073,4.0,0.4065986692905426,
1724000,1718.7476348876953,-202.8519003391266,34.894957395173506,-0.006781730665515085,9.412294340133666,0.6424881815910339,0.005483301801723428,-194.1319947987795,35.60088559112929,4.0,0.3964468389749527,
1728000,1721.7036967277527,-192.5086771249771,32.0594335909564,-0.005807792430743586,6.68523850440979,0.6384176909923553,0.004241522216703775,-194.1319947987795,35.60088559112929,4.0,0.39899358749389646,
1732000,1724.6845762729645,-192.89326763153076,33.13080180881598,-0.00819258828973397,5.968956422805786,0.6378929316997528,0.0086757176122628,-194.1319947987795,35.60088559112929,4.0,0.38100223541259765,
1736000,1727.6687245368958,-186.08387541770935,34.81230985577767,-0.006210123895977926,7.862404155731201,0.632172018289566,0.00679381498193834,-194.1319947987795,35.60088559112929,4.0,0.38789882361888883,
1740000,1730.6690158843994,-194.40844440460205,37.50497654438364,-0.006691987446819742,8.381136178970337,0.6319942235946655,0.0030365379625582277,-194.1319947987795,35.60088559112929,4.0,0.41945658922195433,
1744000,1733.6347761154175,-191.88508439064026,28.622455721942895,-0.007140287179499882,7.949697685241699,0.6462628245353699,0.005536979597527536,-194.1319947987795,35.60088559112929,4.0,0.37824097871780393,
1748000,1736.634251832962,-186.20265746116638,31.69864219706779,-0.006155844800018961,9.520698833465577,0.6729942739009858,0.006292750095599331,-194.1319947987795,35.60088559112929,4.0,0.42423508763313295,
1752000,1739.6186945438385,-193.75960731506348,33.83407996693459,-0.0068033390436321286,10.988940906524657,0.6916369199752808,0.006657266040565446,-194.1319947987795,35.60088559112929,4.0,0.45072305798530576,
1756000,1742.6028170585632,-185.42440557479858,31.579648759924392,-0.006312802124302852,9.13825421333313,0.6491379380226135,0.0015352506264268123,-194.1319947987795,35.60088559112929,4.0,0.4112403154373169,
1760000,1745.5875461101532,-196.098898768425,33.480228431112515,-0.006778913122757047,11.638410472869873,0.6684486150741578,0.004439962809245723,-194.1319947987795,35.60088559112929,4.0,0.3771784842014313,
1764000,1749.9204576015472,-184.72151374816895,32.4200730522299,-0.0038861263753691144,11.905589389801026,0.6557610750198364,0.0030408514954615383,-191.04848317056894,38.6060901592489,4.0,0.46816501319408416,
1768000,1752.8800556659698,-189.5753378868103,29.455854699762245,-0.00761601077299563,7.104344320297241,0.6335908234119415,0.005822083877981754,-191.04848317056894,38.6060901592489,4.0,0.41538326144218446,
1772000,1755.8683333396912,-195.87711775302887,33.918033067264815,-0.004859061058610692,9.792635536193847,0.668813294172287,0.005284901132108643,-191.04848317056894,38.6060901592489,4.0,0.3911418318748474,
1776000,1758.8424303531647,-202.5259177684784,38.605164490238685,-0.008066082030845185,10.141865348815918,0.6771176278591156,0.007059483201010153,-191.04848317056894,38.6060901592489,4.0,0.3903512924909592,
1780000,1761.8283495903015,-192.96401298046112,29.83383446000765,-0.006846828652545866,7.4084615230560305,0.681888610124588,0.006714336108416319,-191.04848317056894,38.6060901592489,4.0,0.40351071655750276,
1784000,1764.8071987628937,-193.56093215942383,34.61430783620052,-0.007948430912413863,8.512345600128175,0.7112943232059479,0.006024092820007354,-191.04848317056894,38.6060901592489,4.0,0.40147386491298676,
1788000,1767.7897086143494,-189.47048723697662,30.68345282001591,-0.0058220825913982924,11.051723670959472,0.7022814691066742,0.00448177478120973,-191.04848317056894,38.6060901592489,4.0,0.4166987031698227,
1792000,1770.777811050415,-184.8875696659088,30.01043445992784,-0.005724287390631311,8.03376545906067,0.6880867838859558,0.004416786890069524,-191.04848317056894,38.6060901592489,4.0,0.41172740161418914,
1796000,1773.7808787822723,-189.42085671424866,36.92772209702605,-0.007508212479297072,8.581626224517823,0.6934110343456268,0.004452087955471784,-191.04848317056894,38.6060901592489,4.0,0.4726824939250946,
1800000,1776.747269153595,-187.48251128196716,28.842143405642542,-0.007988818739696096,7.502440881729126,0.6763440907001496,0.006618546426761895,-191.04848317056894,38.6060901592489,4.0,0.46560999751091003,
1804000,1781.1221280097961,-203.06693875789642,40.90918047444143,-0.006018578071612879,14.025940036773681,0.6481818974018096,0.002684730226688181,-195.14074705541134,37.88249805549323,4.0,0.4176595211029053,
1808000,1784.0763852596283,-189.936168551445,32.75492176326715,-0.007200044645151759,6.451173734664917,0.6310896813869477,0.006516725565462078,-195.14074705541134,37.88249805549323,4.0,0.40334774255752565,
1812000,1787.0502970218658,-193.8733217716217,32.14823735964398,-0.006822544690531984,9.121924829483032,0.6686447083950042,0.009028531575265042,-195.14074705541134,37.88249805549323,4.0,0.43527594208717346,
1816000,1790.0020244121552,-188.25665593147278,35.79064105003489,-0.005653089982263637,13.515600109100342,0.6850837826728821,0.0068263612483860925,-195.14074705541134,37.88249805549323,4.0,0.4135376989841461,
1820000,1792.9563438892365,-189.3616245985031,35.509470276314836,-0.006263252569750577,12.966952419281006,0.6895220279693604,0.005267517160973512,-195.14074705541134,37.88249805549323,4.0,0.4125987648963928,
1824000,1795.8047342300415,-187.6864057779312,36.421285743449914,-0.006963771824414522,7.519757032394409,0.659244441986084,0.004567964282662906,-195.14074705541134,37.88249805549323,4.0,0.4190847486257553,
1828000,1798.6250910758972,-194.20661973953247,40.76836380575472,-0.006209087581839512,14.0168607711792,0.6848762333393097,0.005060153629165143,-195.14074705541134,37.88249805549323,4.0,0.35789233446121216,
1832000,1801.4886512756348,-198.94136309623718,34.353663689598996,-0.005763176447556706,11.766954708099366,0.6514795958995819,0.0030354452406754716,-195.14074705541134,37.88249805549323,4.0,0.4096244961023331,
1836000,1804.5063936710358,-194.09120857715607,32.71349082676942,-0.009140209679026156,8.191190576553344,0.6754431784152984,0.007123469258348258,-195.14074705541134,37.88249805549323,4.0,0.48995864689350127,
1840000,1807.4726827144623,-184.39328837394714,34.051616580464334,-0.0070214022938162035,8.04135184288025,0.7786623239517212,0.0063168658389865405,-195.14074705541134,37.88249805549323,4.0,0.44712957441806794,
1844000,1811.839951992035,-195.06941533088684,38.133606318568184,-0.005980293746572052,13.940660762786866,0.7656999051570892,0.0026125992662855424,-191.4730389341712,37.241281697411964,4.0,0.4516400843858719,
1848000,1814.7171456813812,-185.01885271072388,35.38750320268052,-0.006426853531273124,11.999501037597657,0.7419759690761566,0.005598093426669948,-191.4730389341712,37.241281697411964,4.0,0.4380228787660599,
1852000,1817.734536409378,-189.50069189071655,29.63696185970397,-0.006310269976190064,8.41890616416931,0.7246991574764252,0.004915198250479691,-191.4730389341712,37.241281697411964,4.0,0.5099749982357025,
1856000,1820.764390707016,-191.87055134773254,32.9177045900519,-0.008013584760716164,10.59748945236206,0.6662388026714325,0.008219659458496675,-191.4730389341712,37.241281697411964,4.0,0.44933106303215026,
1860000,1823.7556958198547,-190.03287553787231,27.596199679017374,-0.007179578883728688,8.196555137634277,0.652058607339859,0.006969244062202051,-191.4730389341712,37.241281697411964,4.0,0.41849044859409334,
1864000,1826.776368379593,-187.75639498233795,29.271135109404362,-0.008025619266089024,9.19015040397644,0.6416116237640381,0.0086336208312618,-191.4730389341712,37.241281697411964,4.0,0.44777692258358004,
1868000,1829.8126986026764,-181.05515468120575,32.08058673607608,-0.0067881847214884775,6.860353660583496,0.672700023651123,0.0031787514337338505,-191.4730389341712,37.241281697411964,4.0,0.458171746134758,
1872000,1832.8213086128235,-183.28770565986633,29.41136033346646,-0.008205547989501304,9.308736610412598,0.6822880327701568,0.0068527315219398584,-191.4730389341712,37.241281697411964,4.0,0.45518833100795747,
1876000,1835.8729264736176,-192.12714409828186,27.71258751226431,-0.007003976439746662,8.380783700942994,0.6796244382858276,0.006061261894685898,-191.4730389341712,37.241281697411964,4.0,0.47553831040859224,
1880000,1838.8947699069977,-193.68849301338196,42.89450618482457,-0.006393954981894545,16.00626163482666,0.6598113119602204,0.006659315700642754,-191.4730389341712,37.241281697411964,4.0,0.4211610943078995,
1884000,1843.2398018836975,-185.01890671253204,37.06309483590622,-0.007968471021701885,8.296518802642822,0.6923160672187805,0.005327520952414488,-187.54560154676437,30.89154487690697,4.0,0.3619008451700211,
1888000,1846.274917602539,-191.23775732517242,32.3504668571562,-0.006975865358021105,10.018777847290039,0.693276834487915,0.006028838545704929,-187.54560154676437,30.89154487690697,4.0,0.4223001301288605,
1892000,1849.2565274238586,-187.93935573101044,35.718359896457734,-0.006899901480414172,12.785262203216552,0.692147845029831,0.004336678344833977,-187.54560154676437,30.89154487690697,4.0,0.4452896773815155,
1896000,1852.2664320468903,-186.8223761320114,28.04408922830757,-0.006014037601882549,9.715941238403321,0.6533873319625855,0.004645092638558701,-187.54560154676437,30.89154487690697,4.0,0.44039183259010317,
1900000,1855.2769482135773,-184.86407470703125,34.10148549820804,-0.0067653714107969165,10.741404724121093,0.6629260897636413,0.003762315583662712,-187.54560154676437,30.89154487690697,4.0,0.4492372006177902,
1904000,1858.2757852077484,-190.631889462471,33.020224929989325,-0.006277882633109933,8.63922028541565,0.6635087907314301,0.006489040693045034,-187.54560154676437,30.89154487690697,4.0,0.37818544209003446,
1908000,1861.2698934078217,-181.72648429870605,33.01723261613122,-0.006044090838792471,12.569743824005126,0.680042177438736,0.005518519253043164,-187.54560154676437,30.89154487690697,4.0,0.372452712059021,
1912000,1864.2729647159576,-192.38493382930756,33.14516340893473,-0.0067050995491444885,10.588785362243652,0.6738223791122436,0.005978255544323474,-187.54560154676437,30.89154487690697,4.0,0.4040694385766983,
1916000,1867.2854552268982,-194.85129272937775,33.79863021516298,-0.00956546497655406,13.774540901184082,0.6970216572284699,0.008372142678359529,-187.54560154676437,30.89154487690697,4.0,0.4222667396068573,
1920000,1870.2997786998749,-193.7624431848526,31.249632458542376,-0.006316131168666006,10.778900337219238,0.6517471492290496,0.005932043283246457,-187.54560154676437,30.89154487690697,4.0,0.413862532377243,
1924000,1874.5496797561646,-190.07630348205566,29.612906782096964,-0.009658246498244516,9.099389791488647,0.6664369821548461,0.013531922188121825,-192.16022484749556,32.034387998436756,4.0,0.38634333610534666,
1928000,1877.346828699112,-187.1257048845291,36.72268890284398,-0.008608457543266312,8.463501167297363,0.6790200054645539,0.007385115855373492,-192.16022484749556,32.034387998436756,4.0,0.38063272535800935,
1932000,1880.1573390960693,-195.66763019561768,30.122799240895045,-0.006901921585202331,9.942282772064209,0.6819540977478027,0.003788272402870163,-192.16022484749556,32.034387998436756,4.0,0.4187663376331329,
1936000,1882.9424650669098,-197.34034621715546,33.52140479866307,-0.007254164067873115,7.84533429145813,0.7111249983310699,0.002400809627414446,-192.16022484749556,32.034387998436756,4.0,0.3548033952713013,
1940000,1885.7276294231415,-179.75165390968323,29.514465461688854,-0.007310462841919297,7.148579883575439,0.6668683528900147,0.009973590748074157,-192.16022484749556,32.034387998436756,4.0,0.3882716864347458,
1944000,1888.5246608257294,-188.58275365829468,31.736601697905996,-0.007305154171927697,9.631851291656494,0.6900179564952851,0.006622588518075645,-192.16022484749556,32.034387998436756,4.0,0.3961841493844986,
1948000,1891.3248977661133,-193.27352559566498,29.949049173763765,-0.008365634446498049,8.473022222518921,0.6872030675411225,0.007137692447441335,-192.16022484749556,32.034387998436756,4.0,0.40564133822917936,
1952000,1894.1092400550842,-195.08176624774933,40.58772905632725,-0.007608783618081372,10.0464448928833,0.6817633271217346,0.007675479748286307,-192.16022484749556,32.034387998436756,4.0,0.3765094131231308,
1956000,1896.8909983634949,-196.13160037994385,32.269985906028545,-0.006894454517867387,8.924463081359864,0.6911702454090118,0.006945612550790736,-192.16022484749556,32.034387998436756,4.0,0.3597762107849121,
1960000,1899.7215287685394,-192.37354159355164,35.060345912456846,-0.005897618705096442,9.067062997817994,0.6440071046352387,0.004464732007899641,-192.16022484749556,32.034387998436756,4.0,0.3993465393781662,
1964000,1903.9088501930237,-184.7669290304184,36.188347334854726,-0.0068361939359456335,8.943158817291259,0.670459908246994,0.0038819076785973072,-188.8652532324195,39.18154719321272,4.0,0.33409940004348754,
1968000,1906.82848072052,-191.9117784500122,29.81759072504406,-0.006283946752548175,10.994139575958252,0.6374173760414124,0.0034868404385633768,-188.8652532324195,39.18154719321272,4.0,0.437865224480629,
1972000,1909.8290705680847,-183.23310792446136,30.85611754535065,-0.006818371433143966,5.270416641235352,0.6160181939601899,0.00823959992849268,-188.8652532324195,39.18154719321272,4.0,0.3577753722667694,
1976000,1912.7843971252441,-198.61693120002747,37.10102022192057,-0.006442339468669811,10.271313953399659,0.6225288569927215,0.0049947098355914935,-188.8652532324195,39.18154719321272,4.0,0.38840982019901277,
1980000,1915.772157907486,-191.14293670654297,36.482825570417226,-0.008196016604080824,8.853117084503173,0.6570428490638733,0.009028775291517377,-188.8652532324195,39.18154719321272,4.0,0.3671692818403244,
1984000,1918.738472700119,-189.66104519367218,31.397126143510228,-0.010626238240860397,8.011211824417114,0.6890806496143341,0.014078944891380774,-188.8652532324195,39.18154719321272,4.0,0.369104677438736,
1988000,1921.7266507148743,-186.43358552455902,33.23593276285719,-0.0075221654218621484,9.992797088623046,0.6750653922557831,0.00818488841829823,-188.8652532324195,39.18154719321272,4.0,0.36991840302944184,
1992000,1924.738492012024,-189.76336574554443,28.993660301658707,-0.008288852739923946,8.862151193618775,0.6729787528514862,0.005151593891787343,-188.8652532324195,39.18154719321272,4.0,0.3961726099252701,
1996000,1927.6851484775543,-187.01825833320618,32.01276382374211,-0.006268649026441075,12.38081750869751,0.7006312191486359,0.005829389878548685,-188.8652532324195,39.18154719321272,4.0,0.3333870440721512,
2000000,1930.71888589859,-185.1396996974945,38.40708967441798,-0.007030716456938535,7.71780366897583,0.701188987493515,0.006501990207470954,-188.8652532324195,39.18154719321272,4.0,0.3901954829692841,
