global_step,wall_time_s,ep_return_mean,ep_return_std,policy_loss,value_loss,entropy,approx_kl,eval_return_mean,eval_return_std,mean_k,attn_entropy,lagrange_lambda
4000,4.2355804443359375,-230.61959433555603,48.84348208889021,-0.000756091706411155,223.74356842041016,1.5980163931846618,5.7889070558303504e-05,,,4.930458450317383,,
8000,7.927702903747559,-226.00957107543945,47.31075544308541,-0.0005605542070274083,198.23601989746095,1.588951551914215,8.942808217641263e-05,,,4.920020914077758,,
12000,11.654751539230347,-224.7807252407074,41.63652696903139,-0.000707704254872965,161.05694427490235,1.5729640126228333,3.3411337051102166e-05,,,4.913666820526123,,
16000,15.386691808700562,-225.96109414100647,33.69316278802944,-0.0005294212218899475,131.20285415649414,1.5676842212677002,6.71480543678632e-05,,,4.928166723251342,,
20000,19.14144253730774,-217.09147429466248,35.69845740576142,-0.0009649172495407754,76.51982078552246,1.5656153917312623,3.3430763869546355e-05,,,4.959187698364258,,
24000,22.844046115875244,-209.930481672287,36.51287598862632,-0.0018640226209924227,77.0538459777832,1.5475986003875732,0.0011423873525927774,,,4.97620849609375,,
28000,26.546483993530273,-223.95717906951904,46.34542808222661,-0.0009769462542414508,75.42857437133789,1.5238238334655763,0.0005380047081950279,,,4.969500160217285,,
32000,30.333218574523926,-218.85032296180725,33.54002902398056,-0.0007646974460609801,77.81665878295898,1.499625015258789,0.0006574992057188256,,,4.95550012588501,,
36000,34.17529845237732,-218.8185557126999,43.82374692220293,-0.0006297340336169022,65.7576747894287,1.485088312625885,0.0003292282272886915,,,4.863437604904175,,
40000,37.70480155944824,-218.25018215179443,32.14210220349411,-0.0003941983640894264,63.6886791229248,1.4946645021438598,0.0003816213997197337,,,4.912041759490966,,
44000,43.91626214981079,-220.72857284545898,28.70708192118841,-0.00016349725052720033,54.780621719360354,1.4532428503036499,0.0,-262.2287746220827,40.74648880459186,4.910208511352539,,
48000,47.6868953704834,-227.18112349510193,32.32114526484477,-0.0010152730495804785,47.776397705078125,1.4130133628845214,0.00043374193910858947,-262.2287746220827,40.74648880459186,4.9175208568572994,,
52000,51.35783934593201,-219.91219758987427,36.961406601723716,-0.0013081176163105112,32.400143432617185,1.44677232503891,2.4835269257783566e-12,-262.2287746220827,40.74648880459186,4.960583448410034,,
56000,55.06756782531738,-213.79207682609558,31.082311594317694,-0.000937751270229148,45.078376388549806,1.463848388195038,6.207037586136721e-05,-262.2287746220827,40.74648880459186,4.984354257583618,,
60000,58.79846477508545,-225.41922616958618,43.080422795620436,-0.001261980624568615,54.46906929016113,1.4606921911239623,0.0007413191640807781,-262.2287746220827,40.74648880459186,4.956895923614502,,
64000,62.50342130661011,-233.74269223213196,51.34827958041075,-0.0011899416677285223,61.29370040893555,1.4863459587097168,4.4313650505500846e-05,-262.2287746220827,40.74648880459186,4.8860002040863035,,
68000,66.2322793006897,-237.08733534812927,47.391014432475465,-0.0012866694495981656,52.27493133544922,1.456229019165039,0.0008810394699782287,-262.2287746220827,40.74648880459186,4.902416753768921,,
72000,69.8205816745758,-237.71273636817932,40.63665455665386,-0.0023144353595561996,34.565665054321286,1.3979812860488892,0.0004846776608246728,-262.2287746220827,40.74648880459186,4.8578958988189695,,
76000,73.53156685829163,-245.7738664150238,49.74475967995216,-0.002064761657811065,37.16564178466797,1.3806452870368957,0.0019229883611842525,-262.2287746220827,40.74648880459186,4.62358341217041,,
80000,77.17779278755188,-227.55226802825928,38.409815575754536,-0.0014936047216082215,70.89478149414063,1.387476420402527,0.0003128832881241883,-262.2287746220827,40.74648880459186,4.682833433151245,,
84000,83.58078217506409,-235.22456693649292,57.45097818762693,-0.0016112083882423357,42.73006973266602,1.2972423553466796,0.0007387989297512832,-327.4321593642235,90.81795697494925,4.66931266784668,,
88000,87.09032130241394,-238.51689410209656,41.68051623767588,-0.001958570173863938,30.25059413909912,1.2677605032920838,0.002063492650593024,-327.4321593642235,90.81795697494925,4.598833465576172,,
92000,90.85379648208618,-248.0438051223755,52.12311957287169,-0.0022481413474306324,41.27075843811035,1.235105311870575,0.0005816936257809768,-327.4321593642235,90.81795697494925,4.460708522796631,,
96000,94.52139973640442,-213.14443182945251,30.308395766797847,-0.0024624159468415565,43.20505657196045,1.2992979168891907,0.0006477359690664653,-327.4321593642235,90.81795697494925,4.566104316711426,,
100000,98.24563384056091,-227.37633347511292,51.13638790097866,-0.0022748190276615787,45.01964912414551,1.3364484429359436,0.0013633881681016646,-327.4321593642235,90.81795697494925,4.5635417938232425,,
104000,102.07753324508667,-220.32998991012573,45.87360780221132,-0.0023829866574766713,50.87129859924316,1.3340516448020936,0.0014533049026795198,-327.4321593642235,90.81795697494925,4.5250626564025875,,
108000,105.79569625854492,-219.3768711090088,37.697781606798586,-0.002080685994597431,38.77994804382324,1.3354471564292907,0.001376528107832807,-327.4321593642235,90.81795697494925,4.463645935058594,,
112000,109.34044170379639,-230.39687085151672,46.45424130092019,-0.0037689610823290476,34.87315139770508,1.298626756668091,0.001563588327553589,-327.4321593642235,90.81795697494925,4.464000082015991,,
116000,113.03870749473572,-216.71667861938477,33.925348508208245,-0.0032503127531381183,32.255509567260745,1.2784019351005553,0.0010001028897434789,-327.4321593642235,90.81795697494925,4.356479263305664,,
120000,116.73979043960571,-231.33900213241577,50.76970378615426,-0.0019154127192256621,36.146978759765624,1.2353174209594726,0.001687852640073606,-327.4321593642235,90.81795697494925,4.312979316711425,,
124000,123.20986795425415,-226.05655002593994,41.62590373741286,-0.004677986934082589,25.574291038513184,1.2424745559692383,0.0006638583974587775,-239.1562931239605,39.22893897115237,4.381687593460083,,
128000,126.91292405128479,-218.5036175251007,38.98156122992666,-0.0027792303441868337,37.92536563873291,1.2676931977272035,0.0023852223879657687,-239.1562931239605,39.22893897115237,4.380916738510132,,
132000,130.5997176170349,-223.9288170337677,39.16913858566388,-0.0037487225342387022,31.430852317810057,1.1914507627487183,0.002997090882117248,-239.1562931239605,39.22893897115237,4.247916793823242,,
136000,134.23641896247864,-219.47503280639648,34.308341386135545,-0.004026851573182899,26.86662940979004,1.1472024202346802,0.0028424021370010433,-239.1562931239605,39.22893897115237,4.258541774749756,,
140000,137.94255757331848,-227.35372710227966,35.69953816416642,-0.0020689411010437974,34.45173645019531,1.1853190898895263,0.0035459273000014945,-239.1562931239605,39.22893897115237,4.19864592552185,,
144000,141.63829636573792,-234.01517486572266,47.03681606008145,-0.003955552747162638,29.303854179382324,1.1297738790512084,0.001966586723535624,-239.1562931239605,39.22893897115237,4.148833417892456,,
148000,145.36705660820007,-224.50455784797668,44.956643349996476,-0.003592088434146845,25.161923217773438,1.1196084499359131,0.0031674717468364922,-239.1562931239605,39.22893897115237,4.097458457946777,,
152000,149.05967235565186,-237.43177890777588,39.8636239916805,-0.0027604744079678055,23.11784954071045,1.0868205666542052,0.0027387706789498536,-239.1562931239605,39.22893897115237,3.8925209045410156,,
156000,152.6469223499298,-228.086895942688,42.81250127661174,-0.003844645472941899,25.109960556030273,1.0612615704536439,0.0021432998561067506,-239.1562931239605,39.22893897115237,4.149729251861572,,
160000,156.00408387184143,-228.57770490646362,39.09818899994544,-0.0038904770733788397,27.530376434326172,1.1245256304740905,0.0014457157343858995,-239.1562931239605,39.22893897115237,4.153520917892456,,
164000,161.74741554260254,-230.3775131702423,45.050397254255444,-0.003554610324325047,28.675152015686034,1.1216360807418824,0.00394610947917684,-227.0809174478054,38.48957240391258,4.143770980834961,,
168000,164.8626251220703,-217.9917118549347,34.12468815524519,-0.004129559890832723,25.188185501098634,1.183178722858429,0.00365068145814198,-227.0809174478054,38.48957240391258,4.476000118255615,,
172000,168.01388883590698,-229.41103982925415,40.368710247790446,-0.006242043910548034,22.03131732940674,1.1227447390556335,0.0020254457485862076,-227.0809174478054,38.48957240391258,4.5593750953674315,,
176000,171.29228973388672,-217.7018895149231,34.90434038590924,-0.00409052122097151,22.698888969421386,1.0871883749961853,0.004259787636692635,-227.0809174478054,38.48957240391258,4.668125152587891,,
180000,175.00442624092102,-216.17743730545044,36.597215384271756,-0.00442866227100609,24.45809135437012,1.1657158851623535,0.0035818726813886315,-227.0809174478054,38.48957240391258,4.466541767120361,,
184000,178.71975684165955,-208.05439829826355,29.97100356822639,-0.004332847329943146,27.41628227233887,1.1724847674369812,0.006215778364799918,-227.0809174478054,38.48957240391258,4.515000057220459,,
188000,181.98645448684692,-210.0032982826233,32.36813584255525,-0.005020415187037131,29.551681518554688,1.1818046927452088,0.005506504384296326,-227.0809174478054,38.48957240391258,4.4251251220703125,,
192000,185.21226525306702,-205.216814994812,31.343119616910293,-0.006950557056193496,19.02597312927246,1.124911904335022,0.002916353044565767,-227.0809174478054,38.48957240391258,4.501312589645385,,
196000,188.5002818107605,-214.49737334251404,33.29706015594334,-0.005437294650978153,21.081689453125,1.0980928659439086,0.002285190152178984,-227.0809174478054,38.48957240391258,4.423500108718872,,
200000,192.1192479133606,-209.25404286384583,31.499264929559462,-0.005486217163968821,16.970245933532716,1.067180073261261,0.0036156497056557325,-227.0809174478054,38.48957240391258,4.287750101089477,,
204000,198.55813717842102,-208.26541876792908,32.8931961220838,-0.00602685701381418,20.291578197479247,1.0763792753219605,0.0006232645188380736,-219.99962634593248,41.616635623776105,4.232979202270508,,
208000,202.33554100990295,-213.3887584209442,33.395408729881105,-0.005738386113972716,21.602297210693358,1.0498372793197632,0.006265781974419937,-219.99962634593248,41.616635623776105,4.123187637329101,,
212000,206.0901918411255,-213.59288048744202,34.425938837680214,-0.0035354819520144075,19.13958101272583,1.0760581254959107,0.002944337512599304,-219.99962634593248,41.616635623776105,4.120354270935058,,
216000,209.78990530967712,-212.97731733322144,40.70122022326537,-0.005619452639482958,17.17553539276123,1.0285920739173888,0.005605792927128883,-219.99962634593248,41.616635623776105,4.031687593460083,,
220000,213.51165866851807,-203.56421780586243,35.89771135517107,-0.0037530641039678512,17.398482894897462,0.979045832157135,0.0030167602380970493,-219.99962634593248,41.616635623776105,3.9282709121704102,,
224000,217.22900390625,-216.12273859977722,55.815108257790776,-0.004332930987817241,24.731752777099608,0.9541355907917023,0.003700897051021457,-219.99962634593248,41.616635623776105,3.9420209169387816,,
228000,220.94167685508728,-211.91952800750732,32.237201028513105,-0.004495521177537753,16.484240531921387,1.026248610019684,0.006770377741971379,-219.99962634593248,41.616635623776105,3.8685001134872437,,
232000,224.6578402519226,-206.6208724975586,32.305242983698164,-0.005224583833788854,15.1581524848938,1.017407488822937,0.00471457782038488,-219.99962634593248,41.616635623776105,4.068645906448364,,
236000,228.36704850196838,-209.34518456459045,45.07593332021739,-0.005012654370938741,17.486054611206054,1.0632784724235536,0.0036667863663751633,-219.99962634593248,41.616635623776105,3.9877917528152467,,
240000,232.0917661190033,-211.9058039188385,36.590146170150156,-0.006268770701717585,16.146596431732178,1.0451074838638306,0.005506809637881816,-219.99962634593248,41.616635623776105,3.9647500991821287,,
244000,238.21290230751038,-207.60047674179077,38.67739292286529,-0.004157457023005406,16.25073413848877,0.9883706748485566,0.003893539663161695,-216.73404604196548,34.19761971300519,4.219708395004273,,
248000,241.7757637500763,-208.20384812355042,38.429563157424916,-0.003671887575027899,17.470609188079834,0.9562286317348481,0.0053020894702058285,-216.73404604196548,34.19761971300519,4.274437618255615,,
252000,245.52680730819702,-209.27569580078125,41.83007243279135,-0.006376414250582485,14.22501106262207,0.9156534373760223,0.00801614965312183,-216.73404604196548,34.19761971300519,4.1406043529510494,,
256000,249.26860213279724,-215.29128527641296,37.9164261365976,-0.005693671560225155,12.60872688293457,0.9244933962821961,0.006779544856554498,-216.73404604196548,34.19761971300519,4.190187549591064,,
260000,252.99397087097168,-210.52670001983643,31.928491401474886,-0.005908678822141767,15.360413932800293,0.8495600521564484,0.002535859277122654,-216.73404604196548,34.19761971300519,4.052291679382324,,
264000,256.4798517227173,-209.87768626213074,38.069723668558716,-0.005084471306065108,12.557287216186523,0.8811317324638367,0.006009931664448231,-216.73404604196548,34.19761971300519,4.248333406448364,,
268000,260.18324995040894,-210.4152067899704,39.46329609348829,-0.006659599111104963,12.408740711212157,0.8275309681892395,0.010361076367553323,-216.73404604196548,34.19761971300519,4.078666639328003,,
272000,263.9056031703949,-203.82782661914825,33.789294824220484,-0.006965370877025023,9.733837461471557,0.8716892898082733,0.005759741646237671,-216.73404604196548,34.19761971300519,4.19683346748352,,
276000,267.69540071487427,-214.38346886634827,40.26808717740203,-0.006420756831609964,14.1540997505188,0.8909160673618317,0.0077691447407318035,-216.73404604196548,34.19761971300519,3.975395941734314,,
280000,271.402934551239,-208.91361379623413,37.162446019846406,-0.005320902546557349,13.504403495788575,0.9041441857814789,0.00504724406932171,-216.73404604196548,34.19761971300519,4.024021005630493,,
284000,277.71369552612305,-202.86597681045532,32.07208369206745,-0.005460894922104975,12.262062358856202,0.9557961881160736,0.006213389138535907,-209.23276308178902,35.28489882133865,4.053291702270508,,
288000,281.4643394947052,-206.1107692718506,32.86290540214384,-0.005548359983135009,10.39746413230896,0.9508919835090637,0.006677082169335336,-209.23276308178902,35.28489882133865,3.913104271888733,,
292000,285.18018317222595,-213.78412437438965,41.48368735158818,-0.0072042625260849815,10.781693077087402,0.9438837766647339,0.005456664555453861,-209.23276308178902,35.28489882133865,3.9423126220703124,,
296000,288.9235005378723,-213.27111983299255,40.43266585640908,-0.004979264540442685,14.807191944122314,0.8717808127403259,0.007661111489869654,-209.23276308178902,35.28489882133865,3.93033344745636,,
300000,292.52906107902527,-214.9574944972992,37.22764838318952,-0.0049438253420715835,12.166248035430907,0.9514807343482972,0.004061015983461402,-209.23276308178902,35.28489882133865,3.947687554359436,,
304000,295.9990782737732,-209.21705794334412,35.89264331592303,-0.005072623931647591,14.523642444610596,0.9418113231658936,0.0028154360431460025,-209.23276308178902,35.28489882133865,3.953395891189575,,
308000,299.6531500816345,-204.92012548446655,44.4882519962978,-0.004643655815937908,14.689147758483887,0.9268491685390472,0.005099909199634567,-209.23276308178902,35.28489882133865,3.8446876049041747,,
312000,303.38250184059143,-206.87809991836548,32.788302364349306,-0.005912383819619826,13.189065170288085,0.9199882090091706,0.005669266400160267,-209.23276308178902,35.28489882133865,3.7396042346954346,,
316000,307.1498956680298,-209.4179584980011,38.88913698314199,-0.006067194479517646,13.36606740951538,0.9245564460754394,0.002794315732142438,-209.23276308178902,35.28489882133865,3.6881042242050173,,
320000,310.84259581565857,-216.58666682243347,34.736393501467525,-0.005634415254928182,13.860057544708251,0.9840756416320801,0.0043491534895729435,-209.23276308178902,35.28489882133865,3.6783334016799927,,
324000,316.78724217414856,-219.6776990890503,39.2743441841588,-0.0038564167553947204,14.286465740203857,0.9850231528282165,0.001131952201671993,-213.32774256169796,37.79368297406457,3.6885000467300415,,
328000,320.0166654586792,-210.73387718200684,37.45346752818134,-0.0045970062596413005,13.310518646240235,0.9972991824150086,0.003666505980072543,-213.32774256169796,37.79368297406457,3.818770933151245,,
332000,323.4718065261841,-206.0649094581604,33.21003761651433,-0.004088411659778401,12.252298927307129,0.9367165207862854,0.003493159707596849,-213.32774256169796,37.79368297406457,3.8563959121704103,,
336000,327.1870939731598,-212.03359460830688,38.0456861878714,-0.006342014723612621,11.477152442932129,0.9698903203010559,0.00221180900989566,-213.32774256169796,37.79368297406457,3.6451459169387816,,
340000,330.8860638141632,-206.04862809181213,37.111133895372724,-0.005253120444210557,13.473475360870362,0.9515865802764892,0.004402858352987105,-213.32774256169796,37.79368297406457,3.747166705131531,,
344000,334.612900018692,-201.24952220916748,38.97279395099703,-0.003978351308741068,14.133819007873536,0.9477451086044312,0.004591076495125889,-213.32774256169796,37.79368297406457,3.6523959159851076,,
348000,338.26979756355286,-204.20530438423157,39.22159563322863,-0.006050506604835348,11.284677600860595,0.9520368278026581,0.004031370870807826,-213.32774256169796,37.79368297406457,3.540291738510132,,
352000,342.0026750564575,-210.66980957984924,38.37703541044141,-0.006050477314197167,12.485810279846191,0.9414331018924713,0.003054318410422052,-213.32774256169796,37.79368297406457,3.645041751861572,,
356000,345.7035503387451,-216.98277187347412,49.288657444931005,-0.0037605118885791987,16.551203536987305,0.9270470082759857,0.001436406119649014,-213.32774256169796,37.79368297406457,3.411125087738037,,
360000,349.3647389411926,-209.56836247444153,42.15662208800277,-0.0038734665290297344,12.583042526245118,0.9671494901180268,0.0021545726558348743,-213.32774256169796,37.79368297406457,3.7024792432785034,,
364000,355.5840516090393,-209.17756342887878,37.13055011767035,-0.005885660537441062,10.779454326629638,1.001192170381546,0.004589613260196834,-217.92340878397226,36.2543021203766,3.500270938873291,,
368000,359.34275579452515,-209.52883958816528,38.76929452947731,-0.004504718863133661,12.034070682525634,0.9880508363246918,0.0022837371827336026,-217.92340878397226,36.2543021203766,3.705500078201294,,
372000,363.01170682907104,-201.95197916030884,33.171558147171545,-0.005379628794112534,8.753732872009277,0.9605064988136292,0.003863952375832014,-217.92340878397226,36.2543021203766,3.7288751125335695,,
376000,366.7554199695587,-202.86383843421936,33.47222772998132,-0.004695564854734879,12.791213226318359,0.9450212299823761,0.005970036355933806,-217.92340878397226,36.2543021203766,3.6133334398269654,,
380000,370.44833040237427,-205.02078437805176,33.856119100273176,-0.004307059734050789,9.903113603591919,0.912578159570694,0.001498635195273401,-217.92340878397226,36.2543021203766,3.666354250907898,,
384000,374.2191710472107,-206.92101049423218,35.11895710579896,-0.0040694562687227705,12.975994491577149,0.9204303443431854,0.005099961196538061,-217.92340878397226,36.2543021203766,3.567020869255066,,
388000,377.94237899780273,-198.68883323669434,30.92664611081586,-0.0064115796952198155,9.668303823471069,0.9332865476608276,0.006768553319852799,-217.92340878397226,36.2543021203766,3.486708426475525,,
392000,381.4807651042938,-201.8420693874359,34.86853312757155,-0.005062128365350205,12.91259832382202,0.9192810833454133,0.004430689802393317,-217.92340878397226,36.2543021203766,3.6971251249313353,,
396000,385.1349859237671,-207.9562019109726,32.345847823189445,-0.005735026919593445,10.190532112121582,0.9035657107830047,0.006524615362286568,-217.92340878397226,36.2543021203766,3.4532501220703127,,
400000,388.780371427536,-212.92395973205566,36.06127615404976,-0.003060907064859464,12.570010662078857,0.9326492369174957,0.0029583373033674754,-217.92340878397226,36.2543021203766,3.4535001039505007,,
404000,394.96421575546265,-193.49349880218506,34.353285731788,-0.004754716734401887,13.811806392669677,0.9048698902130127,0.007736182131183655,-202.2482604905963,36.984376133913756,3.647645926475525,,
408000,398.67164635658264,-205.03635168075562,30.31835014954542,-0.0061119740317420405,8.90355362892151,0.9306386291980744,0.005626690467761364,-202.2482604905963,36.984376133913756,3.4594167709350585,,
412000,402.22178411483765,-200.67649841308594,38.018036442047276,-0.0062163752190148355,9.514290857315064,0.844648790359497,0.0055197338486323135,-202.2482604905963,36.984376133913756,3.6281251192092894,,
416000,405.81744503974915,-205.04982328414917,29.781642182679853,-0.005687306652699231,10.078201150894165,0.8490349292755127,0.0037283028534147887,-202.2482604905963,36.984376133913756,3.4860625982284548,,
420000,409.53739500045776,-200.57592797279358,32.3276632905634,-0.004972062414812762,8.849464511871338,0.83870849609375,0.003168618818745017,-202.2482604905963,36.984376133913756,3.500604248046875,,
424000,413.2269730567932,-196.07455921173096,31.480560411519317,-0.005222142571738609,9.746292209625244,0.7944663047790528,0.005393163075360174,-202.2482604905963,36.984376133913756,3.6545000791549684,,
428000,416.8690469264984,-194.43332839012146,34.58875753592617,-0.0059194253729656365,8.257068252563476,0.8021403670310974,0.003986681028618477,-202.2482604905963,36.984376133913756,3.77720844745636,,
432000,420.60777854919434,-196.07527565956116,37.48186782130196,-0.004520380374820299,11.013841819763183,0.8166822731494904,0.0036583410459570588,-202.2482604905963,36.984376133913756,3.7813958883285523,,
436000,424.2721538543701,-203.61068868637085,32.53910051653529,-0.0074701071775828964,11.858907318115234,0.7970548212528229,0.009696701279530928,-202.2482604905963,36.984376133913756,3.839416766166687,,
440000,428.00858521461487,-201.18800139427185,36.80885749142183,-0.005991586035893626,7.789421415328979,0.80037761926651,0.006448607560014352,-202.2482604905963,36.984376133913756,3.9188125848770143,,
444000,434.17487478256226,-196.24308848381042,32.79336815847229,-0.00516269468830437,11.678610801696777,0.7700747430324555,0.0077235169825144116,-203.66954594105482,39.515837463093455,3.7902709245681763,,
448000,437.8650314807892,-204.8992657661438,41.96262947891318,-0.0055599804196196255,11.461640357971191,0.7456977963447571,0.004920166051636166,-203.66954594105482,39.515837463093455,3.829750084877014,,
452000,441.4767014980316,-196.2933450937271,33.866681363463,-0.0059482056908309435,8.60918469429016,0.7061409175395965,0.005091054568765685,-203.66954594105482,39.515837463093455,3.8034375429153444,,
456000,445.2360460758209,-199.72480380535126,32.94106932490563,-0.00476925567522013,12.080121707916259,0.7077135384082794,0.0036646189917810545,-203.66954594105482,39.515837463093455,3.8762084245681763,,
460000,448.95807099342346,-197.31388366222382,37.6237524943525,-0.004406736319418991,8.551045274734497,0.727494192123413,0.004774212848860771,-203.66954594105482,39.515837463093455,3.8661042928695677,,
464000,452.70521306991577,-201.4970964193344,42.40227545332566,-0.005861982409687094,15.055828475952149,0.7365291118621826,0.004618127754656598,-203.66954594105482,39.515837463093455,3.9155000925064085,,
468000,456.4318506717682,-194.31659388542175,26.544125668278138,-0.005625699157981856,9.573927211761475,0.691562706232071,0.00882696764310822,-203.66954594105482,39.515837463093455,4.035729217529297,,
472000,460.1107497215271,-195.69128561019897,31.121015287903308,-0.006786455333310482,9.052705669403077,0.6784889757633209,0.007202821035306783,-203.66954594105482,39.515837463093455,3.9138542890548704,,
476000,463.58723545074463,-203.19836521148682,34.2421458672671,-0.00500997464482984,9.41845531463623,0.6823374211788178,0.004519140813499689,-203.66954594105482,39.515837463093455,3.908458399772644,,
480000,467.35912227630615,-192.03711140155792,31.33640351790631,-0.005641529243361809,8.00564136505127,0.7148762762546539,0.004470028134528547,-203.66954594105482,39.515837463093455,4.016750049591065,,
484000,473.6529200077057,-201.42945551872253,35.68250141791784,-0.0044666349867669266,11.119971561431885,0.7031927645206452,0.004436605190858245,-200.45970086753368,40.73396053360802,3.934354281425476,,
488000,477.4817032814026,-203.36533451080322,36.78815736428937,-0.005003438995452569,11.369507980346679,0.7148260712623596,0.005980923408487193,-200.45970086753368,40.73396053360802,3.854541802406311,,
492000,481.1876029968262,-196.93922901153564,30.83392844304015,-0.0057083660621817245,7.956068897247315,0.7041011333465577,0.004417058057772616,-200.45970086753368,40.73396053360802,3.7911667346954347,,
496000,484.9240849018097,-194.03592038154602,31.586298309316906,-0.0037752296532659103,13.455394649505616,0.7081641972064971,0.005772891337440101,-200.45970086753368,40.73396053360802,3.9359792470932007,,
500000,488.6258246898651,-200.72351574897766,33.8996754028325,-0.006520094517928854,6.7469970226287845,0.7413875699043274,0.005748542798760692,-200.45970086753368,40.73396053360802,3.9770001411437987,,
504000,492.3050410747528,-198.8759400844574,43.075744294554255,-0.0036363586326285,12.98741626739502,0.7938938736915588,0.0020136072067543863,-200.45970086753368,40.73396053360802,4.077104234695435,,
508000,495.91032314300537,-193.7806315422058,32.87455713484841,-0.008717190636632299,9.495221710205078,0.7661549806594848,0.008218521361413877,-200.45970086753368,40.73396053360802,4.038833427429199,,
512000,499.56285572052,-194.8793785572052,30.297237187206377,-0.005017382145393645,10.931511402130127,0.7721523106098175,0.006080760631089444,-200.45970086753368,40.73396053360802,4.061500024795532,,
516000,503.12453866004944,-192.7543830871582,33.77716276207541,-0.00542565267036359,10.832479572296142,0.7745711803436279,0.003701927699148655,-200.45970086753368,40.73396053360802,3.9763126134872437,,
520000,506.79918599128723,-194.9280333518982,31.599322963992787,-0.005876088314146433,8.078584671020508,0.7913726449012757,0.0034648881657631135,-200.45970086753368,40.73396053360802,3.9587084293365478,,
524000,513.0192308425903,-193.6678807735443,25.91840705593323,-0.006016215677062675,6.8582165241241455,0.7581976413726806,0.004478399224846097,-195.05946230888367,30.493301840134528,3.962312602996826,,
528000,516.7579326629639,-193.36137104034424,34.75614505183111,-0.006087780575423274,11.343253803253173,0.7213203012943268,0.005232567194538818,-195.05946230888367,30.493301840134528,4.000104236602783,,
532000,520.5247263908386,-192.26279366016388,36.21238274665923,-0.005893055365265654,9.982644987106323,0.7169224917888641,0.0076279205769921535,-195.05946230888367,30.493301840134528,4.061125087738037,,
536000,524.2835781574249,-196.06920111179352,29.644365802504606,-0.005007425060650927,14.3218430519104,0.7016402959823609,0.0015707904786492755,-195.05946230888367,30.493301840134528,4.088145971298218,,
540000,527.9800553321838,-200.03182196617126,36.218971197476634,-0.005772104171104786,8.026395845413209,0.7478054583072662,0.004542208483326249,-195.05946230888367,30.493301840134528,3.966562604904175,,
544000,531.6701817512512,-198.81068396568298,35.003564271782714,-0.005309484662953778,9.983277893066406,0.7547840654850007,0.005915151058385771,-195.05946230888367,30.493301840134528,4.003208446502685,,
548000,535.4563405513763,-197.46406030654907,31.35791358579474,-0.005844381186335035,11.724207878112793,0.7200063288211822,0.0030299461970571427,-195.05946230888367,30.493301840134528,3.9294167280197145,,
552000,539.1999967098236,-198.43273425102234,35.513458389209795,-0.0060776912177292084,9.323045015335083,0.655346542596817,0.008596036641392857,-195.05946230888367,30.493301840134528,3.9860625982284548,,
556000,542.960506439209,-200.06950974464417,34.157195533340506,-0.005374375347513727,9.23927836418152,0.7105345785617828,0.0031534222536720334,-195.05946230888367,30.493301840134528,3.8194583892822265,,
560000,546.7214975357056,-194.6898970603943,34.94807818868191,-0.004348831174895196,12.717168617248536,0.6357847511768341,0.004119324672501534,-195.05946230888367,30.493301840134528,3.988479256629944,,
564000,552.9340283870697,-204.60553765296936,36.088125253233315,-0.0044259162386879325,13.308066940307617,0.6340740144252777,0.0053883900789855055,-202.80398263037205,42.095711318233505,3.993666744232178,,
568000,556.5875611305237,-194.16614627838135,29.452514346010766,-0.005179083003934171,7.798723316192627,0.6341749727725983,0.0031944376444056565,-202.80398263037205,42.095711318233505,3.8901251316070558,,
572000,560.2795312404633,-204.40909576416016,44.70821812734594,-0.005863122133072452,14.059926605224609,0.6482159852981567,0.005501188302955906,-202.80398263037205,42.095711318233505,3.9996667861938477,,
576000,564.0017898082733,-198.32958841323853,32.11878931950881,-0.006913319899390124,7.741873836517334,0.6661632776260376,0.008517365009523959,-202.80398263037205,42.095711318233505,3.9978334426879885,,
580000,567.6910195350647,-200.30336117744446,51.58493675346864,-0.002920449352357579,22.539535331726075,0.6560167074203491,0.003485185652971268,-202.80398263037205,42.095711318233505,3.9335625648498533,,
584000,571.3974087238312,-201.43418431282043,38.46399661356494,-0.0051313970748646295,8.665950155258178,0.6815780699253082,0.004265736902016215,-202.80398263037205,42.095711318233505,3.986208415031433,,
588000,575.0633869171143,-192.9684774875641,31.818781212060856,-0.0039963034758111245,11.102451705932618,0.7115386724472046,0.0029188460277509874,-202.80398263037205,42.095711318233505,4.030854225158691,,
592000,578.7948696613312,-195.77725195884705,32.15844207280736,-0.007846182171721016,5.232548475265503,0.6813853204250335,0.009950036217924207,-202.80398263037205,42.095711318233505,3.96702094078064,,
596000,582.5305523872375,-201.80302119255066,31.53970392789515,-0.005472892071430868,12.0044695854187,0.6879643857479095,0.003661624322509549,-202.80398263037205,42.095711318233505,3.9429792404174804,,
600000,586.2435824871063,-188.68127369880676,27.109533411479067,-0.005667177699661519,7.707721900939942,0.6642570495605469,0.00521835002780433,-202.80398263037205,42.095711318233505,3.878437566757202,,
604000,591.9802775382996,-202.86852097511292,29.122004316773122,-0.006870781565395489,7.053873920440674,0.7002730429172516,0.005946197157521959,-192.86968407034874,32.291388305150356,3.848458456993103,,
608000,595.1572489738464,-198.4823658466339,35.94458433011582,-0.005833416850383699,8.915357971191407,0.758807921409607,0.004364744346821681,-192.86968407034874,32.291388305150356,3.9207709550857546,,
612000,598.2875320911407,-194.86523008346558,33.35258849021243,-0.006467489505031487,9.563146305084228,0.7075628042221069,0.005744657616441451,-192.86968407034874,32.291388305150356,3.8222917795181273,,
616000,601.4686594009399,-201.92564821243286,34.33598645473497,-0.00578916207995892,8.350836753845215,0.6188754677772522,0.0026969134516548364,-192.86968407034874,32.291388305150356,3.948125123977661,,
620000,605.1022772789001,-190.18811678886414,24.052820837139755,-0.0058767542672964355,7.722699165344238,0.621584129333496,0.005507325397338736,-192.86968407034874,32.291388305150356,3.9198334217071533,,
624000,608.8076765537262,-197.35559725761414,35.90528234637231,-0.004633743794169298,13.491683959960938,0.6330879032611847,0.005520734820728368,-192.86968407034874,32.291388305150356,3.8423959255218505,,
628000,612.577080488205,-200.6202108860016,36.712267117531,-0.002848183038178842,11.941656684875488,0.6274021208286286,0.005373182747280225,-192.86968407034874,32.291388305150356,3.862437605857849,,
632000,616.2697057723999,-196.66647338867188,31.93794097888233,-0.0037553251426045266,7.971067619323731,0.6341129183769226,0.0034960979246534407,-192.86968407034874,32.291388305150356,3.906020927429199,,
636000,619.8846833705902,-198.75315618515015,37.24085558483411,-0.006842631887023565,6.152858686447144,0.6158519208431243,0.004199990248113572,-192.86968407034874,32.291388305150356,3.941604232788086,,
640000,623.186107635498,-199.14622473716736,27.852223540922353,-0.005560533747232199,8.579467535018921,0.622274887561798,0.003446542436722666,-192.86968407034874,32.291388305150356,3.7363126277923584,,
644000,629.0155911445618,-200.6319317817688,37.78429051154886,-0.005734998803120117,10.047311735153198,0.6350532352924347,0.00430152720073238,-200.34613815695047,38.294588511328485,3.8035001039505003,,
648000,632.7682347297668,-204.89435386657715,35.15277093566413,-0.004958833288867037,9.400010251998902,0.6372515261173248,0.004143727747102588,-200.34613815695047,38.294588511328485,3.702416777610779,,
652000,636.5947961807251,-197.0257921218872,36.03613415739023,-0.005146588983945577,8.806906795501709,0.6289842188358307,0.005000847904011607,-200.34613815695047,38.294588511328485,3.8372084140777587,,
656000,640.2258253097534,-194.0007940530777,29.634882275774743,-0.0049880199944599465,9.589570236206054,0.5784921824932099,0.005764574301429093,-200.34613815695047,38.294588511328485,3.6504167556762694,,
660000,644.0161988735199,-201.83665108680725,33.69981408976331,-0.0057622055079166404,9.065671014785767,0.6021025121212006,0.002603186646592803,-200.34613815695047,38.294588511328485,3.6198542594909666,,
664000,647.5355286598206,-202.71645331382751,37.04982211273907,-0.004837223709483318,8.549554109573364,0.5987518131732941,0.0024374022832489572,-200.34613815695047,38.294588511328485,3.6675626039505005,,
668000,651.1876862049103,-192.54312944412231,27.56497029400174,-0.005674890144728106,5.415104579925537,0.6024241209030151,0.004914176848445395,-200.34613815695047,38.294588511328485,3.661666750907898,,
672000,654.8676087856293,-200.794335603714,33.186119979511886,-0.0046893620281480254,10.137489843368531,0.6557415902614594,0.00477939755651946,-200.34613815695047,38.294588511328485,3.618770933151245,,
676000,658.5683386325836,-196.91086506843567,30.04256912413171,-0.005403077206108708,9.242984676361084,0.6527133285999298,0.0032453039328659726,-200.34613815695047,38.294588511328485,3.657104253768921,,
680000,662.2466745376587,-197.48589515686035,33.07237346928598,-0.004281620248337248,7.469120883941651,0.7246630847454071,0.004391731023943674,-200.34613815695047,38.294588511328485,3.6718959331512453,,
684000,668.3585505485535,-203.95671439170837,28.44576379239631,-0.005192772317832972,8.605380821228028,0.6911940574645996,0.003559740324271843,-201.44112825393677,37.36569087904629,3.7298959493637085,,
688000,671.968683719635,-187.9926700592041,28.596266044359,-0.0068586317887529445,13.056963634490966,0.6651935279369354,0.005679273814894259,-201.44112825393677,37.36569087904629,3.701208400726318,,
692000,675.5315001010895,-193.09289407730103,32.38044111300327,-0.006197664846666129,7.330253791809082,0.6786966502666474,0.007830456050578504,-201.44112825393677,37.36569087904629,3.8225834131240846,,
696000,679.0281207561493,-191.9897757768631,28.937900105499477,-0.005025930117039623,9.057661533355713,0.7000260829925538,0.004744410848070401,-201.44112825393677,37.36569087904629,3.8119167566299437,,
700000,682.8004677295685,-190.54779815673828,31.38950008022812,-0.00658408322899291,5.254196763038635,0.7430687725543976,0.00274142368871253,-201.44112825393677,37.36569087904629,3.9323959350585938,,
704000,686.5342981815338,-194.16054153442383,34.03380432655477,-0.00548543781042099,10.717295074462891,0.7326415121555329,0.012039985251612961,-201.44112825393677,37.36569087904629,3.712104249000549,,
708000,690.2161409854889,-194.73401141166687,30.690549084720264,-0.007067769081642261,8.13576545715332,0.7733614444732666,0.005384004316292712,-201.44112825393677,37.36569087904629,3.8349167823791506,,
712000,693.9711368083954,-192.5871822834015,30.02102172159454,-0.006187458787035816,11.12117919921875,0.8016237378120422,0.0039158993142967445,-201.44112825393677,37.36569087904629,3.7002501010894777,,
716000,697.6768612861633,-194.27664303779602,31.399099148177115,-0.006539862985722777,6.788250303268432,0.7498223662376404,0.0031127530528465286,-201.44112825393677,37.36569087904629,3.747145915031433,,
720000,701.2419300079346,-189.09084260463715,32.849785679035136,-0.005949937107856407,9.125980377197266,0.7722207844257355,0.004436135806715669,-201.44112825393677,37.36569087904629,3.7966668128967287,,
724000,707.4151201248169,-193.80274295806885,33.51735402358227,-0.005529144730418878,10.099209976196288,0.7421241283416748,0.004298588145873516,-196.95630048960447,29.395335232041305,3.6526251077651977,,
728000,711.1760501861572,-191.6433002948761,34.15515008060491,-0.005998981254175284,10.676489973068238,0.7779787302017211,0.005673844732266531,-196.95630048960447,29.395335232041305,3.702500081062317,,
732000,714.9535932540894,-195.98061001300812,31.47389814241622,-0.00570628437291214,12.409380054473877,0.7631965279579163,0.00619939027608295,-196.95630048960447,29.395335232041305,3.6856042385101317,,
736000,718.6734962463379,-184.29260218143463,29.70971185671886,-0.006878044668274619,6.430751180648803,0.7670576453208924,0.006106510158589451,-196.95630048960447,29.395335232041305,3.723625087738037,,
740000,722.2501893043518,-192.173912525177,28.239179680320568,-0.00639793151880923,11.32545576095581,0.7261214852333069,0.005314917160353349,-196.95630048960447,29.395335232041305,3.7241875886917115,,
744000,725.9449853897095,-195.68381357192993,31.92769530763873,-0.007108754713088317,9.637113523483276,0.7289532780647278,0.009888865263201296,-196.95630048960447,29.395335232041305,3.774708461761475,,
748000,729.236634016037,-191.27801704406738,30.262450351873515,-0.00748264049490297,7.885190486907959,0.7216884613037109,0.0036979474920372014,-196.95630048960447,29.395335232041305,3.7050626039505006,,
752000,732.5795512199402,-195.20599138736725,31.36432767588771,-0.005460419915150894,8.694002723693847,0.7325521528720855,0.005583087773993611,-196.95630048960447,29.395335232041305,3.7032917499542237,,
756000,736.3315823078156,-193.03996801376343,32.98786968297288,-0.00651907389021168,13.503809452056885,0.7079426527023316,0.0039055700195798513,-196.95630048960447,29.395335232041305,3.6931667566299438,,
760000,740.037282705307,-190.23322105407715,30.1193986949414,-0.006540835675007362,7.71185531616211,0.7075477540493011,0.006531605622032655,-196.95630048960447,29.395335232041305,3.6469584465026856,,
764000,746.1922285556793,-187.5797529220581,31.816071106373364,-0.006074780240034094,10.757570838928222,0.6806694030761719,0.003681935800705105,-195.5526112318039,29.446948477646163,3.5969167709350587,,
768000,749.9888572692871,-187.40133321285248,34.64933960900408,-0.0039547288667720615,14.890074825286865,0.7386196911334991,0.004436544932347441,-195.5526112318039,29.446948477646163,3.668000030517578,,
772000,753.7092287540436,-197.54186630249023,36.402793847416355,-0.006275741590283967,11.551101112365723,0.7163217008113861,0.004461789496398261,-195.5526112318039,29.446948477646163,3.6128125905990602,,
776000,757.480078458786,-195.51167821884155,32.23582061043844,-0.005632206209159207,9.271901988983155,0.6503015875816345,0.006169497946277258,-195.5526112318039,29.446948477646163,3.513187575340271,,
780000,761.0653166770935,-189.64613008499146,30.02073937478632,-0.006472935287592296,12.722062492370606,0.6755066037178039,0.006914664421540984,-195.5526112318039,29.446948477646163,3.346666693687439,,
784000,764.8041784763336,-192.16224586963654,30.74567368100841,-0.005626638065713152,11.399588584899902,0.6853685081005096,0.006232322356663644,-195.5526112318039,29.446948477646163,3.497354245185852,,
788000,768.5447587966919,-188.434668302536,31.8274027120943,-0.0058230591351166264,12.089470291137696,0.6938730597496032,0.009588066558353602,-195.5526112318039,29.446948477646163,3.505854272842407,,
792000,772.088033914566,-198.53320157527924,34.45578137848292,-0.007132462114095706,10.324579048156739,0.6778259873390198,0.01640156100317836,-195.5526112318039,29.446948477646163,3.5565001010894775,,
796000,775.8167407512665,-197.42022585868835,37.73328334253155,-0.005411882466947127,10.608699226379395,0.7123777985572814,0.004685159557266161,-195.5526112318039,29.446948477646163,3.6359375715255737,,
800000,779.5614168643951,-182.05803847312927,27.76723448642808,-0.006411246646816515,9.006033849716186,0.7689943790435791,0.00438092143740505,-195.5526112318039,29.446948477646163,3.6677500724792482,,
804000,785.848575592041,-186.5969204902649,26.263662762477704,-0.0079074122391952,7.856349468231201,0.7704368948936462,0.007227387779004247,-191.35397634655237,27.55723380003437,3.4831875562667847,,
808000,789.5879333019257,-194.31212425231934,28.877302484118285,-0.007958587601160083,11.136485290527343,0.7506194651126862,0.007825465396201858,-191.35397634655237,27.55723380003437,3.4398959159851072,,
812000,793.4030840396881,-202.85025990009308,35.0850515241948,-0.00451363196092025,12.282408332824707,0.6961058855056763,0.004709105097572319,-191.35397634655237,27.55723380003437,3.4271042108535767,,
816000,797.09002161026,-198.98483645915985,35.38369356302508,-0.006721971215680256,11.630692863464356,0.6632876455783844,0.006051536337899366,-191.35397634655237,27.55723380003437,3.5203125953674315,,
820000,800.816733121872,-197.08138370513916,35.01007999485091,-0.006809980257724701,11.568388938903809,0.7270182847976685,0.006708363286452368,-191.35397634655237,27.55723380003437,3.5856042861938477,,
824000,804.5982158184052,-195.10681581497192,35.081078962776296,-0.0071944997090225725,11.634574699401856,0.6625150561332702,0.008229471029092883,-191.35397634655237,27.55723380003437,3.5657501220703125,,
828000,808.3332743644714,-198.17304408550262,34.89056310867313,-0.00661221444917226,9.662949180603027,0.6540091931819916,0.005664122657617554,-191.35397634655237,27.55723380003437,3.632791781425476,,
832000,811.9326872825623,-202.16806173324585,32.65912328349118,-0.004138945464122479,12.457092475891113,0.6334294259548188,0.003826716019073473,-191.35397634655237,27.55723380003437,3.495416760444641,,
836000,815.6682131290436,-197.38729000091553,37.22254707079632,-0.005133840461649619,9.64529528617859,0.6877087354660034,0.00605353764196237,-191.35397634655237,27.55723380003437,3.5064584016799927,,
840000,819.3897197246552,-201.3766782283783,40.25949245328786,-0.0072682917738954075,9.608236932754517,0.662551474571228,0.0052986159106561456,-191.35397634655237,27.55723380003437,3.510687565803528,,
844000,825.0515763759613,-193.02050948143005,26.14833826483672,-0.008038314615531483,6.364140462875366,0.6266907036304474,0.008049446774297397,-191.90852958709002,31.300874021408827,3.460395908355713,,
848000,828.2862076759338,-196.8259539604187,30.309985916932423,-0.006014597675607858,8.198766899108886,0.6333390235900879,0.006261916294926806,-191.90852958709002,31.300874021408827,3.4694792509078978,,
852000,831.9697296619415,-197.9305455684662,36.06081154588308,-0.004826949030548988,10.533655643463135,0.66417955160141,0.0030907221844245214,-191.90852958709002,31.300874021408827,3.3242709636688232,,
856000,835.7360141277313,-190.17587447166443,34.8019823183367,-0.006079779642634087,9.102738952636718,0.6563234150409698,0.007683137711137533,-191.90852958709002,31.300874021408827,3.4315417528152468,,
860000,839.4165086746216,-191.39951753616333,35.66504012043484,-0.005801523868693081,6.303294086456299,0.6764350533485413,0.0034856674250526077,-191.90852958709002,31.300874021408827,3.3035000562667847,,
864000,843.095367193222,-192.39528393745422,34.61567376816097,-0.006038844351035832,6.66460771560669,0.7135562717914581,0.004576561066050422,-191.90852958709002,31.300874021408827,3.3054792404174806,,
868000,846.7942023277283,-184.84895193576813,31.969462113415204,-0.005596500920287006,6.568281888961792,0.6984158873558044,0.0051408602332230656,-191.90852958709002,31.300874021408827,3.1956042766571047,,
872000,850.5032110214233,-196.46486175060272,34.07594161747579,-0.005994747012077539,9.651226568222047,0.7327156603336334,0.007015372067689896,-191.90852958709002,31.300874021408827,3.101145935058594,,
876000,854.1720821857452,-198.55955243110657,39.85309995888169,-0.0051804538998597716,9.006850910186767,0.7529464483261108,0.0036424494901439175,-191.90852958709002,31.300874021408827,3.183750057220459,,
880000,857.8900535106659,-198.34345269203186,35.65172749263538,-0.005543838718129912,9.87855339050293,0.7322654902935029,0.007816451991675421,-191.90852958709002,31.300874021408827,2.9755417585372923,,
884000,864.0479981899261,-199.48084115982056,37.27111389080588,-0.004331174565634477,11.361272621154786,0.705261617898941,0.0024067396414466204,-196.7926844805479,32.99794833289446,2.971416735649109,,
888000,867.8201098442078,-197.62115168571472,33.15888023917086,-0.007519218807108707,9.546712970733642,0.7179284155368805,0.007410924425038168,-196.7926844805479,32.99794833289446,3.1094375610351563,,
892000,871.5600833892822,-187.31998467445374,34.625050432929804,-0.005126932705907805,12.217470264434814,0.7514961242675782,0.005262975548976101,-196.7926844805479,32.99794833289446,3.0842709302902223,,
896000,875.1960434913635,-195.39548993110657,33.68542375173605,-0.007845791940887725,7.114876842498779,0.7081013441085815,0.004393718131750024,-196.7926844805479,32.99794833289446,3.1976250886917112,,
900000,878.9245142936707,-191.3612117767334,31.706081030012765,-0.005319920615681095,10.523606300354004,0.7129106044769287,0.006958299176767468,-196.7926844805479,32.99794833289446,3.0515417098999023,,
904000,882.6639575958252,-193.1879094839096,33.54617567670106,-0.005892695636954137,8.501626443862914,0.7160486519336701,0.007013230852317065,-196.7926844805479,32.99794833289446,2.9994792461395265,,
908000,886.373628616333,-199.9141480922699,41.242433420103325,-0.004921297011644743,11.908803844451905,0.7223261773586274,0.004784302192274481,-196.7926844805479,32.99794833289446,3.052250075340271,,
912000,889.9973957538605,-197.81689929962158,28.744235929567402,-0.0051499370527453795,8.427319622039795,0.7321591019630432,0.005293200739833992,-196.7926844805479,32.99794833289446,2.961875081062317,,
916000,893.7076840400696,-189.13503897190094,33.27691735549807,-0.004850257620758702,8.74746298789978,0.6908930778503418,0.00465304637490771,-196.7926844805479,32.99794833289446,3.0030000686645506,,
920000,897.4524447917938,-189.98350203037262,27.705332674505865,-0.00455921352010531,6.601372718811035,0.728052431344986,0.005720809055492282,-196.7926844805479,32.99794833289446,3.099687600135803,,
924000,903.5967011451721,-194.25106191635132,32.908521787586466,-0.006221846697386369,7.632502698898316,0.7131523549556732,0.004637156920255325,-192.91574212908745,28.654963696321445,2.9337291955947875,,
928000,906.918069601059,-201.0780577659607,32.5195928729351,-0.005891076202504309,9.255635738372803,0.7336256265640259,0.00543097333284095,-192.91574212908745,28.654963696321445,2.8204583883285523,,
932000,910.5253088474274,-192.32220339775085,30.680379824912077,-0.007281740151345773,11.198112106323242,0.8065428078174591,0.0043502239335794,-192.91574212908745,28.654963696321445,2.9123959064483644,,
936000,913.7281868457794,-191.4068365097046,34.38335812027465,-0.0074658319824375315,6.5118975162506105,0.7688633739948273,0.004169114559772424,-192.91574212908745,28.654963696321445,2.858833384513855,,
940000,916.8631370067596,-190.36303174495697,32.882445773009856,-0.006355014566952999,8.63260464668274,0.7620438575744629,0.003150082111824304,-192.91574212908745,28.654963696321445,2.7826667547225954,,
944000,919.9914252758026,-188.59413695335388,28.78187491311899,-0.006208970147495485,7.775133085250855,0.8533058643341065,0.0050390353193506595,-192.91574212908745,28.654963696321445,2.796166729927063,,
948000,923.1114830970764,-194.57645869255066,31.305728291170418,-0.005386780716866868,10.558240413665771,0.8540729939937591,0.004492438194574788,-192.91574212908745,28.654963696321445,2.8577500581741333,,
952000,926.3833839893341,-199.16637229919434,43.02542528073984,-0.006063883794005953,12.425698852539062,0.8435016810894013,0.007068468793295324,-192.91574212908745,28.654963696321445,2.815458369255066,,
956000,930.0875945091248,-195.1383956670761,33.718756777079065,-0.004704698471662816,12.59709415435791,0.8433112442493439,0.005293930077459663,-192.91574212908745,28.654963696321445,2.9935834407806396,,
960000,933.7894973754883,-196.17575788497925,31.705211465165146,-0.0056208441553946996,8.999049997329712,0.7759325861930847,0.007269772804497432,-192.91574212908745,28.654963696321445,2.8509583950042723,,
964000,940.0482048988342,-186.53227615356445,27.008130812405447,-0.007256315572963423,6.151161956787109,0.7470272064208985,0.006452035901369535,-193.00202305614948,31.39015500253161,2.9031667470932008,,
968000,943.7431185245514,-193.86322045326233,28.23294856110786,-0.005407694991367551,8.77993688583374,0.6918086349964142,0.004245681180327665,-193.00202305614948,31.39015500253161,2.878166747093201,,
972000,947.4977781772614,-191.02469384670258,35.71534467877899,-0.007063899976201338,11.201984119415282,0.750128048658371,0.010738488880451768,-193.00202305614948,31.39015500253161,2.7872709035873413,,
976000,951.2666366100311,-194.64965558052063,30.38208311951472,-0.006870277067025499,8.396632051467895,0.7496703088283538,0.004385775658534818,-193.00202305614948,31.39015500253161,2.753770852088928,,
980000,955.0354142189026,-189.0802719593048,29.718591784368368,-0.0058634725149410375,8.298171186447144,0.7856408774852752,0.005968229525024071,-193.00202305614948,31.39015500253161,2.7318334341049195,,
984000,958.7745177745819,-192.16920030117035,34.0330524586178,-0.0041771983782139975,8.169132137298584,0.7619350731372834,0.013474674820589528,-193.00202305614948,31.39015500253161,2.7026458978652954,,
988000,962.4911665916443,-195.81739330291748,38.10160289114017,-0.006531936307282482,11.81869535446167,0.7933679103851319,0.005845030863652933,-193.00202305614948,31.39015500253161,2.7554375648498537,,
992000,966.1938424110413,-188.411452293396,32.22453420818297,-0.00689608722118038,8.568561029434203,0.7732029020786285,0.0030150041041585142,-193.00202305614948,31.39015500253161,2.8574583768844604,,
996000,969.8431935310364,-190.01887226104736,31.042712205784493,-0.005943450007587714,7.146186065673828,0.7717296302318573,0.004468823538627475,-193.00202305614948,31.39015500253161,2.750020909309387,,
1000000,973.1528544425964,-193.55120503902435,36.29635243544778,-0.005565131441379556,8.617212915420533,0.7657496213912964,0.006358656336087787,-193.00202305614948,31.39015500253161,2.7687917232513426,,
1004000,979.2955706119537,-190.81256341934204,33.18130736218485,-0.005828371489730966,7.476451826095581,0.7248458564281464,0.00397544283332536,-196.4717919677496,25.000758278935297,2.917395901679993,,
1008000,983.0292589664459,-196.55777955055237,38.30644164937338,-0.0076216725201035725,7.201690721511841,0.7140439093112946,0.008423860213564094,-196.4717919677496,25.000758278935297,2.781645917892456,,
1012000,986.754976272583,-196.81780695915222,35.6364515750417,-0.0058136585930673055,9.162484645843506,0.7142747104167938,0.003366887294832921,-196.4717919677496,25.000758278935297,2.698312544822693,,
1016000,990.526248216629,-194.90314781665802,34.83273236268285,-0.004093891853156162,10.049172735214233,0.6922569155693055,0.004306859313510358,-196.4717919677496,25.000758278935297,2.790875053405762,,
1020000,994.240070104599,-204.61458325386047,34.347904978942715,-0.004958723434867962,8.007874059677125,0.7108662545680999,0.006597328520729207,-196.4717919677496,25.000758278935297,2.6877917528152464,,
1024000,997.9469048976898,-189.44934380054474,35.70277587547819,-0.005567973273418225,7.522967958450318,0.6907264232635498,0.003668235760414973,-196.4717919677496,25.000758278935297,2.729520845413208,,
1028000,1001.621678352356,-196.38712763786316,32.701565159522914,-0.0062220969690629955,7.367644119262695,0.7114551186561584,0.005201208684593439,-196.4717919677496,25.000758278935297,2.7278542280197144,,
1032000,1005.3274576663971,-198.05256068706512,34.930736362770496,-0.0056736721501996264,9.062165641784668,0.7143974721431732,0.007179570295556914,-196.4717919677496,25.000758278935297,2.757812523841858,,
1036000,1009.0242342948914,-195.47959637641907,31.602554484337183,-0.006150544794819623,8.79258198738098,0.7153837382793427,0.008752745691997355,-196.4717919677496,25.000758278935297,2.6470417022705077,,
1040000,1012.6312518119812,-196.84696650505066,36.26162986410951,-0.0040090961605528715,9.94228262901306,0.7382980406284332,0.009022859623655677,-196.4717919677496,25.000758278935297,2.6912917375564573,,
1044000,1018.8598794937134,-199.93695425987244,33.80974896209612,-0.005258373455532506,6.993382120132447,0.7763175427913666,0.001600278954875378,-194.0841488391161,28.177629928848344,2.659583401679993,,
1048000,1022.5902347564697,-191.61770284175873,36.456894664724466,-0.006429029873727554,6.608391189575196,0.7708897948265075,0.006181572610512376,-194.0841488391161,28.177629928848344,2.675541710853577,,
1052000,1026.2234497070312,-194.76141500473022,34.05420620760046,-0.005752952499548059,6.889116859436035,0.7390574038028717,0.005606573422323002,-194.0841488391161,28.177629928848344,2.7736876010894775,,
1056000,1029.9652235507965,-195.42722690105438,34.10527312498544,-0.0065344304454823645,7.26193265914917,0.7344871938228608,0.00476762750915567,-194.0841488391161,28.177629928848344,2.7673959016799925,,
1060000,1033.5882778167725,-186.3214931488037,33.84706925789316,-0.007197105482220678,7.165268182754517,0.7487834990024567,0.004306588415056467,-194.0841488391161,28.177629928848344,2.612125062942505,,
1064000,1037.2590577602386,-188.09013032913208,26.2978493600451,-0.005853307569399479,5.984050035476685,0.7347281813621521,0.0048174433846725154,-194.0841488391161,28.177629928848344,2.6602917194366453,,
1068000,1040.9309923648834,-206.25344157218933,33.920358448240755,-0.004362161650477603,9.426520204544067,0.7326068639755249,0.003036419830110393,-194.0841488391161,28.177629928848344,2.626875066757202,,
1072000,1044.6430745124817,-190.6669671535492,32.94910850968074,-0.0060547255403362145,7.806693887710571,0.7617195129394532,0.004854903950126754,-194.0841488391161,28.177629928848344,2.6776875972747805,,
1076000,1048.3652770519257,-197.42234420776367,32.24172363813448,-0.007963888041519863,9.476662731170654,0.6998976290225982,0.006928714478272013,-194.0841488391161,28.177629928848344,2.7676459074020388,,
1080000,1052.0522863864899,-188.5652723312378,30.036553506894368,-0.006789521706445756,7.149777889251709,0.7042623162269592,0.004442382929846644,-194.0841488391161,28.177629928848344,2.985770916938782,,
1084000,1058.0389411449432,-195.36625862121582,30.793065542922722,-0.0063985889552471645,9.551019191741943,0.6892327785491943,0.004548154107760638,-194.0915146768093,29.66151087417974,2.846916747093201,,
1088000,1061.748069524765,-185.03523886203766,34.25963593731182,-0.006959643274390537,11.61697416305542,0.6521487057209014,0.007548697746824473,-194.0915146768093,29.66151087417974,2.9773125886917113,,
1092000,1065.4636635780334,-190.66015303134918,34.33838584806306,-0.006202661266938492,7.696927738189697,0.6558309435844422,0.005216328232238698,-194.0915146768093,29.66151087417974,2.890395903587341,,
1096000,1069.2640490531921,-191.1064715385437,30.783743270194602,-0.006461058111550955,8.518517255783081,0.6725531220436096,0.003532081535013276,-194.0915146768093,29.66151087417974,2.885062575340271,,
1100000,1072.9852373600006,-192.65321028232574,30.20300158045653,-0.006465390129790994,11.859740161895752,0.6845692336559296,0.006305976340081542,-194.0915146768093,29.66151087417974,2.8404375553131103,,
1104000,1076.5426948070526,-203.53111100196838,32.56907414628199,-0.005824896443945665,9.793981790542603,0.6948077380657196,0.005843132138485089,-194.0915146768093,29.66151087417974,2.7888750553131105,,
1108000,1080.2382462024689,-192.55513215065002,37.01983520982277,-0.006649907400598743,9.03528323173523,0.6526300549507141,0.003053067655127961,-194.0915146768093,29.66151087417974,2.786916732788086,,
1112000,1083.9267411231995,-196.72126650810242,33.567686704611084,-0.005256571386940756,11.39759635925293,0.6584121286869049,0.004867188814387191,-194.0915146768093,29.66151087417974,2.841187572479248,,
1116000,1087.6295411586761,-196.05115509033203,30.30022027629105,-0.006240058695742246,6.084326934814453,0.5821962714195251,0.011558086785953492,-194.0915146768093,29.66151087417974,2.8133750677108766,,
1120000,1091.299427986145,-184.79317593574524,31.335596041557835,-0.006527869129863894,7.037253475189209,0.6174957513809204,0.008676080079749227,-194.0915146768093,29.66151087417974,2.808458399772644,,
1124000,1097.4293236732483,-200.39604091644287,40.59802062524409,-0.006995333208547283,8.230341148376464,0.6883718609809876,0.005460483731702048,-196.57083792984486,30.058322898832188,2.7515834093093874,,
1128000,1101.1286194324493,-204.9181787967682,36.19034089271388,-0.005055094036506525,11.71248664855957,0.7264000415802002,0.00624052562052384,-196.57083792984486,30.058322898832188,2.705583381652832,,
1132000,1104.952162027359,-195.3339319229126,36.894564598993796,-0.005550702874859171,12.87449951171875,0.6779163658618927,0.008861874020658434,-196.57083792984486,30.058322898832188,2.776958394050598,,
1136000,1108.7778730392456,-204.7270393371582,39.29691012018563,-0.006888944499970862,13.416712474822997,0.6556471168994904,0.005090910200650533,-196.57083792984486,30.058322898832188,2.7729584217071532,,
1140000,1112.5020830631256,-195.62346649169922,30.11442781327948,-0.006009060672484345,8.188071823120117,0.6170928657054902,0.003781364590395242,-196.57083792984486,30.058322898832188,2.8698750257492067,,
1144000,1116.2520837783813,-195.04025161266327,35.07735627525288,-0.004795737305345593,8.897587013244628,0.6432210624217987,0.004064516082716485,-196.57083792984486,30.058322898832188,2.7670833349227903,,
1148000,1119.9847633838654,-192.50703239440918,31.23115254945004,-0.004819135739700897,20.508385276794435,0.6904127120971679,0.002645318809663877,-196.57083792984486,30.058322898832188,2.780875062942505,,
1152000,1123.7164595127106,-193.37952709197998,34.13166858120856,-0.007239074229728448,7.537317609786987,0.6199072360992431,0.004987693503809521,-196.57083792984486,30.058322898832188,2.7494792461395265,,
1156000,1127.4795174598694,-201.83551669120789,32.13416538171665,-0.006795936876597431,9.942415142059327,0.6280353307723999,0.0060637326416326685,-196.57083792984486,30.058322898832188,2.6560208559036256,,
1160000,1131.1954936981201,-204.0071883201599,36.656274371154915,-0.0076507331794127605,9.778964710235595,0.5877724051475525,0.005976802945951931,-196.57083792984486,30.058322898832188,2.773187589645386,,
1164000,1137.2092888355255,-196.51534962654114,31.024059961849375,-0.008379771362990151,9.103607892990112,0.6158146917819977,0.006964784796582535,-191.19594974070787,27.85024386058655,2.642416739463806,,
1168000,1140.9687013626099,-198.8335726261139,40.04051709090958,-0.00642672937503086,12.116767597198486,0.601410049200058,0.005493451384245418,-191.19594974070787,27.85024386058655,2.689166760444641,,
1172000,1144.696988582611,-197.58180904388428,33.847023283278496,-0.008079653518584884,10.913208961486816,0.5791765868663787,0.008886890893646892,-191.19594974070787,27.85024386058655,2.6206667900085447,,
1176000,1148.439279794693,-189.53442549705505,34.8560050886737,-0.005288170459525038,12.327664661407471,0.5935700953006744,0.0075766854919493195,-191.19594974070787,27.85024386058655,2.6531458854675294,,
1180000,1152.1809921264648,-191.0306384563446,34.38345085159329,-0.005148805429848524,11.159932708740234,0.5591553151607513,0.006660479170386679,-191.19594974070787,27.85024386058655,2.777416729927063,,
1184000,1155.905972957611,-194.24099349975586,37.074825137388686,-0.00767733445701504,9.748112630844116,0.5518647491931915,0.0038745962301424464,-191.19594974070787,27.85024386058655,2.8232500314712525,,
1188000,1159.6598954200745,-197.50923240184784,38.59849386521443,-0.0066350651094690075,10.726969623565674,0.5233549535274505,0.006874675070866943,-191.19594974070787,27.85024386058655,2.749250078201294,,
1192000,1163.2600224018097,-195.9406008720398,34.51373206397973,-0.007388665576154985,8.717098283767701,0.5656397640705109,0.006534621730679646,-191.19594974070787,27.85024386058655,2.807062578201294,,
1196000,1166.9035000801086,-195.54287242889404,31.321052333254585,-0.00580489047104491,12.832102489471435,0.5848806798458099,0.003992445157608016,-191.19594974070787,27.85024386058655,2.788062572479248,,
1200000,1170.1481158733368,-197.24117517471313,36.16223081278682,-0.007057839640726549,8.672860240936279,0.5636416971683502,0.008050054486220048,-191.19594974070787,27.85024386058655,2.905375051498413,,
1204000,1176.2793908119202,-196.0436611175537,39.62343256272325,-0.006136401561244042,11.272824478149413,0.5875913619995117,0.0043460601951665016,-198.25626842677593,41.09400555460773,2.7308125734329223,,
1208000,1179.9801352024078,-189.2601603269577,38.65123157270532,-0.007169767547534711,7.660923147201538,0.5842117369174957,0.0055530148753896395,-198.25626842677593,41.09400555460773,2.928395891189575,,
1212000,1183.7067155838013,-197.3351298570633,33.19259234831367,-0.009023859772831244,7.812630033493042,0.5853048801422119,0.008261836829478852,-198.25626842677593,41.09400555460773,2.8911458969116213,,
1216000,1187.4347009658813,-206.79673278331757,35.771518152142455,-0.006975209174988173,13.567193698883056,0.5882452070713043,0.007521482830246296,-198.25626842677593,41.09400555460773,2.9292917251586914,,
1220000,1191.1365246772766,-197.8767043352127,45.74379495517915,-0.004493041210807869,24.68659038543701,0.5868947982788086,0.0035474680829793216,-198.25626842677593,41.09400555460773,2.6836042404174805,,
1224000,1194.8586061000824,-203.9443109035492,33.025379557895896,-0.007663295305644469,12.287656784057617,0.5874479949474335,0.004316870745969936,-198.25626842677593,41.09400555460773,2.7373542308807375,,
1228000,1198.5883719921112,-201.5533504486084,38.456860916057586,-0.00711358645341047,10.922629928588867,0.5512791097164154,0.006048941807239317,-198.25626842677593,41.09400555460773,2.8424167394638062,,
1232000,1202.2220208644867,-192.4996738433838,34.70666986437516,-0.0077651278794122255,11.334274959564208,0.5125571012496948,0.006911049819085769,-198.25626842677593,41.09400555460773,2.96947922706604,,
1236000,1205.9943747520447,-195.2036120891571,26.698473137032792,-0.006707882239328056,7.213644218444824,0.5347500205039978,0.004709120009366119,-198.25626842677593,41.09400555460773,2.8803542137145994,,
1240000,1209.7560613155365,-196.3263407945633,35.34712734797789,-0.005956444193298616,7.634494972229004,0.5465484917163849,0.007040227635297924,-198.25626842677593,41.09400555460773,2.94177086353302,,
1244000,1215.9322018623352,-191.40103769302368,29.856839679148006,-0.008894238690535206,7.674538564682007,0.5702191054821014,0.010061420686542987,-196.9663243740797,38.57083466544226,2.9234792470932005,,
1248000,1219.6065249443054,-193.34073650836945,27.93313505615648,-0.0071307520965734564,11.381674194335938,0.601358151435852,0.0027372541156752916,-196.9663243740797,38.57083466544226,2.914062571525574,,
1252000,1223.3539609909058,-195.1315610408783,37.891136433328874,-0.007272526856822203,11.01594295501709,0.6361154854297638,0.006417233194845551,-196.9663243740797,38.57083466544226,2.847229266166687,,
1256000,1227.0844025611877,-195.04783248901367,36.67062341244703,-0.007326011208429328,9.470635271072387,0.6165834605693817,0.004243383134598844,-196.9663243740797,38.57083466544226,2.8306459188461304,,
1260000,1230.7769176959991,-192.67810952663422,37.346119231127155,-0.006089212648104869,10.745094776153564,0.6664792537689209,0.006987243942683597,-196.9663243740797,38.57083466544226,2.7859167098999023,,
1264000,1234.4724698066711,-195.02856588363647,33.945355638894306,-0.008467968819973314,9.349182510375977,0.6589576065540313,0.0023340611133414236,-196.9663243740797,38.57083466544226,2.9331042528152467,,
1268000,1238.1901891231537,-192.88702940940857,34.50035684660183,-0.007671609002941615,12.323309326171875,0.691195034980774,0.005972187889895153,-196.9663243740797,38.57083466544226,2.936354231834412,,
1272000,1241.92440700531,-195.7406804561615,33.90266777599704,-0.007758409969819091,12.125830459594727,0.6591638147830963,0.008127402351548274,-196.9663243740797,38.57083466544226,2.9250416994094848,,
1276000,1245.6593098640442,-195.16201305389404,36.641449098866445,-0.005835352572069197,13.166807842254638,0.629335743188858,0.003972038731444627,-196.9663243740797,38.57083466544226,2.677958369255066,,
1280000,1249.384286403656,-198.13826060295105,36.594669669228885,-0.005549466973481109,12.709846019744873,0.6217401385307312,0.003354362741811201,-196.9663243740797,38.57083466544226,2.9350000619888306,,
1284000,1255.5874979496002,-200.15147876739502,37.23901245591546,-0.004740677138402383,14.014147281646729,0.5853517949581146,0.004880555887939409,-197.05461490154266,37.95607953763856,2.825145888328552,,
1288000,1259.3658666610718,-202.7621476650238,37.09721136694955,-0.005968585290014738,8.193728113174439,0.5795806348323822,0.00422106313999393,-197.05461490154266,37.95607953763856,2.8972083806991575,,
1292000,1263.113796710968,-200.17521810531616,35.5538961370236,-0.007087427731758605,11.117184066772461,0.6031059086322784,0.005875871932211662,-197.05461490154266,37.95607953763856,2.887333369255066,,
1296000,1266.8803029060364,-192.53828525543213,32.86313813961365,-0.006208745887425415,10.897660255432129,0.5970800220966339,0.0046636970670078885,-197.05461490154266,37.95607953763856,2.8541667222976685,,
1300000,1270.4587471485138,-202.5130535364151,41.253054323919265,-0.0069595230389386305,11.839819240570069,0.6815313518047332,0.006111047714512097,-197.05461490154266,37.95607953763856,2.820166730880737,,
1304000,1273.8675940036774,-196.20302724838257,33.49760753409687,-0.006692453727436565,11.971966075897218,0.6593472540378571,0.004344774270430207,-197.05461490154266,37.95607953763856,2.8656042575836183,,
1308000,1277.5369737148285,-197.6368132829666,35.12718141371273,-0.006300884020980391,9.115452575683594,0.6518326580524445,0.0040636000764789236,-197.05461490154266,37.95607953763856,2.8007083892822267,,
1312000,1281.2565338611603,-201.20638859272003,38.14543890473973,-0.006549131073833791,12.979484367370606,0.6506098449230194,0.005317714162170884,-197.05461490154266,37.95607953763856,2.6831459045410155,,
1316000,1284.545462846756,-198.8641015291214,35.98502809900817,-0.010288922056245297,7.745067501068116,0.6705252349376678,0.007081808152724989,-197.05461490154266,37.95607953763856,2.863229274749756,,
1320000,1287.6758058071136,-203.76217007637024,37.54978826107999,-0.005624564399632259,13.338883399963379,0.5703582048416138,0.004736312420573085,-197.05461490154266,37.95607953763856,2.733750104904175,,
1324000,1293.3039572238922,-197.73613107204437,48.41576127437311,-0.0038307675858959556,23.637562370300294,0.6135739803314209,0.003286879148799926,-198.5867288261652,42.698308305108604,2.7343333959579468,,
1328000,1296.6119859218597,-191.75266802310944,31.21228105253928,-0.007837343707525512,9.138911151885987,0.5537845253944397,0.006046737427396387,-198.5867288261652,42.698308305108604,2.732854199409485,,
1332000,1300.411925792694,-197.8706419467926,29.694197282763966,-0.004378397975427361,10.44139928817749,0.6248954057693481,0.004925741144727702,-198.5867288261652,42.698308305108604,2.558708381652832,,
1336000,1303.8749072551727,-188.98510265350342,34.019233809921424,-0.0064823656749599225,8.76584415435791,0.5938857555389404,0.005327411438338458,-198.5867288261652,42.698308305108604,2.7554792404174804,,
1340000,1307.0955696105957,-185.85206651687622,27.68896698901417,-0.006663354729379822,11.31158514022827,0.6236993789672851,0.00457447738801906,-198.5867288261652,42.698308305108604,2.6617292165756226,,
1344000,1310.6321954727173,-199.50918066501617,35.99243211124127,-0.0048789536410477116,15.605676937103272,0.5985260367393493,0.0016085488721728324,-198.5867288261652,42.698308305108604,2.5681042432785035,,
1348000,1314.3448140621185,-189.8220248222351,34.31073107143978,-0.007738081502107264,11.878982734680175,0.632380872964859,0.007284028842424383,-198.5867288261652,42.698308305108604,2.767875051498413,,
1352000,1318.0670568943024,-192.70058012008667,32.321818611575374,-0.007426161368377504,11.352227592468262,0.6525980472564697,0.009562124650770176,-198.5867288261652,42.698308305108604,2.783333420753479,,
1356000,1321.761218070984,-197.88650250434875,36.150428701949046,-0.005474208548897863,14.944301986694336,0.611338222026825,0.0034230653640406673,-198.5867288261652,42.698308305108604,2.6299583673477174,,
1360000,1325.4971923828125,-187.60098791122437,26.97967036286992,-0.006771720795116121,7.940481662750244,0.593332827091217,0.003643351612845436,-198.5867288261652,42.698308305108604,2.774875116348267,,
1364000,1331.4381756782532,-189.08666372299194,31.4782720473245,-0.006504953103295108,8.646518182754516,0.6412723302841187,0.008312335384699221,-197.1714953482151,39.96734965020578,2.5610000610351564,,
1368000,1335.1473269462585,-196.1964955329895,29.958574629859744,-0.005829708478801532,7.496697521209716,0.59100301861763,0.004396462032959514,-197.1714953482151,39.96734965020578,2.5171041965484617,,
1372000,1338.9052913188934,-201.0174412727356,41.491361473601565,-0.005409715272486215,15.07809238433838,0.5550449252128601,0.0050932113516998,-197.1714953482151,39.96734965020578,2.5365208864212034,,
1376000,1342.7210257053375,-188.2580465078354,30.77254593917401,-0.00561686215472097,6.248637294769287,0.5343075513839721,0.004592300861453019,-197.1714953482151,39.96734965020578,2.671750068664551,,
1380000,1346.4647974967957,-185.9184811115265,22.867133210670683,-0.006939426136047899,9.19780855178833,0.5023475348949432,0.010700787143199797,-197.1714953482151,39.96734965020578,2.6574584007263184,,
1384000,1350.2107605934143,-196.44786286354065,29.62259191545776,-0.006624182050116367,10.274526691436767,0.48506028950214386,0.003573827470497548,-197.1714953482151,39.96734965020578,2.473958444595337,,
1388000,1353.7277863025665,-193.13077473640442,38.10033680608032,-0.008053284778259683,10.177544116973877,0.45748542845249174,0.005943838148959912,-197.1714953482151,39.96734965020578,2.5768750667572022,,
1392000,1357.3377690315247,-196.30441880226135,31.811083578435746,-0.006110744112481669,15.051525020599366,0.47445336282253264,0.00389481175186423,-197.1714953482151,39.96734965020578,2.4798125267028808,,
1396000,1361.0656175613403,-195.26203060150146,31.46745040189286,-0.005885048237241364,9.535665941238403,0.4493390291929245,0.0020241566613549366,-197.1714953482151,39.96734965020578,2.4764375925064086,,
1400000,1364.7999181747437,-195.61992287635803,37.08771685614538,-0.007456456626455043,9.850360870361328,0.44285888969898224,0.010251926979981363,-197.1714953482151,39.96734965020578,2.5415000677108766,,
1404000,1371.0598442554474,-194.59618139266968,41.25707512312917,-0.005723697628981128,9.943179988861084,0.4270881325006485,0.007640560134314,-193.98698988556862,36.85904027175269,2.540125036239624,,
1408000,1374.7177231311798,-196.99986147880554,33.10692209620652,-0.005079485131582828,12.47230930328369,0.43300574719905854,0.00386139793212843,-193.98698988556862,36.85904027175269,2.5262917280197144,,
1412000,1378.5418365001678,-200.17698550224304,29.750416608601657,-0.007391973140183872,7.455243158340454,0.41429041922092436,0.008379831537604332,-193.98698988556862,36.85904027175269,2.5011250972747803,,
1416000,1382.1916098594666,-192.63672626018524,29.679296464828216,-0.008262135773431467,8.518005275726319,0.42658213078975676,0.00892136131677157,-193.98698988556862,36.85904027175269,2.4756250619888305,,
1420000,1385.8800883293152,-194.0851686000824,30.48372368271385,-0.005730091257952097,6.259251594543457,0.4444951266050339,0.0037618137197569014,-193.98698988556862,36.85904027175269,2.5423333644866943,,
1424000,1389.6401579380035,-203.87604331970215,36.7545309135979,-0.005942055151332148,10.528376865386964,0.43408080041408537,0.008441106921837981,-193.98698988556862,36.85904027175269,2.5862917423248293,,
1428000,1393.3682901859283,-193.0834560394287,36.822899760290674,-0.007181068708188842,11.274115562438965,0.4295420259237289,0.0029526566537096954,-193.98698988556862,36.85904027175269,2.5441667556762697,,
1432000,1397.098019361496,-199.56288290023804,36.064602391833915,-0.008173077586572574,11.197966384887696,0.4472883105278015,0.005051609087968245,-193.98698988556862,36.85904027175269,2.4468959093093874,,
1436000,1400.6177160739899,-193.1976284980774,32.63100985142868,-0.006007853687663256,9.140815591812133,0.4813327819108963,0.004074083346407864,-193.98698988556862,36.85904027175269,2.43018753528595,,
1440000,1404.1048052310944,-191.5803747177124,33.916360120035726,-0.006588421097335662,10.637570667266846,0.4500992149114609,0.009707910963334144,-193.98698988556862,36.85904027175269,2.5072500467300416,,
1444000,1410.3202481269836,-196.72185921669006,31.15017270575665,-0.0065289579167341185,9.076822566986085,0.5136851668357849,0.003383519995259121,-196.43882231414318,33.07565603244967,2.4389583587646486,,
1448000,1414.0555624961853,-189.63791823387146,30.23736309485151,-0.007102899375526839,8.397801685333253,0.5547242820262909,0.009375015707065693,-196.43882231414318,33.07565603244967,2.4625834465026855,,
1452000,1417.845449924469,-197.41452431678772,34.87771749104704,-0.00687660039619864,10.812972450256348,0.5426868557929992,0.0059972218001494325,-196.43882231414318,33.07565603244967,2.4509167194366457,,
1456000,1421.6255323886871,-192.30375063419342,31.62295523454849,-0.006865199343146245,8.109932661056519,0.5609887123107911,0.005636343167861923,-196.43882231414318,33.07565603244967,2.43806254863739,,
1460000,1425.378061056137,-187.6633665561676,31.43912184483124,-0.007830448026613545,8.012457275390625,0.5338753521442413,0.009300289985723808,-196.43882231414318,33.07565603244967,2.449854254722595,,
1464000,1429.0490381717682,-188.36884331703186,31.556303601437726,-0.006292966009738521,9.045956993103028,0.5461194634437561,0.0048867066208913455,-196.43882231414318,33.07565603244967,2.4218125343322754,,
1468000,1432.7401497364044,-192.43318688869476,37.79885954374283,-0.006214467348220421,7.531001472473145,0.5199935138225555,0.004778796396024276,-196.43882231414318,33.07565603244967,2.4551459074020388,,
1472000,1436.4748125076294,-191.8623640537262,34.67519055071528,-0.007731815521915752,6.593082571029663,0.5087847828865051,0.0052714055657852475,-196.43882231414318,33.07565603244967,2.4997292518615724,,
1476000,1440.181342124939,-197.93846154212952,32.162200993765,-0.007156550362861403,7.6033858299255375,0.5755083918571472,0.0027430538134649574,-196.43882231414318,33.07565603244967,2.3489375591278074,,
1480000,1443.9083025455475,-188.40019404888153,37.4058735124268,-0.007245036480482625,8.872037124633788,0.614278256893158,0.007519305974710733,-196.43882231414318,33.07565603244967,2.3601250648498535,,
1484000,1450.0075314044952,-191.7872805595398,33.27986375090507,-0.0062007275504679885,9.13431396484375,0.6286869823932648,0.007176418957533315,-193.379396609962,33.79505584984826,2.382833385467529,,
1488000,1453.7563104629517,-199.28385293483734,32.15158883464562,-0.006298141534440305,8.214393138885498,0.6324904561042786,0.006090871074702608,-193.379396609962,33.79505584984826,2.3154584169387817,,
1492000,1457.5322701931,-192.31240391731262,32.93404949725456,-0.007648314495105346,6.0174338817596436,0.6755955457687378,0.005665629648293091,-193.379396609962,33.79505584984826,2.25147922039032,,
1496000,1461.2669475078583,-186.03877115249634,37.67437971227797,-0.005025833110004907,9.806820964813232,0.616943746805191,0.00487300973463185,-193.379396609962,33.79505584984826,2.413104271888733,,
1500000,1465.011615037918,-187.65992403030396,36.02658905703077,-0.007857147846526047,6.86331033706665,0.6186788320541382,0.005758160399719259,-193.379396609962,33.79505584984826,2.3025208950042724,,
1504000,1468.7188272476196,-195.1244194507599,36.232198174801766,-0.007935552716255146,9.084743452072143,0.5915392398834228,0.008816663274774327,-193.379396609962,33.79505584984826,2.344041681289673,,
1508000,1472.4319393634796,-190.75764429569244,35.97124319026324,-0.007154507265736676,14.634150409698487,0.5725967645645141,0.0071443779394030574,-193.379396609962,33.79505584984826,2.376062607765198,,
1512000,1476.1905550956726,-189.3309942483902,32.205648077042326,-0.006690781810631386,10.179595375061036,0.5868675172328949,0.009776223921837923,-193.379396609962,33.79505584984826,2.3676042318344117,,
1516000,1479.6843709945679,-197.66055154800415,33.11717884125118,-0.0064770221298871885,9.708221864700317,0.5764932930469513,0.003740967281143348,-193.379396609962,33.79505584984826,2.2357083320617677,,
1520000,1483.3717024326324,-196.80173134803772,30.14390732934521,-0.008582378986291595,7.772525978088379,0.5457601904869079,0.006635498913237825,-193.379396609962,33.79505584984826,2.2788750648498537,,
1524000,1489.5542714595795,-190.01660227775574,30.779583886938145,-0.0077296880073845385,9.91915159225464,0.5597479999065399,0.007598187500843778,-195.31251498311758,28.097213902961236,2.390041708946228,,
1528000,1493.288224697113,-196.80016613006592,30.88046652216798,-0.007704744093275373,8.143854475021362,0.55471750497818,0.01068499944141763,-195.31251498311758,28.097213902961236,2.3599167108535766,,
1532000,1497.0388555526733,-194.59036660194397,36.53137992402275,-0.006981514204603911,11.664356327056884,0.5785061538219451,0.00831902366298406,-195.31251498311758,28.097213902961236,2.301791715621948,,
1536000,1500.6400537490845,-192.8731005191803,34.42530702466462,-0.007195240828053384,7.8714625358581545,0.5637097716331482,0.004965715439175256,-195.31251498311758,28.097213902961236,2.355124998092651,,
1540000,1503.8570470809937,-192.47565007209778,32.74395948717645,-0.006366881035578764,9.706843519210816,0.5464200973510742,0.007440892392148601,-195.31251498311758,28.097213902961236,2.382187533378601,,
1544000,1507.5695688724518,-192.11556100845337,31.280886056621686,-0.006642536764343632,8.049242305755616,0.494209823012352,0.007826017051780099,-195.31251498311758,28.097213902961236,2.4478750705718992,,
1548000,1511.2706110477448,-191.8137867450714,33.13659519062828,-0.006740971778209026,11.216821098327637,0.5544411480426789,0.004173976894089726,-195.31251498311758,28.097213902961236,2.4531042098999025,,
1552000,1514.9980916976929,-197.5378613471985,35.59242031602524,-0.006308897714751538,9.414289474487305,0.525468111038208,0.0053920552909064055,-195.31251498311758,28.097213902961236,2.408416724205017,,
1556000,1518.7310814857483,-197.95839858055115,33.1650290744784,-0.008002076047007024,8.775664138793946,0.5141193270683289,0.004052395449252799,-195.31251498311758,28.097213902961236,2.5646875858306886,,
1560000,1522.4769575595856,-199.66872990131378,35.13568199428868,-0.007129463790139834,7.677201414108277,0.4815382182598114,0.005874471114909597,-195.31251498311758,28.097213902961236,2.523687553405762,,
1564000,1528.637660741806,-185.2501401901245,33.56871759264462,-0.006850985309419499,7.373236036300659,0.485925555229187,0.004571483738254755,-196.40880024433136,30.171443554310077,2.3869792461395263,,
1568000,1532.3411748409271,-195.82668030261993,35.067060837918326,-0.007131463529231663,8.273887872695923,0.5229389786720275,0.007645510101496877,-196.40880024433136,30.171443554310077,2.4140417098999025,,
1572000,1536.2094993591309,-193.71560144424438,32.14099841469032,-0.006649594070700315,9.152304697036744,0.5304856777191163,0.0014100490836426616,-196.40880024433136,30.171443554310077,2.4414583444595337,,
1576000,1539.952646970749,-191.6502068042755,33.395317541820916,-0.00747075583195933,12.802093124389648,0.5363278985023499,0.004893454376646939,-196.40880024433136,30.171443554310077,2.5269166946411135,,
1580000,1543.7211291790009,-188.10910284519196,30.802238390316734,-0.006324978522956393,6.446531677246094,0.5203243672847748,0.0031726684395689516,-196.40880024433136,30.171443554310077,2.5367708683013914,,
1584000,1547.3335938453674,-195.39527916908264,30.400781176057464,-0.005844779654017962,7.728036308288575,0.4786349833011627,0.0034769973591513904,-196.40880024433136,30.171443554310077,2.424041724205017,,
1588000,1551.0720694065094,-196.2501471042633,37.62976675867396,-0.0064585290437874756,9.698120832443237,0.5010340124368667,0.005273088219711397,-196.40880024433136,30.171443554310077,2.4654167175292967,,
1592000,1554.6189136505127,-195.9867970943451,36.84613797384317,-0.008639489717781501,8.849466323852539,0.5391528189182282,0.003514394792728126,-196.40880024433136,30.171443554310077,2.433750033378601,,
1596000,1558.3076465129852,-189.38806641101837,35.85779477190253,-0.007362555147769534,10.194250583648682,0.49908234775066374,0.006024884337966796,-196.40880024433136,30.171443554310077,2.372562551498413,,
1600000,1562.0605683326721,-185.22086596488953,30.467113565847736,-0.008021747010139135,6.166866827011108,0.5288299143314361,0.0057887396682053446,-196.40880024433136,30.171443554310077,2.3767500162124633,,
1604000,1568.2523002624512,-191.6899255514145,33.70260956774049,-0.0063101992658339155,8.258798742294312,0.5065537214279174,0.0033857282100095533,-194.87730410695076,34.237492674643455,2.47820839881897,,
1608000,1571.9852635860443,-194.1409878730774,32.8418549978167,-0.009875499907260199,7.553691148757935,0.5305020391941071,0.007066412188578397,-194.87730410695076,34.237492674643455,2.3738542079925535,,
1612000,1575.7614719867706,-190.99132335186005,29.585121003507258,-0.007923623907690214,7.462102937698364,0.4894551247358322,0.00918301111087203,-194.87730410695076,34.237492674643455,2.4085000276565554,,
1616000,1579.4699337482452,-198.22921812534332,37.73844048945145,-0.005840561243200782,9.935752582550048,0.5694742560386657,0.0014349196957773812,-194.87730410695076,34.237492674643455,2.2180209159851074,,
1620000,1583.1768357753754,-192.13745069503784,34.60612090403666,-0.007174524078611277,9.21504316329956,0.5542927086353302,0.007564008882036432,-194.87730410695076,34.237492674643455,2.4073125600814818,,
1624000,1586.7720067501068,-200.34853565692902,38.25197088641388,-0.008637186325155177,9.401273679733276,0.5543037116527557,0.0033428624767111613,-194.87730410695076,34.237492674643455,2.355125069618225,,
1628000,1590.4376900196075,-200.04650831222534,32.48520171680703,-0.007008186758340784,7.07888560295105,0.5435212850570679,0.00526769608259201,-194.87730410695076,34.237492674643455,2.328729248046875,,
1632000,1594.212527513504,-191.15537810325623,27.124052366572474,-0.008101276117066547,9.17814073562622,0.5429831147193909,0.003352999565686332,-194.87730410695076,34.237492674643455,2.2885000467300416,,
1636000,1597.94273686409,-191.9762635231018,33.49721668499297,-0.0059692253440928765,6.622056150436402,0.5520213067531585,0.005491259245900437,-194.87730410695076,34.237492674643455,2.261000061035156,,
1640000,1601.6002221107483,-191.4045786857605,37.800580052053114,-0.009756700468404845,8.591568851470948,0.5832396626472474,0.007910516462288797,-194.87730410695076,34.237492674643455,2.3345834016799927,,
1644000,1607.725676059723,-194.96752333641052,32.6169242177108,-0.0066329891184965465,8.384450674057007,0.544228857755661,0.006252537975631078,-200.47660910338163,49.64393756156723,2.2376458644866943,,
1648000,1611.2225444316864,-204.48104524612427,39.877057779042204,-0.007173791640127702,14.566987037658691,0.5693829476833343,0.006324322649743408,-200.47660910338163,49.64393756156723,2.202375030517578,,
1652000,1614.8784306049347,-192.72247314453125,33.58555901315694,-0.006615108958135041,9.099496507644654,0.5874916732311248,0.002699076900171349,-200.47660910338163,49.64393756156723,2.195333385467529,,
1656000,1618.3513987064362,-188.1261419057846,32.6309271897822,-0.0071674344160904905,12.030853080749512,0.5438865065574646,0.006856066813382022,-200.47660910338163,49.64393756156723,2.2983333349227903,,
1660000,1621.5400762557983,-199.14069843292236,34.34432569725541,-0.006962810012511866,7.980522346496582,0.52066610455513,0.007285471074283123,-200.47660910338163,49.64393756156723,2.1973124980926513,,
1664000,1624.7379341125488,-194.5080690383911,36.18426366194495,-0.007999371769217145,8.773144197463989,0.5516821146011353,0.011848830641247332,-200.47660910338163,49.64393756156723,2.273208427429199,,
1668000,1628.431936264038,-187.58612728118896,32.09811495334683,-0.005002178153333503,11.81532154083252,0.5540104925632476,0.007272637786324321,-200.47660910338163,49.64393756156723,2.2866042137145994,,
1672000,1632.1418249607086,-190.04273664951324,34.23810915295403,-0.00785727815640469,12.554250049591065,0.583429491519928,0.008477428940590493,-200.47660910338163,49.64393756156723,2.2758541822433473,,
1676000,1635.8890662193298,-192.9972312450409,33.95612852411208,-0.007270554610683355,9.902248001098632,0.5354445040225982,0.004141460431856103,-200.47660910338163,49.64393756156723,2.2911250829696654,,
1680000,1639.5443098545074,-194.60522615909576,33.372135617544046,-0.00867608068076251,8.611884450912475,0.5421755850315094,0.009597542195115239,-200.47660910338163,49.64393756156723,2.3291875600814818,,
1684000,1645.648164987564,-198.27997422218323,33.541536717808086,-0.007152342333768847,10.15209493637085,0.5360937535762786,0.005877187452279031,-210.04708595573902,51.85846718217089,2.2433125257492064,,
1688000,1649.369643688202,-193.41133379936218,30.169722303006246,-0.007551267153893893,8.193952131271363,0.5593686461448669,0.008294772312355647,-210.04708595573902,51.85846718217089,2.4414792537689207,,
1692000,1652.633872270584,-192.7975194454193,27.430042024424687,-0.007061355033113314,9.223428440093993,0.5706131041049958,0.005977198231266812,-210.04708595573902,51.85846718217089,2.32433340549469,,
1696000,1655.7976610660553,-188.68329393863678,35.50980743459412,-0.006246062991054124,14.085338878631593,0.558122718334198,0.003418804597458802,-210.04708595573902,51.85846718217089,2.3217500686645507,,
1700000,1658.9323318004608,-198.12951576709747,35.484374566034845,-0.00790572273653627,7.353821563720703,0.5186527013778687,0.007791291022983704,-210.04708595573902,51.85846718217089,2.380375051498413,,
1704000,1662.0610537528992,-194.8269600868225,36.24674328366628,-0.006947394690010711,11.606658267974854,0.5098603308200836,0.00523764195095282,-210.04708595573902,51.85846718217089,2.279479217529297,,
1708000,1665.6511166095734,-201.51218485832214,37.116649694916006,-0.006325995097712677,12.807523822784423,0.49933187663555145,0.004829542826337274,-210.04708595573902,51.85846718217089,2.323958420753479,,
1712000,1669.2616245746613,-188.3438150882721,31.21133859687128,-0.006951509959995761,6.65691499710083,0.48645673096179964,0.00819527930021291,-210.04708595573902,51.85846718217089,2.2434791803359984,,
1716000,1673.115077495575,-195.23174452781677,31.935675416711526,-0.006385282494515821,8.889818143844604,0.4475280076265335,0.008193216618383303,-210.04708595573902,51.85846718217089,2.335395884513855,,
1720000,1676.8720514774323,-189.70037162303925,32.88451047513095,-0.007160627650407481,11.640544509887695,0.5154290795326233,0.0053906913264654575,-210.04708595573902,51.85846718217089,2.2508333683013917,,
1724000,1682.9524126052856,-198.08638191223145,32.6907748681213,-0.005468119311767339,14.144511413574218,0.5235013723373413,0.005615092953667045,-196.35876394063234,39.725874837775976,2.2672500610351562,,
1728000,1686.3869421482086,-189.7852157354355,30.893337467370785,-0.005774169978219845,8.936169958114624,0.530400812625885,0.004876001043167588,-196.35876394063234,39.725874837775976,2.299083423614502,,
1732000,1690.1195142269135,-194.02329182624817,31.35837838765079,-0.008035367054865006,7.74704909324646,0.5200291216373444,0.00512911060846335,-196.35876394063234,39.725874837775976,2.2897709131240847,,
1736000,1693.8410589694977,-197.49472165107727,35.37783842885745,-0.008111311017069944,10.7316969871521,0.4926228761672974,0.008924476185347885,-196.35876394063234,39.725874837775976,2.2670000553131104,,
1740000,1697.5439450740814,-200.2864921092987,31.87145159623547,-0.007741635998400565,11.13109827041626,0.49165447652339933,0.006729298265418038,-196.35876394063234,39.725874837775976,2.2574376106262206,,
1744000,1701.1735298633575,-196.06015539169312,32.31662024132316,-0.006182044722450275,11.39069299697876,0.4705129414796829,0.004475045471297001,-196.35876394063234,39.725874837775976,2.291812562942505,,
1748000,1704.8693480491638,-205.2697718143463,40.613092984524,-0.00667736201779916,8.857520055770873,0.5063574910163879,0.0055256547300766455,-196.35876394063234,39.725874837775976,2.1922083854675294,,
1752000,1708.4720644950867,-199.7092523574829,35.938663904438314,-0.00796480325966451,12.504201507568359,0.523210883140564,0.007521987221203741,-196.35876394063234,39.725874837775976,2.215041732788086,,
1756000,1712.1074802875519,-191.12863850593567,34.56568608589742,-0.0046186957051977725,13.656743812561036,0.5326098918914794,0.0071813543792814015,-196.35876394063234,39.725874837775976,2.2071875810623167,,
1760000,1715.2472920417786,-195.38484740257263,39.47489700779975,-0.008421256684387668,13.421568489074707,0.5227482795715332,0.006676264486586092,-196.35876394063234,39.725874837775976,2.12416672706604,,
1764000,1721.2023477554321,-186.94364976882935,33.933428130073025,-0.005921284443078001,9.806485652923584,0.5060412585735321,0.007728983531861267,-193.94569990038872,35.17698613078335,2.1585625648498534,,
1768000,1724.7974145412445,-194.19985449314117,30.226028531336045,-0.006629218035222451,9.661526346206665,0.4722991198301315,0.003194254497793736,-193.94569990038872,35.17698613078335,2.2140000581741335,,
1772000,1728.4626185894012,-193.25831162929535,38.47712708372889,-0.007538362703906998,11.746126937866212,0.4710002809762955,0.00344644945289474,-193.94569990038872,35.17698613078335,2.2164583921432497,,
1776000,1732.1736855506897,-191.4262534379959,36.540878749399326,-0.008670694827412562,10.401611232757569,0.4667642772197723,0.010760724575879687,-193.94569990038872,35.17698613078335,2.1690000534057616,,
1780000,1735.8433175086975,-197.91234278678894,36.83572748785617,-0.005110824812358849,8.53580322265625,0.43841231167316436,0.004957924952032044,-193.94569990038872,35.17698613078335,2.238562560081482,,
1784000,1739.5107147693634,-182.5154025554657,32.893013062631944,-0.008660817827874112,8.23065824508667,0.4506982684135437,0.00748178448465966,-193.94569990038872,35.17698613078335,2.232270932197571,,
1788000,1743.1406383514404,-194.53384006023407,39.04207246019796,-0.0073740020878613425,11.384388256072999,0.5044054627418518,0.009693258455954456,-193.94569990038872,35.17698613078335,2.1655209064483643,,
1792000,1746.8154456615448,-192.9449896812439,29.80048009193213,-0.006490517315454802,9.771031713485717,0.4611394613981247,0.00488531084742867,-193.94569990038872,35.17698613078335,2.093583369255066,,
1796000,1750.4763958454132,-199.4017472267151,33.13590633270843,-0.005645743676616544,11.762735080718993,0.4527465432882309,0.008644343772903084,-193.94569990038872,35.17698613078335,2.1528333902359007,,
1800000,1754.1674938201904,-187.48591077327728,29.548765424905827,-0.008319830505332604,7.203850364685058,0.5016286939382553,0.007552134187426418,-193.94569990038872,35.17698613078335,2.200770878791809,,
1804000,1760.2207298278809,-191.8570601940155,39.09823737266275,-0.008121321508350477,9.839704895019532,0.48453318178653715,0.008738428435754031,-199.56201063096523,32.66811334673163,2.1987083911895753,,
1808000,1763.929280281067,-190.99708545207977,31.260720702187715,-0.008916261997694774,8.69534912109375,0.47023948431015017,0.009069381527602793,-199.56201063096523,32.66811334673163,2.259375047683716,,
1812000,1767.603613615036,-195.96444416046143,36.91179190159191,-0.007233456616600353,10.73122148513794,0.46172122061252596,0.01905035210959625,-199.56201063096523,32.66811334673163,2.1266459226608276,,
1816000,1771.2866668701172,-189.23727798461914,34.04917341748748,-0.005812203035534935,9.993995761871338,0.4648116409778595,0.00597808084706788,-199.56201063096523,32.66811334673163,2.271875095367432,,
1820000,1774.8949015140533,-200.10728645324707,29.928580865848158,-0.008114971514635982,10.304392433166504,0.5131688177585602,0.006011156877502799,-199.56201063096523,32.66811334673163,2.2048125743865965,,
1824000,1778.499181985855,-187.02766227722168,32.20339714984144,-0.009515916719722295,12.600165748596192,0.4593416124582291,0.011482286790851504,-199.56201063096523,32.66811334673163,2.1574584007263184,,
1828000,1782.1211581230164,-193.89488530158997,43.6402806554833,-0.0061211879355832725,10.472252464294433,0.43138053119182584,0.004150671837851405,-199.56201063096523,32.66811334673163,2.1878750324249268,,
1832000,1785.7820799350739,-189.06352746486664,29.100167679363857,-0.007114496883936283,10.361159992218017,0.43142639100551605,0.006394904269836843,-199.56201063096523,32.66811334673163,2.1113958835601805,,
1836000,1789.4786813259125,-189.71394395828247,31.32963704487119,-0.007895409724519808,14.873407554626464,0.46306111514568327,0.008344162884168328,-199.56201063096523,32.66811334673163,2.081687593460083,,
1840000,1793.1424202919006,-191.72970473766327,31.50915332918265,-0.00690890502060455,9.386062097549438,0.4390517145395279,0.0101525702746585,-199.56201063096523,32.66811334673163,2.0980834007263183,,
1844000,1799.1757280826569,-192.1990134716034,32.117910322870145,-0.007449110426940031,11.548527240753174,0.47048411071300505,0.006473225184211806,-197.41331651061773,34.15658900322943,2.037291741371155,,
1848000,1802.8269743919373,-195.76000344753265,37.83286237098637,-0.007351819124693693,14.717784404754639,0.4586832046508789,0.005976196320261806,-197.41331651061773,34.15658900322943,2.062375068664551,,
1852000,1806.3569030761719,-193.57388281822205,31.169749334393014,-0.006290292445182288,9.679681491851806,0.4728996992111206,0.0046966759865172845,-197.41331651061773,34.15658900322943,2.1175209045410157,,
1856000,1810.0764029026031,-196.08689999580383,37.41457792378727,-0.006159108276478875,14.380741119384766,0.4946590542793274,0.004203258262714371,-197.41331651061773,34.15658900322943,2.164395880699158,,
1860000,1813.8000357151031,-193.6507307291031,37.81624318567741,-0.008426369478615614,10.380802822113036,0.4781330019235611,0.004365997310650282,-197.41331651061773,34.15658900322943,2.094937539100647,,
1864000,1817.337551832199,-197.43282413482666,30.314343820984917,-0.00845666689643032,11.537090682983399,0.46111948490142823,0.009318199031986297,-197.41331651061773,34.15658900322943,2.168750023841858,,
1868000,1820.64093375206,-181.53502225875854,30.134844964758987,-0.006762381480385882,13.542641925811768,0.49702687561511993,0.006559184876891599,-197.41331651061773,34.15658900322943,2.2296250581741335,,
1872000,1824.3289408683777,-195.65516602993011,34.80036997169301,-0.006518136641709127,12.604829788208008,0.4722612798213959,0.004203168515969668,-197.41331651061773,34.15658900322943,2.150770902633667,,
1876000,1828.0381309986115,-195.12822556495667,33.430845068788905,-0.010249662740776877,9.882444095611572,0.5023875445127487,0.007436468079686165,-197.41331651061773,34.15658900322943,2.098187518119812,,
1880000,1831.553988456726,-195.2734798192978,35.30062805058282,-0.007712902809493017,12.1582462310791,0.48068736493587494,0.0071240298566408455,-197.41331651061773,34.15658900322943,2.15789589881897,,
1884000,1837.5881955623627,-190.72585368156433,34.801480373665115,-0.010164966029425493,7.213063764572143,0.44292777478694917,0.006644578139685731,-197.27517665177584,36.624669081504116,2.0911250591278074,,
1888000,1841.2843987941742,-189.6823308467865,34.4342470650287,-0.010041441862471601,7.931582307815551,0.4412424176931381,0.005694902123650536,-197.27517665177584,36.624669081504116,2.2029375553131105,,
1892000,1844.9024980068207,-193.0149531364441,30.664661877476764,-0.009723612319367626,7.003746080398559,0.4380947232246399,0.008454209260797896,-197.27517665177584,36.624669081504116,2.128562569618225,,
1896000,1848.5063073635101,-191.66789722442627,36.149545710273195,-0.007282389799753819,14.691852378845216,0.5082817792892456,0.007740521285450086,-197.27517665177584,36.624669081504116,2.092145872116089,,
1900000,1852.1801133155823,-189.38509142398834,33.070981943065796,-0.007926883835656007,8.53976125717163,0.49108499884605405,0.00814575949916616,-197.27517665177584,36.624669081504116,2.066354179382324,,
1904000,1855.724829673767,-187.55421149730682,35.415606902395126,-0.008170821758608015,9.076295423507691,0.4580038547515869,0.008424822532106191,-197.27517665177584,36.624669081504116,2.12162504196167,,
1908000,1859.3721668720245,-192.1648552417755,31.744564794270325,-0.008280209971747055,10.912134838104247,0.4632742524147034,0.006722284725401551,-197.27517665177584,36.624669081504116,2.0886250495910645,,
1912000,1863.076334476471,-189.69237613677979,30.567451003896753,-0.006721177472732975,9.100308227539063,0.49300883412361146,0.008040967587536824,-197.27517665177584,36.624669081504116,1.9724583864212035,,
1916000,1866.6196525096893,-195.45760083198547,36.00803560337908,-0.006078115148780247,8.108648872375488,0.4775720566511154,0.007115904580025756,-197.27517665177584,36.624669081504116,2.01850004196167,,
1920000,1870.328881263733,-194.8580343723297,34.93381512002345,-0.006864692060432076,11.43271608352661,0.5175702631473541,0.004053499225410634,-197.27517665177584,36.624669081504116,2.127083396911621,,
1924000,1876.5467150211334,-190.60363149642944,31.445488570287406,-0.008948134134213071,10.348441696166992,0.511354798078537,0.00807340838915358,-198.8587550893426,36.099668430241714,2.0666250705718996,,
1928000,1880.1600170135498,-196.28841817378998,36.45715640960089,-0.008287422464384431,13.379892253875733,0.5049792408943177,0.008757449905388093,-198.8587550893426,36.099668430241714,2.0039167404174805,,
1932000,1883.8431956768036,-200.8025414943695,36.52208558348749,-0.008547708504057195,10.253453254699707,0.47679256796836855,0.00404218564654002,-198.8587550893426,36.099668430241714,2.016208362579346,,
1936000,1887.522215604782,-189.6706612110138,31.83445332595189,-0.006829198426256555,9.590494632720947,0.5088381946086884,0.008877570647746325,-198.8587550893426,36.099668430241714,2.0570417404174806,,
1940000,1891.2230324745178,-194.74767327308655,30.11763352495662,-0.00813475975906477,7.64571328163147,0.5035049021244049,0.007345350747527846,-198.8587550893426,36.099668430241714,1.9936458587646484,,
1944000,1894.8519673347473,-194.2151985168457,31.959615210931624,-0.006736572337957725,13.00880823135376,0.520029491186142,0.0035243035556050016,-198.8587550893426,36.099668430241714,2.015208387374878,,
1948000,1898.4134163856506,-194.79363310337067,35.6579557476499,-0.0087069515344532,9.691514587402343,0.5325374364852905,0.008770265500061214,-198.8587550893426,36.099668430241714,1.9856667160987853,,
1952000,1902.1050562858582,-188.6566265821457,30.01043551043259,-0.0089043021953354,8.1886137008667,0.522621750831604,0.008391903067240492,-198.8587550893426,36.099668430241714,2.0377084016799927,,
1956000,1905.8099346160889,-190.11155092716217,34.023456713758726,-0.00867795650148757,6.704435634613037,0.48287387788295744,0.012203005980700255,-198.8587550893426,36.099668430241714,2.0348125457763673,,
1960000,1909.4960758686066,-193.36818730831146,34.31014577366075,-0.00736896101028357,14.80303373336792,0.5417405009269715,0.0030559570266632365,-198.8587550893426,36.099668430241714,1.977625024318695,,
1964000,1915.7412948608398,-193.96102797985077,29.25944324263462,-0.00585922677380335,17.678622913360595,0.5372850120067596,0.0022056506113149244,-197.44675227999687,30.762751576366608,2.0077500343322754,,
1968000,1919.395658493042,-189.42175161838531,35.394817079441545,-0.0074500853639715816,10.494755935668945,0.5322235703468323,0.004547738307883265,-197.44675227999687,30.762751576366608,2.053875041007996,,
1972000,1922.9699811935425,-187.98412919044495,33.93995989680561,-0.009141344034423415,9.238452339172364,0.5744630098342896,0.007930433605331943,-197.44675227999687,30.762751576366608,2.014020895957947,,
1976000,1926.5629000663757,-194.80937004089355,35.593173719944225,-0.00796715119574216,10.107520580291748,0.5630467474460602,0.008536649125744589,-197.44675227999687,30.762751576366608,2.0597917079925536,,
1980000,1930.2340846061707,-187.7964608669281,33.095605774850625,-0.008351599454414105,10.027724742889404,0.5324712872505188,0.006646732368972152,-197.44675227999687,30.762751576366608,2.0889583826065063,,
1984000,1933.8421750068665,-196.3557139635086,32.08651144743208,-0.008710742410117333,9.818308544158935,0.5567994117736816,0.0061726181564154105,-197.44675227999687,30.762751576366608,2.0297917127609253,,
1988000,1937.4626381397247,-199.8907608985901,31.788238093509506,-0.007530210623517597,13.176429176330567,0.6159767031669616,0.006552181493025344,-197.44675227999687,30.762751576366608,1.9892292141914367,,
1992000,1941.1097419261932,-189.20491123199463,34.90458133731675,-0.008730050631488417,16.117140769958496,0.6132527947425842,0.005776557289840056,-197.44675227999687,30.762751576366608,2.069437527656555,,
1996000,1944.7042841911316,-190.80165338516235,27.103030444802915,-0.00850954711018126,9.488240146636963,0.6395951330661773,0.006127658590412466,-197.44675227999687,30.762751576366608,2.035354208946228,,
2000000,1948.16423869133,-201.65318095684052,33.629778983521454,-0.007169596041552717,16.392236042022706,0.6426472544670105,0.005988703475799539,-197.44675227999687,30.762751576366608,2.0358750343322756,,
