global_step,wall_time_s,ep_return_mean,ep_return_std,policy_loss,value_loss,entropy,approx_kl,eval_return_mean,eval_return_std,mean_k,attn_entropy,lagrange_lambda
4000,8.720324277877808,-762.3466653823853,101.62824075703983,-0.00040570225835097063,539.8893585205078,1.6049210548400878,1.6410599215532784e-06,,,3.0,1.0486745476722716,
8000,16.983628034591675,-734.6812658309937,107.66166336954112,-0.00033491292248566396,491.59609375,1.6044243931770326,3.8614039340245654e-05,,,3.0,1.0548132181167602,
12000,25.19957399368286,-752.8660430908203,110.89167737622442,-0.00012010338272530063,525.5301879882812,1.602246391773224,0.00019191795528362144,,,3.0,1.0576974630355835,
16000,33.41531682014465,-767.8778877258301,110.47136811225177,-0.00019246980011047298,547.1310913085938,1.5917374968528748,0.0001131756014729035,,,3.0,1.0568807959556579,
20000,41.636635065078735,-730.1433911323547,90.01020072583009,-0.00033155028784896955,477.4944671630859,1.585270357131958,0.0,,,3.0,1.0598580718040467,
24000,49.87762212753296,-717.472128868103,103.18593223919908,-0.00044733102361576015,371.32538452148435,1.5782228589057923,8.112639863611104e-06,,,3.0,1.0542826414108277,
28000,58.08308982849121,-728.4865884780884,92.99078884248044,-0.00017630303953288795,328.02976684570314,1.5806984782218934,5.567998250626261e-05,,,3.0,1.0542166709899903,
32000,66.27515006065369,-707.0263657569885,88.20194314794924,-0.00027853027302384705,277.7041046142578,1.5840617299079895,6.662931064056465e-05,,,3.0,1.0551839232444764,
36000,74.5172119140625,-713.2502899169922,88.70805094809607,-0.00020059220312647065,201.27711029052733,1.5876694440841674,5.1424686516839126e-05,,,3.0,1.0639406442642212,
40000,82.75754404067993,-698.6302032470703,88.97172235575609,-5.5317900180895664e-05,223.70207672119142,1.585398530960083,0.0,,,3.0,1.0719040274620055,
44000,93.30044341087341,-721.1533813476562,72.41763218217174,-0.00030714129439606274,166.33226470947267,1.5791504859924317,0.00041236630859202704,-713.1782088279724,96.33324400850758,3.0,1.0673354625701905,
48000,101.5237329006195,-726.2225799560547,89.40304881250566,-0.00032262250362444787,168.664404296875,1.5709391236305237,0.0003069988733186646,-713.1782088279724,96.33324400850758,3.0,1.0582200646400453,
52000,109.7566282749176,-735.1611337661743,110.23529132902563,-0.0005370363465141637,147.052889251709,1.5675171613693237,0.00027081779402093886,-713.1782088279724,96.33324400850758,3.0,1.0682806015014648,
56000,117.99521374702454,-715.0377721786499,96.56509767775624,-0.0006033861433340171,144.52744064331054,1.5550146222114563,0.00014171368401487972,-713.1782088279724,96.33324400850758,3.0,1.0588444232940675,
60000,126.24022555351257,-675.3070735931396,84.84273669678718,-0.0003196607163069132,129.78352813720704,1.5467700839042664,8.443991617035352e-11,-713.1782088279724,96.33324400850758,3.0,1.0690339088439942,
64000,134.49137568473816,-708.2654151916504,85.10182821046786,-0.00012426392316653435,89.32355537414551,1.5458139419555663,0.0001046634003159852,-713.1782088279724,96.33324400850758,3.0,1.0557414531707763,
68000,142.74550414085388,-697.6010456085205,91.22597569210505,-0.00046477855403885825,83.37184295654296,1.545579743385315,0.00033158472091600056,-713.1782088279724,96.33324400850758,3.0,1.0601689696311951,
72000,150.9699466228485,-747.4276514053345,121.23630871224267,-0.00034833162059157987,101.21364288330078,1.5344478368759156,0.00010416097815444392,-713.1782088279724,96.33324400850758,3.0,1.05430828332901,
76000,159.18870902061462,-774.6254425048828,114.63394384752756,-0.00031798674224408073,82.27537040710449,1.5325125694274901,0.0004576583371090237,-713.1782088279724,96.33324400850758,3.0,1.0472010731697083,
80000,167.43282771110535,-704.9471464157104,80.09167304313435,-0.0006497367946042942,78.42617874145508,1.5279586911201477,5.738258478474867e-05,-713.1782088279724,96.33324400850758,3.0,1.0566091060638427,
84000,177.8885133266449,-719.4292135238647,92.4455830090339,-0.0008422117532463691,73.24831428527833,1.5107561588287353,0.00037545921152923323,-992.0459281504154,342.02253520650004,3.0,1.056220817565918,
88000,186.1058669090271,-745.2784385681152,113.57589690353419,-0.00044429899471771784,66.95119743347168,1.475199782848358,0.00013555032994190807,-992.0459281504154,342.02253520650004,3.0,1.0435063719749451,
92000,194.19775891304016,-738.0049982070923,95.86945928360622,-4.384881732404367e-05,61.89088592529297,1.4737841367721558,9.525018800317086e-05,-992.0459281504154,342.02253520650004,3.0,1.0444738507270812,
96000,202.26930570602417,-722.8898572921753,86.5001867761543,-0.0004538350235282707,74.45295066833496,1.4822553753852845,0.00021044230902589334,-992.0459281504154,342.02253520650004,3.0,1.0559751629829406,
100000,210.50385427474976,-731.3292837142944,96.50427684149754,-0.0005978759468852956,69.26953811645508,1.4636075019836425,0.0002065080887405202,-992.0459281504154,342.02253520650004,3.0,1.0570160388946532,
104000,218.73881149291992,-708.3258790969849,83.68092820767112,-0.00044752878695968333,82.44696960449218,1.4916101694107056,0.00011648082217448063,-992.0459281504154,342.02253520650004,3.0,1.0634205341339111,
108000,226.80259132385254,-735.0752840042114,89.93653424727522,-0.0006199032590278542,75.30317153930665,1.4833465576171876,0.0007023774456465625,-992.0459281504154,342.02253520650004,3.0,1.0538756489753722,
112000,234.85830783843994,-745.9765720367432,94.09563195841736,-0.00015106817245635895,65.58973236083985,1.457865059375763,0.0,-992.0459281504154,342.02253520650004,3.0,1.0262681484222411,
116000,243.04885029792786,-755.6735095977783,98.15834115093747,-0.0003421013602685985,57.63820743560791,1.418137300014496,0.0005845617561135441,-992.0459281504154,342.02253520650004,3.0,1.0348270535469055,
120000,251.2898464202881,-751.2609977722168,109.18873319093281,-0.0007227965722170993,49.70077648162842,1.3921185851097106,0.0009027090112128211,-992.0459281504154,342.02253520650004,3.0,1.0224123358726502,
124000,261.92992782592773,-749.6179533004761,93.67465746554093,-0.0003993381431326881,64.4677017211914,1.461151123046875,0.0003082034778344678,-1058.7398481070995,218.2509996995601,3.0,1.0491321444511414,
128000,270.13794136047363,-748.788800239563,99.72861475312816,-0.0003668835019658978,83.2374340057373,1.4123325943946838,0.00044143433806311807,-1058.7398481070995,218.2509996995601,3.0,1.0223137259483337,
132000,278.2760000228882,-754.087329864502,99.44325955084558,-0.0008291346840560542,51.63198413848877,1.4271899938583374,0.001281777798430994,-1058.7398481070995,218.2509996995601,3.0,1.0115662932395935,
136000,286.40513491630554,-750.3854694366455,94.08760081796424,-0.0009289484323429242,37.827642822265624,1.4073266506195068,0.0015535088502801942,-1058.7398481070995,218.2509996995601,3.0,1.0008495628833771,
140000,294.52364921569824,-738.3298606872559,88.84466107663978,-0.0004521923325762955,59.61092548370361,1.4537787675857543,0.00042723541773739273,-1058.7398481070995,218.2509996995601,3.0,1.0379340529441834,
144000,302.64575839042664,-720.212944984436,96.54531741958921,-0.0004979093862735873,57.92630138397217,1.477032732963562,0.00038375109797925686,-1058.7398481070995,218.2509996995601,3.0,1.0308607459068297,
148000,310.76654744148254,-694.7727537155151,90.327740877179,-0.000791881961340568,41.67314109802246,1.479720377922058,0.0008042191162530799,-1058.7398481070995,218.2509996995601,3.0,1.0223678946495056,
152000,318.91943097114563,-730.7066221237183,84.61512399625629,-0.0007853771416096889,55.529969215393066,1.447195053100586,0.001104187416029162,-1058.7398481070995,218.2509996995601,3.0,1.0255251765251159,
156000,327.1438374519348,-760.1033754348755,99.23471766227071,-0.0010159927905188048,61.857129859924314,1.4429463744163513,0.0002533660923982106,-1058.7398481070995,218.2509996995601,3.0,1.0003524482250215,
160000,335.39525866508484,-743.703164100647,96.08060697354098,-0.0004089804899462202,50.37388877868652,1.4595908164978026,0.0017169345008830272,-1058.7398481070995,218.2509996995601,3.0,0.9985421657562256,
164000,345.90431809425354,-701.792462348938,78.33738499246367,-0.001009383451833834,37.340413665771486,1.4768062829971313,0.0002521915099350736,-917.390731215477,130.31718030166078,3.0,1.0531120657920838,
168000,353.9649896621704,-752.4038581848145,105.44655861210904,-0.0009081758727406796,55.363899612426756,1.4694180130958556,0.000592263576885066,-917.390731215477,130.31718030166078,3.0,1.0569941639900207,
172000,362.0351824760437,-736.2281284332275,92.64611119558649,-0.0003414933917617269,37.75025177001953,1.4209897637367248,0.0004780865761858877,-917.390731215477,130.31718030166078,3.0,0.9832105815410614,
176000,370.10293221473694,-742.2722702026367,103.68992861906723,-0.001030565841938369,59.567009162902835,1.4597706556320191,0.001282850001861033,-917.390731215477,130.31718030166078,3.0,0.9932373940944672,
180000,378.1714322566986,-730.3596429824829,78.76535915067885,-0.0010181392255107723,40.45488300323486,1.4286518216133117,0.0010387172984337666,-917.390731215477,130.31718030166078,3.0,0.983740895986557,
184000,386.2318732738495,-691.715539932251,83.41252944177587,-0.0007367849838386675,30.258135318756104,1.4237964868545532,0.0005815532982524019,-917.390731215477,130.31718030166078,3.0,0.9972932934761047,
188000,394.29129123687744,-758.3117933273315,103.91113075342982,-0.0010338376567233353,34.27436141967773,1.4167370915412902,0.0015897727012246232,-917.390731215477,130.31718030166078,3.0,0.9918861389160156,
192000,402.3597252368927,-778.8612203598022,108.40835412776728,-0.00011398689733930212,70.14216346740723,1.416757917404175,0.0012933806138268362,-917.390731215477,130.31718030166078,3.0,0.9892024636268616,
196000,410.4309079647064,-739.6569900512695,96.48528888001337,-0.0012585582854613975,54.00622138977051,1.3973294496536255,0.0004988021987282987,-917.390731215477,130.31718030166078,3.0,0.9561312317848205,
200000,418.57371854782104,-731.8046493530273,101.43001309646709,-0.0014769062920628518,39.04271240234375,1.3350993871688843,0.003634640568634495,-917.390731215477,130.31718030166078,3.0,0.9986407876014709,
204000,429.09681510925293,-750.7848596572876,100.98301305279213,-0.001281215140857972,42.1759729385376,1.4270364046096802,0.001843576274501782,-950.2122032642365,127.50692426927148,3.0,0.9887355983257293,
208000,437.32753252983093,-704.0920052528381,80.32544007686542,-0.001432226793025615,45.067430877685545,1.4288941740989685,0.001857515753363259,-950.2122032642365,127.50692426927148,3.0,1.0280935525894166,
212000,445.54932498931885,-702.3340263366699,78.3944906936143,-0.001844987617999605,42.118856811523436,1.4164385437965392,0.0018829209857358364,-950.2122032642365,127.50692426927148,3.0,1.0084097504615783,
216000,453.78247117996216,-708.6104645729065,98.34204542232774,-0.0010336155525947134,60.24301929473877,1.430818009376526,0.00129369031106277,-950.2122032642365,127.50692426927148,3.0,0.9629111409187316,
220000,462.01578640937805,-722.0842809677124,103.46425403030307,-0.001377495888329605,28.690972137451173,1.404521358013153,0.005264141563403735,-950.2122032642365,127.50692426927148,3.0,0.9936224520206451,
224000,470.25608015060425,-764.834958076477,123.30384047011184,-0.001548876197921345,44.552876472473145,1.3522453427314758,0.002622117448481731,-950.2122032642365,127.50692426927148,3.0,1.0027093172073365,
228000,478.4883031845093,-761.7039880752563,148.41970761512934,-0.0007548303242801424,64.82368392944336,1.363748061656952,0.0007880143096845149,-950.2122032642365,127.50692426927148,3.0,1.0155471920967103,
232000,486.7213089466095,-723.8773469924927,92.1522586219872,-0.0006501074926151595,35.53197536468506,1.3944392800331116,0.0033854204695671795,-950.2122032642365,127.50692426927148,3.0,0.9840755581855773,
236000,494.92666125297546,-737.2067432403564,96.09167196704557,-0.0003624045927329789,48.189819526672366,1.4058709979057311,0.001118774347162499,-950.2122032642365,127.50692426927148,3.0,0.9924948215484619,
240000,503.1407279968262,-734.1399917602539,96.24379488755987,-0.0009920790559359905,42.601828956604,1.3809982538223267,0.0006222091731615364,-950.2122032642365,127.50692426927148,3.0,0.9966126084327698,
244000,513.6549410820007,-727.7400922775269,102.378308118811,-0.0010935730596756343,49.97290687561035,1.3021154999732971,0.002242568094399758,-735.6466669142246,97.07635504358718,3.0,0.9398833692073822,
248000,521.900009393692,-796.6806182861328,123.26859311512466,-0.0009819345313007767,38.04966354370117,1.3159404039382934,0.0024985669137871204,-735.6466669142246,97.07635504358718,3.0,0.9791420519351959,
252000,530.0167155265808,-749.9841814041138,101.53428040207751,-0.0003958649352219901,40.9648250579834,1.3388867616653441,0.0017750213330145926,-735.6466669142246,97.07635504358718,3.0,0.9337119460105896,
256000,538.2654948234558,-745.2465620040894,123.16011633304946,-0.0012596504035949252,58.40452919006348,1.4261705160140992,0.0011479025342850946,-735.6466669142246,97.07635504358718,3.0,0.9743069887161255,
260000,546.4894502162933,-716.3793525695801,104.50652433682363,-0.0011538233743873861,47.46369953155518,1.4264797925949098,0.0014172159077133983,-735.6466669142246,97.07635504358718,3.0,0.942266196012497,
264000,554.582959651947,-732.9946842193604,93.65510646956496,-0.0015828948514390539,61.64977378845215,1.3875913500785828,0.0006779368253774009,-735.6466669142246,97.07635504358718,3.0,1.0221017241477965,
268000,562.634067773819,-715.0438022613525,94.31829921855781,-0.0010872684041993708,30.545603656768797,1.3324489712715148,0.0013568970600317698,-735.6466669142246,97.07635504358718,3.0,1.007881772518158,
272000,570.6846129894257,-722.7834224700928,105.83456136065521,-0.000594074106154352,57.183599662780765,1.399579918384552,0.0009093402858125043,-735.6466669142246,97.07635504358718,3.0,1.030465316772461,
276000,578.7874994277954,-693.9059066772461,80.76334720784986,-0.0006291149056002254,55.54871368408203,1.4615646839141845,0.0006034137243016935,-735.6466669142246,97.07635504358718,3.0,1.027737319469452,
280000,587.0350968837738,-707.3910665512085,83.98837802883537,-0.001834135872957021,34.25261268615723,1.3926989674568175,0.0022675369225908073,-735.6466669142246,97.07635504358718,3.0,1.0425549864768981,
284000,597.643842458725,-711.3101081848145,86.20946119219877,-0.0011018430937159262,33.257218742370604,1.3070895671844482,0.0016347977012628689,-808.0647211074829,114.16770249805344,3.0,0.9907134413719177,
288000,605.9007651805878,-705.7910308837891,89.78515942581114,-0.002343886439339293,36.09078960418701,1.3697761297225952,0.0025171961766318417,-808.0647211074829,114.16770249805344,3.0,1.0293314933776856,
292000,614.1455595493317,-732.6910629272461,99.43363974146042,-0.001424835480429465,40.233708190917966,1.3855095744132995,0.00047415548943294803,-808.0647211074829,114.16770249805344,3.0,1.0122288346290589,
296000,622.3724508285522,-736.3547992706299,99.05820650162663,-0.0013637260260098926,38.557743072509766,1.3953702330589295,0.0020349027112388286,-808.0647211074829,114.16770249805344,3.0,1.0095771431922913,
300000,630.6095130443573,-701.0777773857117,84.12472074710193,-0.0011175568937518033,50.9283992767334,1.4317543506622314,0.0009984655771404505,-808.0647211074829,114.16770249805344,3.0,1.0493796110153197,
304000,638.8620421886444,-704.3941144943237,83.74038473007168,-0.001235722380712101,52.86398048400879,1.4275245189666748,0.0009218623393001835,-808.0647211074829,114.16770249805344,3.0,1.0413467168807984,
308000,647.0010390281677,-712.0369558334351,115.60551920555541,-0.0009702186614740427,34.10245418548584,1.427547526359558,0.001199074501346331,-808.0647211074829,114.16770249805344,3.0,1.0033553123474122,
312000,655.0454177856445,-750.6663026809692,98.45663053570922,-0.000488876322449272,40.02107601165771,1.3977484226226806,0.0018231397060056553,-808.0647211074829,114.16770249805344,3.0,0.963418823480606,
316000,663.2153306007385,-712.3701438903809,95.8737192364397,-0.0005115281259641336,43.616561317443846,1.4308735489845277,0.0011218105821171776,-808.0647211074829,114.16770249805344,3.0,1.019116997718811,
320000,671.4723873138428,-713.7582607269287,85.3301805352255,-0.0004570382364036063,52.035104751586914,1.4269171118736268,0.00195846501737833,-808.0647211074829,114.16770249805344,3.0,0.9963002264499664,
324000,682.0570917129517,-691.776538848877,73.18777629115688,-0.0013951895398010227,77.44162712097167,1.4140899777412415,0.0008086948403312588,-822.1011735498905,161.64589515080493,3.0,1.0214842796325683,
328000,690.2756624221802,-672.7195620536804,60.003641374041045,-0.001533611832467896,41.93620929718018,1.3380372285842896,0.003535145002339668,-822.1011735498905,161.64589515080493,3.0,1.0180546522140503,
332000,698.5044057369232,-674.1109275817871,80.49192422631185,-0.0020430295875994544,32.47360210418701,1.3830765008926391,0.003115159044042232,-822.1011735498905,161.64589515080493,3.0,1.038831627368927,
336000,706.739753484726,-681.3943519592285,89.35197226903912,-0.0012906149091007403,52.53993453979492,1.37953839302063,0.0020535930553451155,-822.1011735498905,161.64589515080493,3.0,1.02449209690094,
340000,714.9603452682495,-708.421236038208,89.89764444409865,-0.0009724804158516509,39.02136745452881,1.34022558927536,0.002430320277150411,-822.1011735498905,161.64589515080493,3.0,1.028639566898346,
344000,723.1681311130524,-671.4088096618652,73.24737023811306,-0.00024191211456370265,57.865729904174806,1.3679164052009583,0.0028111711217206903,-822.1011735498905,161.64589515080493,3.0,1.0413859248161317,
348000,731.3982849121094,-714.9804029464722,71.8981784961881,0.00010414315934759166,32.687577629089354,1.3474923014640807,0.00401762873516418,-822.1011735498905,161.64589515080493,3.0,1.0165724635124207,
352000,739.6280643939972,-691.237790107727,82.23739266191505,-0.0005941178730378471,50.11966171264648,1.3563948154449463,0.004181718750623986,-822.1011735498905,161.64589515080493,3.0,0.9874722003936768,
356000,747.8480682373047,-712.5219588279724,89.31780419353687,0.0007886815503589162,44.490325164794925,1.3402111768722533,0.0035309576545841993,-822.1011735498905,161.64589515080493,3.0,1.0032429695129395,
360000,756.0730438232422,-716.5502300262451,92.54609846252036,0.00018367204636646762,44.63491992950439,1.354103112220764,0.0045366455235440915,-822.1011735498905,161.64589515080493,3.0,0.9872381389141083,
364000,766.6339740753174,-718.6468143463135,79.92245907424912,-0.0008399242581605293,37.73144054412842,1.4107067704200744,0.003326829113105001,-848.2659032940865,132.6743879971381,3.0,0.9951014697551728,
368000,774.6930816173553,-677.9710536003113,77.15525750432514,-0.0011193837609510704,70.69902305603027,1.4481714129447938,0.001420486599090509,-848.2659032940865,132.6743879971381,3.0,0.9875938475131989,
372000,782.8884928226471,-695.1042947769165,79.05208945884024,-0.0011320484154675903,52.1662109375,1.4292765140533448,0.002425523064176863,-848.2659032940865,132.6743879971381,3.0,1.0097367286682128,
376000,791.1544950008392,-704.1077823638916,83.77953131840685,-0.0018735037544587384,36.93181476593018,1.3996496558189393,0.0030815660906228005,-848.2659032940865,132.6743879971381,3.0,0.9544507324695587,
380000,799.3253788948059,-679.9722681045532,83.8130184685137,-0.0009540343529176098,53.285776138305664,1.4155178785324096,0.0003545739520632196,-848.2659032940865,132.6743879971381,3.0,0.9452243387699127,
384000,807.3948819637299,-702.6925411224365,76.7318601065466,-0.0016104052244142243,34.33894023895264,1.4278213143348695,0.0015646220550212698,-848.2659032940865,132.6743879971381,3.0,0.9520602941513061,
388000,815.4695057868958,-736.4473466873169,93.00244891960062,-0.0024529132269090147,39.87400302886963,1.3930521726608276,0.001637533269546121,-848.2659032940865,132.6743879971381,3.0,0.9452073276042938,
392000,823.5469303131104,-700.5508794784546,74.15649171454636,-0.0014440317530728275,48.075312805175784,1.3717004299163817,0.0029393701348065736,-848.2659032940865,132.6743879971381,3.0,0.9998459279537201,
396000,831.6088616847992,-693.1937427520752,84.1326184132824,-0.0006192365400298882,60.58186149597168,1.3917710661888123,0.0023086356377461925,-848.2659032940865,132.6743879971381,3.0,0.9744753181934357,
400000,839.6561148166656,-697.0506229400635,73.72366462687334,-0.0011649897179546898,45.981510925292966,1.3998746275901794,0.0034591517905937508,-848.2659032940865,132.6743879971381,3.0,0.9236872017383575,
404000,850.0712158679962,-708.4653797149658,86.01721515821306,-0.001201234591302658,53.92103309631348,1.3623475313186646,0.0013076555411486667,-745.1139872670174,79.76772320858747,3.0,0.8780517876148224,
408000,858.1319987773895,-708.6604013442993,83.16880994627851,-0.0018902875821707576,42.387457084655765,1.4172051429748536,0.002034686037649713,-745.1139872670174,79.76772320858747,3.0,0.8862576246261596,
412000,866.1990032196045,-699.9837789535522,83.44373472792074,-0.0018139452067164718,35.90178756713867,1.4058175444602967,0.005013279267586768,-745.1139872670174,79.76772320858747,3.0,0.883440899848938,
416000,874.2596321105957,-697.0741949081421,76.60095699926416,-0.0006168600583478679,59.538780975341794,1.41561918258667,0.00044300943127382195,-745.1139872670174,79.76772320858747,3.0,0.8931801676750183,
420000,882.3161904811859,-705.7230987548828,81.51088661601543,-0.0013874496677890313,54.31612014770508,1.371724832057953,0.0009586079292930649,-745.1139872670174,79.76772320858747,3.0,0.902995127439499,
424000,890.4260020256042,-706.6698951721191,95.2079008087219,-0.0014821378973234988,74.91531181335449,1.4021456360816955,0.00024167017199943074,-745.1139872670174,79.76772320858747,3.0,0.903003478050232,
428000,898.6387965679169,-703.1346006393433,81.54567999949509,-0.0021041990225203477,50.30949172973633,1.4461430430412292,0.0015306823013816028,-745.1139872670174,79.76772320858747,3.0,0.9074911415576935,
432000,906.8687779903412,-727.5697908401489,115.61223897248111,0.0003521814308672155,60.82510147094727,1.4410616159439087,0.0028974106459257578,-745.1139872670174,79.76772320858747,3.0,0.8736308813095093,
436000,915.100132226944,-710.546088218689,80.99791070155018,-0.0019237625028375228,41.66457538604736,1.4161547899246216,0.001582915161998244,-745.1139872670174,79.76772320858747,3.0,0.8723306953907013,
440000,923.319596529007,-718.0537819862366,119.81243540820661,-0.002001720546414898,58.77802429199219,1.3584020614624024,0.005232091445941478,-745.1139872670174,79.76772320858747,3.0,0.8424810290336608,
444000,933.8224422931671,-722.0331435203552,93.8691248284914,-0.0015422975684632688,41.48557300567627,1.3444374203681946,0.002725117749068895,-738.6150760054588,86.90731976095766,3.0,0.8510815262794494,
448000,942.0506343841553,-682.6887521743774,79.4603453653577,-0.0016863915043625831,34.863843727111814,1.3535706758499146,0.003905351799893353,-738.6150760054588,86.90731976095766,3.0,0.8763329088687897,
452000,950.2484347820282,-710.8933448791504,90.2772180480365,-0.0012926677375386664,48.651634979248044,1.3360474705696106,0.000850361490739715,-738.6150760054588,86.90731976095766,3.0,0.8572305262088775,
456000,958.4671745300293,-722.5181016921997,86.95914098104272,-0.00255133719377536,44.51895580291748,1.3469902992248535,0.0033661125624785183,-738.6150760054588,86.90731976095766,3.0,0.8392665386199951,
460000,966.7061126232147,-694.0833511352539,79.96902229415167,-0.0019758542071479646,52.86888313293457,1.3196552038192748,0.003074853382713627,-738.6150760054588,86.90731976095766,3.0,0.9125994622707367,
464000,974.9285633563995,-692.4099740982056,105.02026395958511,-0.001589674902313476,37.49359188079834,1.299205482006073,0.0020739686573506334,-738.6150760054588,86.90731976095766,3.0,0.8736465573310852,
468000,983.153993844986,-673.4058427810669,83.38468838222757,-0.002496230463089866,47.24010314941406,1.2736037135124207,0.0035791785281617194,-738.6150760054588,86.90731976095766,3.0,0.8583136379718781,
472000,991.4028263092041,-672.637357711792,72.26007561529825,-0.001020996702737953,61.24051742553711,1.3294536232948304,0.002507545956410473,-738.6150760054588,86.90731976095766,3.0,0.892795330286026,
476000,999.6612708568573,-672.7454900741577,87.20229112217066,-0.0011715492415047767,65.18457679748535,1.3234142422676087,0.0014550509694187586,-738.6150760054588,86.90731976095766,3.0,0.8913959443569184,
480000,1007.9069550037384,-694.7698516845703,94.41779950779335,-0.001294569595775097,71.04451599121094,1.298426866531372,0.0017047066939994693,-738.6150760054588,86.90731976095766,3.0,0.8733395397663116,
484000,1018.4193637371063,-698.7093181610107,86.86713245860764,-0.0015943810045428108,42.06567802429199,1.2537412524223328,0.0014949229167541488,-741.5170890688896,110.5764768371113,3.0,0.8184123039245605,
488000,1026.653625011444,-709.2053346633911,102.359697943717,-0.0008553266012846894,57.371534729003905,1.282262647151947,0.0003211728751921328,-741.5170890688896,110.5764768371113,3.0,0.8260011315345764,
492000,1034.890124320984,-706.0342750549316,98.43582468012528,-0.0008028091635885026,48.9046028137207,1.258335793018341,0.0020659279407312494,-741.5170890688896,110.5764768371113,3.0,0.8238293468952179,
496000,1043.1225578784943,-707.1847863197327,108.93517103412259,-0.0012961356393886626,60.997087478637695,1.2837438702583313,0.002940409768605612,-741.5170890688896,110.5764768371113,3.0,0.8647924780845642,
500000,1051.346628665924,-722.1388864517212,123.20153702331699,-0.0010319103227739213,65.22190017700196,1.3099501013755799,0.001641509670531377,-741.5170890688896,110.5764768371113,3.0,0.8510096728801727,
504000,1059.534812927246,-730.0877590179443,85.08053569596674,-0.0012202358571229866,44.664847183227536,1.3402223348617555,0.0011917602773683033,-741.5170890688896,110.5764768371113,3.0,0.8889953434467316,
508000,1067.7804899215698,-725.2170152664185,100.80812087835913,-0.0012934512739072091,54.94085502624512,1.3552366852760316,0.0015345159011194488,-741.5170890688896,110.5764768371113,3.0,0.8762595474720001,
512000,1076.0127654075623,-692.2777218818665,87.48981476915623,-0.002125246350692267,63.35276794433594,1.3543558359146117,0.0020704250141085788,-741.5170890688896,110.5764768371113,3.0,0.8779070138931274,
516000,1084.2601664066315,-722.0990648269653,96.0431043723591,-0.00115978754275603,43.45532512664795,1.328031325340271,0.004171688136334228,-741.5170890688896,110.5764768371113,3.0,0.9014264285564423,
520000,1092.4959588050842,-772.9609842300415,125.87337659242466,-0.0019377322526415775,53.66749992370605,1.317621076107025,0.004846636829199269,-741.5170890688896,110.5764768371113,3.0,0.89531968832016,
524000,1103.0011026859283,-731.7877106666565,105.47679548621137,-0.0007202080150891632,59.55819664001465,1.364514172077179,0.0023437940370058643,-991.1776856184006,258.40542002869245,3.0,0.8752252697944641,
528000,1111.240787267685,-694.0794172286987,87.84085400746895,-0.0018565050774486558,45.46270179748535,1.4170688152313233,0.0034758105772198177,-991.1776856184006,258.40542002869245,3.0,0.9028107166290283,
532000,1119.4783120155334,-708.4561634063721,106.21270861895196,-0.0003300549033835143,43.74436626434326,1.3768504858016968,0.0013321871228981763,-991.1776856184006,258.40542002869245,3.0,0.8671649515628814,
536000,1127.7136449813843,-706.1394214630127,102.8440766974753,-0.0005800997250189566,63.510670852661136,1.3897600531578065,0.0028298793686553836,-991.1776856184006,258.40542002869245,3.0,0.912647420167923,
540000,1135.9471282958984,-709.6001291275024,76.98734347602766,-0.0011648338375768396,53.96853828430176,1.3221938133239746,0.004717868984017215,-991.1776856184006,258.40542002869245,3.0,0.8672115087509156,
544000,1144.1532905101776,-697.8168115615845,82.1481559106909,-0.0009070877712025194,48.97364883422851,1.320930540561676,0.00525845870856817,-991.1776856184006,258.40542002869245,3.0,0.8965915739536285,
548000,1152.3699309825897,-706.7975330352783,98.55198730298648,-0.0007408336297666906,60.80408897399902,1.3192933082580567,0.0031853154534474014,-991.1776856184006,258.40542002869245,3.0,0.8683999240398407,
552000,1160.593948841095,-683.5109014511108,84.46490139532716,-0.0016494720076443592,44.50653896331787,1.3922255039215088,0.005103057436645031,-991.1776856184006,258.40542002869245,3.0,0.8014252066612244,
556000,1168.8257637023926,-671.2787055969238,83.65149601279634,-0.000553511742094992,83.68752479553223,1.4073809742927552,0.00120558572354883,-991.1776856184006,258.40542002869245,3.0,0.8806691288948059,
560000,1177.0584683418274,-667.8840160369873,82.50682629773263,-0.001871016661471625,56.852692413330075,1.388593566417694,0.0032464685929395887,-991.1776856184006,258.40542002869245,3.0,0.8716357588768006,
564000,1187.5318217277527,-672.6428661346436,71.49746690375015,-0.0014924176792653122,52.88744621276855,1.392987895011902,0.001801662623760425,-683.9479603171349,88.18277263600552,3.0,0.8918614387512207,
568000,1195.7555077075958,-696.420970916748,82.71561470179681,-0.0019207563661426618,30.982529640197754,1.3653886556625365,0.005628441617591307,-683.9479603171349,88.18277263600552,3.0,0.8245816469192505,
572000,1203.985591173172,-679.1781358718872,77.9655380021908,-0.0009241074487023714,49.2343090057373,1.3563599586486816,0.0027093411266105316,-683.9479603171349,88.18277263600552,3.0,0.835552167892456,
576000,1212.2184023857117,-683.1867299079895,86.20081142173268,-0.001917508561125203,37.82373962402344,1.3266960978507996,0.00257402102567722,-683.9479603171349,88.18277263600552,3.0,0.8354256331920624,
580000,1220.4441015720367,-692.6147422790527,89.21503941657676,-0.0015430283334038285,41.70926628112793,1.2982455849647523,0.0026711263082688673,-683.9479603171349,88.18277263600552,3.0,0.7357150495052338,
584000,1228.651193857193,-692.8866539001465,98.6319218843251,-0.0012578735638864914,46.000082397460936,1.3036585211753846,0.0012908795987411237,-683.9479603171349,88.18277263600552,3.0,0.7933426618576049,
588000,1236.881010055542,-668.8723568916321,65.55900381547329,-0.0009540062907387181,45.59289035797119,1.3568191885948182,0.0012224814447302722,-683.9479603171349,88.18277263600552,3.0,0.8193708717823028,
592000,1245.1103212833405,-711.9914207458496,96.40170214731383,-0.00240296964055835,47.25652847290039,1.3698729872703552,0.002296487487910781,-683.9479603171349,88.18277263600552,3.0,0.7844537377357483,
596000,1253.3389174938202,-691.6873788833618,96.24247846038027,-0.0025386756744410375,51.87336730957031,1.3762731432914734,0.002292941344785504,-683.9479603171349,88.18277263600552,3.0,0.8224543929100037,
600000,1261.5738158226013,-668.7490949630737,74.57735473512064,-0.00023722618923063265,58.69333763122559,1.3632651805877685,0.0025666983739938585,-683.9479603171349,88.18277263600552,3.0,0.837180882692337,
604000,1272.1396634578705,-653.4348196983337,78.12746446254386,-0.0008595496746541809,99.26550827026367,1.383840525150299,0.0010338681677433987,-705.2868508398533,91.36929005123646,3.0,0.8419035613536835,
608000,1280.2814066410065,-668.7151689529419,90.15840942799676,-0.0017161462772444125,66.54699020385742,1.3984655380249023,0.0015589693477377376,-705.2868508398533,91.36929005123646,3.0,0.8449647545814514,
612000,1288.3255650997162,-690.3551826477051,72.56562537265063,-0.0011429656862650185,72.33495788574218,1.380392587184906,0.0006916695718246046,-705.2868508398533,91.36929005123646,3.0,0.8778092801570893,
616000,1296.3841104507446,-687.2824850082397,92.65060608671072,-0.00125195359417134,102.40737380981446,1.3782859563827514,0.00238981113943737,-705.2868508398533,91.36929005123646,3.0,0.8625480771064759,
620000,1304.4437050819397,-696.2679510116577,90.46666173425083,-0.0015598936662838624,65.92524871826171,1.4147471904754638,0.0007660713315999601,-705.2868508398533,91.36929005123646,3.0,0.8511299431324005,
624000,1312.522439956665,-699.3694276809692,83.3625922053077,-0.002584045351521702,99.43278350830079,1.4383487582206727,0.0038141207449370997,-705.2868508398533,91.36929005123646,3.0,0.8095593154430389,
628000,1320.5950655937195,-720.3257522583008,90.87083367838073,-0.000702642043897228,71.13323249816895,1.4426151394844056,0.0023358582410340613,-705.2868508398533,91.36929005123646,3.0,0.7718316853046417,
632000,1328.6504199504852,-695.9032411575317,85.71680759899883,-0.001507734266653038,102.23415603637696,1.4331685423851013,0.001980563016045689,-705.2868508398533,91.36929005123646,3.0,0.8771917521953583,
636000,1336.7297704219818,-689.849193572998,74.07152721525593,-0.0014375675620782792,82.93632278442382,1.4218886971473694,0.002806448709452525,-705.2868508398533,91.36929005123646,3.0,0.7830053865909576,
640000,1344.7748534679413,-725.3105392456055,87.78811718725954,-0.0021299403897331094,46.37380180358887,1.416590118408203,0.005158249635365797,-705.2868508398533,91.36929005123646,3.0,0.7107302427291871,
644000,1355.095986366272,-693.3129472732544,106.96928879995764,-0.0017664404171713111,50.622305679321286,1.397587203979492,0.002047503536596196,-964.4992586970329,239.35110801816924,3.0,0.7576863765716553,
648000,1363.1429646015167,-717.5481119155884,74.93231536507346,-0.0010558105829680641,63.679605865478514,1.400773525238037,0.0024857973505277185,-964.4992586970329,239.35110801816924,3.0,0.7814898014068603,
652000,1371.1869678497314,-704.6269369125366,84.12975644425255,-0.0019759948954451547,43.75547103881836,1.3685997009277344,0.002817011234583333,-964.4992586970329,239.35110801816924,3.0,0.803163480758667,
656000,1379.2510352134705,-670.8007164001465,81.79899223811604,-0.0019190490296265629,29.69029769897461,1.3573246359825135,0.0026502555558690854,-964.4992586970329,239.35110801816924,3.0,0.7377542018890381,
660000,1387.304987668991,-697.8259124755859,81.20554518875127,-0.00120253230780758,43.25958938598633,1.3549917459487915,0.0008062984304851861,-964.4992586970329,239.35110801816924,3.0,0.7204287052154541,
664000,1395.350653886795,-699.5588960647583,72.16361016516126,-0.0010536966640308342,56.10763092041016,1.3675013661384583,0.00325020044692792,-964.4992586970329,239.35110801816924,3.0,0.7458477854728699,
668000,1403.4089977741241,-675.2125549316406,79.46825092764568,-0.0013925206847877013,44.78017959594727,1.3542981147766113,0.002970590331824496,-964.4992586970329,239.35110801816924,3.0,0.7747912645339966,
672000,1411.475094795227,-686.8444242477417,76.05380653654849,-0.0016592330948915547,47.20842056274414,1.3479594945907594,0.004191917058778927,-964.4992586970329,239.35110801816924,3.0,0.729757034778595,
676000,1419.5246934890747,-707.7298355102539,92.03618143831464,-0.0015651450944957706,47.02986488342285,1.3615681171417235,0.0031571753788739443,-964.4992586970329,239.35110801816924,3.0,0.6688061058521271,
680000,1427.6799833774567,-781.7446298599243,105.96607146393761,-0.0021362249406520206,57.79343872070312,1.3239026188850402,0.0030514309881061073,-964.4992586970329,239.35110801816924,3.0,0.6108363568782806,
684000,1438.1900742053986,-748.3622403144836,108.31379976822721,-0.0019316301011469861,53.30948715209961,1.2863016486167909,0.004515158097065685,-996.8976134955883,239.22879876057718,3.0,0.6056671380996704,
688000,1446.4539206027985,-765.9793329238892,117.14484684070814,-0.0010346146002993884,38.85737705230713,1.2676178455352782,0.0015325820044381545,-996.8976134955883,239.22879876057718,3.0,0.5960288763046264,
692000,1454.708589553833,-722.107572555542,77.3546071415295,-0.0019880424503741167,29.305316925048828,1.2850146055221559,0.002493555848370321,-996.8976134955883,239.22879876057718,3.0,0.6097291052341461,
696000,1462.9641299247742,-744.6937956809998,102.62569487741628,-0.001362210503173067,47.75749473571777,1.3169971346855163,0.00221985765529098,-996.8976134955883,239.22879876057718,3.0,0.6551410019397735,
700000,1471.2269711494446,-752.6658878326416,92.33793476286542,-0.0016174848092099126,44.84276428222656,1.292632257938385,0.0017995858273934574,-996.8976134955883,239.22879876057718,3.0,0.5727367699146271,
704000,1479.458880662918,-748.0549421310425,100.07795180735243,-0.0018930092278752753,34.611382484436035,1.307464563846588,0.0038783308962592857,-996.8976134955883,239.22879876057718,3.0,0.5821213006973267,
708000,1487.6569664478302,-745.8627815246582,107.12612433702326,-0.0006128139576782488,34.07613964080811,1.3120964884757995,0.0009873602586594644,-996.8976134955883,239.22879876057718,3.0,0.6273804485797883,
712000,1495.8614537715912,-748.9851088523865,93.11032722033535,-0.0003902805222800065,51.48768539428711,1.2983537197113038,0.002093578790392114,-996.8976134955883,239.22879876057718,3.0,0.6723907232284546,
716000,1504.061027765274,-741.5493497848511,94.77490010978397,-0.0014354439781357863,40.759770202636716,1.325416362285614,0.0018623060677782632,-996.8976134955883,239.22879876057718,3.0,0.6687167823314667,
720000,1512.2786257266998,-736.3891468048096,86.30698896809544,-0.0020261985268929194,40.916443252563475,1.2969072580337524,0.0029522750888378744,-996.8976134955883,239.22879876057718,3.0,0.672339916229248,
724000,1522.698515176773,-723.2891845703125,92.09177386042971,-0.0018912247165183693,43.098393249511716,1.342132318019867,0.004519709228770807,-871.4023083150387,155.10396671082108,3.0,0.6532497584819794,
728000,1530.9040622711182,-745.5618591308594,87.43461474130082,-0.0018287659969598025,37.86420078277588,1.3625563263893128,0.0025696094824525064,-871.4023083150387,155.10396671082108,3.0,0.658903956413269,
732000,1539.1048862934113,-722.9342799186707,86.89757620392292,-0.0012075339233367012,45.93911361694336,1.3757883310317993,0.0001591754110559118,-871.4023083150387,155.10396671082108,3.0,0.6496133685112,
736000,1547.317301750183,-693.8275761604309,80.26721980989457,-0.0009020285709654408,51.17829971313476,1.4097676157951355,0.0006751817612894228,-871.4023083150387,155.10396671082108,3.0,0.6930292427539826,
740000,1555.533625125885,-708.2108564376831,94.18029416437282,-0.0013770421223065377,41.36956996917725,1.3590036988258363,0.002176537220172281,-871.4023083150387,155.10396671082108,3.0,0.7666110873222352,
744000,1563.7414593696594,-661.3927054405212,83.04160585125435,-0.00308329675385417,34.559476661682126,1.3273550152778626,0.006301844163099313,-871.4023083150387,155.10396671082108,3.0,0.7925501227378845,
748000,1571.9499838352203,-696.8328475952148,86.55726316187078,-0.0013911875694466503,35.46272087097168,1.3057722210884095,0.00268908449219695,-871.4023083150387,155.10396671082108,3.0,0.7309138834476471,
752000,1580.148847103119,-722.6858940124512,97.3473241322941,-0.0012820799180286002,48.18613128662109,1.2876887798309327,0.004201839393625661,-871.4023083150387,155.10396671082108,3.0,0.7368266880512238,
756000,1588.3607847690582,-679.7190780639648,75.07724698692068,-0.0025491242511973987,34.740586853027345,1.2932796120643615,0.0019770047905137006,-871.4023083150387,155.10396671082108,3.0,0.7356235384941101,
760000,1596.5251982212067,-693.5413885116577,83.41325491428057,-0.0011880301301220087,29.593864059448244,1.316884660720825,0.0023550220095785333,-871.4023083150387,155.10396671082108,3.0,0.6683419704437256,
764000,1606.9275426864624,-692.7625608444214,85.6845468296099,-0.0023130658421433026,45.15631809234619,1.3187522768974305,0.0026827975903870537,-777.0883005261421,89.02260077656736,3.0,0.7608434438705445,
768000,1615.1260917186737,-732.0748081207275,109.70372237914916,-0.0015143305392800066,54.550027465820314,1.306864368915558,0.0017527805600451307,-777.0883005261421,89.02260077656736,3.0,0.6803324103355408,
772000,1623.3171126842499,-694.6111841201782,81.7168049196353,-0.002972866782355954,30.397080993652345,1.3287198781967162,0.0037995826540282,-777.0883005261421,89.02260077656736,3.0,0.7066426336765289,
776000,1631.5242693424225,-691.6651878356934,91.93013108436642,-0.0025471897151049527,41.13381099700928,1.3258121967315675,0.0010407549033407126,-777.0883005261421,89.02260077656736,3.0,0.7448637902736663,
780000,1639.7264194488525,-714.4890546798706,98.93354335577328,-0.0022479522500653106,28.59932518005371,1.2872755169868468,0.00481532584381057,-777.0883005261421,89.02260077656736,3.0,0.6524423778057098,
784000,1647.9239625930786,-687.9401817321777,90.23613278095002,-0.0010062643878530509,50.817016220092775,1.3104068517684937,0.0024069547243028566,-777.0883005261421,89.02260077656736,3.0,0.7495729506015778,
788000,1656.1161603927612,-665.6598844528198,91.29798205998611,-0.0013528766628782662,37.521868515014646,1.3376468658447265,0.0024661349612870253,-777.0883005261421,89.02260077656736,3.0,0.7958135008811951,
792000,1664.3236470222473,-689.9561562538147,107.8379344125805,-0.002201410271460169,46.54913864135742,1.3223480582237244,0.004277490054373634,-777.0883005261421,89.02260077656736,3.0,0.6856692492961883,
796000,1672.5386588573456,-673.1975088119507,77.55694851836681,-0.0013298153566672077,39.1875,1.2967813372612,0.00283778242887153,-777.0883005261421,89.02260077656736,3.0,0.7534525513648986,
800000,1680.7019517421722,-709.7552604675293,116.71443657921189,-0.0022124809571153815,49.00127601623535,1.2678558468818664,0.00396489091520198,-777.0883005261421,89.02260077656736,3.0,0.7004984319210052,
804000,1691.1360292434692,-710.1405792236328,94.81319284646932,-0.002477626918698661,38.27063674926758,1.2514258027076721,0.0034559918625745923,-793.28725913167,222.3833370925151,3.0,0.6227987349033356,
808000,1699.345914363861,-719.2291593551636,86.71441302708541,-0.0026690899560538385,36.582454681396484,1.303515326976776,0.003451960331040027,-793.28725913167,222.3833370925151,3.0,0.6862293124198914,
812000,1707.5462605953217,-725.9925565719604,102.78674389562353,-0.0011332674067245918,51.24674911499024,1.2524322509765624,0.0015220441299025,-793.28725913167,222.3833370925151,3.0,0.6396445572376251,
816000,1715.756306886673,-690.9487609863281,80.9818477166781,-0.003265661127283259,30.90350399017334,1.2744669675827027,0.003634938566635082,-793.28725913167,222.3833370925151,3.0,0.638642567396164,
820000,1723.959932088852,-694.6681957244873,86.21026938414764,-0.0019506979424233962,39.31685390472412,1.2414108514785767,0.002026086657133419,-793.28725913167,222.3833370925151,3.0,0.656399029493332,
824000,1732.1855165958405,-691.1530313491821,85.44334979057561,-0.0012287152564786296,42.802062034606934,1.223129403591156,0.0025148223372525535,-793.28725913167,222.3833370925151,3.0,0.6437963724136353,
828000,1740.4243993759155,-698.5010681152344,86.31495069082786,-0.0028454734727274555,35.626058387756345,1.2128863692283631,0.001908801458533471,-793.28725913167,222.3833370925151,3.0,0.6696075677871705,
832000,1748.6189424991608,-736.2785043716431,166.3615523812097,-0.0018745611457325118,48.559283065795896,1.1510155081748963,0.0017929725574504119,-793.28725913167,222.3833370925151,3.0,0.6303282737731933,
836000,1756.8205969333649,-686.9707245826721,103.78837202308613,-0.0015552530882025906,45.96368217468262,1.1474500060081483,0.0008169177273521178,-793.28725913167,222.3833370925151,3.0,0.6544247567653656,
840000,1765.0241525173187,-698.1385011672974,84.6319557434274,-0.0019312101279695848,38.481805610656735,1.142255175113678,0.0028115019032654035,-793.28725913167,222.3833370925151,3.0,0.6790086686611175,
844000,1775.43510389328,-675.1416420936584,76.53921828071049,-0.0008556915322405878,41.40696544647217,1.1576283931732179,0.0021977731965307614,-747.5569038391113,100.89010266824565,3.0,0.6718942701816559,
848000,1783.6142852306366,-722.0081901550293,84.00136887311926,-0.002240553920816968,39.887018013000485,1.1602700233459473,0.002872894229949452,-747.5569038391113,100.89010266824565,3.0,0.6319364130496978,
852000,1791.819311618805,-704.2719078063965,76.95974316020103,-0.0030857006247000385,35.12552947998047,1.1305492997169495,0.0034376168936432806,-747.5569038391113,100.89010266824565,3.0,0.6386309385299682,
856000,1800.0134239196777,-698.0222797393799,97.37131309144128,-0.0015378697608636304,45.51671028137207,1.1409693956375122,0.004884832677353801,-747.5569038391113,100.89010266824565,3.0,0.6068798542022705,
860000,1808.2257852554321,-702.6311960220337,96.89551984173431,-0.002718342195847079,32.566252899169925,1.1868189930915833,0.00419024623235843,-747.5569038391113,100.89010266824565,3.0,0.664460974931717,
864000,1816.423599243164,-713.3685436248779,91.21556699770476,-0.0035637452473553212,32.615949630737305,1.217144215106964,0.0033206494291856403,-747.5569038391113,100.89010266824565,3.0,0.5933569490909576,
868000,1824.6176092624664,-717.2809085845947,95.23329638527183,-0.00253381672881865,43.7678279876709,1.2718741774559021,0.002085024586995132,-747.5569038391113,100.89010266824565,3.0,0.5832068800926209,
872000,1832.8057584762573,-702.1382570266724,92.82517027993613,-0.0032114269145337992,35.90875034332275,1.2726849436759948,0.004395371154532768,-747.5569038391113,100.89010266824565,3.0,0.619377613067627,
876000,1841.0073761940002,-693.1822862625122,75.35986832693075,-0.0021663465671396542,30.177891349792482,1.2889660000801086,0.0024294432703754866,-747.5569038391113,100.89010266824565,3.0,0.7333432197570801,
880000,1849.2095124721527,-672.5155172348022,79.63772301867574,-0.0015269532461145373,44.544287490844724,1.3031736731529235,0.002181182378262747,-747.5569038391113,100.89010266824565,3.0,0.77411949634552,
884000,1859.6251640319824,-692.0591526031494,108.20516060741376,-0.0020129110335304484,40.469034576416014,1.312546968460083,0.0025639607658376916,-754.7392987012863,134.64854640635048,3.0,0.7285501658916473,
888000,1867.8350698947906,-698.7337799072266,79.7412358571276,-0.0018175900348675,44.30506706237793,1.285951590538025,0.003138160888920538,-754.7392987012863,134.64854640635048,3.0,0.7307306230068207,
892000,1876.0497767925262,-712.0966019630432,74.10109651413012,-0.0030688917704392083,38.072324180603026,1.3027086973190307,0.004695678196731024,-754.7392987012863,134.64854640635048,3.0,0.7253383517265319,
896000,1884.2562146186829,-717.4613733291626,87.97721773654087,-0.0021878107421798632,43.70272560119629,1.325993549823761,0.0021252755784662456,-754.7392987012863,134.64854640635048,3.0,0.6904178857803345,
900000,1892.44016623497,-726.7788891792297,101.25183916831921,-0.0035796520206301087,41.180334854125974,1.3588245868682862,0.004484249643476991,-754.7392987012863,134.64854640635048,3.0,0.6721932768821717,
904000,1900.6471140384674,-673.6201453208923,83.06855708163039,-0.00240467704103029,40.48854923248291,1.3393610000610352,0.00356729309934114,-754.7392987012863,134.64854640635048,3.0,0.724548077583313,
908000,1908.8526623249054,-722.631254196167,96.13371137663756,-0.003879297068885834,59.73645439147949,1.2689231634140015,0.003240453462892523,-754.7392987012863,134.64854640635048,3.0,0.6685747802257538,
912000,1917.0477719306946,-730.3430109024048,91.48735332976612,-0.00251261259743476,41.51281223297119,1.3044820189476014,0.0029687231416076765,-754.7392987012863,134.64854640635048,3.0,0.6732231318950653,
916000,1925.2530887126923,-732.8004531860352,94.87783968413173,-0.00219564798841021,54.849635696411134,1.3083196878433228,0.0032569372124271467,-754.7392987012863,134.64854640635048,3.0,0.6852176129817963,
920000,1933.4482362270355,-707.9794731140137,87.54737720214352,-0.0028378563520186973,43.79171180725098,1.296254575252533,0.0025713961293610476,-754.7392987012863,134.64854640635048,3.0,0.7175619542598725,
924000,1943.8531513214111,-689.39732837677,92.28134045641177,-0.0020665174575405843,60.35009536743164,1.2998369336128235,0.0013070545566733927,-828.31372448802,200.4693454574305,3.0,0.6921480357646942,
928000,1952.0694892406464,-664.4997510910034,70.80490375534413,-0.0025161432964571516,52.2969783782959,1.312156653404236,0.004106372996466235,-828.31372448802,200.4693454574305,3.0,0.7563579142093658,
932000,1960.2802667617798,-696.7443685531616,97.47245633314063,-0.0018009669146752394,59.68517799377442,1.3078092098236085,0.0015892091352725402,-828.31372448802,200.4693454574305,3.0,0.6997113049030304,
936000,1968.4838967323303,-704.3942317962646,98.35184672806156,-0.0017621423496845257,50.53902969360352,1.2873019456863404,0.0027534588662092574,-828.31372448802,200.4693454574305,3.0,0.6624419927597046,
940000,1976.6967186927795,-693.554801940918,83.75078139832954,-0.0022360740528868384,33.912905311584474,1.2553507804870605,0.004306695301939434,-828.31372448802,200.4693454574305,3.0,0.6926732361316681,
944000,1984.9130368232727,-689.5204639434814,106.48266356202437,-0.0027933804817342534,35.62801742553711,1.294764769077301,0.002830519954576949,-828.31372448802,200.4693454574305,3.0,0.6520585715770721,
948000,1993.1163966655731,-671.4153537750244,78.64177025073735,-0.0018994733594008828,31.39430637359619,1.293812108039856,0.0020733680811342013,-828.31372448802,200.4693454574305,3.0,0.7108600258827209,
952000,2001.3151195049286,-665.6575937271118,76.90583920951555,-0.0020143736488146937,37.87627124786377,1.288674283027649,0.002763603948270127,-828.31372448802,200.4693454574305,3.0,0.6943865299224854,
956000,2009.4884932041168,-668.080572605133,75.91643645846075,-0.0016977833831951727,25.62136344909668,1.314202332496643,0.00331994861888234,-828.31372448802,200.4693454574305,3.0,0.6951680243015289,
960000,2017.6719403266907,-675.6754951477051,69.94340719027532,-0.002752174520166584,32.09392185211182,1.2675868630409242,0.0019529593710321924,-828.31372448802,200.4693454574305,3.0,0.7355523526668548,
964000,2028.0953977108002,-650.9357914924622,87.01060235549015,-0.0024387840336421718,45.04135704040527,1.293061089515686,0.004660255188937299,-711.0684158205986,111.41787364702991,3.0,0.7070876598358155,
968000,2036.3057544231415,-687.5138773918152,84.96992540842153,-0.000803112043252141,55.76451568603515,1.29124116897583,0.0029381835713672144,-711.0684158205986,111.41787364702991,3.0,0.6909541070461274,
972000,2044.5368955135345,-670.2295022010803,81.73180285558955,-0.0019895837322886577,38.061621856689456,1.2909870743751526,0.003990827284365272,-711.0684158205986,111.41787364702991,3.0,0.7250199139118194,
976000,2052.738373041153,-714.278247833252,98.48418390512592,-0.0023010541719462375,38.269974899291995,1.274534809589386,0.002509703253180004,-711.0684158205986,111.41787364702991,3.0,0.6129576027393341,
980000,2060.941951274872,-680.9634003639221,76.46513192191459,-0.0024405980956895947,27.22536220550537,1.2515032291412354,0.0022436221105939097,-711.0684158205986,111.41787364702991,3.0,0.6767048954963684,
984000,2069.1512587070465,-693.2922887802124,83.65466180397208,-0.0027883928702600704,33.37487316131592,1.2741973280906678,0.0037110590872665218,-711.0684158205986,111.41787364702991,3.0,0.6455032348632812,
988000,2077.3448524475098,-711.5134792327881,99.31133415008708,-0.0031935091092600842,31.847353363037108,1.2758483648300172,0.0028604170205653646,-711.0684158205986,111.41787364702991,3.0,0.6513350665569305,
992000,2085.5426909923553,-651.2921013832092,77.306763212194,-0.003028313843416974,36.649479675292966,1.2755801558494568,0.0033471195454282373,-711.0684158205986,111.41787364702991,3.0,0.7015304386615753,
996000,2093.762420654297,-694.674352645874,92.63809784642223,-0.0024036791967227966,40.1516996383667,1.3049514889717102,0.0014832643151748925,-711.0684158205986,111.41787364702991,3.0,0.6987105488777161,
1000000,2101.9497480392456,-679.8716793060303,74.26386798061331,-0.002561141157367608,44.54199752807617,1.258611524105072,0.003262166904392272,-711.0684158205986,111.41787364702991,3.0,0.6858141899108887,
1004000,2112.3344519138336,-678.1899108886719,80.05694590782097,-0.002144177954100712,37.11511764526367,1.2370522618293762,0.0031337674387032165,-682.3573552370071,93.8381766301853,3.0,0.673279070854187,
1008000,2120.409231901169,-683.7818918228149,72.63167470620635,-0.001810871199200248,36.35335712432861,1.213689136505127,0.0017623161461185032,-682.3573552370071,93.8381766301853,3.0,0.6696547567844391,
1012000,2128.4338989257812,-676.7286567687988,89.39523784325712,-0.002893411781716493,40.88010215759277,1.2409539461135863,0.0025640424428274855,-682.3573552370071,93.8381766301853,3.0,0.6841459572315216,
1016000,2136.47381734848,-657.9953699111938,77.48828466144779,-0.0030559349878070295,26.88266544342041,1.2335010170936584,0.005098316143266857,-682.3573552370071,93.8381766301853,3.0,0.7218571066856384,
1020000,2144.494863986969,-668.6837606430054,80.05164454087593,-0.0019926613845357545,48.76457405090332,1.2299185276031495,0.0015752660546034746,-682.3573552370071,93.8381766301853,3.0,0.6799822270870208,
1024000,2152.5116798877716,-674.0379018783569,96.90735119539765,-0.0018974087182431986,39.266112899780275,1.15579092502594,0.003518465056316944,-682.3573552370071,93.8381766301853,3.0,0.6921976745128632,
1028000,2160.5286605358124,-673.124608039856,94.19715541609368,-0.0026794637578422707,25.694219970703124,1.1524539113044738,0.003750658896751702,-682.3573552370071,93.8381766301853,3.0,0.7290414452552796,
1032000,2168.5541546344757,-662.3898983001709,64.3325686701881,-0.0031525980436320823,19.974571418762206,1.1842581152915954,0.0018881938325648663,-682.3573552370071,93.8381766301853,3.0,0.708753353357315,
1036000,2176.6169476509094,-681.3264174461365,111.47610027512856,-0.0025602605987417927,34.33810043334961,1.179275119304657,0.002607825119902074,-682.3573552370071,93.8381766301853,3.0,0.678710424900055,
1040000,2184.8249967098236,-682.1034507751465,90.26372727900082,-0.0026062620733088514,39.73980770111084,1.2443523764610291,0.0019856700403579454,-682.3573552370071,93.8381766301853,3.0,0.7165979504585266,
1044000,2195.1980907917023,-685.729887008667,79.27275991244366,-0.0025583479532894416,40.230400466918944,1.22804354429245,0.001842035629476113,-706.2352849841118,97.97367791463725,3.0,0.7324151992797852,
1048000,2203.4104011058807,-677.5691251754761,86.24035644586658,-0.0016298151959199814,50.80564956665039,1.2062808752059937,0.004008660278593501,-706.2352849841118,97.97367791463725,3.0,0.730337530374527,
1052000,2211.622593641281,-674.9444427490234,73.39096963635832,-0.002296979891136286,45.304490661621095,1.2412197947502137,0.005004351364914328,-706.2352849841118,97.97367791463725,3.0,0.7109299898147583,
1056000,2219.818077802658,-660.4314279556274,70.67911854415345,-0.0030598701489507273,34.063303565979005,1.2450870752334595,0.0023124799197830727,-706.2352849841118,97.97367791463725,3.0,0.7312872767448425,
1060000,2228.002987384796,-663.9236373901367,82.3617350515299,-0.0030705506107381875,37.40446128845215,1.2635460376739502,0.002934686839580536,-706.2352849841118,97.97367791463725,3.0,0.7208230078220368,
1064000,2236.1953744888306,-641.3030309677124,75.15857472628683,-0.0014666824532832746,57.4851936340332,1.267611849308014,0.0023848457227844235,-706.2352849841118,97.97367791463725,3.0,0.7750240623950958,
1068000,2244.401031255722,-667.4477853775024,60.05176446200437,-0.002144262488485138,38.522660446166995,1.2420662760734558,0.003501185561452691,-706.2352849841118,97.97367791463725,3.0,0.7244700253009796,
1072000,2252.609299182892,-671.2134547233582,69.12037122199364,-0.0017782358021940948,37.828772354125974,1.2208102941513062,0.002670535261859186,-706.2352849841118,97.97367791463725,3.0,0.7737594366073608,
1076000,2260.847415447235,-657.073956489563,79.78777019056677,-0.0019304680190447953,21.74814224243164,1.2214111328125,0.002363002918991697,-706.2352849841118,97.97367791463725,3.0,0.768399465084076,
1080000,2269.058828830719,-676.4430122375488,78.35309552851504,-0.0014823839480377465,53.18530921936035,1.2492958188056946,0.0025166207789055427,-706.2352849841118,97.97367791463725,3.0,0.7514649629592896,
1084000,2279.5057089328766,-651.7703990936279,81.9488243852483,-0.0015599651116602526,52.178192138671875,1.2683284997940063,0.002278212436067406,-683.993071347475,91.70386110755041,3.0,0.7804274141788483,
1088000,2287.7104725837708,-660.3677568435669,66.23454737163033,-0.00216282140665377,37.80293598175049,1.2450851559638978,0.00239972594572464,-683.993071347475,91.70386110755041,3.0,0.7226230919361114,
1092000,2295.8914234638214,-662.113959312439,69.32350260457483,-0.0022017257146071502,33.96668548583985,1.2025591492652894,0.0030758791722667934,-683.993071347475,91.70386110755041,3.0,0.7258302927017212,
1096000,2304.087574005127,-655.4680933952332,94.90811031438429,-0.0014008504639884123,56.81706428527832,1.235929787158966,0.001337967816652963,-683.993071347475,91.70386110755041,3.0,0.7325555741786957,
1100000,2312.2878861427307,-692.947756767273,86.94193022783762,-0.002162477467907564,48.599524688720706,1.218482506275177,0.0028971564504900018,-683.993071347475,91.70386110755041,3.0,0.73912313580513,
1104000,2320.470090150833,-696.0659713745117,82.41013062022019,-0.0027698719059021217,54.290230941772464,1.2229817390441895,0.0012334429954256264,-683.993071347475,91.70386110755041,3.0,0.7353523254394532,
1108000,2328.6734097003937,-688.3977603912354,76.40557006940759,-0.0018303092189210445,41.640221786499026,1.2167286992073059,0.0019044545537326486,-683.993071347475,91.70386110755041,3.0,0.6899346947669983,
1112000,2336.8745765686035,-668.6664600372314,72.47689832484258,-0.0028424507784269083,41.73553524017334,1.227040410041809,0.003221839447234137,-683.993071347475,91.70386110755041,3.0,0.7042583346366882,
1116000,2345.0734071731567,-685.7172384262085,86.34575925183306,-0.0035703607712251452,48.58334121704102,1.2555522441864013,0.004185900156153366,-683.993071347475,91.70386110755041,3.0,0.7228317499160767,
1120000,2353.2585995197296,-661.8709011077881,85.50879704487063,-0.002341133499944981,46.44061698913574,1.2362470984458924,0.0025649309100117534,-683.993071347475,91.70386110755041,3.0,0.7202844023704529,
1124000,2363.6648404598236,-689.108510017395,87.261423708351,-0.002208019670583994,48.839529037475586,1.2147512435913086,0.0022300580269074997,-708.1956453919411,88.7826021198324,3.0,0.6689670979976654,
1128000,2371.8707842826843,-685.0263442993164,91.72595805318292,-0.0018609181963839204,64.79444007873535,1.2586200833320618,0.002802691192482598,-708.1956453919411,88.7826021198324,3.0,0.7031696259975433,
1132000,2380.0434284210205,-678.2025556564331,86.27541841722271,-0.0017226773813211692,56.23315238952637,1.24139643907547,0.003093469960731454,-708.1956453919411,88.7826021198324,3.0,0.6753012776374817,
1136000,2388.244764328003,-694.8954982757568,88.97845813262194,-0.0019960575936517344,36.78137645721436,1.2762269973754883,0.0035307944694068284,-708.1956453919411,88.7826021198324,3.0,0.7067303538322449,
1140000,2396.446604013443,-699.894700050354,95.20667232026403,-0.0017838710737219543,50.88339347839356,1.2473726391792297,0.0020736125007776245,-708.1956453919411,88.7826021198324,3.0,0.6744517743587494,
1144000,2404.682724714279,-697.8927240371704,80.01651839513767,-0.0017164530467319583,34.19427013397217,1.2512651324272155,0.0031356211024103687,-708.1956453919411,88.7826021198324,3.0,0.6869711935520172,
1148000,2412.886124610901,-665.0204439163208,90.75226461492085,-0.002775327666654137,57.28257179260254,1.269255781173706,0.002230240286735352,-708.1956453919411,88.7826021198324,3.0,0.6537667453289032,
1152000,2421.07489156723,-714.692756652832,84.62910332975837,-0.002904932674253358,40.891558456420896,1.1957728743553162,0.003799808585822273,-708.1956453919411,88.7826021198324,3.0,0.6600775361061096,
1156000,2429.263759613037,-682.199520111084,78.476675426533,-0.0029957050488059523,43.46822853088379,1.1853230476379395,0.0026125153177417814,-708.1956453919411,88.7826021198324,3.0,0.6862572729587555,
1160000,2437.46919965744,-690.1982011795044,86.65933559536528,-0.0013052610480432936,53.2468620300293,1.1392865896224975,0.0006482812140796712,-708.1956453919411,88.7826021198324,3.0,0.6668298006057739,
1164000,2447.9199163913727,-705.5770707130432,99.41057628855226,-0.0021263563704172483,54.490975570678714,1.2036124229431153,0.0024025368250828903,-676.4011748731136,84.62346130297662,3.0,0.6613604426383972,
1168000,2456.143355846405,-680.0687971115112,96.05557057219957,-0.001344767811358949,48.98208465576172,1.2717053651809693,0.00048651858058292307,-676.4011748731136,84.62346130297662,3.0,0.66379514336586,
1172000,2464.3638932704926,-665.0382208824158,82.68021544992008,-0.0018096046791956865,46.882494354248045,1.2467069625854492,0.002247040772049036,-676.4011748731136,84.62346130297662,3.0,0.6680918395519256,
1176000,2472.569825410843,-667.9929342269897,82.32082774948046,-0.0022729601921164465,46.74731636047363,1.2869222998619079,0.002913461569036979,-676.4011748731136,84.62346130297662,3.0,0.6904296636581421,
1180000,2480.6669194698334,-679.30784034729,85.58581193698778,-0.0016042031462444983,56.41260681152344,1.302831780910492,0.002149793074931949,-676.4011748731136,84.62346130297662,3.0,0.6629513621330261,
1184000,2488.7088401317596,-663.4704322814941,80.36355219905708,-0.001990088111662769,60.582126235961915,1.303668451309204,0.002905375187673309,-676.4011748731136,84.62346130297662,3.0,0.6362307488918304,
1188000,2496.7393436431885,-670.4303884506226,80.73863463184394,-0.002292953128305575,51.52859764099121,1.2664467334747314,0.0020876250268193177,-676.4011748731136,84.62346130297662,3.0,0.6233959913253784,
1192000,2504.78848862648,-673.9997239112854,79.64908550640172,-0.001923515300887324,56.733624649047854,1.2830902218818665,0.0018977871928170021,-676.4011748731136,84.62346130297662,3.0,0.6196638405323028,
1196000,2512.822781085968,-680.3826589584351,84.21924220125132,-0.0024564041140644477,49.74937973022461,1.2331793427467346,0.0024032868174545087,-676.4011748731136,84.62346130297662,3.0,0.5682524979114533,
1200000,2520.844034433365,-679.3871974945068,90.81596139743172,-0.00260152126584825,44.75809936523437,1.2648079872131348,0.003084020119800712,-676.4011748731136,84.62346130297662,3.0,0.6022500216960907,
1204000,2531.1175394058228,-673.3073673248291,61.12908197619497,-0.0022495003974764673,38.6321662902832,1.267301905155182,0.002265196394000668,-715.8175532221794,70.37414212513562,3.0,0.6101810932159424,
1208000,2539.1448228359222,-665.7644863128662,79.34862480849908,-0.003593478310096554,42.14947776794433,1.2539985179901123,0.003552703188506712,-715.8175532221794,70.37414212513562,3.0,0.6008270502090454,
1212000,2547.191453933716,-666.0222792625427,83.48124378088876,-0.0017209770590609352,62.92024917602539,1.2270907640457154,0.002910096861887723,-715.8175532221794,70.37414212513562,3.0,0.5811656773090362,
1216000,2555.224030971527,-711.3266496658325,105.01113237664913,-0.0024888668016161963,56.63693199157715,1.2164583086967469,0.0031420957570274686,-715.8175532221794,70.37414212513562,3.0,0.5002060234546661,
1220000,2563.264456510544,-707.646252155304,86.63298201502424,-0.002744013932358946,40.81272563934326,1.2332557678222655,0.001863896840950474,-715.8175532221794,70.37414212513562,3.0,0.5293847739696502,
1224000,2571.2915148735046,-705.7399921417236,100.6371918367543,-0.002634281305266384,46.78004951477051,1.196927833557129,0.002096168061873571,-715.8175532221794,70.37414212513562,3.0,0.5102812826633454,
1228000,2579.3273680210114,-701.8445844650269,73.52262550887441,-0.002274065839737882,40.52711868286133,1.209726333618164,0.0010346723272814495,-715.8175532221794,70.37414212513562,3.0,0.5511567890644073,
1232000,2587.360433578491,-677.310528755188,68.52434181404068,-0.002569013630311634,38.834327697753906,1.2143247604370118,0.002606860332026073,-715.8175532221794,70.37414212513562,3.0,0.49288159012794497,
1236000,2595.406541824341,-722.8357028961182,88.08982968501557,-0.0025470183052675567,39.108866119384764,1.2224857926368713,0.002124872191052418,-715.8175532221794,70.37414212513562,3.0,0.4751201540231705,
1240000,2603.437971830368,-719.6456995010376,84.23113922807156,-0.0014501049186413707,41.99092140197754,1.215927493572235,0.0028500351283582857,-715.8175532221794,70.37414212513562,3.0,0.5257246613502502,
1244000,2613.690063238144,-709.205680847168,87.71673627612913,-0.0028894705001729195,54.10022735595703,1.2389117002487182,0.004816671216394753,-742.2769873440266,105.11203023291394,3.0,0.5016903519630432,
1248000,2621.722815513611,-711.3090019226074,90.04354553745496,-0.0028234955382067106,31.707355308532716,1.2449650883674621,0.003931053323321975,-742.2769873440266,105.11203023291394,3.0,0.49232393503189087,
1252000,2629.764438867569,-735.4796171188354,110.28990823877932,-0.002444637804195171,45.16244316101074,1.2138362646102905,0.002263376812571849,-742.2769873440266,105.11203023291394,3.0,0.49535608291625977,
1256000,2637.9277057647705,-721.0620040893555,84.81691473735324,-0.0022554993640902855,37.89754390716553,1.1978885054588317,0.0018227614198889075,-742.2769873440266,105.11203023291394,3.0,0.49060086011886594,
1260000,2646.1328954696655,-713.4901113510132,77.65114116619426,-0.003948091508743002,27.174265480041505,1.2226263642311097,0.004469949877704493,-742.2769873440266,105.11203023291394,3.0,0.49511311054229734,
1264000,2654.3411614894867,-706.0865306854248,87.07792361668625,-0.002572458322644966,49.54548454284668,1.2542368292808532,0.002000984605974132,-742.2769873440266,105.11203023291394,3.0,0.4875175178050995,
1268000,2662.542421102524,-699.35764503479,93.46478018702557,-0.0013659682050559563,45.2922420501709,1.2480157494544983,0.0015831413584140419,-742.2769873440266,105.11203023291394,3.0,0.5598202645778656,
1272000,2670.746601819992,-685.757830619812,89.95055912353841,-0.002895780736890963,46.97713623046875,1.2597346186637879,0.0019393396862142254,-742.2769873440266,105.11203023291394,3.0,0.48251895010471346,
1276000,2678.9574477672577,-714.0766859054565,75.02037010909663,-0.003080624701144785,43.50327377319336,1.2206377983093262,0.0016140954399791907,-742.2769873440266,105.11203023291394,3.0,0.5335737824440002,
1280000,2687.152238845825,-701.5231385231018,101.25994919320165,-0.0015950997012950552,58.14912109375,1.2086610913276672,0.0011975701803118356,-742.2769873440266,105.11203023291394,3.0,0.4974019736051559,
1284000,2697.575231552124,-701.8220853805542,83.63157187581206,-0.002602802119489445,41.39512977600098,1.2310736775398254,0.003257536969613284,-791.7292237877846,111.13540314042103,3.0,0.5317862868309021,
1288000,2705.7976937294006,-703.1651229858398,72.11711413303699,-0.0019917998087476186,52.51084861755371,1.2143203973770142,0.001673723132989835,-791.7292237877846,111.13540314042103,3.0,0.497171151638031,
1292000,2714.003615140915,-687.6924433708191,78.91549820235497,-0.0028013635955285387,28.9261625289917,1.2479549765586853,0.0027879928442804845,-791.7292237877846,111.13540314042103,3.0,0.5230066120624542,
1296000,2722.2021975517273,-693.8268661499023,86.2318225541208,-0.002260764315957209,39.866397094726565,1.2849157929420472,0.002926732367215057,-791.7292237877846,111.13540314042103,3.0,0.5216687738895416,
1300000,2730.416181087494,-688.9662194252014,84.61613851359111,-0.003989794882441266,32.358525085449216,1.2732055068016053,0.002339571998182999,-791.7292237877846,111.13540314042103,3.0,0.5130315303802491,
1304000,2738.6233825683594,-665.8213758468628,59.468984427557686,-0.002368590958183603,44.2171272277832,1.2664005279541015,0.00389294463023544,-791.7292237877846,111.13540314042103,3.0,0.48030027449131013,
1308000,2746.8273165225983,-674.783504486084,86.450397344744,-0.0032614221342373685,43.55612907409668,1.2592567920684814,0.004230953947990201,-791.7292237877846,111.13540314042103,3.0,0.5103982090950012,
1312000,2755.0276596546173,-671.8322982788086,78.73956480506706,-0.0029444595711926704,41.71989288330078,1.2542011499404908,0.0027356029400834813,-791.7292237877846,111.13540314042103,3.0,0.5060263633728027,
1316000,2763.2258212566376,-679.900110244751,76.82196444717877,-0.0020870192103417786,29.24128360748291,1.2241483211517334,0.002789613979985006,-791.7292237877846,111.13540314042103,3.0,0.5065395474433899,
1320000,2771.4267008304596,-694.8065342903137,101.79815537164039,-0.0033014120276007473,48.623616790771486,1.189380121231079,0.0046495968579935544,-791.7292237877846,111.13540314042103,3.0,0.5162724077701568,
1324000,2781.8269169330597,-696.3666172027588,90.05671899896143,-0.0030813815940637034,34.79188766479492,1.1930005550384521,0.003431574205751531,-750.8041126132011,96.23455628501178,3.0,0.47819380164146424,
1328000,2790.0344026088715,-669.9360723495483,71.51344091379168,-0.0026512924047807475,30.601283264160156,1.219506859779358,0.0026279608165350687,-750.8041126132011,96.23455628501178,3.0,0.5088976085186004,
1332000,2798.301430463791,-694.068172454834,89.00683952265746,-0.002636389560958685,37.29061374664307,1.193892502784729,0.0017322950466186703,-750.8041126132011,96.23455628501178,3.0,0.5103348791599274,
1336000,2806.5560801029205,-704.3303890228271,89.45169993394988,-0.0036828940679164202,39.53683338165283,1.2004175305366516,0.004051376415882257,-750.8041126132011,96.23455628501178,3.0,0.4569052219390869,
1340000,2814.7625093460083,-686.8926610946655,67.86598700951774,-0.0028346072207204643,38.7664291381836,1.1787914752960205,0.0030908564517352134,-750.8041126132011,96.23455628501178,3.0,0.4897180378437042,
1344000,2822.97922706604,-694.0941414833069,107.75969603726705,-0.001005763271454896,63.375145721435544,1.2307310342788695,0.0041921451696349974,-750.8041126132011,96.23455628501178,3.0,0.5071786403656006,
1348000,2831.1720321178436,-686.2624397277832,99.99750285193103,-0.002658600098802699,40.531369590759276,1.1895308017730712,0.004392080966344414,-750.8041126132011,96.23455628501178,3.0,0.48826099634170533,
1352000,2839.3876440525055,-700.783260345459,95.88562057500742,-0.0023382414395452856,43.53154411315918,1.197808825969696,0.003404700011014938,-750.8041126132011,96.23455628501178,3.0,0.49164469838142394,
1356000,2847.6133980751038,-704.0235590934753,84.19409033277259,-0.004915762073903629,25.88287487030029,1.193459963798523,0.0051802301957504905,-750.8041126132011,96.23455628501178,3.0,0.47468518018722533,
1360000,2855.81192111969,-707.7260065078735,98.81554565633465,-0.0030620355037972225,41.87749137878418,1.1986939668655396,0.0020401724774274043,-750.8041126132011,96.23455628501178,3.0,0.48629558384418486,
1364000,2866.2795672416687,-707.0894026756287,88.08709557757022,-0.003407578328119909,38.49820671081543,1.1922085285186768,0.003014662768691778,-733.4476071894169,93.03935574581074,3.0,0.4346108138561249,
1368000,2874.5190753936768,-695.2387437820435,91.96220257469244,-0.001843968211867253,39.09665851593017,1.2266530752182008,0.003092553977330681,-733.4476071894169,93.03935574581074,3.0,0.4613105207681656,
1372000,2882.759344816208,-699.5561056137085,89.48923409872856,-0.0013948435977606088,47.268340301513675,1.2223968148231505,0.0034195937927191445,-733.4476071894169,93.03935574581074,3.0,0.48031162917613984,
1376000,2890.982766151428,-684.0305514335632,83.92352042653113,-0.0022197081258249264,45.90546340942383,1.23643159866333,0.002122353414869091,-733.4476071894169,93.03935574581074,3.0,0.4849804162979126,
1380000,2899.198520421982,-706.4884643554688,99.33533272420075,-0.0026635591768038756,42.07350196838379,1.26093829870224,0.0017480611859355122,-733.4476071894169,93.03935574581074,3.0,0.4601690202951431,
1384000,2907.411323785782,-695.7611398696899,82.28460540393422,-0.0039033952058914246,32.3524112701416,1.2451083421707154,0.0029557509638834744,-733.4476071894169,93.03935574581074,3.0,0.4983366817235947,
1388000,2915.638263463974,-708.4339838027954,95.86038343577238,-0.004101826220828375,38.066352462768556,1.2173753261566163,0.0026285361527698115,-733.4476071894169,93.03935574581074,3.0,0.4858895629644394,
1392000,2923.8719358444214,-697.7394924163818,85.54987241792954,-0.00283193386342222,41.03759593963623,1.2200721025466919,0.001836547694983892,-733.4476071894169,93.03935574581074,3.0,0.4915589302778244,
1396000,2932.0895431041718,-687.2712659835815,88.07169932407821,-0.002733187186686958,40.58639430999756,1.203123104572296,0.0031901730754567924,-733.4476071894169,93.03935574581074,3.0,0.5161758542060852,
1400000,2940.3209919929504,-692.8960599899292,76.82151584716443,-0.0033506709826955027,42.97329139709473,1.1858039975166321,0.0025377393057169685,-733.4476071894169,93.03935574581074,3.0,0.4674167424440384,
1404000,2950.736699819565,-693.6937317848206,92.82085913611273,-0.003203532518042862,57.83225593566895,1.2107711434364319,0.00418963614075134,-721.6208920776844,112.39099534154315,3.0,0.48836891949176786,
1408000,2958.937127828598,-685.7335796356201,70.44149457083667,-0.002325961560224421,38.46786308288574,1.1937982439994812,0.0011941109176065502,-721.6208920776844,112.39099534154315,3.0,0.48220295310020445,
1412000,2967.129957675934,-672.1360931396484,70.92964838022053,-0.0037737739173850705,38.36511421203613,1.202200984954834,0.001888829795139224,-721.6208920776844,112.39099534154315,3.0,0.507529103755951,
1416000,2975.323124408722,-656.3756785392761,76.3852532942678,-0.002429244721191992,35.991720008850095,1.1690000772476197,0.003296098200371489,-721.6208920776844,112.39099534154315,3.0,0.4875669479370117,
1420000,2983.5154671669006,-662.8501062393188,74.6583426763495,-0.002959880371810897,42.796267700195315,1.1661294937133788,0.0037800007121404633,-721.6208920776844,112.39099534154315,3.0,0.4886628985404968,
1424000,2991.716005086899,-683.8814373016357,87.3672030604379,-0.0021933090977545255,58.63430595397949,1.1367006778717041,0.0027016270748184356,-721.6208920776844,112.39099534154315,3.0,0.4777743458747864,
1428000,2999.9269704818726,-685.9904289245605,94.51658522291345,-0.0030007547371788236,37.51869792938233,1.122383213043213,0.003213357232743874,-721.6208920776844,112.39099534154315,3.0,0.500118088722229,
1432000,3008.163408279419,-677.8717942237854,79.62513927833173,-0.0031520813114669366,33.46043014526367,1.1472965717315673,0.0026450256467796863,-721.6208920776844,112.39099534154315,3.0,0.49036663174629214,
1436000,3016.2110934257507,-681.6983432769775,72.75198181279454,-0.003235477817128407,37.29718208312988,1.1599892616271972,0.004293978901269546,-721.6208920776844,112.39099534154315,3.0,0.44142432808876036,
1440000,3024.408924102783,-697.910605430603,91.56593334185692,-0.0029181845631585544,31.829394721984862,1.1812041401863098,0.004663742997683584,-721.6208920776844,112.39099534154315,3.0,0.46086253225803375,
1444000,3034.8424048423767,-676.5228490829468,70.73496550946496,-0.0035224884868755523,27.836395263671875,1.202952778339386,0.0036562681547366084,-729.8660660684109,96.04770071967936,3.0,0.4413404107093811,
1448000,3043.05500292778,-675.1011190414429,75.21092612320577,-0.0048197693337376,31.12184066772461,1.195075225830078,0.005581493114004843,-729.8660660684109,96.04770071967936,3.0,0.43898600339889526,
1452000,3051.3865406513214,-690.1715617179871,70.48753777514301,-0.0035156209891818333,33.53725681304932,1.149343776702881,0.004824660130543635,-729.8660660684109,96.04770071967936,3.0,0.47940090000629426,
1456000,3059.59578871727,-678.1872997283936,72.07939789415906,-0.003316760431392929,40.05568580627441,1.1648193955421449,0.0020751618583065845,-729.8660660684109,96.04770071967936,3.0,0.45589579045772555,
1460000,3067.8162355422974,-655.3751802444458,73.54033957314604,-0.004297659440819857,26.109037780761717,1.1870340704917908,0.004383986265553782,-729.8660660684109,96.04770071967936,3.0,0.4634672999382019,
1464000,3076.0440015792847,-708.9530067443848,94.66782430935517,-0.0024247471924172537,53.2498161315918,1.1896289110183715,0.0032448600516848725,-729.8660660684109,96.04770071967936,3.0,0.4223986238241196,
1468000,3084.2576587200165,-695.4245653152466,78.32990054442958,-0.0028599100864473924,35.32497940063477,1.1565311312675477,0.002760257356567308,-729.8660660684109,96.04770071967936,3.0,0.43940678238868713,
1472000,3092.491723537445,-693.0168561935425,83.11691324722742,-0.0035988962586658733,42.73660469055176,1.1169233918190002,0.0031190295239114985,-729.8660660684109,96.04770071967936,3.0,0.42046515047550204,
1476000,3100.718185901642,-743.4229564666748,130.05133080860065,-0.003096183710071898,41.557682037353516,1.1315315008163451,0.002266086619308538,-729.8660660684109,96.04770071967936,3.0,0.3975686103105545,
1480000,3108.9380638599396,-705.8760023117065,91.19272607433606,-0.00429066650794514,33.05083713531494,1.1737808227539062,0.0025364355882629753,-729.8660660684109,96.04770071967936,3.0,0.44420336186885834,
1484000,3119.387544155121,-700.2777986526489,88.05243745214017,-0.004230015991333236,30.064690399169923,1.1559817910194397,0.002832092909491621,-776.6468579471111,122.07969726865124,3.0,0.43147692680358884,
1488000,3127.6078684329987,-718.4823951721191,94.78299088702998,-0.0028559522307477713,51.034938430786134,1.122595489025116,0.002121279408883625,-776.6468579471111,122.07969726865124,3.0,0.40877613723278045,
1492000,3135.819946527481,-707.1278829574585,94.94010423409809,-0.001411058409925303,47.368446350097656,1.1217620253562928,0.0036542634891035598,-776.6468579471111,122.07969726865124,3.0,0.4354034513235092,
1496000,3144.0261511802673,-683.4719181060791,80.26221669296861,-0.004023405887729803,37.98890609741211,1.1863320112228393,0.005295092081573483,-776.6468579471111,122.07969726865124,3.0,0.44405331909656526,
1500000,3152.2668056488037,-698.9001798629761,84.7385873341319,-0.003956183456025153,34.135153198242186,1.1631096243858337,0.002385260247159751,-776.6468579471111,122.07969726865124,3.0,0.39657253324985503,
1504000,3160.501950740814,-719.6653518676758,86.66470154969481,-0.0026577071153248257,32.777129364013675,1.154011356830597,0.003168752102646977,-776.6468579471111,122.07969726865124,3.0,0.42741466164588926,
1508000,3168.761884212494,-711.8603115081787,81.54838219358963,-0.0033631477031935476,25.515322494506837,1.1769045352935792,0.0027168189085011287,-776.6468579471111,122.07969726865124,3.0,0.4223562151193619,
1512000,3177.0463049411774,-692.7308449745178,81.76265268098753,-0.004020964440967223,31.699510955810545,1.1783490657806397,0.005253330152481794,-776.6468579471111,122.07969726865124,3.0,0.4143631845712662,
1516000,3185.2944519519806,-703.0250205993652,87.0569711318089,-0.0034163160198756202,40.06945571899414,1.1634770035743713,0.003227054555706371,-776.6468579471111,122.07969726865124,3.0,0.3931913644075394,
1520000,3193.547055721283,-697.6157274246216,88.50769930253206,-0.0021776455071133684,41.17018127441406,1.173765814304352,0.003716971413504022,-776.6468579471111,122.07969726865124,3.0,0.387153348326683,
1524000,3204.032934188843,-698.6486339569092,70.91439448584042,-0.004724340219671541,30.454428291320802,1.2079260230064393,0.004682383008184843,-791.2534582614899,119.57657688165892,3.0,0.38151266276836393,
1528000,3212.302826166153,-682.3856925964355,101.25232742021538,-0.0037291115911211926,38.09130859375,1.1497850656509399,0.003941549185488858,-791.2534582614899,119.57657688165892,3.0,0.3947839498519897,
1532000,3220.5746598243713,-665.4322280883789,83.0370510520151,-0.0035583708794632686,29.3522029876709,1.1607927083969116,0.0028128522180389526,-791.2534582614899,119.57657688165892,3.0,0.39869681000709534,
1536000,3228.8600509166718,-686.5955944061279,78.8818165550216,-0.0038321905741080186,34.6557430267334,1.1150295972824096,0.0018836471084311302,-791.2534582614899,119.57657688165892,3.0,0.40202479660511015,
1540000,3237.103240966797,-695.7684941291809,88.82731321724577,-0.004272285942531528,41.5788330078125,1.0669032096862794,0.004502657905880669,-791.2534582614899,119.57657688165892,3.0,0.36686316430568694,
1544000,3245.353401660919,-721.6663389205933,87.08028609935347,-0.0025540419768073975,42.51963882446289,1.090907382965088,0.002530209010001272,-791.2534582614899,119.57657688165892,3.0,0.3551660984754562,
1548000,3253.571822166443,-706.9615774154663,85.81530083460785,-0.005020086072074914,33.14545230865478,1.126837694644928,0.0024330314176040702,-791.2534582614899,119.57657688165892,3.0,0.3493592768907547,
1552000,3261.7923617362976,-713.905966758728,102.94332258603704,-0.004353901950797656,50.25746116638184,1.0938416600227356,0.002883592553126313,-791.2534582614899,119.57657688165892,3.0,0.3544037193059921,
1556000,3269.906580924988,-689.2050113677979,71.31900560632597,-0.0026435051895678185,46.75857009887695,1.1140854835510254,0.0015287763773812913,-791.2534582614899,119.57657688165892,3.0,0.35925802290439607,
1560000,3277.9831986427307,-684.591685295105,83.26945410718231,-0.0033757006942371605,38.31312599182129,1.0895702362060546,0.002683375038953578,-791.2534582614899,119.57657688165892,3.0,0.34693280756473543,
1564000,3288.386223554611,-686.6296010017395,84.04350867051583,-0.002934743599791556,43.84125938415527,1.0746367692947387,0.0031119839390157723,-707.9021649062634,82.84686065635084,3.0,0.3863051325082779,
1568000,3296.5913803577423,-681.3629159927368,83.69958640645471,-0.004244957014064532,41.115400886535646,1.0961435079574584,0.004876868869177997,-707.9021649062634,82.84686065635084,3.0,0.3621624618768692,
1572000,3304.7881932258606,-716.994065284729,83.52150737171135,-0.004094044199523772,33.781947708129884,1.0695383310317994,0.0019357450766256169,-707.9021649062634,82.84686065635084,3.0,0.35252994298934937,
1576000,3313.0446724891663,-696.9788541793823,82.15837759401606,-0.003663599717236743,27.209226608276367,1.0330894112586975,0.002185641710895059,-707.9021649062634,82.84686065635084,3.0,0.373431470990181,
1580000,3321.2814099788666,-687.5776081085205,84.45524071216623,-0.004238785505993281,37.3659273147583,1.0619643568992614,0.005753071990329772,-707.9021649062634,82.84686065635084,3.0,0.3534636080265045,
1584000,3329.538333415985,-707.961049079895,86.41054202587665,-0.004057300105574546,47.25005531311035,1.0742459297180176,0.0032545118338020984,-707.9021649062634,82.84686065635084,3.0,0.3403745651245117,
1588000,3337.760627746582,-699.5943098068237,86.04663818782116,-0.00404705718167433,38.833422088623045,1.088703715801239,0.003825215590768494,-707.9021649062634,82.84686065635084,3.0,0.3594931989908218,
1592000,3345.9415040016174,-687.2140798568726,98.91492547770194,-0.0031250944075873477,46.89961280822754,1.1121382117271423,0.0029333642771234734,-707.9021649062634,82.84686065635084,3.0,0.35687261521816255,
1596000,3354.138756275177,-666.4566373825073,74.8066754874328,-0.004136580246345467,34.10479049682617,1.0873332738876342,0.0025728302309289573,-707.9021649062634,82.84686065635084,3.0,0.33696444928646085,
1600000,3362.2538282871246,-643.8730802536011,71.5962909841655,-0.006020322148532919,33.83033275604248,1.0937812328338623,0.0038910249373778514,-707.9021649062634,82.84686065635084,3.0,0.37836610376834867,
1604000,3372.5923178195953,-656.2113933563232,65.53994515701872,-0.003481513857298224,37.574443626403806,1.1043118000030518,0.0035631504695629703,-651.0565795302391,85.47408681749744,3.0,0.35325832962989806,
1608000,3380.7917733192444,-657.7668228149414,72.71692242519619,-0.004461621252703463,41.00597381591797,1.1274441242218018,0.002200083101071293,-651.0565795302391,85.47408681749744,3.0,0.34446439146995544,
1612000,3389.0053379535675,-650.7414426803589,67.95655241801163,-0.0035677868247731225,28.9043981552124,1.1620041728019714,0.0031164770288160115,-651.0565795302391,85.47408681749744,3.0,0.33671577274799347,
1616000,3397.2242975234985,-666.666615486145,68.4059016798069,-0.004356575362306714,31.64077548980713,1.1118739128112793,0.002863528763118667,-651.0565795302391,85.47408681749744,3.0,0.3842591792345047,
1620000,3405.427141427994,-685.2773714065552,76.30836319472768,-0.004108912645024265,30.541409301757813,1.1795969009399414,0.004324695745793505,-651.0565795302391,85.47408681749744,3.0,0.3645192563533783,
1624000,3413.6511957645416,-667.191556930542,86.62975265315839,-0.0043721632407202286,35.857862854003905,1.18198481798172,0.0037023445114027663,-651.0565795302391,85.47408681749744,3.0,0.3645054191350937,
1628000,3421.8609957695007,-676.2761735916138,98.77355347631274,-0.005148517423076537,34.9328067779541,1.1363485336303711,0.0035915716228385854,-651.0565795302391,85.47408681749744,3.0,0.35761432349681854,
1632000,3430.0738396644592,-673.35582447052,74.05126867935013,-0.0025518456383336607,41.92633743286133,1.1632927536964417,0.0035442319579112036,-651.0565795302391,85.47408681749744,3.0,0.3413671165704727,
1636000,3438.2731671333313,-672.3359832763672,72.18376649503841,-0.0036142876430529823,51.87519798278809,1.1522841930389405,0.0030833054188406095,-651.0565795302391,85.47408681749744,3.0,0.3551739096641541,
1640000,3446.484612226486,-677.6642088890076,91.07125686931573,-0.0038195414384826877,43.57364463806152,1.1591776490211487,0.0019813841774521277,-651.0565795302391,85.47408681749744,3.0,0.36067221462726595,
1644000,3456.962788581848,-640.9706439971924,61.603043206734945,-0.0049473219499923,34.05871162414551,1.1493109941482544,0.0038239755275620625,-666.5833675265312,75.61650564441244,3.0,0.3652775973081589,
1648000,3465.219790458679,-672.4634184837341,73.8563492700622,-0.0045681721201011,40.26351757049561,1.133911669254303,0.0037631450861226766,-666.5833675265312,75.61650564441244,3.0,0.34720041453838346,
1652000,3473.4794778823853,-673.6501641273499,88.64972738001735,-0.003996369971428137,42.66704139709473,1.114356803894043,0.0037227564768012008,-666.5833675265312,75.61650564441244,3.0,0.31591895818710325,
1656000,3481.6943547725677,-680.3814220428467,75.96777083057347,-0.00499514529698839,30.130529403686523,1.0683003544807435,0.003501192753901705,-666.5833675265312,75.61650564441244,3.0,0.31507750153541564,
1660000,3489.928740501404,-679.8087768554688,86.50376642657868,-0.0035835217473408677,35.20990409851074,1.0815836548805238,0.003013816425227578,-666.5833675265312,75.61650564441244,3.0,0.34920819401741027,
1664000,3498.1619827747345,-699.6198358535767,99.3737123854657,-0.0037757738577202105,41.62980651855469,1.0835483074188232,0.00224883107439382,-666.5833675265312,75.61650564441244,3.0,0.3103442132472992,
1668000,3506.4393248558044,-669.2100296020508,81.69072482189355,-0.004215780606338182,32.24419937133789,1.0719992756843566,0.005391019418059528,-666.5833675265312,75.61650564441244,3.0,0.35709517598152163,
1672000,3514.698257446289,-681.1440944671631,95.65907328725011,-0.0039178086669029,39.66424083709717,1.1399014234542846,0.004045688020414673,-666.5833675265312,75.61650564441244,3.0,0.31780350506305693,
1676000,3522.955440759659,-683.0628499984741,94.36518497759005,-0.003695532813280167,50.53920974731445,1.1139766573905945,0.0034261893291259505,-666.5833675265312,75.61650564441244,3.0,0.2926312804222107,
1680000,3531.228812932968,-696.3635721206665,109.72534785388572,-0.0034338221256621894,46.49572257995605,1.1054101586341858,0.003330188913969323,-666.5833675265312,75.61650564441244,3.0,0.2969228893518448,
1684000,3541.740749835968,-686.2425031661987,72.35959763912442,-0.004062584328232343,34.02554626464844,1.1372120380401611,0.0031364031000994165,-695.964282989502,110.38554442005972,3.0,0.3189073592424393,
1688000,3549.9960408210754,-684.3843970298767,102.97354421066395,-0.0035719175986013594,43.31249084472656,1.1584842085838318,0.0028836332528541565,-695.964282989502,110.38554442005972,3.0,0.3031794935464859,
1692000,3558.314595937729,-696.7425689697266,104.36505203039673,-0.002531550183077336,51.767709732055664,1.1804545521736145,0.0033425686531700196,-695.964282989502,110.38554442005972,3.0,0.2997311294078827,
1696000,3566.5551669597626,-630.6884093284607,83.27148063430923,-0.00482201229493755,42.167110443115234,1.1970672488212586,0.004828989686211571,-695.964282989502,110.38554442005972,3.0,0.3105474442243576,
1700000,3574.8102955818176,-640.7121725082397,85.83042897681091,-0.004690443336226391,45.26824684143067,1.1817998886108398,0.004204047472740058,-695.964282989502,110.38554442005972,3.0,0.3579104393720627,
1704000,3583.0683875083923,-647.2327308654785,80.51305210518382,-0.004866779157969426,39.599176216125485,1.1736057162284852,0.0040157819431430345,-695.964282989502,110.38554442005972,3.0,0.3427710771560669,
1708000,3591.317975282669,-655.0637674331665,82.90118581043826,-0.004341315235166521,52.57659339904785,1.1705420851707458,0.0035793639195617287,-695.964282989502,110.38554442005972,3.0,0.3402497947216034,
1712000,3599.582243680954,-659.8311648368835,79.25081520644669,-0.005058558199477092,44.30218162536621,1.1705131769180297,0.002995869477308588,-695.964282989502,110.38554442005972,3.0,0.3579832434654236,
1716000,3607.851408481598,-660.9814872741699,76.09933068844789,-0.004693611706529488,38.70177230834961,1.204136073589325,0.0031003879990603167,-695.964282989502,110.38554442005972,3.0,0.3552343338727951,
1720000,3616.106363773346,-649.4889192581177,96.37897460127584,-0.003374737246582926,48.94397621154785,1.1600019931793213,0.002669620070936318,-695.964282989502,110.38554442005972,3.0,0.3281355857849121,
1724000,3626.535517692566,-643.0880551338196,70.60133952352423,-0.00519492794945835,43.52023429870606,1.1954439878463745,0.0043848581803419325,-676.5800491273403,80.92255563484477,3.0,0.3229596018791199,
1728000,3634.7200655937195,-652.6638336181641,80.42007331419295,-0.004382381145182679,50.901893615722656,1.2075513482093811,0.002303475285608636,-676.5800491273403,80.92255563484477,3.0,0.3417196810245514,
1732000,3642.9315309524536,-642.6687850952148,88.73947581777637,-0.005351729425058393,55.3761474609375,1.2055572628974915,0.0028205058333696797,-676.5800491273403,80.92255563484477,3.0,0.32919817268848417,
1736000,3651.1568925380707,-644.0419807434082,76.23790869596917,-0.004736874641928157,61.3637939453125,1.180929970741272,0.0038698691205354407,-676.5800491273403,80.92255563484477,3.0,0.32433144450187684,
1740000,3659.359650850296,-653.0005784034729,76.39373307789215,-0.0063133455660814965,44.55575866699219,1.188191866874695,0.003696194989606738,-676.5800491273403,80.92255563484477,3.0,0.30750620663166045,
1744000,3667.5645096302032,-663.3989906311035,88.56178358111642,-0.004515638720671067,52.66528663635254,1.18493994474411,0.0025347482288489128,-676.5800491273403,80.92255563484477,3.0,0.3107739955186844,
1748000,3675.793049097061,-671.8609557151794,77.26428657136884,-0.004249265482882037,40.344791412353516,1.1717101454734802,0.00359010097454302,-676.5800491273403,80.92255563484477,3.0,0.29110497534275054,
1752000,3684.0199069976807,-648.754114151001,82.82157332196121,-0.003965345393400632,50.07381324768066,1.19455943107605,0.003574611313524656,-676.5800491273403,80.92255563484477,3.0,0.3050059795379639,
1756000,3692.2543342113495,-672.7140626907349,92.30987050684827,-0.003216266843567972,43.960013198852536,1.1999035835266114,0.0029679766691600275,-676.5800491273403,80.92255563484477,3.0,0.29078716337680816,
1760000,3700.4923253059387,-677.2641930580139,81.55572494607382,-0.0036225185182411136,42.8811954498291,1.1996676325798035,0.005544857035391049,-676.5800491273403,80.92255563484477,3.0,0.2981153279542923,
1764000,3710.9337158203125,-682.0296130180359,98.74452440475989,-0.0046917701199805425,44.02535629272461,1.2051923274993896,0.0034395034541375934,-670.6906546652317,71.50792274357559,3.0,0.31495935618877413,
1768000,3719.1246349811554,-670.4689979553223,96.34088404711292,-0.0055112889281008215,46.6180923461914,1.2031028628349305,0.003101359997759623,-670.6906546652317,71.50792274357559,3.0,0.29177468121051786,
1772000,3727.316730737686,-659.9358434677124,84.91512678666624,-0.004892273597419283,42.739470672607425,1.1969491600990296,0.0016674123264577734,-670.6906546652317,71.50792274357559,3.0,0.32554333508014677,
1776000,3735.486037015915,-663.7885503768921,85.17934394538136,-0.0033893106793984273,50.71925354003906,1.1755101799964904,0.003236294028465636,-670.6906546652317,71.50792274357559,3.0,0.2919797569513321,
1780000,3743.6942822933197,-670.512068271637,75.98491238200683,-0.004133978036930763,40.99799118041992,1.2033819675445556,0.003974728094181046,-670.6906546652317,71.50792274357559,3.0,0.29923291206359864,
1784000,3751.905940771103,-664.6656432151794,68.87010336066272,-0.004409552103374103,44.65182456970215,1.2225342631340026,0.004638575803721334,-670.6906546652317,71.50792274357559,3.0,0.2813745439052582,
1788000,3760.113801717758,-673.6091842651367,83.75817274305562,-0.004295746525516719,47.64644813537598,1.2111372232437134,0.0034145071636885404,-670.6906546652317,71.50792274357559,3.0,0.29525057375431063,
1792000,3768.319969892502,-662.8281955718994,86.04133002537083,-0.004889498125373692,49.33538703918457,1.221379041671753,0.003418683889321983,-670.6906546652317,71.50792274357559,3.0,0.2882880002260208,
1796000,3776.5278816223145,-680.4132766723633,90.49026035322643,-0.005404669951181873,39.475368118286134,1.1916692852973938,0.004180830756357601,-670.6906546652317,71.50792274357559,3.0,0.2805872768163681,
1800000,3784.7500081062317,-685.3878993988037,94.17094985367554,-0.004586704487058668,41.265664672851564,1.178821623325348,0.0037400163197501947,-670.6906546652317,71.50792274357559,3.0,0.2986935079097748,
1804000,3795.1639487743378,-685.3725652694702,103.05819628119328,-0.004058534992470708,49.02536392211914,1.1747833609580993,0.005435487624839919,-710.3201555907726,110.47231011035848,3.0,0.2793931096792221,
1808000,3803.3733196258545,-670.7506365776062,95.90547026044966,-0.004359344068371396,52.11079483032226,1.1615502476692199,0.004449215307987054,-710.3201555907726,110.47231011035848,3.0,0.2861002415418625,
1812000,3811.5863049030304,-679.3345680236816,89.00913204614953,-0.005643517105762541,47.230652236938475,1.1656310558319092,0.005609088682103902,-710.3201555907726,110.47231011035848,3.0,0.2825250118970871,
1816000,3819.793046951294,-700.0275435447693,115.3788900836779,-0.005636931232487141,53.55234794616699,1.1284384965896606,0.0037344341012649275,-710.3201555907726,110.47231011035848,3.0,0.29209226965904234,
1820000,3828.0095205307007,-679.548659324646,80.7968103014496,-0.0033333512090418793,47.264730834960936,1.1315425634384155,0.0037940657435683533,-710.3201555907726,110.47231011035848,3.0,0.3019491881132126,
1824000,3836.2131068706512,-705.0444650650024,108.37315768167039,-0.0051169184292666255,56.338395309448245,1.1216848731040954,0.0037162307751520407,-710.3201555907726,110.47231011035848,3.0,0.26777958273887636,
1828000,3844.423921585083,-666.7073292732239,98.37962574861938,-0.0043059752797708125,41.66801834106445,1.1102898478507996,0.0024896442682559973,-710.3201555907726,110.47231011035848,3.0,0.29704310894012453,
1832000,3852.5997619628906,-653.481372833252,85.2775805544376,-0.0062619184483773795,40.12538528442383,1.1104646921157837,0.006365162160713233,-710.3201555907726,110.47231011035848,3.0,0.29585288763046264,
1836000,3860.794717311859,-675.4129161834717,83.94471985543842,-0.0040227387451255755,64.97580070495606,1.1247469782829285,0.002348651341162622,-710.3201555907726,110.47231011035848,3.0,0.2920024037361145,
1840000,3868.9980816841125,-662.0542407035828,95.61157600752323,-0.004753541251566773,45.1318920135498,1.144327175617218,0.004876790463458747,-710.3201555907726,110.47231011035848,3.0,0.2922147214412689,
1844000,3879.4205915927887,-655.5814294815063,81.33237842012178,-0.006035507352634628,37.72095775604248,1.1273654341697692,0.0033204644513316504,-673.6138670444489,89.27487134054627,3.0,0.30370008051395414,
1848000,3887.6345014572144,-661.5487294197083,78.038362858896,-0.004914053510175975,46.139011001586915,1.1317650079727173,0.0025845458032563327,-673.6138670444489,89.27487134054627,3.0,0.2976528197526932,
1852000,3895.8444283008575,-663.0280838012695,82.96494832422101,-0.0037294449049513735,47.987772369384764,1.1415901899337768,0.004150457738433033,-673.6138670444489,89.27487134054627,3.0,0.31029227674007415,
1856000,3904.0638256073,-663.8331093788147,89.6385526052039,-0.0059433633157362385,49.218757247924806,1.128614318370819,0.002536400012051088,-673.6138670444489,89.27487134054627,3.0,0.28892373740673066,
1860000,3912.281837463379,-636.6324605941772,73.66526690493076,-0.004782203476332824,42.567447662353516,1.0776533365249634,0.004815347929252312,-673.6138670444489,89.27487134054627,3.0,0.2879152804613113,
1864000,3920.5120253562927,-657.8825402259827,87.14003979229241,-0.005160405640567944,37.990616416931154,1.0654486060142516,0.002599418521276675,-673.6138670444489,89.27487134054627,3.0,0.28093802034854887,
1868000,3928.7479481697083,-655.5590949058533,74.01608353084745,-0.006253526264025489,36.629302406311034,1.0557412266731263,0.0036907049544776527,-673.6138670444489,89.27487134054627,3.0,0.26947257220745086,
1872000,3936.9804089069366,-665.898163318634,67.75076232034655,-0.00525186364756276,42.45841751098633,1.0646564602851867,0.0037007495760917664,-673.6138670444489,89.27487134054627,3.0,0.2807300895452499,
1876000,3945.1967072486877,-664.168890953064,87.25388121054004,-0.0057972172545269094,45.71273918151856,1.061199712753296,0.002356272286124295,-673.6138670444489,89.27487134054627,3.0,0.2746072620153427,
1880000,3953.414747953415,-677.7335028648376,80.27365972966697,-0.006248708280579507,34.041691589355466,1.0291253089904786,0.006237050174968317,-673.6138670444489,89.27487134054627,3.0,0.25695023536682127,
1884000,3963.899739742279,-669.8124179840088,76.99296453343844,-0.004165667512958393,42.52844505310058,1.0218058586120606,0.003656993066814418,-699.7786981761456,78.24106105463397,3.0,0.2697509855031967,
1888000,3972.124721765518,-672.0895977020264,75.15153097843469,-0.004763030090679621,32.359123420715335,0.9896015644073486,0.0018514959599997382,-699.7786981761456,78.24106105463397,3.0,0.26005523204803466,
1892000,3980.3374729156494,-657.7465562820435,70.17469592764496,-0.004965315163368444,35.44389762878418,0.974839323759079,0.0023230342386523217,-699.7786981761456,78.24106105463397,3.0,0.262037518620491,
1896000,3988.542263031006,-674.8773784637451,83.1398575540516,-0.006214614220351677,38.87117786407471,0.9936540603637696,0.003187799735809671,-699.7786981761456,78.24106105463397,3.0,0.2569272041320801,
1900000,3996.7370297908783,-698.4630527496338,82.87348225243097,-0.00506440245453268,47.37960662841797,0.9848406076431274,0.0053019529150333256,-699.7786981761456,78.24106105463397,3.0,0.24709566980600356,
1904000,4004.9413821697235,-674.5096850395203,88.22587861281932,-0.006174965515267061,37.90678653717041,0.9950458705425262,0.0030628096545115115,-699.7786981761456,78.24106105463397,3.0,0.2570415258407593,
1908000,4013.1251311302185,-675.8528718948364,90.03529402725152,-0.006786790603150905,41.60461654663086,0.9789644122123718,0.00422432716586627,-699.7786981761456,78.24106105463397,3.0,0.25489931702613833,
1912000,4021.332020044327,-698.1933078765869,103.91653309446812,-0.005165440260432664,43.50519943237305,0.9785315811634063,0.003645167365825408,-699.7786981761456,78.24106105463397,3.0,0.23257830440998079,
1916000,4029.5322902202606,-671.5882520675659,82.75396195504476,-0.004139789676681893,50.46820411682129,0.9828059792518615,0.0033757445286028086,-699.7786981761456,78.24106105463397,3.0,0.2342333287000656,
1920000,4037.741883277893,-681.5575170516968,93.27438603633625,-0.005342060825399475,50.24205017089844,0.9724328279495239,0.0035383763548452406,-699.7786981761456,78.24106105463397,3.0,0.24009375125169755,
1924000,4048.1642389297485,-671.3671035766602,79.55733927466763,-0.006283619641481586,32.70114250183106,0.9631527543067933,0.00436881488619838,-679.7798633277416,86.73082577910169,3.0,0.23575280010700225,
1928000,4056.3785836696625,-665.1766953468323,107.03789827009001,-0.005297560576970462,42.7197826385498,0.971562260389328,0.004251257618307136,-679.7798633277416,86.73082577910169,3.0,0.24130259156227113,
1932000,4064.578506231308,-653.8729953765869,84.494454389104,-0.005820028231556839,42.33995056152344,0.9597722172737122,0.004467676641070284,-679.7798633277416,86.73082577910169,3.0,0.24489193558692932,
1936000,4072.7816207408905,-639.3135533332825,72.40786755657615,-0.005872234739829096,37.842976570129395,0.9682450592517853,0.004009335632125538,-679.7798633277416,86.73082577910169,3.0,0.26082279682159426,
1940000,4080.9858355522156,-641.7597489356995,75.13639705485403,-0.005098680082553386,35.49393177032471,0.9580529272556305,0.004373160400039833,-679.7798633277416,86.73082577910169,3.0,0.2521417498588562,
1944000,4089.1876690387726,-654.6875772476196,74.58209824283583,-0.0058365792655385995,40.61239471435547,0.9993127644062042,0.005315079211140983,-679.7798633277416,86.73082577910169,3.0,0.26726242899894714,
1948000,4097.406991481781,-662.5760445594788,112.28935947144524,-0.004961277695838362,64.07804946899414,1.0023015022277832,0.003395209540147337,-679.7798633277416,86.73082577910169,3.0,0.22488956451416015,
1952000,4105.618792057037,-667.2355923652649,120.47924797518682,-0.0032221602678763617,75.1764923095703,1.0037559032440186,0.0037253494459049187,-679.7798633277416,86.73082577910169,3.0,0.21630313247442245,
1956000,4113.828139781952,-677.9683980941772,96.72024200711394,-0.006094078773555056,58.037641525268555,1.0082326531410217,0.0043795083699903255,-679.7798633277416,86.73082577910169,3.0,0.22430244982242584,
1960000,4122.040368556976,-705.3972644805908,129.67333376065582,-0.005158765232190454,67.72603187561035,0.9983385741710663,0.004644479224225506,-679.7798633277416,86.73082577910169,3.0,0.21697917431592942,
1964000,4132.468047380447,-672.1770610809326,89.86851370597437,-0.00434479176423821,46.585900115966794,0.9973441123962402,0.0025026481816894375,-691.8236331641674,126.43698766651764,3.0,0.22392725050449372,
1968000,4140.670820474625,-697.8887887001038,109.83786212086291,-0.0047457726428595136,52.66252822875977,1.0134124755859375,0.004189338564562295,-691.8236331641674,126.43698766651764,3.0,0.1839924618601799,
1972000,4148.871783018112,-659.8445405960083,94.63593630124907,-0.0050381334734459935,35.017480087280276,0.9899841189384461,0.0025424291806606545,-691.8236331641674,126.43698766651764,3.0,0.21590711176395416,
1976000,4157.073396205902,-678.1275935173035,112.57332925329457,-0.003729617490937631,54.79450225830078,1.0054178595542909,0.001972988711670087,-691.8236331641674,126.43698766651764,3.0,0.2251497969031334,
1980000,4165.282550573349,-659.930543422699,93.15841086440874,-0.00424373664751565,61.659109115600586,0.9899777889251709,0.002659667436091695,-691.8236331641674,126.43698766651764,3.0,0.22746776640415192,
1984000,4173.462025880814,-696.0328507423401,124.86992773158894,-0.005810703406188012,46.19329147338867,0.9891810834407806,0.003949107771040872,-691.8236331641674,126.43698766651764,3.0,0.23172544091939926,
1988000,4181.68301987648,-688.4071469306946,96.8299315544882,-0.004550871362521569,61.99188346862793,0.9808914005756378,0.00190566514253927,-691.8236331641674,126.43698766651764,3.0,0.2208463579416275,
1992000,4189.843369007111,-669.62699842453,92.76940017445061,-0.0043891776185094765,54.75095062255859,0.9641589999198914,0.002715993254678395,-691.8236331641674,126.43698766651764,3.0,0.21457089930772782,
1996000,4198.02155995369,-665.9285078048706,94.5262953681855,-0.006174412097161014,48.09570388793945,0.9710066199302674,0.004081602558416009,-691.8236331641674,126.43698766651764,3.0,0.23872285932302476,
2000000,4206.189980268478,-650.7594790458679,78.8171164884059,-0.0051651443247295314,42.78856201171875,0.9599823832511902,0.004018925090165215,-691.8236331641674,126.43698766651764,3.0,0.23624071925878526,
