global_step,wall_time_s,ep_return_mean,ep_return_std,policy_loss,value_loss,entropy,approx_kl,eval_return_mean,eval_return_std,mean_k,attn_entropy,lagrange_lambda
4000,3.6013340950012207,-230.99150896072388,39.72000020981434,-0.000623324160114791,202.74603729248048,1.601492166519165,0.00013693334569324643,,,2.0,0.6850087106227875,
8000,6.472168207168579,-237.51600885391235,44.773525474524504,-0.0010161732190361761,215.93987579345702,1.5961725234985351,0.0001275011192895692,,,2.0,0.6842487752437592,
12000,9.250688791275024,-232.17593359947205,38.08341538165416,-0.0014046730403497244,184.59022064208983,1.5879825115203858,0.00010864416744880146,,,2.0,0.6858648836612702,
16000,12.030540227890015,-231.70921754837036,49.566509408525974,-0.0006883906873746071,140.65356903076173,1.5764449000358582,5.68463786911888e-06,,,2.0,0.6839976668357849,
20000,14.81679916381836,-219.3265450000763,31.061433708943714,-0.0004874530703625979,91.42743453979492,1.5801175355911254,0.00019804275119289229,,,2.0,0.6868090689182281,
24000,17.591999292373657,-221.41361570358276,41.51946437696808,-0.0010990161752758355,79.7596420288086,1.5733775734901427,1.8410385393963224e-08,,,2.0,0.6857886731624603,
28000,20.3658127784729,-209.33628273010254,34.31739193446945,-0.0010541521298486067,67.3715389251709,1.5679079174995423,0.0005840103921267048,,,2.0,0.686798357963562,
32000,23.15655779838562,-242.79307913780212,45.450580159937054,-0.0012473056643308666,99.45418853759766,1.5521058678627013,0.00037116455567471897,,,2.0,0.6846535563468933,
36000,25.94557547569275,-224.80515050888062,44.253766942105386,-0.0015995845492167593,63.953443908691405,1.5407736659049989,0.0009838822044451634,,,2.0,0.6854783952236175,
40000,28.706427097320557,-232.6871109008789,43.877790926847226,-0.001202179018815519,69.05894241333007,1.5499444961547852,0.0005288850923534482,,,2.0,0.6864731073379516,
44000,33.07273197174072,-229.7502167224884,50.218537978947765,-0.001004843132177502,60.0411018371582,1.5362269878387451,0.0005203616316333259,-334.16202196478844,107.47931413018296,2.0,0.6861107528209687,
48000,36.02012515068054,-238.6124608516693,42.39522402209407,-0.0007110650676768415,63.007517623901364,1.5524266719818116,5.523213181974906e-05,-334.16202196478844,107.47931413018296,2.0,0.6844038307666779,
52000,38.96419668197632,-227.96132135391235,40.294067791586976,-0.001360326457855976,52.27513732910156,1.5521543383598329,0.0017546925279311842,-334.16202196478844,107.47931413018296,2.0,0.6855316936969758,
56000,41.92852234840393,-237.8408567905426,39.50298899055202,-0.0006396285043253292,61.39774703979492,1.5305923819541931,8.532021006431023e-05,-334.16202196478844,107.47931413018296,2.0,0.6806136190891265,
60000,44.88939309120178,-239.53834295272827,42.09544986221022,-0.0014596625830745503,63.05759773254395,1.5225345969200135,6.334212666843086e-05,-334.16202196478844,107.47931413018296,2.0,0.6786910593509674,
64000,47.67329525947571,-238.07418012619019,48.54299805335666,-0.0011309614209603857,45.08908538818359,1.496670162677765,0.0005955837332294323,-334.16202196478844,107.47931413018296,2.0,0.6777277827262879,
68000,50.463895082473755,-264.68883514404297,56.79404206714952,-0.0010327035349387615,67.29641952514649,1.454742681980133,0.0003114731254754588,-334.16202196478844,107.47931413018296,2.0,0.6732531309127807,
72000,53.35624074935913,-256.2131772041321,55.74012018875811,-0.0002301265494121907,48.88311424255371,1.4755956649780273,0.0004951738927047699,-334.16202196478844,107.47931413018296,2.0,0.6734888434410096,
76000,56.30706787109375,-240.7237913608551,50.0343498176902,-0.0007575790751289446,47.31325073242188,1.4852481007575988,0.0005154988365829949,-334.16202196478844,107.47931413018296,2.0,0.6723878681659698,
80000,59.27975797653198,-229.25852870941162,49.82544365530651,-0.000909414249794871,46.01032485961914,1.479611086845398,0.00040383994673902633,-334.16202196478844,107.47931413018296,2.0,0.6776055812835693,
84000,63.65110659599304,-230.91364192962646,38.50043261440937,-0.0028765713052901543,36.89345531463623,1.4958478927612304,0.000501358297697152,-299.40091989934444,67.38565569570636,2.0,0.6752011716365814,
88000,66.47133946418762,-250.20478129386902,54.351366796077706,-0.0010069026102137002,50.77964210510254,1.482083547115326,0.0005406184685028459,-299.40091989934444,67.38565569570636,2.0,0.6608938574790955,
92000,69.24147439002991,-240.24277234077454,44.710237701585285,-0.0008410257168816271,43.579061889648436,1.4968374490737915,0.0001681706758972723,-299.40091989934444,67.38565569570636,2.0,0.6662136614322662,
96000,72.00015425682068,-226.48865127563477,42.20398575060733,-0.002008159506192886,61.71597137451172,1.5293348550796508,0.0004335326144428109,-299.40091989934444,67.38565569570636,2.0,0.6751080095767975,
100000,74.7535343170166,-238.41475892066956,51.66361975358453,-0.001705921129536847,53.1699104309082,1.5127406239509582,0.0006087380525556629,-299.40091989934444,67.38565569570636,2.0,0.6754342675209045,
104000,77.66969275474548,-224.2073290348053,44.90210542660771,-0.0023672774982017586,48.03766784667969,1.4735198140144348,0.0010107790531474147,-299.40091989934444,67.38565569570636,2.0,0.6782668173313141,
108000,80.5976312160492,-226.44872879981995,35.46709986370945,-0.00183866259628358,52.96535453796387,1.4793821930885316,0.00212264426040929,-299.40091989934444,67.38565569570636,2.0,0.6790427446365357,
112000,83.51344060897827,-221.56816267967224,33.28514282968087,-0.0018447878358759605,39.74476432800293,1.4817473649978639,0.0011243366869166493,-299.40091989934444,67.38565569570636,2.0,0.6853077232837677,
116000,86.4370768070221,-216.83021640777588,32.30293649954778,-0.00235779264743905,38.789678764343265,1.495384109020233,0.00024291569570777938,-299.40091989934444,67.38565569570636,2.0,0.6855198204517364,
120000,89.36493110656738,-231.22671914100647,54.44614588791034,-0.0013774439621095703,54.018703079223634,1.5019779682159424,0.0007080020113789942,-299.40091989934444,67.38565569570636,2.0,0.6797024309635162,
124000,93.69019603729248,-225.15611362457275,45.30508541440463,-0.0021161037654334526,45.06678314208985,1.4654722213745117,0.000989631664560875,-335.5826558023691,126.21695837913363,2.0,0.6823810696601867,
128000,96.62274694442749,-233.58549118041992,43.993172495541685,-0.00261186790910628,46.4322811126709,1.3839895963668822,0.0020852381683653222,-335.5826558023691,126.21695837913363,2.0,0.6738693237304687,
132000,99.5520555973053,-237.58882474899292,45.77495922271405,-0.0031192164716000283,33.473568725585935,1.3178631901741027,0.002472535582637647,-335.5826558023691,126.21695837913363,2.0,0.6540426313877106,
136000,102.50565719604492,-252.64785742759705,45.42785942774551,-0.0014329805869881084,37.26016120910644,1.3193975806236267,0.0022252857277635487,-335.5826558023691,126.21695837913363,2.0,0.6529470026493073,
140000,105.46776223182678,-254.957581281662,48.93199133135371,-0.0018145546751269005,37.08699054718018,1.285100257396698,0.0010688036811188795,-335.5826558023691,126.21695837913363,2.0,0.6592736780643463,
144000,108.4240312576294,-263.0160005092621,54.28317914276405,-0.0013985030621552319,37.97207527160644,1.2491407871246338,0.0011045613035093993,-335.5826558023691,126.21695837913363,2.0,0.6466902732849121,
148000,111.25187039375305,-250.33571982383728,43.24449788184587,-0.000567750828597724,35.54620590209961,1.3122839093208314,0.0019747738348087295,-335.5826558023691,126.21695837913363,2.0,0.6577842891216278,
152000,114.01837420463562,-256.42700028419495,47.71085486315004,-0.001571121616206561,33.6733419418335,1.2857601284980773,0.0024023762233943424,-335.5826558023691,126.21695837913363,2.0,0.6578182816505432,
156000,116.91040563583374,-253.64221596717834,51.12601487873285,-0.0010234806841472378,43.15608863830566,1.3233174681663513,0.00039152617069584397,-335.5826558023691,126.21695837913363,2.0,0.6775687217712403,
160000,119.68078184127808,-249.59820127487183,45.563364474706574,-0.0017829469651939433,34.86398506164551,1.3071871042251586,0.002740928513987456,-335.5826558023691,126.21695837913363,2.0,0.6747588515281677,
164000,124.01618266105652,-223.16970252990723,36.994060606948246,-0.0028393176422299216,25.337844467163087,1.3086661577224732,0.003381145712774014,-403.37504559755325,132.04056500616076,2.0,0.6801399528980255,
168000,126.79140663146973,-239.7377450466156,46.293648016963616,-0.0021365795062932456,23.397579956054688,1.3498998522758483,0.002300351110442231,-403.37504559755325,132.04056500616076,2.0,0.6764861047267914,
172000,129.5699543952942,-245.8020374774933,53.41333480831374,-0.0023776544152934063,32.901003456115724,1.3418156623840332,0.004332821738673376,-403.37504559755325,132.04056500616076,2.0,0.6670205295085907,
176000,132.35192561149597,-241.91842079162598,54.163271156590405,-0.002397313955447311,32.218360137939456,1.2748481988906861,0.001981080966652371,-403.37504559755325,132.04056500616076,2.0,0.6693651020526886,
180000,135.09692978858948,-256.5259416103363,58.54303061490551,-0.002826209563296267,36.50719947814942,1.2882778644561768,0.002699552255216986,-403.37504559755325,132.04056500616076,2.0,0.6621868550777436,
184000,137.86856031417847,-245.2556471824646,52.03002768179059,-0.0007561709275856643,55.98865661621094,1.3411669373512267,0.0045742970774881545,-403.37504559755325,132.04056500616076,2.0,0.6751738429069519,
188000,140.65082573890686,-239.25799679756165,43.43451663001943,-0.0019977953088042844,33.33366947174072,1.3820553779602052,0.0011442161498513848,-403.37504559755325,132.04056500616076,2.0,0.6745054244995117,
192000,143.42671298980713,-237.07265901565552,33.894576872342014,-0.0017628342045742152,26.427506256103516,1.3093406796455382,0.0022085742763010784,-403.37504559755325,132.04056500616076,2.0,0.6786024868488312,
196000,146.20056700706482,-241.4034242630005,40.84218171799667,-7.689610768295552e-05,29.366147804260255,1.274728810787201,0.0014260713619005383,-403.37504559755325,132.04056500616076,2.0,0.6705832481384277,
200000,148.97936940193176,-244.98187637329102,44.332944060359836,-0.0020463694778543482,38.87104187011719,1.3623786687850952,0.0031648616984117943,-403.37504559755325,132.04056500616076,2.0,0.6776493668556214,
204000,153.18685364723206,-239.88494729995728,47.77021688795096,-0.002152716940036026,34.95351867675781,1.3254363059997558,0.0017667429267021362,-255.7732117474079,53.82694289090215,2.0,0.6771905422210693,
208000,156.02394914627075,-242.57473850250244,42.45532206798162,-0.002514213898413198,27.528076362609863,1.3435734033584594,0.0032113808555295663,-255.7732117474079,53.82694289090215,2.0,0.6816675364971161,
212000,158.80756330490112,-239.47243642807007,44.01917621168622,-0.0005698678297048953,28.65966033935547,1.2596322774887085,0.006860022223554552,-255.7732117474079,53.82694289090215,2.0,0.6711582183837891,
216000,161.5760636329651,-240.84765315055847,40.69775772157391,-0.001405792818831575,30.829845809936522,1.2901592135429383,0.0012402678801299778,-255.7732117474079,53.82694289090215,2.0,0.6769992053508759,
220000,164.34567022323608,-234.38124465942383,42.51748767579518,-0.0004248447948871359,30.846789741516112,1.2748047471046449,0.0010205125863819082,-255.7732117474079,53.82694289090215,2.0,0.6777394473552704,
224000,167.11444640159607,-227.68391108512878,41.26951343387959,-0.0020923263161482185,31.000010108947755,1.3160979270935058,0.0023407950195639127,-255.7732117474079,53.82694289090215,2.0,0.6792122781276703,
228000,169.9045124053955,-219.2078559398651,33.7741224498037,-0.002957765711160976,25.45826950073242,1.3190645694732666,0.007367463273112662,-255.7732117474079,53.82694289090215,2.0,0.6746906340122223,
232000,172.79018807411194,-231.35654091835022,39.25884595842119,-0.00297240979939426,23.811341094970704,1.2889543414115905,0.003380089173151646,-255.7732117474079,53.82694289090215,2.0,0.6767606019973755,
236000,175.70253682136536,-221.76154613494873,36.168762704673874,-0.0018238356088986051,29.116279983520506,1.2442219495773315,0.0020547391038077565,-255.7732117474079,53.82694289090215,2.0,0.6738058447837829,
240000,178.6332221031189,-225.60815620422363,45.18990274446959,-0.001963336441918129,31.721081733703613,1.1651947736740111,0.004053293541267833,-255.7732117474079,53.82694289090215,2.0,0.6693019866943359,
244000,182.86413717269897,-233.03583526611328,41.03049341850653,-0.0018642485253221874,27.508348655700683,1.185381543636322,0.001750906599879576,-231.82640869915485,53.46543594802246,2.0,0.6731808066368103,
248000,185.82972240447998,-227.3411796092987,44.23791899889571,-0.001238856922388809,19.330158042907716,1.1860853672027587,0.003498306922847405,-231.82640869915485,53.46543594802246,2.0,0.672436535358429,
252000,188.7655370235443,-233.65719270706177,42.53829918793389,-0.0009117872426771423,28.51091785430908,1.192771816253662,0.0018041225237539038,-231.82640869915485,53.46543594802246,2.0,0.66356081366539,
256000,191.69272351264954,-228.84031081199646,38.31639714904224,-0.002447928505057151,24.216815376281737,1.3040793061256408,0.003624350189464165,-231.82640869915485,53.46543594802246,2.0,0.6698542237281799,
260000,194.60502195358276,-227.09977102279663,41.23893974703203,-0.0008728950742127762,28.729466247558594,1.278117823600769,0.002395591884851456,-231.82640869915485,53.46543594802246,2.0,0.6646781504154206,
264000,197.54201674461365,-219.82612872123718,41.50903458393316,-0.0019495690121450692,20.37619924545288,1.3224424600601197,0.003704768695596916,-231.82640869915485,53.46543594802246,2.0,0.6674504816532135,
268000,200.48028445243835,-224.40298581123352,42.131007913426664,-0.0026971097006216914,19.34207639694214,1.3106457948684693,0.002522050638333895,-231.82640869915485,53.46543594802246,2.0,0.6657229244709015,
272000,203.43387603759766,-218.32575058937073,33.63807010151038,-0.0037369830620785473,17.627966499328615,1.2904019951820374,0.0035773994657017027,-231.82640869915485,53.46543594802246,2.0,0.6617115259170532,
276000,206.37443232536316,-219.04666352272034,44.96521008733613,-0.0026135620933103675,27.906316566467286,1.2986736297607422,0.0026839424339899164,-231.82640869915485,53.46543594802246,2.0,0.6634277522563934,
280000,209.29521298408508,-223.78164148330688,41.44666310980828,-0.002360061149510617,28.480418014526368,1.323595368862152,0.0036609919334296137,-231.82640869915485,53.46543594802246,2.0,0.6745749235153198,
284000,213.45078825950623,-215.81818985939026,34.79441435636661,-0.0025188207110428797,20.367888355255126,1.2567400932312012,0.0030535139741841855,-227.6402264982462,41.98722850099921,2.0,0.6661444187164307,
288000,216.38844180107117,-232.21144247055054,39.89090691157324,-0.0015948063475273778,26.755503273010255,1.3036633372306823,0.004528301436454063,-227.6402264982462,41.98722850099921,2.0,0.6640476047992706,
292000,219.3054223060608,-211.53913187980652,32.75641676068986,-0.001879247621468183,18.07655735015869,1.2418636798858642,0.0016875865490874275,-227.6402264982462,41.98722850099921,2.0,0.6701608955860138,
296000,222.22061371803284,-229.5533218383789,46.301315841641745,-0.0031132087156099165,23.668115425109864,1.2369102835655212,0.0040177292423322795,-227.6402264982462,41.98722850099921,2.0,0.6651618361473084,
300000,225.13879299163818,-219.45372402668,42.065597278051804,-0.003293250137396786,19.241054344177247,1.1308841109275818,0.00480055883705306,-227.6402264982462,41.98722850099921,2.0,0.6618497848510743,
304000,228.05596256256104,-225.58204531669617,42.623735930086,-0.0029453252881843197,21.88198318481445,1.168339204788208,0.003352049062727014,-227.6402264982462,41.98722850099921,2.0,0.6637427926063537,
308000,230.99323797225952,-222.0756392478943,40.75563491867874,-0.0024485406211679273,20.640012359619142,1.1538835406303405,0.0010944600370324533,-227.6402264982462,41.98722850099921,2.0,0.6613778948783875,
312000,233.9393286705017,-228.50984597206116,40.64867585877395,-0.0012403722320716958,27.356432723999024,1.0661671042442322,0.0015291504882043228,-227.6402264982462,41.98722850099921,2.0,0.6390681862831116,
316000,236.8538851737976,-227.5988154411316,43.549937827397855,-0.0018670837882673653,24.63249568939209,1.0685141324996947,0.0020161800261121244,-227.6402264982462,41.98722850099921,2.0,0.6242304742336273,
320000,239.75183725357056,-230.1220943927765,40.25926654689036,-0.0020026329598621826,18.234652042388916,1.027907931804657,0.0020771551513462327,-227.6402264982462,41.98722850099921,2.0,0.628127783536911,
324000,244.0160427093506,-245.48625373840332,39.36838914840802,-0.001770939236894886,25.482615089416505,0.9173061609268188,0.0027370420983061196,-252.5405272245407,43.21925007245166,2.0,0.6195337355136872,
328000,246.99114966392517,-239.51212882995605,47.230967922130134,-0.0017787786014183738,29.256782913208006,0.898222702741623,0.0020158897787041496,-252.5405272245407,43.21925007245166,2.0,0.6140474557876587,
332000,249.92897748947144,-235.66774606704712,40.43596489347372,-0.0018123771511115328,22.351389122009277,0.9743479907512664,0.0010531385451031383,-252.5405272245407,43.21925007245166,2.0,0.6157601952552796,
336000,252.85925269126892,-237.46765971183777,35.52887557683502,-0.0027260470427572514,16.42219743728638,0.9527648389339447,0.0027601538880456466,-252.5405272245407,43.21925007245166,2.0,0.6259056687355041,
340000,255.75901341438293,-245.00568389892578,43.89753432688209,-0.002228602139483016,18.86627902984619,0.9267642319202423,0.0036692811409011483,-252.5405272245407,43.21925007245166,2.0,0.6175479471683503,
344000,258.6836860179901,-234.7708694934845,47.20451410311045,-0.0022840818648692364,25.025606155395508,0.8988888919353485,0.004108435986563563,-252.5405272245407,43.21925007245166,2.0,0.6182981431484222,
348000,261.5131676197052,-228.4586958885193,44.392687797700745,-0.0017615861551603328,21.38687334060669,0.9629627466201782,0.0031423303531482815,-252.5405272245407,43.21925007245166,2.0,0.637895917892456,
352000,264.4558804035187,-222.9497995376587,40.420582007898496,-0.004378695840171231,13.679833602905273,1.0057555377483367,0.005773531876038751,-252.5405272245407,43.21925007245166,2.0,0.639761221408844,
356000,267.38300371170044,-222.39708971977234,32.808759095909764,-0.0024794196515188884,16.48188352584839,1.004010224342346,0.0016133808758240775,-252.5405272245407,43.21925007245166,2.0,0.6413715064525605,
360000,270.3037860393524,-230.7849087715149,44.06155437242284,-0.0008305590519340101,27.024669456481934,0.9875242054462433,0.0022841501399331497,-252.5405272245407,43.21925007245166,2.0,0.6403288125991822,
364000,274.4519512653351,-225.02030563354492,38.45750713260658,-0.001921752677376709,16.508605098724367,1.0022987246513366,0.0016280504874885081,-250.10901054739952,58.39277177980296,2.0,0.654328453540802,
368000,277.3975157737732,-232.40440464019775,44.78827043762526,-0.0034720411768260685,20.603802013397218,0.9908386945724488,0.0036073499679332597,-250.10901054739952,58.39277177980296,2.0,0.6440195083618164,
372000,280.33001255989075,-215.73499464988708,40.191280917552426,-0.0035539780615363448,16.67933597564697,1.0914249062538146,0.0051005279645323755,-250.10901054739952,58.39277177980296,2.0,0.6480547249317169,
376000,283.2660319805145,-233.28327751159668,47.0415356922878,-0.0028090659625207405,19.918648433685302,1.0529162883758545,0.0018533085501985624,-250.10901054739952,58.39277177980296,2.0,0.645126348733902,
380000,286.2105507850647,-224.11418390274048,45.401037958342215,-0.0024271304766880775,20.95303421020508,1.0708183526992798,0.0004930849880523391,-250.10901054739952,58.39277177980296,2.0,0.635243809223175,
384000,289.1466624736786,-202.89108800888062,35.955157278156825,-0.002073236073835405,29.220244026184083,1.1297195553779602,0.003231358071090651,-250.10901054739952,58.39277177980296,2.0,0.637531042098999,
388000,292.0597105026245,-202.5161440372467,30.306634981526962,-0.004249054738320402,21.031990337371827,1.1092145681381225,0.005153131695988122,-250.10901054739952,58.39277177980296,2.0,0.6425944626331329,
392000,294.9736406803131,-208.1805760860443,36.591141505900964,-0.0026511861464046937,23.97660274505615,1.1109958171844483,0.003658488587825559,-250.10901054739952,58.39277177980296,2.0,0.6472842574119568,
396000,297.9035918712616,-202.85327744483948,29.38158560864643,-0.003866139042637462,14.481016445159913,1.1415968179702758,0.0028364084078930317,-250.10901054739952,58.39277177980296,2.0,0.6393656730651855,
400000,300.8361909389496,-204.98636555671692,37.5131449494472,-0.0030132620494890184,24.11807041168213,1.1204099893569945,0.004215138661675155,-250.10901054739952,58.39277177980296,2.0,0.6549471139907836,
404000,305.1292610168457,-203.38130140304565,29.23904139263885,-0.0024549767747812368,15.861078262329102,1.093713116645813,0.005826552916551009,-208.77069322019815,37.934072515362764,2.0,0.6516255140304565,
408000,308.1214666366577,-204.96928763389587,44.67854546197377,-0.002220951899580559,21.992922210693358,1.1514032244682313,0.002785672557423824,-208.77069322019815,37.934072515362764,2.0,0.6591719448566437,
412000,310.99978017807007,-205.53007698059082,33.0581933592738,-0.003535939475599115,19.276404476165773,1.1104434251785278,0.0038329318340402097,-208.77069322019815,37.934072515362764,2.0,0.6496798574924469,
416000,313.79453563690186,-205.99202847480774,37.14372211021162,-0.002648166108381744,17.930881786346436,1.0932415008544922,0.004050433228539397,-208.77069322019815,37.934072515362764,2.0,0.6122196257114411,
420000,316.5485246181488,-204.6952247619629,37.50589284676757,-0.00219522920041344,24.352026748657227,1.101519811153412,0.0026202267714737298,-208.77069322019815,37.934072515362764,2.0,0.636287945508957,
424000,319.30159616470337,-193.90351605415344,33.60925656736169,-0.002316766146570437,25.210820579528807,1.11500883102417,0.001372914374951506,-208.77069322019815,37.934072515362764,2.0,0.6574283480644226,
428000,322.0496075153351,-204.55093050003052,30.712029709727034,-0.002217901280523371,19.43869094848633,1.161828589439392,0.0020472411363249956,-208.77069322019815,37.934072515362764,2.0,0.6457688689231873,
432000,324.87869691848755,-203.01936745643616,35.81427042325561,-0.004758145234858002,15.488122177124023,1.120812976360321,0.006358810151965977,-208.77069322019815,37.934072515362764,2.0,0.6390440106391907,
436000,327.81804609298706,-199.77287340164185,28.158234029409957,-0.0031503696825432746,17.318154048919677,1.1483402609825135,0.003152013209202176,-208.77069322019815,37.934072515362764,2.0,0.6426552951335907,
440000,330.7821900844574,-201.4542157649994,34.93945803255995,-0.0046175957207257754,17.313531398773193,1.1333284497261047,0.004442048784655833,-208.77069322019815,37.934072515362764,2.0,0.6507635414600372,
444000,335.08079409599304,-199.20320844650269,31.93403651919202,-0.0023787305319444064,13.050616931915282,1.10031498670578,0.0024118087079841644,-209.62303818017244,31.40921960685952,2.0,0.6516987681388855,
448000,338.07190680503845,-215.63864541053772,40.83293828406389,-0.0015801924600964412,21.11540756225586,1.041848111152649,0.0023242605820996687,-209.62303818017244,31.40921960685952,2.0,0.6481189131736755,
452000,340.98426818847656,-212.489413022995,30.39428148810452,-0.002666464129055379,18.210324573516846,1.0766622066497802,0.005247580050490796,-209.62303818017244,31.40921960685952,2.0,0.6182581543922424,
456000,343.9184696674347,-210.48233437538147,37.53183280859814,-0.001817361471262613,18.6413405418396,1.0984469175338745,0.002621247279806993,-209.62303818017244,31.40921960685952,2.0,0.6217995643615722,
460000,346.8401641845703,-223.54497694969177,37.86042798171342,-0.0027108781366066204,25.766441917419435,1.0144722938537598,0.006234327548998409,-209.62303818017244,31.40921960685952,2.0,0.6093162953853607,
464000,349.7632806301117,-205.73483800888062,35.17581463210173,-0.0024022327411802992,16.557588195800783,0.9963702738285065,0.008225006674183532,-209.62303818017244,31.40921960685952,2.0,0.5961175560951233,
468000,352.6816523075104,-210.04650926589966,33.20317692779622,-0.0025734243188441754,25.571721267700195,1.062245535850525,0.003563679110511053,-209.62303818017244,31.40921960685952,2.0,0.6068307220935821,
472000,355.6386320590973,-208.21462845802307,33.58904162322906,-0.0029932789195251885,16.233100128173827,1.0407103180885315,0.002111597190378234,-209.62303818017244,31.40921960685952,2.0,0.5735380053520203,
476000,358.5584673881531,-218.6284774541855,35.33025385329146,-0.0015351831298030306,23.64211769104004,1.0188279151916504,0.0016067384136452644,-209.62303818017244,31.40921960685952,2.0,0.5635270178318024,
480000,361.50404238700867,-210.93414092063904,28.39774941721566,-0.004262269620317971,11.90985107421875,1.043696904182434,0.0064728758647106584,-209.62303818017244,31.40921960685952,2.0,0.5783061504364013,
484000,365.9283208847046,-207.21472597122192,33.03059129298119,-0.004452335304114907,16.486870288848877,1.0814386129379272,0.0057750028693117185,-219.71834494173527,35.372050089158925,2.0,0.5843913137912751,
488000,368.9206483364105,-210.16216588020325,36.61320890814051,-0.0027090712743423674,20.296308517456055,1.0661396622657775,0.0019243516384934711,-219.71834494173527,35.372050089158925,2.0,0.6018978238105774,
492000,371.8943302631378,-210.54496097564697,40.24706604426763,-0.002640302706082931,16.4684326171875,1.0646387219429017,0.0055536553845740855,-219.71834494173527,35.372050089158925,2.0,0.6060240268707275,
496000,374.8395185470581,-211.20869302749634,37.46986177778548,-0.0021930819499539566,14.63136396408081,1.0570820450782776,0.003732865629717708,-219.71834494173527,35.372050089158925,2.0,0.5817235231399536,
500000,377.76571321487427,-202.49162483215332,27.66668287010635,-0.003086409848105864,14.29915657043457,1.0700842022895813,0.0022111746307928114,-219.71834494173527,35.372050089158925,2.0,0.5950047671794891,
504000,380.70361709594727,-209.57436800003052,34.97531443972121,-0.0020451790060761255,21.466352272033692,1.0683319330215455,0.0037895708461292087,-219.71834494173527,35.372050089158925,2.0,0.5947751104831696,
508000,383.6356625556946,-210.80929136276245,35.12761475255622,-0.0029019993291391267,17.93591203689575,1.0800849199295044,0.0032347283710259856,-219.71834494173527,35.372050089158925,2.0,0.5790872395038604,
512000,386.60571122169495,-209.68714833259583,35.28210023921046,-0.001933228725198788,13.976839351654053,1.04744393825531,0.004468792933039367,-219.71834494173527,35.372050089158925,2.0,0.5819123983383179,
516000,389.6005403995514,-221.3236267566681,36.817117234348395,-0.0039437064135757535,16.217663192749022,1.0072399258613587,0.006632303207879886,-219.71834494173527,35.372050089158925,2.0,0.5670787930488587,
520000,392.5316815376282,-223.96938824653625,41.40744312157827,-0.005699454848188878,24.233097267150878,0.9822109997272491,0.006450004898943007,-219.71834494173527,35.372050089158925,2.0,0.5423905193805695,
524000,396.86407995224,-223.09649181365967,37.867752888152935,-0.003245489445204619,15.282390308380126,0.9086525619029999,0.0062617711089163475,-236.4813924729824,38.084663577538485,2.0,0.5604556739330292,
528000,399.8226878643036,-216.77717113494873,35.75682166625186,-1.186671743926837e-05,20.25714702606201,1.0037747025489807,0.0034499392058933154,-236.4813924729824,38.084663577538485,2.0,0.5610350728034973,
532000,402.7673978805542,-205.60044741630554,26.805743345066535,-0.0025445967336612087,12.363739109039306,0.9699935615062714,0.005922982795163989,-236.4813924729824,38.084663577538485,2.0,0.5675126552581787,
536000,405.71741247177124,-213.5856374502182,35.9495035250871,-0.003459121663433806,13.488073825836182,0.9816382050514221,0.005553212761878967,-236.4813924729824,38.084663577538485,2.0,0.5432850778102875,
540000,408.656551361084,-205.11126792430878,31.469132181763225,-0.0025413056492107344,17.74144411087036,1.0305468320846558,0.004277610911405638,-236.4813924729824,38.084663577538485,2.0,0.5480976521968841,
544000,411.594354391098,-209.22977936267853,41.35857000538313,-0.0017420277154548635,17.978761672973633,1.0519355654716491,0.004788751443227135,-236.4813924729824,38.084663577538485,2.0,0.5361851990222931,
548000,414.4930944442749,-209.55314540863037,28.986727747360103,-0.003824695055761085,12.952283573150634,1.0480400919914246,0.0023065876261486374,-236.4813924729824,38.084663577538485,2.0,0.5169741213321686,
552000,417.40863013267517,-221.26699137687683,35.48343581523911,-0.0036958495299331817,24.48494071960449,1.0524542212486268,0.003313091181917116,-236.4813924729824,38.084663577538485,2.0,0.5218533158302308,
556000,420.3423013687134,-204.01985692977905,33.25031623200421,-0.0023863978933853502,19.7408145904541,1.0178577899932861,0.0016951894857532678,-236.4813924729824,38.084663577538485,2.0,0.491232168674469,
560000,423.2369396686554,-205.3287651538849,44.98714536755783,-0.002577659907382135,26.182616996765137,1.0439994215965271,0.005139903043163941,-236.4813924729824,38.084663577538485,2.0,0.5388807356357574,
564000,427.53583669662476,-196.47124791145325,31.470011832133416,-0.005297986597521209,21.51536273956299,1.1242972254753112,0.006776387713112253,-208.86989153176546,39.195904398200966,2.0,0.569667649269104,
568000,430.49897623062134,-209.7768039703369,31.847091472722212,-0.004505702695440661,18.2439621925354,1.0841637253761292,0.00483702018391341,-208.86989153176546,39.195904398200966,2.0,0.5225480198860168,
572000,433.4528138637543,-198.10543811321259,35.939476582142326,-0.00333451196457224,19.957858085632324,1.0661766171455382,0.0029741729114515112,-208.86989153176546,39.195904398200966,2.0,0.5237394154071808,
576000,436.39054799079895,-204.83518481254578,32.71070995516269,-0.0031017305163744237,26.416341972351074,1.0982258439064025,0.0028385023123895124,-208.86989153176546,39.195904398200966,2.0,0.5134688377380371,
580000,439.32712602615356,-214.56644892692566,33.738131447743825,-0.0032574416254841144,20.647372913360595,1.0302759051322936,0.0020959929534001276,-208.86989153176546,39.195904398200966,2.0,0.5102016985416412,
584000,442.2294497489929,-212.91693902015686,33.007810127623294,-0.0043891074292672135,17.569148445129393,1.0312703490257262,0.0016080863795650657,-208.86989153176546,39.195904398200966,2.0,0.49144781827926637,
588000,445.1632022857666,-202.07539343833923,34.119910313325626,-0.004272402362975658,15.35790719985962,1.031949245929718,0.0033783758688950894,-208.86989153176546,39.195904398200966,2.0,0.5177074551582337,
592000,448.10088777542114,-216.71577858924866,42.95793466463089,-0.0030848170941850774,18.20244140625,1.0242937207221985,0.0029807546220254276,-208.86989153176546,39.195904398200966,2.0,0.5001270949840546,
596000,451.04081535339355,-209.46527886390686,41.66963682144967,-0.0024731197008708962,23.09917755126953,1.0222768425941466,0.004549816330662005,-208.86989153176546,39.195904398200966,2.0,0.4880900949239731,
600000,453.99750900268555,-204.89551901817322,29.837959533235736,-0.003361810348384786,17.640788078308105,1.0566673517227172,0.003979108101765938,-208.86989153176546,39.195904398200966,2.0,0.4827930450439453,
604000,458.22822737693787,-205.23969221115112,33.233835636805715,-0.0022753683818591552,20.697898864746094,1.0937463641166687,0.004873581401848548,-211.9032514989376,47.077833896942096,2.0,0.5111594915390014,
608000,461.0416827201843,-199.32218492031097,31.49522554187288,-0.00438638320914464,15.785692119598389,1.0776432394981383,0.006569673249032348,-211.9032514989376,47.077833896942096,2.0,0.5292819857597351,
612000,463.8601543903351,-209.37291955947876,37.01759658750829,-0.0022936421685929797,14.404192638397216,1.0278853893280029,0.0017837300802736379,-211.9032514989376,47.077833896942096,2.0,0.5107720494270325,
616000,466.8087155818939,-205.98496675491333,33.716693696177146,-0.003419993355181461,14.92945384979248,1.0132344365119934,0.0030476815503789113,-211.9032514989376,47.077833896942096,2.0,0.5388616323471069,
620000,469.695259809494,-210.97359561920166,39.93780341461493,-0.003060613217424102,14.863267517089843,1.0066894173622132,0.004702501802239567,-211.9032514989376,47.077833896942096,2.0,0.5272729516029357,
624000,472.4762976169586,-208.2410056591034,34.00349116731395,-0.0030066942293974106,13.320124435424805,0.9834976971149445,0.011347942060635736,-211.9032514989376,47.077833896942096,2.0,0.4978107392787933,
628000,475.32590222358704,-204.55400729179382,38.248681465327564,-0.00226164616132154,22.667107582092285,0.9818332850933075,0.004567604350935106,-211.9032514989376,47.077833896942096,2.0,0.5247420132160187,
632000,478.2756280899048,-210.3111617565155,35.73556767574688,-0.0021916247270613366,16.874776554107665,0.9922079801559448,0.009698472585296259,-211.9032514989376,47.077833896942096,2.0,0.4701992362737656,
636000,481.2254717350006,-206.9598424434662,36.54189493397982,-0.00383855624815137,16.725365543365477,0.9828221321105957,0.004480103924288414,-211.9032514989376,47.077833896942096,2.0,0.47044705748558047,
640000,484.1580572128296,-211.24488925933838,35.69291298521774,-0.0019993674897705203,14.345371627807618,0.984538346529007,0.005828985630068928,-211.9032514989376,47.077833896942096,2.0,0.48219920992851256,
644000,488.462256193161,-214.2930552959442,34.682086629103964,-0.0028668361194795545,16.11835174560547,0.9785646557807922,0.00636634319962468,-219.0378850698471,38.02932628729753,2.0,0.49091498255729676,
648000,491.4272222518921,-204.94579827785492,36.47968230996857,-0.003196890421221399,15.32387752532959,0.9610218942165375,0.005582182131940505,-219.0378850698471,38.02932628729753,2.0,0.4742926836013794,
652000,494.40460777282715,-205.9836802482605,36.47237455874615,-0.002883122560218909,15.432116031646729,0.9424048125743866,0.0036094740673433988,-219.0378850698471,38.02932628729753,2.0,0.49122717678546907,
656000,497.373539686203,-203.97140109539032,32.350696919493764,-0.001922192088396102,11.557698917388915,0.9356347739696502,0.004419487276502575,-219.0378850698471,38.02932628729753,2.0,0.5065708994865418,
660000,500.3305153846741,-202.75252270698547,27.3557952942662,-0.004210409249576763,10.994500827789306,0.8637207567691803,0.005516605652791137,-219.0378850698471,38.02932628729753,2.0,0.5069376409053803,
664000,503.27463126182556,-201.4561504125595,40.49085357052389,-0.002329260895339136,14.952724170684814,0.8881846785545349,0.003533285131212327,-219.0378850698471,38.02932628729753,2.0,0.5122102916240692,
668000,506.1616373062134,-204.91458702087402,37.55022776180168,-0.004862279544274095,16.30069589614868,0.9036334455013275,0.012593520451957985,-219.0378850698471,38.02932628729753,2.0,0.5324952363967895,
672000,509.0799939632416,-205.72403633594513,38.680460126962736,-0.0032882506398406617,15.7318039894104,0.8486538708209992,0.007623432417089737,-219.0378850698471,38.02932628729753,2.0,0.508927196264267,
676000,512.0124819278717,-217.39374375343323,44.08777565814574,-0.0022365713505617447,18.793737506866456,0.8599455118179321,0.0041294903145171705,-219.0378850698471,38.02932628729753,2.0,0.503537380695343,
680000,514.9277980327606,-197.23516702651978,35.41613186333322,-0.0031066785333241143,20.235284423828126,0.8886735618114472,0.007129308700677938,-219.0378850698471,38.02932628729753,2.0,0.5107353210449219,
684000,519.090963602066,-204.07097053527832,38.04835114062993,-0.004544479784187061,16.592055225372313,0.915811401605606,0.002637665489800081,-206.58855056762695,32.16995789424045,2.0,0.5012748599052429,
688000,521.9984776973724,-206.4453263282776,40.05766299958948,-0.0031468552822286,18.473487377166748,0.907289731502533,0.005450356428627856,-206.58855056762695,32.16995789424045,2.0,0.5182164192199707,
692000,524.930820941925,-198.19891357421875,32.84998239378185,-0.0027656021233124052,11.409177684783936,0.8175297856330872,0.005766755354125052,-206.58855056762695,32.16995789424045,2.0,0.49912727773189547,
696000,527.8669664859772,-205.0055603981018,36.14638882755875,-0.00308080517157201,19.447994804382326,0.7644210934638977,0.0031231346801505744,-206.58855056762695,32.16995789424045,2.0,0.5044066488742829,
700000,530.7903983592987,-204.05628752708435,37.97226091936555,-0.0036936925711537503,25.28076305389404,0.8200595319271088,0.00611747991933953,-206.58855056762695,32.16995789424045,2.0,0.49054945111274717,
704000,533.723757982254,-210.6617991924286,33.57230689971362,-0.0026900878249046744,16.122951793670655,0.8232578635215759,0.005803749041787043,-206.58855056762695,32.16995789424045,2.0,0.4933477759361267,
708000,536.65580701828,-205.9809684753418,34.10797502441651,-0.0029094685888850337,27.49708366394043,0.8572208642959595,0.007234592316672206,-206.58855056762695,32.16995789424045,2.0,0.47557086050510405,
712000,539.5869374275208,-210.55457723140717,34.64070909014049,-0.0024049816031475046,14.667706108093261,0.8630510687828064,0.004866759635789397,-206.58855056762695,32.16995789424045,2.0,0.4770394742488861,
716000,542.5124201774597,-199.03038048744202,34.319217050217866,-0.0019137022062253096,18.907019519805907,0.8814321398735047,0.003901927196420729,-206.58855056762695,32.16995789424045,2.0,0.4845178425312042,
720000,545.4683794975281,-208.8256242275238,39.53733861837463,-0.005117603038127227,11.536267375946045,0.8912458717823029,0.007026590750319884,-206.58855056762695,32.16995789424045,2.0,0.4993105947971344,
724000,549.7113020420074,-194.8860104084015,31.597635071646955,-0.003156012449335943,10.458811473846435,0.8805140614509582,0.005805244038657609,-201.53169161081314,30.219235248177174,2.0,0.46201308369636535,
728000,552.6680898666382,-194.23613512516022,31.990401577432973,-0.0039209437788037425,24.098812294006347,0.8882583737373352,0.007878912553346407,-201.53169161081314,30.219235248177174,2.0,0.47421336770057676,
732000,555.5829975605011,-205.4015543460846,34.75394721254018,-0.005331296039667599,15.47267780303955,0.8845472931861877,0.009279078640975057,-201.53169161081314,30.219235248177174,2.0,0.46157280206680296,
736000,558.5253546237946,-191.8425077199936,36.66545893031054,-0.003018997533217771,20.082730865478517,0.854084700345993,0.0045987762364869235,-201.53169161081314,30.219235248177174,2.0,0.45698087811470034,
740000,561.5017275810242,-196.2955300807953,32.521590679445865,-0.0035207516837787445,14.675460529327392,0.913784259557724,0.008277998718898737,-201.53169161081314,30.219235248177174,2.0,0.4174945741891861,
744000,564.4300603866577,-192.8904435634613,29.22608668399478,-0.0033260944787568024,16.8228741645813,0.9149755597114563,0.007579799969370171,-201.53169161081314,30.219235248177174,2.0,0.4587989538908005,
748000,567.3634159564972,-201.47219681739807,37.396666365323426,-0.003918109126088342,21.347937774658202,0.9094702720642089,0.004530671253451146,-201.53169161081314,30.219235248177174,2.0,0.42109134793281555,
752000,570.3160150051117,-208.91668581962585,49.45876676625801,-0.005163462914604011,17.22106122970581,0.9569428205490113,0.006293076460133306,-201.53169161081314,30.219235248177174,2.0,0.43706300258636477,
756000,573.2511978149414,-196.79401445388794,34.32279686441415,-0.0029243449200102136,19.01665916442871,0.9175815880298615,0.004294833295357725,-201.53169161081314,30.219235248177174,2.0,0.42931836247444155,
760000,576.2123484611511,-206.36231899261475,35.140541003243364,-0.0044755841036094425,14.66014747619629,0.9179633259773254,0.007600886437304633,-201.53169161081314,30.219235248177174,2.0,0.40051442980766294,
764000,580.3652539253235,-197.22295725345612,32.73046173080081,-0.00306437727770148,13.048128890991212,0.8682540953159332,0.0030689968014485204,-201.7668683156371,34.59854215473267,2.0,0.4309980183839798,
768000,583.3151688575745,-214.84689259529114,36.30282910449077,-0.004273668998876623,15.046661376953125,0.8867453753948211,0.00824790430247473,-201.7668683156371,34.59854215473267,2.0,0.44587100148200987,
772000,586.2593991756439,-208.84040355682373,31.99902999036283,-0.003914252130625151,20.74162139892578,0.8839674472808838,0.0049029102727072395,-201.7668683156371,34.59854215473267,2.0,0.4395497590303421,
776000,589.196916103363,-199.07319355010986,33.785641229285446,-0.003932105355769977,18.85697708129883,0.9306797206401825,0.006714835669845343,-201.7668683156371,34.59854215473267,2.0,0.45492033660411835,
780000,592.1223697662354,-197.4312070608139,31.360669078838296,-0.0036875865260760144,13.003257656097412,0.9320426464080811,0.004844820690923379,-201.7668683156371,34.59854215473267,2.0,0.46136912107467654,
784000,595.042788028717,-198.98868703842163,32.80356689080948,-0.002455439471212806,20.159373664855956,0.898872172832489,0.004344987258809852,-201.7668683156371,34.59854215473267,2.0,0.4911204844713211,
788000,597.9878344535828,-194.14214897155762,26.69843552373329,-0.00485460202108765,11.495818614959717,0.9161399602890015,0.006037639500573277,-201.7668683156371,34.59854215473267,2.0,0.4852621555328369,
792000,600.9313561916351,-196.8329474925995,28.494434422210304,-0.003294663980642021,17.238108825683593,0.9045585036277771,0.004444587475154549,-201.7668683156371,34.59854215473267,2.0,0.5037366271018981,
796000,603.8390512466431,-204.63899505138397,33.397013690266554,-0.0056521600042469975,17.92656183242798,0.8743822634220123,0.0053769345860928295,-201.7668683156371,34.59854215473267,2.0,0.5171795547008514,
800000,606.6914646625519,-201.06468296051025,33.35661286871625,-0.003644781208868775,15.176773357391358,0.8744754552841186,0.006502818040704983,-201.7668683156371,34.59854215473267,2.0,0.5100190818309784,
804000,610.9199826717377,-202.5059574842453,31.721020976781695,-0.004666586375717685,15.015341091156007,0.9075579345226288,0.00872139222105034,-201.2436279579997,32.09176108346116,2.0,0.501635468006134,
808000,613.8426010608673,-198.72502303123474,31.162762866702803,-0.003859561675136014,21.823160934448243,0.8156414449214935,0.00678588030859828,-201.2436279579997,32.09176108346116,2.0,0.49830633997917173,
812000,616.6504778862,-202.99415802955627,32.99866809108235,-0.004031343814606458,17.19052858352661,0.821706360578537,0.009232682536821812,-201.2436279579997,32.09176108346116,2.0,0.5017602562904357,
816000,619.4380097389221,-204.34435176849365,34.20404234508949,-0.005483457573922346,17.80918445587158,0.8272142946720124,0.006064390392197971,-201.2436279579997,32.09176108346116,2.0,0.4865108788013458,
820000,622.2152841091156,-211.8505153656006,37.03092967539012,-0.0034451920012943393,25.268237495422362,0.7345174968242645,0.004658715182449669,-201.2436279579997,32.09176108346116,2.0,0.47569279074668885,
824000,625.0964908599854,-206.08349800109863,34.683424890612336,-0.004507876423032364,18.693960857391357,0.7646818101406098,0.005119552472024225,-201.2436279579997,32.09176108346116,2.0,0.49475777745246885,
828000,628.03284740448,-210.653085231781,36.22217575216629,-0.003559712384031932,20.127747535705566,0.7451826333999634,0.005791984463576228,-201.2436279579997,32.09176108346116,2.0,0.4669437050819397,
832000,630.9870076179504,-208.68002223968506,33.66624466127114,-0.003794542765147746,17.839562702178956,0.7544678092002869,0.005118974627112039,-201.2436279579997,32.09176108346116,2.0,0.45329475998878477,
836000,633.8962600231171,-199.5554563999176,34.592507853374755,-0.005259925719971447,18.988784408569337,0.7647924959659577,0.004685068207870557,-201.2436279579997,32.09176108346116,2.0,0.4925484091043472,
840000,636.8372457027435,-202.5981776714325,32.22447680554612,-0.004785202771813291,15.3991849899292,0.8131940543651581,0.008342087997977313,-201.2436279579997,32.09176108346116,2.0,0.4792451947927475,
844000,641.0113954544067,-204.08052825927734,32.28147954658975,-0.0017138082110905062,25.72237071990967,0.788096296787262,0.00538782721851021,-209.92768256366253,37.1580642910877,2.0,0.4665492236614227,
848000,643.8215551376343,-204.66193449497223,34.09491114592271,-0.004013542263535785,16.231681156158448,0.791922390460968,0.007824903298605934,-209.92768256366253,37.1580642910877,2.0,0.47400428652763366,
852000,646.6706695556641,-201.1940643787384,30.614459837447107,-0.0023529134494406634,16.609205627441405,0.8264074623584747,0.014872334338724614,-209.92768256366253,37.1580642910877,2.0,0.4875026971101761,
856000,649.486424446106,-202.49693393707275,40.159190233884125,-0.0038952024936442344,18.72287759780884,0.8342629313468933,0.008255682618822901,-209.92768256366253,37.1580642910877,2.0,0.4800460755825043,
860000,652.2765905857086,-197.8205305337906,35.09043020916445,-0.004078702287903635,16.277759742736816,0.8099117457866669,0.004549343783097992,-209.92768256366253,37.1580642910877,2.0,0.5009898185729981,
864000,655.091463804245,-191.13648974895477,37.57599565068392,-0.003044440695045836,16.36464023590088,0.8233642160892487,0.005913900374434888,-209.92768256366253,37.1580642910877,2.0,0.49683552980422974,
868000,657.8811385631561,-207.42963576316833,34.96604652453037,-0.0018240890919503983,18.986171340942384,0.7692955315113068,0.004390833471824118,-209.92768256366253,37.1580642910877,2.0,0.499968558549881,
872000,660.6821208000183,-204.91742587089539,25.76302397017781,-0.00400463827334655,14.51242799758911,0.7591060101985931,0.010779905749795348,-209.92768256366253,37.1580642910877,2.0,0.5175631523132325,
876000,663.477855682373,-203.82219398021698,37.927000052794845,-0.0029745817950073026,27.551166915893553,0.7450284779071807,0.004420539655257016,-209.92768256366253,37.1580642910877,2.0,0.5052261531352997,
880000,666.2622344493866,-205.90244507789612,35.24912278243704,-0.004274182626511891,23.512936973571776,0.7560774087905884,0.006155387672246437,-209.92768256366253,37.1580642910877,2.0,0.5078852713108063,
884000,670.3470191955566,-211.3582923412323,34.85848760405467,-0.0015418339604026832,20.080961418151855,0.7330927908420563,0.005956988642225047,-209.33430344611406,38.89558565573184,2.0,0.4870261937379837,
888000,673.1546609401703,-193.43368005752563,29.966706797673368,-0.001931252574315323,22.132192420959473,0.7219950556755066,0.008266026659713432,-209.33430344611406,38.89558565573184,2.0,0.5260782897472381,
892000,676.1208789348602,-205.84316873550415,38.79107540757325,-0.0037572566037997746,28.48115062713623,0.791256058216095,0.007714844646397978,-209.33430344611406,38.89558565573184,2.0,0.500803554058075,
896000,678.9866454601288,-200.4733076095581,36.883877579170026,-0.004053931109840048,20.95029182434082,0.7578397929668427,0.005421079039340837,-209.33430344611406,38.89558565573184,2.0,0.505073356628418,
900000,681.7619404792786,-205.83018112182617,40.74266669984844,-0.0036321373318012108,28.46001453399658,0.7348338842391968,0.004931944679546496,-209.33430344611406,38.89558565573184,2.0,0.48845944702625277,
904000,684.5614693164825,-210.76119136810303,31.693427951976098,-0.0029105625344284292,26.88226661682129,0.6593263983726502,0.006656268339448923,-209.33430344611406,38.89558565573184,2.0,0.5098825454711914,
908000,687.326071023941,-201.91777896881104,36.1823646371463,-0.0034922731427164955,30.170720291137695,0.7150886058807373,0.004257487319875519,-209.33430344611406,38.89558565573184,2.0,0.47610310912132264,
912000,690.086877822876,-186.64316260814667,31.559039215124805,-0.0051667325175367654,22.199118232727052,0.7625366687774658,0.006775854944135062,-209.33430344611406,38.89558565573184,2.0,0.5018243491649628,
916000,692.8995652198792,-199.46801924705505,29.54870479268226,-0.003200596281715562,17.212854957580568,0.718903911113739,0.007361975667299703,-209.33430344611406,38.89558565573184,2.0,0.48095541894435884,
920000,695.8359472751617,-195.76212239265442,32.86587366914835,-0.0026211596701370965,33.702010536193846,0.696320378780365,0.005386056075803935,-209.33430344611406,38.89558565573184,2.0,0.4914679765701294,
924000,700.1585340499878,-198.51173043251038,40.32049110355165,-0.004597321433868884,32.75598220825195,0.7481705367565155,0.006081196118611842,-199.20545057952404,38.646579793433176,2.0,0.49750420153141023,
928000,703.1474289894104,-193.34999752044678,37.75062434494472,-0.0045858618735801215,30.351691436767577,0.7236638963222504,0.007695510634221137,-199.20545057952404,38.646579793433176,2.0,0.45245612859725953,
932000,706.0997595787048,-193.31720972061157,36.29485088462674,-0.0032672761098170968,29.09388999938965,0.6903682231903077,0.002971781085943803,-199.20545057952404,38.646579793433176,2.0,0.5060586750507354,
936000,709.0462462902069,-198.78983235359192,34.88993459687594,-0.004490485332440564,25.243055725097655,0.6817511260509491,0.0038236819644225763,-199.20545057952404,38.646579793433176,2.0,0.4832596659660339,
940000,711.9902582168579,-200.4362976551056,35.79787322814881,-0.0029940960747190104,21.867871475219726,0.6367521524429322,0.006252808678041522,-199.20545057952404,38.646579793433176,2.0,0.4729197591543198,
944000,714.9157559871674,-197.81461596488953,34.50389954971186,-0.0052347480858831565,40.26801071166992,0.7288974463939667,0.0052384427235325996,-199.20545057952404,38.646579793433176,2.0,0.4853080570697784,
948000,717.8493134975433,-199.22479498386383,34.87453263734645,-0.005149795755899245,23.49623203277588,0.7392928004264832,0.0062032905640080575,-199.20545057952404,38.646579793433176,2.0,0.506707513332367,
952000,720.7879209518433,-196.90900647640228,37.33013348617235,-0.0032371484295387275,21.794851875305177,0.6365988373756408,0.006971930898667811,-199.20545057952404,38.646579793433176,2.0,0.5077822864055633,
956000,723.7121677398682,-192.29087507724762,37.9253519828925,-0.004745685928811661,21.98770389556885,0.6798494577407836,0.006609926162908475,-199.20545057952404,38.646579793433176,2.0,0.509275096654892,
960000,726.6557903289795,-197.38249135017395,40.69389431719344,-0.004581983501867703,16.96585531234741,0.6478267252445221,0.00966918203754661,-199.20545057952404,38.646579793433176,2.0,0.4922962039709091,
964000,731.0075731277466,-201.60397577285767,36.51715953821751,-0.0029335207492112935,24.403672790527345,0.6003788650035858,0.00589568461291492,-203.60910216718912,29.590343495478177,2.0,0.4746071070432663,
968000,733.9438478946686,-203.7487771511078,36.78479171406846,-0.002109627528542962,30.425762367248534,0.6064439535140991,0.004863415598675314,-203.60910216718912,29.590343495478177,2.0,0.490421062707901,
972000,736.9186618328094,-195.51807188987732,36.630803956758626,-0.003985181925934711,24.42143840789795,0.6545963525772095,0.0033152458170661704,-203.60910216718912,29.590343495478177,2.0,0.45711067914962766,
976000,739.8194885253906,-195.65117275714874,39.967713922282734,-0.004565558782895085,23.250748443603516,0.7291131496429444,0.006946708579547734,-203.60910216718912,29.590343495478177,2.0,0.4823259860277176,
980000,742.5929615497589,-199.26571440696716,30.08108940496025,-0.0027319943233546696,27.756531524658204,0.6595334827899932,0.006125867675291374,-203.60910216718912,29.590343495478177,2.0,0.423274838924408,
984000,745.3554964065552,-199.43178117275238,33.788660562819764,-0.001872688074542861,20.1878080368042,0.6317171216011047,0.009480677731335162,-203.60910216718912,29.590343495478177,2.0,0.474259951710701,
988000,748.1450288295746,-202.65151929855347,37.94337511952389,-0.004270440594913971,16.552777767181396,0.6639863133430481,0.003977984783705324,-203.60910216718912,29.590343495478177,2.0,0.4183822959661484,
992000,750.9701645374298,-203.44894921779633,37.56895502816631,-0.0034172920898417835,21.41282558441162,0.7138810098171234,0.0037600180545511288,-203.60910216718912,29.590343495478177,2.0,0.46435171365737915,
996000,753.9071090221405,-210.30689072608948,33.37863450076578,-0.004451052969787273,21.089160346984862,0.657869565486908,0.0037777329445816575,-203.60910216718912,29.590343495478177,2.0,0.45134274661540985,
1000000,756.8451890945435,-198.8762091398239,30.66721640147654,-0.0037343057391311164,16.974100875854493,0.6582985043525695,0.004987244544240354,-203.60910216718912,29.590343495478177,2.0,0.424087455868721,
1004000,760.9924387931824,-207.77885603904724,35.93471328095323,-0.002987797028482131,19.714869022369385,0.6590183258056641,0.004285640115267597,-213.13420514762402,28.955085340341544,2.0,0.4139419198036194,
1008000,763.8895015716553,-203.3691017627716,35.68572131019781,-0.0052236731785814785,21.747222328186034,0.6928349733352661,0.002973866241518408,-213.13420514762402,28.955085340341544,2.0,0.41258186399936675,
1012000,766.8340792655945,-194.51178455352783,35.27649002492849,-0.0032168345540024568,22.08541069030762,0.6568863570690155,0.005679002570104785,-213.13420514762402,28.955085340341544,2.0,0.4238252520561218,
1016000,769.7907354831696,-200.62439441680908,35.01898101276761,-0.003885880852079371,17.61271858215332,0.6354109466075897,0.003346198974516801,-213.13420514762402,28.955085340341544,2.0,0.42092912793159487,
1020000,772.7465329170227,-197.5336493253708,33.61732044560467,-0.0027647275535079173,24.32292594909668,0.6571923077106476,0.005815739802395305,-213.13420514762402,28.955085340341544,2.0,0.42349982261657715,
1024000,775.6400961875916,-202.79284024238586,36.717116227307095,-0.0027603834836432916,29.08667278289795,0.6346586346626282,0.00389455293355665,-213.13420514762402,28.955085340341544,2.0,0.4292887538671494,
1028000,778.4020071029663,-196.247518658638,35.59334740658365,-0.005231289079878465,15.875865936279297,0.6538227498531342,0.01190829721279445,-213.13420514762402,28.955085340341544,2.0,0.4723414838314056,
1032000,781.2542102336884,-202.9783605337143,33.079442805540175,-0.004390376644403049,21.078294944763183,0.6839499652385712,0.010587148055899892,-213.13420514762402,28.955085340341544,2.0,0.45640749037265776,
1036000,784.189291715622,-204.35123658180237,42.9496674235406,-0.003655012729888163,28.621834564208985,0.6558528542518616,0.008130741711705936,-213.13420514762402,28.955085340341544,2.0,0.4451060026884079,
1040000,787.131085395813,-202.07610833644867,40.072918510665716,-0.00546264121572797,21.708730506896973,0.6588269412517548,0.006325616640970111,-213.13420514762402,28.955085340341544,2.0,0.4374255806207657,
1044000,791.4301245212555,-188.5407316684723,26.060196563576977,-0.006538717354415002,18.216981410980225,0.70140261054039,0.00867294119670987,-199.2027042657137,36.27366058500469,2.0,0.47961107194423674,
1048000,794.3745353221893,-197.2230350971222,33.40929714911533,-0.0031476893541015015,27.285836601257323,0.721747237443924,0.0056858720548916605,-199.2027042657137,36.27366058500469,2.0,0.4396005153656006,
1052000,797.3083090782166,-195.48077297210693,34.32910336132312,-0.003776578906457928,27.197282981872558,0.6942991435527801,0.00775091060786508,-199.2027042657137,36.27366058500469,2.0,0.4486711472272873,
1056000,800.2369410991669,-195.98198580741882,38.92009386264209,-0.005020682815074284,28.79224910736084,0.7214734435081482,0.007127869187155733,-199.2027042657137,36.27366058500469,2.0,0.4096798300743103,
1060000,803.163462638855,-200.1207093000412,38.381478469181644,-0.003984503199656775,20.50769920349121,0.7191458523273468,0.006829938444541772,-199.2027042657137,36.27366058500469,2.0,0.46441452503204345,
1064000,806.0710983276367,-205.21428632736206,40.741783920351686,-0.003061954091846353,24.816270637512208,0.6925966322422028,0.00653420057958769,-199.2027042657137,36.27366058500469,2.0,0.42289226949214936,
1068000,808.9939920902252,-199.79982769489288,34.06523009156823,-0.0037594845970161826,21.15032043457031,0.6674930453300476,0.006336808123160153,-199.2027042657137,36.27366058500469,2.0,0.4462841719388962,
1072000,811.9189291000366,-206.63359832763672,38.808136951946466,-0.002718275291976191,18.55623941421509,0.6933816909790039,0.007945875747827813,-199.2027042657137,36.27366058500469,2.0,0.42865149676799774,
1076000,814.8263828754425,-200.55259370803833,33.697374531980266,-0.003255093413094734,23.54657917022705,0.7362387478351593,0.009964101527817548,-199.2027042657137,36.27366058500469,2.0,0.3826287776231766,
1080000,817.6701276302338,-201.3908188343048,30.993807739161753,-0.005139499916074186,19.66901025772095,0.7969328105449677,0.003895150356402155,-199.2027042657137,36.27366058500469,2.0,0.4211212247610092,
1084000,821.8453822135925,-200.83287060260773,36.545266765682506,-0.0033125134785660037,19.602330017089844,0.75246941447258,0.004170548464579049,-199.44710271060467,29.418459803998353,2.0,0.4152450650930405,
1088000,824.7814037799835,-204.07127571105957,35.90928499337534,-0.004132936643281316,19.76281852722168,0.7484093904495239,0.006577715503439929,-199.44710271060467,29.418459803998353,2.0,0.39854021072387696,
1092000,827.7153372764587,-200.13510417938232,33.94004978452569,-0.004402952862437815,20.742136764526368,0.778224891424179,0.007427373060490949,-199.44710271060467,29.418459803998353,2.0,0.366116064786911,
1096000,830.6585142612457,-192.85474300384521,31.750926697639844,-0.004015136057899027,21.598129272460938,0.7594752311706543,0.005327250795632915,-199.44710271060467,29.418459803998353,2.0,0.41883060038089753,
1100000,833.6046476364136,-191.38055217266083,35.288826558068294,-0.005243685849709401,12.856166458129882,0.697602504491806,0.003440374800062296,-199.44710271060467,29.418459803998353,2.0,0.4153920501470566,
1104000,836.5173630714417,-200.71369123458862,35.1936710353409,-0.004913274178203775,19.10641736984253,0.7588605403900146,0.007170944954656688,-199.44710271060467,29.418459803998353,2.0,0.3924739480018616,
1108000,839.4342956542969,-200.59248185157776,38.71955133550217,-0.0030548958818350513,23.587744331359865,0.6555371165275574,0.0056954357251524975,-199.44710271060467,29.418459803998353,2.0,0.3804244726896286,
1112000,842.346348285675,-193.9366226196289,36.32797160888313,-0.004208326627810788,16.898481941223146,0.6536702275276184,0.00626418722094968,-199.44710271060467,29.418459803998353,2.0,0.40786736011505126,
1116000,845.313493013382,-200.7397518157959,42.28432177272972,-0.002437243565567826,23.61980209350586,0.6143320739269257,0.0064261013467330486,-199.44710271060467,29.418459803998353,2.0,0.3718274921178818,
1120000,848.2380776405334,-198.0606837272644,38.25882397180775,-0.002496775565746523,20.496574211120606,0.5750610649585723,0.0045971252358867785,-199.44710271060467,29.418459803998353,2.0,0.36514162123203275,
1124000,852.4876408576965,-198.80186247825623,37.023843016083866,-0.0027288579248415878,22.781324577331542,0.7139043927192688,0.003994372308797523,-207.3394224792719,32.55677214843149,2.0,0.3437566995620728,
1128000,855.4205961227417,-197.167090177536,37.234034128099836,-0.0033865191177076424,30.632329559326173,0.7105403780937195,0.002963204576905509,-207.3394224792719,32.55677214843149,2.0,0.3956585556268692,
1132000,858.3415093421936,-206.91914415359497,31.702173704983945,-0.0033047845527374164,23.29172248840332,0.6991979241371155,0.010432715997410313,-207.3394224792719,32.55677214843149,2.0,0.4101592361927032,
1136000,861.2758901119232,-201.64666986465454,37.54186314831996,-0.004045510106875305,28.301477432250977,0.711713445186615,0.004544438334414735,-207.3394224792719,32.55677214843149,2.0,0.398218908905983,
1140000,864.2181842327118,-193.3262267112732,38.36114101821395,-0.005043124788673592,22.017829513549806,0.7007341682910919,0.004271102583152242,-207.3394224792719,32.55677214843149,2.0,0.39573557376861573,
1144000,867.1449110507965,-187.72488927841187,32.74731853675537,-0.004852282643007744,21.51665210723877,0.7241409003734589,0.004237231757569448,-207.3394224792719,32.55677214843149,2.0,0.420406112074852,
1148000,870.0680096149445,-190.9478131532669,32.821474795429275,-0.003909951031518588,23.820197105407715,0.7121199131011963,0.006654005994399403,-207.3394224792719,32.55677214843149,2.0,0.4037355035543442,
1152000,873.0006659030914,-203.88685750961304,38.81662727585236,-0.005351590635177317,22.92313709259033,0.6933995485305786,0.004180856239477481,-207.3394224792719,32.55677214843149,2.0,0.3942984163761139,
1156000,875.9262611865997,-189.3144496679306,29.70622665186417,-0.004881632630402821,22.904784774780275,0.6333020806312561,0.007728788438641177,-207.3394224792719,32.55677214843149,2.0,0.3866680502891541,
1160000,878.7708232402802,-197.37277817726135,36.77345762393707,-0.0048174352854645445,24.39634189605713,0.715546977519989,0.005293930537300184,-207.3394224792719,32.55677214843149,2.0,0.3790417730808258,
1164000,882.8943495750427,-195.9666121006012,36.765338540225535,-0.0029727490909086996,26.8762996673584,0.7100129544734954,0.0024809733364576482,-200.70663453638554,33.31385664351047,2.0,0.3658089965581894,
1168000,885.6476037502289,-202.63810968399048,32.17293401035101,-0.004230916406178365,38.17935791015625,0.7249842882156372,0.0041806592606008055,-200.70663453638554,33.31385664351047,2.0,0.40052054822444916,
1172000,888.4167852401733,-203.36416745185852,37.195001930805006,-0.005650988836074245,26.693210983276366,0.7608236193656921,0.005328566549345881,-200.70663453638554,33.31385664351047,2.0,0.3809188276529312,
1176000,891.3443686962128,-203.67021250724792,43.059544275168406,-0.004809872996450082,34.634117126464844,0.7511927962303162,0.005462755314850565,-200.70663453638554,33.31385664351047,2.0,0.3860971927642822,
1180000,894.2738516330719,-199.7561353445053,35.806963591265756,-0.004568434122328924,20.066145133972167,0.731314605474472,0.0049557791760889815,-200.70663453638554,33.31385664351047,2.0,0.35843206346035006,
1184000,897.1922190189362,-196.1909202337265,36.543005750492945,-0.0046545982416719145,28.59008369445801,0.7040600895881652,0.005555041847284903,-200.70663453638554,33.31385664351047,2.0,0.36909390091896055,
1188000,900.0918116569519,-201.6248244047165,42.36015489451774,-0.0040142334745808805,28.16360511779785,0.7305552124977112,0.005031166726257652,-200.70663453638554,33.31385664351047,2.0,0.3961939662694931,
1192000,903.0114014148712,-198.412611246109,29.4657033674482,-0.005092731558096908,22.457948875427245,0.7578880369663239,0.007048071882260665,-200.70663453638554,33.31385664351047,2.0,0.35726265907287597,
1196000,905.9366116523743,-199.8561134338379,32.03566751198907,-0.004360127598357699,18.27078866958618,0.7583637058734893,0.0030922058827854925,-200.70663453638554,33.31385664351047,2.0,0.35085161328315734,
1200000,908.875501871109,-202.20647740364075,34.76714603065607,-0.0041460356472331926,18.36144733428955,0.7654554307460785,0.003139760781021328,-200.70663453638554,33.31385664351047,2.0,0.3211809515953064,
1204000,913.2314705848694,-197.49252438545227,35.300937401208614,-0.004446504966899134,24.09178352355957,0.7662503063678742,0.005167811695719138,-203.57049876451492,30.764678342665515,2.0,0.32118183076381684,
1208000,916.2241337299347,-207.5638988018036,33.77761273401183,-0.004118699753074928,33.95136070251465,0.7712633848190308,0.004657105868682265,-203.57049876451492,30.764678342665515,2.0,0.33897170424461365,
1212000,919.1995742321014,-206.42272067070007,46.18983777173327,-0.003586396089716182,22.802375984191894,0.7128064513206482,0.0035774949006736278,-203.57049876451492,30.764678342665515,2.0,0.32368202805519103,
1216000,922.1285171508789,-199.65976929664612,35.76360790310642,-0.0034469432242282493,22.069236946105956,0.6992208540439606,0.004072030822862871,-203.57049876451492,30.764678342665515,2.0,0.30097479820251466,
1220000,925.098774433136,-201.33571600914001,34.86157044426024,-0.004220613444806088,32.21754493713379,0.7899557828903199,0.003435931543936022,-203.57049876451492,30.764678342665515,2.0,0.36384285390377047,
1224000,928.0583918094635,-203.35022568702698,37.53640687436227,-0.0050615309882753754,27.89708366394043,0.8422235727310181,0.004239889083842474,-203.57049876451492,30.764678342665515,2.0,0.3099077194929123,
1228000,930.9222431182861,-204.12811374664307,30.600466366958567,-0.005031424157166242,29.333881759643553,0.7277934074401855,0.005872401551459916,-203.57049876451492,30.764678342665515,2.0,0.32399038374423983,
1232000,933.7177777290344,-195.70723414421082,38.890148039719804,-0.005324361851438875,33.22212867736816,0.8466785967350006,0.0035041805625951384,-203.57049876451492,30.764678342665515,2.0,0.35872178375720976,
1236000,936.5133988857269,-199.15512812137604,37.646669582701136,-0.004956019191478767,28.316343116760255,0.8231102645397186,0.00398046637295435,-203.57049876451492,30.764678342665515,2.0,0.35311604142189024,
1240000,939.3271186351776,-198.29748725891113,29.8605114831911,-0.0055188250085338895,33.17548427581787,0.794843065738678,0.0029856977195013346,-203.57049876451492,30.764678342665515,2.0,0.34323147833347323,
1244000,943.4353110790253,-200.7652006149292,38.78054835635732,-0.004361141271801916,38.68017082214355,0.8367630124092102,0.005007107989881998,-199.94296761602163,34.22543790250207,2.0,0.3185594201087952,
1248000,946.2464761734009,-199.1482584476471,36.41331855979725,-0.0051830198619281734,37.00498466491699,0.8292515456676484,0.004171710768617531,-199.94296761602163,34.22543790250207,2.0,0.33754099905490875,
1252000,949.1629650592804,-190.45952558517456,31.080588706548056,-0.006377918253031911,25.87696475982666,0.8322128653526306,0.0035006507489015347,-199.94296761602163,34.22543790250207,2.0,0.3531450659036636,
1256000,952.0999610424042,-197.31602025032043,38.83281276533323,-0.005021595259934309,28.647135162353514,0.8900627434253693,0.006775015301536768,-199.94296761602163,34.22543790250207,2.0,0.33087206780910494,
1260000,955.0361063480377,-204.55602025985718,38.90952498131261,-0.004809897466446245,31.225976181030273,0.8244275629520417,0.0029266781317225377,-199.94296761602163,34.22543790250207,2.0,0.3262223869562149,
1264000,957.9728507995605,-194.46896290779114,27.277777235872215,-0.005754388706913893,23.939398193359374,0.8554620742797852,0.0068531344963703306,-199.94296761602163,34.22543790250207,2.0,0.2914192289113998,
1268000,960.8952021598816,-199.9449565410614,32.458295654753954,-0.007333434556921326,34.704335403442386,0.8256714105606079,0.00467130596578742,-199.94296761602163,34.22543790250207,2.0,0.319704869389534,
1272000,963.8407545089722,-201.9591428041458,40.601038706992945,-0.004904880787459343,28.517650032043456,0.8241133093833923,0.0028139547968748955,-199.94296761602163,34.22543790250207,2.0,0.3264622390270233,
1276000,966.7991061210632,-196.834712266922,26.783105025958438,-0.0038207213671412887,25.419160270690917,0.8710857689380646,0.004760156501627843,-199.94296761602163,34.22543790250207,2.0,0.34356979429721834,
1280000,969.7666082382202,-200.84253537654877,36.60204039545042,-0.004619032097087939,37.49863243103027,0.8243327558040618,0.0033789447507588167,-199.94296761602163,34.22543790250207,2.0,0.35484861135482787,
1284000,973.984795331955,-191.60238254070282,31.001630747933515,-0.004193395705039915,29.08371753692627,0.7859804809093476,0.0035471484344452796,-198.7257769703865,31.21637960630462,2.0,0.36621530055999757,
1288000,976.8924336433411,-192.50801134109497,35.4458027165897,-0.005136574395466553,32.53885021209717,0.7879622399806976,0.006366884714225307,-198.7257769703865,31.21637960630462,2.0,0.3379028707742691,
1292000,979.8587696552277,-193.4824197292328,34.47866430273649,-0.004932528106301603,21.69250144958496,0.8290993809700012,0.003088358187621154,-198.7257769703865,31.21637960630462,2.0,0.33262187242507935,
1296000,982.8426330089569,-197.5955890417099,40.74135312338062,-0.004574534585544221,37.30518112182617,0.7922559261322022,0.0033589038564047604,-198.7257769703865,31.21637960630462,2.0,0.305488520860672,
1300000,985.6943137645721,-202.94984650611877,30.097018813847466,-0.005752614480753771,30.41072196960449,0.8179808616638183,0.00397736108954998,-198.7257769703865,31.21637960630462,2.0,0.2927531749010086,
1304000,988.5032346248627,-194.7538194656372,32.159958111747265,-0.004638817389534466,23.49077663421631,0.7805666387081146,0.0051970337964594385,-198.7257769703865,31.21637960630462,2.0,0.31301812529563905,
1308000,991.2962594032288,-201.8080768585205,39.67821281289207,-0.003133333430897167,31.942820930480956,0.7955688774585724,0.002665872225770727,-198.7257769703865,31.21637960630462,2.0,0.32740378975868223,
1312000,994.0948605537415,-207.74128794670105,41.06320147291304,-0.004387671090196821,29.96430492401123,0.7091324090957641,0.007647639818140306,-198.7257769703865,31.21637960630462,2.0,0.2851479321718216,
1316000,996.8654913902283,-209.0347945690155,36.568440221651315,-0.004816993980202832,31.13438835144043,0.7954795062541962,0.006160570345974217,-198.7257769703865,31.21637960630462,2.0,0.3171864300966263,
1320000,999.6732370853424,-215.5121729373932,39.136714869093844,-0.005482136280430971,27.399449157714844,0.8052309215068817,0.00229996033012867,-198.7257769703865,31.21637960630462,2.0,0.28276043832302095,
1324000,1003.8107988834381,-207.2304084300995,34.7023542914379,-0.0042716792573726185,21.006842803955077,0.7522393465042114,0.0034352116310038205,-208.3969680815935,39.09124970433235,2.0,0.3007161408662796,
1328000,1006.6256010532379,-207.7718448638916,38.942784353009905,-0.005222508740766596,31.280142784118652,0.7604367196559906,0.004985633690375834,-208.3969680815935,39.09124970433235,2.0,0.28668459355831144,
1332000,1009.5754413604736,-200.78513026237488,43.688959901191325,-0.003288492460104564,36.92977733612061,0.7871032178401947,0.0022673795829177834,-208.3969680815935,39.09124970433235,2.0,0.28354230225086213,
1336000,1012.5467307567596,-206.99084043502808,33.25971426098152,-0.004987280803344518,27.085040855407716,0.8386638700962067,0.003970158454831107,-208.3969680815935,39.09124970433235,2.0,0.33715814650058745,
1340000,1015.5014214515686,-201.86043345928192,40.18959557374125,-0.005536720704520093,20.773097419738768,0.8541710555553437,0.003333502297503098,-208.3969680815935,39.09124970433235,2.0,0.3062327682971954,
1344000,1018.4662518501282,-204.88369846343994,32.25234113295298,-0.0042264656500386796,17.421076107025147,0.8255491554737091,0.0038598316425147326,-208.3969680815935,39.09124970433235,2.0,0.3188318252563477,
1348000,1021.4254252910614,-205.07972741127014,38.926159676721625,-0.002209817821703286,27.03702335357666,0.7579662680625916,0.0042275445950218146,-208.3969680815935,39.09124970433235,2.0,0.3007400393486023,
1352000,1024.38130569458,-202.38022708892822,33.32861833119292,-0.004762732561794181,22.960712051391603,0.8178384721279144,0.0037330949767492736,-208.3969680815935,39.09124970433235,2.0,0.32509317994117737,
1356000,1027.3187799453735,-196.6338517665863,33.5204795210883,-0.004923775809933417,25.2081636428833,0.7795424878597259,0.002727798120235092,-208.3969680815935,39.09124970433235,2.0,0.29965644180774687,
1360000,1030.2594289779663,-205.47641015052795,44.16221613216594,-0.006107733354360478,25.717760467529295,0.7803101122379303,0.007354275474635264,-208.3969680815935,39.09124970433235,2.0,0.3033939450979233,
1364000,1034.5451135635376,-204.3867290019989,32.24441549761152,-0.003169302238180549,20.077638816833495,0.7419538021087646,0.005622216098709032,-201.38555201143026,38.67928468046905,2.0,0.29548110663890836,
1368000,1037.4582896232605,-202.46164846420288,32.22190127185529,-0.004437238167195279,22.815725135803223,0.7875534474849701,0.00536395909730345,-201.38555201143026,38.67928468046905,2.0,0.29635941088199613,
1372000,1040.4176332950592,-202.3311928510666,33.85368548464975,-0.0046238349045161446,19.769629287719727,0.756680566072464,0.006966571293586954,-201.38555201143026,38.67928468046905,2.0,0.2994547337293625,
1376000,1043.3952355384827,-216.1818459033966,34.44842363372477,-0.004507012540319355,20.912585067749024,0.8070125818252564,0.006476944924293404,-201.38555201143026,38.67928468046905,2.0,0.28494000136852266,
1380000,1046.382158279419,-202.07437205314636,39.41597788091927,-0.0032088552850764174,20.183597564697266,0.7566875278949737,0.00565559325863918,-201.38555201143026,38.67928468046905,2.0,0.2777152419090271,
1384000,1049.3904683589935,-201.1876392364502,35.82175104170479,-0.004920242944033859,28.696779251098633,0.7722933053970337,0.004775003041664672,-201.38555201143026,38.67928468046905,2.0,0.263096410036087,
1388000,1052.329466342926,-197.31836414337158,25.096515090624663,-0.005873198277627445,21.215197563171387,0.7570959866046906,0.006283433543285355,-201.38555201143026,38.67928468046905,2.0,0.26177938282489777,
1392000,1055.2763049602509,-201.2371952533722,35.27160024175549,-0.005027610214349476,26.372774505615233,0.7931911408901214,0.006118396751116961,-201.38555201143026,38.67928468046905,2.0,0.2798303723335266,
1396000,1058.1211144924164,-197.33598113059998,36.46797969617676,-0.005532139004208148,26.62706127166748,0.7683605492115021,0.005593682742367189,-201.38555201143026,38.67928468046905,2.0,0.2879787296056747,
1400000,1061.041898727417,-195.60893642902374,33.06269732232788,-0.0057490486103731085,20.295001411437987,0.7659981548786163,0.003415478396345861,-201.38555201143026,38.67928468046905,2.0,0.2814065724611282,
1404000,1065.1536536216736,-199.9807710647583,29.21608494469786,-0.005909924651418663,17.18600378036499,0.7803119659423828,0.0031402043416164814,-205.57276418805122,30.471221711895787,2.0,0.25680544376373293,
1408000,1068.1109104156494,-207.91290187835693,34.14111380962424,-0.0033787412423019526,20.433067321777344,0.6747296869754791,0.007769792894211936,-205.57276418805122,30.471221711895787,2.0,0.28701548278331757,
1412000,1071.0612032413483,-199.38026881217957,35.96577065581179,-0.004568752539499244,23.63068733215332,0.7185140907764435,0.006732135365872338,-205.57276418805122,30.471221711895787,2.0,0.2677410751581192,
1416000,1074.0284039974213,-189.9099931716919,31.559413885128883,-0.003774033451452841,17.990604972839357,0.6479182481765747,0.008171616890467703,-205.57276418805122,30.471221711895787,2.0,0.2983147084712982,
1420000,1077.0001409053802,-201.96634817123413,33.66864788277723,-0.002567301761436586,22.74337692260742,0.6993462800979614,0.003940114832948894,-205.57276418805122,30.471221711895787,2.0,0.2760615050792694,
1424000,1079.9666256904602,-201.57597017288208,29.782255594376675,-0.0037763613245139103,30.783470344543456,0.673108047246933,0.005815236370389698,-205.57276418805122,30.471221711895787,2.0,0.32497683763504026,
1428000,1082.9130516052246,-199.27237832546234,34.96793129894735,-0.005907504224528815,18.53522663116455,0.6512865364551544,0.005935691521813474,-205.57276418805122,30.471221711895787,2.0,0.2800023317337036,
1432000,1085.8721630573273,-200.11384677886963,37.186696464191904,-0.005287463141838078,20.675836944580077,0.6973918974399567,0.004097597511601636,-205.57276418805122,30.471221711895787,2.0,0.29084178507328035,
1436000,1088.8189523220062,-203.68884897232056,39.036356608737904,-0.003935961100195229,26.36973304748535,0.6917953372001648,0.0064427230997631925,-205.57276418805122,30.471221711895787,2.0,0.30516296327114106,
1440000,1091.758418560028,-206.45773553848267,43.617038750793505,-0.004706139588262914,28.7396297454834,0.6466444492340088,0.003753381375786091,-205.57276418805122,30.471221711895787,2.0,0.28020325899124143,
1444000,1095.9701459407806,-205.54741156101227,40.80703823501942,-0.005331070219632217,25.303874588012697,0.7194794654846192,0.003925807365371537,-208.35593709349632,41.79304612753073,2.0,0.3139194428920746,
1448000,1098.8081996440887,-201.59935855865479,42.82591974108505,-0.003900321929870798,32.303635597229004,0.6812982141971589,0.0052218548524543,-208.35593709349632,41.79304612753073,2.0,0.31366841197013856,
1452000,1101.7251560688019,-204.0996334552765,37.082291339950906,-0.005133459089479153,28.26467170715332,0.7071560144424438,0.003895628632744774,-208.35593709349632,41.79304612753073,2.0,0.29169712364673617,
1456000,1104.605803489685,-193.3857855796814,34.050752826307054,-0.005255018355557706,19.973715209960936,0.7012572467327118,0.005722425727872182,-208.35593709349632,41.79304612753073,2.0,0.30227617025375364,
1460000,1107.3886144161224,-196.03379714488983,44.37761330780795,-0.0053985348374116175,25.103582763671874,0.6943461894989014,0.002319801159319468,-208.35593709349632,41.79304612753073,2.0,0.2711640477180481,
1464000,1110.1569559574127,-202.22264623641968,35.804980961648276,-0.005700925503391652,30.537446403503417,0.7238909304141998,0.0034903727107836956,-208.35593709349632,41.79304612753073,2.0,0.28615860641002655,
1468000,1112.9301328659058,-200.0725131034851,42.958581438786645,-0.005083822573147101,30.065828132629395,0.7050535917282105,0.003276259545236826,-208.35593709349632,41.79304612753073,2.0,0.23919081091880798,
1472000,1115.6922237873077,-199.4852316379547,33.213584328072905,-0.004937348033922406,27.013713073730468,0.6465703248977661,0.0057258909684605895,-208.35593709349632,41.79304612753073,2.0,0.2498827651143074,
1476000,1118.4641196727753,-205.54694366455078,36.810032288205065,-0.004698280997418891,26.484886169433594,0.6885151982307434,0.001960561005398631,-208.35593709349632,41.79304612753073,2.0,0.22810856401920318,
1480000,1121.242674589157,-194.51796507835388,37.14475640350907,-0.005808054903677373,22.144658088684082,0.6812141239643097,0.006421926747619544,-208.35593709349632,41.79304612753073,2.0,0.22486870735883713,
1484000,1125.3559126853943,-193.68197679519653,35.71928353627581,-0.005118817727624858,29.244342422485353,0.7446570456027984,0.0035272244897205374,-203.76822058856487,41.85672773580536,2.0,0.23632932305336,
1488000,1128.1710920333862,-189.3370122909546,30.231227106263606,-0.006067855529952837,26.60696029663086,0.770275604724884,0.009875177308761826,-203.76822058856487,41.85672773580536,2.0,0.25207802653312683,
1492000,1131.0673506259918,-202.83638763427734,33.76219905216105,-0.004177490191999844,31.91015625,0.718852984905243,0.002558289747685194,-203.76822058856487,41.85672773580536,2.0,0.23271586149930953,
1496000,1133.9103744029999,-205.61803102493286,30.722332805904557,-0.007014280963689145,20.786279678344727,0.7708291053771973,0.004774094469874424,-203.76822058856487,41.85672773580536,2.0,0.210904124379158,
1500000,1136.7291042804718,-207.37542390823364,43.03345536635564,-0.00535390419877757,29.737376976013184,0.7041651904582977,0.0031565121716994327,-203.76822058856487,41.85672773580536,2.0,0.2426542654633522,
1504000,1139.5163815021515,-202.85794258117676,33.056754296470054,-0.005285654612661617,21.395888137817384,0.7618386685848236,0.007030201794502045,-203.76822058856487,41.85672773580536,2.0,0.2460252583026886,
1508000,1142.3169038295746,-207.87610721588135,34.551898974715236,-0.0061293535752532605,22.23632049560547,0.6754139006137848,0.007746878508556021,-203.76822058856487,41.85672773580536,2.0,0.22073542326688766,
1512000,1145.1202418804169,-197.63247680664062,32.10549180249455,-0.0040832427643085365,23.433175086975098,0.6867961585521698,0.003741369943600148,-203.76822058856487,41.85672773580536,2.0,0.26701089143753054,
1516000,1148.05877327919,-203.51787900924683,37.93650624804487,-0.004331250530357167,31.399677658081053,0.6749465703964234,0.004201152270756836,-203.76822058856487,41.85672773580536,2.0,0.19930012971162797,
1520000,1150.935876607895,-203.7144079208374,28.280582858893098,-0.005866945831958859,19.45817451477051,0.6774329483509064,0.003255524217209338,-203.76822058856487,41.85672773580536,2.0,0.231499582529068,
1524000,1155.0475251674652,-196.77778577804565,41.36849309051818,-0.006882888567168255,20.19390525817871,0.7291223585605622,0.003911104177280045,-204.41149212419987,44.1840468258145,2.0,0.19992742985486983,
1528000,1157.8431384563446,-206.8614161014557,35.66466482657593,-0.005853263048688007,17.307640552520752,0.6930657863616944,0.002442933431302663,-204.41149212419987,44.1840468258145,2.0,0.18860216140747071,
1532000,1160.7545959949493,-203.39490056037903,31.785595693726258,-0.004787540847513183,22.649533653259276,0.7450425446033477,0.005185105516303645,-204.41149212419987,44.1840468258145,2.0,0.20749116986989974,
1536000,1163.7355349063873,-208.47434520721436,38.06534081054574,-0.004810263603615273,27.029477691650392,0.7717048168182373,0.00425516335235443,-204.41149212419987,44.1840468258145,2.0,0.19446725398302078,
1540000,1166.7202353477478,-204.12252974510193,40.50139259133427,-0.0074284418132156025,15.483811473846435,0.7559059977531433,0.007035345996885311,-204.41149212419987,44.1840468258145,2.0,0.2130080834031105,
1544000,1169.6727333068848,-203.3739264011383,41.128237941620185,-0.004654609490341155,22.477676773071288,0.6313165128231049,0.004051808715409911,-204.41149212419987,44.1840468258145,2.0,0.21479590237140656,
1548000,1172.63960146904,-206.73750972747803,35.969905710366795,-0.004118903028468335,23.028211212158205,0.6453337013721466,0.0047406229452462865,-204.41149212419987,44.1840468258145,2.0,0.19905035495758056,
1552000,1175.5706572532654,-210.63805186748505,37.88688467770564,-0.005940839196089698,22.02086067199707,0.6536804735660553,0.006736842972847335,-204.41149212419987,44.1840468258145,2.0,0.20175975263118745,
1556000,1178.3549733161926,-200.77451467514038,35.9651952319185,-0.005568040961865339,18.180611515045165,0.639956945180893,0.004123688594748565,-204.41149212419987,44.1840468258145,2.0,0.2079332336783409,
1560000,1181.1600739955902,-199.49647116661072,36.609311236564125,-0.005103483329759939,27.61937847137451,0.6649231314659119,0.004596674133790657,-204.41149212419987,44.1840468258145,2.0,0.1994650825858116,
1564000,1185.3117718696594,-211.16809272766113,41.06272854016972,-0.003958814362917717,29.407222747802734,0.6129048466682434,0.005363733280682936,-206.2389983087778,37.125129351550854,2.0,0.17707908153533936,
1568000,1188.1208624839783,-203.06845879554749,49.08853591929486,-0.004073144281050212,34.27007293701172,0.5644952178001403,0.003745788389642257,-206.2389983087778,37.125129351550854,2.0,0.19316933900117875,
1572000,1191.0825984477997,-199.0585414171219,39.6231738745683,-0.0033092669309505497,30.498409080505372,0.5503992676734925,0.006365442961920121,-206.2389983087778,37.125129351550854,2.0,0.2121371731162071,
1576000,1194.0368235111237,-203.77854204177856,33.74891173181124,-0.004736300468677612,32.45468807220459,0.5796227812767029,0.004060997063138849,-206.2389983087778,37.125129351550854,2.0,0.22494268864393235,
1580000,1197.0119938850403,-202.1129744052887,34.45308178362543,-0.006005081295734271,20.316755104064942,0.6140942692756652,0.00523972682422027,-206.2389983087778,37.125129351550854,2.0,0.24461892396211624,
1584000,1199.9896640777588,-206.51982367038727,44.24144174668867,-0.004658599133603269,31.6342342376709,0.6196517229080201,0.004050400431306722,-206.2389983087778,37.125129351550854,2.0,0.23005319833755494,
1588000,1202.9775142669678,-206.53153920173645,41.15700785890872,-0.0038877700756614784,28.766655921936035,0.6011445045471191,0.002317015256267041,-206.2389983087778,37.125129351550854,2.0,0.20258281379938126,
1592000,1205.9498488903046,-205.79837703704834,40.58894202161338,-0.005450991542854666,21.06767349243164,0.6264160871505737,0.009898963419254869,-206.2389983087778,37.125129351550854,2.0,0.22327186912298203,
1596000,1208.9328079223633,-210.14836943149567,34.43148593796373,-0.005583932027531169,28.992070770263673,0.6788608491420746,0.004602708318270743,-206.2389983087778,37.125129351550854,2.0,0.19832033514976502,
1600000,1211.8619434833527,-205.35806798934937,33.13210821917685,-0.005862337103889637,21.33569755554199,0.6476751625537872,0.006598601002478999,-206.2389983087778,37.125129351550854,2.0,0.18608909100294113,
1604000,1216.1499614715576,-207.3404188156128,34.8751617725222,-0.00424491386709267,27.029116821289062,0.6207201540470123,0.003000781143074471,-213.1361612379551,37.94721113109057,2.0,0.18807029724121094,
1608000,1219.114065170288,-199.25927913188934,34.03354324870749,-0.0034688862217977954,33.82386703491211,0.6191245436668396,0.002002035631448962,-213.1361612379551,37.94721113109057,2.0,0.18231169730424882,
1612000,1222.0615575313568,-195.17692828178406,31.017847306865104,-0.006324197730127157,14.992330265045165,0.5941182494163513,0.003578789334278554,-213.1361612379551,37.94721113109057,2.0,0.18922434449195863,
1616000,1225.0158886909485,-198.24223613739014,32.19651814609078,-0.005702283467554192,16.567706966400145,0.6309643447399139,0.004158515266763668,-213.1361612379551,37.94721113109057,2.0,0.20403514057397842,
1620000,1227.9665968418121,-202.7997121810913,38.088636114653944,-0.005825757105990004,28.80794162750244,0.648781681060791,0.0045999504218343645,-213.1361612379551,37.94721113109057,2.0,0.19910429269075394,
1624000,1230.912121295929,-192.1727191209793,38.84255554872673,-0.005406863052553179,30.785227584838868,0.6020249247550964,0.008287097152788192,-213.1361612379551,37.94721113109057,2.0,0.18001948297023773,
1628000,1233.871055841446,-198.80061888694763,29.84642688818579,-0.0063051136679325385,24.27219638824463,0.6895035564899444,0.0056267281295731665,-213.1361612379551,37.94721113109057,2.0,0.2178120121359825,
1632000,1236.820271730423,-198.38589894771576,45.258129641465,-0.006483910543999283,18.880244636535643,0.6466803610324859,0.0030079228494287237,-213.1361612379551,37.94721113109057,2.0,0.2225264459848404,
1636000,1239.7569131851196,-195.47182440757751,33.62536557118179,-0.0036858026654614795,33.61141986846924,0.6494202077388763,0.005293309857370332,-213.1361612379551,37.94721113109057,2.0,0.21234510093927383,
1640000,1242.7338922023773,-205.21223521232605,45.30645094194349,-0.00425686924171167,27.95051097869873,0.6556757152080536,0.0034159133201465018,-213.1361612379551,37.94721113109057,2.0,0.2181890621781349,
1644000,1246.9361941814423,-202.88739371299744,39.4762200869379,-0.005278576806342805,22.17110538482666,0.663248872756958,0.005252690355603895,-199.38853736966848,39.46425525203511,2.0,0.2503627330064774,
1648000,1249.9067752361298,-198.6748263835907,37.62016739924783,-0.006265342429125109,28.98200912475586,0.6832882583141326,0.013688718773890284,-199.38853736966848,39.46425525203511,2.0,0.18976497799158096,
1652000,1252.8774135112762,-198.20632433891296,33.96093223270906,-0.006099286405369675,37.01423530578613,0.7097449421882629,0.008038757475713887,-199.38853736966848,39.46425525203511,2.0,0.19879631102085113,
1656000,1255.8585619926453,-198.29034090042114,31.969065399069777,-0.00613723164688178,28.581766891479493,0.7103676736354828,0.0046429604316363,-199.38853736966848,39.46425525203511,2.0,0.20940300226211547,
1660000,1258.8256192207336,-204.02693927288055,34.347631044749235,-0.005652139038390747,20.64028968811035,0.6385628938674927,0.0057573133992264046,-199.38853736966848,39.46425525203511,2.0,0.20920779109001159,
1664000,1261.786432981491,-201.23698472976685,39.56643455526386,-0.0053535720541452395,29.181459808349608,0.6361452579498291,0.0065725524065783246,-199.38853736966848,39.46425525203511,2.0,0.18022750020027162,
1668000,1264.75745844841,-198.11115097999573,40.29739082299843,-0.0052357500468691144,27.961379051208496,0.6382769107818603,0.007833822249085642,-199.38853736966848,39.46425525203511,2.0,0.16287921518087387,
1672000,1267.68368601799,-204.9549901485443,38.22300730193103,-0.005203296886912234,39.04841003417969,0.6272033393383026,0.004924811888486147,-199.38853736966848,39.46425525203511,2.0,0.1979193612933159,
1676000,1270.584691286087,-204.70139122009277,47.18340544224978,-0.003841495851598076,26.286413383483886,0.6392551481723785,0.006840709410607815,-199.38853736966848,39.46425525203511,2.0,0.20054045766592027,
1680000,1273.528820991516,-199.70051383972168,27.946485186880963,-0.006712314519410334,21.279389762878417,0.6593877613544464,0.0068713387474417685,-199.38853736966848,39.46425525203511,2.0,0.19915251880884172,
1684000,1277.7414190769196,-206.15673804283142,41.12446643429422,-0.007340394862927502,24.165201950073243,0.6794428944587707,0.004685813041171061,-201.45269460976124,37.3327867733269,2.0,0.21797147691249846,
1688000,1280.532058954239,-204.03051257133484,41.00494011040995,-0.004562762382285079,28.943339920043947,0.6308896481990814,0.008331228327006102,-201.45269460976124,37.3327867733269,2.0,0.18984373807907104,
1692000,1283.4546024799347,-200.17288494110107,36.25533463321459,-0.007221198382321781,29.271621322631837,0.673144543170929,0.01003999793878758,-201.45269460976124,37.3327867733269,2.0,0.22328343987464905,
1696000,1286.4072120189667,-189.02102851867676,30.33385162703689,-0.007642531531086805,25.410487365722656,0.6455521702766418,0.012211291119456291,-201.45269460976124,37.3327867733269,2.0,0.20418407618999482,
1700000,1289.2434649467468,-193.54601895809174,39.824524013546,-0.006036707990104339,27.340260887145995,0.6075618624687195,0.010203182359691709,-201.45269460976124,37.3327867733269,2.0,0.21658492982387542,
1704000,1292.0522019863129,-207.16217041015625,43.8131519884924,-0.004974229246300333,36.41931686401367,0.61826593875885,0.00769383991137147,-201.45269460976124,37.3327867733269,2.0,0.22588732093572617,
1708000,1294.8685700893402,-199.80778551101685,39.593569721113745,-0.0061389937663916426,22.23233833312988,0.6584528923034668,0.005043299351275588,-201.45269460976124,37.3327867733269,2.0,0.22950675040483476,
1712000,1297.664606809616,-191.0272879600525,32.92368011068997,-0.005829095019027619,33.937369918823244,0.662320899963379,0.005499046109616756,-201.45269460976124,37.3327867733269,2.0,0.1985921233892441,
1716000,1300.471836566925,-197.81680357456207,45.22728480206553,-0.006446145034239947,35.685150718688966,0.6025239825248718,0.008247959613800048,-201.45269460976124,37.3327867733269,2.0,0.19406495243310928,
1720000,1303.2620792388916,-194.57706236839294,36.19792048831135,-0.006480509935878231,27.74440155029297,0.626736044883728,0.005564583731737649,-201.45269460976124,37.3327867733269,2.0,0.1912134513258934,
1724000,1307.4336235523224,-195.5027642250061,32.145123507889295,0.008201337303345425,34.388764190673825,0.7371955215930939,0.04410355277359486,-198.17019023001194,34.85392419776509,2.0,0.20540153682231904,
1728000,1310.2671432495117,-192.941788315773,36.2468508715063,-0.0009658465184426479,37.938039016723636,0.7350009024143219,0.014163760736119002,-198.17019023001194,34.85392419776509,2.0,0.22089583426713943,
1732000,1313.2011981010437,-206.11079835891724,40.001536476157455,-0.007566378296973797,33.27312831878662,0.7114340126514435,0.005382999598805327,-198.17019023001194,34.85392419776509,2.0,0.1823410600423813,
1736000,1316.1359565258026,-203.39452362060547,34.779356777573526,-0.006946308610650398,34.80155086517334,0.7018378734588623,0.006661689438624307,-198.17019023001194,34.85392419776509,2.0,0.2148267686367035,
1740000,1319.0848524570465,-190.2611689567566,30.80528453371522,-0.008399317279923713,28.300810432434083,0.7670287549495697,0.009119593516419045,-198.17019023001194,34.85392419776509,2.0,0.20009372681379317,
1744000,1322.0288815498352,-207.68135368824005,38.8695711451821,-0.0065864471417541315,31.27633762359619,0.6997806787490845,0.005336620791786118,-198.17019023001194,34.85392419776509,2.0,0.1824715852737427,
1748000,1324.9692075252533,-189.34584760665894,36.42540352890436,-0.007260963710645818,31.0131404876709,0.6833703637123107,0.009946868324186653,-198.17019023001194,34.85392419776509,2.0,0.20617370158433915,
1752000,1327.9104053974152,-199.26609635353088,34.33090817341803,-0.006085830061075592,30.792952919006346,0.7196450471878052,0.007427844150302398,-198.17019023001194,34.85392419776509,2.0,0.17840845584869386,
1756000,1330.8112542629242,-208.84117913246155,50.61730349723494,-0.006252944349776968,34.36529026031494,0.7051500260829926,0.003920294876365649,-198.17019023001194,34.85392419776509,2.0,0.19053755700588226,
1760000,1333.6951830387115,-194.74014472961426,40.10658461417924,-0.005338415370090032,47.94231986999512,0.7066510200500489,0.004287039066199228,-198.17019023001194,34.85392419776509,2.0,0.20005170553922652,
1764000,1337.8080003261566,-199.80984473228455,38.641829462422244,-0.006474696799103796,33.323876762390135,0.7038553953170776,0.008418917467351994,-196.4862219169736,37.917300755584215,2.0,0.19374658018350602,
1768000,1340.7695472240448,-208.1666488647461,51.46484890523466,-0.00636570985079743,29.659050941467285,0.7563969969749451,0.003041413716739072,-196.4862219169736,37.917300755584215,2.0,0.19147898852825165,
1772000,1343.707198858261,-200.2235770225525,39.10527410585026,-0.006147320090637809,33.53723773956299,0.7277471959590912,0.004715428870986216,-196.4862219169736,37.917300755584215,2.0,0.1682483285665512,
1776000,1346.6548354625702,-201.32453799247742,39.64085930772262,-0.0064479413640995634,27.851842880249023,0.7209461808204651,0.002169618144398555,-196.4862219169736,37.917300755584215,2.0,0.17104219347238542,
1780000,1349.6072895526886,-204.71369433403015,44.38940474370167,-0.005895117249805537,35.319983863830565,0.6802258610725402,0.006268545100465417,-196.4862219169736,37.917300755584215,2.0,0.16474366933107376,
1784000,1352.5522875785828,-207.3046944141388,49.41581017600243,-0.006112677252541054,41.448076248168945,0.7460687816143036,0.002885113652717974,-196.4862219169736,37.917300755584215,2.0,0.1758359909057617,
1788000,1355.5120913982391,-209.49519264698029,44.157793278273765,-0.006266102261065188,46.61409797668457,0.7608590662479401,0.003957469587990392,-196.4862219169736,37.917300755584215,2.0,0.17696022391319274,
1792000,1358.4546275138855,-214.46626031398773,53.048635308725814,-0.005397653221851218,46.60489349365234,0.7748107254505158,0.005784990778192878,-196.4862219169736,37.917300755584215,2.0,0.1508498877286911,
1796000,1361.3633019924164,-208.9014208316803,39.99153621310951,-0.007108729326787078,40.67085609436035,0.8023821711540222,0.012679666618350894,-196.4862219169736,37.917300755584215,2.0,0.19117852449417114,
1800000,1364.3045318126678,-212.94954419136047,46.30966177787166,-0.005378924981458155,40.99707183837891,0.8048715591430664,0.003914892433570172,-196.4862219169736,37.917300755584215,2.0,0.18150182962417602,
1804000,1368.6059274673462,-207.1009440422058,44.94479542704209,-0.004943296505448736,33.59616260528564,0.766266793012619,0.004379343038192029,-207.6511366814375,38.12395210645687,2.0,0.1707286223769188,
1808000,1371.5107777118683,-202.23668026924133,35.465034894776394,-0.0071420321208425005,34.3846399307251,0.7502646923065186,0.006248745728225913,-207.6511366814375,38.12395210645687,2.0,0.17649532705545426,
1812000,1374.4222111701965,-207.15771055221558,41.03795805447137,-0.005651224986805303,30.33400955200195,0.7359778344631195,0.0033985927380854263,-207.6511366814375,38.12395210645687,2.0,0.16410789042711257,
1816000,1377.3645510673523,-207.93164563179016,48.44851380597342,-0.006197381368139787,32.15726013183594,0.7596809506416321,0.0055820643436163666,-207.6511366814375,38.12395210645687,2.0,0.1743735745549202,
1820000,1380.3037354946136,-190.74727547168732,27.029958419574303,-0.006693155897005143,20.997769165039063,0.6775330066680908,0.005724696442484856,-207.6511366814375,38.12395210645687,2.0,0.15843700468540192,
1824000,1383.239667415619,-200.84969854354858,40.045261658609796,-0.007179663361205413,27.549151802062987,0.7243825972080231,0.004462734780099708,-207.6511366814375,38.12395210645687,2.0,0.18277962803840636,
1828000,1386.1676783561707,-205.550714969635,36.58119079676864,-0.006216468130781605,31.479849815368652,0.7124246001243592,0.004029498660044428,-207.6511366814375,38.12395210645687,2.0,0.16460685431957245,
1832000,1389.0990393161774,-200.39608073234558,29.06629603883608,-0.0071448072666147056,25.080353927612304,0.681546974182129,0.008492901036205414,-207.6511366814375,38.12395210645687,2.0,0.17494657039642333,
1836000,1392.0337562561035,-206.38119435310364,40.43298915020797,-0.006646389590265933,40.99674911499024,0.624091625213623,0.006480926771027384,-207.6511366814375,38.12395210645687,2.0,0.1855863243341446,
1840000,1394.981457710266,-203.11905026435852,37.5861661408417,-0.006526419888716184,26.997453498840333,0.6815964460372925,0.00514361130649923,-207.6511366814375,38.12395210645687,2.0,0.1857927545905113,
1844000,1399.2115168571472,-201.46840381622314,35.958755797477345,-0.005686569146967102,30.12763023376465,0.6367062330245972,0.004470867378404364,-203.6042998880148,34.01969887204349,2.0,0.16008785367012024,
1848000,1402.1540513038635,-209.29835844039917,46.069247007444424,-0.006155107606047139,34.31398162841797,0.6809295535087585,0.006901389214986331,-203.6042998880148,34.01969887204349,2.0,0.16737477332353592,
1852000,1405.0794234275818,-209.24365162849426,33.97011268140384,-0.006389332857914276,30.31052894592285,0.6179133236408234,0.010189006652217359,-203.6042998880148,34.01969887204349,2.0,0.14908047914505004,
1856000,1408.0374631881714,-199.74006509780884,35.32476312215308,-0.007524919294907395,26.340773010253905,0.6517015814781189,0.006308973867135759,-203.6042998880148,34.01969887204349,2.0,0.16721272468566895,
1860000,1410.9665849208832,-199.6911482810974,34.179799869482466,-0.005452261378057344,26.20933666229248,0.6409590840339661,0.009382347948849202,-203.6042998880148,34.01969887204349,2.0,0.1717739850282669,
1864000,1413.901064157486,-193.5455596446991,29.674208391810772,-0.006900548321893396,24.944782257080078,0.6402116000652314,0.007851905232062561,-203.6042998880148,34.01969887204349,2.0,0.14652346670627595,
1868000,1416.8203728199005,-202.96220910549164,35.120376004429914,-0.006073342929050951,28.971058082580566,0.6668075025081635,0.006930345548937744,-203.6042998880148,34.01969887204349,2.0,0.15521478950977324,
1872000,1419.7474217414856,-205.78389823436737,38.424849354154134,-0.005733871429692972,20.87497959136963,0.6569189667701721,0.0035124308919379566,-203.6042998880148,34.01969887204349,2.0,0.14343864172697068,
1876000,1422.667181968689,-207.60322618484497,32.73984925108355,-0.0051798440032094105,34.56691761016846,0.7004620671272278,0.0027015396435745133,-203.6042998880148,34.01969887204349,2.0,0.15772139132022858,
1880000,1425.606341600418,-204.29624104499817,36.60533742732576,-0.005625096809274211,32.275386047363284,0.6372469007968903,0.002184755902271718,-203.6042998880148,34.01969887204349,2.0,0.13579323291778564,
1884000,1429.836873292923,-215.55943202972412,43.19211297017134,-0.004304927711918438,36.845947647094725,0.6784110903739929,0.00432265571132302,-211.58240887522697,43.74061934232884,2.0,0.14594146013259887,
1888000,1432.8023478984833,-208.34774541854858,38.323001021326704,-0.0047154582636430575,35.43189163208008,0.5859135568141938,0.0033279692543049743,-211.58240887522697,43.74061934232884,2.0,0.1451123535633087,
1892000,1435.760246038437,-208.5823245048523,40.3984489090853,-0.00527247489662841,23.687134742736816,0.6268447458744049,0.004516687308205291,-211.58240887522697,43.74061934232884,2.0,0.14523632377386092,
1896000,1438.7516252994537,-205.55860912799835,39.60200624514249,-0.005771960448861702,26.287030982971192,0.67675701379776,0.004734649303369221,-211.58240887522697,43.74061934232884,2.0,0.14599540829658508,
1900000,1441.7653441429138,-215.17709851264954,47.864117106189184,-0.005139883521556232,38.176141357421876,0.6323409974575043,0.0057445061104759885,-211.58240887522697,43.74061934232884,2.0,0.15427777022123337,
1904000,1444.738380432129,-211.68918704986572,43.48387807418536,-0.003228125587551922,47.7504077911377,0.6487434864044189,0.003892156697111204,-211.58240887522697,43.74061934232884,2.0,0.13063001930713652,
1908000,1447.7296137809753,-210.6059865951538,46.00592379995054,-0.00671756779014443,36.74606437683106,0.6299677193164825,0.008144370629452169,-211.58240887522697,43.74061934232884,2.0,0.14684143513441086,
1912000,1450.7155504226685,-201.42930221557617,36.96257841091488,-0.005297086859432376,31.40349292755127,0.6324881494045258,0.004486567595973612,-211.58240887522697,43.74061934232884,2.0,0.14518088698387147,
1916000,1453.6998586654663,-208.54098796844482,37.296368562262295,-0.007350467140475913,28.637278747558593,0.6930015742778778,0.00879322675925991,-211.58240887522697,43.74061934232884,2.0,0.1430258110165596,
1920000,1456.7010700702667,-213.68964099884033,36.61166084662881,-0.005445240686337139,34.44244728088379,0.6362010538578033,0.0029360006227313385,-211.58240887522697,43.74061934232884,2.0,0.12992812246084212,
1924000,1460.9176943302155,-206.2077407836914,37.548833946812984,-0.006346074445614569,21.46508922576904,0.59488844871521,0.008456464915070683,-217.33132202923298,39.05024707849238,2.0,0.14975578635931014,
1928000,1463.8471224308014,-210.57808184623718,39.81735182483521,-0.006221197358332553,31.494192123413086,0.6142137229442597,0.007813478459138424,-217.33132202923298,39.05024707849238,2.0,0.15355415642261505,
1932000,1466.7846193313599,-216.9485491514206,53.71353554520769,-0.006054391138798909,30.515637588500976,0.6507238864898681,0.004464648256544024,-217.33132202923298,39.05024707849238,2.0,0.13167951107025147,
1936000,1469.7213015556335,-206.26322650909424,39.60262650859028,-0.006853808709575482,21.050578308105468,0.6406358182430267,0.0035783248394727794,-217.33132202923298,39.05024707849238,2.0,0.14757206290960312,
1940000,1472.6680855751038,-213.5020126104355,44.666213752216464,-0.003951477643645696,33.80150089263916,0.6718405187129974,0.006779225455829874,-217.33132202923298,39.05024707849238,2.0,0.14990183860063552,
1944000,1475.608670949936,-216.3062994480133,40.168390530832234,-0.005337760096415867,27.535410690307618,0.6247706413269043,0.004789583725505508,-217.33132202923298,39.05024707849238,2.0,0.155047944188118,
1948000,1478.5460498332977,-207.9176950454712,38.640456859508966,-0.005695401439753667,30.065768241882324,0.6101077020168304,0.006291668629273772,-217.33132202923298,39.05024707849238,2.0,0.15363627821207046,
1952000,1481.488618850708,-208.4694619178772,38.73449156607931,-0.004043316277442699,39.20960922241211,0.6286503195762634,0.006647787956171669,-217.33132202923298,39.05024707849238,2.0,0.12594988644123079,
1956000,1484.4460208415985,-219.06601786613464,47.32815113538295,-0.006062515673770896,37.004533004760745,0.6940514445304871,0.004933819843339826,-217.33132202923298,39.05024707849238,2.0,0.11665393337607384,
1960000,1487.394296169281,-207.4887443780899,40.601685361874864,-0.00723742112765704,37.734343719482425,0.709498280286789,0.006656430615112186,-217.33132202923298,39.05024707849238,2.0,0.14039362967014313,
1964000,1491.5823080539703,-203.81911158561707,38.57414552118013,-0.004365948282764265,27.679150772094726,0.6645611822605133,0.006191397408838384,-225.69707083702087,45.482468437999714,2.0,0.16365927159786225,
1968000,1494.538826227188,-214.5489525794983,39.70085272438434,-0.00756858453014857,30.654116058349608,0.732086855173111,0.006973978789756074,-225.69707083702087,45.482468437999714,2.0,0.14253600537776948,
1972000,1497.4784398078918,-214.942932844162,41.2053066889038,-0.006337182305597988,43.20466613769531,0.6739619493484497,0.005987081534345684,-225.69707083702087,45.482468437999714,2.0,0.14664580821990966,
1976000,1500.4296503067017,-205.0299699306488,37.9906904230006,-0.0065177655120690625,43.020630264282225,0.6435508966445923,0.006006328153268825,-225.69707083702087,45.482468437999714,2.0,0.16654835194349288,
1980000,1503.3643369674683,-208.73307347297668,38.33917199321497,-0.007014620704576391,35.98481502532959,0.7052521526813507,0.005167141825038346,-225.69707083702087,45.482468437999714,2.0,0.1642855301499367,
1984000,1506.3107702732086,-203.64155840873718,35.11706865590445,-0.006042930497089394,29.196463966369627,0.686501657962799,0.005490474236469467,-225.69707083702087,45.482468437999714,2.0,0.1485135391354561,
1988000,1509.2474279403687,-212.58348178863525,49.64808243426127,-0.007975970736704774,27.01631679534912,0.6397853791713715,0.004852935130475089,-225.69707083702087,45.482468437999714,2.0,0.14195815920829774,
1992000,1512.0731036663055,-199.96237707138062,34.242100683181185,-0.007260448609575754,30.2288028717041,0.6526609539985657,0.005953302280977369,-225.69707083702087,45.482468437999714,2.0,0.15248326659202577,
1996000,1514.9441497325897,-204.31078672409058,33.326380836252504,-0.0055305630552271445,29.18101558685303,0.6261121749877929,0.008248868054555113,-225.69707083702087,45.482468437999714,2.0,0.1708257883787155,
2000000,1517.7969789505005,-203.8480100631714,38.61163000029769,-0.007299783298590512,36.2172966003418,0.716732782125473,0.004779107304289987,-225.69707083702087,45.482468437999714,2.0,0.19167852103710176,
