global_step,wall_time_s,ep_return_mean,ep_return_std,policy_loss,value_loss,entropy,approx_kl,eval_return_mean,eval_return_std,mean_k,attn_entropy,lagrange_lambda
4000,8.759864330291748,-717.1546812057495,95.85801797340272,-0.00048100297880608877,482.3212890625,1.601661992073059,3.970854620274633e-05,,,,2.1924826383590696,
8000,17.00906491279602,-722.7595529556274,103.46867263819902,-0.00040779163110187254,440.74151916503905,1.5975568056106568,0.0001552373554538161,,,,2.221806836128235,
12000,25.177506923675537,-692.2726831436157,92.06848566137373,-0.0004148474638448363,434.7108673095703,1.5865983843803406,3.3400487973267444e-05,,,,2.225665068626404,
16000,33.36780071258545,-689.8760905265808,87.86030065499386,-0.0002996000328007398,402.4348999023438,1.5750314474105835,0.0003820199842302863,,,,2.232422375679016,
20000,41.668168783187866,-694.6182298660278,75.8739439371286,-0.00021867053590867157,384.5243438720703,1.572113287448883,0.0001555855280457763,,,,2.236530065536499,
24000,49.89228320121765,-685.305871963501,86.01670758690334,-0.00041394443447657637,370.78505249023436,1.5783523201942444,0.0002556762025051285,,,,2.231827425956726,
28000,58.23982501029968,-704.8598775863647,93.7964777771256,-0.00010392942225045942,288.18724822998047,1.5753384828567505,0.00013254401746962686,,,,2.2053614377975466,
32000,66.64340662956238,-690.0830278396606,75.37899412142997,-0.0003974087753352507,226.97216339111327,1.5709853887557983,8.696047848388844e-05,,,,2.1995036363601685,
36000,75.02247524261475,-686.0583186149597,84.00603966153301,-0.0005915468608630903,188.78292694091797,1.5698777914047242,8.489674012526204e-05,,,,2.2044286012649534,
40000,83.32713794708252,-698.776704788208,86.03688625763272,-0.0006337252132070148,157.79475326538085,1.569078516960144,0.00036779517358809244,,,,2.176073455810547,
44000,94.173752784729,-716.0562057495117,99.25048419552357,-0.0005974865491928938,171.24698181152343,1.5639886856079102,0.00015175401354099448,-920.6768566071987,187.39746463419047,,2.1709750175476072,
48000,102.3300039768219,-723.013858795166,96.74656745233241,-0.0003088150469263695,159.30224075317383,1.5471011757850648,0.00031164023275778165,-920.6768566071987,187.39746463419047,,2.1380097389221193,
52000,110.54367685317993,-683.055682182312,82.47311604424969,-0.00036489417937264347,122.19172744750976,1.559450125694275,0.00013060520257567875,-920.6768566071987,187.39746463419047,,2.1363365411758424,
56000,118.8462085723877,-706.7955627441406,73.3440567028574,-0.0004531080041148661,132.82831192016602,1.566040825843811,0.00010776824019558262,-920.6768566071987,187.39746463419047,,2.135930824279785,
60000,127.25977540016174,-726.3452205657959,88.12473506325946,-0.00021822702825460282,126.13040008544922,1.5617887496948242,0.0001987084013987138,-920.6768566071987,187.39746463419047,,2.0830068588256836,
64000,135.597021818161,-720.6930770874023,102.59247694922347,-0.00022744584613367813,143.1420570373535,1.5742552280426025,0.00011760104307541041,-920.6768566071987,187.39746463419047,,2.1435781717300415,
68000,143.97631192207336,-710.1699967384338,90.41661585007822,-0.0005262234762024587,111.4404312133789,1.5730905055999755,0.000548696280020522,-920.6768566071987,187.39746463419047,,2.154456949234009,
72000,152.2598011493683,-720.8423452377319,87.46018672503206,-0.00016645777914980897,134.15982666015626,1.5606014132499695,6.845710821744566e-05,-920.6768566071987,187.39746463419047,,2.170118880271912,
76000,160.70986127853394,-715.265787601471,95.7240515425125,-0.0004261312083206015,103.63028755187989,1.5726604461669922,0.0,-920.6768566071987,187.39746463419047,,2.1719541549682617,
80000,169.06040167808533,-703.0446138381958,95.52137719833078,-0.0004246084736369227,98.91152725219726,1.5711453795433044,0.0004064562429751589,-920.6768566071987,187.39746463419047,,2.17385733127594,
84000,179.92807412147522,-738.1603193283081,106.02787528498733,-0.00029779086924341946,94.09132499694825,1.5578970074653626,0.0002340127224670141,-890.7951465547085,184.3587257127461,,2.21822304725647,
88000,188.1216537952423,-781.7083959579468,118.4856538688377,-0.0003002447560526367,86.69661178588868,1.5265652537345886,1.3636983958955837e-05,-890.7951465547085,184.3587257127461,,2.1249170541763305,
92000,196.4881830215454,-761.0817632675171,94.42792978232991,-0.00016541360465875953,62.30619373321533,1.5550403952598573,9.276699523312893e-05,-890.7951465547085,184.3587257127461,,2.1210347175598145,
96000,204.82438135147095,-733.0739011764526,99.28944198874044,-0.0001471159107300224,73.67133522033691,1.5554261326789856,7.229816103138941e-05,-890.7951465547085,184.3587257127461,,2.220153069496155,
100000,213.1411144733429,-737.4429616928101,112.66876429021987,-7.161784579086116e-05,81.61777076721191,1.5483009338378906,0.00012673599794652546,-890.7951465547085,184.3587257127461,,2.1628316402435304,
104000,221.45947313308716,-817.1282720565796,119.1177549871093,1.1379898855601311e-05,85.08466262817383,1.5179993152618407,0.00045900917757535353,-890.7951465547085,184.3587257127461,,2.179416131973267,
108000,229.81432271003723,-787.5542211532593,107.76231473199539,-0.0001976627192009417,78.94699897766114,1.5327596545219422,0.00026758151871035806,-890.7951465547085,184.3587257127461,,2.195628023147583,
112000,238.2040765285492,-767.5380535125732,110.54325467579768,-8.452916452491576e-05,63.517402458190915,1.5424678802490235,0.00010448194168809488,-890.7951465547085,184.3587257127461,,2.17653751373291,
116000,246.54421281814575,-749.9665470123291,117.66665135968452,-0.0007489291928941099,74.14793586730957,1.5404603362083436,0.0002714158970745006,-890.7951465547085,184.3587257127461,,2.2090424060821534,
120000,254.8373942375183,-732.5494756698608,89.73664871215779,-0.0005121431270575627,53.10240097045899,1.5496554374694824,0.0005292754918627907,-890.7951465547085,184.3587257127461,,2.2238531589508055,
124000,265.59390115737915,-694.4268522262573,94.15282015000847,-0.0005837531692425735,73.49308319091797,1.5597604036331176,0.0002473002269689495,-1010.9222264289856,226.9198420494265,,2.268724060058594,
128000,273.90343952178955,-751.5674476623535,104.03168926774956,-0.0002916813182558542,83.91756134033203,1.5296080827713012,0.0002645304854013375,-1010.9222264289856,226.9198420494265,,2.1965204000473024,
132000,282.18399834632874,-726.0019207000732,97.85406209649273,-0.0006003559517169688,71.95910034179687,1.5254685878753662,5.029142102763728e-11,-1010.9222264289856,226.9198420494265,,2.204942774772644,
136000,290.43180418014526,-738.4416007995605,116.73099420817822,-0.00046890935835346425,65.47822265625,1.518712079524994,0.0002222390252209161,-1010.9222264289856,226.9198420494265,,2.1849751472473145,
140000,298.66549348831177,-707.5293664932251,93.82013333630725,-0.0008659731348937605,83.9786449432373,1.5323482275009155,0.00038491521181640567,-1010.9222264289856,226.9198420494265,,2.2597809791564942,
144000,306.9097123146057,-683.0095157623291,73.498617176787,-0.0003117994320636974,53.560634994506835,1.534302794933319,0.00011620907534961588,-1010.9222264289856,226.9198420494265,,2.255903434753418,
148000,315.15274000167847,-702.8665571212769,99.85466173739162,-0.0010814204051664334,77.96589317321778,1.5240638375282287,0.0005717214769344253,-1010.9222264289856,226.9198420494265,,2.2377209663391113,
152000,323.3602063655853,-692.2734155654907,78.24937269831395,-0.0006921816217945853,56.247186470031735,1.5038055539131165,0.00047350870663649404,-1010.9222264289856,226.9198420494265,,2.2437094688415526,
156000,331.58798384666443,-708.6153774261475,82.73285935761223,-0.00039936501532427114,63.23279514312744,1.509750235080719,0.0005272521619820835,-1010.9222264289856,226.9198420494265,,2.2462018013000487,
160000,339.8593969345093,-714.5964632034302,100.45117248459422,-0.0007834885500876077,57.26741695404053,1.4839111328125,0.0014370621595104938,-1010.9222264289856,226.9198420494265,,2.188777208328247,
164000,350.42683696746826,-735.4380354881287,99.0539245203032,-0.0005498212566453775,67.82756309509277,1.4816620588302611,0.00021413475733425002,-1033.624556005001,289.42194074014435,,2.2407893896102906,
168000,358.6641306877136,-721.3827381134033,101.39314731011311,-0.00035242518497442533,73.01164398193359,1.4988571643829345,0.0005333906301530078,-1033.624556005001,289.42194074014435,,2.1558767318725587,
172000,366.8251168727875,-702.1680707931519,88.5587107409946,-0.0005728336358054697,67.01376113891601,1.5051564931869508,0.0006010168994932119,-1033.624556005001,289.42194074014435,,2.2415780782699586,
176000,375.042049407959,-669.9986276626587,62.564746480920206,-0.0006525697753968273,103.10408973693848,1.5034234881401063,0.00023982938375290974,-1033.624556005001,289.42194074014435,,2.2688440322875976,
180000,383.2571551799774,-694.5846786499023,84.55378728609575,-0.000810104604068318,96.95324058532715,1.4846513867378235,0.0004791070274222875,-1033.624556005001,289.42194074014435,,2.2387359142303467,
184000,391.5337932109833,-680.9417352676392,82.25298190605115,-0.0005077536058506693,72.37043724060058,1.4772141456604004,0.0002567447915680532,-1033.624556005001,289.42194074014435,,2.2541463136672975,
188000,399.7912321090698,-703.4302864074707,87.85215155229146,-0.0010489356472387357,65.29105834960937,1.4845635890960693,0.001028040451084966,-1033.624556005001,289.42194074014435,,2.217369270324707,
192000,408.0111424922943,-729.2658376693726,94.84760017579077,-0.0006090094137422674,58.18971118927002,1.5069372057914734,0.00050819565585698,-1033.624556005001,289.42194074014435,,2.245946502685547,
196000,416.249694108963,-734.5940132141113,105.61983540868526,-0.00034151128289794386,77.42017440795898,1.4765741944313049,0.0007379029055300634,-1033.624556005001,289.42194074014435,,2.13674054145813,
200000,424.5100185871124,-714.5723066329956,108.61537343142187,-0.0012252010444644857,59.15549201965332,1.4816277623176575,0.00017389244355339172,-1033.624556005001,289.42194074014435,,2.2011119604110716,
204000,435.05265402793884,-752.5195932388306,91.03439579078933,-0.0007838164312087059,65.00540561676026,1.470572304725647,0.001150028775509175,-778.7593192756176,123.87062652871055,,2.1594962596893312,
208000,443.3412253856659,-791.7472229003906,112.29356522624045,-0.0008086012750744942,50.70668258666992,1.4147727370262146,0.0004266588195562998,-778.7593192756176,123.87062652871055,,2.195295739173889,
212000,451.63313126564026,-739.5027923583984,92.66484931229819,-0.0011965103886710793,38.32085819244385,1.4547218918800353,0.0011649594576738308,-778.7593192756176,123.87062652871055,,2.2470829010009767,
216000,459.9566388130188,-744.2719221115112,107.689349672443,-0.0017314979357373693,58.91062602996826,1.467230498790741,0.0010215648839221104,-778.7593192756176,123.87062652871055,,2.2471709966659548,
220000,468.214022397995,-747.3035316467285,104.39364339239721,-0.0010439990351927332,61.90895042419434,1.4431886315345763,0.001070094056922244,-778.7593192756176,123.87062652871055,,2.23999400138855,
224000,476.4978988170624,-733.2928943634033,86.18628681342526,-0.0010444497258285778,67.24597396850587,1.4878375053405761,0.000238133933453355,-778.7593192756176,123.87062652871055,,2.2359837532043456,
228000,484.75155997276306,-719.2150964736938,96.0810334033851,-0.000599410436304737,55.380215072631835,1.4817102551460266,0.000424981739888608,-778.7593192756176,123.87062652871055,,2.216183567047119,
232000,492.9351315498352,-724.0771741867065,90.21680950970295,-0.0010700193313725847,52.81011524200439,1.447318971157074,0.0003661597248362014,-778.7593192756176,123.87062652871055,,2.1566900491714476,
236000,501.13069581985474,-717.3106307983398,86.6674044521174,-0.0003914097653275661,51.52606353759766,1.3904863595962524,0.0014543897686962737,-778.7593192756176,123.87062652871055,,2.1304742097854614,
240000,509.29149079322815,-742.2879686355591,102.92255851091,-0.0013496706539687154,48.30057544708252,1.3730902433395387,0.0028528034930738353,-778.7593192756176,123.87062652871055,,2.103422975540161,
244000,519.9571952819824,-719.6415691375732,84.38911188961023,-0.0008368646470577445,59.854640579223634,1.4282482266426086,0.0009387739140947815,-883.558983951807,157.20506821936263,,2.143905830383301,
248000,528.0940053462982,-782.4878087043762,133.16478093513973,-0.0014875376554749132,52.64359607696533,1.4045302987098693,0.0021986192718031817,-883.558983951807,157.20506821936263,,2.088534712791443,
252000,536.3741357326508,-737.8819398880005,116.38113458195161,-0.0005423942501509682,57.66202087402344,1.4538930535316468,0.0015974055976694212,-883.558983951807,157.20506821936263,,2.11548228263855,
256000,544.6247203350067,-723.3397035598755,102.3074840572123,-0.001713954297922715,47.91353969573974,1.411938202381134,0.0020122332047321835,-883.558983951807,157.20506821936263,,2.08009819984436,
260000,552.8313772678375,-761.6836280822754,116.76487398681375,-0.0016490967565526483,65.21183280944824,1.377134382724762,0.002501714447862469,-883.558983951807,157.20506821936263,,2.051165747642517,
264000,561.0422377586365,-791.6665868759155,123.59548707936797,-0.0006300589559128156,56.52147598266602,1.3698040008544923,0.00033516022012918255,-883.558983951807,157.20506821936263,,2.03982412815094,
268000,569.3058152198792,-739.514271736145,88.94542377766268,-0.0019060382713408596,64.24394264221192,1.412969434261322,0.004353120434097945,-883.558983951807,157.20506821936263,,1.9778115153312683,
272000,577.6645169258118,-735.6585507392883,90.77562696701817,-0.0012848570475276766,40.04468936920166,1.3868897080421447,0.002246181479092535,-883.558983951807,157.20506821936263,,2.0486366748809814,
276000,585.9774744510651,-726.3497676849365,110.37105581217064,-0.0016346255409298571,59.879015350341795,1.4019120812416077,0.0019653348856760954,-883.558983951807,157.20506821936263,,2.104454755783081,
280000,594.1818981170654,-687.9345827102661,80.58754133487811,-0.0010698691114958692,59.371725463867186,1.4067627668380738,0.00026981833943864333,-883.558983951807,157.20506821936263,,2.078499269485474,
284000,604.5829980373383,-681.8048486709595,80.50044529904508,-0.0015935442928943111,39.15203590393067,1.4046939730644226,0.001861482403910486,-750.1173994839191,107.18079656775771,,2.0897631883621215,
288000,612.826446056366,-726.5526685714722,100.9000804555953,-0.0011253949451910828,49.774337196350096,1.3837078928947448,0.0009546221592463544,-750.1173994839191,107.18079656775771,,2.111284303665161,
292000,621.078028678894,-730.2661371231079,88.72966092062784,-0.0015308921779893403,49.2641788482666,1.3817624688148498,0.0029053424443118425,-750.1173994839191,107.18079656775771,,1.995124304294586,
296000,629.3131818771362,-716.7921648025513,86.78099433422432,-0.0020142904620929158,42.67758922576904,1.3872074127197265,0.002728723863256166,-750.1173994839191,107.18079656775771,,1.8764150500297547,
300000,637.5780062675476,-710.8018522262573,91.67803948270065,-0.002022799567940403,49.4756534576416,1.4283415079116821,0.00455903664114885,-750.1173994839191,107.18079656775771,,2.0198803424835203,
304000,645.8190395832062,-716.5348215103149,118.09623727206711,-0.0014041519143065616,91.98088912963867,1.458526086807251,0.0006089394901209744,-750.1173994839191,107.18079656775771,,2.028542923927307,
308000,654.0479900836945,-698.0739278793335,80.74722158264548,-0.002184702247808046,66.00281639099121,1.4555678129196168,0.001372403789719101,-750.1173994839191,107.18079656775771,,1.9457505941390991,
312000,662.2903535366058,-685.6879706382751,96.09612540513146,-0.0019696147533444287,56.755522918701175,1.4674643516540526,0.0013842387268474976,-750.1173994839191,107.18079656775771,,1.8992148637771606,
316000,670.5521101951599,-708.8625011444092,84.44732250756284,-0.00246392680174905,62.42153701782227,1.4453328251838684,0.0018180356759888606,-750.1173994839191,107.18079656775771,,1.9134306073188783,
320000,678.785304069519,-718.0547227859497,102.66012293656593,-0.00215870666996727,55.49491958618164,1.4673656582832337,0.001334822772924482,-750.1173994839191,107.18079656775771,,2.0104860067367554,
324000,689.2542083263397,-740.7446460723877,101.58210586098774,-0.0021921165141005174,53.20163192749023,1.4024309039115905,0.0017161505674012007,-815.9253655970097,185.21471927330364,,1.8866371750831603,
328000,697.4148726463318,-726.9352502822876,79.87649356582635,-0.0019785138916146748,59.13446159362793,1.4327921271324158,0.0028629223597818054,-815.9253655970097,185.21471927330364,,1.933933174610138,
332000,705.7045586109161,-791.5701942443848,171.30979178820968,-0.0014741220488213359,100.2072036743164,1.4110507249832154,0.002477907393767964,-815.9253655970097,185.21471927330364,,1.8486497282981873,
336000,713.9962906837463,-744.2708196640015,104.39268522043064,-0.0017442026737262584,57.344390869140625,1.420295512676239,0.0015693931083660573,-815.9253655970097,185.21471927330364,,1.7081130623817444,
340000,722.2729806900024,-728.5616540908813,93.47847021942184,-0.0019270479816089648,51.000889205932616,1.438293743133545,0.0025571159465471284,-815.9253655970097,185.21471927330364,,1.7502203464508057,
344000,730.5221025943756,-721.3653659820557,84.98076030126843,-0.0017539142479460423,49.41642093658447,1.4155304074287414,0.001893143152071086,-815.9253655970097,185.21471927330364,,1.6841809749603271,
348000,738.7678709030151,-754.8330717086792,99.26942400032661,-0.00089283442402181,67.8609806060791,1.432157564163208,0.0012953525787452237,-815.9253655970097,185.21471927330364,,1.6683624625205993,
352000,747.0919513702393,-744.1550235748291,97.06241036442326,-0.0015776246757209123,59.72186546325683,1.4076226949691772,0.0013136941735865549,-815.9253655970097,185.21471927330364,,1.7171467423439026,
356000,755.4122302532196,-718.2820959091187,93.95028663117577,-0.0014559181864994386,63.13529281616211,1.4353217482566833,0.0014727250643773004,-815.9253655970097,185.21471927330364,,1.7706431031227112,
360000,763.7245028018951,-692.1948890686035,81.51430483756585,-0.001201868513172183,69.45117416381837,1.459371268749237,0.00044256710370973453,-815.9253655970097,185.21471927330364,,1.8853363871574402,
364000,774.3223376274109,-678.6841011047363,74.96973401976274,-0.0015424419803506061,60.15726165771484,1.4377405047416687,0.0016131252162158605,-728.350602209568,120.3860526922613,,1.8826012134552002,
368000,782.5463161468506,-722.3356237411499,102.01445344274917,-0.0017467342153540955,65.89537887573242,1.4342828750610352,0.0014228091549739474,-728.350602209568,120.3860526922613,,1.8706668019294739,
372000,790.83722448349,-720.7595596313477,88.83785234296973,-0.0016068876463687155,44.33876132965088,1.3812135457992554,0.00045104231830919164,-728.350602209568,120.3860526922613,,1.9157198786735534,
376000,799.0872914791107,-696.4014935493469,98.0099757430769,-0.0015718155408588341,48.91914863586426,1.445936119556427,0.0014745732573373971,-728.350602209568,120.3860526922613,,2.033316445350647,
380000,807.3463730812073,-717.01930809021,111.66559276377707,-0.0010038395074515095,54.44287757873535,1.4077378988265992,0.001312600193535518,-728.350602209568,120.3860526922613,,2.1168073415756226,
384000,815.6799111366272,-688.9296188354492,92.42654299106258,-0.0013813344816298923,50.433199882507324,1.3876685619354248,0.0004937220466672443,-728.350602209568,120.3860526922613,,2.1214842319488527,
388000,823.9760835170746,-715.3474225997925,113.07468289897567,-0.0016736076289962654,44.8496675491333,1.4100277781486512,0.0013662088655109982,-728.350602209568,120.3860526922613,,2.1382097005844116,
392000,832.297868013382,-756.1880760192871,97.03730809526168,-0.0016551366500982211,37.091196823120114,1.361527407169342,0.0029339712109649556,-728.350602209568,120.3860526922613,,2.124073791503906,
396000,840.5690438747406,-730.7017755508423,82.54127921315074,-0.0025987694268890136,33.40912284851074,1.3787194967269898,0.005664041603682568,-728.350602209568,120.3860526922613,,2.0370630264282226,
400000,848.6813983917236,-738.6275987625122,103.34755495191334,-0.002987949822253233,36.33096466064453,1.3796914577484132,0.0036957097938284276,-728.350602209568,120.3860526922613,,1.999608337879181,
404000,859.1179838180542,-745.0705289840698,99.64243614405528,-0.0019304822333433337,35.80441875457764,1.3485957503318786,0.002316786726471043,-801.7856699824333,126.34782347334115,,1.8894227981567382,
408000,867.2497606277466,-743.9010534286499,89.559156884674,-0.002297305645964398,47.60777397155762,1.3740737080574035,0.003999430921976454,-801.7856699824333,126.34782347334115,,1.8435638189315795,
412000,875.3600542545319,-747.149582862854,114.41685736962678,-0.0016188986191021382,52.4986328125,1.3352179408073426,0.0006853674462035997,-801.7856699824333,126.34782347334115,,1.8925969481468201,
416000,883.5382661819458,-705.1204605102539,80.72304802512812,-0.002872098782681842,43.10569400787354,1.3448975920677184,0.0038443008437752725,-801.7856699824333,126.34782347334115,,1.9860267877578734,
420000,891.790919303894,-697.0830526351929,95.0558021579958,-0.002878953404569362,27.00474967956543,1.3358362436294555,0.0023455244839618306,-801.7856699824333,126.34782347334115,,2.0022278428077698,
424000,900.064697265625,-668.6992683410645,69.47042889608295,-0.004156192959945848,28.144314765930176,1.3413617610931396,0.0026112664958733768,-801.7856699824333,126.34782347334115,,2.0103920459747315,
428000,908.337810754776,-703.1352009773254,88.06964005542726,-0.0023969638329774945,40.32883186340332,1.2986809849739074,0.004361895835609175,-801.7856699824333,126.34782347334115,,1.9772957801818847,
432000,916.6073405742645,-691.2469148635864,66.03035260583674,-0.003062557998268556,42.52531223297119,1.2584447383880615,0.002629327733302489,-801.7856699824333,126.34782347334115,,2.0098071813583376,
436000,924.6973421573639,-678.4306554794312,73.90658932179198,-0.002108165312558441,48.037210083007814,1.2864805936813355,0.001941514319332782,-801.7856699824333,126.34782347334115,,2.0402829170227053,
440000,932.8290848731995,-699.0073852539062,77.68522355812294,-0.0023271752692138104,48.53193473815918,1.2433740139007567,0.0037507709639612585,-801.7856699824333,126.34782347334115,,2.0099727153778075,
444000,943.4872250556946,-706.5976839065552,72.2874598826272,-0.0026923859164817545,39.901187896728516,1.2670676589012146,0.002698410265111306,-704.1602427363396,94.46626925545759,,1.9791779398918152,
448000,951.775651216507,-693.617618560791,86.31902590309438,-0.0025761066252016464,34.7014347076416,1.299858522415161,0.002349540128256189,-704.1602427363396,94.46626925545759,,2.012782669067383,
452000,960.0426287651062,-673.0985174179077,71.85226505982986,-0.0017297615594773497,36.55557498931885,1.3121723294258119,0.002399202280580842,-704.1602427363396,94.46626925545759,,2.008437156677246,
456000,968.2848489284515,-684.1889362335205,79.52036618018937,-0.003078789321007225,33.73577709197998,1.3043765306472779,0.004984454566147179,-704.1602427363396,94.46626925545759,,1.953959345817566,
460000,976.5666944980621,-692.763026714325,92.96742299920085,-0.0016188312591954635,37.849876403808594,1.3239967346191406,0.0017527136287293008,-704.1602427363396,94.46626925545759,,2.0293087482452394,
464000,984.8139984607697,-677.0280103683472,75.86980977606127,-0.0013114735125497323,41.939333152771,1.3178547501564026,0.0027703603293048216,-704.1602427363396,94.46626925545759,,1.9778036952018738,
468000,992.8963046073914,-679.4125185012817,65.64558416448192,-0.0021985572505509587,54.079158020019534,1.3052273988723755,0.0008961049999925308,-704.1602427363396,94.46626925545759,,1.9720181107521058,
472000,1001.1203398704529,-681.4471082687378,78.19553958598982,-0.0023360974391495536,33.92843761444092,1.3194172620773315,0.002632927535159979,-704.1602427363396,94.46626925545759,,1.9996383905410766,
476000,1009.3383367061615,-697.128870010376,77.20381047272862,-0.0033049374748176596,41.688588333129886,1.3045185208320618,0.004079436144093051,-704.1602427363396,94.46626925545759,,1.9537722945213318,
480000,1017.663388967514,-667.6324830055237,76.60644855977006,-0.0020099785302299723,50.174164581298825,1.3279184103012085,0.0010517460387078847,-704.1602427363396,94.46626925545759,,1.9593205571174621,
484000,1028.3312377929688,-682.2079277038574,92.60424082639908,-0.002074573489604603,57.08579025268555,1.3326205015182495,0.002413778170167158,-703.7566450834274,97.72105555816083,,2.019264650344849,
488000,1036.5766220092773,-670.6438646316528,82.13141263786557,-0.0032468239953353795,45.603294372558594,1.3231828331947326,0.003165727368361937,-703.7566450834274,97.72105555816083,,2.03395037651062,
492000,1044.8039648532867,-685.4704971313477,95.00012818215326,-0.0025228434140444735,40.61874275207519,1.3149493336677551,0.0014978385679035755,-703.7566450834274,97.72105555816083,,2.028953289985657,
496000,1053.0501675605774,-670.830530166626,83.27579622248292,-0.003150975541910128,34.598813438415526,1.29253910779953,0.0030182268525095423,-703.7566450834274,97.72105555816083,,2.06093487739563,
500000,1061.3058323860168,-690.6878671646118,96.37358880821182,-0.0019794987644806026,43.69313354492188,1.289258873462677,0.00044048893277068844,-703.7566450834274,97.72105555816083,,2.047395706176758,
504000,1069.5674948692322,-671.9996633529663,74.83024526618927,-0.0016871822074657316,35.78806705474854,1.2550666451454162,0.0024487832939485087,-703.7566450834274,97.72105555816083,,2.0406652450561524,
508000,1077.82972407341,-679.8860912322998,76.9273954626068,-0.0021858483397712456,47.15323619842529,1.2458368420600892,0.003874734699182847,-703.7566450834274,97.72105555816083,,2.0701383113861085,
512000,1086.0699348449707,-703.6275396347046,70.74243429866254,-0.0013336137231478196,39.48705215454102,1.2633117318153382,0.0004888294002739713,-703.7566450834274,97.72105555816083,,2.006966066360474,
516000,1094.3176403045654,-703.9481630325317,74.39502094863936,-0.0026660604563851996,33.085585021972655,1.2033658981323243,0.0029757270060945416,-703.7566450834274,97.72105555816083,,2.0294240951538085,
520000,1102.5594041347504,-682.4000177383423,82.50791349948554,-0.0021103368619224128,45.19285259246826,1.2096983194351196,0.0029291350991115907,-703.7566450834274,97.72105555816083,,2.015673851966858,
524000,1113.1159100532532,-676.1373043060303,85.64369366785446,-0.002217028908974861,46.03926162719726,1.1818267345428466,0.002059243812982459,-636.6235907375813,63.99278530571461,,2.0764342069625856,
528000,1121.2104880809784,-693.2313995361328,69.07363013936475,-0.0018808938928705388,42.164513206481935,1.1676905035972596,0.0019233324014737096,-636.6235907375813,63.99278530571461,,2.0418635845184325,
532000,1129.4325983524323,-714.975399017334,95.51181119585728,-0.0014875307695668915,56.068128204345705,1.1414968013763427,0.002155811942066066,-636.6235907375813,63.99278530571461,,1.9697795391082764,
536000,1137.6727318763733,-710.5607652664185,97.97768099593948,-0.002281903076567682,40.73645534515381,1.1239805817604065,0.0012315052585108789,-636.6235907375813,63.99278530571461,,1.9628734350204469,
540000,1145.9124767780304,-705.4337873458862,84.99933611906026,-0.0020569293754524763,35.523488235473636,1.0938489437103271,0.0021011876728152857,-636.6235907375813,63.99278530571461,,1.9913145899772644,
544000,1154.1318862438202,-742.1520748138428,116.18648256721671,-0.0009300152857467658,39.689454078674316,1.0384907603263855,0.001250695546332281,-636.6235907375813,63.99278530571461,,1.9440139651298523,
548000,1162.3731269836426,-747.6433820724487,112.46966899756494,-0.0023302976166597487,40.42290573120117,1.0719649910926818,0.002424689257168211,-636.6235907375813,63.99278530571461,,2.0064231634140013,
552000,1170.5556588172913,-728.8531045913696,84.52343835808199,-0.002501804692961862,35.414161682128906,1.141854727268219,0.0019215889202314428,-636.6235907375813,63.99278530571461,,1.9570083379745484,
556000,1178.788180589676,-708.5545597076416,118.64664904585793,-0.0022744544802699275,47.059431076049805,1.1263358116149902,0.0012880589283668087,-636.6235907375813,63.99278530571461,,1.8605762243270874,
560000,1186.9913530349731,-719.7636828422546,101.62603233501164,-0.003233603716614497,31.37751235961914,1.199045181274414,0.0017658763613144404,-636.6235907375813,63.99278530571461,,1.8712692260742188,
564000,1197.5176181793213,-708.5207099914551,84.14425838605712,-0.0013449774731416398,58.7224479675293,1.1918097138404846,0.002143162499613638,-695.4773243367672,92.4243832693829,,1.868953537940979,
568000,1205.627142906189,-687.6070346832275,89.46891261391161,-0.0030146693447605346,52.70551681518555,1.1925476908683776,0.0018167035606942105,-695.4773243367672,92.4243832693829,,1.786340594291687,
572000,1213.774023771286,-678.2118029594421,79.45210131436559,-0.002105159029093073,48.01878643035889,1.2203910946846008,0.0022503748579862926,-695.4773243367672,92.4243832693829,,1.810374927520752,
576000,1221.864509820938,-687.0926456451416,78.73773495325203,-0.0031265695169567565,45.59269142150879,1.2663740634918212,0.002288946322204266,-695.4773243367672,92.4243832693829,,1.6908393621444702,
580000,1229.9277167320251,-748.5200891494751,132.82172826912688,-0.003193485418101716,53.88487281799316,1.252852201461792,0.00398584378999658,-695.4773243367672,92.4243832693829,,1.7326083302497863,
584000,1238.0102078914642,-728.3399448394775,84.76534595752186,-0.0023475143001026487,42.25867385864258,1.2490692019462586,0.0016657727252071374,-695.4773243367672,92.4243832693829,,1.6676626682281495,
588000,1246.1284484863281,-718.7008686065674,111.9522306737916,-0.0021712216374194073,46.83298301696777,1.2688163280487061,0.003013339974723461,-695.4773243367672,92.4243832693829,,1.7248355865478515,
592000,1254.271681547165,-738.1237468719482,100.18317710216893,-0.0025522709268067435,52.89477386474609,1.2654076218605042,0.0020140682325290983,-695.4773243367672,92.4243832693829,,1.7467967391014099,
596000,1262.32461810112,-719.3582963943481,87.82570959278476,-0.0030288216699069894,38.97032718658447,1.306425106525421,0.005352909123757854,-695.4773243367672,92.4243832693829,,1.7189329981803894,
600000,1270.5785303115845,-678.0239200592041,97.83309156606674,-0.003342413230954344,65.82875137329101,1.366514754295349,0.0028354230509527677,-695.4773243367672,92.4243832693829,,1.878024733066559,
604000,1281.1301550865173,-685.4775905609131,73.65902128641105,-0.002581951411809613,45.396460342407224,1.3431299686431886,0.0008005743280518729,-743.2887485027313,109.49749943325108,,1.8481329798698425,
608000,1289.3896961212158,-733.9212694168091,100.51143470652612,-0.0028180547646867726,38.197611808776855,1.3517449736595153,0.0027051137207308785,-743.2887485027313,109.49749943325108,,1.6716793775558472,
612000,1297.6359312534332,-734.5328245162964,75.07075093608032,-0.002903965721100921,38.251642036437985,1.3587435841560365,0.0023111105929080333,-743.2887485027313,109.49749943325108,,1.7685758471488953,
616000,1305.9217162132263,-747.2578830718994,105.49916158191266,-0.0017938178607339594,61.07353401184082,1.3565877676010132,0.0033752002025721596,-743.2887485027313,109.49749943325108,,1.6816751599311828,
620000,1314.2544283866882,-704.9669580459595,73.52317706315155,-0.003110677313719279,32.02655544281006,1.3498335599899292,0.003490676705880713,-743.2887485027313,109.49749943325108,,1.8208574175834655,
624000,1322.5291593074799,-717.533953666687,82.72059652517491,-0.0031816194127313848,33.71024875640869,1.3283941745758057,0.001541553411516361,-743.2887485027313,109.49749943325108,,1.7311710715293884,
628000,1330.7793154716492,-718.6042108535767,100.51922564748163,-0.003154393938525324,42.475715446472165,1.3137477874755858,0.0012346760791842825,-743.2887485027313,109.49749943325108,,1.7703947067260741,
632000,1339.020502090454,-666.627917766571,93.2794248147512,-0.0031168295457804974,37.305833435058595,1.3131603956222535,0.0018377693872025703,-743.2887485027313,109.49749943325108,,1.8002816915512085,
636000,1347.2221760749817,-697.9826307296753,101.58735791138824,-0.004013667064718884,30.775584030151368,1.3132392287254333,0.0027693281779647807,-743.2887485027313,109.49749943325108,,1.7339468717575073,
640000,1355.494249343872,-685.8397912979126,91.16737321237356,-0.0027467279519187036,44.335402488708496,1.35861839056015,0.0012208321895741392,-743.2887485027313,109.49749943325108,,1.8074029564857483,
644000,1366.0520021915436,-686.7096948623657,75.74788811133236,-0.003370835876480349,47.45288925170898,1.3369988083839417,0.0026590387395117434,-720.8099092543125,144.37667410375997,,1.8571266531944275,
648000,1374.3100452423096,-692.5140419006348,101.19867840011818,-0.0035499140588411303,52.10781135559082,1.32345210313797,0.002255995559661339,-720.8099092543125,144.37667410375997,,1.8829548478126525,
652000,1382.5374648571014,-687.2702655792236,80.97333922019826,-0.004387983196259782,32.057576942443845,1.3208001732826233,0.005323815491283313,-720.8099092543125,144.37667410375997,,1.7959233403205872,
656000,1390.6899409294128,-685.6073923110962,94.61841622281544,-0.002690558010285393,40.89737949371338,1.3115695238113403,0.002053247770915434,-720.8099092543125,144.37667410375997,,1.8005723118782044,
660000,1398.774985074997,-722.5005197525024,93.22986113792464,-0.003557678642605122,41.14023227691651,1.2439294695854186,0.0033519434941699845,-720.8099092543125,144.37667410375997,,1.7807169079780578,
664000,1406.852191209793,-692.4298963546753,85.62289521649956,-0.0021506746646870133,39.22089328765869,1.2538829684257506,0.00388496973241369,-720.8099092543125,144.37667410375997,,1.8778363347053528,
668000,1414.9499702453613,-698.2043323516846,82.38619339450032,-0.0032578824108156048,40.268206405639646,1.2078013181686402,0.002684716111049079,-720.8099092543125,144.37667410375997,,1.8766405940055848,
672000,1423.233769416809,-688.090654373169,73.2771832618553,-0.00304768077819606,30.449520874023438,1.2503461480140685,0.002759966596495378,-720.8099092543125,144.37667410375997,,1.8985198616981507,
676000,1431.5394530296326,-687.3025393486023,81.54073156827042,-0.0017724217120170139,43.79068851470947,1.2565013647079468,0.0015952892252244055,-720.8099092543125,144.37667410375997,,1.8778699874877929,
680000,1439.789531469345,-657.7100119590759,82.87134362506484,-0.0016011291029280894,30.2136869430542,1.3128914475440978,0.0014101836652116618,-720.8099092543125,144.37667410375997,,1.9421953320503236,
684000,1450.3323509693146,-678.1760139465332,107.1728932003344,-0.0022891509996844305,38.19065647125244,1.337288010120392,0.0003456516475125682,-705.2874378561974,90.0761388607083,,1.8085886240005493,
688000,1458.6761100292206,-661.8685159683228,70.75123904758496,-0.003657239315953742,25.475226402282715,1.3064100861549377,0.0014446318324189632,-705.2874378561974,90.0761388607083,,1.7986374855041505,
692000,1467.015864610672,-704.4288153648376,83.47537940987121,-0.0034726697593772116,28.23137550354004,1.319646179676056,0.003759593321592547,-705.2874378561974,90.0761388607083,,1.7188649654388428,
696000,1475.3202111721039,-688.8008880615234,86.55845733078526,-0.0026622121517430484,46.64760856628418,1.3490351796150208,0.002902852982515469,-705.2874378561974,90.0761388607083,,1.7657593727111816,
700000,1483.6321682929993,-670.4833312034607,86.55967956422111,-0.0034272603207112563,32.83788795471192,1.276569950580597,0.003877342062381417,-705.2874378561974,90.0761388607083,,1.7119771599769593,
704000,1491.9468340873718,-712.7398443222046,106.92682833797552,-0.0015276702565412581,49.97611846923828,1.2887404203414916,0.0036398530821315942,-705.2874378561974,90.0761388607083,,1.714823305606842,
708000,1500.2428095340729,-684.592604637146,79.38370521421817,-0.0025125644347281373,40.56589221954346,1.2616767406463623,0.0021027830420644157,-705.2874378561974,90.0761388607083,,1.7260890364646913,
712000,1508.5250144004822,-680.0046949386597,86.93810587662585,-0.0024763483021718715,29.098672103881835,1.1980945348739624,0.0034314013086259366,-705.2874378561974,90.0761388607083,,1.7097671151161193,
716000,1516.7977585792542,-691.0147590637207,91.95899020586513,-0.003437969931867002,31.97496643066406,1.254596996307373,0.003945797120356786,-705.2874378561974,90.0761388607083,,1.6458315253257751,
720000,1525.0722923278809,-664.1651077270508,73.16897600909047,-0.003801859731863555,33.90037250518799,1.277725052833557,0.0032182230133912526,-705.2874378561974,90.0761388607083,,1.6447142004966735,
724000,1535.4443790912628,-673.243335723877,62.38704206835033,-0.0027777464648631065,37.02494926452637,1.3005796670913696,0.0027060707141572495,-716.3501017093658,88.30710093815972,,1.657312285900116,
728000,1543.5152440071106,-696.352331161499,83.7338274428569,-0.0024052550564519493,30.16731700897217,1.233282744884491,0.0036774590096902092,-716.3501017093658,88.30710093815972,,1.5024707555770873,
732000,1551.589203596115,-697.5265579223633,88.88647550325885,-0.0029490283327565426,35.77235584259033,1.264213466644287,0.004256653058109805,-716.3501017093658,88.30710093815972,,1.4298410654067992,
736000,1559.6704697608948,-708.0489444732666,93.59828993936883,-0.0020578943537936214,33.88118343353271,1.2484499096870423,0.001408913311432114,-716.3501017093658,88.30710093815972,,1.4986021518707275,
740000,1567.746619462967,-694.900749206543,78.14888933322635,-0.003407537208481948,42.97017841339111,1.2456026554107666,0.00422210464021191,-716.3501017093658,88.30710093815972,,1.485926103591919,
744000,1575.8450055122375,-717.3308033943176,110.73378192699691,-0.002643192099058078,49.9070369720459,1.3028291940689087,0.002296409851289355,-716.3501017093658,88.30710093815972,,1.406516420841217,
748000,1583.9435381889343,-708.735538482666,72.30184160077042,-0.0016248380589531709,35.84742965698242,1.2966440200805665,0.0031613606930477544,-716.3501017093658,88.30710093815972,,1.3884268879890442,
752000,1592.1763083934784,-695.6902799606323,79.21727748016461,-0.0021438143499931785,36.086355972290036,1.275879156589508,0.004216043452111384,-716.3501017093658,88.30710093815972,,1.4886178851127625,
756000,1600.3108839988708,-677.4536590576172,56.207715098980536,-0.003144271827535583,25.668325233459473,1.2667662501335144,0.0032533146339119414,-716.3501017093658,88.30710093815972,,1.472716212272644,
760000,1608.497950553894,-687.7733993530273,78.62344464116165,-0.0019166823066673721,37.57179279327393,1.281654715538025,0.0019300181798704852,-716.3501017093658,88.30710093815972,,1.4673128843307495,
764000,1619.0897552967072,-685.3484292030334,85.79256339279718,-0.0016325199582206574,39.45439891815185,1.280384600162506,0.0022550516980118116,-709.7549390494823,90.63390114171125,,1.562814974784851,
768000,1627.4619166851044,-656.9406304359436,62.51595242887736,-0.0013207287897433416,45.960538673400876,1.3678988099098206,0.0028682304255198687,-709.7549390494823,90.63390114171125,,1.6266269564628602,
772000,1635.7269632816315,-684.4869327545166,74.20369117780291,-0.0016069873951443548,40.17174377441406,1.3495872020721436,0.0013455385779089113,-709.7549390494823,90.63390114171125,,1.5938609004020692,
776000,1644.029769897461,-678.5680570602417,85.19372384796199,-0.002301403014590697,33.66972541809082,1.3385592937469482,0.00193275548517704,-709.7549390494823,90.63390114171125,,1.5265123009681703,
780000,1652.2675774097443,-703.0676774978638,90.51540896099056,-0.0029303582810097594,36.169419288635254,1.340240204334259,0.0030789871147135273,-709.7549390494823,90.63390114171125,,1.3880877494812012,
784000,1660.6375720500946,-677.0004844665527,88.70115110019901,-0.002501402894869287,38.59531726837158,1.287456202507019,0.0021295562968492443,-709.7549390494823,90.63390114171125,,1.4956102132797242,
788000,1668.8684859275818,-689.9257764816284,88.52389458672546,-0.003645937122035925,29.030026245117188,1.3057204127311706,0.003767962560232263,-709.7549390494823,90.63390114171125,,1.5641586661338807,
792000,1677.1170876026154,-690.3872876167297,93.36559969910748,-0.002073220147906496,37.51882629394531,1.3546701788902282,0.003278165607480332,-709.7549390494823,90.63390114171125,,1.4406229376792907,
796000,1685.3552350997925,-727.2316551208496,110.26599279860737,-0.002199301030469847,51.48435821533203,1.3516865611076354,0.0020242200465872885,-709.7549390494823,90.63390114171125,,1.3779368281364441,
800000,1693.625955581665,-695.5234022140503,98.35734831476684,-0.0025698760223458626,39.79675998687744,1.3883474469184875,0.003450171702599625,-709.7549390494823,90.63390114171125,,1.4246317744255066,
804000,1704.26234292984,-694.9275255203247,98.02008643264307,-0.0026268395435375515,61.860730743408205,1.3994786977767943,0.004381458964780904,-701.8058834075928,89.51363334034623,,1.3894922137260437,
808000,1712.565996646881,-714.798921585083,108.15387754276833,-0.0016011942591624972,61.4447696685791,1.4130323767662047,0.00224557459808421,-701.8058834075928,89.51363334034623,,1.3781003475189209,
812000,1720.8629350662231,-705.7894287109375,100.2656884271801,-0.0016531530228967029,48.06414985656738,1.3911792278289794,0.0019046512230997902,-701.8058834075928,89.51363334034623,,1.2716048598289489,
816000,1729.1139452457428,-676.5639400482178,90.57104043488124,-0.0021118395132166514,35.824100494384766,1.3419992685317994,0.0026864247745834293,-701.8058834075928,89.51363334034623,,1.319327461719513,
820000,1737.3985455036163,-694.6476593017578,76.38042106070971,-0.002064566507275245,42.18795204162598,1.3346877813339233,0.0018509794484998566,-701.8058834075928,89.51363334034623,,1.3582005262374879,
824000,1745.6669147014618,-680.9773960113525,104.37670694482154,-0.0019260130067414228,43.77578144073486,1.350916588306427,0.0007853707558412415,-701.8058834075928,89.51363334034623,,1.4006989121437072,
828000,1753.7274615764618,-697.3020114898682,94.68791754290795,-0.0030202190240961714,55.873569869995116,1.3471962928771972,0.00431139355932828,-701.8058834075928,89.51363334034623,,1.3907747864723206,
832000,1761.9059164524078,-703.0333414077759,99.87476133573354,-0.0014501336497874996,77.26115531921387,1.338612425327301,0.004731172574334796,-701.8058834075928,89.51363334034623,,1.3456272602081298,
836000,1770.2378814220428,-728.517656326294,97.87026831855653,-0.0012419408202016592,52.90340232849121,1.2746773600578307,0.0004728749091542972,-701.8058834075928,89.51363334034623,,1.2165762186050415,
840000,1778.508055448532,-711.2377862930298,114.4511626375807,-0.002472932390247784,54.04361228942871,1.324685513973236,0.0026693781539506743,-701.8058834075928,89.51363334034623,,1.270883810520172,
844000,1789.0613009929657,-693.249171257019,69.74531841023529,-0.0029260864690101585,43.776044845581055,1.3499532461166381,0.002394143454323061,-762.8776709735394,107.4055026971857,,1.3723471522331239,
848000,1797.3099954128265,-683.2129459381104,79.84655237213,-0.0024394246118415452,56.809004592895505,1.3231025815010071,0.0030497541185468434,-762.8776709735394,107.4055026971857,,1.3529682159423828,
852000,1805.3665466308594,-689.9115166664124,78.65820660993242,-0.0022415361774813735,66.96083908081054,1.3340261936187745,0.002299995605329362,-762.8776709735394,107.4055026971857,,1.3272245049476623,
856000,1813.469037771225,-707.3682441711426,145.37558486035667,-0.0017739582307210178,101.10742568969727,1.3556485414505004,0.0033485928375739603,-762.8776709735394,107.4055026971857,,1.2899404644966126,
860000,1821.6952559947968,-694.2997140884399,92.89863685565032,-0.00266240069755197,61.93148536682129,1.3302691578865051,0.0010124809530680067,-762.8776709735394,107.4055026971857,,1.4332189202308654,
864000,1829.92014336586,-682.4021143913269,77.8592986104532,-0.0017222329863193053,69.96240043640137,1.356150996685028,0.0014506679675832857,-762.8776709735394,107.4055026971857,,1.3977420568466186,
868000,1838.1892437934875,-699.6570911407471,106.75056648386564,-0.0029162377629739387,88.03042221069336,1.3335689783096314,0.002042156436073128,-762.8776709735394,107.4055026971857,,1.4976446986198426,
872000,1846.4400038719177,-682.7237758636475,95.90786511213373,-0.00216612134784131,79.62004013061524,1.3133947134017945,0.0009853453761024867,-762.8776709735394,107.4055026971857,,1.4677066683769227,
876000,1854.6844551563263,-662.597674369812,87.30458498664044,-0.002499745978042478,85.61458206176758,1.3029137253761292,0.0016084572418282427,-762.8776709735394,107.4055026971857,,1.6124383449554442,
880000,1862.92431807518,-713.4374585151672,105.76544166761222,-0.0019633767372967403,130.18873748779296,1.380839741230011,0.0057695914758369325,-762.8776709735394,107.4055026971857,,1.4666616678237916,
884000,1873.5368719100952,-682.9839315414429,85.42175277659211,-0.0014478870475626237,65.39535903930664,1.383304977416992,0.0005866533385415096,-943.9810052514076,351.300095159893,,1.492285132408142,
888000,1881.796278476715,-684.1574444770813,83.87736160976803,-0.001837642099853909,61.671286010742186,1.3878966450691224,0.0017838556305699305,-943.9810052514076,351.300095159893,,1.4356066226959228,
892000,1890.0336372852325,-702.215968132019,86.29947340904933,-0.002000707427932369,59.93374366760254,1.3866163849830628,0.004931525592459374,-943.9810052514076,351.300095159893,,1.509099304676056,
896000,1898.2293021678925,-725.8381700515747,99.64663251123031,-0.0024767017213161322,49.10485763549805,1.3933100700378418,0.00314027339045424,-943.9810052514076,351.300095159893,,1.5074682354927063,
900000,1906.395414352417,-722.1969718933105,98.37237706492395,-0.001996126350383953,61.14107131958008,1.4003371119499206,0.0029666420469778437,-943.9810052514076,351.300095159893,,1.2610995292663574,
904000,1914.581331729889,-689.3753061294556,107.7224109153798,-0.0016413005171344252,62.47883987426758,1.4191056132316588,0.003310891175642616,-943.9810052514076,351.300095159893,,1.4150428414344787,
908000,1922.7660694122314,-712.8677806854248,105.00932910379805,-0.0037383443108604643,53.02123756408692,1.3710471272468567,0.004849059154279531,-943.9810052514076,351.300095159893,,1.2797814726829528,
912000,1930.989364862442,-762.1681547164917,86.31186484952129,-0.0026830770052038043,41.48080883026123,1.368825125694275,0.007021673902170744,-943.9810052514076,351.300095159893,,1.126121985912323,
916000,1939.1758432388306,-777.6751766204834,112.2899969397109,-0.002052969384084946,52.020988082885744,1.274031412601471,0.004570432455511764,-943.9810052514076,351.300095159893,,1.1866063833236695,
920000,1947.3730163574219,-730.9621086120605,93.53624628077546,-0.0014461332673090688,67.28471870422364,1.2821765065193176,0.0007558528304798529,-943.9810052514076,351.300095159893,,1.2965521216392517,
924000,1957.7809052467346,-770.9812717437744,104.27900549333002,-0.0009356598689724827,55.516502380371094,1.1855077028274537,0.002219646754383575,-790.1729280352592,138.88750675727854,,1.2022119760513306,
928000,1965.9653861522675,-739.8868455886841,89.76091080247885,-0.0034637181265279706,48.93495635986328,1.21601642370224,0.005440992076182738,-790.1729280352592,138.88750675727854,,1.1533206820487976,
932000,1974.1551468372345,-702.2182230949402,100.30324459269474,-0.001284098663794353,45.54279670715332,1.231748390197754,0.003204004029976204,-790.1729280352592,138.88750675727854,,1.1000429749488831,
936000,1982.357518196106,-697.3380765914917,82.98690124813733,-0.0017334478375074624,44.67445621490479,1.2439553618431092,0.002456816636802017,-790.1729280352592,138.88750675727854,,1.3243942975997924,
940000,1990.5126061439514,-704.1758527755737,86.32686133415767,-0.0018771265370257418,59.642350387573245,1.2643339395523072,0.0011128369137683558,-790.1729280352592,138.88750675727854,,1.3296355962753297,
944000,1998.7248258590698,-726.738600730896,89.9257133199404,-0.0020726526998526397,54.253153228759764,1.3089033484458923,0.0026273779459879743,-790.1729280352592,138.88750675727854,,1.3984109163284302,
948000,2006.9410331249237,-703.9627113342285,86.03213608799865,-0.001945482737151849,38.3798641204834,1.3143448948860168,0.0019235168845625594,-790.1729280352592,138.88750675727854,,1.3014649868011474,
952000,2015.1551620960236,-682.0066504478455,88.49650050177489,-0.0012100111507363565,42.781731033325194,1.3051812529563904,0.0021539108983124724,-790.1729280352592,138.88750675727854,,1.3119446873664855,
956000,2023.3710539340973,-728.1589260101318,99.05040930394414,-0.0018293621120295312,56.33060073852539,1.3374606728553773,0.0018711735669057817,-790.1729280352592,138.88750675727854,,1.285915470123291,
960000,2031.570412158966,-716.7142677307129,85.08867271960025,-0.0016515177403198412,53.75580673217773,1.3279490351676941,0.002738917231249316,-790.1729280352592,138.88750675727854,,1.2381033420562744,
964000,2042.0214984416962,-722.0797853469849,104.10362486950453,-0.0011060879088763188,48.2748306274414,1.3360920667648315,0.001775515517763182,-696.8029907643795,84.9865380967438,,1.1800699949264526,
968000,2050.2808105945587,-713.290454864502,92.14057305834983,-0.0008864145880094654,51.89684410095215,1.3703544020652771,0.0011713353578428122,-696.8029907643795,84.9865380967438,,1.2943100571632384,
972000,2058.5065195560455,-722.0237340927124,93.43694153187477,-0.0013853609260598531,55.5795036315918,1.3644216656684875,0.003493373021464019,-696.8029907643795,84.9865380967438,,1.238628327846527,
976000,2066.700223684311,-708.1955466270447,102.58323898421607,-0.0018752263413810422,46.454894638061525,1.3626117825508117,0.001472749612061308,-696.8029907643795,84.9865380967438,,1.2620647311210633,
980000,2074.8697311878204,-743.3154525756836,88.0992167224864,-0.0015513458085479215,36.77311553955078,1.3210070371627807,0.0020707267910474946,-696.8029907643795,84.9865380967438,,1.170243215560913,
984000,2083.0559496879578,-724.9142761230469,84.93850101446166,-0.002565832687929914,43.457185935974124,1.3407435894012452,0.00343208799160008,-696.8029907643795,84.9865380967438,,1.3151581406593322,
988000,2091.2442588806152,-720.1276817321777,109.16527318849214,-0.0021681957313946175,47.81266784667969,1.3303335428237915,0.0036858281162567507,-696.8029907643795,84.9865380967438,,1.244447660446167,
992000,2099.4838631153107,-718.8030195236206,99.23229240905766,-0.0017278972484928267,39.83070049285889,1.3550122737884522,0.0013988323489902532,-696.8029907643795,84.9865380967438,,1.2639836192131042,
996000,2107.725415945053,-705.2527761459351,101.36687800744319,-0.002752694986799442,38.5502571105957,1.3569238901138305,0.0018063801808942404,-696.8029907643795,84.9865380967438,,1.2953675150871278,
1000000,2115.9178438186646,-701.0751190185547,63.91739843768376,-0.001152876480133358,57.45784149169922,1.3491565227508544,0.0005967643591381355,-696.8029907643795,84.9865380967438,,1.3613202929496766,
1004000,2126.2721421718597,-717.228476524353,89.29339354605857,-0.0032867621196588813,44.19517936706543,1.3451223731040955,0.006304254606210938,-740.2672272324562,80.01104822151751,,1.377293860912323,
1008000,2134.4700095653534,-708.114182472229,78.05431048403808,-0.002658151729109992,45.95145492553711,1.2930354595184326,0.004877701047458686,-740.2672272324562,80.01104822151751,,1.3904786944389342,
1012000,2142.675852537155,-705.5918884277344,95.99701653436654,-0.0033412493764966023,46.4672737121582,1.3250309824943542,0.004253899405011907,-740.2672272324562,80.01104822151751,,1.4313189387321472,
1016000,2150.864285469055,-687.1510791778564,83.12635763889867,-0.0021546877133271636,51.22674903869629,1.3175139546394348,0.0030138424830511213,-740.2672272324562,80.01104822151751,,1.4841493964195251,
1020000,2159.037390232086,-711.867621421814,82.85261994378708,-0.001494373693169493,49.21490287780762,1.3015843033790588,0.0023985469684703275,-740.2672272324562,80.01104822151751,,1.500044047832489,
1024000,2167.2295100688934,-677.9791526794434,85.61294511223582,-0.0016198591544525742,47.15797309875488,1.329088532924652,0.0014866313146582495,-740.2672272324562,80.01104822151751,,1.529080319404602,
1028000,2175.403430223465,-680.393120765686,84.67970188797527,-0.0027993514178088043,58.13128662109375,1.3515789031982421,0.0025289630648330785,-740.2672272324562,80.01104822151751,,1.5513216376304626,
1032000,2183.5675864219666,-672.7307777404785,75.76731780146254,-0.002645843798217051,48.53275337219238,1.3285956621170043,0.0033321378942734237,-740.2672272324562,80.01104822151751,,1.525628650188446,
1036000,2191.746226787567,-666.634202003479,75.27953631117595,-0.002566359387400219,45.13542594909668,1.326194739341736,0.0030131941341096534,-740.2672272324562,80.01104822151751,,1.6370574116706849,
1040000,2199.966507434845,-657.5868215560913,92.08152308022,-0.0021829865981611183,92.29477233886719,1.305937111377716,0.002066534318146296,-740.2672272324562,80.01104822151751,,1.6035579204559327,
1044000,2210.3825223445892,-654.1820402145386,68.63924180715213,-0.002747917422248669,83.2995216369629,1.3163222432136537,0.0024655149476511705,-661.8969547748566,82.98467990302586,,1.6348454713821412,
1048000,2218.4916331768036,-663.3630971908569,78.58068636224178,-0.0035071635970380212,62.28145141601563,1.284811294078827,0.0023290479344626304,-661.8969547748566,82.98467990302586,,1.632525897026062,
1052000,2226.5993943214417,-676.4381837844849,89.40006864431703,-0.002659486276058787,68.18733596801758,1.306793224811554,0.0013458812201861293,-661.8969547748566,82.98467990302586,,1.5624051451683045,
1056000,2234.804421901703,-665.9529004096985,82.20627895592007,-0.003302994217044475,52.821594619750975,1.2858521342277527,0.001907870940883516,-661.8969547748566,82.98467990302586,,1.593595600128174,
1060000,2243.0807440280914,-696.9337244033813,82.42740370190485,-0.002712965375433374,78.64584274291992,1.240327286720276,0.0014106510585406794,-661.8969547748566,82.98467990302586,,1.6669533252716064,
1064000,2251.2757658958435,-710.7064638137817,109.5522675885094,-0.00228943927848011,79.88057518005371,1.2273214221000672,0.0006832847924670204,-661.8969547748566,82.98467990302586,,1.4956168055534362,
1068000,2259.40913939476,-723.7015838623047,102.08405570996037,-0.0022799230708818287,64.6837329864502,1.1743844151496887,0.0010004001873312519,-661.8969547748566,82.98467990302586,,1.4919450402259826,
1072000,2267.6110446453094,-695.8507804870605,85.4054815013347,-0.002647533774996802,65.35446510314941,1.1806006908416748,0.0020511644266662187,-661.8969547748566,82.98467990302586,,1.476409125328064,
1076000,2275.775142431259,-691.6768174171448,93.96332593669274,-0.003064293296677878,75.96157493591309,1.1919217824935913,0.0017412450979463756,-661.8969547748566,82.98467990302586,,1.5414478778839111,
1080000,2283.9439182281494,-721.5182209014893,121.36952900995892,-0.0024999036730344757,87.06423110961914,1.2262821793556213,0.0019230325012079773,-661.8969547748566,82.98467990302586,,1.5850916385650635,
1084000,2294.313286781311,-723.0842533111572,134.15825676688814,-0.0024284115961441975,91.09870147705078,1.2000630617141723,0.0014990345432937201,-704.126306116581,103.33466513323654,,1.438620352745056,
1088000,2302.5541546344757,-704.7040786743164,99.37265513563487,-0.002815069751678134,66.86324539184571,1.1924750566482545,0.0013642392892506904,-704.126306116581,103.33466513323654,,1.4644222974777221,
1092000,2310.7629957199097,-676.4322543144226,100.16915688948743,-0.0036651892790881212,58.877054595947264,1.2415003299713134,0.004023451899411157,-704.126306116581,103.33466513323654,,1.4830347776412964,
1096000,2318.9554846286774,-694.2120819091797,111.04844357244981,-0.0023899975149349827,68.29294776916504,1.2529462695121765,0.0006068907814551494,-704.126306116581,103.33466513323654,,1.3561195373535155,
1100000,2327.147634267807,-667.566207408905,80.26599341625975,-0.002783522219513568,113.61780700683593,1.2782122254371644,0.0013775696246739245,-704.126306116581,103.33466513323654,,1.2316594123840332,
1104000,2335.3438234329224,-698.276065826416,109.2256073466275,-0.0024961899857347094,97.69640808105468,1.278219425678253,0.0031027952088819254,-704.126306116581,103.33466513323654,,1.1932252645492554,
1108000,2343.5358192920685,-696.4518876075745,112.39240846986728,-0.0032074809509406777,104.01662139892578,1.3048333644866943,0.002526528925227467,-704.126306116581,103.33466513323654,,1.3755548119544982,
1112000,2351.5991938114166,-685.8811082839966,94.71423206460892,-0.003139987505855979,116.78464889526367,1.2762326836585998,0.0031510640357931496,-704.126306116581,103.33466513323654,,1.1747236013412476,
1116000,2359.6203269958496,-709.3581857681274,105.53855775212664,-0.0024479570269662076,95.16765823364258,1.2515549421310426,0.002684887855216722,-704.126306116581,103.33466513323654,,1.1367737174034118,
1120000,2367.6542415618896,-707.3344535827637,94.63540830463059,-0.0022064553255913832,134.89904098510743,1.3047819256782531,0.0010867813194636255,-704.126306116581,103.33466513323654,,1.059012770652771,
1124000,2377.872538805008,-721.188084602356,107.94877059528035,-0.0019265971491501332,164.35122833251953,1.319354772567749,0.0012601114053201635,-728.4595701396465,116.29873955269625,,1.057847762107849,
1128000,2385.9030277729034,-713.2791376113892,100.74382327652198,-0.0030157970891256714,87.11962509155273,1.2637442469596862,0.002397883266540424,-728.4595701396465,116.29873955269625,,1.0932736158370973,
1132000,2394.089174747467,-716.4807233810425,95.00689334628535,-0.0030599210270446874,71.59473724365235,1.2780862331390381,0.0033838747534900905,-728.4595701396465,116.29873955269625,,1.1846701860427857,
1136000,2402.2961165905,-712.6523914337158,96.60089468657343,-0.0027702032642749398,63.91415176391602,1.2729628324508666,0.0035277903836686162,-728.4595701396465,116.29873955269625,,1.1115442752838134,
1140000,2410.4781346321106,-718.6395425796509,88.31477517611171,-0.002754568009676106,54.02015647888184,1.2209099292755128,0.002039840052020736,-728.4595701396465,116.29873955269625,,1.095598304271698,
1144000,2418.674125432968,-700.0373697280884,99.806443224056,-0.002507297551958132,72.03519706726074,1.222103238105774,0.0018783222269557881,-728.4595701396465,116.29873955269625,,1.0716577410697936,
1148000,2426.879026412964,-717.952787399292,87.97984614032214,-0.0024533117766647903,66.94896697998047,1.2261821031570435,0.0024740843537729264,-728.4595701396465,116.29873955269625,,1.1328168988227845,
1152000,2435.061886548996,-705.69580078125,86.15045060736456,-0.0015218191086120215,79.16428985595704,1.2032341599464416,0.0009907983701559707,-728.4595701396465,116.29873955269625,,0.9915152072906495,
1156000,2443.241282224655,-709.0197839736938,87.4041661611703,-0.0036069917600446643,76.84150276184081,1.1725617885589599,0.0036544117479934356,-728.4595701396465,116.29873955269625,,0.8910861372947693,
1160000,2451.4352300167084,-736.0619640350342,93.04480700292089,-0.0024145073017571407,63.60907745361328,1.207223403453827,0.0017001814034301788,-728.4595701396465,116.29873955269625,,0.8930711805820465,
1164000,2461.7878766059875,-715.9504346847534,101.99321449337607,-0.001879942039415905,86.1722198486328,1.194234800338745,0.0010616238742174656,-705.0263048708439,111.07008691400297,,0.8459748387336731,
1168000,2470.0246362686157,-729.3813834190369,93.47954179219022,-0.00251421188923997,62.667684173583986,1.1513569235801697,0.003786058998511521,-705.0263048708439,111.07008691400297,,0.8216273188591003,
1172000,2478.2500126361847,-710.2516803741455,85.65356841495262,-0.0035836250998545482,57.813092422485354,1.1623296737670898,0.002489301359785423,-705.0263048708439,111.07008691400297,,0.8705005407333374,
1176000,2486.423849582672,-755.5436344146729,110.57019509311728,-0.002372382063544798,63.89910354614258,1.1209057688713073,0.00181798808152962,-705.0263048708439,111.07008691400297,,0.7938878238201141,
1180000,2494.598898410797,-791.1759147644043,106.31139043485746,-0.002259946806298174,65.47364807128906,1.1030569553375245,0.001768543536309153,-705.0263048708439,111.07008691400297,,0.8268002510070801,
1184000,2502.8000016212463,-738.8281354904175,104.69265130251244,-0.002770842466076484,47.44410781860351,1.0905139446258545,0.0036001626576762646,-705.0263048708439,111.07008691400297,,0.8835516810417176,
1188000,2510.978359937668,-740.853512763977,114.11582211559102,-0.002841595938662067,71.2416374206543,1.180711853504181,0.003006022807676345,-705.0263048708439,111.07008691400297,,0.8860442161560058,
1192000,2519.1761741638184,-750.3607997894287,86.20250951295982,-0.0031110298835362203,47.5994312286377,1.170969796180725,0.003570121340453625,-705.0263048708439,111.07008691400297,,0.883065664768219,
1196000,2527.3584535121918,-740.7520923614502,97.5029787420264,-0.001960914538377745,71.6847080230713,1.1870252013206481,0.004034663934726268,-705.0263048708439,111.07008691400297,,0.8525671839714051,
1200000,2535.567975282669,-729.2586832046509,103.36107669872068,-0.0031789736379093103,70.41164016723633,1.1787597298622132,0.002580915934231598,-705.0263048708439,111.07008691400297,,0.8778985023498536,
1204000,2545.9417712688446,-708.0571684837341,95.53145530098605,-0.0027290473504399506,47.28768768310547,1.1799433946609497,0.002995379782805685,-752.2490817308426,105.03816272850169,,0.8922454118728638,
1208000,2554.133895635605,-709.0643167495728,107.71049790390435,-0.00265381757030263,62.538147354125975,1.1647209405899048,0.0027525083520061775,-752.2490817308426,105.03816272850169,,0.9088125646114349,
1212000,2562.3269262313843,-709.1050581932068,101.90696518590698,-0.0034374136281936974,48.22171478271484,1.206165874004364,0.0027327556439558976,-752.2490817308426,105.03816272850169,,0.9202632129192352,
1216000,2570.5054862499237,-706.8386197090149,87.2388451530751,-0.0029170923269508987,46.09021110534668,1.2069968104362487,0.001702607615152374,-752.2490817308426,105.03816272850169,,0.9167961597442627,
1220000,2578.6773755550385,-716.3789873123169,93.84715709124023,-0.003844667070079577,55.333520126342776,1.2163605093955994,0.0038432944820669945,-752.2490817308426,105.03816272850169,,0.9473820269107819,
1224000,2586.8610620498657,-705.6220188140869,89.09490271774669,-0.0022888787332534188,65.03052673339843,1.223339891433716,0.0015612073999363928,-752.2490817308426,105.03816272850169,,0.8303560674190521,
1228000,2595.0608098506927,-714.0191049575806,104.19054655230657,-0.0022287159752256034,64.9697494506836,1.2002116441726685,0.002858361991820857,-752.2490817308426,105.03816272850169,,0.8031203508377075,
1232000,2603.225823163986,-702.4563550949097,94.00475331089632,-0.003702265726480014,80.22232284545899,1.2102513790130616,0.001888449706348183,-752.2490817308426,105.03816272850169,,0.8334029793739319,
1236000,2611.4152739048004,-713.6718320846558,80.98489085065141,-0.0027567164665088127,54.628388214111325,1.1831071853637696,0.0021557052015850784,-752.2490817308426,105.03816272850169,,0.9400925040245056,
1240000,2619.617045402527,-706.2196407318115,75.16814436193305,-0.0028063350291146483,36.44927139282227,1.149153470993042,0.002476707952882862,-752.2490817308426,105.03816272850169,,0.90524862408638,
1244000,2630.021192550659,-745.8794460296631,85.74045135957951,-0.0022700003654075205,59.23270721435547,1.2030972242355347,0.0027995556160652414,-810.2916141450405,121.36984290190625,,0.8486545860767365,
1248000,2638.215901374817,-715.9488983154297,106.46864019089686,-0.004096516526226601,46.67138481140137,1.15215744972229,0.0030210320887466223,-810.2916141450405,121.36984290190625,,0.9537776410579681,
1252000,2646.416119813919,-723.860032081604,95.26331299671475,-0.0028773940914931405,52.37722511291504,1.165360963344574,0.002509379227238284,-810.2916141450405,121.36984290190625,,0.9189251303672791,
1256000,2654.605009317398,-697.0093994140625,101.98973557274934,-0.0034178145650463954,45.747537231445314,1.175180160999298,0.0034271851851372047,-810.2916141450405,121.36984290190625,,0.8233472764492035,
1260000,2662.880925655365,-690.3448820114136,76.61570133323411,-0.0031228607647740604,42.74472312927246,1.2211191654205322,0.003066185556235723,-810.2916141450405,121.36984290190625,,0.8716005504131317,
1264000,2671.158746957779,-695.1295557022095,74.64600726417726,-0.0030663303899733487,37.683295249938965,1.2365931391716003,0.002830743444792461,-810.2916141450405,121.36984290190625,,0.8787911832332611,
1268000,2679.346442461014,-690.1663932800293,85.61977217659462,-0.0035544423926621603,66.08713836669922,1.2173314213752746,0.00409649089560844,-810.2916141450405,121.36984290190625,,0.8670158147811889,
1272000,2687.497766017914,-682.000063419342,103.13092204371151,-0.0029249622927164155,38.992420768737794,1.210481631755829,0.0016264042860711925,-810.2916141450405,121.36984290190625,,0.8708891987800598,
1276000,2695.6983959674835,-729.2048921585083,91.15680273677128,-0.002507662141889533,57.64445610046387,1.1714983224868774,0.00166106891920208,-810.2916141450405,121.36984290190625,,0.8879972696304321,
1280000,2703.8794724941254,-686.9466438293457,88.04890967871756,-0.0033299089351591427,38.52400856018066,1.136137270927429,0.004347197112743739,-810.2916141450405,121.36984290190625,,0.8555467903614045,
1284000,2714.2794461250305,-688.0110321044922,82.30710315675302,-0.0034653005172343267,35.4422248840332,1.1796520590782165,0.0023874694930176134,-722.9026371240616,102.6892496759227,,0.8374226689338684,
1288000,2722.4450554847717,-699.2428407669067,85.3962904997074,-0.002845694909725793,41.492909049987794,1.170241689682007,0.003047763094567957,-722.9026371240616,102.6892496759227,,0.8935968041419983,
1292000,2730.65408039093,-709.3334121704102,98.30783914259337,-0.003381757840747035,42.91680469512939,1.1879384398460389,0.0035500917583703995,-722.9026371240616,102.6892496759227,,0.801344233751297,
1296000,2738.8648092746735,-701.4389810562134,87.11964219830374,-0.0036959192965490217,45.56164321899414,1.1927798509597778,0.004399107283097692,-722.9026371240616,102.6892496759227,,0.8718305349349975,
1300000,2747.064570426941,-697.3149757385254,101.09734105816239,-0.003035237228653087,40.43787040710449,1.2032140970230103,0.0017472983912739438,-722.9026371240616,102.6892496759227,,0.9075783133506775,
1304000,2755.270100593567,-679.9296865463257,86.25911640154868,-0.0034832275995286153,41.298689651489255,1.2273008227348328,0.0019204982228863353,-722.9026371240616,102.6892496759227,,0.9738585770130157,
1308000,2763.46075463295,-680.3575792312622,88.57656939720552,-0.0030628871926261514,62.93630485534668,1.2750259041786194,0.0038239109709005347,-722.9026371240616,102.6892496759227,,0.8380158543586731,
1312000,2771.6529293060303,-696.066029548645,88.88637990711096,-0.003433208474734162,39.9076644897461,1.2488699197769164,0.0032001186927470117,-722.9026371240616,102.6892496759227,,0.8386677384376526,
1316000,2779.8528439998627,-699.0112442970276,88.09105688573419,-0.003894271759859613,49.60627326965332,1.2212512016296386,0.0030474977189830278,-722.9026371240616,102.6892496759227,,0.9181928336620331,
1320000,2788.0664410591125,-689.0070996284485,86.59408857177878,-0.002830073980886194,58.90627555847168,1.297743570804596,0.001484703380447172,-722.9026371240616,102.6892496759227,,0.9545274555683136,
1324000,2798.5247762203217,-681.5295009613037,73.6343988759463,-0.003351155907226122,32.68247547149658,1.2774925112724305,0.003589849588694083,-684.8059356510639,95.70305235102359,,0.8259879052639008,
1328000,2806.718998670578,-683.5191769599915,88.27901597475693,-0.00285488622915,42.180240631103516,1.2328440070152282,0.0033015608558974565,-684.8059356510639,95.70305235102359,,0.8940918982028961,
1332000,2814.906076192856,-697.5012083053589,90.65007626636078,-0.002152978624556745,37.2257640838623,1.1861011147499085,0.001696567913313629,-684.8059356510639,95.70305235102359,,0.8761681199073792,
1336000,2823.1012122631073,-693.4728918075562,93.68348919499746,-0.0035654845488413134,34.96961936950684,1.2139095783233642,0.004121846218185965,-684.8059356510639,95.70305235102359,,0.9706187546253204,
1340000,2831.2667706012726,-692.3588256835938,96.330535532679,-0.0031024556931612325,38.60708656311035,1.2527198314666748,0.0026599506971251687,-684.8059356510639,95.70305235102359,,0.9057070076465606,
1344000,2839.461535215378,-715.3029403686523,107.10627885474081,-0.0034713005906281237,40.68529052734375,1.237581741809845,0.004601319856010378,-684.8059356510639,95.70305235102359,,0.985324603319168,
1348000,2847.6605994701385,-718.3303174972534,95.80878116110335,-0.004217440152307983,37.043389892578126,1.2880386471748353,0.0047311748708307455,-684.8059356510639,95.70305235102359,,0.8499781608581543,
1352000,2855.857316017151,-685.7744560241699,71.55609571617096,-0.0025159952460866108,37.49890613555908,1.277461588382721,0.002852174140571151,-684.8059356510639,95.70305235102359,,0.9439411699771881,
1356000,2864.0460748672485,-704.5917015075684,93.50218793382908,-0.004142842692129012,39.89898815155029,1.2697433590888978,0.0024594095535576343,-684.8059356510639,95.70305235102359,,0.8524186134338378,
1360000,2872.2463204860687,-683.9943752288818,99.43054580069762,-0.0036342863125028656,42.45256633758545,1.2566546678543091,0.0021809304715134205,-684.8059356510639,95.70305235102359,,0.8819711029529571,
1364000,2882.7253205776215,-657.6810626983643,87.68554031944272,-0.0032527771461365873,44.370249557495114,1.2758581280708312,0.003558423760114238,-704.1244277656078,97.13107747723289,,0.9618371248245239,
1368000,2890.9414653778076,-672.1905298233032,75.44730691632846,-0.0031698195751134863,45.324226760864256,1.2546344518661499,0.003245318098925054,-704.1244277656078,97.13107747723289,,0.9796440422534942,
1372000,2899.1737127304077,-687.1691722869873,88.82934819127176,-0.0031796392377388292,67.10386848449707,1.1899339199066161,0.0011003329564118758,-704.1244277656078,97.13107747723289,,0.9481985628604889,
1376000,2907.3761055469513,-664.19349193573,85.32739042910079,-0.0023568115529875476,60.20658874511719,1.1834291338920593,0.0014923854650987778,-704.1244277656078,97.13107747723289,,0.9112652659416198,
1380000,2915.565199613571,-664.3448877334595,82.44779646782025,-0.0029917738202493993,42.429046058654784,1.1706806063652038,0.0019256302693781134,-704.1244277656078,97.13107747723289,,0.9297968685626984,
1384000,2923.7608511447906,-683.7645201683044,87.90289196147467,-0.0033093579682366148,54.95412101745605,1.1972159624099732,0.0032568797585554423,-704.1244277656078,97.13107747723289,,0.9232320368289948,
1388000,2931.9420590400696,-672.1849799156189,75.39916880734617,-0.003272038359250784,39.35396060943604,1.1928921461105346,0.002144553529797122,-704.1244277656078,97.13107747723289,,0.8603651642799377,
1392000,2940.135041475296,-674.9189052581787,84.32174064010199,-0.003428981059405478,39.0108304977417,1.2157371997833253,0.002556698512945635,-704.1244277656078,97.13107747723289,,0.8428752541542053,
1396000,2948.328472852707,-684.3205156326294,90.319791145697,-0.003420155454349416,55.288117218017575,1.239055049419403,0.0021233064820989967,-704.1244277656078,97.13107747723289,,0.7571913063526153,
1400000,2956.534727334976,-672.349142074585,83.51118923237101,-0.003072544516374709,86.38503799438476,1.2463844060897826,0.0030543052060432617,-704.1244277656078,97.13107747723289,,0.7286604046821594,
1404000,2966.9633181095123,-691.4013810157776,99.02659517417207,-0.0026323704133586643,67.69715995788575,1.2319458365440368,0.0018263870640270242,-731.2640689015388,153.21513341399748,,0.7192923963069916,
1408000,2975.1621963977814,-690.5312719345093,93.3897382960622,-0.002809755444293849,77.01384696960449,1.2215383648872375,0.002751552352856379,-731.2640689015388,153.21513341399748,,0.7265540540218354,
1412000,2983.350756883621,-664.5003266334534,72.17176381031561,-0.0029442918548205467,60.80178260803223,1.18854079246521,0.003718894989287946,-731.2640689015388,153.21513341399748,,0.658339524269104,
1416000,2991.614850997925,-672.5355443954468,79.10434412469064,-0.002521954554618189,77.73921012878418,1.122771692276001,0.0017676818039035424,-731.2640689015388,153.21513341399748,,0.5977267265319824,
1420000,2999.8001079559326,-662.4090085029602,84.34345797366508,-0.0015603663162085724,86.24630661010742,1.1961295366287232,0.0009007517626741901,-731.2640689015388,153.21513341399748,,0.5984259188175202,
1424000,3007.9876160621643,-659.7565770149231,92.39396095244062,-0.0024589010544586952,100.73792953491211,1.1973775982856751,0.001813450038306963,-731.2640689015388,153.21513341399748,,0.7262021183967591,
1428000,3016.174230337143,-683.4683389663696,91.47309623813817,-0.0035938124980312127,49.420352935791016,1.2098676562309265,0.002304251171881333,-731.2640689015388,153.21513341399748,,0.6599343478679657,
1432000,3024.3595554828644,-690.4976496696472,92.57970701505346,-0.003615979068175279,59.12311477661133,1.224680531024933,0.002821050689090043,-731.2640689015388,153.21513341399748,,0.6838179588317871,
1436000,3032.541209459305,-662.6386542320251,72.56924342645152,-0.005133096939185578,36.11889019012451,1.1800272345542908,0.0033320827943971397,-731.2640689015388,153.21513341399748,,0.6705459833145142,
1440000,3040.734506368637,-659.384090423584,82.02862473436755,-0.0030252540802660375,40.94278335571289,1.1904234051704408,0.002372621173931622,-731.2640689015388,153.21513341399748,,0.6976779639720917,
1444000,3051.2253227233887,-647.9336614608765,68.68495610173629,-0.004033391732256852,45.92447052001953,1.1659002304077148,0.0032324892905307933,-646.3570472002029,100.52009986670681,,0.6660713374614715,
1448000,3059.4251894950867,-659.7538290023804,85.31324275165765,-0.002949522523597503,54.312553024291994,1.1805151224136352,0.003383318451233208,-646.3570472002029,100.52009986670681,,0.6153276562690735,
1452000,3067.6091470718384,-680.8399457931519,94.32469597038396,-0.002212312724829335,70.9205810546875,1.2426629304885863,0.003315209499230454,-646.3570472002029,100.52009986670681,,0.6338334023952484,
1456000,3075.8017888069153,-653.1748266220093,75.65049422803075,-0.0025877411408000484,50.86598663330078,1.2586609601974488,0.0017905053916232206,-646.3570472002029,100.52009986670681,,0.5571410119533539,
1460000,3083.996832370758,-657.271698474884,65.8998472984561,-0.002115619921028511,62.91697235107422,1.2668960213661193,0.00147032423226241,-646.3570472002029,100.52009986670681,,0.5083674669265748,
1464000,3092.2067992687225,-662.9416708946228,85.51562817846659,-0.003482222757457443,85.0707504272461,1.2821991443634033,0.002741423904444673,-646.3570472002029,100.52009986670681,,0.5402968883514404,
1468000,3100.4291939735413,-671.6635823249817,94.80407127743445,-0.003438372551832192,69.77817001342774,1.193648374080658,0.0038305977417621762,-646.3570472002029,100.52009986670681,,0.5668874561786652,
1472000,3108.6457374095917,-690.4965238571167,77.62787101445596,-0.0035504989423401022,52.22779541015625,1.1667060613632203,0.0031423913318818996,-646.3570472002029,100.52009986670681,,0.5656439006328583,
1476000,3116.8608498573303,-714.9569535255432,108.9503149479732,-0.0021776418973265877,61.70090446472168,1.1526724457740785,0.0032562290434725583,-646.3570472002029,100.52009986670681,,0.482965549826622,
1480000,3125.0856478214264,-711.3055143356323,84.35166366891451,-0.0025141346488768866,48.383679962158205,1.131382691860199,0.00411345642874954,-646.3570472002029,100.52009986670681,,0.5006384193897248,
1484000,3135.513735771179,-671.1023850440979,83.00560079951087,-0.003456926789561576,39.52016334533691,1.1229670882225036,0.0032967276923979495,-716.7523743212223,148.97243390976152,,0.5729986250400543,
1488000,3143.729526281357,-693.9086656570435,82.97576153923589,-0.0032476652324354483,57.78115119934082,1.0619981169700623,0.004234511923277751,-716.7523743212223,148.97243390976152,,0.5920550227165222,
1492000,3151.909097671509,-669.2957849502563,79.51162886046833,-0.003285149609476079,37.28792514801025,1.0901205658912658,0.002127937611658126,-716.7523743212223,148.97243390976152,,0.6511622786521911,
1496000,3160.101541042328,-687.6890096664429,118.51478927412947,-0.0037292752990809143,69.45759811401368,1.1409488081932069,0.004161053523421288,-716.7523743212223,148.97243390976152,,0.6418530762195587,
1500000,3168.3018028736115,-675.5807247161865,80.95201086590157,-0.004838070282557361,35.90069732666016,1.1457224011421203,0.0065992713731247935,-716.7523743212223,148.97243390976152,,0.5587351739406585,
1504000,3176.5265130996704,-678.4865055084229,85.47260670466846,-0.004228828156366937,41.44236717224121,1.1042847990989686,0.0049150990880249875,-716.7523743212223,148.97243390976152,,0.6194681942462921,
1508000,3184.7562148571014,-668.8014755249023,79.25862378897301,-0.0035110503410687778,37.15830497741699,1.1361763715744018,0.003466979507356882,-716.7523743212223,148.97243390976152,,0.5918238043785096,
1512000,3192.9893226623535,-680.7405242919922,102.58632080459684,-0.0031836899040499135,43.60552864074707,1.2006738543510438,0.003113433806109245,-716.7523743212223,148.97243390976152,,0.5627492904663086,
1516000,3201.1983227729797,-678.4110064506531,82.59525588497276,-0.0034317832922097224,35.70529193878174,1.1860354781150817,0.0019010902308703725,-716.7523743212223,148.97243390976152,,0.5699942827224731,
1520000,3209.3480513095856,-682.4574885368347,84.76239098549372,-0.0036803357830892834,42.67598457336426,1.2258674144744872,0.004757475120830357,-716.7523743212223,148.97243390976152,,0.5448459148406982,
1524000,3219.721467256546,-671.9604396820068,70.40652993633933,-0.0023637452235355737,40.96140079498291,1.1696221470832824,0.00389368678489701,-686.3415668606758,80.40697477034696,,0.5943675518035889,
1528000,3227.918627977371,-689.6288156509399,89.61662082184799,-0.004888508085161458,35.768133354187015,1.1698435544967651,0.0035316361944035977,-686.3415668606758,80.40697477034696,,0.6273026585578918,
1532000,3236.1022210121155,-684.1663675308228,87.5240193754264,-0.0033220197150949813,35.506794929504395,1.149186110496521,0.00332673397497274,-686.3415668606758,80.40697477034696,,0.5696561217308045,
1536000,3244.270700454712,-668.1370439529419,77.9077412236186,-0.003693360624757286,38.107794189453124,1.1360918760299683,0.006033765984466299,-686.3415668606758,80.40697477034696,,0.5836171507835388,
1540000,3252.4586441516876,-694.32310962677,83.179419182064,-0.0037641610033266825,39.485589599609376,1.1893227100372314,0.003758713892971488,-686.3415668606758,80.40697477034696,,0.6139367282390594,
1544000,3260.6392681598663,-693.3346271514893,76.87466540184438,-0.0036208280942325644,39.091703224182126,1.1739468455314637,0.003480555555142928,-686.3415668606758,80.40697477034696,,0.6389426946640014,
1548000,3268.8193922042847,-673.0260887145996,75.6962752695034,-0.003073219323685983,52.95641860961914,1.224467408657074,0.00564990504823315,-686.3415668606758,80.40697477034696,,0.6328297913074493,
1552000,3277.0120441913605,-714.1254997253418,104.06328238551365,-0.003922264571340506,50.17552528381348,1.251194417476654,0.0026314747694414107,-686.3415668606758,80.40697477034696,,0.5530201733112335,
1556000,3285.2198519706726,-685.3005871772766,92.12570798922238,-0.002972982409778879,46.32596855163574,1.2647626399993896,0.002596015649032779,-686.3415668606758,80.40697477034696,,0.5549058973789215,
1560000,3293.432519674301,-672.4331231117249,78.60810004959013,-0.0037213463562075335,45.117221450805665,1.2796979069709777,0.004950761370128021,-686.3415668606758,80.40697477034696,,0.5030867278575897,
1564000,3303.801871776581,-702.6947574615479,99.8843458521424,-0.003248199671196439,49.279977798461914,1.2565614104270935,0.001957489458533623,-707.7544569373131,98.72253120195597,,0.5623689770698548,
1568000,3311.9875960350037,-702.0178842544556,111.52817122411133,-0.004508523070408721,59.50455093383789,1.2879696249961854,0.00386460641816182,-707.7544569373131,98.72253120195597,,0.49069555997848513,
1572000,3320.173588991165,-712.7959132194519,114.50918786381311,-0.002271719044724385,59.11880340576172,1.2685218095779418,0.002913035830715671,-707.7544569373131,98.72253120195597,,0.457859593629837,
1576000,3328.369445323944,-699.7598314285278,95.48314234963706,-0.003125036432951078,46.39894561767578,1.2909414291381835,0.0035532751176118316,-707.7544569373131,98.72253120195597,,0.48522940278053284,
1580000,3336.53782248497,-670.6570472717285,85.70936866766539,-0.002984901444831145,48.077366256713866,1.2855816721916198,0.0024173338140826674,-707.7544569373131,98.72253120195597,,0.5253234207630157,
1584000,3344.71963596344,-674.7125577926636,81.36281195946627,-0.003360459428086582,54.48114547729492,1.2803037643432618,0.0021300665314774926,-707.7544569373131,98.72253120195597,,0.5679447174072265,
1588000,3352.9148082733154,-670.6091914176941,86.08836009046003,-0.003807780915522008,60.51335411071777,1.2841010451316834,0.00199442590092076,-707.7544569373131,98.72253120195597,,0.5883517920970917,
1592000,3361.0970249176025,-663.5185742378235,83.67938225579319,-0.0034465644870263824,46.202549362182616,1.2601897239685058,0.0047808962557464914,-707.7544569373131,98.72253120195597,,0.6638474941253663,
1596000,3369.285101413727,-651.506040096283,78.06176690874429,-0.002951136925102521,54.07757797241211,1.2266651749610902,0.0034953706067754275,-707.7544569373131,98.72253120195597,,0.6404790222644806,
1600000,3377.4663858413696,-692.9212446212769,82.16394113894107,-0.004222839854192006,32.94469528198242,1.2401318907737733,0.0033136388250083358,-707.7544569373131,98.72253120195597,,0.6159028589725495,
1604000,3387.833698987961,-689.7720127105713,90.43058473324034,-0.0031268544824561316,57.21373176574707,1.2373502016067506,0.003527662393549713,-682.1140488088131,93.60594783708578,,0.5420941293239594,
1608000,3396.010980129242,-677.3599028587341,97.64471945985022,-0.0027240023756554877,73.29309959411621,1.239363443851471,0.0037680883326102086,-682.1140488088131,93.60594783708578,,0.4939590394496918,
1612000,3404.2015838623047,-690.478111743927,107.54805446180661,-0.002624609728343774,76.06202850341796,1.262876808643341,0.002836067583120894,-682.1140488088131,93.60594783708578,,0.47245481312274934,
1616000,3412.417018890381,-700.6581840515137,91.32156324130882,-0.003713621135335421,70.71684837341309,1.2265222191810607,0.004211416597051265,-682.1140488088131,93.60594783708578,,0.5187106728553772,
1620000,3420.612850189209,-673.9606022834778,92.73327700166492,-0.0028121113611074833,57.02362594604492,1.1934287786483764,0.0021658369559639733,-682.1140488088131,93.60594783708578,,0.5119435608386993,
1624000,3428.8042109012604,-677.5331697463989,100.74775124019291,-0.002613597628000797,72.07179107666016,1.1548222541809081,0.0023562581115450843,-682.1140488088131,93.60594783708578,,0.530364066362381,
1628000,3436.9622826576233,-703.8176536560059,93.01054632384572,-0.003212352141737895,56.9807861328125,1.1912262678146361,0.002363295428222045,-682.1140488088131,93.60594783708578,,0.5316995203495025,
1632000,3445.1677265167236,-672.3488349914551,68.9237220000989,-0.003294908084440973,60.27247772216797,1.1872974038124084,0.002513292794174049,-682.1140488088131,93.60594783708578,,0.5477192640304566,
1636000,3453.3622529506683,-713.9165544509888,102.54624622686873,-0.0016042798377457145,85.25782012939453,1.1500951409339906,0.0018099516702932306,-682.1140488088131,93.60594783708578,,0.43765342235565186,
1640000,3461.560447216034,-721.6895151138306,90.19840540038895,-0.0023458819510778993,52.92179832458496,1.0992841362953185,0.0018855014417204163,-682.1140488088131,93.60594783708578,,0.43543022871017456,
1644000,3471.9227011203766,-738.0698499679565,103.69460140608093,-0.002315605554962552,50.092404174804685,1.0626601099967956,0.0023607118011957696,-774.7942643761635,107.14391329686075,,0.4589915066957474,
1648000,3480.1384325027466,-717.6716032028198,102.07991601402183,-0.0036500234483198392,63.00820655822754,1.1375513553619385,0.00442677525027344,-774.7942643761635,107.14391329686075,,0.45746906399726867,
1652000,3488.3155455589294,-712.0914335250854,93.9698754176062,-0.0026502624525068796,55.379662704467776,1.1407912015914916,0.0028476460759217837,-774.7942643761635,107.14391329686075,,0.4698383122682571,
1656000,3496.50336766243,-712.1306915283203,85.5348627314229,-0.0020073592578604416,61.694158935546874,1.149300467967987,0.002762766448004861,-774.7942643761635,107.14391329686075,,0.5235392928123475,
1660000,3504.674514770508,-699.3893404006958,79.15721467105622,-0.004519196018964689,75.53418922424316,1.1488494634628297,0.004325886511651333,-774.7942643761635,107.14391329686075,,0.6033300459384918,
1664000,3512.866008043289,-703.8296456336975,91.66988548331335,-0.003646132974186855,50.839968872070315,1.1529545903205871,0.0037789813155541196,-774.7942643761635,107.14391329686075,,0.5445617198944092,
1668000,3521.0509684085846,-704.4035148620605,98.4270049394918,-0.003937336864415553,42.312167739868165,1.1610053062438965,0.003923207298891373,-774.7942643761635,107.14391329686075,,0.48808775544166566,
1672000,3529.236629962921,-695.7182102203369,87.3480230681589,-0.002891698522415631,70.70201110839844,1.1732210755348205,0.003620751219568774,-774.7942643761635,107.14391329686075,,0.5225361943244934,
1676000,3537.4076714515686,-682.0657930374146,81.8617857932282,-0.002635454524347125,63.05987968444824,1.1549121260643005,0.003064669528976083,-774.7942643761635,107.14391329686075,,0.6045322120189667,
1680000,3545.694937467575,-690.1167273521423,96.58104331485629,-0.002839233913187256,68.89105644226075,1.170017457008362,0.001734105430155397,-774.7942643761635,107.14391329686075,,0.5424898982048034,
1684000,3555.9995667934418,-678.6745452880859,90.75514062547477,-0.0035574085535093223,48.77271347045898,1.2184340596199035,0.0022628552018431948,-755.9148753881454,129.85997690334733,,0.48138831555843353,
1688000,3564.195554971695,-690.262092590332,90.66377008953444,-0.00422635221558929,47.48625259399414,1.1853089213371277,0.004817545092354225,-755.9148753881454,129.85997690334733,,0.5568949401378631,
1692000,3572.392366886139,-692.075231552124,83.16374033964158,-0.003760872318797448,46.82461929321289,1.1530139923095704,0.0031762493623731292,-755.9148753881454,129.85997690334733,,0.4932902127504349,
1696000,3580.5790774822235,-681.9327373504639,78.49154324022787,-0.003214892119712509,58.386902236938475,1.139074969291687,0.003783967937498045,-755.9148753881454,129.85997690334733,,0.5019094705581665,
1700000,3588.752203941345,-683.9009857177734,70.17900627622711,-0.002968461420619839,48.59430198669433,1.1642840147018432,0.0035642547067254783,-755.9148753881454,129.85997690334733,,0.48486940264701844,
1704000,3596.9510271549225,-692.5921087265015,75.59737745740911,-0.0029396971536334695,49.249589920043945,1.1890053510665894,0.0019622543171863072,-755.9148753881454,129.85997690334733,,0.4364787101745605,
1708000,3605.141345024109,-702.842827796936,89.07574756827088,-0.004159488897072272,59.12766990661621,1.2173108339309693,0.0028439543762942775,-755.9148753881454,129.85997690334733,,0.4933459460735321,
1712000,3613.33984375,-697.4497399330139,94.26655468726999,-0.0025665623634510302,50.926652145385745,1.2270640969276427,0.003937253128349161,-755.9148753881454,129.85997690334733,,0.4654146671295166,
1716000,3621.527361869812,-702.7923622131348,87.43539536744086,-0.002370470507768907,53.61934623718262,1.257428765296936,0.0030281553394161166,-755.9148753881454,129.85997690334733,,0.4585264831781387,
1720000,3629.720636367798,-692.3263511657715,75.57636526139707,-0.0022094659829635876,57.12500190734863,1.2388290166854858,0.0038720778655260803,-755.9148753881454,129.85997690334733,,0.4543557196855545,
1724000,3640.0836803913116,-731.2005043029785,102.20326650873481,-0.0031754491742855607,85.12556381225586,1.1813307404518127,0.0033761726110242305,-744.0633328557014,104.71309093166718,,0.4318389505147934,
1728000,3648.2709012031555,-707.579948425293,89.07191219027496,-0.0021519643701224888,85.71266403198243,1.2122155904769898,0.0019044109132761555,-744.0633328557014,104.71309093166718,,0.384738489985466,
1732000,3656.4527354240417,-719.0276899337769,84.53661872291933,-0.0026909236592278065,46.423108673095705,1.2089938521385193,0.0028264799885995063,-744.0633328557014,104.71309093166718,,0.39210634827613833,
1736000,3664.6326525211334,-728.7228326797485,118.2125862175062,-0.00270784160098998,82.37072143554687,1.216972815990448,0.001557077635472659,-744.0633328557014,104.71309093166718,,0.40702189803123473,
1740000,3672.83282995224,-732.0142669677734,107.83463145561389,-0.002656340049308126,102.4230941772461,1.2591280341148376,0.0013198931032093243,-744.0633328557014,104.71309093166718,,0.38576108813285825,
1744000,3681.0463223457336,-711.9780511856079,75.74972437604922,-0.0016679181924992292,62.18593330383301,1.2511501073837281,0.00401614538859576,-744.0633328557014,104.71309093166718,,0.3917723774909973,
1748000,3689.239043712616,-727.277117729187,92.20032190667203,-0.0023493152130783235,53.01921501159668,1.274308478832245,0.003255524148698896,-744.0633328557014,104.71309093166718,,0.35543988943099974,
1752000,3697.430119752884,-731.410306930542,103.57018352604936,-0.003152929986594266,71.8024658203125,1.2261507272720338,0.003504153502367835,-744.0633328557014,104.71309093166718,,0.3792604058980942,
1756000,3705.6073002815247,-732.5970621109009,104.20453042531959,-0.002817100611049739,61.93991355895996,1.2337657332420349,0.0040490184741405425,-744.0633328557014,104.71309093166718,,0.33569176197052003,
1760000,3713.8077986240387,-707.6845426559448,91.65127389092197,-0.0031341486236779125,58.51469688415527,1.239210271835327,0.003125679594813846,-744.0633328557014,104.71309093166718,,0.3505651831626892,
1764000,3724.1966676712036,-708.5331325531006,100.1968136064353,-0.0013919408413688218,82.60864334106445,1.2590962529182435,0.0009135738286034645,-895.6904740929604,235.1918613164813,,0.3599655419588089,
1768000,3732.3856167793274,-709.2909297943115,97.82465263449865,-0.0019617130632395784,69.25004425048829,1.1787003517150878,0.0028020007084705867,-895.6904740929604,235.1918613164813,,0.3270477086305618,
1772000,3740.6180996894836,-723.7436571121216,87.74768542355584,-0.0022926946423831307,63.07168273925781,1.250386106967926,0.003726765186254255,-895.6904740929604,235.1918613164813,,0.3506956994533539,
1776000,3748.8343601226807,-767.33922290802,115.43313204987484,-0.0024991588568082034,63.69895210266113,1.2268974542617799,0.002541308238869533,-895.6904740929604,235.1918613164813,,0.30405605137348174,
1780000,3757.047514438629,-723.6663160324097,81.92081617994906,-0.0024210228103911493,59.760436630249025,1.2571482896804809,0.006076289805350843,-895.6904740929604,235.1918613164813,,0.32656370997428896,
1784000,3765.2542214393616,-700.2812833786011,75.8526965084228,-0.0021270651651622784,51.870967864990234,1.3002053856849671,0.005195047203917058,-895.6904740929604,235.1918613164813,,0.37854223847389223,
1788000,3773.453170776367,-708.9091129302979,90.71294582701852,-0.003527271300166235,80.9959945678711,1.2910157561302185,0.004152293063816615,-895.6904740929604,235.1918613164813,,0.38662990033626554,
1792000,3781.666517496109,-725.2894706726074,100.66085943290223,-0.0017166543964413084,76.67164459228516,1.3236037254333497,0.002100246504414827,-895.6904740929604,235.1918613164813,,0.37511533200740815,
1796000,3789.8907964229584,-712.2089796066284,81.54232044527485,-0.00246654383554894,52.5302677154541,1.3093211650848389,0.003574508357269224,-895.6904740929604,235.1918613164813,,0.3270485043525696,
1800000,3798.1303329467773,-775.3597373962402,134.1227404493914,-0.0021437159051032107,75.66274223327636,1.327485978603363,0.003960278554237462,-895.6904740929604,235.1918613164813,,0.29703758656978607,
1804000,3808.4959347248077,-744.0421266555786,115.6260111528064,-0.001331099170396044,63.31125755310059,1.3038221836090087,0.0011490683114971033,-769.6289863586426,135.39759439098907,,0.36394909024238586,
1808000,3816.657607793808,-752.0765600204468,92.5922672663451,-0.0011842095513129535,58.77616653442383,1.2577624917030334,0.001717105791612994,-769.6289863586426,135.39759439098907,,0.35073808431625364,
1812000,3824.6569118499756,-724.8526935577393,93.29602409446193,-0.0018387917134289112,64.78898124694824,1.3088895559310914,0.006102844561139742,-769.6289863586426,135.39759439098907,,0.31367293298244475,
1816000,3832.6562485694885,-800.8642072677612,115.84588377391248,-0.0022548444446098604,67.46768455505371,1.3321819067001344,0.0034656679257313973,-769.6289863586426,135.39759439098907,,0.28372844159603117,
1820000,3840.6463096141815,-711.958607673645,95.29929278483138,-0.0011869580935453428,49.10815315246582,1.3043150663375855,0.0032855187262369632,-769.6289863586426,135.39759439098907,,0.3513628661632538,
1824000,3848.6451094150543,-736.4663896560669,87.36504700440756,-0.0010854604213770714,69.66069946289062,1.3320260882377624,0.00451768510392867,-769.6289863586426,135.39759439098907,,0.3770756125450134,
1828000,3856.645402431488,-695.6334972381592,94.9132892217468,-0.0016807222669402932,61.38263359069824,1.3521790981292725,0.0020874595605224976,-769.6289863586426,135.39759439098907,,0.38214145600795746,
1832000,3864.8163940906525,-704.830135345459,105.71545734244299,-0.0008392672053232686,90.34731063842773,1.3484552025794982,0.0022408919263398274,-769.6289863586426,135.39759439098907,,0.37675729393959045,
1836000,3872.9981677532196,-701.6632833480835,87.19782961702063,-0.0031245162020592685,36.97393684387207,1.3575201272964477,0.003521761079677788,-769.6289863586426,135.39759439098907,,0.36887900829315184,
1840000,3881.1792933940887,-684.6459140777588,86.9385498126034,-0.002917159510174949,50.38719940185547,1.3334011912345887,0.0046734336443478245,-769.6289863586426,135.39759439098907,,0.42012057900428773,
1844000,3891.5150594711304,-685.041793346405,90.96143558901205,-0.0010921923599671146,57.69057502746582,1.3296994805335998,0.0019193689746316521,-693.7301204204559,75.85164586245311,,0.3464875191450119,
1848000,3899.6890347003937,-681.9711022377014,82.2380243558669,-0.0014750345872986959,76.70060424804687,1.3406190514564513,0.0015318020741688088,-693.7301204204559,75.85164586245311,,0.3860058695077896,
1852000,3907.861022233963,-683.8044128417969,88.86731125933173,-0.0020887200254164464,45.522752380371095,1.356730091571808,0.0050193780058179985,-693.7301204204559,75.85164586245311,,0.365452778339386,
1856000,3916.0373170375824,-698.9112205505371,104.44322553220726,-0.0020009979045523705,53.23111267089844,1.36574844121933,0.0030585370150220115,-693.7301204204559,75.85164586245311,,0.38584881126880644,
1860000,3924.1999094486237,-676.1936039924622,81.71038919474394,-0.0019384453641093202,55.428575134277345,1.309363889694214,0.004081300290999934,-693.7301204204559,75.85164586245311,,0.4274172097444534,
1864000,3932.368328332901,-716.697247505188,79.45601243730204,-0.002765695770491816,35.76469497680664,1.325029444694519,0.004800172481918707,-693.7301204204559,75.85164586245311,,0.45964947044849397,
1868000,3940.541451692581,-700.1561641693115,90.34844091423683,-0.0021394259739706102,47.5673225402832,1.331737506389618,0.003785211893574658,-693.7301204204559,75.85164586245311,,0.43920719623565674,
1872000,3948.714736700058,-698.3036966323853,90.73010812967232,-0.0016025847286631034,56.863417053222655,1.3447243809700011,0.001907349261455238,-693.7301204204559,75.85164586245311,,0.4204381614923477,
1876000,3956.9040098190308,-750.0390825271606,97.25707580054137,-0.0023685467172569474,70.3133487701416,1.270812976360321,0.006180319338648888,-693.7301204204559,75.85164586245311,,0.4197883367538452,
1880000,3965.1131734848022,-742.7136249542236,92.43747725959918,-0.0029468452800259113,58.35709228515625,1.286399483680725,0.003396431739364436,-693.7301204204559,75.85164586245311,,0.3877089887857437,
1884000,3975.47865152359,-726.6862239837646,84.31270138543259,-0.0034123373074399057,41.66897258758545,1.2817923545837402,0.002951443928759545,-995.46479550004,237.34544616644135,,0.45288004279136657,
1888000,3983.6582152843475,-749.77867603302,126.08688730973097,-0.0029522445043548727,63.466352462768555,1.2511474370956421,0.0022293060092100523,-995.46479550004,237.34544616644135,,0.3967581957578659,
1892000,3991.829759836197,-729.9456796646118,93.29881987170003,-0.003274427037608518,40.20758609771728,1.2675172328948974,0.005505820332871192,-995.46479550004,237.34544616644135,,0.45865481793880464,
1896000,4000.0167820453644,-758.6049318313599,114.08497028461956,-0.0026239326712675483,47.04078674316406,1.31776020526886,0.0032054373295783757,-995.46479550004,237.34544616644135,,0.40215225517749786,
1900000,4008.253127336502,-751.1840448379517,105.16861526015762,-0.0024377634436046234,59.092125701904294,1.2599345445632935,0.003924227994866669,-995.46479550004,237.34544616644135,,0.4279087007045746,
1904000,4016.432375907898,-770.8953008651733,84.13199848026203,-0.0030535247298733915,50.0217529296875,1.2659073352813721,0.006501530547393486,-995.46479550004,237.34544616644135,,0.4076185613870621,
1908000,4024.5931379795074,-716.8919544219971,89.46460609702966,-0.001568147065505876,45.886379623413085,1.2894643068313598,0.0020319296920206396,-995.46479550004,237.34544616644135,,0.4784350246191025,
1912000,4032.7876183986664,-707.2852191925049,87.82239805171285,-0.0032500026177925355,39.326294136047366,1.3505529761314392,0.004219003347679972,-995.46479550004,237.34544616644135,,0.383338925242424,
1916000,4040.9769032001495,-695.9997787475586,85.3946334385725,-0.003559679718028441,40.201774215698244,1.2697531819343566,0.005750449220339515,-995.46479550004,237.34544616644135,,0.4871493339538574,
1920000,4049.1836273670197,-726.4963474273682,99.83078438933558,-0.0027626428464815334,55.42618103027344,1.2056668639183044,0.0020846294248185737,-995.46479550004,237.34544616644135,,0.4345105439424515,
1924000,4059.524481534958,-705.917368888855,87.09833780696165,-0.0024832253115067314,37.4785982131958,1.223488438129425,0.006697339365724475,-869.440845310688,195.0873395659053,,0.46485927104949953,
1928000,4067.6875762939453,-702.1451439857483,75.68033699853846,-0.0029684352730400933,58.72339553833008,1.2413186073303222,0.0025894499091470347,-869.440845310688,195.0873395659053,,0.4058185636997223,
1932000,4075.861428499222,-692.5432176589966,77.37608958298584,-0.0024028291725603167,34.59408340454102,1.1623793601989747,0.0022842718758620427,-869.440845310688,195.0873395659053,,0.40067883729934695,
1936000,4084.042080640793,-702.787425994873,83.3668058773015,-0.0026302785802400307,35.84652900695801,1.157109546661377,0.0021761081996373834,-869.440845310688,195.0873395659053,,0.3940370202064514,
1940000,4092.2403156757355,-723.8437662124634,105.37644151664092,-0.0029890482789681596,57.894937896728514,1.162447738647461,0.0031587528537784237,-869.440845310688,195.0873395659053,,0.4518403887748718,
1944000,4100.413589715958,-704.3756809234619,102.01048663379791,-0.0029045436144030322,51.734558486938475,1.1986143112182617,0.004129644296335755,-869.440845310688,195.0873395659053,,0.4374130070209503,
1948000,4108.6089153289795,-708.0445938110352,89.43814016678688,-0.0028832640033215283,45.3360710144043,1.1806358218193054,0.004915364936459809,-869.440845310688,195.0873395659053,,0.42732423543930054,
1952000,4116.783261299133,-694.4393539428711,75.78585155231573,-0.003696992623309292,51.16424827575683,1.2468503832817077,0.004633514924440529,-869.440845310688,195.0873395659053,,0.4629779875278473,
1956000,4124.945871353149,-679.6225342750549,87.35326672392853,-0.0026346425442510756,61.640795135498045,1.2861206650733947,0.003150634520427654,-869.440845310688,195.0873395659053,,0.4327235043048859,
1960000,4133.114220380783,-705.7146863937378,94.60600838197762,-0.002906952223197301,49.2219970703125,1.229478657245636,0.002452952215913706,-869.440845310688,195.0873395659053,,0.4362365633249283,
1964000,4143.523928642273,-723.754451751709,94.90381310318192,-0.0030149597783649894,47.80752449035644,1.19558447599411,0.004584130383950352,-767.0005001425743,108.01090053947516,,0.44037791788578035,
1968000,4151.673920869827,-700.0510759353638,84.5192268580773,-0.004077925188156329,46.41594619750977,1.2266280889511108,0.005926634109346196,-767.0005001425743,108.01090053947516,,0.4833778589963913,
1972000,4159.835063695908,-688.3438692092896,76.65281307272987,-0.003611953016807101,38.678040504455566,1.2334898471832276,0.005626680678222362,-767.0005001425743,108.01090053947516,,0.3869204014539719,
1976000,4167.894598007202,-711.5385103225708,81.9913619225352,-0.0023108419273242474,41.02863655090332,1.2437310934066772,0.0014853676761655832,-767.0005001425743,108.01090053947516,,0.44212072491645815,
1980000,4176.037740468979,-700.8560085296631,86.28232216395149,-0.0028107746650154475,42.161156845092776,1.251846933364868,0.003173612290993333,-767.0005001425743,108.01090053947516,,0.4558598160743713,
1984000,4184.228662014008,-681.8745098114014,89.51432345185806,-0.0026051184576354027,57.809740447998045,1.2081794619560242,0.0022518920476238156,-767.0005001425743,108.01090053947516,,0.4322199821472168,
1988000,4192.427815198898,-714.8059635162354,89.63605349855509,-0.0025233517134329196,59.668127822875974,1.2260719299316407,0.0027094706476976428,-767.0005001425743,108.01090053947516,,0.39680120944976804,
1992000,4200.628242492676,-735.0948896408081,94.014099272068,-0.0017048525651468082,49.41642074584961,1.2093072772026061,0.0019261700947536653,-767.0005001425743,108.01090053947516,,0.37219066321849825,
1996000,4208.790476322174,-704.5134696960449,94.67680817545968,-0.002414951511775154,43.21163749694824,1.1843159198760986,0.0027061399465310386,-767.0005001425743,108.01090053947516,,0.4115863412618637,
2000000,4216.9688284397125,-700.6749410629272,86.2818676585836,-0.0031350875442149205,52.59282608032227,1.2538740277290343,0.0016522858053213518,-767.0005001425743,108.01090053947516,,0.4211892068386078,
