global_step,wall_time_s,ep_return_mean,ep_return_std,policy_loss,value_loss,entropy,approx_kl,eval_return_mean,eval_return_std,mean_k,attn_entropy,lagrange_lambda
4000,3.612227201461792,-236.6698489189148,35.73014662580845,-0.0002665447806023735,223.45668182373046,1.6028087139129639,9.283910651447514e-06,,,4.0,1.3479560732841491,
8000,6.540881395339966,-237.7962372303009,53.18630291371276,-0.000833271606116881,186.93912048339843,1.5976681232452392,0.0,,,4.0,1.3601988554000854,
12000,9.527073621749878,-229.1151578426361,38.6067654580623,-0.0006477439925170359,176.9276565551758,1.5927739143371582,7.450580430390375e-12,,,4.0,1.3661321640014648,
16000,12.529011487960815,-225.82850766181946,40.356180622783675,-0.0001281733739251223,142.6752700805664,1.5732749223709106,0.0,,,4.0,1.365961241722107,
20000,15.549437761306763,-216.24201726913452,38.42190701327445,-0.0005009387021871703,92.93942260742188,1.5643445014953614,1.8686028124648146e-05,,,4.0,1.3711821794509889,
24000,18.471694946289062,-208.75069165229797,37.691607382734,-0.0012518529290463931,72.54207763671874,1.5461090207099915,0.0014593756190151908,,,4.0,1.3722237586975097,
28000,21.44988203048706,-213.6387803554535,40.64137068252824,-0.0006501227776711804,80.16409912109376,1.5227181315422058,0.00030535522887475963,,,4.0,1.37356595993042,
32000,24.42356848716736,-213.77614402770996,34.64922463596997,-0.0017279623189049077,71.63867492675782,1.5144972681999207,0.00014912984013335518,,,4.0,1.3743041396141051,
36000,27.36648178100586,-222.9088532924652,49.23554483244456,-0.0007031531306638472,83.0052703857422,1.5199291706085205,0.00022827751745353454,,,4.0,1.3695708155632018,
40000,30.318137407302856,-218.0297510623932,37.07922817006731,-0.0010452174958239802,66.93453941345214,1.4927563786506652,0.0005830883562794043,,,4.0,1.3647213578224182,
44000,35.066487550735474,-212.33492374420166,32.99885932961381,-0.0008383268232379559,55.24123611450195,1.5001667499542237,0.00010715798744058702,-261.60950941592455,58.30602132724688,4.0,1.3662624835968018,
48000,38.03489804267883,-219.90131378173828,43.837515165236745,-0.0010724616886291117,57.89808654785156,1.4895720601081848,0.0004485727629701897,-261.60950941592455,58.30602132724688,4.0,1.366508948802948,
52000,40.984169483184814,-226.09168148040771,36.32354207006159,-0.0007654297417441835,50.14726333618164,1.4986747980117798,0.00013037508172177858,-261.60950941592455,58.30602132724688,4.0,1.3625386595726012,
56000,43.94723153114319,-218.01416158676147,49.41640050178907,-0.0017365276062288437,62.89137420654297,1.5183440327644349,0.0006808349055063446,-261.60950941592455,58.30602132724688,4.0,1.3653933167457581,
60000,46.90550637245178,-217.1636621952057,45.10115090855238,-0.0011553269577561308,51.30374374389648,1.4806103229522705,8.82621607161127e-06,-261.60950941592455,58.30602132724688,4.0,1.3613264679908752,
64000,49.76393246650696,-226.30251741409302,46.87776121613109,-0.0017162898850511255,63.07502212524414,1.4402337074279785,0.0014359857595991343,-261.60950941592455,58.30602132724688,4.0,1.3556626558303833,
68000,52.668328285217285,-217.10666275024414,41.39977545922581,-0.0009344545323401121,48.39680633544922,1.5038566589355469,0.00021873069704270165,-261.60950941592455,58.30602132724688,4.0,1.347773551940918,
72000,55.59298896789551,-230.4517743587494,42.52646737653555,-0.0025254393829575506,55.299411392211915,1.5044175267219544,1.9163230298246957e-05,-261.60950941592455,58.30602132724688,4.0,1.3569027662277222,
76000,58.6784884929657,-234.32754588127136,45.121528794305455,-0.0006005247465994623,38.5969160079956,1.496380352973938,0.00047602308259229174,-261.60950941592455,58.30602132724688,4.0,1.3555708527565002,
80000,61.7634494304657,-241.04629349708557,54.281972310605994,-0.0010346730603002063,50.804745483398435,1.5194340825080872,1.873597466328647e-06,-261.60950941592455,58.30602132724688,4.0,1.3648274183273315,
84000,66.86533570289612,-239.41871118545532,46.248016337172075,7.16038743824754e-05,66.63274879455567,1.513392150402069,0.0007921257696580142,-322.08522034436464,85.26643795924566,4.0,1.362722361087799,
88000,69.90489864349365,-228.49565887451172,36.48027761119909,-0.0013827792459845333,52.02111663818359,1.4859850406646729,0.0004339136395628884,-322.08522034436464,85.26643795924566,4.0,1.3541544675827026,
92000,72.93773341178894,-215.40649271011353,39.07709089256721,-0.0013631983046265006,33.54742374420166,1.4712403893470765,0.0010374260506068821,-322.08522034436464,85.26643795924566,4.0,1.3679112315177917,
96000,76.02393555641174,-224.00879955291748,41.54060838044436,-0.0014324797529067456,54.078159713745116,1.4989865303039551,0.0002717197004130867,-322.08522034436464,85.26643795924566,4.0,1.3673071146011353,
100000,79.08829474449158,-230.72722053527832,41.92444818459741,-0.0017882751222253468,49.658171844482425,1.4856270909309388,0.001641852149468237,-322.08522034436464,85.26643795924566,4.0,1.36883225440979,
104000,82.16889429092407,-226.24351382255554,37.99669172432108,-0.0008769038340760815,33.22939109802246,1.4994737029075622,4.053938864672091e-05,-322.08522034436464,85.26643795924566,4.0,1.360450553894043,
108000,85.21014261245728,-230.2370581626892,43.391124581392845,-5.592219479151339e-05,40.87235374450684,1.5010446429252624,0.0005629180810065026,-322.08522034436464,85.26643795924566,4.0,1.364860427379608,
112000,88.32947182655334,-223.2953839302063,43.137060052885644,-0.0004128875790920361,57.09567718505859,1.5026508688926696,0.00019667744600155858,-322.08522034436464,85.26643795924566,4.0,1.372557270526886,
116000,91.40617442131042,-236.7495276927948,53.46811194955891,-0.0019832038174499187,43.07965202331543,1.4789920330047608,0.0007299685121979538,-322.08522034436464,85.26643795924566,4.0,1.3629446506500245,
120000,94.50953841209412,-235.74112963676453,45.73714474872826,-0.0003594244812848757,56.87458724975586,1.4472099423408509,0.0010628031172139674,-322.08522034436464,85.26643795924566,4.0,1.349355435371399,
124000,99.4355103969574,-235.94511461257935,40.79217000236271,-0.001568842926276126,40.414771270751956,1.4452752351760865,0.001805795839386215,-343.0839856863022,135.77183242968823,4.0,1.3479675650596619,
128000,102.5894410610199,-238.72165298461914,49.80516153522947,-0.0006827636281907968,53.99439125061035,1.4158847332000732,0.0010463504701232029,-343.0839856863022,135.77183242968823,4.0,1.3449402332305909,
132000,105.67984247207642,-224.4943492412567,41.06561895384543,-0.0014487373689189731,35.41208419799805,1.4579445838928222,0.0019615994935156785,-343.0839856863022,135.77183242968823,4.0,1.3432788848876953,
136000,108.79746747016907,-222.9999680519104,47.27488201271149,-0.0021528507563441045,54.005903244018555,1.4835464119911195,0.0015470719842511859,-343.0839856863022,135.77183242968823,4.0,1.345102059841156,
140000,111.88462781906128,-228.34005117416382,40.184050443603525,-0.002036091760460579,32.26165828704834,1.4806752324104309,0.003622773182112726,-343.0839856863022,135.77183242968823,4.0,1.318946635723114,
144000,114.94169926643372,-211.7466516494751,40.07616596862458,-0.0017260972054597534,39.614906311035156,1.4990451335906982,0.000814909566543065,-343.0839856863022,135.77183242968823,4.0,1.336594808101654,
148000,117.87904691696167,-232.22817587852478,44.7983058500984,-0.0011564307419078546,39.083495903015134,1.4674181580543517,0.0013385930765265064,-343.0839856863022,135.77183242968823,4.0,1.3336899399757385,
152000,120.84624123573303,-221.28507828712463,33.77439606176604,-0.002871401615363256,29.20464744567871,1.4794654607772828,0.0016838076453035075,-343.0839856863022,135.77183242968823,4.0,1.3516598701477052,
156000,123.76367473602295,-229.3999183177948,47.409427228562,-0.0024775800919548453,51.05956802368164,1.4637839078903199,0.0016167633496588785,-343.0839856863022,135.77183242968823,4.0,1.3252158403396606,
160000,126.70398473739624,-223.0032513141632,47.55929148816764,-0.0011134090550040554,37.53266716003418,1.489772629737854,0.0004597702594764996,-343.0839856863022,135.77183242968823,4.0,1.3275522112846374,
164000,131.62895321846008,-220.15216159820557,42.38683948494599,-0.001181413562987732,49.70972328186035,1.4711549282073975,0.0007029947699720651,-258.5689100250602,54.71825026441898,4.0,1.3406195878982543,
168000,134.58437633514404,-233.37402963638306,40.56655104281101,-0.0021587356980113715,32.96292934417725,1.392263376712799,0.002499442129201901,-258.5689100250602,54.71825026441898,4.0,1.2556886792182922,
172000,137.58894109725952,-227.53232157230377,40.303413564446984,-0.001623285225805926,34.76460723876953,1.428221547603607,0.003218334446864901,-258.5689100250602,54.71825026441898,4.0,1.282944917678833,
176000,140.81030774116516,-232.79760265350342,50.11090964317515,-0.0018483509203992554,47.28865699768066,1.4349507212638855,0.001126020610895165,-258.5689100250602,54.71825026441898,4.0,1.25994770526886,
180000,144.25143599510193,-221.24550199508667,32.558015169440274,-0.003974368761293601,35.17850303649902,1.4403725862503052,0.004812354503587524,-258.5689100250602,54.71825026441898,4.0,1.2448839902877809,
184000,147.89705157279968,-228.33034491539001,47.838042330718515,-0.001342117801018805,35.443863487243654,1.4094589471817016,0.002363632834832963,-258.5689100250602,54.71825026441898,4.0,1.2269427299499511,
188000,151.37835359573364,-230.2244449853897,44.76894463713226,-0.0015284636990836376,36.806169509887695,1.4357452869415284,0.0019756842957576737,-258.5689100250602,54.71825026441898,4.0,1.222236442565918,
192000,154.78972959518433,-238.62446928024292,49.714248735227244,-0.0020462410499265003,31.224299812316893,1.4216321945190429,0.0015492470074905229,-258.5689100250602,54.71825026441898,4.0,1.1863057613372803,
196000,158.2520296573639,-240.020751953125,42.59912888832991,-0.003200538852213253,25.619556617736816,1.3689234733581543,0.002314609821769409,-258.5689100250602,54.71825026441898,4.0,1.21449613571167,
200000,161.8694303035736,-230.927747964859,46.609846373107565,-0.0014418164069454065,33.630405235290525,1.3825544118881226,0.004800210503162816,-258.5689100250602,54.71825026441898,4.0,1.1762316942214965,
204000,169.3443992137909,-240.69592928886414,48.50954742015488,-0.002322096577302246,38.15969390869141,1.3837046146392822,0.0030662990582641216,-265.43101993203163,64.34043494076434,4.0,1.1531189560890198,
208000,174.179612159729,-226.82740378379822,38.67010066045813,-0.002887208912560402,24.27867736816406,1.3248950958251953,0.0011848017544252797,-265.43101993203163,64.34043494076434,4.0,1.1105128526687622,
212000,179.07903575897217,-228.16989254951477,38.4755394155617,-0.0037369620726676713,28.660238838195802,1.330552840232849,0.005004944452084614,-265.43101993203163,64.34043494076434,4.0,1.1278375387191772,
216000,184.0491693019867,-223.88310980796814,31.597924483613294,-0.003611819988776288,22.94945373535156,1.2898016691207885,0.004911818169057369,-265.43101993203163,64.34043494076434,4.0,1.0899549722671509,
220000,188.96453595161438,-230.2921404838562,45.05778155641851,-0.00322152762573964,30.551738357543947,1.313606607913971,0.004448410903181266,-265.43101993203163,64.34043494076434,4.0,1.0362483978271484,
224000,193.81923246383667,-219.9566469192505,35.70765655236711,-0.0034667632650040693,31.77081871032715,1.3961864709854126,0.003544574587916338,-265.43101993203163,64.34043494076434,4.0,1.0935200691223144,
228000,198.82475996017456,-224.86533737182617,41.42516235394512,-0.002893687900951303,31.900471115112303,1.4146211862564086,0.003013545236006998,-265.43101993203163,64.34043494076434,4.0,1.084623110294342,
232000,204.09945273399353,-220.93180179595947,47.603870851979885,-0.004715071653481573,36.0282564163208,1.4020391702651978,0.00544484700076282,-265.43101993203163,64.34043494076434,4.0,1.0916817784309387,
236000,209.46945023536682,-217.62658095359802,36.5271610266922,-0.002289918254064105,26.92614116668701,1.3694113731384276,0.001109569028538937,-265.43101993203163,64.34043494076434,4.0,1.0408675909042358,
240000,214.91653442382812,-215.99944353103638,42.19472485446386,-0.001532860415012749,35.18509349822998,1.3358808159828186,0.00535575082176365,-265.43101993203163,64.34043494076434,4.0,0.9995203793048859,
244000,226.73862838745117,-230.41153287887573,45.81998486094507,-0.002128057170368258,29.10532569885254,1.27834814786911,0.0007561292913596862,-241.52488450706005,57.44771381568384,4.0,0.9660128772258758,
248000,232.18236708641052,-228.87807667255402,43.87424431817157,-0.002422958538673509,22.46695022583008,1.237861728668213,0.0025775632428121755,-241.52488450706005,57.44771381568384,4.0,0.9819514155387878,
252000,237.63394856452942,-224.1551079750061,44.48116986592796,-0.003208193873986609,20.008253192901613,1.2025017261505127,0.004371714634976043,-241.52488450706005,57.44771381568384,4.0,1.0030471324920653,
256000,243.0169928073883,-220.03406429290771,38.98958510728418,-0.0006229064535194339,23.492606353759765,1.132848310470581,0.003888994280869762,-241.52488450706005,57.44771381568384,4.0,0.9261585831642151,
260000,248.42563486099243,-220.1155915260315,39.20932533785642,-0.004865978977642982,18.469747447967528,1.1237268924713135,0.0071793790534526725,-241.52488450706005,57.44771381568384,4.0,0.9657364130020142,
264000,253.83038759231567,-217.43383717536926,39.72501056628712,-0.0037428419182154115,20.62414684295654,1.0731769323348999,0.0025921637502615336,-241.52488450706005,57.44771381568384,4.0,0.9615620017051697,
268000,258.9132468700409,-210.4199995994568,36.74527477170149,-0.0055710946038987075,13.804487800598144,1.1770424485206603,0.005918788456668489,-241.52488450706005,57.44771381568384,4.0,0.9635364174842834,
272000,264.423113822937,-216.7848801612854,30.99887293610625,-0.002710526291610826,16.5591983795166,1.195310354232788,0.0016258986596173308,-241.52488450706005,57.44771381568384,4.0,0.9033625721931458,
276000,269.9266471862793,-227.06820368766785,41.7163778934997,-0.003136859334694897,21.922542572021484,1.2224921107292175,0.0026655736872926326,-241.52488450706005,57.44771381568384,4.0,0.927104777097702,
280000,275.4281780719757,-233.7468912601471,52.53232035618705,-0.0029163353201389517,28.14103126525879,1.1341066122055055,0.002189281047321856,-241.52488450706005,57.44771381568384,4.0,0.8742913186550141,
284000,287.8834846019745,-234.20302653312683,70.59299560130373,-0.004463505245900423,26.334350395202637,1.141478168964386,0.0047104488912737,-243.97120274603367,51.64342268581556,4.0,0.8402530908584595,
288000,293.33773827552795,-227.9686267375946,43.605590193286645,-0.0048697516648875,17.87413215637207,1.0800870776176452,0.005823579084244556,-243.97120274603367,51.64342268581556,4.0,0.8588915050029755,
292000,298.79914951324463,-211.24759435653687,39.482565648336156,-0.004054348634027249,17.679511260986327,1.1437763214111327,0.0051889195281546565,-243.97120274603367,51.64342268581556,4.0,0.9293268978595733,
296000,304.2902362346649,-205.852605342865,41.352487762384925,-0.004272384137846519,21.425430297851562,1.181050443649292,0.004129586846102029,-243.97120274603367,51.64342268581556,4.0,0.96275514960289,
300000,309.7580626010895,-218.78884887695312,47.32832003656477,-0.004339929533734299,20.11757688522339,1.1444063663482666,0.005671444542085136,-243.97120274603367,51.64342268581556,4.0,0.8686479091644287,
304000,315.26500248908997,-219.11573672294617,40.02580139896416,-0.004065616449127729,26.92247943878174,1.201954174041748,0.0019309659338711427,-243.97120274603367,51.64342268581556,4.0,0.9464459896087647,
308000,320.78097224235535,-206.28057599067688,36.19589551762645,-0.0036655003715616807,26.612710380554198,1.2283271551132202,0.0028156382963061334,-243.97120274603367,51.64342268581556,4.0,1.0276925563812256,
312000,326.26308608055115,-217.2087506055832,43.206376681968464,-0.0034177053819876234,26.86124267578125,1.1958470106124879,0.0056867643492296335,-243.97120274603367,51.64342268581556,4.0,0.9277430772781372,
316000,331.7920894622803,-212.02994751930237,42.49452068642649,-0.003583573655982031,21.14252815246582,1.2386561155319213,0.0012156551121734083,-243.97120274603367,51.64342268581556,4.0,1.016054129600525,
320000,337.3215847015381,-206.59312462806702,38.27422459171418,-0.0035989002899732723,21.2878568649292,1.2621498823165893,0.002579411722836085,-243.97120274603367,51.64342268581556,4.0,0.9280771017074585,
324000,349.7729082107544,-210.51137137413025,38.97008565545856,-0.0025237444696248447,14.125264263153076,1.2032718181610107,0.003921456288701547,-223.24610648304224,33.48881438834368,4.0,0.997489595413208,
328000,355.22795820236206,-217.4529492855072,29.78784250576606,-0.0036089504043920863,13.315745639801026,1.15926650762558,0.0026626040892442694,-223.24610648304224,33.48881438834368,4.0,0.9922783434391022,
332000,360.689013004303,-217.2580337524414,37.03849161499743,-0.002633566862437853,15.108691787719726,1.1544587731361389,0.003526674227983073,-223.24610648304224,33.48881438834368,4.0,0.9959513366222381,
336000,366.15711641311646,-212.36174416542053,37.831944381409784,-0.0029843174463991705,14.119095134735108,1.22400723695755,0.0011201907726548054,-223.24610648304224,33.48881438834368,4.0,1.0933690786361694,
340000,371.64418721199036,-205.68663489818573,35.08994528000042,-0.0027330644633621003,14.203327178955078,1.1418130993843079,0.004171391173653926,-223.24610648304224,33.48881438834368,4.0,0.9863912343978882,
344000,377.1317825317383,-216.0073812007904,42.3383666309476,-0.0032718570050395356,18.859447383880614,1.0474843382835388,0.002989894671190996,-223.24610648304224,33.48881438834368,4.0,0.9418846368789673,
348000,382.64225244522095,-205.527703166008,40.15058732841029,-0.003031712174454437,16.529092025756835,1.1064101576805114,0.002292239302187227,-223.24610648304224,33.48881438834368,4.0,1.0253079891204835,
352000,388.12160634994507,-211.91984391212463,35.8040717761594,-0.004192483705313244,9.623038005828857,1.0715113639831544,0.005082705254744117,-223.24610648304224,33.48881438834368,4.0,1.0311972498893738,
356000,393.6527850627899,-216.2029104232788,34.697930522029004,-0.0044276106210503095,19.108472061157226,1.1031575441360473,0.0004922700675864089,-223.24610648304224,33.48881438834368,4.0,1.0579282283782958,
360000,399.20767736434937,-219.35792136192322,33.751763125515915,-0.003743987989223818,15.018418216705323,1.0773916363716125,0.004452739718544763,-223.24610648304224,33.48881438834368,4.0,1.0192648768424988,
364000,411.5892653465271,-225.44726538658142,45.34663090735968,-0.0037060554292207117,17.149443912506104,1.120301568508148,0.0031092913166503424,-239.52099983394146,46.73126475225064,4.0,1.0188006281852722,
368000,416.9542226791382,-213.0759699344635,38.101905057479435,-0.004082564720573523,14.279009151458741,1.16644344329834,0.0021158602263312786,-239.52099983394146,46.73126475225064,4.0,1.0518276572227478,
372000,422.4805233478546,-207.62157368659973,33.846999311030714,-0.0022851942976897855,18.840570163726806,1.1534115433692933,0.002258788066683337,-239.52099983394146,46.73126475225064,4.0,1.0709310293197631,
376000,427.95034980773926,-217.4957172870636,49.63293537215581,-0.0026926046591252196,25.605715942382812,1.1324156165122985,0.003397292841691524,-239.52099983394146,46.73126475225064,4.0,1.0524977087974547,
380000,433.4295654296875,-203.4807767868042,32.75029555431286,-0.003609667389265603,15.359858989715576,1.1639600038528441,0.003137026295376333,-239.52099983394146,46.73126475225064,4.0,1.1150344491004944,
384000,438.9260747432709,-203.70018529891968,42.11558094963034,-0.004676213850034383,15.08256721496582,1.178128170967102,0.0033633496495895088,-239.52099983394146,46.73126475225064,4.0,1.1402233123779297,
388000,444.42137002944946,-202.4089801311493,30.41440434453572,-0.0024475623641628808,14.80384283065796,1.1479356288909912,0.0034356268257833998,-239.52099983394146,46.73126475225064,4.0,1.1530354738235473,
392000,450.00201296806335,-209.70432591438293,35.240712196068486,-0.002424682579197279,17.19812641143799,1.1126689076423646,0.0031569721165190857,-239.52099983394146,46.73126475225064,4.0,1.1056512355804444,
396000,455.5446331501007,-210.8719561100006,36.54345539263035,-0.002110623812060419,20.170680904388426,1.1096016883850097,0.0026126909106969796,-239.52099983394146,46.73126475225064,4.0,1.1400641083717347,
400000,461.16170048713684,-202.89489436149597,32.20496177674602,-0.002780953421790944,23.17479591369629,1.0704706072807313,0.003747962035393959,-239.52099983394146,46.73126475225064,4.0,1.068073606491089,
404000,473.79703307151794,-213.21364569664001,36.22558042724138,-0.003272512439958497,19.610169410705566,1.1300422310829163,0.003717772418167442,-219.3422617763281,32.40897637132493,4.0,1.0572516441345214,
408000,479.19832611083984,-206.2938311100006,34.538298626540616,-0.0053752780009526544,18.633175468444826,1.0806673645973206,0.0014246915059629827,-219.3422617763281,32.40897637132493,4.0,1.0335156083106996,
412000,484.6564004421234,-202.15485787391663,39.29430796561317,-0.004088852812050981,20.427642631530762,1.0667241930961608,0.005474226693157114,-219.3422617763281,32.40897637132493,4.0,1.0052276849746704,
416000,490.17529916763306,-211.49865984916687,31.375126401762728,-0.004637080748681921,16.743687534332274,1.0219178438186645,0.0030955409547702103,-219.3422617763281,32.40897637132493,4.0,0.9583037614822387,
420000,495.7516505718231,-201.94471764564514,33.22083561280626,-0.004601089972925054,17.339467811584473,0.9674798429012299,0.005165729352195436,-219.3422617763281,32.40897637132493,4.0,0.9405467569828033,
424000,501.3326029777527,-204.62016010284424,33.14818065465108,-0.005354724349454054,14.454996013641358,1.037778079509735,0.003660802455851808,-219.3422617763281,32.40897637132493,4.0,0.9623831510543823,
428000,506.87023282051086,-206.7354531288147,29.707068467040003,-0.0043337259911544026,16.513508796691895,1.0011050343513488,0.0034458504029316827,-219.3422617763281,32.40897637132493,4.0,0.9612770080566406,
432000,512.4443306922913,-216.10114359855652,34.96907706563571,-0.004138009877526194,15.514911651611328,0.9980447590351105,0.0072712927241809664,-219.3422617763281,32.40897637132493,4.0,0.8351591348648071,
436000,517.9858741760254,-203.63420057296753,28.53017136551556,-0.004502881489228461,16.828981113433837,1.0021058022975922,0.0043853673571720726,-219.3422617763281,32.40897637132493,4.0,0.9021029472351074,
440000,523.567033290863,-214.21385145187378,35.40861923535944,-0.003323452452702158,14.183782196044922,0.9576248168945313,0.001304982384123532,-219.3422617763281,32.40897637132493,4.0,0.887062931060791,
444000,536.1419830322266,-215.52559423446655,36.997027489302454,-0.004434315665780275,15.419220352172852,0.926442152261734,0.004143109259894117,-219.88359661400318,38.703680051523136,4.0,0.8684219181537628,
448000,541.5289433002472,-210.5576080083847,41.69558406444235,-0.0035269385313149828,23.510168838500977,0.9927658438682556,0.003775661491090432,-219.88359661400318,38.703680051523136,4.0,0.8887942850589752,
452000,546.9282531738281,-212.41552591323853,38.46126711512473,-0.003223654042541391,21.313869094848634,0.9592030763626098,0.001314324967097491,-219.88359661400318,38.703680051523136,4.0,0.8431995630264282,
456000,552.3200922012329,-214.58301329612732,37.755631249135796,-0.004255759610367627,18.14568176269531,0.945878553390503,0.004239152081000319,-219.88359661400318,38.703680051523136,4.0,0.851792961359024,
460000,557.6963374614716,-214.90637111663818,34.41264190316468,-0.004150821849238007,30.242786026000978,0.9648444652557373,0.005062294192612171,-219.88359661400318,38.703680051523136,4.0,0.849818080663681,
464000,563.0779166221619,-214.0250380039215,34.64162341074271,-0.004691027817704363,16.503291606903076,0.8877988636493683,0.0038860331231262537,-219.88359661400318,38.703680051523136,4.0,0.8434536457061768,
468000,568.4549748897552,-206.1162452697754,31.83227848341963,-0.004237504158789917,19.484875011444093,0.9599870920181275,0.00158033120003529,-219.88359661400318,38.703680051523136,4.0,0.8854598939418793,
472000,573.80428814888,-190.47324085235596,30.97802545606431,-0.002772561258136186,23.687215995788574,1.0238081455230712,0.0034916353052637295,-219.88359661400318,38.703680051523136,4.0,0.8892866134643554,
476000,579.1704940795898,-202.3829002380371,30.985835312575976,-0.004891494428273279,18.22176694869995,1.0022936463356018,0.0021505548475931223,-219.88359661400318,38.703680051523136,4.0,0.920753026008606,
480000,584.5759987831116,-206.3542604446411,39.25087969068422,-0.004613695580589905,15.82134485244751,0.934410673379898,0.003050922921102028,-219.88359661400318,38.703680051523136,4.0,0.8810700476169586,
484000,597.2621660232544,-208.61663269996643,38.18827282920412,-0.004719646916724862,18.48713798522949,0.9425526022911072,0.0042614341178753845,-217.73358012735844,44.47273138004217,4.0,0.8732579350471497,
488000,602.666650056839,-211.56306862831116,29.381276396802065,-0.005145759916165815,22.06882667541504,0.9869079351425171,0.0028249325967238726,-217.73358012735844,44.47273138004217,4.0,0.9281362533569336,
492000,608.0814595222473,-209.85987508296967,34.87393640534953,-0.005713025200180688,15.678458404541015,0.9195879161357879,0.0023093976953532545,-217.73358012735844,44.47273138004217,4.0,0.8398954510688782,
496000,613.6962382793427,-208.92857670783997,28.456550049141008,-0.005402968933650598,16.859815979003905,0.9001674473285675,0.004286884429166094,-217.73358012735844,44.47273138004217,4.0,0.771518349647522,
500000,619.2567503452301,-205.92444372177124,37.321761621111314,-0.006200151714185864,19.554784297943115,0.9001708328723907,0.003813230266852785,-217.73358012735844,44.47273138004217,4.0,0.8333230137825012,
504000,624.826931476593,-209.52350389957428,42.82300888673182,-0.0036536990666451,26.380107879638672,0.9029874980449677,0.00196560246986337,-217.73358012735844,44.47273138004217,4.0,0.7958064198493957,
508000,630.385015964508,-212.71705627441406,41.85489180813856,-0.003952646310091979,25.028404808044435,0.8860384166240692,0.0016961671291695346,-217.73358012735844,44.47273138004217,4.0,0.8705167233943939,
512000,635.9066910743713,-212.54458951950073,42.211375532112186,-0.00468103921281493,21.779142761230467,0.9092098414897919,0.004274943065635551,-217.73358012735844,44.47273138004217,4.0,0.821258819103241,
516000,641.5018384456635,-207.35301327705383,35.05588828851844,-0.00507509930354233,15.655063056945801,0.8850511252880097,0.004905564448563382,-217.73358012735844,44.47273138004217,4.0,0.8392274498939514,
520000,647.0594353675842,-200.3705232143402,29.122758885684615,-0.004561561540428816,17.99770269393921,0.905414217710495,0.006313640146981925,-217.73358012735844,44.47273138004217,4.0,0.875836992263794,
524000,659.8283050060272,-209.14831471443176,43.24267631529196,-0.004737308105609061,29.949892044067383,0.8239042103290558,0.0038617818980128506,-219.65296798944473,47.17901901751604,4.0,0.785747641324997,
528000,665.230548620224,-217.82008814811707,36.21432212516585,-0.004742475273242697,19.33111047744751,0.8532017886638641,0.002612990786631908,-219.65296798944473,47.17901901751604,4.0,0.7560041964054107,
532000,670.6450569629669,-210.88291692733765,41.63146074614873,-0.004445780652730413,17.39047384262085,0.8706155955791474,0.0074056996613120155,-219.65296798944473,47.17901901751604,4.0,0.7926975071430207,
536000,676.0753736495972,-218.29132103919983,38.669790311473314,-0.003071714654797697,19.508452129364013,0.827069878578186,0.0046634551690658554,-219.65296798944473,47.17901901751604,4.0,0.7956049382686615,
540000,681.5300588607788,-222.638747215271,45.12841806955093,-0.003757023970247264,22.945483779907228,0.8600670456886291,0.0020472742937272413,-219.65296798944473,47.17901901751604,4.0,0.7935024619102478,
544000,686.924902677536,-208.76578092575073,42.10576021078598,-0.0059391856934719826,14.910474872589111,0.8472042858600617,0.0018408183907013154,-219.65296798944473,47.17901901751604,4.0,0.8206174731254577,
548000,692.3306686878204,-213.80784487724304,40.26488018107864,-0.005885973614562978,19.09899034500122,0.854143637418747,0.0030196265529763623,-219.65296798944473,47.17901901751604,4.0,0.8309542417526246,
552000,697.7579746246338,-216.69111156463623,41.04523208859155,-0.005940969576903932,22.058289527893066,0.8268503606319427,0.004450221625777595,-219.65296798944473,47.17901901751604,4.0,0.7794964194297791,
556000,703.2993502616882,-216.96853590011597,41.059887551628464,-0.004238802202395142,20.330984687805177,0.7818566620349884,0.0030030447407625614,-219.65296798944473,47.17901901751604,4.0,0.8382551968097687,
560000,708.9308793544769,-212.2844295501709,34.50141083334977,-0.005825410873939596,15.561284446716309,0.7896267056465149,0.007020745406043716,-219.65296798944473,47.17901901751604,4.0,0.8522644579410553,
564000,721.6321332454681,-209.29434871673584,31.689394072879328,-0.006123975499300371,13.547162055969238,0.8358338475227356,0.0047575802569432835,-223.58822840452194,37.89525945870583,4.0,0.8372355103492737,
568000,727.1712996959686,-213.29173588752747,36.14564160840067,-0.006419033235404647,20.353530502319337,0.8422247111797333,0.005038501635193826,-223.58822840452194,37.89525945870583,4.0,0.8975181698799133,
572000,732.7319028377533,-211.6698396205902,36.438913648956174,-0.003602561190996001,13.603618335723876,0.7899696350097656,0.005514909798512236,-223.58822840452194,37.89525945870583,4.0,0.775832325220108,
576000,738.2865867614746,-201.164705991745,29.57060917629714,-0.005557347428519321,17.10459041595459,0.8167351365089417,0.0039503856596226575,-223.58822840452194,37.89525945870583,4.0,0.8090165972709655,
580000,743.8627717494965,-215.31082022190094,39.31132769342114,-0.003704933460797033,19.998802757263185,0.7269787192344666,0.004491386172361711,-223.58822840452194,37.89525945870583,4.0,0.8045433580875396,
584000,749.3980062007904,-212.34621965885162,39.795814030687595,-0.006057309763738883,13.829043579101562,0.7355611145496368,0.0023112826728126203,-223.58822840452194,37.89525945870583,4.0,0.8412710666656494,
588000,754.9220352172852,-210.59842371940613,44.38748444355257,-0.004053868153675766,21.955539894104003,0.8166281104087829,0.00391256542985019,-223.58822840452194,37.89525945870583,4.0,0.8828875303268433,
592000,760.4512746334076,-204.5418577194214,26.981473279232667,-0.005755663587401339,14.467241287231445,0.8296621739864349,0.005310191564805189,-223.58822840452194,37.89525945870583,4.0,0.8459027230739593,
596000,766.0064444541931,-208.56235718727112,32.59778386698283,-0.006541129625247244,9.44347791671753,0.7609644174575806,0.0034759187201270692,-223.58822840452194,37.89525945870583,4.0,0.7832653820514679,
600000,771.5668520927429,-214.62636041641235,33.440687316557614,-0.005036623122015349,19.038308906555176,0.7502155840396881,0.003937628585845232,-223.58822840452194,37.89525945870583,4.0,0.7863344132900238,
604000,784.2256648540497,-207.7483332157135,29.203753020946927,-0.005877710850133333,15.539350414276123,0.7518791854381561,0.006515174062224105,-217.5829259827733,32.16782831277593,4.0,0.8340784907341003,
608000,789.6407988071442,-204.8994584083557,32.94116447932369,-0.0052656281854336125,13.816592693328857,0.7202993392944336,0.007464305452730846,-217.5829259827733,32.16782831277593,4.0,0.7798857629299164,
612000,795.1006953716278,-213.8319432735443,33.574046371412976,-0.004661807827263509,16.33609628677368,0.6777946829795838,0.004113229698850774,-217.5829259827733,32.16782831277593,4.0,0.7857970237731934,
616000,800.6956117153168,-205.3448884487152,33.85977765466391,-0.005055600752665956,12.879003810882569,0.6519949197769165,0.005864470527740195,-217.5829259827733,32.16782831277593,4.0,0.7855727851390839,
620000,806.2598249912262,-209.763352394104,30.402165237906107,-0.005494414794646829,8.828429365158081,0.623051255941391,0.005027090419704727,-217.5829259827733,32.16782831277593,4.0,0.7801106810569763,
624000,811.8810501098633,-207.77845573425293,34.7677272521018,-0.0038069570240914174,17.422339344024657,0.7260798633098602,0.0048476643743924795,-217.5829259827733,32.16782831277593,4.0,0.8218172669410706,
628000,817.4488637447357,-209.87013411521912,37.22217759001616,-0.004552960944463891,13.323093509674072,0.7045827329158783,0.006363562151091173,-217.5829259827733,32.16782831277593,4.0,0.8008974313735961,
632000,822.9963026046753,-200.492901802063,30.927915244915656,-0.005796666449401533,12.273582458496094,0.6787230730056762,0.00590396695025266,-217.5829259827733,32.16782831277593,4.0,0.8122189998626709,
636000,828.355137348175,-208.06766653060913,44.15634116639949,-0.003805182906876681,24.062350463867187,0.6909042716026306,0.005934350868066174,-217.5829259827733,32.16782831277593,4.0,0.727338582277298,
640000,833.620415687561,-213.33235788345337,38.9836671349792,-0.004902109868669258,20.15686798095703,0.6758986115455627,0.005556543113799611,-217.5829259827733,32.16782831277593,4.0,0.6807985961437225,
644000,845.1408033370972,-194.4467453956604,29.1968537073773,-0.0053412218141214215,9.889394283294678,0.6638152003288269,0.0045790156873408705,-218.57137417793274,35.99004718306013,4.0,0.7569741070270538,
648000,850.4028785228729,-197.8124177455902,37.173951171543266,-0.0058823695385363806,11.008574771881104,0.6703673422336578,0.007365213570301421,-218.57137417793274,35.99004718306013,4.0,0.8251323997974396,
652000,855.6329252719879,-201.82558596134186,28.40649918004755,-0.006306448307509216,14.314405155181884,0.6936297535896301,0.00533612537838053,-218.57137417793274,35.99004718306013,4.0,0.8054031074047089,
656000,860.8584933280945,-204.04126501083374,35.8982447188507,-0.003741805659512476,22.791053581237794,0.6841209530830383,0.003748533453443148,-218.57137417793274,35.99004718306013,4.0,0.7779130697250366,
660000,866.0467028617859,-207.37759733200073,37.375309395520226,-0.0038413347400880317,16.385604572296142,0.6794263899326325,0.0041065117256948724,-218.57137417793274,35.99004718306013,4.0,0.7436140894889831,
664000,871.3514614105225,-205.28430771827698,45.195515326513934,-0.004187115986676293,18.879312801361085,0.6770062685012818,0.0038768007012549787,-218.57137417793274,35.99004718306013,4.0,0.8411179661750794,
668000,876.6494779586792,-209.8644392490387,48.39327559913368,-0.005757993194585076,12.779100704193116,0.6515020847320556,0.002960761048234417,-218.57137417793274,35.99004718306013,4.0,0.7780464231967926,
672000,881.9719657897949,-206.9267760515213,37.21996578097833,-0.004254797751006345,20.545909309387206,0.6583424806594849,0.00878844579130722,-218.57137417793274,35.99004718306013,4.0,0.7694292843341828,
676000,887.3219666481018,-207.3034064769745,31.090066740150473,-0.005729640023782867,14.450481700897218,0.5934379756450653,0.00580014405422844,-218.57137417793274,35.99004718306013,4.0,0.7346959412097931,
680000,892.6517465114594,-207.5932421684265,35.93604366435713,-0.005335084175225368,15.351734828948974,0.64832803606987,0.0035773424373473973,-218.57137417793274,35.99004718306013,4.0,0.754161673784256,
684000,904.4919803142548,-207.90817165374756,37.298698699018665,-0.004705736807392291,18.440310192108154,0.6408133149147034,0.005208197739557363,-217.21987419575453,40.12729732524888,4.0,0.8031406402587891,
688000,909.8220548629761,-206.59846115112305,32.891978724346714,-0.004255882329074723,19.060511112213135,0.626749986410141,0.006083906604908406,-217.21987419575453,40.12729732524888,4.0,0.8280029296875,
692000,915.19096159935,-194.7934626340866,33.72496976752761,-0.005142471604514842,16.129927349090575,0.6467083394527435,0.006598822074010968,-217.21987419575453,40.12729732524888,4.0,0.7863218605518341,
696000,920.5046715736389,-204.80988824367523,37.919145721201595,-0.0057708292966708544,16.09091463088989,0.6915194392204285,0.0042329801071900874,-217.21987419575453,40.12729732524888,4.0,0.7806914687156677,
700000,925.8272943496704,-206.3687686920166,39.89507500195535,-0.0036364840244253573,17.957946681976317,0.6961132705211639,0.0035451948503808506,-217.21987419575453,40.12729732524888,4.0,0.771264123916626,
704000,931.0202333927155,-201.28907227516174,39.16657773932966,-0.00397293155376488,17.612249660491944,0.6904685914516449,0.0056331957194488465,-217.21987419575453,40.12729732524888,4.0,0.7601436913013458,
708000,936.3397221565247,-202.2798879146576,38.39738659668394,-0.0035495157593395275,21.832255935668947,0.6784172534942627,0.0031841149476240505,-217.21987419575453,40.12729732524888,4.0,0.7459712505340577,
712000,940.7555692195892,-204.25603246688843,35.523941211045155,-0.003979152567645849,12.651749515533448,0.6235548257827759,0.005400557234374048,-217.21987419575453,40.12729732524888,4.0,0.7996937513351441,
716000,943.7287759780884,-204.13592982292175,39.58281249194575,-0.003618427340795094,14.61749963760376,0.6124669969081878,0.004252633499602476,-217.21987419575453,40.12729732524888,4.0,0.7996277749538422,
720000,946.6387016773224,-203.25330138206482,37.04797376100375,-0.005510301587171895,15.106199169158936,0.6879385590553284,0.005577810306955744,-217.21987419575453,40.12729732524888,4.0,0.8177484571933746,
724000,951.0877392292023,-203.3321452140808,31.77892204915188,-0.004274995961061645,17.263043022155763,0.7107983231544495,0.0031261255558735377,-219.13492915034294,36.1668183358419,4.0,0.7773558735847473,
728000,954.0385918617249,-213.05101776123047,36.45194316178173,-0.003459351390910648,21.43199977874756,0.7144275963306427,0.0027533007378224283,-219.13492915034294,36.1668183358419,4.0,0.8139988541603088,
732000,957.0207095146179,-204.81260561943054,36.741383712375224,-0.0034276715615609633,15.79570426940918,0.642619401216507,0.006019017015583816,-219.13492915034294,36.1668183358419,4.0,0.8493601560592652,
736000,959.993795633316,-203.90060806274414,36.28631561258201,-0.005871102528801853,15.871534729003907,0.6805302679538727,0.0036010473151691256,-219.13492915034294,36.1668183358419,4.0,0.8397691547870636,
740000,962.9576120376587,-204.96847426891327,46.82667797899603,-0.0027033202011562452,20.92685890197754,0.6901465475559234,0.004381879221861418,-219.13492915034294,36.1668183358419,4.0,0.7956670761108399,
744000,965.9158861637115,-198.229106426239,34.903717150385226,-0.004798945324592463,12.905811882019043,0.6877131819725036,0.00640742056684882,-219.13492915034294,36.1668183358419,4.0,0.8759758710861206,
748000,968.8766617774963,-191.6454449892044,29.169759149005813,-0.004508476018983387,17.31759614944458,0.6575561404228211,0.0028864268067991363,-219.13492915034294,36.1668183358419,4.0,0.8613931000232696,
752000,971.8473522663116,-206.88855600357056,32.106730660232984,-0.005547662486399841,14.316265392303468,0.684254264831543,0.0030413850545010666,-219.13492915034294,36.1668183358419,4.0,0.8713250756263733,
756000,974.8021893501282,-211.73475575447083,35.444321343945674,-0.00590159511372137,20.08293285369873,0.6764906883239746,0.003265032915805932,-219.13492915034294,36.1668183358419,4.0,0.788461172580719,
760000,977.8247230052948,-202.02634048461914,30.636838588053315,-0.004263926887302638,15.200878715515136,0.6842025876045227,0.0056927798432298005,-219.13492915034294,36.1668183358419,4.0,0.8594505846500397,
764000,982.1988422870636,-198.41423845291138,31.409346763869202,-0.004503655483655144,8.788444375991821,0.6607495427131653,0.008314578444696963,-213.41872400045395,33.95332677554356,4.0,0.8077641665935517,
768000,985.1214458942413,-204.8385283946991,34.85351340086866,-0.004679497768947233,16.11136112213135,0.6669061422348023,0.0040680219813560735,-213.41872400045395,33.95332677554356,4.0,0.8432314693927765,
772000,987.9349536895752,-200.4245662689209,32.8888547198767,-0.006351770615360408,16.50570764541626,0.6322605729103088,0.00617600527731702,-213.41872400045395,33.95332677554356,4.0,0.8203167915344238,
776000,990.7357037067413,-210.9663121700287,39.2021550008298,-0.004740080546432423,15.652298927307129,0.5625349760055542,0.00620211640780326,-213.41872400045395,33.95332677554356,4.0,0.8570873439311981,
780000,993.5450766086578,-204.15480208396912,33.658612600051505,-0.004493859604544248,15.05881233215332,0.6154011011123657,0.004849823971744627,-213.41872400045395,33.95332677554356,4.0,0.7994936048984528,
784000,996.3447740077972,-199.74062287807465,33.96092639359703,-0.0035725680702986653,12.015000247955323,0.5790690004825592,0.0046135544078424575,-213.41872400045395,33.95332677554356,4.0,0.7964390873908996,
788000,999.1467788219452,-193.63643765449524,30.66329153608556,-0.006831364423114295,9.586354112625122,0.6398653447628021,0.002772902227006857,-213.41872400045395,33.95332677554356,4.0,0.8285996317863464,
792000,1002.1187446117401,-202.86897087097168,35.27684750682733,-0.004662225451475521,16.022948265075684,0.6393618941307068,0.0058457292150706055,-213.41872400045395,33.95332677554356,4.0,0.7692911386489868,
796000,1005.0964257717133,-192.89092242717743,39.376409280741704,-0.0037621455430053353,18.55688066482544,0.5969927489757538,0.003281397893986049,-213.41872400045395,33.95332677554356,4.0,0.7677950084209442,
800000,1008.0811133384705,-198.25806260108948,35.68957243555068,-0.0038347940368112176,15.658534240722656,0.5939513206481933,0.004788381775414274,-213.41872400045395,33.95332677554356,4.0,0.7837562680244445,
804000,1012.5273962020874,-197.24041080474854,32.139794386842524,-0.005142482162996486,15.927566528320312,0.6066325783729554,0.004719536344055086,-210.98944889009,34.86338259078715,4.0,0.8079414427280426,
808000,1015.5048453807831,-195.12673366069794,32.00000272283,-0.004045778152920931,14.645922660827637,0.6268710672855378,0.004392671064124443,-210.98944889009,34.86338259078715,4.0,0.8378149092197418,
812000,1018.4832482337952,-198.00526332855225,30.20173476568916,-0.0059845935549430965,10.198408126831055,0.6221915185451508,0.006595663758344017,-210.98944889009,34.86338259078715,4.0,0.8069120228290558,
816000,1021.4592795372009,-201.57453393936157,32.4622408003084,-0.004878053765821577,14.494588375091553,0.6150236487388611,0.005767055108958985,-210.98944889009,34.86338259078715,4.0,0.7737850844860077,
820000,1024.4119381904602,-206.6706838607788,33.315834323439,-0.005719355423740691,15.316717338562011,0.6614263653755188,0.006322027036376921,-210.98944889009,34.86338259078715,4.0,0.7639961063861846,
824000,1027.3955252170563,-203.31437802314758,29.955852888798926,-0.005972967300874488,11.851218509674073,0.6679966449737549,0.004186973698747654,-210.98944889009,34.86338259078715,4.0,0.8343895316123963,
828000,1030.3827760219574,-199.4902217388153,27.626540016528498,-0.0054786101212568996,8.171811962127686,0.6337932050228119,0.004621909931302071,-210.98944889009,34.86338259078715,4.0,0.8695059299468995,
832000,1033.3540616035461,-198.2361626625061,31.855127660104728,-0.005403375544585298,11.637836933135986,0.6588460326194763,0.0035332801073091114,-210.98944889009,34.86338259078715,4.0,0.8390628874301911,
836000,1036.3534805774689,-203.9188108444214,34.225735624668346,-0.004922317883155003,15.054180431365968,0.6398582339286805,0.006263142341049388,-210.98944889009,34.86338259078715,4.0,0.8494333446025848,
840000,1039.3617358207703,-204.93900907039642,39.883109750807776,-0.005238686543889326,14.0199764251709,0.6348867833614349,0.004769967193715275,-210.98944889009,34.86338259078715,4.0,0.8462081611156463,
844000,1043.8151757717133,-195.55070900917053,33.194518324888094,-0.004892579991448054,12.239329719543457,0.6721361398696899,0.005683587479870767,-211.4630065113306,33.08461661796913,4.0,0.8621500790119171,
848000,1046.7974517345428,-200.77015209197998,28.102388636990153,-0.005119028540716197,10.236228466033936,0.6359858572483063,0.006860360518563535,-211.4630065113306,33.08461661796913,4.0,0.8163874566555023,
852000,1049.7920076847076,-217.62146282196045,37.71384493625412,-0.0045651689252505625,20.621772003173827,0.7103807032108307,0.0057607576018199325,-211.4630065113306,33.08461661796913,4.0,0.733841997385025,
856000,1052.7470302581787,-208.77453756332397,31.513145530222435,-0.0037692677887777525,13.225925540924072,0.6832112967967987,0.003929451123811306,-211.4630065113306,33.08461661796913,4.0,0.792519611120224,
860000,1055.7333407402039,-209.03270173072815,41.33695525772325,-0.0042492037169092,13.504219055175781,0.6669796466827392,0.0034418777211734143,-211.4630065113306,33.08461661796913,4.0,0.7837849438190461,
864000,1058.7512748241425,-202.91429114341736,30.491726605299796,-0.004973733604187203,8.598349142074586,0.6549207687377929,0.004501901107141748,-211.4630065113306,33.08461661796913,4.0,0.769555002450943,
868000,1061.7618715763092,-206.57273054122925,40.43150025840225,-0.004918473221439257,9.725863695144653,0.6934826076030731,0.002562517731439584,-211.4630065113306,33.08461661796913,4.0,0.804510098695755,
872000,1064.7348098754883,-206.1561496257782,40.55418574699625,-0.0035291601182737774,20.534967041015626,0.7645318627357482,0.0033428246737457813,-211.4630065113306,33.08461661796913,4.0,0.745629221200943,
876000,1067.7245965003967,-206.40824604034424,36.24750234020404,-0.0019237050558100766,16.28470735549927,0.7784652948379517,0.003206367781967856,-211.4630065113306,33.08461661796913,4.0,0.7983007252216339,
880000,1070.684850692749,-193.9720242023468,36.56970446066044,-0.006505549501550067,14.66938533782959,0.7644555747509003,0.0028698628724669107,-211.4630065113306,33.08461661796913,4.0,0.7982016384601593,
884000,1075.1132791042328,-196.38148474693298,32.9262184759712,-0.004319740969183172,14.711579704284668,0.7155661344528198,0.0026489497162401677,-205.92799685895443,39.87179409675661,4.0,0.8268800735473633,
888000,1077.952844619751,-204.61827552318573,40.44924408336364,-0.0035790759166896445,16.456724452972413,0.6853860557079315,0.004924080628889582,-205.92799685895443,39.87179409675661,4.0,0.8390494108200073,
892000,1080.7804791927338,-201.87226605415344,29.889917734288673,-0.004903230387562374,10.200676441192627,0.6911631762981415,0.0032637991665978917,-205.92799685895443,39.87179409675661,4.0,0.8167861580848694,
896000,1083.5837144851685,-200.41679906845093,31.36305134092633,-0.004756494271685341,10.91696481704712,0.6926693320274353,0.004990728143641415,-205.92799685895443,39.87179409675661,4.0,0.8195018947124482,
900000,1086.3915565013885,-209.9339221715927,39.03188516748962,-0.00648945177253335,17.690240383148193,0.6657745480537415,0.005523358228926867,-205.92799685895443,39.87179409675661,4.0,0.8022868216037751,
904000,1089.2019894123077,-207.54218411445618,34.33332226104453,-0.0034595583733559197,13.758852577209472,0.5824102818965912,0.005215425903443238,-205.92799685895443,39.87179409675661,4.0,0.8648335814476014,
908000,1091.9957480430603,-211.69151997566223,38.99955795303262,-0.002476183208016014,15.076196384429931,0.6082913041114807,0.006252946227323264,-205.92799685895443,39.87179409675661,4.0,0.88851318359375,
912000,1094.8126776218414,-206.8696093559265,42.247494690144435,-0.004563058696531996,16.33496856689453,0.6398320376873017,0.00444166606167955,-205.92799685895443,39.87179409675661,4.0,0.8222929656505584,
916000,1097.6488733291626,-192.53660428524017,37.01191466209537,-0.005004524552651368,12.400073146820068,0.6715998828411103,0.003825497504556552,-205.92799685895443,39.87179409675661,4.0,0.8440296351909637,
920000,1100.478416442871,-203.61068654060364,30.897984783270886,-0.00720708954256648,11.8667742729187,0.6797967612743377,0.0050382451000235305,-205.92799685895443,39.87179409675661,4.0,0.8718268215656281,
924000,1104.7471220493317,-197.9337182044983,33.056163346743034,-0.003930591791169747,12.572961235046387,0.684757286310196,0.0022168898896779863,-208.11348590999842,33.30911717061999,4.0,0.8527153134346008,
928000,1107.7201702594757,-207.4854063987732,37.376687607946145,-0.00501981016489057,12.614517307281494,0.6735959589481354,0.0024049128300976013,-208.11348590999842,33.30911717061999,4.0,0.8449677288532257,
932000,1110.6965808868408,-200.60697746276855,30.983972851176233,-0.00474468742085934,11.344754219055176,0.7274454295635223,0.0026819579693644125,-208.11348590999842,33.30911717061999,4.0,0.8596064031124115,
936000,1113.5465378761292,-206.84233903884888,38.77547431808388,-0.005302190374039739,12.661759662628175,0.7373059809207916,0.0028555990538734477,-208.11348590999842,33.30911717061999,4.0,0.8530736029148102,
940000,1116.310771226883,-214.98091769218445,37.97919615556562,-0.0036477428443613567,19.177113437652586,0.7067249178886413,0.0034738721093162893,-208.11348590999842,33.30911717061999,4.0,0.8763722896575927,
944000,1119.0968689918518,-206.14375841617584,36.34482459451901,-0.004713550436388036,17.089011573791502,0.6644118666648865,0.0038977112155407665,-208.11348590999842,33.30911717061999,4.0,0.7916816711425781,
948000,1121.867431640625,-206.0354106426239,38.21765984571402,-0.005738460613492258,12.73547306060791,0.6518361091613769,0.0039578079682542015,-208.11348590999842,33.30911717061999,4.0,0.8304353773593902,
952000,1124.6349306106567,-206.31300282478333,36.54034338260367,-0.006265272280201373,13.914675045013428,0.6330312788486481,0.004922430159058422,-208.11348590999842,33.30911717061999,4.0,0.8258575797080994,
956000,1127.4236526489258,-204.74754214286804,38.74409203060308,-0.005392084958769061,13.513151454925538,0.653062504529953,0.005495674245680382,-208.11348590999842,33.30911717061999,4.0,0.8082342624664307,
960000,1130.209424495697,-201.53900504112244,36.17879280101653,-0.006000843341229478,14.885856342315673,0.6873970270156861,0.005191532417666167,-208.11348590999842,33.30911717061999,4.0,0.8080195963382721,
964000,1134.3962404727936,-202.87349700927734,34.83604324468895,-0.006218660854734459,12.028344058990479,0.6559142470359802,0.005186737864278257,-207.47872483730316,33.557748853150976,4.0,0.833821427822113,
968000,1137.2022964954376,-200.30963945388794,37.989691024969254,-0.0031478890231034563,17.16581678390503,0.7097752571105957,0.002939199545653537,-207.47872483730316,33.557748853150976,4.0,0.7995692908763885,
972000,1139.9774622917175,-205.8715226650238,39.263793071753824,-0.00567957779656475,14.138273811340332,0.7221280395984649,0.004013254356686957,-207.47872483730316,33.557748853150976,4.0,0.7820256412029266,
976000,1142.732433795929,-201.75768446922302,33.37711289371394,-0.0067109264871105575,10.553682804107666,0.688208419084549,0.0016051655471480241,-207.47872483730316,33.557748853150976,4.0,0.7055722594261169,
980000,1145.6373932361603,-199.97644090652466,32.512495726462454,-0.0066031903477075105,9.683342552185058,0.6111550092697143,0.005731595331958194,-207.47872483730316,33.557748853150976,4.0,0.7196949601173401,
984000,1148.5836806297302,-204.5006959438324,38.46101996743426,-0.006623910785652676,12.013142395019532,0.6187381982803345,0.004037533873633948,-207.47872483730316,33.557748853150976,4.0,0.8093709886074066,
988000,1151.5464627742767,-198.4885003566742,31.96682850554472,-0.007294066017183143,14.12581663131714,0.6524201571941376,0.004815217447622366,-207.47872483730316,33.557748853150976,4.0,0.7524859368801117,
992000,1154.4974908828735,-210.99361670017242,36.141700574621446,-0.0064411251284182125,10.634707927703857,0.6250293672084808,0.004211955475776153,-207.47872483730316,33.557748853150976,4.0,0.7674625754356384,
996000,1157.4664855003357,-205.64591372013092,40.828299925499614,-0.006360311160019272,10.12021427154541,0.610836261510849,0.004259544440719765,-207.47872483730316,33.557748853150976,4.0,0.7988802015781402,
1000000,1160.444058418274,-206.3224573135376,44.13033282190549,-0.004784977965755388,17.344659423828126,0.5886619210243225,0.0029429737354706555,-207.47872483730316,33.557748853150976,4.0,0.7873888850212097,
1004000,1164.7046954631805,-210.70235419273376,37.520597792242036,-0.0066658213338815385,14.525346660614014,0.5999197244644165,0.0077366725676110805,-207.4669669046998,36.03250155910916,4.0,0.7676352262496948,
1008000,1167.5284650325775,-202.04850912094116,36.17842730037174,-0.005815698195792152,12.316422367095948,0.5723203659057617,0.00094976702821441,-207.4669669046998,36.03250155910916,4.0,0.8160481452941895,
1012000,1170.3430395126343,-206.95352697372437,34.979337310923945,-0.0074040168725575065,16.283557510375978,0.5861412346363067,0.00485405127692502,-207.4669669046998,36.03250155910916,4.0,0.7164614081382752,
1016000,1173.1490881443024,-200.18912148475647,37.03775146717806,-0.005272966019188275,12.358823299407959,0.5668130040168762,0.0032969999010674655,-207.4669669046998,36.03250155910916,4.0,0.7692666888237,
1020000,1175.9627265930176,-204.90238881111145,38.55032802912054,-0.006172219115309474,9.679942607879639,0.5530064523220062,0.006917186375086537,-207.4669669046998,36.03250155910916,4.0,0.7543519675731659,
1024000,1178.866643190384,-210.0586907863617,32.610256486834125,-0.005426824823797994,17.346699523925782,0.5610801160335541,0.0050437987898476425,-207.4669669046998,36.03250155910916,4.0,0.6921009242534637,
1028000,1181.8293821811676,-206.07648730278015,31.689906859865562,-0.00660190632985902,13.301316452026366,0.5969407141208649,0.003921942650806187,-207.4669669046998,36.03250155910916,4.0,0.7543251156806946,
1032000,1184.8078606128693,-204.81279802322388,43.44425000086989,-0.005801885988563305,14.404401779174805,0.6067792117595673,0.0038976390528659977,-207.4669669046998,36.03250155910916,4.0,0.7893832862377167,
1036000,1187.7859723567963,-204.40646052360535,35.90661671528296,-0.007359357457996119,12.17599048614502,0.6008723735809326,0.005008420895319432,-207.4669669046998,36.03250155910916,4.0,0.7485789775848388,
1040000,1190.7971427440643,-200.27819061279297,32.340421318738045,-0.006362949911194527,13.921048259735107,0.5729034304618835,0.008420344581827522,-207.4669669046998,36.03250155910916,4.0,0.8108917832374573,
1044000,1195.1327719688416,-203.5609118938446,31.647241728795827,-0.005969908806650581,12.840670204162597,0.6019608855247498,0.005384019006354113,-207.00924660265446,33.31957079507973,4.0,0.7695504665374756,
1048000,1198.1110146045685,-202.13885641098022,38.60531154608175,-0.005290441023185854,13.776086902618408,0.6235507786273956,0.0023993047361727804,-207.00924660265446,33.31957079507973,4.0,0.7318367302417755,
1052000,1201.0857179164886,-207.74736857414246,33.28130077514793,-0.00566603926755489,14.074387073516846,0.6495049178600312,0.005510122203889,-207.00924660265446,33.31957079507973,4.0,0.7357123553752899,
1056000,1204.0585086345673,-191.6690604686737,31.914273508069837,-0.005395751136044691,10.959128856658936,0.6764048874378205,0.0035052951658144592,-207.00924660265446,33.31957079507973,4.0,0.7628367364406585,
1060000,1207.0357856750488,-196.77770578861237,31.822975136566598,-0.006637819252132182,16.21751651763916,0.6655933797359467,0.007946183177409694,-207.00924660265446,33.31957079507973,4.0,0.7949073731899261,
1064000,1210.0247201919556,-193.67294788360596,31.282487820103313,-0.0066472618485179606,11.430461215972901,0.6757734537124633,0.005443351196513202,-207.00924660265446,33.31957079507973,4.0,0.7304943680763245,
1068000,1212.9994022846222,-197.50863194465637,33.26626646541844,-0.006967404312531756,10.299404764175415,0.6401897072792053,0.006975053192581982,-207.00924660265446,33.31957079507973,4.0,0.6931549787521363,
1072000,1215.9716589450836,-194.31411862373352,31.08254263175717,-0.004681825657840833,12.605464267730714,0.6708431899547577,0.005806135091348574,-207.00924660265446,33.31957079507973,4.0,0.7289866268634796,
1076000,1218.9532990455627,-202.40989565849304,31.802445113742017,-0.005893144935369498,13.399818706512452,0.6778474867343902,0.006070313676182802,-207.00924660265446,33.31957079507973,4.0,0.7350888133049012,
1080000,1221.9192588329315,-196.87988018989563,36.86840570893427,-0.004788127470606263,16.51813726425171,0.6863270938396454,0.004600513522746041,-207.00924660265446,33.31957079507973,4.0,0.6991172194480896,
1084000,1226.1902256011963,-199.82385444641113,28.14408734382181,-0.006226357374573155,12.068511295318604,0.6889221131801605,0.005061276762746303,-208.2760273963213,29.540890089612336,4.0,0.7658602714538574,
1088000,1229.1493198871613,-198.30782890319824,33.552014934661585,-0.005917979023729769,17.000931453704833,0.6889055490493774,0.00284148670244031,-208.2760273963213,29.540890089612336,4.0,0.6959362804889679,
1092000,1232.1329634189606,-196.08482217788696,32.86058484209692,-0.0064234126573428085,12.647612857818604,0.7003873705863952,0.003098744993621949,-208.2760273963213,29.540890089612336,4.0,0.6753734469413757,
1096000,1235.1041369438171,-195.3222632408142,31.962418708797294,-0.006060080214558794,14.293355560302734,0.7070747256278992,0.005788213503547013,-208.2760273963213,29.540890089612336,4.0,0.6904519855976105,
1100000,1238.0861444473267,-209.2439522743225,32.699588528213845,-0.005584101959830168,13.034477615356446,0.69740070104599,0.004246633153525181,-208.2760273963213,29.540890089612336,4.0,0.7076342582702637,
1104000,1241.0643079280853,-207.480211019516,36.644558415203214,-0.005208164911173796,18.55397319793701,0.662548440694809,0.004655795445432887,-208.2760273963213,29.540890089612336,4.0,0.7084713459014893,
1108000,1244.0421619415283,-205.66551303863525,34.80892929957995,-0.005464404067800732,18.622913074493407,0.7057007491588593,0.002977984261815436,-208.2760273963213,29.540890089612336,4.0,0.6961568534374237,
1112000,1246.899185180664,-208.91076803207397,40.105999948766225,-0.006004792030047046,16.627585792541502,0.6832909107208252,0.0071753797121345995,-208.2760273963213,29.540890089612336,4.0,0.6663984000682831,
1116000,1249.71799659729,-210.0986204147339,38.16028469625318,-0.006309081316459952,14.832556247711182,0.7001657009124755,0.005399229080649093,-208.2760273963213,29.540890089612336,4.0,0.5736397683620453,
1120000,1252.6662409305573,-195.14824557304382,31.524690496646475,-0.00570322390249931,14.65571174621582,0.700553584098816,0.0025280855337769027,-208.2760273963213,29.540890089612336,4.0,0.5816951751708984,
1124000,1257.0435626506805,-198.09921097755432,31.380385932762643,-0.005901637975359364,20.730098533630372,0.7285097420215607,0.003789822255804531,-201.31163685023785,29.760585938001544,4.0,0.573662132024765,
1128000,1260.0379528999329,-210.5522906780243,33.503535614104436,-0.0052815871488613554,17.694214248657225,0.6756295919418335,0.004570528644602767,-201.31163685023785,29.760585938001544,4.0,0.5968024492263794,
1132000,1263.0268726348877,-202.10662305355072,36.79772790650076,-0.005515090068802219,14.10491304397583,0.6326918363571167,0.0018021165050643884,-201.31163685023785,29.760585938001544,4.0,0.6065862298011779,
1136000,1266.0041718482971,-206.69252932071686,41.05109052600601,-0.0074444038026655725,13.225342845916748,0.6362554967403412,0.004618982091740087,-201.31163685023785,29.760585938001544,4.0,0.6086510300636292,
1140000,1269.0071454048157,-202.9787998199463,37.579259134617615,-0.007633058133379889,10.907723236083985,0.6728473365306854,0.005481290541123629,-201.31163685023785,29.760585938001544,4.0,0.5878499448299408,
1144000,1272.0044910907745,-192.44022166728973,38.0853959474029,-0.005407504435395794,12.784280967712402,0.6481780290603638,0.0040929964103270326,-201.31163685023785,29.760585938001544,4.0,0.6039397954940796,
1148000,1274.9986057281494,-193.71609699726105,36.83592842528352,-0.0062996679235560295,13.70583610534668,0.6623323321342468,0.004924393389956094,-201.31163685023785,29.760585938001544,4.0,0.6072331249713898,
1152000,1278.0054879188538,-205.4250819683075,41.940567614534466,-0.005006999998159412,19.490043258666994,0.7335227131843567,0.004703868829024338,-201.31163685023785,29.760585938001544,4.0,0.6288498759269714,
1156000,1280.9765453338623,-199.8542606830597,28.763119646963407,-0.005738493433066871,13.626287746429444,0.6725704431533813,0.0025556003787399638,-201.31163685023785,29.760585938001544,4.0,0.5385838806629181,
1160000,1283.791365146637,-197.7403838634491,35.8021160936267,-0.0054308343871573685,17.51029806137085,0.6720346331596374,0.0026741761715772584,-201.31163685023785,29.760585938001544,4.0,0.6150089085102082,
1164000,1288.0479702949524,-201.84828174114227,40.60512206785317,-0.006931280535024897,19.616089057922363,0.6834802985191345,0.004847461052859823,-211.1734298467636,37.67366988599723,4.0,0.6147932827472686,
1168000,1291.0194704532623,-197.8320208787918,33.61796030039957,-0.006452321728303545,14.127295589447021,0.7110704362392426,0.0037551124056335538,-211.1734298467636,37.67366988599723,4.0,0.6115781605243683,
1172000,1294.0583698749542,-205.72603964805603,42.21772803960888,-0.003980687152982387,20.69166831970215,0.6420747995376587,0.0019131707806081977,-211.1734298467636,37.67366988599723,4.0,0.590675950050354,
1176000,1297.0629661083221,-197.02020251750946,35.17770839942973,-0.006240092395804808,18.043370056152344,0.667965704202652,0.007131980007397942,-211.1734298467636,37.67366988599723,4.0,0.6049548387527466,
1180000,1300.0557136535645,-201.35870349407196,33.86351464702462,-0.006135956496233242,15.428595542907715,0.676533716917038,0.003263454040279612,-211.1734298467636,37.67366988599723,4.0,0.5624190926551819,
1184000,1303.0038590431213,-198.25787615776062,33.43728077649241,-0.007083743878795445,18.552931308746338,0.6875116646289825,0.004034812218742445,-211.1734298467636,37.67366988599723,4.0,0.5652548789978027,
1188000,1305.976871728897,-197.38842058181763,35.93697554782259,-0.005683310030416245,12.971057033538818,0.6348464131355286,0.0033149534312542526,-211.1734298467636,37.67366988599723,4.0,0.6298684060573578,
1192000,1308.954350233078,-200.44755578041077,36.24991897356734,-0.0077484041123340505,12.387067127227784,0.6460314214229583,0.0074077192592279404,-211.1734298467636,37.67366988599723,4.0,0.5867842495441437,
1196000,1311.9345018863678,-192.97340965270996,32.64279323150382,-0.004807493103823335,24.439738082885743,0.6556095838546753,0.006556203147920314,-211.1734298467636,37.67366988599723,4.0,0.5951747477054596,
1200000,1314.9089050292969,-192.570307970047,28.826382472020256,-0.005403595290457197,16.793056297302247,0.6744187772274017,0.0030154313339153306,-211.1734298467636,37.67366988599723,4.0,0.5695820808410644,
1204000,1319.3326742649078,-202.62974977493286,35.04254460611978,-0.007424444002875408,13.948432064056396,0.6782191753387451,0.006947003019740805,-209.31830586493015,30.67073895233933,4.0,0.53788982629776,
1208000,1322.3475215435028,-205.95934748649597,37.87981693238687,-0.006041335881687715,21.544009017944337,0.6814274489879608,0.0035073792125331236,-209.31830586493015,30.67073895233933,4.0,0.548252809047699,
1212000,1325.3305547237396,-206.24535703659058,48.07480407690705,-0.004458278837458552,23.506702995300294,0.6198022127151489,0.0030877504002613243,-209.31830586493015,30.67073895233933,4.0,0.572999769449234,
1216000,1328.3081586360931,-204.85989034175873,37.11996900533208,-0.005148321682160351,15.429113483428955,0.6048058927059173,0.002788883710988266,-209.31830586493015,30.67073895233933,4.0,0.5252611398696899,
1220000,1331.2944123744965,-205.66434121131897,47.37801648320958,-0.005324035186669818,24.368196105957033,0.6692504048347473,0.003411027733430577,-209.31830586493015,30.67073895233933,4.0,0.5629710376262664,
1224000,1334.2722470760345,-206.76973485946655,37.83743424474515,-0.006198265473979258,15.445045757293702,0.6773329734802246,0.004280331528570968,-209.31830586493015,30.67073895233933,4.0,0.528310239315033,
1228000,1337.2462785243988,-203.3412321805954,36.94201244009548,-0.006501877166951786,16.168742752075197,0.6762759745121002,0.0049427694641053675,-209.31830586493015,30.67073895233933,4.0,0.5649934709072113,
1232000,1340.23383975029,-200.78196501731873,40.712717650643604,-0.005254970422402661,20.211304664611816,0.6976806581020355,0.004230418949426773,-209.31830586493015,30.67073895233933,4.0,0.5089254677295685,
1236000,1343.2212266921997,-201.09106278419495,31.940178479997368,-0.004629424378275892,16.81937704086304,0.6969094038009643,0.0029896875625757603,-209.31830586493015,30.67073895233933,4.0,0.5024227857589721,
1240000,1346.2086374759674,-204.34322011470795,35.81705971832954,-0.0050847635664977185,17.546318435668944,0.7216945946216583,0.0030545503250323236,-209.31830586493015,30.67073895233933,4.0,0.5338224649429322,
1244000,1350.5708374977112,-213.84895777702332,39.29265390212749,-0.00689268150397887,16.930900669097902,0.6918907642364502,0.0018420940604216118,-211.04771906137466,36.5672064024999,4.0,0.4947078049182892,
1248000,1353.5473527908325,-204.76666474342346,36.860525564041914,-0.005846538326858231,18.228618907928468,0.7329203069210053,0.004679537464709327,-211.04771906137466,36.5672064024999,4.0,0.492810320854187,
1252000,1356.5136351585388,-195.69417309761047,31.052359874464024,-0.00683037438988685,20.07242069244385,0.6898177623748779,0.0036334181095298845,-211.04771906137466,36.5672064024999,4.0,0.5591525971889496,
1256000,1359.477641582489,-202.10667085647583,36.44281826891214,-0.006487593460750496,18.540045261383057,0.7186655163764953,0.002862275610095821,-211.04771906137466,36.5672064024999,4.0,0.5172252595424652,
1260000,1362.4457895755768,-206.39036464691162,34.43139850431523,-0.006222940797374265,16.31947479248047,0.7120035529136658,0.0035394436767091975,-211.04771906137466,36.5672064024999,4.0,0.5086529374122619,
1264000,1365.4290385246277,-197.5371129512787,38.11772731978185,-0.004971037914976506,15.577333641052245,0.762395852804184,0.005437771219294518,-211.04771906137466,36.5672064024999,4.0,0.5655069708824157,
1268000,1368.379152059555,-196.96376633644104,31.15786334750706,-0.00859388234450793,17.42063045501709,0.8142125368118286,0.005801452382002026,-211.04771906137466,36.5672064024999,4.0,0.49023483097553255,
1272000,1371.3514878749847,-197.32387602329254,32.055754098956804,-0.007517138833180059,14.520638275146485,0.7991107344627381,0.005246665077538637,-211.04771906137466,36.5672064024999,4.0,0.5159271717071533,
1276000,1374.3086833953857,-199.5586018562317,26.816576503373657,-0.008162197255995096,11.324575233459473,0.7712278544902802,0.005969771533428392,-211.04771906137466,36.5672064024999,4.0,0.4654757618904114,
1280000,1377.182448387146,-199.50091934204102,39.45348627744245,-0.007486348464774561,25.24332962036133,0.7723559200763702,0.004549333687328438,-211.04771906137466,36.5672064024999,4.0,0.5600950658321381,
1284000,1381.4368832111359,-206.1962194442749,34.43068770574818,-0.0067257943805307365,19.008283042907713,0.7800372123718262,0.00418135643703863,-205.81893191486597,40.90578306511123,4.0,0.48843984603881835,
1288000,1384.426320552826,-211.01137614250183,33.94688205355556,-0.005739308408616672,21.815782356262208,0.7434939384460449,0.005841287900693715,-205.81893191486597,40.90578306511123,4.0,0.5267708361148834,
1292000,1387.3904502391815,-202.12079286575317,35.08532537960679,-0.006760760043902936,24.377860641479494,0.7281619071960449,0.0032786979572847486,-205.81893191486597,40.90578306511123,4.0,0.5982355773448944,
1296000,1390.3793427944183,-197.03398072719574,37.61902860076816,-0.005829173265878751,26.526717567443846,0.7269801378250123,0.00675469416892156,-205.81893191486597,40.90578306511123,4.0,0.5298344314098358,
1300000,1393.3613653182983,-194.5495045185089,36.15497148631085,-0.005510899390171531,18.680112075805663,0.7679655313491821,0.0032996083990826097,-205.81893191486597,40.90578306511123,4.0,0.5992340862751007,
1304000,1396.3385157585144,-198.96831917762756,28.260920352250974,-0.007903512910474086,15.47972412109375,0.789695531129837,0.0038628950715065002,-205.81893191486597,40.90578306511123,4.0,0.5186863362789154,
1308000,1399.321308851242,-188.14690399169922,31.709533794223972,-0.006569619336631138,14.43833656311035,0.8176744997501373,0.00237559057214336,-205.81893191486597,40.90578306511123,4.0,0.5094618916511535,
1312000,1402.3070559501648,-195.45612573623657,32.54358498266409,-0.004571088765127129,25.17124137878418,0.8108029842376709,0.0032263729662323827,-205.81893191486597,40.90578306511123,4.0,0.4706690967082977,
1316000,1405.2973551750183,-204.5194239616394,34.8797079653094,-0.00485387740144505,22.65453815460205,0.7276897847652435,0.002869198035458531,-205.81893191486597,40.90578306511123,4.0,0.5226379573345185,
1320000,1408.286423444748,-195.76009273529053,30.346423905790214,-0.005744754966736476,17.069661235809328,0.7377576172351837,0.002266038798114703,-205.81893191486597,40.90578306511123,4.0,0.5043338179588318,
1324000,1412.6111962795258,-197.65495467185974,28.460265676018707,-0.006349960627034301,18.653199672698975,0.7251653909683228,0.003916754233068786,-212.81233038008213,35.958948245062636,4.0,0.5462646961212159,
1328000,1415.5846002101898,-202.94222474098206,38.59563777431903,-0.00780762911044679,23.173173332214354,0.7513210058212281,0.002423104134291254,-212.81233038008213,35.958948245062636,4.0,0.5506373763084411,
1332000,1418.5409212112427,-205.16723811626434,39.740966578359426,-0.006575333531790723,19.453361129760744,0.7068215548992157,0.004411257184692663,-212.81233038008213,35.958948245062636,4.0,0.5441173613071442,
1336000,1421.5003383159637,-201.97106647491455,39.224932879874345,-0.008943140260719984,20.884787940979002,0.7424531698226928,0.007041956783815628,-212.81233038008213,35.958948245062636,4.0,0.5279098451137543,
1340000,1424.3904476165771,-200.56302952766418,40.124761322882165,-0.008014039059014367,30.297666358947755,0.7309114336967468,0.004640448823920451,-212.81233038008213,35.958948245062636,4.0,0.5448177874088287,
1344000,1427.3592495918274,-205.51888942718506,34.89076128597921,-0.0063534468095749475,23.853666877746583,0.6821955680847168,0.004287785851008597,-212.81233038008213,35.958948245062636,4.0,0.5274382531642914,
1348000,1430.3455638885498,-205.73177337646484,35.73431816984765,-0.004761580265282372,30.41860637664795,0.6985383749008178,0.0029290450238234735,-212.81233038008213,35.958948245062636,4.0,0.5380072295665741,
1352000,1433.3018369674683,-208.71262574195862,35.429382089004825,-0.007189083483846259,20.6986385345459,0.669485193490982,0.0059814605017891155,-212.81233038008213,35.958948245062636,4.0,0.4990169107913971,
1356000,1436.282113313675,-199.93476796150208,38.82818146215415,-0.006605769913022719,21.29747943878174,0.6899273991584778,0.0046516447479759025,-212.81233038008213,35.958948245062636,4.0,0.5445356965065002,
1360000,1439.289094209671,-198.87319767475128,40.94257880952096,-0.006583185175588979,22.2523983001709,0.666639530658722,0.002529831134384343,-212.81233038008213,35.958948245062636,4.0,0.502241462469101,
1364000,1443.6319787502289,-208.63523817062378,49.708758684457194,-0.005102826458052689,29.153569984436036,0.6503270447254181,0.003777545422703632,-217.43403586745262,48.6690427766514,4.0,0.5283566653728485,
1368000,1446.462013721466,-208.87554693222046,37.376199502908875,-0.0059852186967617625,24.288246726989748,0.7003585577011109,0.0034809375615053374,-217.43403586745262,48.6690427766514,4.0,0.4862454205751419,
1372000,1449.2690608501434,-204.75971460342407,34.968799813740766,-0.0060417770531493884,31.280711936950684,0.6853043019771576,0.006615634335321374,-217.43403586745262,48.6690427766514,4.0,0.5281217157840729,
1376000,1452.0744404792786,-189.58537888526917,34.40819927670033,-0.007441857722587919,24.508904266357423,0.6674358189105988,0.005268839723430574,-217.43403586745262,48.6690427766514,4.0,0.5049735903739929,
1380000,1454.885139465332,-202.44872570037842,38.380875443340116,-0.006369678154277303,24.550990676879884,0.628418606519699,0.0030885144078638405,-217.43403586745262,48.6690427766514,4.0,0.47802182137966154,
1384000,1457.6936173439026,-203.41259014606476,38.15390921180041,-0.006130455227956766,29.97106018066406,0.633215457201004,0.005158957268577069,-217.43403586745262,48.6690427766514,4.0,0.5337711274623871,
1388000,1460.519995212555,-196.1749130487442,32.4001619023731,-0.00699033889717735,22.149581909179688,0.6429733753204345,0.005845273445447674,-217.43403586745262,48.6690427766514,4.0,0.5075033843517304,
1392000,1463.3299367427826,-205.0328884124756,38.23773686401343,-0.004837104782268087,27.98960075378418,0.6790558695793152,0.002177515019138809,-217.43403586745262,48.6690427766514,4.0,0.5013077288866044,
1396000,1466.1604237556458,-189.2737021446228,32.7774728661488,-0.006361140590316339,27.38441734313965,0.7184752941131591,0.005304322852093435,-217.43403586745262,48.6690427766514,4.0,0.5693574368953704,
1400000,1468.96577334404,-201.58725762367249,36.21267558559383,-0.0053643969297409114,24.359447479248047,0.6569026947021485,0.003442151378102931,-217.43403586745262,48.6690427766514,4.0,0.513227105140686,
1404000,1473.1116647720337,-205.55392253398895,40.4699642730803,-0.005744434301663803,34.47998905181885,0.6835131585597992,0.004410982687453125,-215.2612881436944,47.201476226046466,4.0,0.5142008423805237,
1408000,1476.0435976982117,-199.58015036582947,35.7715085993267,-0.0063498686640523164,17.79907569885254,0.6941796660423278,0.0074960820104849725,-215.2612881436944,47.201476226046466,4.0,0.48235231935977935,
1412000,1478.985549211502,-201.7119346857071,36.745699831131375,-0.006987392735512188,20.71071376800537,0.6326195240020752,0.007948081148788333,-215.2612881436944,47.201476226046466,4.0,0.4574411749839783,
1416000,1481.9370186328888,-208.9830697774887,38.31027483972329,-0.0056774764608902295,32.83776721954346,0.6501037180423737,0.00758649276685901,-215.2612881436944,47.201476226046466,4.0,0.48815923035144804,
1420000,1484.9077978134155,-202.8182897567749,36.44507398239275,-0.00528817884996533,34.12233009338379,0.6238254725933075,0.004771218518726528,-215.2612881436944,47.201476226046466,4.0,0.5023174524307251,
1424000,1487.8878555297852,-209.49860787391663,36.34542891512315,-0.006731814135952563,27.216590118408202,0.6527932465076447,0.005125398219951105,-215.2612881436944,47.201476226046466,4.0,0.47318331599235536,
1428000,1490.8601920604706,-187.67156434059143,33.657759369693444,-0.007087363957737925,20.761713790893555,0.5999737679958344,0.007510973524767905,-215.2612881436944,47.201476226046466,4.0,0.4997296631336212,
1432000,1493.8037638664246,-207.45817732810974,37.51663939502482,-0.006911512408716014,25.026975059509276,0.6454818248748779,0.006155367244035048,-215.2612881436944,47.201476226046466,4.0,0.454494246840477,
1436000,1496.7742056846619,-202.17954444885254,34.53180269983775,-0.00710483857492612,24.31697025299072,0.6365190267562866,0.004589481733273715,-215.2612881436944,47.201476226046466,4.0,0.4861250579357147,
1440000,1499.7462811470032,-205.27015626430511,48.08281646512551,-0.004946430431756532,40.244658660888675,0.6582195699214936,0.0021138380681804845,-215.2612881436944,47.201476226046466,4.0,0.43931451439857483,
1444000,1504.0450451374054,-209.6501338481903,45.13818787370054,-0.006642550445394591,33.41794986724854,0.6938538968563079,0.0032338268647436053,-214.6839141175151,36.332563030303525,4.0,0.43611298501491547,
1448000,1507.0061914920807,-196.34024965763092,34.361529715614815,-0.006024566287174826,22.460005378723146,0.5913015365600586,0.004095210153648332,-214.6839141175151,36.332563030303525,4.0,0.4788670718669891,
1452000,1509.9631185531616,-201.242778301239,44.034170035720734,-0.0063618342544262685,25.318450355529784,0.6290619015693665,0.00445380607882786,-214.6839141175151,36.332563030303525,4.0,0.46730182468891146,
1456000,1512.9397404193878,-204.94067573547363,39.60071716697971,-0.006815247090533383,23.733295249938966,0.6513883769512177,0.0036612084513762966,-214.6839141175151,36.332563030303525,4.0,0.425442510843277,
1460000,1515.91211271286,-199.16210985183716,39.57868101806891,-0.006072747079189878,24.639409637451173,0.6773935556411743,0.005491821035044264,-214.6839141175151,36.332563030303525,4.0,0.46923168897628786,
1464000,1518.8841893672943,-193.8135426044464,35.1553820350504,-0.006408489828696418,28.891299438476562,0.6501491129398346,0.004418818498379551,-214.6839141175151,36.332563030303525,4.0,0.4912735134363174,
1468000,1521.882487297058,-192.85472333431244,38.01594039585343,-0.006635524093794309,22.896648597717284,0.6759232461452485,0.009315755845668416,-214.6839141175151,36.332563030303525,4.0,0.47912358343601225,
1472000,1524.8437416553497,-200.89559078216553,50.162902457926236,-0.003944076991368406,42.941932678222656,0.6145325660705566,0.004053593380376697,-214.6839141175151,36.332563030303525,4.0,0.44219971299171446,
1476000,1527.8142714500427,-193.5135692358017,33.392926615592806,-0.007721298434616308,24.592371940612793,0.6736231505870819,0.004497356426145416,-214.6839141175151,36.332563030303525,4.0,0.44029843509197236,
1480000,1530.7694375514984,-198.38387787342072,33.483955805207096,-0.007951001126163959,18.02213373184204,0.6575635433197021,0.006832620507533083,-214.6839141175151,36.332563030303525,4.0,0.4372405380010605,
1484000,1535.0581104755402,-196.0050743818283,26.85884875739384,-0.006287059491345048,23.877730751037596,0.6179743945598603,0.004213450043062039,-217.75611206889153,36.45341015420585,4.0,0.43806013464927673,
1488000,1538.019458770752,-205.68502116203308,41.161408423437905,-0.00670795974461349,17.4501708984375,0.5949722111225129,0.004674886784050614,-217.75611206889153,36.45341015420585,4.0,0.4093084990978241,
1492000,1540.9906163215637,-201.8522628545761,36.48805047310514,-0.007733888771229713,18.213648986816406,0.568132895231247,0.004507884634222137,-217.75611206889153,36.45341015420585,4.0,0.41549995839595794,
1496000,1543.9660139083862,-205.4182584285736,37.094899502736794,-0.005837574038732108,20.214230155944826,0.5604177355766297,0.0031680885819175943,-217.75611206889153,36.45341015420585,4.0,0.398794150352478,
1500000,1546.9224994182587,-200.55651140213013,35.44834633724816,-0.0076787235555238805,12.156747722625733,0.5532195508480072,0.009360733535140752,-217.75611206889153,36.45341015420585,4.0,0.4332687437534332,
1504000,1549.8965864181519,-206.81387448310852,41.078816900593004,-0.005393820139967609,21.13643569946289,0.5260717749595643,0.004778969041944947,-217.75611206889153,36.45341015420585,4.0,0.446729975938797,
1508000,1552.8985452651978,-204.9263255596161,35.24729699182258,-0.008098851192897804,20.49315299987793,0.5826203942298889,0.004051259136758745,-217.75611206889153,36.45341015420585,4.0,0.46757590472698213,
1512000,1555.8931167125702,-207.6023256778717,38.30954236554759,-0.0066155847562477275,23.332755470275877,0.5891346037387848,0.0050219492355827455,-217.75611206889153,36.45341015420585,4.0,0.4497878611087799,
1516000,1558.8894543647766,-207.52509808540344,40.56158937000755,-0.007312681955130129,16.128837490081786,0.5803564727306366,0.0010066150045798584,-217.75611206889153,36.45341015420585,4.0,0.3877791345119476,
1520000,1561.8702499866486,-207.5221734046936,32.36439302768748,-0.006703995555794507,17.095421028137206,0.5230613648891449,0.005447584447101672,-217.75611206889153,36.45341015420585,4.0,0.4014683336019516,
1524000,1566.2305533885956,-195.19891095161438,38.69199008245712,-0.0059121550595543585,27.539809799194337,0.552957808971405,0.0026047728941193784,-219.21613340079784,37.4455941089177,4.0,0.38559322655200956,
1528000,1569.2126247882843,-201.95698070526123,43.03910510083509,-0.005712527753552443,32.12621669769287,0.5723610937595367,0.0028440468835178923,-219.21613340079784,37.4455941089177,4.0,0.3914948612451553,
1532000,1572.208009004593,-206.0411560535431,37.537753326256805,-0.007047213637580496,23.48162670135498,0.5943195283412933,0.0078059644321911035,-219.21613340079784,37.4455941089177,4.0,0.3509126573801041,
1536000,1575.1879646778107,-204.0517930984497,37.860759593542134,-0.005876208924222759,26.86055793762207,0.540598738193512,0.002915047264192261,-219.21613340079784,37.4455941089177,4.0,0.3566460132598877,
1540000,1578.1905298233032,-209.99995923042297,38.39875900808911,-0.005970389853852431,25.865161514282228,0.5893487274646759,0.006224038050277159,-219.21613340079784,37.4455941089177,4.0,0.37725925743579863,
1544000,1581.1919620037079,-209.03792583942413,34.380752830726216,-0.005368850974055661,28.748303985595705,0.525623494386673,0.002968397618678864,-219.21613340079784,37.4455941089177,4.0,0.3535856634378433,
1548000,1584.2397463321686,-210.026273727417,41.943627612737245,-0.005605338535659632,39.571280288696286,0.5359727799892425,0.0032000618616293665,-219.21613340079784,37.4455941089177,4.0,0.3494580626487732,
1552000,1587.2250428199768,-196.3534529209137,33.05162293824323,-0.006319393777598936,27.58686294555664,0.530199545621872,0.0038650930422591046,-219.21613340079784,37.4455941089177,4.0,0.3861399978399277,
1556000,1590.209617137909,-202.68873405456543,32.670581950765865,-0.008077844588706907,14.413493824005126,0.5294342696666717,0.006657915186447383,-219.21613340079784,37.4455941089177,4.0,0.3507641524076462,
1560000,1593.1415610313416,-209.99148440361023,38.94518490209229,-0.008052527423327138,15.215655040740966,0.5306703448295593,0.007994065454113297,-219.21613340079784,37.4455941089177,4.0,0.3620252013206482,
1564000,1597.334398984909,-214.88694548606873,42.25017696470283,-0.006557202114568383,23.969778060913086,0.551332026720047,0.008130600061966132,-212.82599726319313,49.80560889072467,4.0,0.350347900390625,
1568000,1600.1803810596466,-211.53287768363953,48.548235949823294,-0.006549297495900363,27.190053749084473,0.5597644984722138,0.005001970994635485,-212.82599726319313,49.80560889072467,4.0,0.37297146320343016,
1572000,1603.015268087387,-209.7455620765686,40.03251570873955,-0.0062467153149967395,25.870541191101076,0.5848948717117309,0.004603931761812419,-212.82599726319313,49.80560889072467,4.0,0.3245094150304794,
1576000,1605.8488562107086,-193.14583706855774,34.60687721716148,-0.006015401920148466,23.651927757263184,0.5635482251644135,0.0032244420734059533,-212.82599726319313,49.80560889072467,4.0,0.37078248262405394,
1580000,1608.7013027668,-206.07228207588196,32.80859761649398,-0.005536831774360795,24.971725273132325,0.6212198257446289,0.005739936169198145,-212.82599726319313,49.80560889072467,4.0,0.34666902124881743,
1584000,1611.6035823822021,-207.53963840007782,41.741733137423594,-0.008069573468218216,19.81579761505127,0.6253166139125824,0.007330525570432655,-212.82599726319313,49.80560889072467,4.0,0.38691049814224243,
1588000,1614.5528538227081,-210.59004521369934,53.855997145754635,-0.005450501247930051,17.9781756401062,0.6173044383525849,0.00408514206064865,-212.82599726319313,49.80560889072467,4.0,0.3349344521760941,
1592000,1617.3791844844818,-209.31108951568604,39.07817229015081,-0.005039113613466423,21.68045997619629,0.5818745255470276,0.006305857497500256,-212.82599726319313,49.80560889072467,4.0,0.3734290271997452,
1596000,1620.229740858078,-202.5076483488083,35.40614395146089,-0.0063620154987244605,23.622966384887697,0.5949861347675324,0.004911596071906388,-212.82599726319313,49.80560889072467,4.0,0.36082257330417633,
1600000,1623.0851657390594,-212.27344632148743,35.50183959485878,-0.0063328089468800645,31.588680267333984,0.6457169532775879,0.005702601146185771,-212.82599726319313,49.80560889072467,4.0,0.36158050000667574,
1604000,1627.288922071457,-211.4235190153122,37.86688890711013,-0.008774027125754813,19.249788284301758,0.5919199407100677,0.010453256982999547,-221.72340565919876,52.07217060769934,4.0,0.34269033968448637,
1608000,1630.1217112541199,-199.10523426532745,35.68691517550546,-0.007365009548453117,19.030278301239015,0.5985460638999939,0.004151110479452958,-221.72340565919876,52.07217060769934,4.0,0.38813655376434325,
1612000,1633.1055979728699,-205.1329391002655,37.86411104123496,-0.006704592789368124,29.09137840270996,0.5829361259937287,0.010699403891339897,-221.72340565919876,52.07217060769934,4.0,0.34674849212169645,
1616000,1636.0891983509064,-193.82134997844696,37.84987907349973,-0.007749527121583455,17.75203342437744,0.592012619972229,0.007119675144941251,-221.72340565919876,52.07217060769934,4.0,0.35724391639232633,
1620000,1639.0894227027893,-203.33332467079163,34.59852885039067,-0.006874481320070713,28.173423194885252,0.64903045296669,0.006764496903866535,-221.72340565919876,52.07217060769934,4.0,0.41036486327648164,
1624000,1642.071579694748,-202.24093770980835,39.87262638007133,-0.007014436214541397,20.512018585205077,0.6083834826946258,0.005433836408735538,-221.72340565919876,52.07217060769934,4.0,0.3817920178174973,
1628000,1645.05397605896,-199.71066629886627,32.38240360674175,-0.007224961447141442,21.53592891693115,0.6685848534107208,0.00630891677353067,-221.72340565919876,52.07217060769934,4.0,0.378171044588089,
1632000,1648.0451753139496,-208.5761411190033,43.000326748306975,-0.006674730737693579,31.325365829467774,0.6661170840263366,0.006341061696720623,-221.72340565919876,52.07217060769934,4.0,0.3549298673868179,
1636000,1651.0310065746307,-209.45052123069763,39.72272545258828,-0.005044731104668809,31.260623931884766,0.6061211585998535,0.0048667602715237734,-221.72340565919876,52.07217060769934,4.0,0.39241560399532316,
1640000,1654.021239042282,-200.34893822669983,40.74981507258748,-0.0074141708419968476,24.64251575469971,0.6817679584026337,0.0043419350712404995,-221.72340565919876,52.07217060769934,4.0,0.4155517280101776,
1644000,1658.3624370098114,-205.95694041252136,42.22013706047422,-0.007153251693273588,25.208249473571776,0.6738161563873291,0.004477898888763487,-217.27816901355982,37.37463565278361,4.0,0.4243873327970505,
1648000,1661.336006641388,-202.96835732460022,31.179246908750265,-0.007031466864282266,25.746327590942382,0.6757392466068268,0.005705342395231128,-217.27816901355982,37.37463565278361,4.0,0.4482661634683609,
1652000,1664.28875041008,-196.90731978416443,33.98001422754979,-0.006735145483398775,21.867486190795898,0.659194540977478,0.0048147168915020355,-217.27816901355982,37.37463565278361,4.0,0.3873422026634216,
1656000,1667.2562515735626,-202.36150538921356,37.71226352047174,-0.007190767578470214,17.05767183303833,0.6810221314430237,0.005013711144992472,-217.27816901355982,37.37463565278361,4.0,0.38779181241989136,
1660000,1670.2197630405426,-208.7195851802826,46.11873330545573,-0.006923041299761579,20.059382820129393,0.6461913406848907,0.0032780439483079517,-217.27816901355982,37.37463565278361,4.0,0.3434035360813141,
1664000,1673.1958782672882,-195.19880366325378,36.52869756614404,-0.006280572512497506,19.738149642944336,0.6141014635562897,0.003155318074277602,-217.27816901355982,37.37463565278361,4.0,0.4166483223438263,
1668000,1676.2040383815765,-199.61761331558228,33.72824828799553,-0.00847479144080232,19.492028045654298,0.6848311185836792,0.007522173941833898,-217.27816901355982,37.37463565278361,4.0,0.4227302819490433,
1672000,1679.1866235733032,-199.7920789718628,33.866183835807576,-0.006571865117487819,22.615627670288085,0.6411720335483551,0.003997397408238612,-217.27816901355982,37.37463565278361,4.0,0.3860336661338806,
1676000,1682.1592931747437,-195.4651062488556,41.57014248484277,-0.00572801792287887,24.895891189575195,0.6709585130214691,0.002883452726605662,-217.27816901355982,37.37463565278361,4.0,0.36320239007472993,
1680000,1685.1469748020172,-198.10506772994995,43.59471251177844,-0.008351780143566412,25.988151168823244,0.6805931627750397,0.004712372523499653,-217.27816901355982,37.37463565278361,4.0,0.4048320233821869,
1684000,1689.437941789627,-193.93231391906738,32.770074016935865,-0.005331790990429042,22.553085327148438,0.6339292287826538,0.0027350118281901812,-215.6186018511653,39.00173155506797,4.0,0.4028420805931091,
1688000,1692.2604312896729,-196.68100082874298,35.218182825081826,-0.006326876003062409,22.31952037811279,0.646904343366623,0.005546506792151684,-215.6186018511653,39.00173155506797,4.0,0.426182022690773,
1692000,1695.1533963680267,-196.8131138086319,39.74291205299099,-0.005747371286852321,22.45386962890625,0.7236268043518066,0.003511087508013588,-215.6186018511653,39.00173155506797,4.0,0.42531512677669525,
1696000,1698.1598916053772,-199.9525876045227,37.36288208731642,-0.007430305849295138,19.506442260742187,0.6193760693073272,0.0036216612707939966,-215.6186018511653,39.00173155506797,4.0,0.4289676517248154,
1700000,1701.164475440979,-202.44236850738525,41.33119081330129,-0.007986103038614,22.084365463256837,0.7065288305282593,0.0034566052025184037,-215.6186018511653,39.00173155506797,4.0,0.39952183365821836,
1704000,1704.1943051815033,-202.1804130077362,37.292637585787666,-0.009380956757968928,23.06668586730957,0.6301135122776031,0.005821196644489035,-215.6186018511653,39.00173155506797,4.0,0.3980031192302704,
1708000,1707.2104477882385,-192.75146293640137,37.58689162548007,-0.00804783435057228,24.636022567749023,0.6676122009754181,0.006422856842012459,-215.6186018511653,39.00173155506797,4.0,0.3683896690607071,
1712000,1710.21124625206,-197.84180533885956,35.36377985021305,-0.008291378221008916,14.363433933258056,0.661016458272934,0.004423189978115261,-215.6186018511653,39.00173155506797,4.0,0.4033507615327835,
1716000,1713.2071430683136,-194.44325184822083,27.691792848708506,-0.006374272959694949,20.06252269744873,0.6291953146457672,0.003294721925340127,-215.6186018511653,39.00173155506797,4.0,0.37090547680854796,
1720000,1716.2301301956177,-197.96082973480225,30.427396271367,-0.00711314461193977,19.279205513000488,0.6367906630039215,0.0052669723401777445,-215.6186018511653,39.00173155506797,4.0,0.38043412268161775,
1724000,1720.6920022964478,-198.57995438575745,34.172863000255,-0.006273169613132889,19.757929420471193,0.6445875823497772,0.005525789195244846,-209.84230764210224,38.666452033872474,4.0,0.3952267736196518,
1728000,1723.6968104839325,-209.02191400527954,37.4525586515924,-0.007097485379781565,24.50140972137451,0.6632211744785309,0.004876459928345867,-209.84230764210224,38.666452033872474,4.0,0.3651043981313705,
1732000,1726.718321800232,-191.7715940475464,39.45950156684835,-0.006523853842401906,26.787899589538576,0.6389811873435974,0.00631885472103022,-209.84230764210224,38.666452033872474,4.0,0.40273856222629545,
1736000,1729.7116250991821,-192.4310371875763,27.69326673637614,-0.007849540335281447,18.063117218017577,0.5983814477920533,0.008969311811961233,-209.84230764210224,38.666452033872474,4.0,0.39301547706127166,
1740000,1732.713897228241,-197.12284231185913,29.45323973648744,-0.006510015089918553,15.204548740386963,0.6398197412490845,0.00579482104287794,-209.84230764210224,38.666452033872474,4.0,0.41896251142024993,
1744000,1735.7328779697418,-205.77935981750488,36.03612615108223,-0.006475904436704383,19.79735565185547,0.6473863363265991,0.0057559826081463455,-209.84230764210224,38.666452033872474,4.0,0.41595657765865324,
1748000,1738.7418706417084,-197.0046968460083,30.625897291943115,-0.006795464382041416,13.906326961517333,0.645491498708725,0.0028673491353401913,-209.84230764210224,38.666452033872474,4.0,0.380194827914238,
1752000,1741.7501599788666,-193.4710146188736,37.942286598703106,-0.006136021394127366,23.035188293457033,0.5781843423843384,0.002588612067389473,-209.84230764210224,38.666452033872474,4.0,0.3985183149576187,
1756000,1744.7675409317017,-193.47231435775757,34.7683041108407,-0.007360912907868666,28.020001220703126,0.5980796098709107,0.006939491308876322,-209.84230764210224,38.666452033872474,4.0,0.4171206057071686,
1760000,1747.8018867969513,-199.8418312072754,30.340815334463315,-0.009272213796153662,14.76262607574463,0.6162864625453949,0.007199916340876378,-209.84230764210224,38.666452033872474,4.0,0.4083150506019592,
1764000,1752.145823955536,-190.09844410419464,34.34342816270276,-0.006687822819066547,16.234938621520996,0.6379431664943696,0.00417342918808572,-208.3118024095893,43.38656376359405,4.0,0.40514024198055265,
1768000,1755.1430032253265,-204.76339077949524,38.75127987468402,-0.007147173164257214,21.46589527130127,0.6057393014431,0.004708224942442029,-208.3118024095893,43.38656376359405,4.0,0.39503374695777893,
1772000,1758.1057291030884,-197.6202747821808,35.747733098530986,-0.007741807598310202,19.812001609802245,0.5865255475044251,0.008567740075212594,-208.3118024095893,43.38656376359405,4.0,0.43738634288311007,
1776000,1761.0727624893188,-208.68737959861755,41.01477451008194,-0.005037875328213026,26.40781593322754,0.6017683684825897,0.003418272636675601,-208.3118024095893,43.38656376359405,4.0,0.4000007927417755,
1780000,1763.8665890693665,-202.00217938423157,38.881379338284155,-0.008130502276433037,23.3033504486084,0.6442204475402832,0.00538387603010051,-208.3118024095893,43.38656376359405,4.0,0.3928175687789917,
1784000,1766.6949093341827,-196.49821209907532,31.642458546649905,-0.008079308072725944,17.43790159225464,0.6413133263587951,0.00404337648069486,-208.3118024095893,43.38656376359405,4.0,0.36649573743343355,
1788000,1769.521738767624,-203.80375981330872,40.38346847948724,-0.009088382623003178,19.672133445739746,0.6168844699859619,0.006535463279578835,-208.3118024095893,43.38656376359405,4.0,0.3840132415294647,
1792000,1772.3259766101837,-197.02601075172424,35.29984394104584,-0.007020663831227791,19.114020919799806,0.6701499402523041,0.005238090321654454,-208.3118024095893,43.38656376359405,4.0,0.34999210834503175,
1796000,1775.1547646522522,-194.83493304252625,32.201270793900186,-0.005859888952380665,21.056174659729002,0.6705434203147889,0.004022864703438244,-208.3118024095893,43.38656376359405,4.0,0.35669098794460297,
1800000,1777.978528022766,-200.70929503440857,32.78144057645362,-0.00834298674638081,15.760879135131836,0.7203668355941772,0.003992800661459728,-208.3118024095893,43.38656376359405,4.0,0.3651015281677246,
1804000,1782.34792304039,-202.6772906780243,37.12820768060379,-0.007245775336554949,16.438281536102295,0.7072267651557922,0.0041942950963857585,-205.87348653376102,37.922788877750484,4.0,0.358328640460968,
1808000,1785.3257744312286,-197.94841599464417,36.221717069742155,-0.007333957322174678,18.65006742477417,0.6358368217945098,0.0037256876908941194,-205.87348653376102,37.922788877750484,4.0,0.37936143279075624,
1812000,1788.2969634532928,-201.0896978378296,37.327584987063,-0.008261071517597873,18.845224475860597,0.6537770867347718,0.007657040287585293,-205.87348653376102,37.922788877750484,4.0,0.38742477893829347,
1816000,1791.2562897205353,-200.55447018146515,40.6992152527881,-0.006367946410086001,21.523521614074706,0.6266552746295929,0.005604902057365202,-205.87348653376102,37.922788877750484,4.0,0.3636493682861328,
1820000,1794.2262318134308,-198.68664371967316,34.70123696205724,-0.007519198552550144,18.35254898071289,0.6736693859100342,0.00437350012070965,-205.87348653376102,37.922788877750484,4.0,0.3750560969114304,
1824000,1797.2594256401062,-193.4833984375,29.199717860082128,-0.006922032815249057,24.07888126373291,0.6895731031894684,0.004238121607496093,-205.87348653376102,37.922788877750484,4.0,0.34788269102573394,
1828000,1800.2703483104706,-196.8312156200409,36.69036581219399,-0.0068089137412608025,26.814721298217773,0.6825095832347869,0.0038928193491301498,-205.87348653376102,37.922788877750484,4.0,0.35952953696250917,
1832000,1803.3255183696747,-190.9690455198288,34.14168592336866,-0.007800973296398261,21.352743530273436,0.6417846858501435,0.006515401438809932,-205.87348653376102,37.922788877750484,4.0,0.39270772933959963,
1836000,1806.353166103363,-194.67780017852783,35.10768229295821,-0.007794493842249117,19.83329620361328,0.6591419994831085,0.00634801291305731,-205.87348653376102,37.922788877750484,4.0,0.37236634492874143,
1840000,1809.3312690258026,-203.73126220703125,37.011355551159454,-0.0056972821212839305,23.27880916595459,0.6694356739521027,0.004743921902263537,-205.87348653376102,37.922788877750484,4.0,0.37628384232521056,
1844000,1813.6432156562805,-202.56684565544128,33.78110141259998,-0.009095718432528165,13.003924369812012,0.652024894952774,0.008609365730080754,-211.3811782002449,38.41889237256942,4.0,0.34892346560955045,
1848000,1816.6318953037262,-193.03214824199677,35.13893472343229,-0.007973630489936712,14.768790912628173,0.660242360830307,0.005314791794323081,-211.3811782002449,38.41889237256942,4.0,0.3513292998075485,
1852000,1819.6111619472504,-193.52116012573242,31.851943997560713,-0.00860138326821227,12.069513130187989,0.6625741183757782,0.0030423661693930624,-211.3811782002449,38.41889237256942,4.0,0.36931115984916685,
1856000,1822.5844514369965,-201.95976376533508,36.71038094771834,-0.009970099157188096,13.90731077194214,0.6316210329532623,0.005112607408858239,-211.3811782002449,38.41889237256942,4.0,0.39438457489013673,
1860000,1825.5616323947906,-196.07427263259888,31.959439871951055,-0.0067974220111500115,18.476615142822265,0.6460187554359436,0.00358207605604548,-211.3811782002449,38.41889237256942,4.0,0.378725203871727,
1864000,1828.5449912548065,-194.4589251279831,39.44630005576228,-0.006305199374444825,19.480578422546387,0.6125721156597137,0.003326851810289866,-211.3811782002449,38.41889237256942,4.0,0.3452292501926422,
1868000,1831.5183346271515,-192.14025378227234,34.5913974919704,-0.009328703391520943,12.909247589111327,0.6149862945079804,0.00625231793965213,-211.3811782002449,38.41889237256942,4.0,0.34075101613998415,
1872000,1834.4942746162415,-196.18423986434937,27.49848438360669,-0.008132401641768715,17.00212469100952,0.6419804394245148,0.005309194076107815,-211.3811782002449,38.41889237256942,4.0,0.3803951501846313,
1876000,1837.4802379608154,-190.17579650878906,29.038490786011337,-0.0078022661282060035,17.24531955718994,0.5826404869556427,0.0049286969063493166,-211.3811782002449,38.41889237256942,4.0,0.3384838759899139,
1880000,1840.4813702106476,-192.4661304950714,30.64981903334188,-0.008635848565803262,18.675719451904296,0.6220283687114716,0.008568705423191814,-211.3811782002449,38.41889237256942,4.0,0.3558086633682251,
1884000,1844.7622940540314,-191.18264889717102,32.94376124340987,-0.006801661066400478,18.43332681655884,0.5661358773708344,0.005990273173665628,-205.88945201784372,38.35818203499063,4.0,0.3777160167694092,
1888000,1847.7311398983002,-196.89912581443787,39.22509537991396,-0.0063789863338072905,23.02970943450928,0.5568917214870452,0.005270729181938804,-205.88945201784372,38.35818203499063,4.0,0.34884063601493837,
1892000,1850.6763253211975,-193.18946814537048,35.67900724399496,-0.006991974158522929,19.529918098449706,0.5419482529163361,0.004111825956351822,-205.88945201784372,38.35818203499063,4.0,0.32445711493492124,
1896000,1853.6344637870789,-199.88856768608093,38.05062508845007,-0.0052852055050120585,17.95430631637573,0.5469623506069183,0.0027490346040965007,-205.88945201784372,38.35818203499063,4.0,0.3134198606014252,
1900000,1856.598209142685,-197.56746339797974,29.186630425199525,-0.00631836561284338,20.30105381011963,0.5675733745098114,0.004481974625377916,-205.88945201784372,38.35818203499063,4.0,0.3237690538167953,
1904000,1859.567048549652,-193.08726584911346,35.1662897216778,-0.00827221064936996,17.408125400543213,0.5723709046840668,0.004889868479222059,-205.88945201784372,38.35818203499063,4.0,0.32091675996780394,
1908000,1862.5401899814606,-196.4433069229126,37.58531994984761,-0.006471607849777983,21.7912260055542,0.5631606042385101,0.006199078986576456,-205.88945201784372,38.35818203499063,4.0,0.3247945815324783,
1912000,1865.5237596035004,-201.08657717704773,36.72803257643726,-0.006431847898289567,13.8015531539917,0.5797872722148896,0.0033642006693796133,-205.88945201784372,38.35818203499063,4.0,0.31277052462100985,
1916000,1868.529887676239,-200.99967515468597,35.657876976558704,-0.007952035150490745,17.56533079147339,0.5403866291046142,0.012096293689683079,-205.88945201784372,38.35818203499063,4.0,0.3482680171728134,
1920000,1871.5341403484344,-199.95706295967102,31.720651021521896,-0.006680228338887239,20.148620796203613,0.5892890572547913,0.0034461596910453805,-205.88945201784372,38.35818203499063,4.0,0.299528694152832,
1924000,1875.865050792694,-188.73637318611145,27.234188648200913,-0.008352852742653382,15.238834381103516,0.5920847654342651,0.004316337077762,-210.51115991175175,39.10017328431853,4.0,0.3280759871006012,
1928000,1878.817692041397,-202.40498411655426,35.88197003634226,-0.006552801594448532,16.107058143615724,0.6071679770946503,0.005899719567969442,-210.51115991175175,39.10017328431853,4.0,0.2929051429033279,
1932000,1881.7624254226685,-199.6029577255249,35.623925582773225,-0.008857934275486734,16.72448205947876,0.613718593120575,0.0096416104468517,-210.51115991175175,39.10017328431853,4.0,0.3247129797935486,
1936000,1884.7266252040863,-199.11515760421753,40.50138712109289,-0.007001668469359457,26.579462814331055,0.6121585190296173,0.004798256111098453,-210.51115991175175,39.10017328431853,4.0,0.2836704313755035,
1940000,1887.6874837875366,-194.63736152648926,31.1009830546068,-0.007415722621759979,15.070875644683838,0.634393984079361,0.005391244392376393,-210.51115991175175,39.10017328431853,4.0,0.3224817156791687,
1944000,1890.6546878814697,-190.62389659881592,35.23295897744687,-0.006871287780192947,21.875889015197753,0.6083866953849792,0.004759532366006169,-210.51115991175175,39.10017328431853,4.0,0.3178431898355484,
1948000,1893.6140160560608,-195.67898154258728,39.86622468501767,-0.006578344988171026,21.218844985961915,0.6592294812202454,0.003806659592121542,-210.51115991175175,39.10017328431853,4.0,0.302697965502739,
1952000,1896.5661058425903,-198.5678755044937,32.671427454054914,-0.005485910569628061,22.27396011352539,0.5693031072616577,0.006535293354031957,-210.51115991175175,39.10017328431853,4.0,0.3101776361465454,
1956000,1899.5419635772705,-203.66247272491455,40.13977872853074,-0.00782472722247864,29.9609281539917,0.6450081050395966,0.003470666889916174,-210.51115991175175,39.10017328431853,4.0,0.27073907256126406,
1960000,1902.544930934906,-200.03242707252502,34.991699243414885,-0.0076203199739877546,24.616186141967773,0.6415787935256958,0.0059634555801749475,-210.51115991175175,39.10017328431853,4.0,0.2838034212589264,
1964000,1906.82323884964,-199.95829701423645,35.353241014935364,-0.007922144855683034,17.203650379180907,0.6100630939006806,0.007794644567339382,-202.7217297554016,35.671632921048214,4.0,0.29278174340724944,
1968000,1909.7720694541931,-195.2048134803772,32.77349999366939,-0.005979029418357484,24.843609046936034,0.6226107239723205,0.005106739572511287,-202.7217297554016,35.671632921048214,4.0,0.33548885881900786,
1972000,1912.7814316749573,-196.95252513885498,27.43235750724775,-0.006195255864256311,25.012550926208498,0.6507044196128845,0.004052567208418623,-202.7217297554016,35.671632921048214,4.0,0.28808696269989015,
1976000,1915.7564737796783,-193.62216711044312,32.32679656601325,-0.007450215677730654,19.017379570007325,0.672570425271988,0.005821923446647492,-202.7217297554016,35.671632921048214,4.0,0.285744246840477,
1980000,1918.7250998020172,-197.2432246208191,29.066650862823973,-0.00847220476608106,15.899787902832031,0.6678064465522766,0.007553822843125113,-202.7217297554016,35.671632921048214,4.0,0.30676317512989043,
1984000,1921.707571029663,-203.55932569503784,30.04804231331331,-0.005990744942954429,25.718249702453612,0.6288145959377289,0.003958630881311065,-202.7217297554016,35.671632921048214,4.0,0.2684972047805786,
1988000,1924.6998853683472,-202.56480193138123,39.24488555766191,-0.0070965779681379185,26.832411193847655,0.6566938698291779,0.005049671436427161,-202.7217297554016,35.671632921048214,4.0,0.2735376745462418,
1992000,1927.5623285770416,-202.83400976657867,36.68396590309709,-0.0056852295853506265,29.25386600494385,0.6209126353263855,0.010207130713388324,-202.7217297554016,35.671632921048214,4.0,0.25551477670669553,
1996000,1930.5533635616302,-198.64981245994568,30.88349948773664,-0.007919882241481302,15.764969444274902,0.6244114339351654,0.008522808095905932,-202.7217297554016,35.671632921048214,4.0,0.3158166378736496,
2000000,1933.638666152954,-200.12885427474976,32.53789985471948,-0.00691725975647568,20.747606658935545,0.6658865213394165,0.0070974068171344665,-202.7217297554016,35.671632921048214,4.0,0.26962650418281553,
