global_step,wall_time_s,ep_return_mean,ep_return_std,policy_loss,value_loss,entropy,approx_kl,eval_return_mean,eval_return_std,mean_k,attn_entropy,lagrange_lambda
4000,3.8056273460388184,-234.99963641166687,48.701948267395615,-0.0005702661954273935,225.8129440307617,1.5983035922050477,0.0004605591471772641,,,2.403166723251343,1.574205255508423,0.7517583656311037
8000,6.897960662841797,-224.4342052936554,35.2746107775602,0.0002717049763305113,193.3293655395508,1.594557774066925,0.0012330975558143109,,,1.796291708946228,1.5577434182167054,1.147720894813538
12000,10.093104124069214,-230.11467838287354,45.52246462905882,-0.0007160531829867977,163.09355621337892,1.5882794499397277,7.421597401844338e-05,,,1.4049166917800904,1.4880508065223694,1.311289662122727
16000,13.24105429649353,-225.64125442504883,45.93573906178307,-0.000432379487392609,110.70000762939453,1.5744647979736328,0.0012435345095582306,,,1.189187514781952,1.4394285559654236,1.3199125921726231
20000,16.333810806274414,-219.12517762184143,42.60226445957263,-5.906105197936995e-05,88.64202880859375,1.5722323417663575,0.00038018321647541596,,,1.076395845413208,1.351964282989502,1.248393856287003
24000,19.36135458946228,-237.36438488960266,57.10736119954602,-0.0016936137659286032,86.30401763916015,1.5504932165145875,0.0008247914614912588,,,1.0273333430290221,1.181309974193573,1.1458855307102211
28000,22.347546815872192,-227.0823631286621,40.69392350044324,-0.0010680274135665968,81.86194381713867,1.5554992318153382,0.00046122894500513214,,,1.018375027179718,1.2213446021080017,1.0353147089481363
32000,25.35560369491577,-217.37021851539612,33.76755461556358,-0.0010809542407514527,79.94999847412109,1.5057952284812928,0.0010404908153759606,,,1.013145875930786,1.2760397791862488,0.9180543065071115
36000,28.338679313659668,-228.6672649383545,37.84595570474103,-0.0009285053467465332,68.88703880310058,1.5177636742591858,0.0007060631915010163,,,1.008875024318695,1.2436312079429626,0.7974251532554636
40000,31.3266122341156,-216.95387029647827,36.09438702083129,-0.0021141927783901336,57.882301330566406,1.5167580008506776,0.001910675223916769,,,1.0063541769981383,1.2473183870315552,0.6756314122676857
44000,36.34658932685852,-241.64816999435425,45.856495921718725,-0.00024566031188442137,56.6311695098877,1.4541220545768738,0.0017702013472444377,-304.47899755835533,55.68142415006908,1.0038541913032533,1.199116849899292,0.5531668400764473
48000,39.587098121643066,-238.4835648536682,41.854283871796085,-0.0023987962616956794,42.713357543945314,1.4819107055664062,0.004415180419164244,-304.47899755835533,55.68142415006908,1.0038541913032533,1.147355818748474,0.43021060228347857
52000,42.805591344833374,-235.59164309501648,55.156811064466,-0.000801813266116369,64.887353515625,1.5204978346824647,0.0014648758442490362,-304.47899755835533,55.68142415006908,1.003166675567627,1.2238969445228576,0.3069168627262124
56000,45.957197427749634,-266.3519010543823,52.608547346413346,-0.0020789789901755284,78.24285659790038,1.480197536945343,0.0015765161202580202,-304.47899755835533,55.68142415006908,1.0027708649635314,1.0700769662857055,0.18355437278747644
60000,49.140331983566284,-240.10252809524536,47.60373685081589,-0.0016100955806109597,54.23062629699707,1.517904031276703,0.002209273890184704,-304.47899755835533,55.68142415006908,1.0022083640098571,1.0855558276176454,0.05993563771247944
64000,52.31590819358826,-225.8541829586029,58.244964964772734,-0.0007382442803645972,86.98967666625977,1.5440201997756957,0.0011036344978492707,-304.47899755835533,55.68142415006908,1.0032916903495788,1.1676425457000732,0.0
68000,55.46363043785095,-227.9629945755005,46.411148582922095,-0.001877621853054734,54.94148559570313,1.5335962057113648,0.002987873030360788,-304.47899755835533,55.68142415006908,1.0034791827201843,1.234486722946167,0.0
72000,58.543879985809326,-228.57582211494446,50.242046692361725,-0.0016022072175474022,78.4732063293457,1.5257590770721436,0.0008446812023066741,-304.47899755835533,55.68142415006908,1.0021041750907898,1.165224301815033,0.0
76000,61.588645935058594,-231.49348044395447,51.17708148532165,-0.0021520246402360497,72.29637794494629,1.5233383059501648,0.0012883460829471005,-304.47899755835533,55.68142415006908,1.0027916789054871,1.1303757190704347,0.0
80000,64.74698638916016,-223.87366795539856,44.459572423829734,-0.0020971113786799832,50.1067008972168,1.4823662519454956,0.0028854153832071463,-304.47899755835533,55.68142415006908,1.0046250224113464,1.1698116183280944,0.0
84000,69.88240957260132,-228.31929683685303,37.833982925639916,-0.00200456485763425,43.025675201416014,1.476616108417511,0.001808622085081879,-268.09974996745586,74.68801148889439,1.0031041741371154,1.1346396446228026,0.0
88000,73.05591082572937,-223.77009892463684,36.8360972096991,-0.0028024918799928857,49.39851875305176,1.4701937317848206,0.0026730612938990817,-268.09974996745586,74.68801148889439,1.0030208587646485,1.1811938524246215,0.0
92000,76.24192309379578,-217.4387674331665,42.261654367087395,-0.0007449169810570311,59.614205551147464,1.476053202152252,0.0024319311778526753,-268.09974996745586,74.68801148889439,1.0037083387374879,1.2019763231277465,0.0
96000,79.59693312644958,-216.48813772201538,29.782043246589435,-0.0013111064301483566,59.265203857421874,1.4507959008216857,0.002387166656626505,-268.09974996745586,74.68801148889439,1.0032292008399963,1.2645347356796264,0.0
100000,82.7812705039978,-220.23742175102234,41.85341282567416,-0.0021881108084926383,51.63777885437012,1.4501795172691345,0.0024238239846454237,-268.09974996745586,74.68801148889439,1.0032292127609252,1.2185894966125488,0.0
104000,85.96848726272583,-229.32940244674683,51.16930892319208,-0.0011700955750711729,61.20427474975586,1.4494053363800048,0.0014662342291558161,-268.09974996745586,74.68801148889439,1.0037292003631593,1.2129552125930787,0.0
108000,89.14293217658997,-216.65144205093384,31.77891526183129,-0.0019097173120826484,42.38956260681152,1.4480774760246278,0.0025372212199727072,-268.09974996745586,74.68801148889439,1.0040416955947875,1.1756112575531006,0.0
112000,92.33826684951782,-246.19857621192932,39.59613226096429,0.00017216773849213496,46.30818557739258,1.3088603734970092,0.001328187528270064,-268.09974996745586,74.68801148889439,1.0021875381469727,1.1387063264846802,0.0
116000,95.5177915096283,-245.04522347450256,64.65550874827971,-0.0025063854555810393,70.13681564331054,1.2914817810058594,0.0034200806636363267,-268.09974996745586,74.68801148889439,1.0036666750907899,1.1801207661628723,0.0
120000,98.68319153785706,-237.41216778755188,41.933697370944586,-0.0004917029299576825,50.5504695892334,1.3260260343551635,0.0032835561614774633,-268.09974996745586,74.68801148889439,1.0046875119209289,1.1894315481185913,0.0
124000,103.78110837936401,-254.31849122047424,57.411354288219094,-0.00047039672099344896,46.13278579711914,1.3288472056388856,0.0018749204551568254,-316.60198390483856,69.01758696972783,1.0032083511352539,1.1481885313987732,0.0
128000,106.9621798992157,-247.5486123561859,43.46655967725044,-0.0016028739075409249,37.35610408782959,1.374840462207794,0.004517978092189878,-316.60198390483856,69.01758696972783,1.0020208477973938,1.0725677251815795,0.0
132000,110.10304832458496,-248.70160055160522,52.031527561401724,-0.0024720412184251472,47.51149711608887,1.337885308265686,0.002487576571002137,-316.60198390483856,69.01758696972783,1.002833354473114,1.0516651272773743,0.0
136000,113.2666449546814,-240.17496538162231,34.80850093998737,-0.0016711308882804588,33.660280799865724,1.3241210103034973,0.004574507958022877,-316.60198390483856,69.01758696972783,1.0035416960716248,1.1732981562614442,0.0
140000,116.43467426300049,-246.76545786857605,54.8475058703978,-0.0016929048066231188,49.534793853759766,1.3069745421409606,0.0024051566841080787,-316.60198390483856,69.01758696972783,1.0037500143051148,1.2250552535057069,0.0
144000,119.78217315673828,-261.50420904159546,60.51802053764413,-0.0025049313546332995,42.100463485717775,1.2567293763160705,0.0026510549389058722,-316.60198390483856,69.01758696972783,1.00291668176651,1.1904810905456542,0.0
148000,122.98726201057434,-251.8693311214447,50.67183057508251,-0.0014308313995570643,35.50926475524902,1.261401081085205,0.00330694395233877,-316.60198390483856,69.01758696972783,1.002750027179718,1.1530477404594421,0.0
152000,126.14267230033875,-242.9119074344635,54.983138024453616,-0.0019882003412931225,42.47775650024414,1.2459266781806946,0.004994792951038107,-316.60198390483856,69.01758696972783,1.0018125176429749,1.2130618810653686,0.0
156000,129.28073740005493,-229.84001183509827,41.3928678535281,-0.0011685079225571826,32.23948078155517,1.277789831161499,0.005084412836004049,-316.60198390483856,69.01758696972783,1.002458357810974,1.2166757702827453,0.0
160000,132.41920018196106,-230.15783739089966,40.91155602451265,-0.000937577654622146,25.146739387512206,1.3069690108299254,0.00798132293857634,-316.60198390483856,69.01758696972783,1.0038125276565553,1.230150532722473,0.0
164000,137.34381341934204,-238.6863248348236,48.887287140328915,-0.00011229330023070361,35.36165294647217,1.2871437072753906,0.003247469040798023,-255.81272089481354,47.39831132024133,1.0035208582878112,1.1856526136398315,0.0
168000,140.48200225830078,-242.06030130386353,49.21866101522238,-0.0006565573712578043,27.706346702575683,1.2138217210769653,0.00420003270264715,-255.81272089481354,47.39831132024133,1.0038333535194397,1.1898406624794007,0.0
172000,143.61272764205933,-236.5161542892456,38.96838478467835,-0.00037193457992543697,30.025185203552248,1.2454703330993653,0.008251665852731094,-255.81272089481354,47.39831132024133,1.0035625338554381,1.1536494374275208,0.0
176000,146.67681074142456,-236.28573870658875,47.29790447105525,-0.0007645153442808805,32.511714935302734,1.196087121963501,0.00393074523890391,-255.81272089481354,47.39831132024133,1.0042083501815795,1.2426298141479493,0.0
180000,149.64272093772888,-236.30965447425842,41.57174570340899,0.001683982473332435,31.4097957611084,1.2332814812660218,0.00924201002344489,-255.81272089481354,47.39831132024133,1.0044166922569275,1.1945451736450194,0.0
184000,152.75360679626465,-232.7754979133606,34.44350203621738,-0.002621335067669861,25.73886909484863,1.2264081358909606,0.005261331022484228,-255.81272089481354,47.39831132024133,1.0035625457763673,1.0482532739639283,0.0
188000,155.9596300125122,-244.52686429023743,49.01881821059433,-0.0014554954308550806,41.9094295501709,1.220855700969696,0.005503970617428422,-255.81272089481354,47.39831132024133,1.0035208582878112,1.0635337829589844,0.0
192000,159.118750333786,-233.2242043018341,43.26271362208115,-0.0030786787614488277,23.204836654663087,1.2680007457733153,0.003345541167072952,-255.81272089481354,47.39831132024133,1.003083336353302,0.9803520798683166,0.0
196000,162.06048011779785,-245.05205154418945,44.98298612861198,-0.0027646525668387767,31.411899757385253,1.2878729462623597,0.0034598994869156742,-255.81272089481354,47.39831132024133,1.0028958559036254,0.9139268636703491,0.0
200000,165.03099083900452,-242.9399814605713,50.94825174042919,-0.0015504864983086008,43.38163032531738,1.3737533330917358,0.0016450382456241642,-255.81272089481354,47.39831132024133,1.0018750190734864,0.8823635876178741,0.0
204000,170.04164600372314,-235.18181896209717,37.428794279957884,-0.0030829811134026387,28.94501152038574,1.3540502429008483,0.0032228835800196974,-285.1628017127514,69.55462777054241,1.0039166808128357,0.9838781356811523,0.0
208000,173.2287950515747,-237.02113437652588,53.091997107551364,-0.0015454282853170297,47.55373077392578,1.3637633204460144,0.0031642040761653335,-285.1628017127514,69.55462777054241,1.0037916898727417,0.9599077105522156,0.0
212000,176.3897831439972,-232.31851291656494,40.71541237421391,-0.001822293239092687,30.73745651245117,1.2910180330276488,0.002208394119224977,-285.1628017127514,69.55462777054241,1.0030208587646485,1.012442374229431,0.0
216000,179.51756024360657,-218.6690399646759,32.877084940218474,-0.003062668906932231,23.24056396484375,1.335505723953247,0.002474623681155208,-285.1628017127514,69.55462777054241,1.0037083506584168,0.9691159844398498,0.0
220000,182.68079257011414,-223.92753744125366,45.79036958428689,-0.0037341471514082515,39.73968696594238,1.3556054830551147,0.0034034129464998843,-285.1628017127514,69.55462777054241,1.0034583449363708,1.0202171206474304,0.0
224000,185.86708784103394,-222.42511439323425,46.89569010461187,-0.002168428193544969,27.755792236328126,1.3020459532737731,0.0011980272756773047,-285.1628017127514,69.55462777054241,1.004187524318695,1.0199024438858033,0.0
228000,189.01766324043274,-242.9303469657898,52.534560907877506,-0.0031103572895517574,24.763816833496094,1.3332716703414917,0.001673844961624127,-285.1628017127514,69.55462777054241,1.0040833473205566,0.9776272475719452,0.0
232000,192.18346881866455,-235.85959482192993,42.146201753870415,-0.0010916944294876885,29.32015895843506,1.3270459055900574,0.0011832470743684098,-285.1628017127514,69.55462777054241,1.0035833597183228,0.9745059251785279,0.0
236000,195.47927689552307,-229.8786244392395,43.55684875720553,-0.0029558452893979847,31.560483551025392,1.3357107043266296,0.0041329145460622385,-285.1628017127514,69.55462777054241,1.004979181289673,0.9561819195747375,0.0
240000,198.69878911972046,-229.92709398269653,45.212195648215555,-0.0014745610285899601,38.6072135925293,1.3715131878852844,0.0018688177922740578,-285.1628017127514,69.55462777054241,1.004395842552185,0.9429764151573181,0.0
244000,203.76894187927246,-219.05820679664612,36.28483819915534,-0.0025696329401398545,33.70196094512939,1.3658406853675842,0.005632770861848257,-293.3493584096432,77.31356106136684,1.0044166922569275,0.9310369431972504,0.0
248000,206.96147227287292,-241.74324703216553,50.722256950453875,-0.0026565360356471503,38.6553897857666,1.3552513241767883,0.0017020036219037137,-293.3493584096432,77.31356106136684,1.0028958439826965,0.972005945444107,0.0
252000,210.1354353427887,-242.86608219146729,50.441099118142986,-0.0032084538408525985,37.85616817474365,1.344313132762909,0.004434986853448208,-293.3493584096432,77.31356106136684,1.0038750290870666,0.905226057767868,0.0
256000,213.30420112609863,-227.135169506073,46.52538502897307,-0.0012452584051061422,40.590803146362305,1.330535614490509,0.004876968164171558,-293.3493584096432,77.31356106136684,1.002875018119812,0.9351315319538116,0.0
260000,216.46425032615662,-224.53870964050293,44.7328067949969,-0.002241422689985484,30.353827667236327,1.345496416091919,0.005149578648706665,-293.3493584096432,77.31356106136684,1.0048750162124633,0.9291811347007751,0.0
264000,219.64029359817505,-219.72301626205444,38.61435891869916,-0.003574921577819623,35.737256622314455,1.3563763976097107,0.004588609794154763,-293.3493584096432,77.31356106136684,1.0037916898727417,0.8802448093891144,0.0
268000,222.79480695724487,-220.35685324668884,43.153887628508954,-0.0038600705236603973,32.63632354736328,1.3727330207824706,0.0032472063663590233,-293.3493584096432,77.31356106136684,1.0039375305175782,0.9867343544960022,0.0
272000,225.93789219856262,-218.67292189598083,35.14549449964284,-0.002730523198260926,38.27839622497559,1.4314886450767517,0.004062541855091695,-293.3493584096432,77.31356106136684,1.0056875109672547,0.9605843424797058,0.0
276000,229.09269309043884,-225.46512079238892,41.9638172556932,-0.0014262080586377123,37.213362503051755,1.375292146205902,0.003227657413299312,-293.3493584096432,77.31356106136684,1.0036458492279052,0.943702894449234,0.0
280000,232.2639124393463,-239.68350839614868,46.94783186386662,-0.0009603837931081216,31.0353723526001,1.3281976342201234,0.0011274020071141422,-293.3493584096432,77.31356106136684,1.0036666750907899,0.8804918348789215,0.0
284000,237.82426357269287,-224.2424281835556,46.573183727879396,-0.001841689346019848,27.93545627593994,1.4057965517044066,0.005638918595650466,-285.39611408114433,44.30894540215228,1.0044166684150695,0.8941882193088532,0.0
288000,240.99278283119202,-229.47062301635742,38.78092099596005,-0.0022615127629251218,52.091759872436526,1.395509946346283,0.0054637901361274995,-285.39611408114433,44.30894540215228,1.0032916903495788,0.9489097595214844,0.0
292000,244.12587642669678,-231.29397583007812,38.02506093076837,-0.0033792032569181173,30.060609436035158,1.3898589491844178,0.004066730255726725,-285.39611408114433,44.30894540215228,1.0038542032241822,0.892467987537384,0.0
296000,247.3038728237152,-235.6162645816803,50.44779428604058,-0.001883123540028464,34.19700126647949,1.3510656237602234,0.0030619376151662437,-285.39611408114433,44.30894540215228,1.004229187965393,0.7994774341583252,0.0
300000,250.47219586372375,-224.5059232711792,42.377099276805986,-0.003151876843185164,28.948229026794433,1.3362488746643066,0.004254613786179107,-285.39611408114433,44.30894540215228,1.004437518119812,0.8804483413696289,0.0
304000,253.6561930179596,-233.23316431045532,44.95969677691698,-0.002232588513288647,26.054813385009766,1.3387547731399536,0.0038209768914384767,-285.39611408114433,44.30894540215228,1.0041041731834413,0.8357815742492676,0.0
308000,256.8043682575226,-234.4239263534546,46.57653320779066,-0.0018657586828339846,35.237646484375,1.3420938849449158,0.003693930679582991,-285.39611408114433,44.30894540215228,1.003166663646698,0.7933479309082031,0.0
312000,259.96363043785095,-229.29078936576843,45.28160202936444,-0.002296769741224125,31.072801780700683,1.3922166705131531,0.003676015423843637,-285.39611408114433,44.30894540215228,1.0038541913032533,0.9180600464344024,0.0
316000,263.1217772960663,-222.6964511871338,39.16939047733352,-0.0006686104505206458,55.297888946533206,1.3332542777061462,0.0011569639107619877,-285.39611408114433,44.30894540215228,1.0044583439826966,0.9941422522068024,0.0
320000,266.2737874984741,-221.60667181015015,35.027834409353396,-0.0023845474861445837,31.46828556060791,1.3629327297210694,0.0012648032956349199,-285.39611408114433,44.30894540215228,1.0042291760444642,0.8683373510837555,0.0
324000,271.41644048690796,-218.00540041923523,34.47862531304114,-0.0022522299324919002,29.95018768310547,1.3291612267494202,0.0032695760717615487,-236.72908161580563,32.39109115803973,1.004812526702881,0.9216562747955322,0.0
328000,274.7021863460541,-222.78420114517212,41.49255105134891,-0.00164563193138747,32.480065536499026,1.347052764892578,0.0033431803349230904,-236.72908161580563,32.39109115803973,1.0038125395774842,0.830211591720581,0.0
332000,277.9150085449219,-231.9349241256714,39.1617406184471,-0.002877777697722195,27.23181610107422,1.333668553829193,0.0017671607485681307,-236.72908161580563,32.39109115803973,1.004979169368744,0.8484332859516144,0.0
336000,281.0970838069916,-229.94738173484802,38.126614962240886,-0.001931230951231555,36.30428981781006,1.3855471849441527,0.0015925229342656166,-236.72908161580563,32.39109115803973,1.0039583683013915,0.7253643155097962,0.0
340000,284.2417411804199,-212.17427444458008,37.04764891382103,-0.003311740237404592,22.735904884338378,1.37109215259552,0.005442925867100712,-236.72908161580563,32.39109115803973,1.0053125262260436,0.7436078488826752,0.0
344000,287.41785621643066,-219.768869638443,38.521508896121496,-0.0048035028386948396,31.428924751281738,1.378292453289032,0.0036356651049572974,-236.72908161580563,32.39109115803973,1.0034375071525574,0.7821447253227234,0.0
348000,290.6035985946655,-217.075115442276,39.05903634682468,-0.00260130433816812,30.102296829223633,1.3865911722183228,0.004630671373956829,-236.72908161580563,32.39109115803973,1.0047083497047424,0.824673879146576,0.0
352000,293.74653792381287,-220.51716709136963,41.28062207821672,-0.002382509361632401,23.428636360168458,1.3405940175056457,0.0017480551672633738,-236.72908161580563,32.39109115803973,1.0038958549499513,0.6498890578746795,0.0
356000,296.8947367668152,-215.7096128463745,38.61938206944024,-0.002080049502546899,25.69472465515137,1.3507952690124512,0.004560774847050197,-236.72908161580563,32.39109115803973,1.0044166803359986,0.750890189409256,0.0
360000,300.0662078857422,-213.29329681396484,35.68715348114773,-0.0019833694997942073,20.98690528869629,1.2807279467582702,0.0031369523640023544,-236.72908161580563,32.39109115803973,1.0035833358764648,0.6874538600444794,0.0
364000,305.08390045166016,-230.1157467365265,40.04988111709126,-0.0038545626008271937,27.22802906036377,1.2874560952186584,0.004844889066953328,-241.84456415474415,45.11676417946546,1.0041458368301392,0.6955952107906341,0.0
368000,308.24676060676575,-214.8797504901886,40.727261974293434,-0.002327193681958306,20.185579681396483,1.269355058670044,0.0046395796816796064,-241.84456415474415,45.11676417946546,1.005541706085205,0.6606767296791076,0.0
372000,311.4608271121979,-219.77340245246887,57.326711585304,-0.0007091712206602097,39.26702880859375,1.2692159175872804,0.001758951210649684,-241.84456415474415,45.11676417946546,1.0041250348091126,0.6072796881198883,0.0
376000,314.6588671207428,-216.62897443771362,36.066372608917,-0.0032973518362268807,18.251097106933592,1.2794686794281005,0.004390218132175505,-241.84456415474415,45.11676417946546,1.0034791707992554,0.5762513220310211,0.0
380000,317.84704756736755,-225.40614461898804,46.036145803322,-0.0018730855081230402,26.253710746765137,1.240842831134796,0.0017549283191328868,-241.84456415474415,45.11676417946546,1.00464586019516,0.49385860860347747,0.0
384000,321.03023052215576,-222.80055165290833,36.58708898397401,-0.0026107544837032036,24.616565132141112,1.2778675317764283,0.003560600700438954,-241.84456415474415,45.11676417946546,1.0035416722297668,0.46738754510879515,0.0
388000,324.18599367141724,-208.90191793441772,33.02974771753982,-0.002543605877144728,21.737588119506835,1.3346268773078918,0.0015727879199403105,-241.84456415474415,45.11676417946546,1.0047083735466003,0.46322397589683534,0.0
392000,327.36746859550476,-228.67677307128906,49.97577910195691,-0.004164862559991889,26.90117073059082,1.2415249824523926,0.0038013328390661626,-241.84456415474415,45.11676417946546,1.0042083501815795,0.500848925113678,0.0
396000,330.5166058540344,-222.67512607574463,38.1506200786286,-0.0038897834820090793,19.556258583068846,1.1364773750305175,0.004126739222556353,-241.84456415474415,45.11676417946546,1.005583357810974,0.4889065623283386,0.0
400000,333.69770193099976,-222.61045598983765,38.90269808318066,-0.004292642183099815,16.95020341873169,1.1593325734138489,0.0032374124575653696,-241.84456415474415,45.11676417946546,1.0077083587646485,0.5046877264976501,0.0
404000,338.8016839027405,-222.1636505126953,39.41030586490925,-0.0031568523045280017,32.96428108215332,1.1481304526329041,0.003919929475523531,-250.4451292976737,49.81440630916703,1.0062291979789735,0.5049288749694825,0.0
408000,341.99651074409485,-218.20648980140686,41.22425403718709,-0.00269488584890496,35.53210678100586,1.1658849239349365,0.001670034362905426,-250.4451292976737,49.81440630916703,1.0042500257492066,0.4847113788127899,0.0
412000,344.98704171180725,-217.61905527114868,42.12271805325168,-0.0033789975772378967,22.250488662719725,1.1855172514915466,0.0017691609769826754,-250.4451292976737,49.81440630916703,1.0053333520889283,0.5154130697250366,0.0
416000,347.9520151615143,-209.16325521469116,40.059193814300215,-0.0037956375468638725,23.830525588989257,1.2106136202812194,0.0032332191345631144,-250.4451292976737,49.81440630916703,1.006416666507721,0.5110955119132996,0.0
420000,351.03344321250916,-218.93363738059998,42.939066212939665,-0.002608637460070895,26.64277801513672,1.1899520635604859,0.0026884726423304526,-250.4451292976737,49.81440630916703,1.0036041855812072,0.4307304918766022,0.0
424000,354.13439559936523,-211.27576994895935,33.626252956266725,-0.0032888042769627646,29.031996154785155,1.206934142112732,0.0031185910920612514,-250.4451292976737,49.81440630916703,1.0068333506584168,0.4466019719839096,0.0
428000,357.3284389972687,-211.63831639289856,39.83739024555532,-0.002920423237083014,30.68167610168457,1.1951571345329284,0.004500871690106578,-250.4451292976737,49.81440630916703,1.0049166917800902,0.49056210219860075,0.0
432000,360.5143723487854,-206.70383095741272,34.1448728398811,-0.004468298905703705,24.687722778320314,1.200677740573883,0.0022345503704855217,-250.4451292976737,49.81440630916703,1.004812514781952,0.48952954411506655,0.0
436000,363.68771266937256,-217.5050117969513,42.42189958144517,-0.003404376502294326,29.087304878234864,1.1493557572364808,0.003507877484662458,-250.4451292976737,49.81440630916703,1.0072916984558105,0.5062860608100891,0.0
440000,366.83438515663147,-217.08473587036133,44.239226291237294,-0.0023846154981583823,31.81450996398926,1.140418243408203,0.0027404597349232063,-250.4451292976737,49.81440630916703,1.0061458706855775,0.45932201445102694,0.0
444000,371.95931100845337,-215.84697604179382,38.617796180255326,-0.004604621775911255,26.19278621673584,1.1433654069900512,0.0055247061085538,-229.12397851794958,41.21037687368406,1.0044166803359986,0.40111999213695526,0.0
448000,375.16844749450684,-218.45988821983337,39.95816153690843,-0.00509424328993191,28.965435409545897,1.1448231935501099,0.004879329502000473,-229.12397851794958,41.21037687368406,1.0063958644866944,0.436712321639061,0.0
452000,378.31073808670044,-226.63022255897522,47.7219510215941,-0.0041968140576500446,26.324974822998048,1.143118417263031,0.0020031517502502537,-229.12397851794958,41.21037687368406,1.0057708382606507,0.4547705888748169,0.0
456000,381.46343183517456,-213.27280926704407,34.889488240731566,-0.003381501524381747,23.326206016540528,1.1280271649360656,0.004980422125663608,-229.12397851794958,41.21037687368406,1.007437539100647,0.5175289809703827,0.0
460000,384.6120882034302,-212.5764765739441,35.276258794551914,-0.005247934204271587,26.29212532043457,1.180129623413086,0.0071661970490822565,-229.12397851794958,41.21037687368406,1.0060625195503234,0.4628412306308746,0.0
464000,387.78132033348083,-220.86640310287476,45.484756212253124,-0.0036078700781217777,22.701826667785646,1.147562849521637,0.0022238077624933796,-229.12397851794958,41.21037687368406,1.0065833687782288,0.44649011492729185,0.0
468000,391.0076513290405,-219.3199007511139,38.28670191903253,-0.001625538707958185,30.094894218444825,1.1569899320602417,0.004398856559419073,-229.12397851794958,41.21037687368406,1.0052500247955323,0.45601432025432587,0.0
472000,394.19448494911194,-221.72669768333435,39.505421722295814,-0.002447462377313059,32.16211490631103,1.2095669150352477,0.0013840526095009408,-229.12397851794958,41.21037687368406,1.0042916774749755,0.48613605499267576,0.0
476000,397.37542366981506,-213.10046362876892,35.71171687210535,-0.0028417770292435305,28.36475887298584,1.1127321481704713,0.002870076701219659,-229.12397851794958,41.21037687368406,1.0045208573341369,0.47351664304733276,0.0
480000,400.52692580223083,-200.39568388462067,39.619138182521226,-0.0024217091427999548,37.03831596374512,1.1365595936775208,0.0021777422283776105,-229.12397851794958,41.21037687368406,1.0077500224113465,0.477560493350029,0.0
484000,405.6357626914978,-207.70955336093903,41.88652551057358,-0.0042650203109587895,33.55530948638916,1.129943609237671,0.0029547309706686063,-205.7159454971552,37.381579602124724,1.0044791936874389,0.39228989481925963,0.0
488000,408.8294086456299,-209.7725306749344,44.29021531414665,-0.002547937310737325,37.70462989807129,1.0818115234375,0.002584069423028268,-205.7159454971552,37.381579602124724,1.004187524318695,0.40008302628993986,0.0
492000,411.78234338760376,-211.8606984615326,31.642494068576415,-0.003308357615605928,32.69629745483398,1.0888092637062072,0.0028612248075660317,-205.7159454971552,37.381579602124724,1.0045833349227906,0.4240069925785065,0.0
496000,414.7253842353821,-212.24994921684265,43.837730076006864,-0.003044247660727706,25.315377616882323,1.0969140648841857,0.0028927137493155895,-205.7159454971552,37.381579602124724,1.0061875224113463,0.3560974657535553,0.0
500000,417.6460428237915,-209.930011510849,40.856221836388485,-0.002523932413214425,22.409378433227538,1.1148237109184265,0.002769541009911336,-205.7159454971552,37.381579602124724,1.0066041827201844,0.4186829298734665,0.0
504000,420.59438037872314,-205.27303290367126,33.73866089748505,-0.0042104963809833865,28.52970371246338,1.0477327466011048,0.0061561221140436825,-205.7159454971552,37.381579602124724,1.0044583678245544,0.43909926414489747,0.0
508000,423.61365580558777,-216.25516057014465,36.192982388566485,-0.003599827793550503,21.46402645111084,1.070375180244446,0.002797398887923919,-205.7159454971552,37.381579602124724,1.004437518119812,0.3622198611497879,0.0
512000,426.55087876319885,-202.799902677536,38.65239015265276,-0.005045441623951774,23.92890110015869,1.074685311317444,0.00450615938170813,-205.7159454971552,37.381579602124724,1.0040625214576722,0.36168684959411623,0.0
516000,429.52621388435364,-198.9161388874054,36.17043448229004,-0.0047845552617218345,27.247737693786622,1.0638194799423217,0.0024022808240260927,-205.7159454971552,37.381579602124724,1.0049583435058593,0.32904824018478396,0.0
520000,432.48237705230713,-201.93633317947388,33.25420556473099,-0.004074896340898704,34.15778293609619,1.017688024044037,0.0033613130632147658,-205.7159454971552,37.381579602124724,1.0048750281333922,0.3316939264535904,0.0
524000,437.41384196281433,-206.7109158039093,40.10689526773364,-0.003933378229150719,27.769750022888182,1.1307925462722779,0.0036795510211959483,-213.06404738873243,37.574013159617834,1.0058125257492065,0.3347275137901306,0.0
528000,440.3804090023041,-209.10245633125305,34.92151799188929,-0.00395783539374861,29.258660316467285,1.0929977416992187,0.0021932844621915136,-213.06404738873243,37.574013159617834,1.0045833587646484,0.345945280790329,0.0
532000,443.38930010795593,-204.99236631393433,37.87518598536715,-0.004288321374042425,29.964702987670897,1.1895769238471985,0.006040595131344162,-213.06404738873243,37.574013159617834,1.004020869731903,0.3381377249956131,0.0
536000,446.4434335231781,-208.9100432395935,31.749825891270874,-0.003836647974094376,22.988582611083984,1.1327153444290161,0.003620206337654963,-213.06404738873243,37.574013159617834,1.0046250224113464,0.3067848801612854,0.0
540000,449.6364440917969,-201.4127380847931,30.04412853105295,-0.0047868685142020695,23.816445541381835,1.1032236218452454,0.006145955907413736,-213.06404738873243,37.574013159617834,1.004770863056183,0.3048936128616333,0.0
544000,452.8101372718811,-203.74198198318481,36.11701679394273,-0.005233565298840404,25.659073066711425,1.1286925196647644,0.0033746743356459774,-213.06404738873243,37.574013159617834,1.004395842552185,0.3255159020423889,0.0
548000,456.0157814025879,-207.24825930595398,40.01486706647851,-0.002725510744494386,26.854751586914062,1.0917030334472657,0.0034347769280429928,-213.06404738873243,37.574013159617834,1.0047500133514404,0.27553958892822267,0.0
552000,459.223974943161,-199.89216530323029,39.71293263420378,-0.003351739740901394,23.700707244873048,1.1077996015548706,0.0028219871564942878,-213.06404738873243,37.574013159617834,1.0047708749771118,0.26007219552993777,0.0
556000,462.45664644241333,-216.07495665550232,36.68937576222466,-0.005579999256588053,23.239212417602538,1.110813558101654,0.004656233726564096,-213.06404738873243,37.574013159617834,1.0042083621025086,0.28627529740333557,0.0
560000,465.67123913764954,-209.01812982559204,39.943042109975565,-0.004455887285985227,27.48054943084717,1.0578911781311036,0.0047294736596086295,-213.06404738873243,37.574013159617834,1.0040000081062317,0.28458113968372345,0.0
564000,470.77635979652405,-212.02130794525146,35.86969988647233,-0.0036911772593157368,30.14361515045166,1.0869815945625305,0.0020578861905960364,-217.699614495039,46.6997356718766,1.0028333425521851,0.22114550918340684,0.0
568000,473.9914479255676,-207.587242603302,39.61525788174754,-0.0032964998506940903,33.64191818237305,1.0549323081970214,0.006552678701700643,-217.699614495039,46.6997356718766,1.004604196548462,0.3580777823925018,0.0
572000,477.20263147354126,-200.3408613204956,32.21124153835156,-0.0034456486144335942,35.10807418823242,1.0905333876609802,0.004099646946997382,-217.699614495039,46.6997356718766,1.0065417051315309,0.3185520052909851,0.0
576000,480.3954062461853,-206.66553139686584,36.33806643984436,-0.004024069667138974,36.70221157073975,1.072175931930542,0.0017852802004199475,-217.699614495039,46.6997356718766,1.003125011920929,0.29265525937080383,0.0
580000,483.55459785461426,-197.70501828193665,35.041257834050604,-0.0024294244809425435,41.63610496520996,1.0880921602249145,0.00227615749463439,-217.699614495039,46.6997356718766,1.0051875114440918,0.29797939360141756,0.0
584000,486.71324348449707,-200.05834305286407,38.340006676237685,-0.0029266810517583506,36.85402717590332,1.0787777781486512,0.0035845887672621758,-217.699614495039,46.6997356718766,1.0054375171661376,0.3053314328193665,0.0
588000,489.88443207740784,-195.4563136100769,36.28140450549504,-0.00500655678424664,29.41662731170654,1.109720265865326,0.003917473422188777,-217.699614495039,46.6997356718766,1.0052083373069762,0.313300234079361,0.0
592000,493.05258083343506,-204.6401846408844,32.31871535045361,-0.003542340808780864,39.97717361450195,0.9949346542358398,0.004180274298414588,-217.699614495039,46.6997356718766,1.0044166684150695,0.24452384263277055,0.0
596000,496.21587896347046,-209.33627104759216,40.545118383697144,-0.0036653307628512267,37.50894432067871,0.9893945097923279,0.002406226700077241,-217.699614495039,46.6997356718766,1.0051667094230652,0.30073076784610747,0.0
600000,499.43805146217346,-210.61696875095367,40.66033692441169,-0.0026859769180873627,34.440727424621585,1.0299270749092102,0.003838105601607822,-217.699614495039,46.6997356718766,1.0069583535194397,0.3048950880765915,0.0
604000,504.5340995788574,-201.18771624565125,37.6011608203529,-0.0024373834028665444,24.567073631286622,1.0038151443004608,0.003655059280572459,-213.41601149737835,49.79913793270345,1.0051250219345094,0.30727615058422086,0.0
608000,507.72789001464844,-199.549999833107,45.04822501989862,-0.0027978490055375004,36.035264015197754,1.0056708931922913,0.0010140661164768972,-213.41601149737835,49.79913793270345,1.0056042075157166,0.3134533762931824,0.0
612000,510.88112807273865,-205.00827932357788,35.08848197970883,-0.0022827327193226665,33.381906509399414,0.9693278908729553,0.0024031215463764964,-213.41601149737835,49.79913793270345,1.0065417170524598,0.28536213338375094,0.0
616000,514.0596849918365,-202.1691038608551,30.753320999759175,-0.0032471220642037225,30.582214546203613,0.9567671298980713,0.0035022063428186813,-213.41601149737835,49.79913793270345,1.0037917017936706,0.26373459994792936,0.0
620000,517.256422996521,-212.18355584144592,33.83126397166355,-0.0030701139068696646,35.92698650360107,0.979842734336853,0.002377586963120848,-213.41601149737835,49.79913793270345,1.0052917003631592,0.27114553153514864,0.0
624000,520.4324178695679,-213.19236779212952,40.85500706158338,-0.0017380420282279373,32.23954677581787,1.04303218126297,0.0019595015022787266,-213.41601149737835,49.79913793270345,1.0043750166893006,0.2753313332796097,0.0
628000,523.5936827659607,-199.34685242176056,32.555043034772055,-0.002208665417856537,33.99905509948731,1.017629361152649,0.0018406894218060189,-213.41601149737835,49.79913793270345,1.0046666979789733,0.23028049170970916,0.0
632000,526.7545750141144,-201.8824691772461,35.141510512639094,-0.0018167159836593783,24.90133743286133,1.0063272833824157,0.0016115782418637536,-213.41601149737835,49.79913793270345,1.006895864009857,0.2567670226097107,0.0
636000,529.8955888748169,-213.0253837108612,42.04211898511938,-0.0014756709686480462,28.95505714416504,0.9553628206253052,0.003290585713693872,-213.41601149737835,49.79913793270345,1.0053125262260436,0.24371161609888076,0.0
640000,533.0512266159058,-203.8715078830719,38.134320320119855,-0.0015950852364767342,30.43153533935547,0.9831562817096711,0.0019750480249058457,-213.41601149737835,49.79913793270345,1.0054792046546936,0.2773923099040985,0.0
644000,538.1859679222107,-210.05644178390503,34.115091279087174,-0.000560497979313368,28.769884490966795,1.0470701575279235,0.0011116447451058776,-217.66234129667282,44.02257453265655,1.0052291989326476,0.2230435937643051,0.0
648000,541.4098098278046,-214.92925310134888,39.333241224486144,-0.003055828437572927,35.04842834472656,0.9998357236385346,0.0012815697948099114,-217.66234129667282,44.02257453265655,1.0050208568572998,0.27179411351680755,0.0
652000,544.6408543586731,-208.6977174282074,38.539653893001336,-0.0024039496915065684,31.478812789916994,0.9061266899108886,0.003110295397345908,-217.66234129667282,44.02257453265655,1.0045416951179504,0.28967428505420684,0.0
656000,547.872837305069,-218.43740725517273,41.95886198500803,-0.0010076789821596322,38.59375190734863,0.8986877381801606,0.003679910663049668,-217.66234129667282,44.02257453265655,1.0051250338554383,0.2303735464811325,0.0
660000,551.1022338867188,-206.47057628631592,32.955867043354395,-0.0021464313587785,23.952410888671874,0.9397381722927094,0.0010194748421781697,-217.66234129667282,44.02257453265655,1.0046250104904175,0.24842045605182647,0.0
664000,554.3946704864502,-209.42468094825745,36.87605269002303,-0.0020508113278793873,26.310986328125,1.0009408593177795,0.0022519302585351396,-217.66234129667282,44.02257453265655,1.0051666855812074,0.20004516541957856,0.0
668000,557.5709919929504,-200.4749321937561,31.862731844206156,-0.0031010842649266124,18.866806411743163,1.0073255896568298,0.002644563052672311,-217.66234129667282,44.02257453265655,1.0068125247955322,0.28497338593006133,0.0
672000,560.8108532428741,-202.6866693496704,33.018722866016724,-0.0027112026862596396,25.313085556030273,1.0375102043151856,0.0053246674302499745,-217.66234129667282,44.02257453265655,1.0061041831970214,0.21509711295366288,0.0
676000,563.989182472229,-200.79721403121948,31.268891771916888,-0.002461930953722913,22.9654052734375,1.0240718245506286,0.0020154435820586513,-217.66234129667282,44.02257453265655,1.0054791927337647,0.17016332745552062,0.0
680000,567.1602201461792,-217.2461440563202,36.614239682771846,-0.003188131632123259,27.64394588470459,0.8998065948486328,0.003058815567055717,-217.66234129667282,44.02257453265655,1.0059375286102294,0.1763079583644867,0.0
684000,572.2657537460327,-212.37169766426086,38.17878079998437,-0.001675030200749461,31.409644889831544,0.9037294685840607,0.0013461478527460713,-210.5122016221285,43.100637779242845,1.0038125157356261,0.20827885568141938,0.0
688000,575.5207965373993,-207.6741442680359,38.56552387960553,-0.0035114008480832126,28.575579261779787,0.9471636235713958,0.0009473184938542545,-210.5122016221285,43.100637779242845,1.0040833473205566,0.21274057924747466,0.0
692000,578.7461187839508,-209.30831789970398,38.56205397428761,-0.0022786785109019546,32.00504760742187,0.9185891211032867,0.0022304727375740186,-210.5122016221285,43.100637779242845,1.0059375286102294,0.24953413456678392,0.0
696000,581.9567260742188,-213.72045063972473,37.012772381922034,-0.0016129664098116336,24.855000686645507,0.999071228504181,0.0016195017204154282,-210.5122016221285,43.100637779242845,1.0042500257492066,0.2195261687040329,0.0
700000,585.1446340084076,-213.91174459457397,38.07338009485667,-0.0016988026589388027,31.09146366119385,0.9117980480194092,0.0029612594458740204,-210.5122016221285,43.100637779242845,1.0047917008399962,0.2705798715353012,0.0
704000,588.389645576477,-202.12810862064362,42.02086596348565,-0.0038752670719986782,27.164006996154786,0.9100393891334534,0.0027720073878299443,-210.5122016221285,43.100637779242845,1.004062533378601,0.2379886358976364,0.0
708000,591.5693778991699,-203.83806216716766,34.29086362674265,-0.004509642176708439,19.599717998504637,0.8288864254951477,0.005030217314924812,-210.5122016221285,43.100637779242845,1.006250023841858,0.204914453625679,0.0
712000,594.771547794342,-196.04291307926178,33.37219981291804,-0.00226053946535103,19.839761543273926,0.8525693535804748,0.00364062738372013,-210.5122016221285,43.100637779242845,1.00583336353302,0.23738385289907454,0.0
716000,597.9456839561462,-206.2107183933258,39.524975074195844,-0.003582094690318627,19.00386848449707,0.8842764973640442,0.0036586161426384934,-210.5122016221285,43.100637779242845,1.006291675567627,0.21126886308193207,0.0
720000,601.1260223388672,-204.25235319137573,38.437513520654484,-0.003427309289600089,19.432345485687257,0.9407510101795197,0.0018698353571380722,-210.5122016221285,43.100637779242845,1.0052291870117187,0.247580586373806,0.0
724000,606.1776301860809,-203.4561231136322,30.455992534038295,-0.0028937661460076924,28.005601692199708,0.8370055556297302,0.00035673373968165835,-202.75178408622742,42.728785022853586,1.005791687965393,0.21058908998966216,0.0
728000,609.419896364212,-195.00218319892883,32.70095783109673,-0.0020684307557814917,23.504428100585937,0.875182718038559,0.001954212912824005,-202.75178408622742,42.728785022853586,1.0063541769981383,0.23612881898880006,0.0
732000,612.6982140541077,-199.9536099433899,35.84445805225894,-0.004542006265910459,19.86718578338623,0.9358291089534759,0.004973643179982901,-202.75178408622742,42.728785022853586,1.006375014781952,0.22802407294511795,0.0
736000,615.9008903503418,-201.9472873210907,32.37375671888383,-0.0027117305016872706,21.533741760253907,0.9169611215591431,0.0020642062387196346,-202.75178408622742,42.728785022853586,1.0085417032241821,0.19958803206682205,0.0
740000,619.0904810428619,-200.82366228103638,29.976466702573138,-0.002776384866774606,24.30279598236084,0.8827346384525299,0.0035423233173787596,-202.75178408622742,42.728785022853586,1.0083750367164612,0.20979431867599488,0.0
744000,622.2719831466675,-198.6596806049347,31.657670562357474,-0.0035797771211946382,19.083847332000733,0.998476505279541,0.0026209917334199416,-202.75178408622742,42.728785022853586,1.0052916765213014,0.24442038834095,0.0
748000,625.4781491756439,-201.97635579109192,39.75673889511646,-0.004254809243593627,20.848785400390625,0.9495487153530121,0.0035510481684468687,-202.75178408622742,42.728785022853586,1.0064166903495788,0.21248512715101242,0.0
752000,628.6635949611664,-205.58274602890015,33.71144038098615,-0.0028187020661789575,27.92605056762695,1.0056585133075715,0.00538230047095567,-202.75178408622742,42.728785022853586,1.006166672706604,0.21755122095346452,0.0
756000,631.8253788948059,-201.43873035907745,39.3051571096631,-0.005867124984251859,24.426142311096193,1.0460308909416198,0.004573872190667317,-202.75178408622742,42.728785022853586,1.0067500233650208,0.2295672357082367,0.0
760000,635.0419976711273,-207.11878156661987,36.22875895330589,-0.0038132894980662966,21.493193054199217,1.03643856048584,0.0040770572772089505,-202.75178408622742,42.728785022853586,1.004895853996277,0.18813989013433458,0.0
764000,640.1002252101898,-208.91849303245544,40.803492704141156,-0.0028785539805539885,19.00607204437256,1.0792922258377076,0.0042919055144011505,-217.60252507030964,42.07284856563682,1.0049583435058593,0.19650064557790756,0.0
768000,643.0653350353241,-211.42615795135498,40.62868927342765,-0.0019755903238547036,28.3886474609375,1.0699041724205016,0.002569630037760362,-217.60252507030964,42.07284856563682,1.0057708740234375,0.25046516954898834,0.0
772000,646.0878825187683,-206.24838399887085,43.71227973920123,-0.0023666871711611748,27.780443572998045,1.1076315641403198,0.0010689822898712008,-217.60252507030964,42.07284856563682,1.0048333525657653,0.21300956308841706,0.0
776000,649.0784769058228,-197.76828825473785,39.63755814158962,-0.0032593586674920516,25.69385051727295,1.0782858729362488,0.0030220632572309112,-217.60252507030964,42.07284856563682,1.0053125262260436,0.23832423686981202,0.0
780000,652.0261378288269,-202.17459499835968,41.46575875803045,-0.0026509950621402822,21.675545120239256,1.1044466018676757,0.0028686904403912193,-217.60252507030964,42.07284856563682,1.0050000309944154,0.16808994859457016,0.0
784000,654.9724688529968,-209.45907497406006,39.42388612880693,-0.004753670731770398,17.058952426910402,1.0978071331977843,0.005085339879042294,-217.60252507030964,42.07284856563682,1.0053542017936707,0.20100815892219542,0.0
788000,657.9088337421417,-211.03063440322876,41.117528879093435,-0.004203569483433966,24.45634174346924,1.0759671568870544,0.001842997425410431,-217.60252507030964,42.07284856563682,1.0062291860580443,0.19730127304792405,0.0
792000,660.9947454929352,-196.91988158226013,29.48117965081118,-0.004096192896395223,17.81928777694702,1.107787811756134,0.005489487511840707,-217.60252507030964,42.07284856563682,1.0077500224113465,0.20869286805391313,0.0
796000,664.2080445289612,-209.02142882347107,39.648800204562384,-0.004197776050204993,21.509248161315917,1.0761965274810792,0.0026326872139179613,-217.60252507030964,42.07284856563682,1.0100000262260438,0.18544060736894608,0.0
800000,667.4229979515076,-215.11653900146484,38.30628156974916,-0.002478032122598961,26.924286079406738,1.0629156351089477,0.0016624486353975954,-217.60252507030964,42.07284856563682,1.0073333501815795,0.18382555842399598,0.0
804000,672.5024650096893,-213.24881172180176,38.302587303923964,-0.0038894932282346416,28.54523410797119,1.0346851706504823,0.002289998720516451,-213.79524332284927,53.4119655552012,1.0055625319480896,0.15727151334285736,0.0
808000,675.7554757595062,-220.44485664367676,38.63525463867276,-0.0025517506933283585,23.691678619384767,1.0191326498985291,0.0028354326204862446,-213.79524332284927,53.4119655552012,1.004437518119812,0.18977929055690765,0.0
812000,678.9136593341827,-217.63979744911194,37.460579604634944,-0.0033881333685712887,20.019939517974855,0.9619099617004394,0.0031937561463564633,-213.79524332284927,53.4119655552012,1.0084791898727417,0.16944264769554138,0.0
816000,682.1075804233551,-213.90314245224,37.977826019575886,-0.0025926400900061707,23.114563751220704,0.9686475574970246,0.002574996075418312,-213.79524332284927,53.4119655552012,1.00566668510437,0.17883701920509337,0.0
820000,685.2438077926636,-200.7915165424347,35.05732224213863,-0.004250813581165858,15.292220211029052,0.9902308881282806,0.0026047302555525674,-213.79524332284927,53.4119655552012,1.0050000309944154,0.19118496626615525,0.0
824000,688.4329719543457,-208.15350914001465,31.663505200725695,-0.003544777749993955,19.55036563873291,0.950671660900116,0.002679303153490764,-213.79524332284927,53.4119655552012,1.0057708501815796,0.1750569835305214,0.0
828000,691.5909748077393,-209.0818953514099,43.334957040950336,-0.0031907589127513347,23.75600700378418,0.9405136644840241,0.0023572949983645232,-213.79524332284927,53.4119655552012,1.0040416717529297,0.1868394896388054,0.0
832000,694.7576298713684,-201.9428675174713,30.06495200141465,-0.003069569153376506,19.14861364364624,0.917328155040741,0.0019347668159753085,-213.79524332284927,53.4119655552012,1.0057708382606507,0.1734847068786621,0.0
836000,697.9147751331329,-217.39642024040222,50.66584282541053,-0.002406629798497306,30.94331588745117,0.9330270290374756,0.0004720857701613568,-213.79524332284927,53.4119655552012,1.0062291979789735,0.1955734983086586,0.0
840000,700.9868612289429,-203.6058520078659,37.425193753153636,-0.003099413696327247,18.827696990966796,0.8926888763904571,0.0038383104343665763,-213.79524332284927,53.4119655552012,1.0062917113304137,0.2098737522959709,0.0
844000,706.2905066013336,-211.77451300621033,38.89620859558468,-0.0024062667199359566,22.76251640319824,0.894676399230957,0.002367624221369624,-213.55096526443958,37.342166339506605,1.0038749933242799,0.16160091310739516,0.0
848000,709.4464066028595,-209.97628712654114,38.11790665055027,-0.004563432278519031,19.723330116271974,0.9024450004100799,0.0010374804120147018,-213.55096526443958,37.342166339506605,1.0060208439826965,0.1747030034661293,0.0
852000,712.6153483390808,-209.8172743320465,36.51316778576767,-0.0032382163823058362,20.51568536758423,0.934757125377655,0.002107005176367238,-213.55096526443958,37.342166339506605,1.0083125352859497,0.18774299919605256,0.0
856000,715.8182096481323,-205.52165126800537,29.937191837986763,-0.003965161666565109,22.99803810119629,0.9344850659370423,0.00038836363783048,-213.55096526443958,37.342166339506605,1.0060625314712524,0.20281588584184645,0.0
860000,719.0078463554382,-205.76818537712097,35.46691152840686,-0.004725153470644727,16.903135108947755,0.9451961398124695,0.0031807091465452684,-213.55096526443958,37.342166339506605,1.0071042060852051,0.20106825083494187,0.0
864000,722.2010235786438,-216.09596967697144,32.931494078060126,-0.0039823120538130755,25.64617977142334,0.9486514866352082,0.002864027034775063,-213.55096526443958,37.342166339506605,1.0061041951179504,0.19120473861694337,0.0
868000,725.3775053024292,-205.38626956939697,32.7502343547421,-0.0014760751531866846,22.106196212768555,0.969300377368927,0.00403598442881048,-213.55096526443958,37.342166339506605,1.005750024318695,0.19325651079416276,0.0
872000,728.5203199386597,-211.31847286224365,38.62285113023736,-0.002422848274727585,20.769416046142577,0.9711954295635223,0.0025696763347696104,-213.55096526443958,37.342166339506605,1.0087708592414857,0.21273067146539687,0.0
876000,731.6655523777008,-208.03283143043518,39.30655015429812,-0.0036916530334565323,17.082708644866944,0.9442044258117676,0.0026007781707448885,-213.55096526443958,37.342166339506605,1.0072916984558105,0.1876869022846222,0.0
880000,734.8320517539978,-213.90743935108185,38.079405945115944,-0.0037835598348465284,21.716407775878906,1.0123111128807067,0.00309952694515232,-213.55096526443958,37.342166339506605,1.0063750267028808,0.1890658587217331,0.0
884000,739.9297041893005,-213.21005964279175,33.830939034029086,-0.0036008914625199396,15.76860933303833,1.0025347530841828,0.0027947579976171253,-215.7450036406517,32.79235107582773,1.0083333730697632,0.170973564684391,0.0
888000,743.1485240459442,-207.99483108520508,39.92901359944047,-0.0028778005798812956,20.293092727661133,0.9637726008892059,0.003378886994323693,-215.7450036406517,32.79235107582773,1.0050416827201842,0.17045980244874953,0.0
892000,746.2967395782471,-205.4402153491974,33.92512217834488,-0.004690938533531153,18.515540027618407,0.9827350735664367,0.0029820583331456874,-215.7450036406517,32.79235107582773,1.0069583654403687,0.20735982060432434,0.0
896000,749.4669127464294,-198.9565451145172,32.24927464932031,-0.002984359994661645,20.084573554992676,0.9919683814048768,0.0031551653242786414,-215.7450036406517,32.79235107582773,1.0088125228881837,0.1745132327079773,0.0
900000,752.6051168441772,-202.0772783756256,30.70241301898729,-0.004570745812816313,17.951103496551514,0.9492600083351135,0.0011802604305557907,-215.7450036406517,32.79235107582773,1.0068958401679993,0.17603355795145034,0.0
904000,755.826493024826,-202.19559383392334,37.46099976428238,-0.0023068666094332004,22.612892723083498,0.9847620069980622,0.0018272019806317985,-215.7450036406517,32.79235107582773,1.006083357334137,0.2077510118484497,0.0
908000,759.0317027568817,-203.03044080734253,31.27015675649191,-0.0034420332216541284,20.22470703125,1.0070380866527557,0.0018370400473941117,-215.7450036406517,32.79235107582773,1.0062708616256715,0.18672068268060685,0.0
912000,762.1846399307251,-203.6279513835907,36.64993664166522,-0.002356504902127199,20.85740394592285,0.960657387971878,0.0020733509823912754,-215.7450036406517,32.79235107582773,1.007062518596649,0.1548450246453285,0.0
916000,765.3246738910675,-202.52188777923584,36.11126221275085,-0.0039676551343291065,20.42005319595337,0.9398518323898315,0.0036759221518877895,-215.7450036406517,32.79235107582773,1.0066041946411133,0.18704863786697387,0.0
920000,768.4675405025482,-195.08154940605164,35.334990906393855,-0.0011573158744795364,20.571924495697022,0.9258370637893677,0.0035246495201135984,-215.7450036406517,32.79235107582773,1.005625033378601,0.18132509142160416,0.0
924000,773.5589814186096,-202.96160781383514,36.41773429952525,-0.0023910389449156356,18.20375852584839,0.9271814703941346,0.0031971974109183065,-202.8446437716484,38.501356179268015,1.0068541884422302,0.16133800745010377,0.0
928000,776.7526957988739,-200.68317413330078,33.47707527550035,-0.003323690691468073,17.26148376464844,0.9473065376281739,0.003054369385790778,-202.8446437716484,38.501356179268015,1.0075000524520874,0.15533051788806915,0.0
932000,779.9828534126282,-201.52727222442627,37.742365683158205,-0.004104203085444169,13.270413780212403,0.9293735444545745,0.002489102724939585,-202.8446437716484,38.501356179268015,1.007520866394043,0.20022671520709992,0.0
936000,783.2260119915009,-199.30344891548157,29.887856814358095,-0.0029126423311026882,18.91808032989502,0.9743537724018096,0.002834717657242436,-202.8446437716484,38.501356179268015,1.0065000176429748,0.15392525345087052,0.0
940000,786.3938658237457,-197.23337602615356,33.33239514646657,-0.0034715586560196245,26.29810905456543,0.9231048583984375,0.006777552131097764,-202.8446437716484,38.501356179268015,1.0062708616256715,0.18765996545553207,0.0
944000,789.5516111850739,-201.17069792747498,37.34977392146771,-0.003067562257092504,22.402584075927734,0.9193636238574981,0.002696020207076799,-202.8446437716484,38.501356179268015,1.0056250095367432,0.18546003103256226,0.0
948000,792.7398006916046,-213.40002346038818,42.615948192701644,-0.0020256752977729775,22.696612548828124,0.967875075340271,0.003357392468024045,-202.8446437716484,38.501356179268015,1.0085625410079957,0.20830658674240113,0.0
952000,795.9833335876465,-194.63990592956543,36.84017215271365,-0.0034595236720633693,17.326506328582763,1.0387879967689515,0.0034387658175546675,-202.8446437716484,38.501356179268015,1.010687530040741,0.22706240117549897,0.0
956000,799.1479156017303,-202.96471524238586,41.44284953643181,-0.003565976786921965,25.84175796508789,1.0175875902175904,0.0023944350359670352,-202.8446437716484,38.501356179268015,1.0083125233650208,0.17907796949148178,0.0
960000,802.3415699005127,-196.94034433364868,31.951939257186226,-0.0032441373903566275,17.41998510360718,1.0599392771720886,0.0017893965246912557,-202.8446437716484,38.501356179268015,1.0083958745002746,0.17239527255296708,0.0
964000,807.408394575119,-200.48162055015564,33.81538860591415,-0.003779838507762179,18.1685791015625,1.0325498700141906,0.003979113946843427,-201.33749593794346,35.67281660955973,1.0057708740234375,0.18613752126693725,0.0
968000,810.5604107379913,-197.179025888443,35.16305839384378,-0.0034883656007878017,20.542784881591796,1.0450294256210326,0.003149845654843375,-201.33749593794346,35.67281660955973,1.0093541979789733,0.20279396027326585,0.0
972000,813.6472463607788,-197.2320146560669,38.12386794972372,-0.0029444061146932654,25.923098754882812,1.0460517168045045,0.002145611936430214,-201.33749593794346,35.67281660955973,1.0068333506584168,0.17918213456869125,0.0
976000,816.7942628860474,-198.15247106552124,28.997877225761506,-0.003732728219620185,18.25336151123047,1.05477454662323,0.001967244190745987,-201.33749593794346,35.67281660955973,1.0049792051315307,0.18844999969005585,0.0
980000,819.9868068695068,-196.35272455215454,31.01924248315632,-0.003497573119966546,27.095720863342287,1.0588370323181153,0.0034096115836291575,-201.33749593794346,35.67281660955973,1.0096250295639038,0.20809113681316377,0.0
984000,823.230367898941,-195.27495956420898,31.85713094187052,-0.0023892563033768967,17.86704053878784,1.0737926244735718,0.0011162847396917642,-201.33749593794346,35.67281660955973,1.0083750247955323,0.1803675413131714,0.0
988000,826.4385044574738,-200.8528549671173,32.26666716492814,-0.0052728121641848705,21.020437049865723,1.0773749470710754,0.0027318451888277196,-201.33749593794346,35.67281660955973,1.0102291822433471,0.1653589591383934,0.0
992000,829.6259438991547,-204.62669253349304,36.891194192354966,-0.0035065606331045273,20.481170654296875,1.0339467644691467,0.0030184251663740724,-201.33749593794346,35.67281660955973,1.0081666946411132,0.15448978394269944,0.0
996000,832.8367993831635,-195.709282040596,35.02407613087239,-0.002833903056671261,34.750214385986325,1.0328530430793763,0.0016344822855899111,-201.33749593794346,35.67281660955973,1.0112500429153441,0.22318437099456787,0.0
1000000,836.0856459140778,-191.01789033412933,33.36529445314669,-0.0033458027377491818,17.66583662033081,1.0254936456680297,0.0038473021042591425,-201.33749593794346,35.67281660955973,1.0079166889190674,0.17151938378810883,0.0
1004000,841.1555018424988,-194.01336073875427,34.884269592273945,-0.004149887483617931,19.843054008483886,0.9978355646133423,0.0030205359365936602,-197.961646348238,27.53846337411151,1.008875024318695,0.1867680221796036,0.0
1008000,844.3098382949829,-191.24821436405182,31.955458604572453,-0.0038960275327553973,23.804309844970703,1.0136630892753602,0.0029254295950522646,-197.961646348238,27.53846337411151,1.0083125114440918,0.2027156412601471,0.0
1012000,847.4510865211487,-196.9274446964264,29.664749109876716,-0.002756039579981007,22.27219467163086,1.0387422919273377,0.003984803846105933,-197.961646348238,27.53846337411151,1.0072500228881835,0.1721529483795166,0.0
1016000,850.5989120006561,-206.66308116912842,36.36902497736763,-0.0031720520459202818,24.540735054016114,1.0344981670379638,0.005229564826004207,-197.961646348238,27.53846337411151,1.0072500348091125,0.21609155535697938,0.0
1020000,853.7560002803802,-198.82420372962952,36.32650960842998,-0.005643441024494678,15.945103168487549,1.0187751173973083,0.007723715997417458,-197.961646348238,27.53846337411151,1.007187509536743,0.16845589727163315,0.0
1024000,856.9333879947662,-201.9439344406128,33.291998914192874,-0.004300110629992559,29.300286102294923,1.0534008860588073,0.003277651177631924,-197.961646348238,27.53846337411151,1.0060625314712524,0.19297332912683487,0.0
1028000,860.215879201889,-190.1628601551056,30.031865211528658,-0.003690929883487115,21.081565284729002,1.0148691058158874,0.003561674039519858,-197.961646348238,27.53846337411151,1.0077083587646485,0.14457371234893798,0.0
1032000,863.4766449928284,-193.85839438438416,33.73270953240104,-0.002945183546398766,18.451204586029053,0.9939282238483429,0.004443332954542712,-197.961646348238,27.53846337411151,1.011020874977112,0.2077078714966774,0.0
1036000,866.7168345451355,-203.86328554153442,36.43458964660668,-0.0038018053875020995,23.141355514526367,0.9924149453639984,0.004044893523678183,-197.961646348238,27.53846337411151,1.0072916865348815,0.13965344429016113,0.0
1040000,869.9113986492157,-202.84508776664734,40.08725862843167,-0.00439008575558546,28.305259132385252,0.9780263066291809,0.0035663601767737417,-197.961646348238,27.53846337411151,1.006041693687439,0.19349130094051362,0.0
1044000,875.3739454746246,-198.90331602096558,35.599431518338136,-0.003705566301505314,20.57970848083496,0.9271377980709076,0.004227393469773233,-202.33276894688606,38.68687266505235,1.0100000143051147,0.16738476157188414,0.0
1048000,878.4786155223846,-199.903018116951,38.905267682803306,-0.0033158028061734514,15.32825984954834,0.9532239019870759,0.002125737692404073,-202.33276894688606,38.68687266505235,1.0066875100135804,0.14688166975975037,0.0
1052000,881.4391689300537,-209.21824073791504,35.31755203529664,-0.004170638552022865,17.381837940216066,0.9392906665802002,0.002582549399812706,-202.33276894688606,38.68687266505235,1.0052708625793456,0.18433559983968734,0.0
1056000,884.3874986171722,-198.91312527656555,29.653295955833627,-0.004613701541711634,17.880027866363527,0.9332633495330811,0.0047458350250963125,-202.33276894688606,38.68687266505235,1.0082708477973938,0.19836064726114272,0.0
1060000,887.3362810611725,-207.1351841688156,32.58309499404468,-0.00347358777471527,15.56359224319458,0.9129957497119904,0.0025135029944067357,-202.33276894688606,38.68687266505235,1.0070208668708802,0.1585695520043373,0.0
1064000,890.2758338451385,-200.65325903892517,36.23451994495698,-0.0036112061352469027,18.182800769805908,0.8959899067878723,0.0015013480791822077,-202.33276894688606,38.68687266505235,1.006125020980835,0.16008247435092926,0.0
1068000,893.2096502780914,-208.07508087158203,31.86541294563319,-0.004347515177505557,19.23204174041748,0.898711085319519,0.003509715717518702,-202.33276894688606,38.68687266505235,1.0054583549499512,0.1791519492864609,0.0
1072000,896.1449160575867,-203.27372097969055,35.281621466145175,-0.004550459889560443,18.346874141693114,0.8840098142623901,0.002413680555764586,-202.33276894688606,38.68687266505235,1.0080000281333923,0.1729782372713089,0.0
1076000,899.1032936573029,-196.12611413002014,30.52498978677613,-0.003782874269745662,18.068800449371338,0.8997814059257507,0.002766128808434587,-202.33276894688606,38.68687266505235,1.0066875100135804,0.13966199904680252,0.0
1080000,902.1131656169891,-206.213121175766,33.16660885105484,-0.0036803208698984236,17.95475959777832,0.8285399496555328,0.0045769579315674495,-202.33276894688606,38.68687266505235,1.0063333630561828,0.17060676515102385,0.0
1084000,906.8727803230286,-211.0495011806488,37.859870498559495,-0.003142320808547083,18.566755485534667,0.8192622840404511,0.003501167954527773,-200.35054899007082,39.53727698120392,1.008020853996277,0.17940421551465988,0.0
1088000,909.9723229408264,-211.46876192092896,43.45888728517065,-0.0017035097946063616,22.02555446624756,0.80345059633255,0.000980474057723768,-200.35054899007082,39.53727698120392,1.0056041955947876,0.18185019344091416,0.0
1092000,913.0996837615967,-202.88418912887573,32.658360386987965,-0.002565819378651213,16.977926826477052,0.8476683378219605,0.0024794906872557475,-200.35054899007082,39.53727698120392,1.005833351612091,0.1765576958656311,0.0
1096000,916.0623700618744,-197.4748476743698,29.769144655606627,-0.00426658884725839,11.757312202453614,0.8489485144615173,0.002783169362737681,-200.35054899007082,39.53727698120392,1.0082708716392517,0.14389801621437073,0.0
1100000,919.0088458061218,-197.58252012729645,38.46632747654251,-0.0031904896124615332,19.964558029174803,0.8114989399909973,0.0027401654413552025,-200.35054899007082,39.53727698120392,1.0066250324249268,0.13551055490970612,0.0
1104000,921.924209356308,-208.82704091072083,38.77332198430554,-0.0020527709421003237,19.661342906951905,0.788509726524353,0.002973955700872466,-200.35054899007082,39.53727698120392,1.0045000195503235,0.17492231279611586,0.0
1108000,924.8322772979736,-206.55460786819458,30.129764527777983,-0.003497324818454217,19.16769962310791,0.7762626528739929,0.003021360897400882,-200.35054899007082,39.53727698120392,1.0060625195503234,0.1750395864248276,0.0
1112000,927.7660412788391,-215.60722517967224,39.104766261067105,-0.003327880164943053,17.283680057525636,0.773037052154541,0.002976896422842401,-200.35054899007082,39.53727698120392,1.0061875104904174,0.14443504959344863,0.0
1116000,930.7061719894409,-209.47782731056213,35.63366163194676,-0.004174148548918311,21.37714672088623,0.8166705667972565,0.003200834459858015,-200.35054899007082,39.53727698120392,1.0075416922569276,0.18232079446315766,0.0
1120000,933.643801689148,-200.44988346099854,31.46990690603261,-0.0042315925660659556,18.55669584274292,0.8035097658634186,0.004415243782568723,-200.35054899007082,39.53727698120392,1.0087708711624146,0.1570131704211235,0.0
1124000,938.876638174057,-215.82439875602722,39.535041975453865,-0.004389815109971096,32.47241382598877,0.8409525930881501,0.005878107459284365,-205.58528153598309,33.22304314732268,1.00583336353302,0.11432091519236565,0.0
1128000,942.0747957229614,-203.8659394979477,42.01433531385604,-0.0029207749728811907,19.052517318725585,0.8625131964683532,0.0011370984066161327,-205.58528153598309,33.22304314732268,1.0089791893959046,0.18782830983400345,0.0
1132000,945.2562172412872,-198.68407249450684,34.28812867762185,-0.003980544430669397,19.493986988067626,0.8288697481155396,0.003853519297263119,-205.58528153598309,33.22304314732268,1.0079167008399963,0.16979181468486787,0.0
1136000,948.4356961250305,-203.2024576663971,36.50440151924418,-0.0025921761800418606,15.540175247192384,0.8365413963794708,0.0025317606501630507,-205.58528153598309,33.22304314732268,1.004812526702881,0.18681659698486328,0.0
1140000,951.7460477352142,-198.42366862297058,32.401217223894896,-0.005052771807822864,14.731834983825683,0.8307046592235565,0.0037711239827331157,-205.58528153598309,33.22304314732268,1.0063750267028808,0.18680111914873124,0.0
1144000,954.9134333133698,-206.0576684474945,38.20267986090395,-0.004450738430750789,16.96062078475952,0.8125598073005676,0.0032681278506061064,-205.58528153598309,33.22304314732268,1.0044583439826966,0.15459876507520676,0.0
1148000,958.1003711223602,-197.2948341369629,31.20120620888082,-0.0033971355217431664,18.242511558532716,0.7915858924388885,0.0017685320941382087,-205.58528153598309,33.22304314732268,1.00447918176651,0.13967523276805877,0.0
1152000,961.2865767478943,-205.37572717666626,32.627721889373674,-0.002816213885671459,17.3609206199646,0.7823222398757934,0.0016392685640312266,-205.58528153598309,33.22304314732268,1.005666697025299,0.16585278511047363,0.0
1156000,964.4582667350769,-203.31087255477905,31.939819009261804,-0.004143978338106535,19.448599815368652,0.7369838714599609,0.0024797852180199697,-205.58528153598309,33.22304314732268,1.0096250295639038,0.17224278748035432,0.0
1160000,967.6176652908325,-202.65049028396606,32.47287141861135,-0.002436594502069056,17.971662712097167,0.7729577660560608,0.002588871537591331,-205.58528153598309,33.22304314732268,1.006541657447815,0.1210547149181366,0.0
1164000,972.7065513134003,-201.06050729751587,39.226040024075935,-0.002720712293375982,26.71281490325928,0.7728263080120087,0.002064672781853005,-206.31050637364388,40.0806894731159,1.0066041827201844,0.1675214096903801,0.0
1168000,975.9788365364075,-201.494300365448,37.009914763190224,-0.0031749325919008696,15.590053367614747,0.7802783668041229,0.0027265814220299943,-206.31050637364388,40.0806894731159,1.0066875219345093,0.15646398216485977,0.0
1172000,979.1988215446472,-205.87462043762207,33.981589605939966,-0.004047424380814846,13.84806432723999,0.692949402332306,0.0034635792326298542,-206.31050637364388,40.0806894731159,1.00620836019516,0.1609973981976509,0.0
1176000,982.3794023990631,-206.67415046691895,31.121460742216698,-0.004013890505302697,17.844761276245116,0.6937357723712921,0.004170807922491804,-206.31050637364388,40.0806894731159,1.0062291860580443,0.1593357428908348,0.0
1180000,985.6080377101898,-202.6112321615219,36.392245067841685,-0.0035832595938700253,19.86180181503296,0.7666552424430847,0.0027589083038037643,-206.31050637364388,40.0806894731159,1.0060625195503234,0.16594580113887786,0.0
1184000,988.8101766109467,-210.4246747493744,41.91784014131855,-0.004564892005873844,18.825968074798585,0.7355367064476013,0.0029435589764034375,-206.31050637364388,40.0806894731159,1.0044166803359986,0.1735444039106369,0.0
1188000,992.1033055782318,-202.4202287197113,28.245437856021262,-0.003117170532641467,15.436892986297607,0.6927612543106079,0.0030158796726027504,-206.31050637364388,40.0806894731159,1.0067291855812073,0.21577658206224443,0.0
1192000,995.2859990596771,-202.37384009361267,34.65396224802662,-0.003477378147363197,16.517972469329834,0.7298881828784942,0.0026454855847987345,-206.31050637364388,40.0806894731159,1.0063750386238097,0.1851777046918869,0.0
1196000,998.4374513626099,-201.02197217941284,33.40815322279395,-0.00314559097532765,20.317821311950684,0.723913025856018,0.0023480190138798207,-206.31050637364388,40.0806894731159,1.0071458578109742,0.16749292612075806,0.0
1200000,1001.6262214183807,-216.57358622550964,44.09328807063614,-0.002519959349592682,24.54494514465332,0.7516385018825531,0.0019999465803266503,-206.31050637364388,40.0806894731159,1.0051875233650207,0.16012338995933534,0.0
1204000,1006.6205139160156,-203.40279960632324,31.282730895520203,-0.004066499396867584,11.828204917907716,0.7921888947486877,0.006579613476969825,-216.0024714767933,43.163574674012246,1.0037500143051148,0.17409543693065643,0.0
1208000,1009.8135380744934,-204.09567070007324,32.16105666647026,-0.005056923266965896,12.316405963897704,0.8064972221851349,0.0050104166672099385,-216.0024714767933,43.163574674012246,1.005833351612091,0.1819362610578537,0.0
1212000,1013.0293140411377,-200.60912680625916,33.77651431566422,-0.003391943475435255,21.883274459838866,0.8550879955291748,0.0034049512965793837,-216.0024714767933,43.163574674012246,1.0084583520889283,0.15320466458797455,0.0
1216000,1016.2282159328461,-205.72701859474182,40.928091190187445,-0.00325247586806654,27.714795684814455,0.8867209374904632,0.0028517531318357214,-216.0024714767933,43.163574674012246,1.0053125500679017,0.17656328678131103,0.0
1220000,1019.3834590911865,-208.7707121372223,38.69467502348218,-0.00410838394673192,18.51645669937134,0.8349583566188812,0.004836943614645861,-216.0024714767933,43.163574674012246,1.0054583430290223,0.14747193306684495,0.0
1224000,1022.550332069397,-200.33977389335632,38.41757246982331,-0.0026720391419075896,24.108925819396973,0.8365905046463012,0.00479598901783902,-216.0024714767933,43.163574674012246,1.004354178905487,0.19088652580976487,0.0
1228000,1025.7136416435242,-205.74943375587463,28.394904057566414,-0.0037268001513439232,11.720934677124024,0.8339553296566009,0.004427058136207052,-216.0024714767933,43.163574674012246,1.006333351135254,0.17545173317193985,0.0
1232000,1028.9581294059753,-210.57310724258423,28.62279329688745,-0.0033326462042168716,17.392098426818848,0.8084277987480164,0.0030282348321634344,-216.0024714767933,43.163574674012246,1.0057083249092102,0.18519434183835984,0.0
1236000,1032.1766800880432,-204.65187311172485,31.89953323638227,-0.004891882972151507,13.061814117431641,0.834391611814499,0.002619842061540112,-216.0024714767933,43.163574674012246,1.0055416822433472,0.1892486184835434,0.0
1240000,1035.3976759910583,-203.5793707370758,35.91821939560801,-0.004446777479461162,20.1810583114624,0.785537725687027,0.0025676968856714667,-216.0024714767933,43.163574674012246,1.0060625314712524,0.15776363313198088,0.0
1244000,1040.4370934963226,-198.58775186538696,38.67740081849354,-0.00414156989827461,19.95542469024658,0.8257538139820099,0.0043392896521254444,-205.96862089633942,38.852332553398625,1.00583336353302,0.16871831119060515,0.0
1248000,1043.612359046936,-205.72020077705383,37.477448897200524,-0.0037857518871533104,22.655252265930176,0.7867755830287934,0.002202862934791483,-205.96862089633942,38.852332553398625,1.004520869255066,0.17436405420303344,0.0
1252000,1046.8074045181274,-208.63899517059326,32.33766235320135,-0.003043301126308506,17.408984184265137,0.8266108393669128,0.002290278849613969,-205.96862089633942,38.852332553398625,1.0049583554267882,0.16304876953363417,0.0
1256000,1050.0200417041779,-208.08459544181824,34.69665472685623,-0.0040050273179076615,17.46146059036255,0.841535997390747,0.0034665791579755025,-205.96862089633942,38.852332553398625,1.0057708740234375,0.1723511904478073,0.0
1260000,1053.2429609298706,-202.97010838985443,32.63802840552561,-0.0029660911575774664,13.49410982131958,0.7735913574695588,0.004489275690866634,-205.96862089633942,38.852332553398625,1.0062291979789735,0.14184852540493012,0.0
1264000,1056.4823417663574,-202.9686336517334,33.355096637303696,-0.0030019985173566966,17.648305320739745,0.7558181643486023,0.0014133739969111048,-205.96862089633942,38.852332553398625,1.0053125262260436,0.14836304485797883,0.0
1268000,1059.663323879242,-212.1176176071167,35.12296237677985,-0.0048402765163700675,15.333714866638184,0.7883807837963104,0.003741653531005795,-205.96862089633942,38.852332553398625,1.0036666989326477,0.1418462485074997,0.0
1272000,1062.8265988826752,-197.12228751182556,31.238371443200663,-0.003822862911329139,17.294625091552735,0.8298314392566681,0.0037241728918161244,-205.96862089633942,38.852332553398625,1.0047708749771118,0.1386624500155449,0.0
1276000,1066.0108711719513,-199.65966415405273,31.20145305242185,-0.00461820561758941,17.83347930908203,0.885693883895874,0.0027301926747895777,-205.96862089633942,38.852332553398625,1.004562509059906,0.17941490113735198,0.0
1280000,1069.3075070381165,-203.1760721206665,35.68746060847269,-0.00395209310172504,25.723989486694336,0.8232253134250641,0.00456077511262265,-205.96862089633942,38.852332553398625,1.0037916779518128,0.12622011154890062,0.0
1284000,1074.329823732376,-197.1301667690277,28.3931948800009,-0.00460934442053258,18.00834150314331,0.8317696511745453,0.004801438798313029,-200.2742938399315,34.880712013705605,1.0036875247955321,0.13993052691221236,0.0
1288000,1077.5174140930176,-204.3426651954651,33.97871185729126,-0.004630304254715156,14.22867031097412,0.7707647502422332,0.004153270045935642,-200.2742938399315,34.880712013705605,1.0029791712760925,0.11626216620206833,0.0
1292000,1080.66335439682,-203.01009702682495,43.977280971075416,-0.0014563313943654066,25.79431438446045,0.7320209860801696,0.0010048344178358094,-200.2742938399315,34.880712013705605,1.0050000190734862,0.14991686195135118,0.0
1296000,1083.812655210495,-204.23510694503784,34.62837768049545,-0.003443608796897024,13.286529159545898,0.7428807556629181,0.003420682530850172,-200.2742938399315,34.880712013705605,1.0034583449363708,0.13768304884433746,0.0
1300000,1086.9655547142029,-199.34982109069824,32.827473310907116,-0.004488276949632564,13.598576545715332,0.746183180809021,0.0041021369630470875,-200.2742938399315,34.880712013705605,1.0065833687782288,0.14398372918367386,0.0
1304000,1090.139631986618,-210.1333773136139,34.8321042200101,-0.002994901448255405,17.28502540588379,0.6945046663284302,0.003899483595159836,-200.2742938399315,34.880712013705605,1.0038958549499513,0.1442548856139183,0.0
1308000,1093.3236696720123,-204.48107171058655,37.63836399536427,-0.0034554883415694347,16.866207885742188,0.7098240971565246,0.001395103058894165,-200.2742938399315,34.880712013705605,1.004229199886322,0.13979889452457428,0.0
1312000,1096.5566575527191,-201.12536525726318,34.854234100590766,-0.003336533130641328,15.758694458007813,0.7316571652889252,0.0014374101243447512,-200.2742938399315,34.880712013705605,1.0047500371932983,0.18092511594295502,0.0
1316000,1099.7467517852783,-201.80179286003113,38.395843554631064,-0.004503589954401832,21.50451030731201,0.799666702747345,0.005753684852970764,-200.2742938399315,34.880712013705605,1.0039791703224181,0.17318675816059112,0.0
1320000,1102.929181098938,-212.13691401481628,41.98558259273228,-0.004284354925039225,15.6492844581604,0.7905469477176666,0.0031507624022196977,-200.2742938399315,34.880712013705605,1.0035416722297668,0.1719825267791748,0.0
1324000,1107.9761426448822,-200.69722867012024,34.486233458145,-0.0035635887026728595,16.643636894226074,0.8060546875,0.0016196860538912005,-202.35696437954903,42.261256937408675,1.0031458616256714,0.15001840591430665,0.0
1328000,1111.181584596634,-210.086243391037,39.69153362723843,-0.004319735707395011,14.931285095214843,0.7554672241210938,0.0036322734493296595,-202.35696437954903,42.261256937408675,1.0034375190734863,0.13881775438785554,0.0
1332000,1114.36940574646,-211.79318022727966,46.608942155571874,-0.003182138057491102,26.56406593322754,0.7598795711994171,0.0009198592186294263,-202.35696437954903,42.261256937408675,1.0045208573341369,0.15285442173480987,0.0
1336000,1117.537516593933,-204.986390709877,41.41440810468551,-0.0043212329641391985,18.2491662979126,0.7350348174571991,0.0019825798081001267,-202.35696437954903,42.261256937408675,1.0047500133514404,0.13972946554422377,0.0
1340000,1120.7176151275635,-197.0653760433197,30.106370185252466,-0.0030035875869543816,14.236189842224121,0.8060292065143585,0.0024730855962843633,-202.35696437954903,42.261256937408675,1.0036875367164613,0.1377662092447281,0.0
1344000,1123.8957707881927,-206.0541878938675,44.1349185582748,-0.004243478767602937,20.292599487304688,0.7760679304599762,0.0034780525355017746,-202.35696437954903,42.261256937408675,1.0036458492279052,0.15397968739271164,0.0
1348000,1127.0437672138214,-198.33901023864746,32.30638539207351,-0.005468699922130327,13.297057342529296,0.7817037582397461,0.005447639781823455,-202.35696437954903,42.261256937408675,1.0024583458900451,0.1507236734032631,0.0
1352000,1130.2372798919678,-197.46822714805603,33.32995294063345,-0.004578802164542139,18.43437042236328,0.8085613012313843,0.003935165365692228,-202.35696437954903,42.261256937408675,1.0043333530426026,0.1400339648127556,0.0
1356000,1133.439840555191,-200.97148418426514,33.00304017983843,-0.0046920247870730234,17.568122100830077,0.8196674227714539,0.0033073890779633077,-202.35696437954903,42.261256937408675,1.0039583325386048,0.11926466301083564,0.0
1360000,1136.6205761432648,-204.0350227355957,41.53597428576355,-0.0034041320028336485,18.74803705215454,0.81358522772789,0.0019112984300591052,-202.35696437954903,42.261256937408675,1.0032083511352539,0.1256371483206749,0.0
1364000,1141.5965976715088,-203.03398537635803,42.53151920679477,-0.005978679300642398,12.39528684616089,0.7559388935565948,0.004179114840371767,-198.968948751688,35.78222708751551,1.004020869731903,0.1150794081389904,0.0
1368000,1144.8214473724365,-200.02154159545898,37.18610362622718,-0.0039512499490228946,18.202990436553954,0.7643108010292053,0.0019724275651242353,-198.968948751688,35.78222708751551,1.003291702270508,0.1099141888320446,0.0
1372000,1148.092265844345,-202.70357131958008,37.65934594701532,-0.005433103424684305,16.80200128555298,0.7120419323444367,0.002124773178366013,-198.968948751688,35.78222708751551,1.0034791827201843,0.12195542678236962,0.0
1376000,1151.2478818893433,-203.01073360443115,36.874885194922804,-0.003284607643217896,26.72043056488037,0.7914211094379425,0.00411977396288421,-198.968948751688,35.78222708751551,1.0038125038146972,0.14211239218711852,0.0
1380000,1154.463568687439,-207.95606517791748,39.36497140642445,-0.003049780715809902,17.841985034942628,0.6999141275882721,0.0032106776954606174,-198.968948751688,35.78222708751551,1.0046458482742309,0.16801317781209946,0.0
1384000,1157.669031381607,-211.17523956298828,33.798730113518836,-0.0027646539769193624,18.980346775054933,0.7136690735816955,0.003364176896866411,-198.968948751688,35.78222708751551,1.0045833587646484,0.11767778471112252,0.0
1388000,1160.8603823184967,-198.56382846832275,32.94399716144365,-0.0038109325812911267,11.79478578567505,0.7276134669780732,0.0030707474565133453,-198.968948751688,35.78222708751551,1.004770863056183,0.12842274010181426,0.0
1392000,1164.0402867794037,-208.74536299705505,35.44882337450236,-0.0026907982502677895,16.19731159210205,0.6704204320907593,0.004131497320486233,-198.968948751688,35.78222708751551,1.002958345413208,0.12486400976777076,0.0
1396000,1167.208821773529,-202.02093315124512,37.38768036827799,-0.0031835521062021145,21.88765697479248,0.719039922952652,0.0019275343365734443,-198.968948751688,35.78222708751551,1.0034375190734863,0.14711923003196717,0.0
1400000,1170.3842689990997,-197.6999156475067,37.24090937652872,-0.00483011917967815,17.73835153579712,0.7472415208816529,0.0035107066374621353,-198.968948751688,35.78222708751551,1.0044166922569275,0.17381985038518905,0.0
1404000,1175.574940443039,-194.37009739875793,33.76889791197417,-0.0032361312532884767,20.05974464416504,0.7471335887908935,0.0027614915707090404,-194.99279759079218,29.00299951598712,1.0033958554267883,0.14510365277528764,0.0
1408000,1178.7529485225677,-194.0689264535904,31.951508525428654,-0.004828580687171779,13.374733257293702,0.7539693176746368,0.004539239965379238,-194.99279759079218,29.00299951598712,1.0026875138282776,0.16531912833452225,0.0
1412000,1181.9002268314362,-213.4027624130249,36.95342934961435,-0.004618313483661041,20.37553119659424,0.7796723902225494,0.003309835107938852,-194.99279759079218,29.00299951598712,1.002625012397766,0.15678010731935502,0.0
1416000,1185.1186685562134,-193.68916130065918,34.92421956514962,-0.0043036137296439845,14.928588771820069,0.7381314754486084,0.003696601090632612,-194.99279759079218,29.00299951598712,1.0032083511352539,0.15189943909645082,0.0
1420000,1188.3361809253693,-207.657457113266,54.36439806288179,-0.005165347064757952,18.78175287246704,0.7333871722221375,0.0028536017242004165,-194.99279759079218,29.00299951598712,1.004645836353302,0.1419864848256111,0.0
1424000,1191.5280323028564,-199.06510424613953,34.48994305973145,-0.0038364910491509364,15.12458095550537,0.7387853026390075,0.001956684738252079,-194.99279759079218,29.00299951598712,1.0034166812896728,0.1552198961377144,0.0
1428000,1194.707575082779,-200.83656239509583,37.177981863942755,-0.005444874046952463,23.4865779876709,0.8036669194698334,0.0037486571310239468,-194.99279759079218,29.00299951598712,1.003416693210602,0.1454721510410309,0.0
1432000,1197.8708446025848,-201.58749413490295,34.47355997545844,-0.004645009910746012,19.207228565216063,0.7513969540596008,0.003724102121486794,-194.99279759079218,29.00299951598712,1.0030208706855774,0.14571802467107772,0.0
1436000,1201.0362980365753,-199.82503056526184,32.857293281634846,-0.004714841626264388,14.892856121063232,0.7882047235965729,0.003524087412370136,-194.99279759079218,29.00299951598712,1.0033750176429748,0.16323671489953995,0.0
1440000,1204.188593864441,-199.48857069015503,35.5091056057957,-0.004569784335035365,22.03833465576172,0.8031108677387238,0.003539815240947064,-194.99279759079218,29.00299951598712,1.0031666874885559,0.1601283609867096,0.0
1444000,1209.13108420372,-196.03475666046143,26.79197534574878,-0.004531606491946149,14.985439872741699,0.7649255454540252,0.00404523588513257,-190.86418248713017,27.416445758018057,1.0026458501815796,0.1407840371131897,0.0
1448000,1212.367267370224,-203.1266016960144,38.1021194855337,-0.004302247366467782,24.482858657836914,0.7961386799812317,0.003654312022263184,-190.86418248713017,27.416445758018057,1.0037083387374879,0.13814745396375655,0.0
1452000,1215.5781388282776,-205.91812992095947,31.56498351207269,-0.002247518556760042,23.26731433868408,0.7318326115608216,0.0019339656836109497,-190.86418248713017,27.416445758018057,1.0024375200271607,0.09444479271769524,0.0
1456000,1218.7505731582642,-198.27908885478973,35.903889511284255,-0.003939835383789614,15.483777141571045,0.8011650919914246,0.0032334227729734267,-190.86418248713017,27.416445758018057,1.0028333425521851,0.1550271064043045,0.0
1460000,1222.0485591888428,-202.2386236190796,31.69837381622735,-0.0034504397881391924,17.565504455566405,0.7909331262111664,0.002929174806922674,-190.86418248713017,27.416445758018057,1.0038125157356261,0.14503375589847564,0.0
1464000,1225.2752873897552,-205.04938983917236,39.15426532155768,-0.0038111134490463883,24.759650039672852,0.7426539659500122,0.0021831140387803317,-190.86418248713017,27.416445758018057,1.0025833606719972,0.18092175126075744,0.0
1468000,1228.4326059818268,-208.56274485588074,38.630101513194184,-0.005919499702577014,21.24927501678467,0.7412467002868652,0.00538776348112151,-190.86418248713017,27.416445758018057,1.0027916789054871,0.16221277713775634,0.0
1472000,1231.6026334762573,-204.95084166526794,36.75376399360872,-0.0051073542615995395,14.283453845977784,0.7458576917648315,0.0028841372797614893,-190.86418248713017,27.416445758018057,1.0039583563804626,0.1507331222295761,0.0
1476000,1234.792772769928,-201.43170976638794,34.81988556792294,-0.005447127473235014,14.181203460693359,0.7117755830287933,0.0037793512847201782,-190.86418248713017,27.416445758018057,1.0026458621025085,0.13636108189821244,0.0
1480000,1237.9825131893158,-212.12676548957825,34.999633079740015,-0.003483352243347326,26.89011631011963,0.7279726028442383,0.0034623387662577445,-190.86418248713017,27.416445758018057,1.0039375185966493,0.1489844024181366,0.0
1484000,1242.9411749839783,-197.84292709827423,34.19222209229409,-0.0046804229142253465,23.686903953552246,0.779873150587082,0.0059809543192386625,-202.33185575902462,31.02740512856662,1.0026875138282776,0.14623667001724244,0.0
1488000,1245.932490348816,-199.428293466568,36.31220399205828,-0.0040420355151582045,26.849194145202638,0.7756098628044128,0.0010618747954140417,-202.33185575902462,31.02740512856662,1.0028541564941407,0.1281522825360298,0.0
1492000,1248.9370293617249,-201.01900434494019,32.90032841365007,-0.004996115549874958,18.07212028503418,0.7706469058990478,0.004185968203091761,-202.33185575902462,31.02740512856662,1.0028541803359985,0.14121729731559754,0.0
1496000,1252.0678288936615,-199.46280574798584,34.471032535251624,-0.004458527870156104,16.772062492370605,0.748526805639267,0.002829787448536081,-202.33185575902462,31.02740512856662,1.0038750052452088,0.13944294303655624,0.0
1500000,1255.2320466041565,-206.09912109375,32.3151990636469,-0.004486437793821097,22.367162132263182,0.7386851906776428,0.002599337522406131,-202.33185575902462,31.02740512856662,1.0037500262260437,0.12285510599613189,0.0
1504000,1258.3445100784302,-203.08551716804504,32.15473177640531,-0.005061500474039349,17.664445209503175,0.7158301472663879,0.004520177083759336,-202.33185575902462,31.02740512856662,1.0051041960716247,0.13900452703237534,0.0
1508000,1261.5618257522583,-199.01806497573853,40.488084769986806,-0.004004925428853312,17.876883220672607,0.6802302896976471,0.002399402608170931,-202.33185575902462,31.02740512856662,1.0036458730697633,0.13345282077789306,0.0
1512000,1264.7096014022827,-202.4219353199005,45.6977708543866,-0.004251238691722392,23.39600772857666,0.7007356941699981,0.0024418857792625204,-202.33185575902462,31.02740512856662,1.0033958554267883,0.12402163669466973,0.0
1516000,1267.9166297912598,-201.43406116962433,35.91534270579233,-0.004729518490785267,14.287687492370605,0.7074852645397186,0.0033292951269686456,-202.33185575902462,31.02740512856662,1.004895842075348,0.1283814623951912,0.0
1520000,1271.0740792751312,-202.66678833961487,40.53741460622945,-0.003469755705737043,21.045991325378417,0.7031216382980346,0.003841351857408881,-202.33185575902462,31.02740512856662,1.0044583678245544,0.15468834191560746,0.0
1524000,1276.0525681972504,-196.57592296600342,34.9143837749595,-0.0032715385510527994,16.168253898620605,0.6474400341510773,0.00403659841103945,-205.5096601843834,34.84523033558083,1.0040833473205566,0.12527322620153428,0.0
1528000,1279.2089612483978,-203.82524156570435,33.149406406838345,-0.0043145650673068305,19.436714553833006,0.7255507111549377,0.0036243040332919916,-205.5096601843834,34.84523033558083,1.003000020980835,0.13724689036607743,0.0
1532000,1282.3727016448975,-197.78599905967712,31.32060652187499,-0.003887217181363667,16.674845695495605,0.7188868761062622,0.0019785688484262208,-205.5096601843834,34.84523033558083,1.002875018119812,0.1467733770608902,0.0
1536000,1285.6128685474396,-207.6429579257965,38.65399864083349,-0.0031469837369513696,28.130410766601564,0.6989004969596863,0.002126722765387967,-205.5096601843834,34.84523033558083,1.0031458616256714,0.12352452725172043,0.0
1540000,1288.9202585220337,-214.32944536209106,37.24369487849663,-0.004353976108177449,20.95452537536621,0.7041770279407501,0.002784023669664748,-205.5096601843834,34.84523033558083,1.00270836353302,0.1140005685389042,0.0
1544000,1292.1115493774414,-217.71652817726135,46.459057796598,-0.005318728486872715,19.665497303009033,0.7320757448673249,0.005144083756022155,-205.5096601843834,34.84523033558083,1.0035625100135803,0.15448824912309647,0.0
1548000,1295.306922674179,-205.23042607307434,34.92787587841592,-0.00367571827955544,16.51752691268921,0.7753899991512299,0.004207729644258506,-205.5096601843834,34.84523033558083,1.002750027179718,0.12153617441654205,0.0
1552000,1298.5644052028656,-205.69227635860443,43.20551663192334,-0.004825495667319046,17.900990676879882,0.7315016508102417,0.003089286110480316,-205.5096601843834,34.84523033558083,1.0057708621025085,0.1336463063955307,0.0
1556000,1301.8480219841003,-214.07170462608337,44.29156583982562,-0.002930075456970371,28.68588981628418,0.7625878572463989,0.002208233876081067,-205.5096601843834,34.84523033558083,1.0031875252723694,0.13057854473590852,0.0
1560000,1304.9859385490417,-196.66344022750854,33.298544716774025,-0.0033395135007594943,17.35714273452759,0.7759819865226746,0.0034903713065432386,-205.5096601843834,34.84523033558083,1.0045000195503235,0.1367019683122635,0.0
1564000,1309.9672677516937,-207.11421394348145,38.00496483656609,-0.0033308346117337352,20.750860023498536,0.7437396883964539,0.0017029388623996055,-213.33549267053604,38.29975638540696,1.0023333430290222,0.11534634381532669,0.0
1568000,1313.1586093902588,-209.35245323181152,39.152033450791855,-0.004974155162926763,16.758196449279787,0.7304173648357392,0.004614877351559699,-213.33549267053604,38.29975638540696,1.0031041860580445,0.13599356710910798,0.0
1572000,1316.3400249481201,-205.1324269771576,43.10374647472251,-0.0036396348081325415,21.18510513305664,0.723292863368988,0.0034341071965172886,-213.33549267053604,38.29975638540696,1.0033333539962768,0.12712525725364685,0.0
1576000,1319.392812013626,-206.26184678077698,33.751849575983556,-0.004779583435447421,17.35484399795532,0.7022559940814972,0.0020856639683188407,-213.33549267053604,38.29975638540696,1.0035000324249268,0.1468128055334091,0.0
1580000,1322.5617563724518,-198.6472406387329,39.382180397080774,-0.002987940952880308,24.180145263671875,0.6726965725421905,0.0023593759309733287,-213.33549267053604,38.29975638540696,1.0033750176429748,0.12810354083776473,0.0
1584000,1325.762741804123,-203.04088377952576,39.64906171307623,-0.0033529773478221613,28.12250385284424,0.6950893759727478,0.00522740644228179,-213.33549267053604,38.29975638540696,1.0049583554267882,0.11849113181233406,0.0
1588000,1328.9945840835571,-196.87907767295837,36.545816711945236,-0.0032580114815573325,21.099317359924317,0.6946806848049164,0.004885809012921527,-213.33549267053604,38.29975638540696,1.0038958668708802,0.12418222427368164,0.0
1592000,1332.171961069107,-202.75733041763306,34.22611639920659,-0.0021969807625282557,26.176306915283202,0.7107695758342742,0.0016378373038605787,-213.33549267053604,38.29975638540696,1.004895853996277,0.11980002075433731,0.0
1596000,1335.4130041599274,-194.2609989643097,31.44736079059914,-0.004373166779987514,19.432960414886473,0.7206051588058472,0.002869397372705862,-213.33549267053604,38.29975638540696,1.0036875128746032,0.1036693274974823,0.0
1600000,1338.6326076984406,-198.2005945444107,34.267503654170945,-0.0011381168582374813,34.25810279846191,0.7105000436305999,0.0019486497214529664,-213.33549267053604,38.29975638540696,1.0031458735466003,0.12855537086725236,0.0
1604000,1343.7450242042542,-201.10440385341644,36.984264549652856,-0.0031332720282080118,26.069851303100585,0.7129133820533753,0.0047110036401136314,-202.76425179839134,39.61420362588354,1.0035417079925537,0.0894576869904995,0.0
1608000,1346.6848764419556,-200.09298408031464,34.83903001708109,-0.004158553874367499,22.278885269165038,0.7017741203308105,0.0018107373765815283,-202.76425179839134,39.61420362588354,1.004437518119812,0.08840133920311928,0.0
1612000,1349.8542251586914,-198.22774076461792,36.237781932111815,-0.004149466653916534,17.399067401885986,0.6856667935848236,0.00187860027908755,-202.76425179839134,39.61420362588354,1.0032708644866943,0.10381126180291175,0.0
1616000,1353.051296710968,-197.54901957511902,33.65001107313636,-0.0036593440130673117,23.71597843170166,0.6652539789676666,0.004201079334598035,-202.76425179839134,39.61420362588354,1.0042291760444642,0.11662989631295204,0.0
1620000,1356.232750415802,-194.00121355056763,32.192503445879815,-0.0038797506684204565,26.850121879577635,0.656938225030899,0.0033512762573082,-202.76425179839134,39.61420362588354,1.004604172706604,0.14101283103227616,0.0
1624000,1359.3501160144806,-201.7664337158203,38.69001792604045,-0.0030411200194066625,28.357876586914063,0.7061205744743347,0.002421283346484415,-202.76425179839134,39.61420362588354,1.00427086353302,0.1358776420354843,0.0
1628000,1362.4901077747345,-197.79719519615173,36.66590039934116,-0.0034491608217649627,30.753985023498537,0.6764736652374268,0.0005548476863623363,-202.76425179839134,39.61420362588354,1.0043333530426026,0.16669278591871262,0.0
1632000,1365.7274656295776,-202.91810631752014,37.82878285005173,-0.003325739942101791,33.67320518493652,0.6758899092674255,0.003362299995205831,-202.76425179839134,39.61420362588354,1.0043542027473449,0.0975341558456421,0.0
1636000,1369.0664706230164,-197.827214717865,29.143146541226027,-0.002235302010126361,39.490732955932614,0.6272286832332611,0.002378247342130635,-202.76425179839134,39.61420362588354,1.0038125157356261,0.13639772981405257,0.0
1640000,1372.211748123169,-197.34202182292938,38.2185349904184,-0.0016616523953416618,26.98656520843506,0.6507073044776917,0.002325424793525599,-202.76425179839134,39.61420362588354,1.0030833601951599,0.132271970808506,0.0
1644000,1377.2501516342163,-205.52301478385925,39.89106358874753,-0.002505057747475803,28.837729263305665,0.6146110713481903,0.0022885760281496914,-210.685107588768,36.219006226313525,1.0045833468437195,0.12698872536420822,0.0
1648000,1380.443463087082,-193.08750939369202,35.37896791318653,-0.0021935716877123923,37.93252449035644,0.6016354143619538,0.0024582750716945156,-210.685107588768,36.219006226313525,1.0052083611488343,0.14789733588695525,0.0
1652000,1383.6120223999023,-192.35228991508484,39.26429133297162,-0.002900580016284948,32.52231407165527,0.6438747346401215,0.002948350110091269,-210.685107588768,36.219006226313525,1.004729199409485,0.15410212576389312,0.0
1656000,1386.7892985343933,-200.9118161201477,41.78247436654951,-0.0030185836665623357,39.99116096496582,0.5645802319049835,0.0024878749423805856,-210.685107588768,36.219006226313525,1.0045625209808349,0.12181082665920258,0.0
1660000,1389.9619908332825,-206.37614035606384,36.931823891829055,-0.0027810408879304304,28.925686645507813,0.588218492269516,0.001436523170923465,-210.685107588768,36.219006226313525,1.004812526702881,0.12651985436677932,0.0
1664000,1393.132993221283,-194.51117765903473,29.118360583694187,-0.0033941224228328792,31.173178291320802,0.5888109982013703,0.002752814392442815,-210.685107588768,36.219006226313525,1.0033333539962768,0.13553395569324495,0.0
1668000,1396.2788100242615,-194.1222620010376,38.21368168679464,-0.002978317438828526,30.417072296142578,0.641619610786438,0.0016711944535927614,-210.685107588768,36.219006226313525,1.0039375185966493,0.15578682869672775,0.0
1672000,1399.4309587478638,-197.83482789993286,37.83933612514597,-0.004146487304751645,27.962759017944336,0.5991833865642547,0.004554883786477148,-210.685107588768,36.219006226313525,1.0046666860580444,0.13418579548597337,0.0
1676000,1402.6227169036865,-202.63505959510803,34.086446901083235,-0.0030410538074647775,43.057908630371095,0.6555884659290314,0.0037877410461078396,-210.685107588768,36.219006226313525,1.0023750066757202,0.09922498166561126,0.0
1680000,1405.8374645709991,-189.03656268119812,33.71348103934404,-0.003654374102006841,30.42215003967285,0.616003155708313,0.0026219144150672947,-210.685107588768,36.219006226313525,1.0031041860580445,0.11124041378498077,0.0
1684000,1410.9315140247345,-206.2113983631134,74.68507581150152,-0.003412236805070279,29.32529468536377,0.5790492117404937,0.0014577920490410178,-202.72982443869114,37.68143034459584,1.0032083630561828,0.1348555102944374,0.0
1688000,1414.1131873130798,-195.5811803340912,34.90605181073373,-0.0034654154454983655,38.80613555908203,0.6804817855358124,0.004624952871381538,-202.72982443869114,37.68143034459584,1.0029583334922791,0.11510565727949143,0.0
1692000,1417.3804042339325,-204.3093273639679,43.45707054381191,-0.0028625956027099166,42.367264938354495,0.6785435557365418,0.003349159561912529,-202.72982443869114,37.68143034459584,1.0036041736602783,0.10024095177650452,0.0
1696000,1420.57182097435,-205.8310706615448,49.95060457821859,-0.0025764330555830385,48.03662605285645,0.6612760961055756,0.004841896975995042,-202.72982443869114,37.68143034459584,1.0036250233650208,0.1337430164217949,0.0
1700000,1423.7416305541992,-203.45381474494934,39.60980294301476,-0.003754107400891371,44.6811336517334,0.6798207342624665,0.002438187391089741,-202.72982443869114,37.68143034459584,1.0039583444595337,0.12000602707266808,0.0
1704000,1426.95534658432,-198.19037294387817,41.43884990188098,-0.0029069354069179098,38.959143829345706,0.6973779022693634,0.005051560589345172,-202.72982443869114,37.68143034459584,1.0052291989326476,0.07814728692173958,0.0
1708000,1430.092276096344,-199.31035375595093,42.047378519756066,-0.0029242361451906618,39.97267227172851,0.6832622945308685,0.0032420602998172398,-202.72982443869114,37.68143034459584,1.0026250243186952,0.13335433155298232,0.0
1712000,1433.071429491043,-207.96662878990173,46.1081129341757,-0.004057760271825828,38.61973495483399,0.7607583940029145,0.0041104507399268185,-202.72982443869114,37.68143034459584,1.0022916913032531,0.11231163442134857,0.0
1716000,1436.06973361969,-197.59527671337128,35.63311314593486,-0.0027119137295812832,40.488287353515624,0.6923287093639374,0.0030014569376362486,-202.72982443869114,37.68143034459584,1.0029791831970214,0.09946763068437577,0.0
1720000,1439.0549697875977,-196.26152777671814,40.169169918683465,-0.0032788561933557504,29.65880889892578,0.6291208565235138,0.0033660292625427245,-202.72982443869114,37.68143034459584,1.0025208473205567,0.12237395867705345,0.0
1724000,1443.8557419776917,-196.03018283843994,31.958481876094407,-0.0031559151164401557,39.75108451843262,0.6270121812820435,0.0030685000041557942,-202.65127031505108,43.12341162803332,1.0028542041778565,0.13134564012289046,0.0
1728000,1447.0518443584442,-204.38382613658905,36.443232419852535,-0.0019137665127345826,30.857183837890624,0.6400148689746856,0.0016619674192043022,-202.65127031505108,43.12341162803332,1.0040833592414855,0.11848137006163598,0.0
1732000,1450.2032067775726,-203.02356910705566,30.607692112303422,-0.002038299144624034,38.876251983642575,0.5835168480873107,0.002292506431695074,-202.65127031505108,43.12341162803332,1.0032291889190674,0.12912046760320664,0.0
1736000,1453.399745941162,-209.8534083366394,41.17386694198928,-0.0024358556533115917,41.68795166015625,0.590853625535965,0.001310449584343587,-202.65127031505108,43.12341162803332,1.0032291889190674,0.10107585787773132,0.0
1740000,1456.6889352798462,-206.44285941123962,47.55954729732692,-0.0020432141738638164,41.99956359863281,0.61844602227211,0.0011059908531024121,-202.65127031505108,43.12341162803332,1.0027917146682739,0.1312738239765167,0.0
1744000,1459.9011735916138,-198.3246327638626,35.8987914092661,-0.003528810718398745,29.93620891571045,0.6732366025447846,0.0020067834773726647,-202.65127031505108,43.12341162803332,1.0032500147819519,0.11748706698417663,0.0
1748000,1463.0467131137848,-207.52118003368378,50.89194364804024,-0.00366578469668184,46.002711868286134,0.6237100422382355,0.00350297496188432,-202.65127031505108,43.12341162803332,1.0038750052452088,0.1276025116443634,0.0
1752000,1466.219684123993,-187.92564344406128,37.57758166733689,-0.0019750600251427384,34.48383350372315,0.6305725693702697,0.0019127665587802766,-202.65127031505108,43.12341162803332,1.0025625348091125,0.1514575481414795,0.0
1756000,1469.3829593658447,-197.5819274187088,36.32148394999077,-0.003917723986160126,30.656008911132812,0.6572212517261505,0.003505324706202373,-202.65127031505108,43.12341162803332,1.0029583692550659,0.10805979147553443,0.0
1760000,1472.54949426651,-198.59167897701263,39.718357478812386,-0.002203075363286189,43.81369895935059,0.6407034575939179,0.0023702349673840216,-202.65127031505108,43.12341162803332,1.005833375453949,0.13202040046453475,0.0
1764000,1477.5021121501923,-196.40514397621155,34.40582663133385,-0.0022832846952951513,40.933447265625,0.6562981605529785,0.0027178932970855383,-199.85151678323746,44.69092846065828,1.0034791946411132,0.11368817761540413,0.0
1768000,1480.6556448936462,-198.57442152500153,34.86575734281853,-0.004047069965781702,24.82828598022461,0.7016779541969299,0.004558302643272327,-199.85151678323746,44.69092846065828,1.003000009059906,0.11762411296367645,0.0
1772000,1483.7897682189941,-192.62198543548584,35.145883946081625,-0.0036119772912115876,31.306816482543944,0.6061890959739685,0.002999238539257476,-199.85151678323746,44.69092846065828,1.0030625224113465,0.12863190174102784,0.0
1776000,1487.036289215088,-202.45957279205322,49.73028910528726,-0.003571965151877521,29.324925422668457,0.6177379071712494,0.001791425260307733,-199.85151678323746,44.69092846065828,1.0029792070388794,0.1390397369861603,0.0
1780000,1490.2038533687592,-193.07269930839539,38.56049788893822,-0.003743304362615163,29.447802352905274,0.6258022785186768,0.003015823260648176,-199.85151678323746,44.69092846065828,1.0032083511352539,0.1588677540421486,0.0
1784000,1493.416791677475,-200.90635800361633,36.94988885257311,-0.0031331336438597647,30.091536903381346,0.6440652906894684,0.0006806249359215145,-199.85151678323746,44.69092846065828,1.0051875114440918,0.11065528392791749,0.0
1788000,1496.5720024108887,-204.35294449329376,40.32775373179181,-0.0036482333409367127,29.989682579040526,0.7009350717067718,0.003843933063035365,-199.85151678323746,44.69092846065828,1.0035208344459534,0.13474238961935042,0.0
1792000,1499.7588510513306,-195.08786928653717,36.46979646932994,-0.004634160656496533,23.677130889892577,0.7334223091602325,0.0025255805485357996,-199.85151678323746,44.69092846065828,1.0033750176429748,0.12481972649693489,0.0
1796000,1502.921743631363,-206.47271633148193,33.64927604856992,-0.003758350043790415,43.66199913024902,0.6766880691051483,0.0040333418175578116,-199.85151678323746,44.69092846065828,1.0034583449363708,0.11358533427119255,0.0
1800000,1506.0817368030548,-196.25984501838684,37.22261773608765,-0.0038124385500964307,28.893346214294432,0.5965136408805847,0.002365061070304364,-199.85151678323746,44.69092846065828,1.0030625343322754,0.08304574638605118,0.0
1804000,1511.0979478359222,-201.46017217636108,36.26062962297775,-0.003223303046434012,28.51149253845215,0.6283887803554535,0.001240279980993364,-197.91204472631216,39.90355738499665,1.0031666994094848,0.10431855395436287,0.0
1808000,1514.2776973247528,-199.65656328201294,33.38282000145376,-0.0037302359024579345,42.208937072753905,0.70480717420578,0.0032294472970534117,-197.91204472631216,39.90355738499665,1.0038125276565553,0.09903924837708473,0.0
1812000,1517.4419775009155,-201.97202491760254,31.302372043936074,-0.004287607956212014,24.96297092437744,0.6918618381023407,0.00207678682054393,-197.91204472631216,39.90355738499665,1.0031041860580445,0.10255917236208915,0.0
1816000,1520.6195514202118,-201.99537253379822,41.12543780145747,-0.004864014168197173,33.19914321899414,0.6912252247333527,0.004714245779905468,-197.91204472631216,39.90355738499665,1.0046249985694886,0.12310288324952126,0.0
1820000,1523.758135318756,-195.9219286441803,31.12493961994747,-0.004747129224051605,28.067833137512206,0.6406812191009521,0.004782459739362821,-197.91204472631216,39.90355738499665,1.002583348751068,0.13092429786920548,0.0
1824000,1526.9755554199219,-200.35093867778778,43.191071448199665,-0.0038543207530892685,37.92068710327148,0.5828174173831939,0.0028283785650273785,-197.91204472631216,39.90355738499665,1.0032916784286499,0.10594090148806572,0.0
1828000,1530.0974278450012,-201.88856148719788,36.39480204066404,-0.003709047369193286,35.47247867584228,0.5980185508728028,0.0022522868333908264,-197.91204472631216,39.90355738499665,1.0032083511352539,0.10879570171236992,0.0
1832000,1533.1967904567719,-199.98215508460999,39.581205594388294,-0.002625482176154037,39.66763000488281,0.5986378371715546,0.0034713160828687252,-197.91204472631216,39.90355738499665,1.0029374957084656,0.12397999539971352,0.0
1836000,1536.489735364914,-196.44583356380463,33.81028075499154,-0.004246760207752232,36.48219795227051,0.5975203037261962,0.00342197192076128,-197.91204472631216,39.90355738499665,1.0035416960716248,0.13472603112459183,0.0
1840000,1539.6766600608826,-188.03583407402039,35.784959046925636,-0.0039448154522915505,26.049238395690917,0.6604530811309814,0.0033615100634051486,-197.91204472631216,39.90355738499665,1.0049166798591613,0.12945497035980225,0.0
1844000,1544.6279711723328,-198.87317991256714,41.9212267767994,-0.003529665972746443,32.03315124511719,0.6103939652442932,0.0030043724225834014,-206.39167791604996,44.807867035487426,1.0028125286102294,0.11819162666797638,0.0
1848000,1547.7757272720337,-199.87810862064362,37.28978605350455,-0.005109868866202305,28.688881874084473,0.6555853188037872,0.004239681203034707,-206.39167791604996,44.807867035487426,1.0033333539962768,0.12179595530033112,0.0
1852000,1550.944091796875,-194.93944120407104,36.82193424452555,-0.004292275571788196,28.953651237487794,0.6228776514530182,0.0037987692834576593,-206.39167791604996,44.807867035487426,1.0034375190734863,0.11350847110152244,0.0
1856000,1554.0845999717712,-205.70431852340698,39.38344709750114,-0.0034740983639494514,32.41117706298828,0.5846146404743194,0.0026570479487418195,-206.39167791604996,44.807867035487426,1.0038958430290221,0.11822078749537468,0.0
1860000,1557.2341787815094,-196.1354683637619,32.445051259209926,-0.0025016141446144503,37.2972770690918,0.5047246873378753,0.003869579718843852,-206.39167791604996,44.807867035487426,1.0039166688919068,0.12311426550149918,0.0
1864000,1560.4060485363007,-207.360773563385,38.64251206860691,-0.0022503059627524634,46.76085510253906,0.5010059088468551,0.002962801267858595,-206.39167791604996,44.807867035487426,1.0035000085830688,0.1175862543284893,0.0
1868000,1563.6347711086273,-202.03250217437744,38.11279889683512,-0.0023136082440032625,31.769170188903807,0.5990616679191589,0.002387506709783338,-206.39167791604996,44.807867035487426,1.0036875009536743,0.15193455517292023,0.0
1872000,1566.807053565979,-204.08458852767944,33.73597076410446,-0.0036041549923538697,35.00429515838623,0.6600552678108216,0.006207421513681766,-206.39167791604996,44.807867035487426,1.0041041731834413,0.09530392289161682,0.0
1876000,1569.9925405979156,-195.7830547094345,39.551002053962925,-0.0036438685150642415,31.469757080078125,0.669870924949646,0.004722977032724884,-206.39167791604996,44.807867035487426,1.0036875247955321,0.14136140197515487,0.0
1880000,1573.2322404384613,-196.32916009426117,32.193382285735936,-0.0035535997143597343,22.118047142028807,0.6595012903213501,0.0020589017891325056,-206.39167791604996,44.807867035487426,1.0027708411216736,0.11110628396272659,0.0
1884000,1578.3637771606445,-194.86308598518372,31.80475440403793,-0.004676871289325391,24.525759124755858,0.7102448642253876,0.0030158864464965517,-207.0685319006443,56.41855110549105,1.0023958563804627,0.11372616365551949,0.0
1888000,1581.531583070755,-201.68042469024658,38.67546789485416,-0.003565961059393885,35.03972949981689,0.700947767496109,0.004855023603886366,-207.0685319006443,56.41855110549105,1.0031458616256714,0.11319947987794876,0.0
1892000,1584.7033450603485,-193.53978061676025,28.531771321835325,-0.003626355523374514,31.73915958404541,0.7369924187660217,0.00469411485537421,-207.0685319006443,56.41855110549105,1.0036666750907899,0.1258062466979027,0.0
1896000,1587.8488471508026,-203.34551620483398,39.64212378982195,-0.0044492592904134655,33.152685546875,0.6669466435909271,0.001992157375207171,-207.0685319006443,56.41855110549105,1.0032500147819519,0.1229547418653965,0.0
1900000,1591.0139291286469,-201.49138283729553,32.201648828121904,-0.0038357457028837414,26.229591941833498,0.7030930101871491,0.0026645738777006044,-207.0685319006443,56.41855110549105,1.00254168510437,0.11292819082736968,0.0
1904000,1594.1773104667664,-204.23487174510956,39.83514221023479,-0.0032863429332792293,29.912173652648924,0.6317752838134766,0.0029419321625027807,-207.0685319006443,56.41855110549105,1.0031458735466003,0.13683210760354997,0.0
1908000,1597.3281321525574,-195.53480648994446,40.87127253038924,-0.002617988458405307,34.29919910430908,0.6063956320285797,0.004054512130096555,-207.0685319006443,56.41855110549105,1.002958345413208,0.13083608746528624,0.0
1912000,1600.5150773525238,-210.60105562210083,41.18824892589899,-0.0027068074108683505,50.096215057373044,0.5611610352993012,0.003204836946679279,-207.0685319006443,56.41855110549105,1.003041684627533,0.09725351110100747,0.0
1916000,1603.7364039421082,-194.48740422725677,41.276735791759286,-0.0029981946530369895,32.22505893707275,0.6464666306972504,0.003863148240270675,-207.0685319006443,56.41855110549105,1.00270836353302,0.12508648931980132,0.0
1920000,1606.889357328415,-210.79665553569794,49.15327271566735,-0.0028342576571048993,37.636185836791995,0.5867448925971985,0.003633675066521391,-207.0685319006443,56.41855110549105,1.002416694164276,0.11684859320521354,0.0
1924000,1611.9697601795197,-205.772855758667,36.127363651379106,-0.002488109793921467,35.161307907104494,0.5879804849624634,0.0020288567611714825,-210.10084567964077,51.32545718296559,1.0035208463668823,0.12668851315975188,0.0
1928000,1615.1765377521515,-200.53636598587036,32.2346701375126,-0.002072085718100425,37.771820068359375,0.6574378490447998,0.0021327093098079787,-210.10084567964077,51.32545718296559,1.0033958673477172,0.10407503619790077,0.0
1932000,1618.342078447342,-201.8176555633545,40.07177136621961,-0.0025958334759707213,30.81697521209717,0.5705333173274993,0.0037587641294521746,-210.10084567964077,51.32545718296559,1.0037500143051148,0.12216587662696839,0.0
1936000,1621.5122349262238,-199.56399488449097,33.82307967442509,-0.003323551545304326,27.8895055770874,0.5621963500976562,0.002617661818294437,-210.10084567964077,51.32545718296559,1.0019166946411133,0.0968340165913105,0.0
1940000,1624.700742483139,-197.45722830295563,37.99902381721689,-0.003402271699906123,30.051084327697755,0.5750453770160675,0.0030338036185639794,-210.10084567964077,51.32545718296559,1.0032500267028808,0.12280224859714509,0.0
1944000,1627.8985214233398,-201.49937081336975,42.57823375970792,-0.0033948491249248037,35.203020858764646,0.6579028189182281,0.005125186374789337,-210.10084567964077,51.32545718296559,1.0032291889190674,0.1465679734945297,0.0
1948000,1631.0543043613434,-197.78769159317017,36.307331810206364,-0.002955040385495522,34.93833713531494,0.5419887423515319,0.0026031020330265164,-210.10084567964077,51.32545718296559,1.0036250233650208,0.144042706489563,0.0
1952000,1634.2302451133728,-208.12918543815613,47.33332779136136,-0.0029308148847576377,35.22887020111084,0.6366856276988984,0.0033021035225829108,-210.10084567964077,51.32545718296559,1.0025000333786012,0.10710706710815429,0.0
1956000,1637.4045162200928,-194.95401787757874,42.96331804545396,-0.00396817861371801,31.09312210083008,0.7247412443161011,0.003399585228180513,-210.10084567964077,51.32545718296559,1.0022916793823242,0.125300632417202,0.0
1960000,1640.5873084068298,-204.18422508239746,32.49976022542551,-0.004010234118322842,29.89187717437744,0.7193610787391662,0.003015308114117943,-210.10084567964077,51.32545718296559,1.004145860671997,0.11792510375380516,0.0
1964000,1645.7161457538605,-202.07692122459412,26.50368829099879,-0.003484584787656786,27.214276123046876,0.6952761948108673,0.0009169001456029946,-213.4727274775505,56.67919120500544,1.0039583563804626,0.1111221306025982,0.0
1968000,1648.9228014945984,-189.97451436519623,31.561764667357647,-0.002758764292229898,29.22994041442871,0.7421008944511414,0.002317287045298144,-213.4727274775505,56.67919120500544,1.0043958663940429,0.13404363095760347,0.0
1972000,1652.1250636577606,-199.64722299575806,38.99927118616504,-0.004931389631383354,22.57644920349121,0.7342851638793946,0.007823264093894977,-213.4727274775505,56.67919120500544,1.0038125157356261,0.09578991606831551,0.0
1976000,1655.3742544651031,-201.15421342849731,38.38649085195295,-0.0039729902877297715,28.75669116973877,0.6609642624855041,0.002471990376943722,-213.4727274775505,56.67919120500544,1.0028958559036254,0.10558741837739945,0.0
1980000,1658.532806634903,-198.16680455207825,32.462042158710396,-0.0034536446155470912,31.849667167663576,0.6857388257980347,0.003877632181684021,-213.4727274775505,56.67919120500544,1.004187524318695,0.16196541339159012,0.0
1984000,1661.769940853119,-196.7869244813919,40.64553142999998,-0.003170793619938195,27.975647926330566,0.6900081694126129,0.0028827823814935984,-213.4727274775505,56.67919120500544,1.006124997138977,0.1418968915939331,0.0
1988000,1664.862782716751,-195.79345726966858,32.14826125877011,-0.003847792015585583,19.675021171569824,0.7031836450099945,0.003020094094972592,-213.4727274775505,56.67919120500544,1.0040833473205566,0.10861512348055839,0.0
1992000,1667.8649492263794,-199.8758442401886,37.494977702386606,-0.004240185845992528,25.52417621612549,0.6480478167533874,0.003322273826051969,-213.4727274775505,56.67919120500544,1.004437518119812,0.10783844068646431,0.0
1996000,1671.01832985878,-187.87080562114716,33.53505689557083,-0.001715675501327496,23.903274726867675,0.6772634208202362,0.0035914190259063615,-213.4727274775505,56.67919120500544,1.0049166917800902,0.09208155050873756,0.0
2000000,1674.1781446933746,-204.01682710647583,40.24049743081677,-0.0028347456482151756,35.14940204620361,0.7109034061431885,0.0018871547137678136,-213.4727274775505,56.67919120500544,1.0036666750907899,0.12470961511135101,0.0
