global_step,wall_time_s,ep_return_mean,ep_return_std,policy_loss,value_loss,entropy,approx_kl,eval_return_mean,eval_return_std,mean_k,attn_entropy,lagrange_lambda
4000,9.061699867248535,-724.8789429664612,103.51784484530553,-0.00034384853642137613,524.5974365234375,1.603288507461548,5.6718501036812084e-05,,,3.0,1.0814517140388489,
8000,17.22558879852295,-712.1245093345642,99.39512076012024,-0.00039501605910601255,461.00445861816405,1.5917343974113465,7.450580430390375e-12,,,3.0,1.0822731852531433,
12000,25.334707736968994,-717.0606708526611,107.7226549033315,-0.00046954544711255155,495.97950744628906,1.5785316228866577,9.174786667472124e-06,,,3.0,1.084500753879547,
16000,33.40947985649109,-694.3409423828125,77.79790415023389,-0.0001214159368217338,431.827880859375,1.5709821581840515,0.0001299700776677737,,,3.0,1.0857969284057618,
20000,41.486163854599,-695.607813835144,86.04081392400126,-0.00044488810481126964,349.0674163818359,1.5704622387886047,1.0803342664900128e-10,,,3.0,1.0842801451683044,
24000,49.581645011901855,-701.7530918121338,84.64142876294804,-0.00027231817478927666,361.80439453125,1.5566519856452943,0.00016708224502508527,,,3.0,1.0887884736061095,
28000,57.6831488609314,-702.3631076812744,85.35138333124513,-0.00035327741810249337,372.7949951171875,1.5608831524848938,0.00014935281133148236,,,3.0,1.0846269726753235,
32000,65.73955345153809,-699.1311349868774,76.46312916895317,-0.0007126429715814453,240.842236328125,1.5567221283912658,0.00010431716855237027,,,3.0,1.0852431178092956,
36000,73.94918298721313,-691.777379989624,73.28157806060989,-0.0005090720772393809,201.9272491455078,1.5472651362419128,0.0003088327001023572,,,3.0,1.0855577111244201,
40000,82.16283106803894,-679.3136625289917,95.98498438631846,-0.0004817305776123604,161.65800933837892,1.5436754822731018,5.7432558727063546e-05,,,3.0,1.0886000156402589,
44000,92.64750146865845,-685.0070886611938,84.65053586788143,-0.0002266545738049075,169.6884994506836,1.5512653946876527,6.278200689990854e-07,-680.3572968840599,63.268589577584834,3.0,1.0883217453956604,
48000,100.8257348537445,-686.9595737457275,75.77545416997816,-0.0005083878537704256,134.83507690429687,1.5380156278610229,0.0001745753410844708,-680.3572968840599,63.268589577584834,3.0,1.0868082880973815,
52000,109.01061725616455,-684.8790922164917,78.70287071788935,-0.000730235838670823,136.14441833496093,1.5347236514091491,1.8424920760484742e-05,-680.3572968840599,63.268589577584834,3.0,1.0873693227767944,
56000,117.20148611068726,-690.2339878082275,85.39467538470184,-0.0006541283828264355,118.05730972290038,1.5443220734596252,0.0002286821219459001,-680.3572968840599,63.268589577584834,3.0,1.0891355514526366,
60000,125.39822125434875,-696.0982356071472,93.63830518564137,-0.0002131450005302682,117.99532470703124,1.5342455744743346,0.0001659632811739975,-680.3572968840599,63.268589577584834,3.0,1.0866442322731018,
64000,133.59405183792114,-713.1445360183716,91.6546793830184,-0.00040319296127806493,117.96533813476563,1.5400997042655944,0.00019380665326025338,-680.3572968840599,63.268589577584834,3.0,1.0845119595527648,
68000,141.78096628189087,-703.7160816192627,82.82666227201507,-4.977651756234991e-05,114.99315872192383,1.539460337162018,0.0005466295777296181,-680.3572968840599,63.268589577584834,3.0,1.0861872673034667,
72000,149.9003348350525,-711.0458707809448,89.09671414022905,-0.0002379821233553514,119.96352844238281,1.5294609904289245,0.000540259838453494,-680.3572968840599,63.268589577584834,3.0,1.0818511128425599,
76000,158.09477162361145,-716.8836183547974,98.0884484437133,-0.00015829665973918772,108.2033462524414,1.5344982743263245,1.2836923133363598e-05,-680.3572968840599,63.268589577584834,3.0,1.084555172920227,
80000,166.26987600326538,-708.1720886230469,98.7827736171879,-0.00041491873064418704,121.65058212280273,1.5302821755409242,0.0002588782987004379,-680.3572968840599,63.268589577584834,3.0,1.0834946751594543,
84000,176.76374673843384,-702.0679264068604,82.06666502661766,-0.0006391207126628995,104.48225364685058,1.5217555999755858,0.0005459422417819354,-822.6884618699551,151.1148711916203,3.0,1.0838742852210999,
88000,184.93637228012085,-724.9648246765137,82.72987616305072,-0.0002358061361010133,71.58497543334961,1.5271745681762696,4.704238554040785e-05,-822.6884618699551,151.1148711916203,3.0,1.0816747188568114,
92000,193.1365647315979,-725.8674058914185,100.43902542902332,-0.0009948164682136885,103.94091186523437,1.5254867672920227,0.00013297270916154958,-822.6884618699551,151.1148711916203,3.0,1.0821613311767577,
96000,201.31782388687134,-733.2114067077637,83.26165064162923,-0.0006173657724672599,69.40500335693359,1.4910868763923646,0.00017591870468944837,-822.6884618699551,151.1148711916203,3.0,1.0808179259300232,
100000,209.4967966079712,-701.643630027771,85.15963304611448,-0.00025489509216765073,93.45077400207519,1.4967075824737548,0.0002976195632072631,-822.6884618699551,151.1148711916203,3.0,1.0835434913635253,
104000,217.6842885017395,-706.1202669143677,82.5184426243841,-0.00024016258125874045,83.61630897521972,1.5091818213462829,0.00037350442845490717,-822.6884618699551,151.1148711916203,3.0,1.0820054769515992,
108000,225.8376169204712,-735.6476984024048,88.7790586197967,-0.00019572876668085825,100.1522834777832,1.4762067675590516,0.0007970274461549743,-822.6884618699551,151.1148711916203,3.0,1.0803839445114136,
112000,234.03205704689026,-731.0745635032654,113.29714707315956,-0.00015815183023608624,82.59810218811035,1.4986199855804443,0.00023144883137623528,-822.6884618699551,151.1148711916203,3.0,1.080849027633667,
116000,242.22288823127747,-732.8092069625854,92.90017755433803,-0.0005932795801103063,72.27684173583984,1.4994615077972413,0.0001389768312947126,-822.6884618699551,151.1148711916203,3.0,1.077105164527893,
120000,250.3894898891449,-717.1686201095581,84.22213965091433,6.8780941709079e-05,97.29820518493652,1.4725131869316102,0.00023198479665855753,-822.6884618699551,151.1148711916203,3.0,1.080325222015381,
124000,260.8707127571106,-688.8191213607788,92.5031704617365,-0.0003766134840649915,81.51112365722656,1.4938746213912963,0.00015978428988031035,-870.8068941235542,157.93744920118132,3.0,1.08299378156662,
128000,269.065105676651,-713.5396947860718,88.16229799079646,-0.0004899642127080383,76.22220611572266,1.4693132996559144,0.00046742282356717626,-870.8068941235542,157.93744920118132,3.0,1.0834301710128784,
132000,277.26045536994934,-743.1618566513062,101.1327360346284,-0.0005880671419872697,55.2174732208252,1.4353214740753173,0.0003272792622738052,-870.8068941235542,157.93744920118132,3.0,1.080845308303833,
136000,285.45437598228455,-731.6823644638062,84.50035843588485,-0.0004892678339916579,56.49479503631592,1.4533201336860657,0.00014011044604558264,-870.8068941235542,157.93744920118132,3.0,1.0811606407165528,
140000,293.6489474773407,-770.2757892608643,99.9051463886183,-0.00027055077446380693,66.07540531158448,1.43853018283844,0.0005358741640520748,-870.8068941235542,157.93744920118132,3.0,1.0745007395744324,
144000,301.84644317626953,-752.4682111740112,117.24573439961785,-0.0002347859119060214,69.72121963500976,1.4558875799179076,0.00022413820017148646,-870.8068941235542,157.93744920118132,3.0,1.0782065033912658,
148000,310.03706216812134,-765.3196315765381,101.0231304840328,-0.0005381292059221998,61.980342864990234,1.4736393809318542,0.00040301808912772684,-870.8068941235542,157.93744920118132,3.0,1.0744945526123046,
152000,318.1597909927368,-737.3440618515015,80.50353417622448,-0.0005536522402546761,68.8783073425293,1.495269536972046,0.0009510327239598438,-870.8068941235542,157.93744920118132,3.0,1.0744726181030273,
156000,326.36332273483276,-721.172381401062,78.60069569631541,-0.0005004962968039095,47.42619667053223,1.5190940737724303,0.0003336034118547104,-870.8068941235542,157.93744920118132,3.0,1.0782251834869385,
160000,334.5194056034088,-765.4592456817627,125.84249184557508,-0.000514874532488907,65.95509071350098,1.4755425453186035,0.00012147329203435198,-870.8068941235542,157.93744920118132,3.0,1.0730717778205872,
164000,344.97698640823364,-727.1006851196289,94.07290933559122,-0.0006897907392073354,67.79613189697265,1.506372833251953,0.001221392440221586,-1086.1770821213722,326.42194394092587,3.0,1.077639377117157,
168000,353.18248319625854,-747.5402555465698,116.89783321066726,-0.0001903515986486859,66.6564552307129,1.4804489850997924,0.00019233726488891988,-1086.1770821213722,326.42194394092587,3.0,1.0733420252799988,
172000,361.399710893631,-719.4397172927856,85.88422770809525,-0.0003394870427992913,53.14566516876221,1.458542025089264,0.0001626163011533288,-1086.1770821213722,326.42194394092587,3.0,1.0766697645187377,
176000,369.59747195243835,-730.2041578292847,103.11196668980327,-6.140296702020765e-05,78.41553192138672,1.479249119758606,0.0006676599268636618,-1086.1770821213722,326.42194394092587,3.0,1.0787099957466126,
180000,377.7686309814453,-728.0364151000977,92.95247583270951,-0.00031805025727953405,55.13219165802002,1.4569847941398621,0.0006545088079292327,-1086.1770821213722,326.42194394092587,3.0,1.0746407628059387,
184000,385.95497727394104,-729.651951789856,91.54665969708729,-7.5520377218119e-05,62.50598087310791,1.4428040504455566,0.000841880756954197,-1086.1770821213722,326.42194394092587,3.0,1.080763840675354,
188000,394.1516797542572,-763.3344297409058,107.58271722131623,-0.0006268879602236322,45.248877334594724,1.341285240650177,0.0003730349996573457,-1086.1770821213722,326.42194394092587,3.0,1.0726143717765808,
192000,402.33604192733765,-781.7323613166809,124.38125167348679,-0.000352553157640223,75.44139709472657,1.347080647945404,0.0005962262381217443,-1086.1770821213722,326.42194394092587,3.0,1.0690568566322327,
196000,410.5555784702301,-789.0726976394653,109.85527251448592,-0.0003541361779013319,59.1721492767334,1.3105396389961244,0.001244028350629378,-1086.1770821213722,326.42194394092587,3.0,1.0759250402450562,
200000,418.78879380226135,-776.126091003418,107.08884390397945,-0.001190564600970312,64.62135963439941,1.3683376908302307,0.0010940270592400437,-1086.1770821213722,326.42194394092587,3.0,1.0649574279785157,
204000,429.2795968055725,-750.7005310058594,93.96667505578962,-0.0004773963610157139,62.151086044311526,1.385787880420685,0.000525678991471068,-1179.5079694390297,323.8432147796705,3.0,1.0745179414749146,
208000,437.43908643722534,-743.6035957336426,100.53384088382222,-0.00021217316869295288,61.42951622009277,1.4067051887512207,0.0009272761338797869,-1179.5079694390297,323.8432147796705,3.0,1.0751643180847168,
212000,445.6308317184448,-737.7021632194519,94.1352551352419,-4.622851032278774e-05,63.969532585144044,1.4196564078330993,0.0008200850017601625,-1179.5079694390297,323.8432147796705,3.0,1.0626123785972594,
216000,453.8211257457733,-791.0911741256714,108.33202156959165,-0.00016934245755693134,75.52975959777832,1.39769287109375,6.44456558575257e-05,-1179.5079694390297,323.8432147796705,3.0,1.049835729598999,
220000,461.98491740226746,-745.5117893218994,76.23007730399067,-0.0005091770638488314,38.81141319274902,1.441412103176117,0.0011251211704802699,-1179.5079694390297,323.8432147796705,3.0,1.0670445442199707,
224000,470.13796377182007,-745.62047290802,101.363695094381,-0.0007852430694134327,47.50896778106689,1.4002018928527833,0.0005538128359573125,-1179.5079694390297,323.8432147796705,3.0,1.0637988448143005,
228000,478.33956265449524,-739.3966646194458,80.38217290564252,-0.0011399141264361924,45.73119697570801,1.4041293621063233,0.0010194409324127906,-1179.5079694390297,323.8432147796705,3.0,1.0648425698280335,
232000,486.53441429138184,-752.0703039169312,121.58572359072109,-0.000873607288624001,54.180399894714355,1.4031405687332152,0.0014240873183395397,-1179.5079694390297,323.8432147796705,3.0,1.048220145702362,
236000,494.74560379981995,-724.6659698486328,91.59359452006163,-0.00045874354479988886,46.38674430847168,1.4294212818145753,0.0002367548869563807,-1179.5079694390297,323.8432147796705,3.0,1.0550371766090394,
240000,502.93911576271057,-717.7081441879272,102.01936411276996,-0.0008398584497626871,56.40773983001709,1.3455362915992737,0.0006929806753760204,-1179.5079694390297,323.8432147796705,3.0,1.0353211045265198,
244000,513.4449479579926,-746.9203405380249,102.47167048159675,-0.0010608895148555674,44.985788917541505,1.3796697497367858,0.0010057259729364886,-868.6644234061241,146.7806829793894,3.0,1.043464148044586,
248000,521.6632118225098,-725.3541870117188,78.49902981466359,-0.00025339178671126563,62.436942672729494,1.4378780245780944,0.0007787776748446051,-868.6644234061241,146.7806829793894,3.0,1.0370450735092163,
252000,529.8882436752319,-730.5719404220581,88.62628270461364,-0.0010720037597154787,62.150255584716795,1.4097891807556153,0.0019533363898517563,-868.6644234061241,146.7806829793894,3.0,1.027928388118744,
256000,538.1454522609711,-721.2233982086182,88.2231279846296,-0.0010467992046130025,51.507144927978516,1.4718886137008667,0.000520727937691845,-868.6644234061241,146.7806829793894,3.0,1.026539385318756,
260000,546.3878664970398,-708.7042474746704,92.87638278217219,-0.00104502317934142,56.19136409759521,1.438654863834381,0.001992689103644807,-868.6644234061241,146.7806829793894,3.0,1.0113939046859741,
264000,554.6146342754364,-697.7214050292969,93.70983336077725,-0.0012742568281840505,53.25647411346436,1.4654446125030518,0.0009671764322168513,-868.6644234061241,146.7806829793894,3.0,1.031886887550354,
268000,562.8879458904266,-690.8396625518799,75.86513200539977,-0.0013345433234547954,72.89677429199219,1.4917213797569275,0.0016992665448924526,-868.6644234061241,146.7806829793894,3.0,1.0459960222244262,
272000,571.1673710346222,-720.6717987060547,95.65618404065111,-0.0006675934830273178,80.21429138183593,1.462856650352478,0.0003098273224119763,-868.6644234061241,146.7806829793894,3.0,1.0325955986976623,
276000,579.4584136009216,-702.0351896286011,76.73682390107066,-8.497195207928243e-05,105.82166481018066,1.4618911266326904,0.001032747875433415,-868.6644234061241,146.7806829793894,3.0,1.049949312210083,
280000,587.7516341209412,-689.665530204773,87.78081973631912,-0.0010209863081933168,63.25337562561035,1.458299446105957,0.0015203970985700533,-868.6644234061241,146.7806829793894,3.0,1.0448285579681396,
284000,598.358998298645,-700.6011447906494,89.88615151974,-0.00102829662570727,52.91625156402588,1.4394809484481812,0.001476249068218749,-890.7790135443211,200.6074990832761,3.0,1.0302376627922059,
288000,606.6257610321045,-698.7184600830078,86.01822170206346,-0.0007799912473904769,43.28034343719482,1.4641195774078368,0.0013072403615440181,-890.7790135443211,200.6074990832761,3.0,1.0357318282127381,
292000,614.8638598918915,-716.8300256729126,105.77845120611128,-0.0015015076502265079,48.02257137298584,1.4265862822532653,0.0009695187006921818,-890.7790135443211,200.6074990832761,3.0,1.0097291350364686,
296000,623.1030447483063,-696.5425062179565,102.09690100008372,-0.0016246396065507708,33.309256362915036,1.4308049440383912,0.001663427575113019,-890.7790135443211,200.6074990832761,3.0,0.9900528132915497,
300000,631.3294377326965,-754.9388608932495,104.20810520013033,-0.0012670157767667334,42.26879329681397,1.406901776790619,0.0013301308005951196,-890.7790135443211,200.6074990832761,3.0,0.9880169987678528,
304000,639.5546016693115,-755.4034490585327,108.3893954731103,-0.0009530233253511433,43.65745620727539,1.3949637174606324,0.0013063437019979252,-890.7790135443211,200.6074990832761,3.0,0.9808676719665528,
308000,647.6749963760376,-747.1403050422668,98.66713501550718,-0.001677471135704156,48.18360538482666,1.3902579426765442,0.0013466642885759939,-890.7790135443211,200.6074990832761,3.0,1.0045287251472472,
312000,655.7530906200409,-741.5377149581909,71.86538395985659,-0.0020114588302870386,37.20341682434082,1.4118861079216003,0.0030501728477538626,-890.7790135443211,200.6074990832761,3.0,1.009140396118164,
316000,663.8516898155212,-698.6324062347412,91.21336010548603,-0.001247353245116134,41.307089233398436,1.4149490237236022,0.0010657295264536516,-890.7790135443211,200.6074990832761,3.0,0.9995815992355347,
320000,672.1083672046661,-697.2839021682739,71.13233840546737,-0.001828389089438076,38.05694522857666,1.3939516067504882,0.0022659281865344385,-890.7790135443211,200.6074990832761,3.0,0.9758542835712433,
324000,682.6219017505646,-700.2626762390137,79.56424881192905,-0.0011244947310528274,66.67812576293946,1.4075200080871582,0.0030423666959007666,-692.9409176707268,87.92772058973887,3.0,1.013049554824829,
328000,690.8454582691193,-745.3035287857056,113.41204538009046,-0.0011349371510247287,60.974627304077146,1.4131926417350769,0.0008504697119860793,-692.9409176707268,87.92772058973887,3.0,0.9826423943042755,
332000,699.0048727989197,-737.6265134811401,89.50156640597758,-0.0011077093428126905,41.68957939147949,1.3946433782577514,0.0010443642278357118,-692.9409176707268,87.92772058973887,3.0,1.005250132083893,
336000,707.1881413459778,-712.7815380096436,91.0351863060032,-0.001078320304979563,48.777339172363284,1.3914207339286804,0.0013690349660464562,-692.9409176707268,87.92772058973887,3.0,1.0244562149047851,
340000,715.3748762607574,-752.0586862564087,97.09207585783383,-0.00111962860747008,49.983560943603514,1.3768840193748475,0.0006354313258780219,-692.9409176707268,87.92772058973887,3.0,1.0476412773132324,
344000,723.3725068569183,-742.3237018585205,107.92363351538373,-0.0012415066650913963,64.85473175048828,1.3833508133888244,0.005529714029980823,-692.9409176707268,87.92772058973887,3.0,1.006925642490387,
348000,731.4801919460297,-788.1668672561646,119.86150725237702,-0.0008880818409719993,43.459705924987794,1.3507390141487121,0.00256127164658877,-692.9409176707268,87.92772058973887,3.0,0.9909928381443024,
352000,739.6607277393341,-755.4398670196533,100.74194420750415,-0.0007047944784268623,38.99588108062744,1.3381767868995667,0.001196304896458364,-692.9409176707268,87.92772058973887,3.0,0.9667056024074554,
356000,747.836288690567,-816.6492738723755,144.7405325393674,-0.0006100159936273996,64.09998092651367,1.251660454273224,0.0011496802922920323,-692.9409176707268,87.92772058973887,3.0,0.9032742202281951,
360000,755.9989240169525,-799.1576623916626,132.2705726632102,-0.000729066374236309,71.56398735046386,1.3090737223625184,0.0005534057039767504,-692.9409176707268,87.92772058973887,3.0,0.9811122715473175,
364000,766.3368391990662,-774.648886680603,112.84382925079953,-0.0014138882151067734,48.76027374267578,1.380516481399536,0.0008518809307133778,-1161.2396604716778,406.30860621610304,3.0,0.9811993360519409,
368000,774.4897818565369,-737.3644461631775,105.55470686873203,-0.0007373087277470991,41.00196857452393,1.4184325695037843,0.0010707560533774086,-1161.2396604716778,406.30860621610304,3.0,1.007417619228363,
372000,782.6255235671997,-739.1126880645752,77.15374566587549,-0.0012236224540974837,53.59082260131836,1.4012968063354492,0.003052127297812457,-1161.2396604716778,406.30860621610304,3.0,0.9953288555145263,
376000,790.7563524246216,-750.9504766464233,95.9480153831264,-0.0013364399551647032,57.242116928100586,1.4270373821258544,0.001029856573586585,-1161.2396604716778,406.30860621610304,3.0,0.9901341557502746,
380000,798.9150545597076,-763.5026865005493,103.60594884847004,-0.0011086158170364514,51.84911880493164,1.358554434776306,0.0014410313033295097,-1161.2396604716778,406.30860621610304,3.0,0.9506522238254547,
384000,807.1789410114288,-768.89098072052,132.74402360855754,-0.0005134516654579757,58.270098495483396,1.3595623970031738,0.0007775073313581182,-1161.2396604716778,406.30860621610304,3.0,0.9765365064144135,
388000,815.2485902309418,-751.9200601577759,128.3388760666226,-0.0011278869571203164,58.028801155090335,1.358875322341919,0.0008382638232433237,-1161.2396604716778,406.30860621610304,3.0,0.9737227439880372,
392000,823.2934567928314,-770.2863264083862,104.71254416325573,-0.001406063592109863,44.69902000427246,1.3888360857963562,0.001667227423647999,-1161.2396604716778,406.30860621610304,3.0,0.9644628643989563,
396000,831.2828817367554,-732.9086627960205,97.61011814689574,-0.0013319039785419484,55.02058868408203,1.4043507337570191,0.0015891887102043255,-1161.2396604716778,406.30860621610304,3.0,0.9442665755748749,
400000,839.2527797222137,-749.5062122344971,104.11569953197179,-0.0012583194548108968,40.654755210876466,1.396698808670044,0.002799751271474338,-1161.2396604716778,406.30860621610304,3.0,0.9383928716182709,
404000,849.5251550674438,-746.8609256744385,85.05897320935281,-0.0012159026252047678,51.33678073883057,1.4071028232574463,0.0006577080954933395,-1072.5028440058231,287.3601116384967,3.0,0.9236095249652863,
408000,857.5359690189362,-730.7433557510376,106.37155827496709,-0.000937323211216956,62.40839805603027,1.4128280878067017,0.0011035343930416274,-1072.5028440058231,287.3601116384967,3.0,0.9407265961170197,
412000,865.5241622924805,-756.4593572616577,105.52505945114028,-0.0005274843049507316,51.66684188842773,1.3457226514816285,0.002609658948495053,-1072.5028440058231,287.3601116384967,3.0,0.9190032541751861,
416000,873.5249586105347,-739.461030960083,94.00647490195827,-0.001672355617779786,27.779685306549073,1.4021961569786072,0.0041166142153088005,-1072.5028440058231,287.3601116384967,3.0,0.9449200630187988,
420000,881.516998052597,-734.7706184387207,100.02127047886704,-0.0014641864671817828,39.23564682006836,1.3660722017288207,0.0018551446482888423,-1072.5028440058231,287.3601116384967,3.0,0.8962524592876434,
424000,889.5144736766815,-753.2139158248901,97.3401085403,-0.0009005764475380929,44.83905467987061,1.4114836215972901,0.0010134662064956502,-1072.5028440058231,287.3601116384967,3.0,0.9248208284378052,
428000,897.4904446601868,-731.4024181365967,96.27567609038414,-0.0013749264249842685,60.44939498901367,1.4056123614311218,0.0024085167894178695,-1072.5028440058231,287.3601116384967,3.0,0.8520326673984527,
432000,905.4854826927185,-715.0148572921753,91.45446610033305,-0.001444060303503658,53.666225814819335,1.4114319920539855,0.001215713081182912,-1072.5028440058231,287.3601116384967,3.0,0.8968383252620697,
436000,913.70250415802,-724.3932275772095,124.83353571088858,-0.0010983922008599655,66.20812950134277,1.3955748677253723,0.0023619355808477847,-1072.5028440058231,287.3601116384967,3.0,0.8320817351341248,
440000,921.9496185779572,-704.0164499282837,72.12111172622255,-0.0015589594840615284,49.817420196533206,1.3932251334190369,0.0032533235634521927,-1072.5028440058231,287.3601116384967,3.0,0.8696833550930023,
444000,932.3903839588165,-713.8745908737183,78.9869211053121,-0.0016171924080893517,54.79547233581543,1.343790090084076,0.0011321811412926762,-768.9889397323132,150.50381724794076,3.0,0.8435824036598205,
448000,940.6167838573456,-763.4870233535767,111.53849081582788,-0.0012628432344063078,44.94832916259766,1.372048056125641,0.0014321733884668619,-768.9889397323132,150.50381724794076,3.0,0.8061000883579255,
452000,948.7709584236145,-740.9260358810425,103.3956063975838,-0.0005365398095994678,38.31990280151367,1.3788847088813783,0.0023152750132915843,-768.9889397323132,150.50381724794076,3.0,0.82532439827919,
456000,956.7801759243011,-735.9848775863647,111.20519150695924,-0.0013260861955738611,56.61942749023437,1.4225610733032226,0.0020796880358830093,-768.9889397323132,150.50381724794076,3.0,0.8499818682670593,
460000,964.7719504833221,-711.3525099754333,72.72912197278227,-0.0016791862588725337,38.85436019897461,1.4148411631584168,0.0022908703320038805,-768.9889397323132,150.50381724794076,3.0,0.8596071600914001,
464000,972.7722082138062,-697.6857376098633,104.73629503537674,-0.0013011978964059256,40.37147750854492,1.421401023864746,0.0024272083953643885,-768.9889397323132,150.50381724794076,3.0,0.829673308134079,
468000,980.9649662971497,-735.7429571151733,106.20447285365331,-0.0017281092700626387,53.23732299804688,1.3907656073570251,0.0038197877758648245,-768.9889397323132,150.50381724794076,3.0,0.8142953276634216,
472000,989.078320980072,-707.0555906295776,74.65446790503282,-0.0022489962462180824,48.03256034851074,1.3832037210464478,0.003918624957014496,-768.9889397323132,150.50381724794076,3.0,0.8431800007820129,
476000,997.2724947929382,-736.2942819595337,101.23743359972808,-0.0021293225989211352,31.230941390991212,1.3190523624420165,0.0026648547366676214,-768.9889397323132,150.50381724794076,3.0,0.7858541190624238,
480000,1005.4232792854309,-711.6457862854004,104.16996200371005,-0.00172295537567706,48.40076446533203,1.3298299908638,0.0011188795191628743,-768.9889397323132,150.50381724794076,3.0,0.824665880203247,
484000,1015.8746075630188,-719.0872459411621,86.12631689894376,-0.0019279398420282367,33.080038452148436,1.331632673740387,0.003095780631857148,-803.7963907420635,111.55493636219491,3.0,0.8789650619029998,
488000,1023.8847544193268,-745.0840215682983,122.70521448633413,-0.001532043967526997,53.357129669189455,1.2896506190299988,0.0010456888092448934,-803.7963907420635,111.55493636219491,3.0,0.8327642858028412,
492000,1031.9808971881866,-714.1514892578125,80.39417814212753,-0.0011919572201416705,45.24352798461914,1.2837767720222473,0.001108841921814019,-803.7963907420635,111.55493636219491,3.0,0.7838340520858764,
496000,1040.1591379642487,-713.4751491546631,99.10963180462264,-0.0004136504426326904,38.32351226806641,1.298251211643219,0.0018707864453317625,-803.7963907420635,111.55493636219491,3.0,0.8159442007541656,
500000,1048.3312997817993,-755.3180227279663,108.90374523080408,-0.0015827397984491398,48.07533912658691,1.304088580608368,0.0018231324371299706,-803.7963907420635,111.55493636219491,3.0,0.7794633686542511,
504000,1056.524323940277,-704.415678024292,77.4521625908794,-0.001643267813778948,71.86180152893067,1.369886863231659,0.0014460032116718757,-803.7963907420635,111.55493636219491,3.0,0.816774868965149,
508000,1064.7768788337708,-734.3909845352173,91.6196476932318,-0.0016934143769903986,51.414900588989255,1.360591459274292,0.0014087970688706265,-803.7963907420635,111.55493636219491,3.0,0.7873517036437988,
512000,1072.8031885623932,-722.6838512420654,79.9220778887841,-0.0014059871318556016,32.84009304046631,1.3545392990112304,0.0016610985579706527,-803.7963907420635,111.55493636219491,3.0,0.809803980588913,
516000,1080.9225986003876,-722.0883350372314,83.24634714512916,-0.0019777775478044823,46.226502418518066,1.3532669305801392,0.001592957590764854,-803.7963907420635,111.55493636219491,3.0,0.7904189586639404,
520000,1089.1458444595337,-732.2202925682068,108.34206079793924,-0.0008902510223076198,59.29628028869629,1.3697944402694702,0.0006577619889867492,-803.7963907420635,111.55493636219491,3.0,0.779169088602066,
524000,1099.6310534477234,-769.3570280075073,120.2473548498558,-0.0010413553045461655,71.65072555541992,1.3584999084472655,0.0012161502460003248,-804.6974920332432,121.6585460782707,3.0,0.7668098866939544,
528000,1107.848205089569,-744.8025693893433,97.17292453148188,-0.0016278611748615113,48.96808643341065,1.3389350652694703,0.001154655391738446,-804.6974920332432,121.6585460782707,3.0,0.7697353780269622,
532000,1116.0971069335938,-716.8126239776611,83.10226969132115,-0.0006316282168507215,72.2761016845703,1.3452084064483643,0.0019141531063748384,-804.6974920332432,121.6585460782707,3.0,0.7867993593215943,
536000,1124.2846953868866,-729.3575124740601,108.25219545611915,-0.0007941810946673789,107.48492965698242,1.335267460346222,0.000871090856162482,-804.6974920332432,121.6585460782707,3.0,0.7984154403209687,
540000,1132.5403306484222,-690.6147384643555,99.79759835247403,-6.00111747335319e-05,71.84618034362794,1.344131088256836,0.0007414010819047689,-804.6974920332432,121.6585460782707,3.0,0.8348820626735687,
544000,1140.752942085266,-686.5691986083984,88.53664194472661,-0.0017357174868617875,75.42204475402832,1.319649374485016,0.00238193808181677,-804.6974920332432,121.6585460782707,3.0,0.8206551253795624,
548000,1149.0084319114685,-698.6856212615967,78.87106214446138,-0.0011218467198438552,73.34744148254394,1.3642800450325012,0.0010221930761667886,-804.6974920332432,121.6585460782707,3.0,0.8349661231040955,
552000,1157.2504227161407,-663.4770908355713,70.8964411250569,-0.0013451705444022188,131.4709243774414,1.4445492506027222,0.0010566859869669543,-804.6974920332432,121.6585460782707,3.0,0.8641027510166168,
556000,1165.4511840343475,-688.5842771530151,87.82338359896956,-0.0008273356136220932,101.49117584228516,1.4364311933517455,0.0012071581453007337,-804.6974920332432,121.6585460782707,3.0,0.8585883557796479,
560000,1173.619764328003,-696.1672487258911,85.15763936184264,-0.0017208188551691705,89.30583877563477,1.429626750946045,0.0006105715554831192,-804.6974920332432,121.6585460782707,3.0,0.8050861477851867,
564000,1183.9222900867462,-689.7304487228394,70.01284732412583,-0.00046300331805895214,82.11943702697754,1.4395938396453858,0.0007245266780955717,-725.6031933128834,99.17533594568603,3.0,0.7959020376205445,
568000,1191.9416229724884,-693.1702418327332,89.83448338628169,-0.0008469753920580913,93.85488929748536,1.4605973839759827,0.0011536284625375038,-725.6031933128834,99.17533594568603,3.0,0.7594079673290253,
572000,1199.9617867469788,-730.1021919250488,142.24836382049872,-0.0014139643347589326,116.34729537963867,1.4074072122573853,0.001529253861410934,-725.6031933128834,99.17533594568603,3.0,0.784546148777008,
576000,1207.9794733524323,-727.7131280899048,113.00097359753248,-0.0012368093792271217,95.37504615783692,1.380143690109253,0.001514306104256935,-725.6031933128834,99.17533594568603,3.0,0.8234007954597473,
580000,1216.0211811065674,-752.4911785125732,101.3290345962898,-0.0014479280435674368,93.08306732177735,1.3768274426460265,0.0005261586073174839,-725.6031933128834,99.17533594568603,3.0,0.7905900418758393,
584000,1224.2115190029144,-714.5575704574585,88.9323141169779,-0.000872079505478418,69.49123458862304,1.4076687693595886,0.0017044067026290577,-725.6031933128834,99.17533594568603,3.0,0.7752512633800507,
588000,1232.3784234523773,-710.3408613204956,90.10432050700261,-0.0009499671646832741,66.3134979248047,1.361181342601776,0.0005983675443664349,-725.6031933128834,99.17533594568603,3.0,0.778989028930664,
592000,1240.5951867103577,-690.408857345581,81.14703628915196,-0.0015891889325187814,62.611223220825195,1.3735900044441223,0.0004522705711909436,-725.6031933128834,99.17533594568603,3.0,0.790216714143753,
596000,1248.7922015190125,-679.3559217453003,78.07301584053688,-0.001453234537368786,63.483768463134766,1.3947250843048096,0.0019009331554116216,-725.6031933128834,99.17533594568603,3.0,0.8130412817001342,
600000,1256.9578683376312,-686.282374382019,79.05474801962697,-0.0004344771088945265,76.09449157714843,1.3767180681228637,0.0002802994998395092,-725.6031933128834,99.17533594568603,3.0,0.8017603993415833,
604000,1267.4528777599335,-716.338207244873,91.26052121949915,-0.0015793849860202159,84.59865837097168,1.357351505756378,0.002481338830470725,-727.7910059392452,110.1358406889688,3.0,0.7805210471153259,
608000,1275.6320371627808,-669.6768064498901,82.3622056831758,-0.0008702812774572521,61.345668411254884,1.352867555618286,0.00018033742089755832,-727.7910059392452,110.1358406889688,3.0,0.8282969951629638,
612000,1283.8326885700226,-690.374755859375,85.29381460297412,-0.0003799219894887462,85.18032798767089,1.3368777751922607,0.0013197453761677024,-727.7910059392452,110.1358406889688,3.0,0.7873378574848175,
616000,1291.9975023269653,-739.8208694458008,108.51787471395279,-0.0010419039331221124,56.28885002136231,1.3335665464401245,0.0012340541295707218,-727.7910059392452,110.1358406889688,3.0,0.8211113154888153,
620000,1300.1503682136536,-762.8838863372803,119.2441916836375,-0.0011229258378710582,47.191741371154784,1.336217188835144,0.001711775700096041,-727.7910059392452,110.1358406889688,3.0,0.8348622739315033,
624000,1308.323789358139,-701.3477954864502,72.73600519725443,-0.0014681612142982692,49.73229122161865,1.3700022578239441,0.0004921516994654707,-727.7910059392452,110.1358406889688,3.0,0.8836112141609191,
628000,1316.4994819164276,-753.7543354034424,119.97128002611421,-0.0017784507173734365,56.58662452697754,1.326442587375641,0.0012592934130225331,-727.7910059392452,110.1358406889688,3.0,0.8278556108474732,
632000,1324.7345433235168,-712.1493530273438,85.77240210029633,-0.0011393608929101795,48.85288982391357,1.3383050918579102,0.0014843374568542123,-727.7910059392452,110.1358406889688,3.0,0.8310583174228668,
636000,1332.9142844676971,-708.8409852981567,86.91750628656479,-0.002109990031303216,54.97873039245606,1.359917652606964,0.0022323798719298795,-727.7910059392452,110.1358406889688,3.0,0.7951085269451141,
640000,1341.113129377365,-743.4981145858765,102.24221748616242,-0.0035222442403901157,51.09328193664551,1.3351961612701415,0.003623312243144028,-727.7910059392452,110.1358406889688,3.0,0.8162685036659241,
644000,1351.5602610111237,-706.6409435272217,89.41422924993313,-0.00206148498625649,41.87836246490478,1.3171691298484802,0.0034728745989074635,-800.795565366745,150.55814125308117,3.0,0.7668847262859344,
648000,1359.7179350852966,-698.7186326980591,74.74776066007098,-0.0013316691354072318,56.50219306945801,1.3439580798149109,0.0018229071840760336,-800.795565366745,150.55814125308117,3.0,0.8024918079376221,
652000,1367.9594151973724,-718.9230155944824,88.62499197806898,-0.0012101094503499167,59.8030818939209,1.3200295448303223,0.002430502828792669,-800.795565366745,150.55814125308117,3.0,0.7778112590312958,
656000,1376.2350759506226,-743.3142023086548,99.14708412145768,-0.0020456007594475524,36.105838012695315,1.3377087593078614,0.003830813454987947,-800.795565366745,150.55814125308117,3.0,0.8204297006130219,
660000,1384.4662816524506,-711.6777515411377,69.84131739256136,-0.0021129485916268286,38.61543350219726,1.3298734664916991,0.004402878612017958,-800.795565366745,150.55814125308117,3.0,0.814698851108551,
664000,1392.6574907302856,-710.2280044555664,70.75351669880433,-0.0004270122109082841,45.822075271606444,1.349717140197754,0.00252174189517973,-800.795565366745,150.55814125308117,3.0,0.8075124561786652,
668000,1400.908854484558,-720.881721496582,102.79868764079036,0.00030999043352979426,53.7393123626709,1.3400645852088928,0.001245879104263925,-800.795565366745,150.55814125308117,3.0,0.8278348326683045,
672000,1409.132031917572,-725.0140686035156,101.87396922949262,-0.0012472022852016095,52.296091079711914,1.3070160627365113,0.001258134159797919,-800.795565366745,150.55814125308117,3.0,0.8216706275939941,
676000,1417.2801632881165,-712.2922372817993,80.11181653915641,-0.0014037257338252117,40.604240608215335,1.3066200613975525,0.003043726598843932,-800.795565366745,150.55814125308117,3.0,0.8098719537258148,
680000,1425.5350573062897,-711.489278793335,95.75898711123942,-0.00044005507524715883,41.43012371063232,1.3325287342071532,0.0017715123249217868,-800.795565366745,150.55814125308117,3.0,0.8414124727249146,
684000,1435.9757626056671,-712.0435810089111,84.5313611625825,-0.0007332065287239953,43.61559066772461,1.3615506649017335,0.0010739619559220425,-912.8138934969902,164.08841948997795,3.0,0.8711786210536957,
688000,1444.1416082382202,-703.0771894454956,80.38951824639149,-0.0023040917888671685,32.878839302062985,1.3340312480926513,0.0025603711605072022,-912.8138934969902,164.08841948997795,3.0,0.8519521117210388,
692000,1452.3508667945862,-711.2548093795776,86.13113298484186,-0.001806896925894197,40.17374229431152,1.3173299312591553,0.0013528621471778023,-912.8138934969902,164.08841948997795,3.0,0.8207867026329041,
696000,1460.4158718585968,-741.2462711334229,83.75776411122102,-0.00202211424417329,41.21679401397705,1.2826433658599854,0.0007248333567986265,-912.8138934969902,164.08841948997795,3.0,0.8792717278003692,
700000,1468.5779826641083,-745.8654327392578,96.94564527199793,-0.0018921853114928222,63.34134368896484,1.2960310339927674,0.0040581482404377315,-912.8138934969902,164.08841948997795,3.0,0.8486480236053466,
704000,1476.7776713371277,-710.5958471298218,87.38715908443208,-0.0012791899824708963,28.047062873840332,1.3021750450134277,0.0015111052204056286,-912.8138934969902,164.08841948997795,3.0,0.8441486656665802,
708000,1484.9607026576996,-714.3165636062622,84.30043767017692,-0.0022675228145478065,31.387478256225585,1.274115800857544,0.0013304269363288769,-912.8138934969902,164.08841948997795,3.0,0.8489165484905243,
712000,1493.1277363300323,-739.5581693649292,95.33246320652736,-0.0015322903467003713,43.88542251586914,1.3228763461112976,0.004119380138581619,-912.8138934969902,164.08841948997795,3.0,0.8404104173183441,
716000,1501.3003284931183,-709.6024217605591,95.47519781962714,-0.0014592257811309572,56.935390090942384,1.3544976949691772,0.0008677666076158275,-912.8138934969902,164.08841948997795,3.0,0.8741828203201294,
720000,1509.4899945259094,-711.3366937637329,72.58628116088654,-0.0014561692666999581,35.95499057769776,1.3259907007217406,0.00171198551894729,-912.8138934969902,164.08841948997795,3.0,0.8408505022525787,
724000,1519.8619260787964,-698.619288444519,88.780451620034,-0.0014652529685312387,48.85034065246582,1.3296919584274292,0.0017140760103163011,-748.0676203072071,103.4924413856125,3.0,0.8243741989135742,
728000,1528.0671701431274,-664.4829034805298,67.20102903946993,-0.0012743422176379581,38.44634017944336,1.3359820127487183,0.0024955691609648057,-748.0676203072071,103.4924413856125,3.0,0.8623091399669647,
732000,1536.2755389213562,-695.1205158233643,87.36480199384307,-0.0021522014368092536,57.074927520751956,1.3438978672027588,0.0034492166472773534,-748.0676203072071,103.4924413856125,3.0,0.856319934129715,
736000,1544.4930787086487,-681.2449645996094,79.69130469217957,-0.0018323754685310334,50.29881210327149,1.3422620058059693,0.0021421222117642192,-748.0676203072071,103.4924413856125,3.0,0.8863782405853271,
740000,1552.59849858284,-693.9564256668091,101.20797121496445,-0.002152602817746807,40.052083778381345,1.344153892993927,0.0022674785944788445,-748.0676203072071,103.4924413856125,3.0,0.8503560066223145,
744000,1560.7132985591888,-683.1696929931641,77.78788032071381,-0.002006844014395037,32.65336990356445,1.3210631370544434,0.003126357335713692,-748.0676203072071,103.4924413856125,3.0,0.8499487042427063,
748000,1568.8777635097504,-728.5870780944824,115.49166522426002,-0.0017852980315704592,43.093734169006346,1.3208760499954224,0.0017498504588729703,-748.0676203072071,103.4924413856125,3.0,0.8038856029510498,
752000,1577.0313460826874,-679.4642930030823,79.58638711249216,-0.00248519566616352,34.111618995666504,1.32275892496109,0.001323525625775801,-748.0676203072071,103.4924413856125,3.0,0.8391834378242493,
756000,1585.1904208660126,-698.3347115516663,102.00223226894973,-0.0027946849870495783,42.73347778320313,1.3321335077285767,0.004359176580328495,-748.0676203072071,103.4924413856125,3.0,0.8163235187530518,
760000,1593.3652532100677,-691.4321098327637,94.75950099937603,-0.0024204249855053206,35.31736793518066,1.3588772416114807,0.004644792882027104,-748.0676203072071,103.4924413856125,3.0,0.8027256786823272,
764000,1603.733556509018,-658.1327605247498,83.82580641500262,-0.0013285411644028855,44.742859840393066,1.3567842245101929,0.0027845332719152794,-686.7596988081932,80.33696819141012,3.0,0.804157841205597,
768000,1611.8799722194672,-665.6183662414551,81.38982220120208,-0.0025312072321538536,48.984663772583005,1.3627742886543275,0.004493917483642385,-686.7596988081932,80.33696819141012,3.0,0.7970378577709198,
772000,1620.0403883457184,-683.9928407669067,95.96750240372381,-0.0013926991530849309,51.151858520507815,1.3359839916229248,0.0019021006592083722,-686.7596988081932,80.33696819141012,3.0,0.8035147666931153,
776000,1628.1848783493042,-676.7248477935791,88.57730448121838,-0.0021917646202491703,35.096880722045896,1.3569703340530395,0.0033103386173024773,-686.7596988081932,80.33696819141012,3.0,0.8967468619346619,
780000,1636.3409450054169,-685.7949590682983,84.62855427269598,-0.0015501201735993674,37.67351360321045,1.3439860701560975,0.002081794189929509,-686.7596988081932,80.33696819141012,3.0,0.8357099890708923,
784000,1644.4932825565338,-668.8981857299805,78.19884176743797,-0.001312823243012362,48.61837272644043,1.3161553382873534,0.003308868556089395,-686.7596988081932,80.33696819141012,3.0,0.799560683965683,
788000,1652.6586034297943,-677.878812789917,84.61705400784831,-0.0024197121984907534,38.37394027709961,1.2587372541427613,0.003415202090400271,-686.7596988081932,80.33696819141012,3.0,0.8199837505817413,
792000,1660.8034207820892,-701.1004419326782,76.40574945921594,-0.0023882875078513168,34.21804676055908,1.311111283302307,0.00572803099236141,-686.7596988081932,80.33696819141012,3.0,0.825519609451294,
796000,1668.9392504692078,-670.6322946548462,74.1371786084156,-0.0014522477893430974,52.7906681060791,1.3506590604782105,0.0025470217266823415,-686.7596988081932,80.33696819141012,3.0,0.7890674948692322,
800000,1677.0708978176117,-700.8759508132935,85.89102552623311,-0.001531861392160261,36.0819673538208,1.3573251128196717,0.0027949046030213863,-686.7596988081932,80.33696819141012,3.0,0.7316608488559723,
804000,1687.4329924583435,-700.1923389434814,88.85951016806277,-0.001589756462669656,41.11513767242432,1.330266785621643,0.003047015477204695,-701.7184466719627,87.01436792849381,3.0,0.7029265105724335,
808000,1695.5748856067657,-665.8620920181274,81.31399048674353,-0.0011190426527221576,52.37419509887695,1.3216997742652894,0.0022384724843238168,-701.7184466719627,87.01436792849381,3.0,0.780634754896164,
812000,1703.7197892665863,-678.0546827316284,91.6115176232177,-0.0018708678408293268,38.86615200042725,1.2729535341262816,0.0032088029838632792,-701.7184466719627,87.01436792849381,3.0,0.7603962361812592,
816000,1711.8787488937378,-699.1992130279541,91.72514614436122,-0.0014396635678992132,49.303148460388186,1.2266502022743224,0.004001349169993773,-701.7184466719627,87.01436792849381,3.0,0.7410862386226654,
820000,1720.0522611141205,-729.3547096252441,114.2531752293785,-0.0021670163425927314,42.089061164855956,1.2702676057815552,0.002138464548547442,-701.7184466719627,87.01436792849381,3.0,0.7558284819126129,
824000,1728.196094751358,-677.2477765083313,91.29529788141967,-0.0007790395966876584,59.185961151123045,1.2977030873298645,0.001486958231544122,-701.7184466719627,87.01436792849381,3.0,0.8132018923759461,
828000,1736.3284139633179,-675.6501641273499,84.69055375953502,-0.002337344093675103,34.8316312789917,1.2959912061691283,0.0032854031858732926,-701.7184466719627,87.01436792849381,3.0,0.7891196250915528,
832000,1744.5345888137817,-687.6739521026611,82.4715737354248,-0.0007170101863254175,57.85990257263184,1.2866681694984436,0.0026085713994689285,-701.7184466719627,87.01436792849381,3.0,0.8134437561035156,
836000,1752.6959083080292,-679.6540970802307,77.23912745878154,-0.0015752111549906188,53.405880737304685,1.2734768033027648,0.0022991403751851493,-701.7184466719627,87.01436792849381,3.0,0.8767845749855041,
840000,1760.841962814331,-661.5192160606384,75.04481454535401,-0.0010038191212515812,54.21571235656738,1.2825981616973876,0.002752961046140023,-701.7184466719627,87.01436792849381,3.0,0.9023410737514496,
844000,1771.218056678772,-669.1886396408081,71.70191460015465,-0.002209186360045834,36.51082286834717,1.3354092717170716,0.004195244598668069,-681.0810063481331,75.07185106848529,3.0,0.8599114835262298,
848000,1779.374773979187,-669.1459760665894,72.5049767211936,-0.0011376331307595855,40.080780601501466,1.3284829020500184,0.002239872660798348,-681.0810063481331,75.07185106848529,3.0,0.9066728174686431,
852000,1787.5353319644928,-666.6643552780151,85.07151147906278,-0.0016309185051504472,36.8564790725708,1.299776566028595,0.0027479038370074706,-681.0810063481331,75.07185106848529,3.0,0.8597953677177429,
856000,1795.7009208202362,-671.390830039978,88.24906751597854,-0.0011471767610831574,48.73930644989014,1.2726728677749635,0.0012900292161702963,-681.0810063481331,75.07185106848529,3.0,0.8022753119468689,
860000,1803.8634567260742,-687.2009792327881,79.96381722952428,-0.0032085848030012796,31.721252822875975,1.2748082995414733,0.0019654855215776477,-681.0810063481331,75.07185106848529,3.0,0.830799651145935,
864000,1812.0421516895294,-705.1408920288086,80.9767183758033,-0.0016664059903705563,48.25614643096924,1.2845454096794129,0.002838879160117358,-681.0810063481331,75.07185106848529,3.0,0.8556922137737274,
868000,1820.2163774967194,-672.9545555114746,80.00275783970034,-0.0022631985128585665,42.63209342956543,1.2846041560173034,0.004177349929523189,-681.0810063481331,75.07185106848529,3.0,0.8433046340942383,
872000,1828.3837144374847,-708.9489769935608,93.26831548845286,-0.0009235479004576774,50.09541072845459,1.2640584230422973,0.0024617379618575796,-681.0810063481331,75.07185106848529,3.0,0.7984172880649567,
876000,1836.537649154663,-700.9377918243408,87.82469577465103,-0.0009986813400464812,48.10300083160401,1.2438601851463318,0.0017043541349509583,-681.0810063481331,75.07185106848529,3.0,0.7938778758049011,
880000,1844.685750246048,-723.1104383468628,92.89694004764964,-0.0020608415280003014,50.65000877380371,1.2613598108291626,0.003695285477442667,-681.0810063481331,75.07185106848529,3.0,0.7551327764987945,
884000,1855.0495779514313,-773.3690643310547,136.50043979073615,-0.0005225001200354296,87.60512466430664,1.210967493057251,0.0017040024012482415,-866.9154090285301,160.2422686893239,3.0,0.7502074897289276,
888000,1863.2707722187042,-735.9960355758667,116.04784650072337,-0.0012968597069460408,44.179578590393064,1.2631693720817565,0.0025949447728635276,-866.9154090285301,160.2422686893239,3.0,0.7851334095001221,
892000,1871.4724929332733,-738.2768630981445,97.77023496049556,-0.0007475360940734533,49.17291259765625,1.2733666062355042,0.001488259369449224,-866.9154090285301,160.2422686893239,3.0,0.7729367077350616,
896000,1879.5867927074432,-796.2345743179321,122.706669320188,-0.00039463377642035,85.12787818908691,1.235433864593506,0.001547799782148407,-866.9154090285301,160.2422686893239,3.0,0.7134899616241455,
900000,1887.7264397144318,-769.0773363113403,111.04305276481247,-0.0010712385916752608,63.18849143981934,1.2475552320480348,0.0024094421239181816,-866.9154090285301,160.2422686893239,3.0,0.7284772336483002,
904000,1895.8573548793793,-692.8988256454468,98.03331810661805,-0.0008765951377863957,53.64619026184082,1.3037559151649476,0.002547217163373716,-866.9154090285301,160.2422686893239,3.0,0.7628382980823517,
908000,1903.9956285953522,-744.1636323928833,91.49746696286789,-0.0001418483345963395,54.28088531494141,1.2742376327514648,0.0008660257946758066,-866.9154090285301,160.2422686893239,3.0,0.7382234454154968,
912000,1912.1310527324677,-756.0397024154663,114.2300094424963,-0.001324582563984844,92.30410804748536,1.3070602536201477,0.0008241293574683395,-866.9154090285301,160.2422686893239,3.0,0.7338777661323548,
916000,1920.284009695053,-718.4508600234985,86.44423433677115,-0.0018915544096768544,41.7214298248291,1.3082731127738954,0.0013392114957484047,-866.9154090285301,160.2422686893239,3.0,0.7452659189701081,
920000,1928.4087331295013,-700.3862352371216,95.54387993060182,-0.001695655395936546,65.95240478515625,1.3264006614685058,0.0015699027754647766,-866.9154090285301,160.2422686893239,3.0,0.7692470788955689,
924000,1938.7222146987915,-705.7638816833496,93.3668656865045,-0.0014827232970322513,50.27956047058105,1.297821283340454,0.0026615567319871357,-732.9598884284496,111.64105163798195,3.0,0.7531376719474793,
928000,1946.922779560089,-672.4722566604614,77.73365384604435,-0.001467617740204652,46.03037853240967,1.33607017993927,0.003177451731064762,-732.9598884284496,111.64105163798195,3.0,0.8015348732471466,
932000,1955.1082394123077,-707.0510520935059,98.75483812263823,-0.0009007264046710262,61.600134658813474,1.3254047870635985,0.0015329083587857894,-732.9598884284496,111.64105163798195,3.0,0.8016581416130066,
936000,1963.3027555942535,-665.8579359054565,73.65007360994568,-0.0022998473445283384,34.961816024780276,1.313291883468628,0.0026880191478994677,-732.9598884284496,111.64105163798195,3.0,0.8153429150581359,
940000,1971.438491821289,-699.113094329834,80.06584917139234,-0.0010712532473686753,54.27840576171875,1.2828386664390563,0.0025868817159983683,-732.9598884284496,111.64105163798195,3.0,0.8220175981521607,
944000,1979.5653948783875,-725.6994895935059,98.084152145928,-0.0011705422685481582,46.81788654327393,1.2536507487297057,0.0028756558895111084,-732.9598884284496,111.64105163798195,3.0,0.7766734063625336,
948000,1987.7144117355347,-741.9613008499146,96.23524915717567,-0.0008964758869453249,60.04062728881836,1.2626498103141786,0.002285836849788514,-732.9598884284496,111.64105163798195,3.0,0.7689177989959717,
952000,1995.9191677570343,-685.7775774002075,72.90903025344285,-0.0009577373610031969,44.07834396362305,1.2648706912994385,0.0024519348196918147,-732.9598884284496,111.64105163798195,3.0,0.8261946141719818,
956000,2004.1195185184479,-698.1030597686768,104.55593547942013,-0.001760400607337953,41.74926872253418,1.2522567987442017,0.0022238986632243662,-732.9598884284496,111.64105163798195,3.0,0.8256378829479217,
960000,2012.2380771636963,-680.9474029541016,95.22315594643446,-0.001956432461544566,49.28327331542969,1.2576701641082764,0.0029455550971130505,-732.9598884284496,111.64105163798195,3.0,0.8813644587993622,
964000,2022.6575479507446,-678.8866939544678,75.76551498548652,-0.002282108843171393,33.508983039855956,1.3094501733779906,0.0029775585993775167,-695.3077717423439,92.31880603704015,3.0,0.8769984841346741,
968000,2030.7745161056519,-667.2799491882324,93.8597955375842,-0.001574576017990026,44.081048011779785,1.3130231499671936,0.0029308044962817804,-695.3077717423439,92.31880603704015,3.0,0.8831852912902832,
972000,2038.8983318805695,-712.6076612472534,114.24338899163965,-0.0008252234242002831,63.790626525878906,1.3273725271224976,0.0027874772746581565,-695.3077717423439,92.31880603704015,3.0,0.8913992047309875,
976000,2047.032583475113,-670.3988075256348,77.27877393356154,-0.002459982043190401,27.63170166015625,1.319250500202179,0.003584168283850886,-695.3077717423439,92.31880603704015,3.0,0.8502739369869232,
980000,2055.147604942322,-683.2131786346436,98.63245393931105,-0.0014386052281091465,44.5941650390625,1.2987294673919678,0.001473098000860773,-695.3077717423439,92.31880603704015,3.0,0.8298532068729401,
984000,2063.2716886997223,-672.194408416748,80.1137002234143,-0.003202584251994267,29.074665832519532,1.3176424384117127,0.0030408133195984786,-695.3077717423439,92.31880603704015,3.0,0.812907201051712,
988000,2071.387102127075,-682.4925346374512,81.41001739157588,-0.001645874696958316,31.324942588806152,1.2659834027290344,0.002604422727328104,-695.3077717423439,92.31880603704015,3.0,0.8666935443878174,
992000,2079.528178691864,-656.2589502334595,69.65635731635244,-0.0025347028044828248,22.70380506515503,1.285019302368164,0.004632256214972585,-695.3077717423439,92.31880603704015,3.0,0.863285231590271,
996000,2087.6243572235107,-671.1003127098083,72.72810568755145,-0.0014815433265951583,46.30011749267578,1.2523594737052917,0.0021832189057022335,-695.3077717423439,92.31880603704015,3.0,0.850940603017807,
1000000,2095.733864068985,-666.3473057746887,69.50701861161859,-0.0022887780956807545,27.456403923034667,1.2508682012557983,0.003404667491015667,-695.3077717423439,92.31880603704015,3.0,0.8685402512550354,
1004000,2106.03471493721,-664.0138607025146,85.55720637361648,-0.002246786388917821,35.71273002624512,1.262947678565979,0.003715845361468384,-690.812784075737,89.29879033227095,3.0,0.8349904537200927,
1008000,2114.147529363632,-678.654426574707,77.22004073882353,-0.0019809297032188588,36.352653884887694,1.248994195461273,0.001719753952784231,-690.812784075737,89.29879033227095,3.0,0.853981202840805,
1012000,2122.236995458603,-685.3142147064209,94.08753468734083,-0.002486961139443622,28.299650764465333,1.2533167004585266,0.003306105279402499,-690.812784075737,89.29879033227095,3.0,0.8013682067394257,
1016000,2130.3509290218353,-678.402193069458,98.8114609147868,-0.001806966721080272,48.98685569763184,1.2559253096580505,0.0022139260012579154,-690.812784075737,89.29879033227095,3.0,0.813907778263092,
1020000,2138.511317253113,-678.7642850875854,86.60500685973939,-0.0010805599435244062,33.953181457519534,1.1903453111648559,0.004572388660744764,-690.812784075737,89.29879033227095,3.0,0.8534084320068359,
1024000,2146.6455805301666,-677.2028074264526,99.63438804230267,-0.0032986029340341893,32.39593143463135,1.2198376178741455,0.004797377402428538,-690.812784075737,89.29879033227095,3.0,0.8645122349262238,
1028000,2154.77241897583,-666.1667652130127,70.63118501720007,-0.001470360854330166,46.48607959747314,1.2569253325462342,0.003142535528788959,-690.812784075737,89.29879033227095,3.0,0.8006866693496704,
1032000,2162.9095952510834,-668.5613927841187,82.21075275607875,-0.0017631579313213575,36.46424312591553,1.2493687272071838,0.002597387488000097,-690.812784075737,89.29879033227095,3.0,0.8355755865573883,
1036000,2171.0325253009796,-679.7238645553589,79.34865265663588,-0.001174042190845892,36.326316833496094,1.2478401780128479,0.0025552370977238725,-690.812784075737,89.29879033227095,3.0,0.8706102311611176,
1040000,2179.159301996231,-664.8331651687622,83.86253427644381,-0.0015719797598818918,28.028219795227052,1.2494773030281068,0.003310769877862185,-690.812784075737,89.29879033227095,3.0,0.8478168249130249,
1044000,2189.5465404987335,-653.9502468109131,87.03317885728201,-0.0019137830071073835,41.49983882904053,1.2749024391174317,0.0016571228126849747,-683.3200767338276,117.45862674145378,3.0,0.8630823791027069,
1048000,2197.71360039711,-668.0792474746704,94.01590774369537,-0.0021530398993345303,58.594598388671876,1.2591588735580443,0.0041001486254972465,-683.3200767338276,117.45862674145378,3.0,0.8728140473365784,
1052000,2205.9047124385834,-654.9548802375793,91.95559263378716,-0.0012626034541074916,53.136514282226564,1.2565093278884887,0.0031346123951176974,-683.3200767338276,117.45862674145378,3.0,0.8870377600193023,
1056000,2214.0305240154266,-668.4487361907959,95.52875687597954,-0.0014126168696869889,45.31964111328125,1.2332894802093506,0.002855461967556039,-683.3200767338276,117.45862674145378,3.0,0.8671604633331299,
1060000,2222.1417071819305,-648.2172226905823,71.5221396164297,-0.0014087074132015155,47.958866882324216,1.2632613897323608,0.001655018446035683,-683.3200767338276,117.45862674145378,3.0,0.8543108224868774,
1064000,2230.2744224071503,-659.2755398750305,89.92277801593669,-0.00318412800847252,42.39031791687012,1.2590400099754333,0.0036824446844790754,-683.3200767338276,117.45862674145378,3.0,0.840970492362976,
1068000,2238.4036903381348,-647.7488951683044,65.2098500184597,-0.002619898178090807,33.78967094421387,1.2246286988258361,0.0031989644281566142,-683.3200767338276,117.45862674145378,3.0,0.8281857550144196,
1072000,2246.4940679073334,-669.7422480583191,80.61087706487828,-0.002464295159152208,40.24380588531494,1.241966724395752,0.0017173332317421837,-683.3200767338276,117.45862674145378,3.0,0.8245401561260224,
1076000,2254.632063150406,-673.0022277832031,79.7973117091472,-0.0015934179003089354,55.361053466796875,1.26872980594635,0.0041563162871170786,-683.3200767338276,117.45862674145378,3.0,0.7960243463516236,
1080000,2262.748386144638,-678.0824012756348,95.96804467381625,-0.002033529266094192,52.20750389099121,1.218057143688202,0.004138548295130029,-683.3200767338276,117.45862674145378,3.0,0.8385650634765625,
1084000,2273.128478050232,-670.5308213233948,96.9868257861243,-0.001686248192505424,53.36989212036133,1.2489275813102723,0.005110391962807626,-662.9673106372356,83.33644994556195,3.0,0.865524971485138,
1088000,2281.267162799835,-654.5304532051086,87.92377307525759,-0.0024725009766795258,36.55317783355713,1.2477107882499694,0.004078846345422793,-662.9673106372356,83.33644994556195,3.0,0.8360719084739685,
1092000,2289.2758405208588,-673.1069965362549,86.23299622248041,-0.002174246776819988,63.31929359436035,1.2622106790542602,0.0021333128795959057,-662.9673106372356,83.33644994556195,3.0,0.821765410900116,
1096000,2297.412385702133,-679.1081552505493,77.98008281290116,-0.0023148890802015655,36.12977294921875,1.2505472898483276,0.001983733159489942,-662.9673106372356,83.33644994556195,3.0,0.8567428469657898,
1100000,2305.550637245178,-680.103105545044,70.98237032790804,-0.002324395073480745,36.63882064819336,1.2460697650909425,0.0029381850510641684,-662.9673106372356,83.33644994556195,3.0,0.8315352678298951,
1104000,2313.6860206127167,-656.6130437850952,67.36420160611836,-0.002420769229725295,60.54639778137207,1.252497959136963,0.003365049892958874,-662.9673106372356,83.33644994556195,3.0,0.8524782538414002,
1108000,2321.828417778015,-691.0482683181763,87.5222399634061,-0.00115939582957314,46.46359004974365,1.278643012046814,0.0021125204097479644,-662.9673106372356,83.33644994556195,3.0,0.8689038634300232,
1112000,2329.96036195755,-734.1612586975098,102.31100176403635,-0.003104242962746184,66.91809387207032,1.2971378445625306,0.0030492297387293863,-662.9673106372356,83.33644994556195,3.0,0.8353779017925262,
1116000,2338.1158871650696,-693.5376110076904,93.16654036280616,-0.0018979960809083706,48.08129329681397,1.3279024720191956,0.0013131196261383592,-662.9673106372356,83.33644994556195,3.0,0.8826509296894074,
1120000,2346.263453245163,-690.6092042922974,91.65841115019444,-0.002108155805966838,40.55515270233154,1.325009536743164,0.00429954656702467,-662.9673106372356,83.33644994556195,3.0,0.8813739061355591,
1124000,2356.6424753665924,-733.1312923431396,97.21770461792484,-0.00239732029514077,56.57078590393066,1.2757102012634278,0.003085805207956582,-798.977806687355,138.35078903354767,3.0,0.8382255792617798,
1128000,2364.783677816391,-706.4353313446045,102.57266280650495,-0.0017607032054996418,44.1786584854126,1.256268048286438,0.0019938807847211136,-798.977806687355,138.35078903354767,3.0,0.8272670030593872,
1132000,2372.9325375556946,-703.8118944168091,92.32888877325895,-0.0018454158227541484,39.559675788879396,1.2542646765708922,0.0043808908470285455,-798.977806687355,138.35078903354767,3.0,0.8647457659244537,
1136000,2381.081320285797,-716.7636461257935,104.07285720489796,-0.0014354038658008327,47.872706985473634,1.1744963884353639,0.0015349583793334508,-798.977806687355,138.35078903354767,3.0,0.8429050624370575,
1140000,2389.253809452057,-685.6280536651611,81.63267224145692,-0.0018291371028947624,50.54144344329834,1.2229736924171448,0.003693011138238944,-798.977806687355,138.35078903354767,3.0,0.845079380273819,
1144000,2397.4025921821594,-702.0225963592529,86.89946937324262,-0.001957294971604506,35.051839637756345,1.1607405424118042,0.0014352951577166096,-798.977806687355,138.35078903354767,3.0,0.8715602815151214,
1148000,2405.4893887043,-696.2185916900635,112.66202808088144,-0.0018422020297341746,45.350869750976564,1.1643133759498596,0.002659404545052291,-798.977806687355,138.35078903354767,3.0,0.8722761273384094,
1152000,2413.660016298294,-690.9227867126465,88.04925162928575,-0.0016401876489786638,36.47100353240967,1.2127966642379762,0.001992539422644768,-798.977806687355,138.35078903354767,3.0,0.8463894248008728,
1156000,2421.799391269684,-698.3474941253662,95.73317952201872,-0.0019115004302390436,42.58764133453369,1.0645062327384949,0.0007560125704912934,-798.977806687355,138.35078903354767,3.0,0.82488032579422,
1160000,2429.9521396160126,-687.2395968437195,97.33082346902889,-0.0009690099043476508,44.041222763061526,1.0821802377700807,0.0005251296440498363,-798.977806687355,138.35078903354767,3.0,0.8292049527168274,
1164000,2440.320368051529,-691.1855039596558,93.36972005397061,-0.002024187039234704,46.137692070007326,1.022026741504669,0.0007968168753529125,-698.3709107637405,124.46287137002538,3.0,0.8172989368438721,
1168000,2448.4328649044037,-718.687479019165,82.31525980657399,-0.0011718250034610024,32.65399608612061,1.052657699584961,0.001140660943599281,-698.3709107637405,124.46287137002538,3.0,0.8220337808132172,
1172000,2456.561872243881,-734.8444671630859,95.99098195870464,-0.0014157624700066763,44.53708381652832,1.036714744567871,0.001546068539028056,-698.3709107637405,124.46287137002538,3.0,0.8003122746944428,
1176000,2464.7116684913635,-723.4789638519287,118.78711611640453,-0.0013419974585218597,54.727042770385744,1.1048524856567383,0.004096743956285853,-698.3709107637405,124.46287137002538,3.0,0.79296954870224,
1180000,2472.871558189392,-681.2976808547974,82.51700674259827,-0.0021599719512741975,41.30605945587158,1.1227126240730285,0.003984901803002383,-698.3709107637405,124.46287137002538,3.0,0.8171754717826843,
1184000,2481.0140612125397,-716.6790933609009,111.78196794060862,-0.0015596439177145704,52.77009658813476,1.2078023076057434,0.0010668416842236183,-698.3709107637405,124.46287137002538,3.0,0.8107151091098785,
1188000,2489.1578319072723,-697.6325449943542,96.26418391563092,-0.0015412143891637697,52.34988136291504,1.2414619207382203,0.0025743188976775854,-698.3709107637405,124.46287137002538,3.0,0.795269000530243,
1192000,2497.2793712615967,-675.8697557449341,80.70868323276638,-0.0021555049724411245,61.18667221069336,1.2577869415283203,0.0019988048821687697,-698.3709107637405,124.46287137002538,3.0,0.8562617421150207,
1196000,2505.418747663498,-674.1523971557617,68.10563479516534,-0.001587854998845928,45.06545581817627,1.2651432991027831,0.0023294017789109445,-698.3709107637405,124.46287137002538,3.0,0.8153993666172028,
1200000,2513.581857442856,-716.6484379768372,87.8455350735681,-0.0016582232935761,48.72097473144531,1.2591966032981872,0.0014341614884324284,-698.3709107637405,124.46287137002538,3.0,0.7810742199420929,
1204000,2523.967354774475,-689.8984432220459,86.5160113263773,-0.0009833574893491459,68.8393684387207,1.3205512642860413,0.0005481764365928843,-785.3918839395046,135.0735431006335,3.0,0.807988440990448,
1208000,2532.1016511917114,-684.3912115097046,79.33452684623549,-0.0021483675646983614,74.72612915039062,1.315848672389984,0.0034701463256884986,-785.3918839395046,135.0735431006335,3.0,0.7662830054759979,
1212000,2540.24015045166,-672.3511199951172,89.66018476799785,-0.0012099139292839566,62.85011863708496,1.346879208087921,0.0005875080914411246,-785.3918839395046,135.0735431006335,3.0,0.816961544752121,
1216000,2548.420788526535,-685.1221656799316,87.91169301615973,-0.0023230517429862372,71.69836235046387,1.3548930644989015,0.0020158977308698646,-785.3918839395046,135.0735431006335,3.0,0.7943782567977905,
1220000,2556.625900030136,-715.4551057815552,104.59190411105094,-0.0011364108860622223,50.816085243225096,1.3244491577148438,2.7095758157280602e-05,-785.3918839395046,135.0735431006335,3.0,0.7241638958454132,
1224000,2564.7573959827423,-719.4841527938843,93.48354937433733,-0.0017697894111236678,53.97350578308105,1.3204079627990724,0.0005869275442819344,-785.3918839395046,135.0735431006335,3.0,0.7136020421981811,
1228000,2572.9009263515472,-729.5496520996094,94.71270826190569,-0.001104365172475852,54.89279365539551,1.312742865085602,0.0024200064215886717,-785.3918839395046,135.0735431006335,3.0,0.7364864647388458,
1232000,2581.0290377140045,-735.7236623764038,114.29601285833205,-0.00229842996348939,50.3901554107666,1.2915950536727905,0.0012198141681437845,-785.3918839395046,135.0735431006335,3.0,0.7030564367771148,
1236000,2589.1583988666534,-729.2747621536255,96.46202599825247,-0.002302355050574967,56.680307388305664,1.312949800491333,0.0029012696497375144,-785.3918839395046,135.0735431006335,3.0,0.7215314328670501,
1240000,2597.246494293213,-709.0122003555298,86.90105550075619,-0.0028219539772641688,45.14395809173584,1.3054709434509277,0.0023185050731165946,-785.3918839395046,135.0735431006335,3.0,0.7088514387607574,
1244000,2607.5934929847717,-718.9944677352905,99.44219632876721,-0.0019070456703775384,49.498591613769534,1.3338086485862732,0.0010481473503362703,-863.2160646319389,137.00297896643661,3.0,0.719706392288208,
1248000,2615.744775056839,-749.8764019012451,109.81772464463118,-0.0024134000714014616,35.42553939819336,1.290173387527466,0.0022178027415066027,-863.2160646319389,137.00297896643661,3.0,0.6949903428554535,
1252000,2623.8919262886047,-742.46315574646,118.88399195639383,-0.0005683455893219502,70.26282920837403,1.2836708188056947,0.002012422395637259,-863.2160646319389,137.00297896643661,3.0,0.7205549359321595,
1256000,2631.952875137329,-698.1913461685181,94.95304699977869,-0.001449749386110355,50.7655086517334,1.3219789028167725,0.0006405398479910396,-863.2160646319389,137.00297896643661,3.0,0.7366669952869416,
1260000,2639.9899249076843,-729.3258066177368,118.61861057437389,-0.0014169025193017325,63.105328750610354,1.2654559373855592,0.0011267523455899208,-863.2160646319389,137.00297896643661,3.0,0.7002823412418365,
1264000,2648.142566680908,-722.6192712783813,113.70728127834049,-0.002329044239052269,53.10891876220703,1.233472430706024,0.0018587359773907075,-863.2160646319389,137.00297896643661,3.0,0.6906630277633667,
1268000,2656.2889862060547,-704.1415128707886,94.87715801930102,-0.0018188303158773954,55.24182014465332,1.172446858882904,0.001538732022464201,-863.2160646319389,137.00297896643661,3.0,0.7298992097377777,
1272000,2664.4475836753845,-721.1174564361572,114.1015112865272,-0.0018460323045145443,57.67438507080078,1.2125959038734435,0.0018039444054011255,-863.2160646319389,137.00297896643661,3.0,0.7398435711860657,
1276000,2672.593236207962,-694.1680774688721,95.87546045860991,-0.0018570715505823899,45.18791160583496,1.25667245388031,0.0018439921113895252,-863.2160646319389,137.00297896643661,3.0,0.7226877629756927,
1280000,2680.743190765381,-710.7873573303223,78.74675376155561,-0.0017943840956625933,41.428954124450684,1.2209213852882386,0.003067864462820591,-863.2160646319389,137.00297896643661,3.0,0.6775616645812989,
1284000,2691.1866838932037,-711.8739833831787,83.5139763769394,-0.0017300478981730372,53.499839782714844,1.2886417508125305,0.0035838685032601124,-753.342168867588,131.96336692425814,3.0,0.7131630301475524,
1288000,2699.3438079357147,-720.8176593780518,99.46754751613821,-0.0019113409604954834,35.69636001586914,1.2757912039756776,0.004373625080644472,-753.342168867588,131.96336692425814,3.0,0.7300161421298981,
1292000,2707.3745896816254,-723.9793119430542,89.82859976452386,-0.0018077288185401664,59.504554748535156,1.2981442093849183,0.0013155648286337974,-753.342168867588,131.96336692425814,3.0,0.6680461466312408,
1296000,2715.47283577919,-704.2331972122192,84.08153908669186,-0.0012126033936510794,48.636251831054686,1.3158287048339843,0.0010394480923423544,-753.342168867588,131.96336692425814,3.0,0.7004311442375183,
1300000,2723.6199481487274,-687.0712957382202,99.64384280579245,-0.0011608626662152233,59.43599014282226,1.34238201379776,0.002167611592449248,-753.342168867588,131.96336692425814,3.0,0.7262013494968415,
1304000,2731.7696692943573,-693.4093742370605,99.58679016505442,-0.0018469071010233761,46.41454315185547,1.3178341746330262,0.0015907188933148575,-753.342168867588,131.96336692425814,3.0,0.6777302384376526,
1308000,2739.9039103984833,-671.0099658966064,82.80953521327118,-0.0018167119193434056,55.99793663024902,1.3036922812461853,0.0024706904349386604,-753.342168867588,131.96336692425814,3.0,0.7620519459247589,
1312000,2748.011451482773,-681.1323828697205,74.64031786792532,-0.0019672349430038595,57.37092971801758,1.298818016052246,0.0025171610177494586,-753.342168867588,131.96336692425814,3.0,0.7877232909202576,
1316000,2756.1624698638916,-688.3299837112427,100.21930988764302,-0.001361466369766262,50.001800537109375,1.28783118724823,0.0028283109335461632,-753.342168867588,131.96336692425814,3.0,0.7513491809368134,
1320000,2764.304445028305,-715.6499176025391,93.3447648926687,-0.0018319172030702546,48.3566162109375,1.274282658100128,0.002260569602367468,-753.342168867588,131.96336692425814,3.0,0.7268632769584655,
1324000,2774.674919128418,-707.2763738632202,87.17115357929086,-0.0013419784563060589,41.360489463806154,1.2531888008117675,0.0008292714194879757,-741.975900053978,135.04294401483358,3.0,0.7267578065395355,
1328000,2782.8455703258514,-714.0017395019531,98.2887373599234,-0.0018319065444259764,41.10845947265625,1.2166783452033996,0.001521103316549377,-741.975900053978,135.04294401483358,3.0,0.6470149099826813,
1332000,2791.0343687534332,-701.8746061325073,78.1482047957412,-0.0022807208964368275,42.83880958557129,1.190985870361328,0.0029117841672074707,-741.975900053978,135.04294401483358,3.0,0.6678363084793091,
1336000,2799.2015120983124,-720.0895023345947,88.2217041952361,-0.0024794517545718266,42.146750831604,1.2293872475624084,0.002791027165522486,-741.975900053978,135.04294401483358,3.0,0.6197930932044983,
1340000,2807.3617100715637,-687.3742661476135,101.21888379383202,-0.0024571441848529217,44.781802368164065,1.2336580276489257,0.0025332953518955037,-741.975900053978,135.04294401483358,3.0,0.6767388761043549,
1344000,2815.5098588466644,-700.2468209266663,96.10268641376405,-0.0025944573470236152,27.78930072784424,1.2425758600234986,0.0020452469998417655,-741.975900053978,135.04294401483358,3.0,0.6617621779441833,
1348000,2823.6455850601196,-671.6636352539062,89.29524108807124,-0.0018550046310556567,42.74295520782471,1.2710631489753723,0.0011477565544967872,-741.975900053978,135.04294401483358,3.0,0.6147544085979462,
1352000,2831.7941784858704,-679.1940355300903,91.35990004460069,-0.002469807240646338,41.96581802368164,1.254595983028412,0.002835272801166866,-741.975900053978,135.04294401483358,3.0,0.6659450054168701,
1356000,2839.932035923004,-680.4653868675232,86.77430216451616,-0.0030327438652359984,36.31980972290039,1.2435937523841858,0.001523979805642739,-741.975900053978,135.04294401483358,3.0,0.6507855474948883,
1360000,2848.0631868839264,-681.2296991348267,96.21681545591325,-0.003153255787445275,28.01881217956543,1.2562760710716248,0.0029473949654614806,-741.975900053978,135.04294401483358,3.0,0.6789700806140899,
1364000,2858.407926797867,-678.4737215042114,86.66758759317968,-0.0023179862930749807,46.84400672912598,1.2623343110084533,0.0029594663035823034,-709.7051017582417,103.5330451939689,3.0,0.7228685617446899,
1368000,2866.3652260303497,-688.789605140686,99.7114915623135,-0.0013749398659468782,50.75177993774414,1.2596120238304138,0.0029290813717913534,-709.7051017582417,103.5330451939689,3.0,0.6149856925010682,
1372000,2874.414706468582,-661.2368516921997,87.91229653676531,-0.0022284662541157464,44.411048126220706,1.2722058653831483,0.0042859837745782055,-709.7051017582417,103.5330451939689,3.0,0.6393863141536713,
1376000,2882.5559134483337,-653.2431173324585,79.05198202230706,-0.002897464971795394,39.919449424743654,1.2764145255088806,0.003489068243652582,-709.7051017582417,103.5330451939689,3.0,0.671429455280304,
1380000,2890.6516370773315,-645.1889910697937,85.34840844257327,-0.001868567307213098,38.515699577331546,1.2455904245376588,0.0021756549016572536,-709.7051017582417,103.5330451939689,3.0,0.611575585603714,
1384000,2898.631625890732,-657.9290118217468,91.82061103072118,-0.003639125390783526,29.127878761291505,1.2683998227119446,0.004439001560347,-709.7051017582417,103.5330451939689,3.0,0.6466150224208832,
1388000,2906.755860567093,-675.368842124939,85.32626286539367,-0.0029601730853028307,37.64257678985596,1.234119188785553,0.0018674867515995786,-709.7051017582417,103.5330451939689,3.0,0.5898595809936523,
1392000,2914.893834590912,-677.2927017211914,96.12553378670101,-0.0034754601070114076,32.40316295623779,1.2538184642791748,0.005220801839246026,-709.7051017582417,103.5330451939689,3.0,0.6162989616394043,
1396000,2923.00532579422,-698.5777320861816,92.62721631820216,-0.002788041096452343,35.87623844146729,1.2059707522392273,0.00366884246468544,-709.7051017582417,103.5330451939689,3.0,0.6050410509109497,
1400000,2931.12278175354,-728.0917797088623,118.72535163457167,-0.004187105652876199,32.323039817810056,1.1347325325012207,0.004324746917700395,-709.7051017582417,103.5330451939689,3.0,0.5499760210514069,
1404000,2941.4922449588776,-694.7133569717407,88.54821044861676,-0.0019248916492797363,36.412015724182126,1.2027760744094849,0.0019314943870995193,-779.724038541317,135.3547209021041,3.0,0.5307231724262238,
1408000,2949.634420633316,-712.1347599029541,102.04262494664664,-0.002074458669521917,33.732995414733885,1.1791264414787292,0.0015296666097128764,-779.724038541317,135.3547209021041,3.0,0.5443397760391235,
1412000,2957.809032201767,-695.9611253738403,86.18821318260123,-0.0032416958536875206,27.8298282623291,1.1909642815589905,0.0025426071311812847,-779.724038541317,135.3547209021041,3.0,0.5778806269168854,
1416000,2966.0398647785187,-720.6454782485962,101.64483800098289,-0.002146863419116318,44.86751022338867,1.1862473845481873,0.0028845731314504517,-779.724038541317,135.3547209021041,3.0,0.5741003155708313,
1420000,2974.1818811893463,-684.5342884063721,89.82663131118622,-0.003309805165044999,37.066209983825686,1.1853128671646118,0.0023716839135886404,-779.724038541317,135.3547209021041,3.0,0.6015283465385437,
1424000,2982.3246443271637,-685.3235187530518,96.13410550491831,-0.0028031736372892357,42.66758289337158,1.1731542944908142,0.0038200687762582675,-779.724038541317,135.3547209021041,3.0,0.5902392387390136,
1428000,2990.4197227954865,-672.0765247344971,77.46418448227669,-0.002513086390080055,50.401871871948245,1.2112922549247742,0.001464696516088848,-779.724038541317,135.3547209021041,3.0,0.6017787992954254,
1432000,2998.5445001125336,-657.5569906234741,86.9583547376899,-0.002184440943528898,41.5626724243164,1.227322518825531,0.00230835274740821,-779.724038541317,135.3547209021041,3.0,0.6203873455524445,
1436000,3006.7017500400543,-648.9660849571228,81.57191132256762,-0.0025990057499148734,46.028096771240236,1.2453125238418579,0.0021674350631656126,-779.724038541317,135.3547209021041,3.0,0.672588711977005,
1440000,3014.8592672348022,-663.6825642585754,86.98684966117422,-0.00259619167982601,47.29036521911621,1.216978907585144,0.0035074144492682536,-779.724038541317,135.3547209021041,3.0,0.6693619132041931,
1444000,3025.2205164432526,-667.6593999862671,84.91541303069982,-0.003557854044755615,36.816302108764646,1.2078580379486084,0.003268182642020623,-697.1745502054691,95.40003078701037,3.0,0.6260175347328186,
1448000,3033.365517139435,-679.8840751647949,89.67770011767068,-0.0027671525371552263,36.458670425415036,1.203681480884552,0.0019035786013507083,-697.1745502054691,95.40003078701037,3.0,0.6050423979759216,
1452000,3041.5100350379944,-670.9634017944336,76.4019452276671,-0.002051411667666514,28.119402503967287,1.1938477873802185,0.0009028580316032042,-697.1745502054691,95.40003078701037,3.0,0.5494113147258759,
1456000,3049.639716386795,-692.7462844848633,93.10997603260064,-0.003357042415921274,40.87455043792725,1.209741747379303,0.0025266028707846997,-697.1745502054691,95.40003078701037,3.0,0.5616726517677307,
1460000,3057.787697315216,-687.3169612884521,102.20593887213882,-0.002703606540337233,34.07150783538818,1.2105302929878234,0.002779967593960464,-697.1745502054691,95.40003078701037,3.0,0.5441617667675018,
1464000,3065.9364500045776,-706.8665475845337,102.32090231513229,-0.0028197613170680923,31.144094276428223,1.2004758834838867,0.0016814314119983464,-697.1745502054691,95.40003078701037,3.0,0.5575456261634827,
1468000,3074.077782869339,-699.0908679962158,101.4114546721546,-0.002413476146330762,39.79265460968018,1.2096293210983275,0.002725278266511555,-697.1745502054691,95.40003078701037,3.0,0.5183679103851319,
1472000,3082.2458918094635,-690.6687660217285,90.0401552326728,-0.002782539862130462,42.17380619049072,1.1983858704566956,0.0013106269156560324,-697.1745502054691,95.40003078701037,3.0,0.5637653708457947,
1476000,3090.4266369342804,-667.3085460662842,90.79959769315224,-0.0031827827074254245,31.407585906982423,1.1955707788467407,0.0016013882732756279,-697.1745502054691,95.40003078701037,3.0,0.5367798447608948,
1480000,3098.6338443756104,-699.0113315582275,86.8346696506114,-0.0025645279384916677,27.458591842651366,1.240338349342346,0.0042907965515041726,-697.1745502054691,95.40003078701037,3.0,0.511198353767395,
1484000,3109.06427693367,-657.4935884475708,78.37021270539495,-0.002357672717693937,41.23014965057373,1.230471432209015,0.002545609918888658,-685.3185910582542,95.69077296104223,3.0,0.5838357865810394,
1488000,3117.2562069892883,-683.6069674491882,83.98272485603641,-0.0025682931646006323,36.07719898223877,1.2048839330673218,0.0045062865611786625,-685.3185910582542,95.69077296104223,3.0,0.6034018814563751,
1492000,3125.361227750778,-738.7034044265747,109.48773913093238,-0.0031240288096790357,43.86266326904297,1.2101908683776856,0.003576217823137995,-685.3185910582542,95.69077296104223,3.0,0.5512119770050049,
1496000,3133.5233902931213,-708.9264616966248,107.71701373302002,-0.0035103118317201696,31.19348430633545,1.1841597318649293,0.003541634932315599,-685.3185910582542,95.69077296104223,3.0,0.5188031136989594,
1500000,3141.669473171234,-717.5634288787842,112.89447180794453,-0.0017814133548138766,50.39463768005371,1.1669694185256958,0.002708032145164907,-685.3185910582542,95.69077296104223,3.0,0.5111826300621033,
1504000,3149.8140785694122,-735.5345392227173,107.78149040856925,-0.00164599631689879,47.52634696960449,1.1949714541435241,0.0011343973121280826,-685.3185910582542,95.69077296104223,3.0,0.4514685541391373,
1508000,3157.988736629486,-695.0875287055969,87.41403870164939,-0.0021829344237726646,34.28262634277344,1.2160390734672546,0.0025066643564884304,-685.3185910582542,95.69077296104223,3.0,0.5565387189388276,
1512000,3166.1131739616394,-671.1430969238281,85.59080971451331,-0.003518542580849804,26.75931625366211,1.185944151878357,0.002465352640138008,-685.3185910582542,95.69077296104223,3.0,0.5455649852752685,
1516000,3174.262315273285,-659.1024174690247,75.36072889313441,-0.0026464107049202212,24.761746406555176,1.1650895476341248,0.0023608310119016098,-685.3185910582542,95.69077296104223,3.0,0.5002202033996582,
1520000,3182.3877782821655,-678.5458793640137,93.0785934618287,-0.0034023236237699095,40.59777393341064,1.165402317047119,0.003194341744529083,-685.3185910582542,95.69077296104223,3.0,0.5294484317302703,
1524000,3192.7427558898926,-680.0712003707886,85.11317741846213,-0.0023518863151257285,55.23506469726563,1.1926824569702148,0.0025642917405930346,-686.1168178617954,150.68107300791524,3.0,0.5391788363456727,
1528000,3200.898272752762,-676.9847478866577,79.98244324783995,-0.0034804484694420878,28.831909942626954,1.166144108772278,0.0020860209672634244,-686.1168178617954,150.68107300791524,3.0,0.5421006917953491,
1532000,3209.031217098236,-662.3095827102661,83.0057365410587,-0.0031990438608142215,26.21204528808594,1.1438624620437623,0.0035285983395879185,-686.1168178617954,150.68107300791524,3.0,0.6006461262702942,
1536000,3217.1964881420135,-692.2185764312744,95.94874501930437,-0.002973095265857495,37.78141326904297,1.1660215854644775,0.0021155769941978873,-686.1168178617954,150.68107300791524,3.0,0.5469296157360077,
1540000,3225.318638563156,-676.7045793533325,77.35898244888155,-0.0032652650577171373,28.227654647827148,1.1112490534782409,0.004045775531092666,-686.1168178617954,150.68107300791524,3.0,0.5034848511219024,
1544000,3233.4684965610504,-687.8503398895264,85.1152037984149,-0.002680481810064528,33.895165252685544,1.138326930999756,0.004360260777253039,-686.1168178617954,150.68107300791524,3.0,0.4838510036468506,
1548000,3241.622585773468,-676.1282835006714,90.40377451833548,-0.0026680582745273185,29.828835487365723,1.1255494356155396,0.0014415281269466508,-686.1168178617954,150.68107300791524,3.0,0.5061142802238464,
1552000,3249.762097597122,-716.9362287521362,98.41955059430987,-0.0030220559123359967,36.353572082519534,1.102346909046173,0.0016823197544630019,-686.1168178617954,150.68107300791524,3.0,0.4787792652845383,
1556000,3257.895733356476,-678.2247772216797,81.86257669905868,-0.003394583896830827,22.32618808746338,1.0793802857398986,0.0023749614001620455,-686.1168178617954,150.68107300791524,3.0,0.49238852858543397,
1560000,3266.04639172554,-703.8472604751587,86.15029706982023,-0.0027557353905479755,47.74450836181641,1.095663583278656,0.0019687784035146818,-686.1168178617954,150.68107300791524,3.0,0.4692258894443512,
1564000,3276.4199318885803,-682.4363203048706,87.0987976824243,-0.002146803892295246,41.35852870941162,1.1377787709236145,0.004913388307613786,-730.2521916031837,126.40880368934472,3.0,0.4614538162946701,
1568000,3284.541430711746,-692.9503335952759,103.51160607104617,-0.0033608663854344913,44.14586334228515,1.1338956117630006,0.0031003199502508023,-730.2521916031837,126.40880368934472,3.0,0.47840539515018465,
1572000,3292.6834774017334,-669.914388179779,75.31902157434953,-0.0038333913374614587,19.96458520889282,1.1338221788406373,0.00200833598501049,-730.2521916031837,126.40880368934472,3.0,0.4390413165092468,
1576000,3300.8484365940094,-660.6818089485168,77.00512211855232,-0.0028436612630296843,28.263521575927733,1.1605303645133973,0.0009144609961658778,-730.2521916031837,126.40880368934472,3.0,0.44705885350704194,
1580000,3308.996919155121,-670.9683156013489,80.2164996486048,-0.0029862496688341177,30.388443183898925,1.223484206199646,0.0024261055036137514,-730.2521916031837,126.40880368934472,3.0,0.5009535819292068,
1584000,3317.1377804279327,-673.6319532394409,81.47899825883843,-0.003152806935395347,28.228179931640625,1.18615825176239,0.0034200201039396695,-730.2521916031837,126.40880368934472,3.0,0.4153661996126175,
1588000,3325.3243691921234,-680.8237872123718,108.36430366938363,-0.002818089724906425,46.039666748046876,1.1435042858123778,0.00260095362801076,-730.2521916031837,126.40880368934472,3.0,0.409149169921875,
1592000,3333.5344512462616,-670.683268070221,93.11164245991255,-0.0037403228347344885,45.26355628967285,1.1778234601020814,0.003672401451932572,-730.2521916031837,126.40880368934472,3.0,0.4554201751947403,
1596000,3341.736127138138,-681.9680795669556,83.24385841427987,-0.004366775124721878,30.731068992614745,1.2023342847824097,0.0029294224659679458,-730.2521916031837,126.40880368934472,3.0,0.43847611248493196,
1600000,3349.875212430954,-652.5304255485535,85.01232030212006,-0.0038266209203672297,34.845828437805174,1.2192421555519104,0.0024634886505858324,-730.2521916031837,126.40880368934472,3.0,0.40155033469200135,
1604000,3360.274913549423,-690.6106948852539,95.0004803280436,-0.003351378281251538,40.93363494873047,1.1994042158126832,0.0027430999267380684,-669.5278126001358,114.47260115241528,3.0,0.4321724891662598,
1608000,3368.4005715847015,-667.7749290466309,93.90282480027794,-0.0026983598441972846,42.5664457321167,1.2045069575309753,0.002600484498634614,-669.5278126001358,114.47260115241528,3.0,0.4061535239219666,
1612000,3376.536599636078,-679.8961234092712,80.32160993137099,-0.002860491911725482,30.645243644714355,1.1979363203048705,0.0032893882715143265,-669.5278126001358,114.47260115241528,3.0,0.3698278605937958,
1616000,3384.6824069023132,-682.580105304718,93.54279570670637,-0.0032738867142082296,50.14839057922363,1.1913825392723083,0.002648428205012654,-669.5278126001358,114.47260115241528,3.0,0.4155444711446762,
1620000,3392.8379714488983,-666.4392414093018,84.75797629089823,-0.003760754055731663,37.284810638427736,1.1836971163749694,0.004099680896421587,-669.5278126001358,114.47260115241528,3.0,0.43610721826553345,
1624000,3400.9871187210083,-655.3341236114502,91.70389962776316,-0.0033171854928368714,59.81081123352051,1.1710917830467225,0.001864402323961256,-669.5278126001358,114.47260115241528,3.0,0.5032408118247986,
1628000,3409.126247882843,-672.6622071266174,69.67348795591298,-0.0034266195227586004,50.90482368469238,1.2035184025764465,0.0032812883745646283,-669.5278126001358,114.47260115241528,3.0,0.4858024030923843,
1632000,3417.266190767288,-669.4706325531006,77.49920419611335,-0.0027459127138524052,46.966983795166016,1.2022550582885743,0.0035941199248191004,-669.5278126001358,114.47260115241528,3.0,0.4289124608039856,
1636000,3425.417751312256,-639.526360988617,67.45347179786356,-0.0018897824532857043,81.35399169921875,1.1745726346969605,0.0013111678803203741,-669.5278126001358,114.47260115241528,3.0,0.5055261969566345,
1640000,3433.4822545051575,-635.3950657844543,75.78554176530473,-0.0032972116069965194,48.614928817749025,1.1942254662513734,0.0021270528974127955,-669.5278126001358,114.47260115241528,3.0,0.4904011994600296,
1644000,3443.8484914302826,-645.768632888794,69.19896475820372,-0.0034256473193721216,41.59311180114746,1.178472137451172,0.004329758102539927,-639.3342627584934,91.98726620451367,3.0,0.48996113836765287,
1648000,3451.9731175899506,-672.4563751220703,87.80544413727175,-0.003139727164486672,41.66400833129883,1.1089512586593628,0.002295012056129053,-639.3342627584934,91.98726620451367,3.0,0.41811743974685667,
1652000,3460.103463411331,-677.2809658050537,90.43655488433309,-0.003870712481671923,50.12232856750488,1.0973207712173463,0.004242204187903553,-639.3342627584934,91.98726620451367,3.0,0.4764916568994522,
1656000,3468.242205142975,-682.909604549408,95.22347398661148,-0.002219348642742247,47.205495071411136,1.0832924604415894,0.0015749966455235408,-639.3342627584934,91.98726620451367,3.0,0.4621415317058563,
1660000,3476.3900072574615,-693.5024271011353,96.47123697724322,-0.0033805750583608906,52.04533996582031,1.062015438079834,0.0032340180760002113,-639.3342627584934,91.98726620451367,3.0,0.4519724935293198,
1664000,3484.514241695404,-676.1690292358398,75.44844930091332,-0.0033797725695767335,41.984601211547854,1.040448784828186,0.0018583024633699098,-639.3342627584934,91.98726620451367,3.0,0.4753106027841568,
1668000,3492.6506702899933,-653.0635414123535,74.75109595053705,-0.0027459078033667873,65.07979431152344,1.0684619784355163,0.003342793881893158,-639.3342627584934,91.98726620451367,3.0,0.5310206353664398,
1672000,3500.793224334717,-667.6006317138672,87.67034097373887,-0.004151077300348938,50.68459243774414,1.042294180393219,0.004093691154164869,-639.3342627584934,91.98726620451367,3.0,0.48924756944179537,
1676000,3508.902796268463,-677.2006530761719,81.83482767334178,-0.004071335952690181,40.48737678527832,1.0504716873168944,0.002969685667349653,-639.3342627584934,91.98726620451367,3.0,0.44787187278270724,
1680000,3517.0454561710358,-690.9349446296692,94.7283532046552,-0.0020555537351368614,44.054191207885744,1.0498246550559998,0.0034059655604651183,-639.3342627584934,91.98726620451367,3.0,0.4575560003519058,
1684000,3527.4075219631195,-695.1173458099365,74.99544687862547,-0.003417728431290001,53.73692855834961,1.0590435981750488,0.005282612872542813,-674.3665212988853,110.69934413648002,3.0,0.42105396687984464,
1688000,3535.625490665436,-675.8889317512512,83.9932685876318,-0.003511447588990757,55.60150146484375,1.0707366347312928,0.0027817252663662638,-674.3665212988853,110.69934413648002,3.0,0.4532771915197372,
1692000,3543.7634584903717,-665.1940326690674,87.71576883134712,-0.002362164285421997,47.7688549041748,1.0184988379478455,0.002447168418439105,-674.3665212988853,110.69934413648002,3.0,0.5055496692657471,
1696000,3551.927544116974,-670.1872844696045,78.174745355001,-0.002021102687741738,57.308122634887695,1.0202829837799072,0.002716164424782619,-674.3665212988853,110.69934413648002,3.0,0.5090903580188751,
1700000,3560.079384326935,-653.2704982757568,94.87471779272437,-0.0033575735760773993,48.84913597106934,1.0494971871376038,0.004980625739321112,-674.3665212988853,110.69934413648002,3.0,0.5329658150672912,
1704000,3568.2385284900665,-664.6413240432739,72.27437389558881,-0.003526150137690509,43.31326179504394,1.0708963751792908,0.0038731136795831845,-674.3665212988853,110.69934413648002,3.0,0.5185492038726807,
1708000,3576.3689172267914,-670.718412399292,84.85469992652847,-0.004225460468597397,30.566749572753906,1.066548264026642,0.002949570962305492,-674.3665212988853,110.69934413648002,3.0,0.4927415639162064,
1712000,3584.493010997772,-647.8425755500793,78.7998980116873,-0.00330381342015853,38.20056838989258,1.1033260583877564,0.003887170409589702,-674.3665212988853,110.69934413648002,3.0,0.4938894122838974,
1716000,3592.6269907951355,-659.1897354125977,88.53795098076694,-0.004627345555617168,36.05049781799316,1.1093520402908326,0.004558351373998448,-674.3665212988853,110.69934413648002,3.0,0.5010280191898346,
1720000,3600.7820587158203,-662.3953914642334,68.84016600454018,-0.004221450108685509,45.92409553527832,1.1360733270645142,0.004130353047861718,-674.3665212988853,110.69934413648002,3.0,0.47830092906951904,
1724000,3611.1916167736053,-643.7648854255676,90.86998470368668,-0.0021419546858960636,48.32425956726074,1.0778438687324523,0.00282325632579159,-648.8528219759464,89.55084094695195,3.0,0.4545242965221405,
1728000,3619.344250202179,-669.4720215797424,78.01430899899691,-0.0029790691259161672,41.67855224609375,1.0821295261383057,0.003058749120740689,-648.8528219759464,89.55084094695195,3.0,0.39669677019119265,
1732000,3627.491345643997,-671.5012516975403,88.92629973434927,-0.0029065008338075237,37.735747528076175,1.1008837223052979,0.0030905653364219354,-648.8528219759464,89.55084094695195,3.0,0.43491957187652586,
1736000,3635.6801187992096,-678.4214563369751,75.27313643353546,-0.0038304367952320395,34.82606468200684,1.0782421231269836,0.00281697342179541,-648.8528219759464,89.55084094695195,3.0,0.4092178255319595,
1740000,3643.8883044719696,-679.5529856681824,101.77860825011139,-0.002952755365287896,36.43678951263428,1.085794746875763,0.0032914620212977754,-648.8528219759464,89.55084094695195,3.0,0.41117132604122164,
1744000,3652.02090716362,-683.6522827148438,88.66006537287316,-0.0031578884363018924,38.27007122039795,1.067907989025116,0.0036473143904004247,-648.8528219759464,89.55084094695195,3.0,0.45240866839885713,
1748000,3660.1703703403473,-696.9755401611328,91.1747677263154,-0.0023905231345852317,41.872119140625,1.0652087330818176,0.0031303520430422727,-648.8528219759464,89.55084094695195,3.0,0.3704188734292984,
1752000,3668.3014965057373,-694.3343839645386,102.94365871111508,-0.0044793876700570225,36.53842678070068,1.097523605823517,0.0020563313491014368,-648.8528219759464,89.55084094695195,3.0,0.40473260581493375,
1756000,3676.43328332901,-703.3371667861938,80.62500251069102,-0.004113417159455501,38.77228145599365,1.085329258441925,0.003844974227831699,-648.8528219759464,89.55084094695195,3.0,0.3688573896884918,
1760000,3684.5563468933105,-684.1890134811401,89.05160446212706,-0.004084122764024261,31.273254776000975,1.1164623856544496,0.0039649253711104395,-648.8528219759464,89.55084094695195,3.0,0.4120743632316589,
1764000,3694.9243474006653,-669.8744568824768,82.62216988222721,-0.003178771948713477,54.330816650390624,1.1035251379013062,0.0017823456873884425,-701.1744543015957,127.63159015103055,3.0,0.4103445649147034,
1768000,3703.052675962448,-672.456636428833,80.49550632067373,-0.003279172851510026,39.16411914825439,1.1249325633049012,0.0031306047169879837,-701.1744543015957,127.63159015103055,3.0,0.44380730390548706,
1772000,3711.180106639862,-690.4780187606812,101.79163315352531,-0.0034909177457036478,40.76405754089355,1.1304330468177795,0.004285318313554542,-701.1744543015957,127.63159015103055,3.0,0.41903720796108246,
1776000,3719.3288526535034,-687.192214012146,97.84572219768715,-0.004440607163589405,38.15478935241699,1.1226551532745361,0.005084405396676939,-701.1744543015957,127.63159015103055,3.0,0.444713693857193,
1780000,3727.4703624248505,-687.6187648773193,97.56726720382008,-0.00402747998246924,36.959655380249025,1.1169664144515992,0.0031473180926792966,-701.1744543015957,127.63159015103055,3.0,0.39575314819812774,
1784000,3735.636245250702,-671.4222106933594,77.89913401966916,-0.00414719393725198,35.7828369140625,1.155808925628662,0.0035388564807362854,-701.1744543015957,127.63159015103055,3.0,0.39766381680965424,
1788000,3743.779931783676,-657.014488697052,85.42207641463274,-0.005202535004665476,28.930034828186034,1.1644569158554077,0.0034453225627852023,-701.1744543015957,127.63159015103055,3.0,0.3958077847957611,
1792000,3751.919406890869,-679.1112895011902,87.74106714676205,-0.003845264362404066,41.52644729614258,1.1643654704093933,0.0024814036323417277,-701.1744543015957,127.63159015103055,3.0,0.3907322198152542,
1796000,3760.056394338608,-691.3785934448242,107.11607045216438,-0.0030412276433392726,43.49654350280762,1.1766445994377137,0.0015769837867119386,-701.1744543015957,127.63159015103055,3.0,0.38082465827465056,
1800000,3768.1801223754883,-673.401074886322,112.77668141974517,-0.0030313071922087433,54.28728256225586,1.1873271822929383,0.0023914487030221475,-701.1744543015957,127.63159015103055,3.0,0.37825203537940977,
1804000,3778.5648629665375,-649.608772277832,74.8598026216053,-0.003797497716926346,48.281737899780275,1.1807799339294434,0.002815911227662582,-698.2104400396347,117.15492541774864,3.0,0.4787368535995483,
1808000,3786.70268034935,-653.4756827354431,70.74939866285594,-0.0032498709980476105,50.83678512573242,1.1568952798843384,0.0026055248265038243,-698.2104400396347,117.15492541774864,3.0,0.4584892958402634,
1812000,3794.8370542526245,-666.7766361236572,86.39196533277537,-0.0033828796848345277,40.1355167388916,1.133187997341156,0.002004752335778903,-698.2104400396347,117.15492541774864,3.0,0.402375140786171,
1816000,3802.988026380539,-666.8149719238281,67.86318633505196,-0.003150367148530897,32.232208251953125,1.1382638096809388,0.0023747614031890407,-698.2104400396347,117.15492541774864,3.0,0.3809882938861847,
1820000,3811.122256040573,-656.5209169387817,72.34995146571387,-0.004364350710597797,36.69745769500732,1.149490439891815,0.003115781348606106,-698.2104400396347,117.15492541774864,3.0,0.3991092801094055,
1824000,3819.2604365348816,-677.7633109092712,89.60159077761134,-0.002381982646688563,51.55597763061523,1.1026422023773192,0.0017978658659558277,-698.2104400396347,117.15492541774864,3.0,0.3924568951129913,
1828000,3827.400678873062,-669.5093641281128,88.28397150337021,-0.005503484441433093,31.69975357055664,1.113043451309204,0.005120384247857146,-698.2104400396347,117.15492541774864,3.0,0.42200675904750823,
1832000,3835.543677330017,-657.3166551589966,79.7549981155946,-0.004947105629524806,34.07806339263916,1.1380793094635009,0.002749873216816923,-698.2104400396347,117.15492541774864,3.0,0.37920376658439636,
1836000,3843.695774078369,-670.2234292030334,107.74027157781211,-0.004131018705976508,64.24593124389648,1.0949771285057068,0.003016129130948686,-698.2104400396347,117.15492541774864,3.0,0.3883385121822357,
1840000,3851.8730869293213,-694.6785049438477,86.61781456327853,-0.005119939816805225,39.941687393188474,1.0877392888069153,0.004005290980295584,-698.2104400396347,117.15492541774864,3.0,0.3461155265569687,
1844000,3862.3180038928986,-655.5484862327576,83.36674925683378,-0.004547390031085041,42.266636276245116,1.1290035009384156,0.004575699176949754,-690.0801844000816,106.27424524100624,3.0,0.38520764410495756,
1848000,3870.470114469528,-664.3825397491455,83.7477973329543,-0.004250425274095804,41.700950622558594,1.1196372747421264,0.003964084890108399,-690.0801844000816,106.27424524100624,3.0,0.3929295152425766,
1852000,3878.6124353408813,-650.0145845413208,74.93809492133177,-0.004648804040470455,29.554909896850585,1.1160118222236632,0.002883234223719544,-690.0801844000816,106.27424524100624,3.0,0.3910933583974838,
1856000,3886.719761610031,-652.7339420318604,85.39563472260494,-0.005515863037357782,29.467472076416016,1.11028995513916,0.00406294892805939,-690.0801844000816,106.27424524100624,3.0,0.39096552729606626,
1860000,3894.880693435669,-671.0731916427612,92.3169935511942,-0.004804502637358388,39.04821147918701,1.0999587774276733,0.0026373994798632337,-690.0801844000816,106.27424524100624,3.0,0.3715430319309235,
1864000,3903.032544851303,-653.1559882164001,84.91863398614166,-0.004872160536547465,35.55274353027344,1.120955514907837,0.0072704510906866915,-690.0801844000816,106.27424524100624,3.0,0.4326730877161026,
1868000,3911.1515893936157,-649.2355227470398,71.08439835678652,-0.0030490796087542906,41.075910568237305,1.1352007150650025,0.0017312584488536232,-690.0801844000816,106.27424524100624,3.0,0.3955995559692383,
1872000,3919.3099133968353,-649.6136140823364,76.50000954960963,-0.003845365547885482,35.261775207519534,1.08782958984375,0.0029923268488298406,-690.0801844000816,106.27424524100624,3.0,0.3467347025871277,
1876000,3927.462600708008,-677.0645861625671,86.49798093456246,-0.003612094855731529,45.13966369628906,1.1083258032798766,0.0023738618035956003,-690.0801844000816,106.27424524100624,3.0,0.3568370908498764,
1880000,3935.602788925171,-661.7372522354126,73.86135579083174,-0.004117018112990323,41.27718391418457,1.1311464786529541,0.003761236687065317,-690.0801844000816,106.27424524100624,3.0,0.39522419571876527,
1884000,3945.9681062698364,-673.0861301422119,87.92170620627397,-0.004469873418488213,33.773437881469725,1.1378641605377198,0.003805957367294521,-662.1348812878132,85.5177977209561,3.0,0.37046674489974973,
1888000,3954.1140484809875,-641.3251242637634,80.71770235448967,-0.004521449288896617,29.87057399749756,1.1634797930717469,0.0027312624151818454,-662.1348812878132,85.5177977209561,3.0,0.4170751631259918,
1892000,3962.2586829662323,-653.5931816101074,74.12203482532959,-0.0044020713614687955,31.235940742492676,1.1392543315887451,0.003201579284466183,-662.1348812878132,85.5177977209561,3.0,0.3861509144306183,
1896000,3970.4103939533234,-641.6816682815552,75.05378018591783,-0.0028930651724998315,41.743805503845216,1.1716328859329224,0.0013233166845942,-662.1348812878132,85.5177977209561,3.0,0.3408126711845398,
1900000,3978.51446890831,-641.1660752296448,74.23771523597674,-0.0031138738278920996,35.92956466674805,1.1581112384796142,0.002059162178193219,-662.1348812878132,85.5177977209561,3.0,0.3548460155725479,
1904000,3986.6317172050476,-645.0051732063293,74.4359575461554,-0.0038614297333017687,47.843985366821286,1.1600186109542847,0.0018845761893317103,-662.1348812878132,85.5177977209561,3.0,0.3952455759048462,
1908000,3994.738432407379,-649.3169255256653,98.32187972786774,-0.004164449661232794,34.883652687072754,1.1225693106651307,0.0033155226235976444,-662.1348812878132,85.5177977209561,3.0,0.3626265674829483,
1912000,4002.869696378708,-654.3103532791138,90.17747369064814,-0.002674194369271099,42.462663078308104,1.1286282420158387,0.002032917831093073,-662.1348812878132,85.5177977209561,3.0,0.3563434988260269,
1916000,4010.9997572898865,-663.2273092269897,85.11235811278767,-0.005056288892558469,34.27187442779541,1.105213713645935,0.0031833064778863164,-662.1348812878132,85.5177977209561,3.0,0.3689190834760666,
1920000,4019.114795446396,-638.1881814002991,69.65626542872741,-0.0031525099640324237,39.87881164550781,1.0560128808021545,0.003275768010178581,-662.1348812878132,85.5177977209561,3.0,0.3621271401643753,
1924000,4029.454994916916,-663.2913618087769,91.65200347506001,-0.0035826224276485517,37.03224983215332,1.049113404750824,0.0032672752218786626,-653.3836561739445,86.04540191968883,3.0,0.32299718260765076,
1928000,4037.5943880081177,-623.1370677947998,77.32891911607284,-0.0037967658520986713,44.09890785217285,1.0685856461524963,0.003042872307628075,-653.3836561739445,86.04540191968883,3.0,0.3970940917730331,
1932000,4045.725956439972,-631.1250996589661,86.94566464653651,-0.004368177631094028,33.81840343475342,1.1035097599029542,0.0032280796647537356,-653.3836561739445,86.04540191968883,3.0,0.3786597102880478,
1936000,4053.8644559383392,-630.1830453872681,74.95290284020503,-0.004951900337822756,32.46184825897217,1.0786791086196899,0.005127656122203917,-653.3836561739445,86.04540191968883,3.0,0.3768182277679443,
1940000,4062.0275814533234,-645.2479524612427,63.278669226726635,-0.004901851425568271,34.49027786254883,1.0875385642051696,0.003154655919720728,-653.3836561739445,86.04540191968883,3.0,0.3679882735013962,
1944000,4070.1650586128235,-648.4627752304077,78.67013759986594,-0.004084417473680002,40.17642021179199,1.0635950803756713,0.002552925702184439,-653.3836561739445,86.04540191968883,3.0,0.36976238787174226,
1948000,4078.3049116134644,-660.9812397956848,87.35086195369733,-0.004184139711704837,41.81689224243164,1.0259943723678588,0.0033283972094068303,-653.3836561739445,86.04540191968883,3.0,0.3540466010570526,
1952000,4086.4455184936523,-675.4509143829346,85.14582518968832,-0.004564649721840386,48.55164108276367,0.9928747296333313,0.002850122516974807,-653.3836561739445,86.04540191968883,3.0,0.37763212323188783,
1956000,4094.5844151973724,-654.8784666061401,87.74853605959105,-0.0030995788290165472,36.294186973571776,0.9982847809791565,0.005013647642044816,-653.3836561739445,86.04540191968883,3.0,0.38606237471103666,
1960000,4102.714794158936,-660.5257329940796,83.54288415716564,-0.004364598452501589,29.833592033386232,0.9974558711051941,0.005168447951941468,-653.3836561739445,86.04540191968883,3.0,0.37775455713272094,
1964000,4113.089420557022,-645.6313123703003,79.38645731377669,-0.003949068202637207,43.555107498168944,0.993369847536087,0.004785448308258023,-685.3610063791275,106.90002085779665,3.0,0.3876249611377716,
1968000,4121.296672821045,-679.5537786483765,64.8457195855017,-0.0053644596321198,38.84593200683594,0.9793242633342742,0.0025054671394173058,-685.3610063791275,106.90002085779665,3.0,0.37916826605796816,
1972000,4129.530203342438,-682.0576114654541,94.44639183587991,-0.004781688822200536,33.135823249816895,0.9769752085208893,0.0031891791775706226,-685.3610063791275,106.90002085779665,3.0,0.38119080662727356,
1976000,4137.768538236618,-680.3140835762024,89.71905708427953,-0.003716415133560069,46.19584693908691,0.9573591709136963,0.005058003577869385,-685.3610063791275,106.90002085779665,3.0,0.38454138934612275,
1980000,4145.930610895157,-642.1830658912659,73.180865201262,-0.003798960590191802,35.32842235565185,1.0246658205986023,0.0029522097325049624,-685.3610063791275,106.90002085779665,3.0,0.4182143658399582,
1984000,4154.04941868782,-652.1076045036316,83.92189128287133,-0.003567364686323948,61.11295623779297,1.016691267490387,0.003490595068433322,-685.3610063791275,106.90002085779665,3.0,0.4389811158180237,
1988000,4162.186047077179,-639.8817148208618,66.70153454947986,-0.004155330729049922,39.17704524993896,1.0273723602294922,0.00416470567998477,-685.3610063791275,106.90002085779665,3.0,0.43651261627674104,
1992000,4170.321861028671,-642.8473834991455,60.94064625911956,-0.0060378996004970984,35.311095237731934,1.0118730425834657,0.0037475646386543994,-685.3610063791275,106.90002085779665,3.0,0.4096107542514801,
1996000,4178.46897482872,-674.9594802856445,70.72456016778865,-0.004934062425978425,25.02216033935547,0.9900815904140472,0.004581278268597088,-685.3610063791275,106.90002085779665,3.0,0.3703642517328262,
2000000,4186.615684509277,-680.4020495414734,85.32636273633089,-0.0035497920454556466,30.16900520324707,1.051053559780121,0.005579540791222826,-685.3610063791275,106.90002085779665,3.0,0.34285869896411897,
