global_step,wall_time_s,ep_return_mean,ep_return_std,policy_loss,value_loss,entropy,approx_kl,eval_return_mean,eval_return_std,mean_k,attn_entropy,lagrange_lambda
4000,3.421126127243042,-233.53733086585999,41.115753114816265,-0.0005312671484830389,210.46619873046876,1.6018697619438171,0.00018879636586461858,,,,1.5674407005310058,
8000,6.312295913696289,-231.6433675289154,43.73688449639315,-0.0009039887457619855,204.5554458618164,1.6013346314430237,9.374622677569278e-05,,,,1.569014048576355,
12000,9.214231967926025,-221.59425926208496,36.4446282775886,-0.0016391057282064026,164.0505172729492,1.5895591616630553,3.185875869049504e-06,,,,1.5800546884536744,
16000,12.136582612991333,-225.77029967308044,45.85799673788667,-0.0006900259436321221,124.08127212524414,1.578003966808319,8.823262542258515e-05,,,,1.5709455728530883,
20000,14.888977766036987,-214.7775433063507,29.069674386513437,-6.17899333082761e-05,86.07228240966796,1.5813631415367126,2.117438125424087e-05,,,,1.5846698045730592,
24000,17.612031936645508,-218.5558168888092,39.86396111204937,-0.001017112214438387,77.73458328247071,1.5693293452262878,0.0002041302104771603,,,,1.5796621799468995,
28000,20.426405906677246,-203.3184335231781,33.257775455559724,-0.001590290669895067,70.72204284667968,1.5536944031715394,0.0014370758968192065,,,,1.5849145650863647,
32000,23.350228786468506,-229.65859866142273,42.28381779615207,-0.002118637006419455,82.22799148559571,1.470594573020935,0.00019940830607083625,,,,1.5780736088752747,
36000,26.251781940460205,-210.7990801334381,38.231199980462364,-0.0017457043518854577,80.1568733215332,1.4898142337799072,0.001631720139994286,,,,1.5860388636589051,
40000,29.155633687973022,-222.897136926651,40.66800686700368,-0.002684945449931542,76.04142913818359,1.513522446155548,0.00046380748387311323,,,,1.5716771841049195,
44000,33.29069375991821,-207.63597917556763,30.324979614081997,-0.0010286530866599364,69.33975524902344,1.5185383558273315,0.00016013256172300316,-235.11889503896236,36.312784693430785,,1.5860893845558166,
48000,36.231719732284546,-225.32665753364563,42.12496523108843,-0.00017801352869231123,73.7510612487793,1.5271806478500367,9.387870377395303e-05,-235.11889503896236,36.312784693430785,,1.5761470556259156,
52000,39.13496661186218,-215.61619424819946,33.27968748595248,-0.000895394096936819,60.807926940917966,1.5184987545013429,0.0009920508914413706,-235.11889503896236,36.312784693430785,,1.5759093284606933,
56000,42.025943756103516,-225.94314742088318,34.95531485830911,-0.0005758639794633646,61.40612144470215,1.4949432730674743,0.0006147644093919879,-235.11889503896236,36.312784693430785,,1.5597858548164367,
60000,44.91391706466675,-227.08331561088562,46.67699051116521,-0.0014883156736225978,65.88897399902343,1.5235053896903992,0.0001399924869474489,-235.11889503896236,36.312784693430785,,1.572192168235779,
64000,47.821202754974365,-222.07092761993408,34.75927516526345,-0.0026963912431771766,55.84820213317871,1.5091238260269164,0.0008292730140965432,-235.11889503896236,36.312784693430785,,1.5720767378807068,
68000,50.72576665878296,-230.70936965942383,48.66418715918205,-0.0017217304904673548,63.35998611450195,1.4888559460639954,0.001015204580471618,-235.11889503896236,36.312784693430785,,1.5794232964515686,
72000,53.63312363624573,-245.64816212654114,46.87671838110755,-0.0024621350332551307,57.11716842651367,1.4841249465942383,0.0002652872339240275,-235.11889503896236,36.312784693430785,,1.5618568658828735,
76000,56.43450689315796,-229.14780020713806,45.24847809265305,-0.0015373847860222333,69.40443649291993,1.5080864429473877,8.561086632714598e-05,-235.11889503896236,36.312784693430785,,1.5634035348892212,
80000,59.24358916282654,-223.42336654663086,46.17055912810596,-0.0009801764326839546,48.61833724975586,1.4951865434646607,0.00031838013261343835,-235.11889503896236,36.312784693430785,,1.5779623627662658,
84000,63.19956374168396,-242.47705388069153,44.91742978780924,-0.0013603485152707151,45.75441932678223,1.4661548733711243,1.6797662829048933e-05,-310.2082689702511,85.0940748662451,,1.5711341381072998,
88000,65.95266699790955,-229.62270712852478,45.390414768142016,-4.020227288616951e-05,62.738946533203126,1.4711415767669678,0.000683518502065758,-310.2082689702511,85.0940748662451,,1.5677344083786011,
92000,68.81515598297119,-236.01748704910278,42.917998238592254,-0.0018623486943349476,32.68758296966553,1.4493614315986634,0.0007579699104098836,-310.2082689702511,85.0940748662451,,1.548862135410309,
96000,71.70512104034424,-235.13030743598938,42.03069990065633,-0.0016089958245308455,52.94393615722656,1.430194580554962,0.000582549994578585,-310.2082689702511,85.0940748662451,,1.552443504333496,
100000,74.4800021648407,-243.85674285888672,52.634979684786764,-0.0018486811338322084,49.283970260620116,1.4730618596076965,0.0007050395863188897,-310.2082689702511,85.0940748662451,,1.5427586436271667,
104000,77.2122392654419,-241.91931414604187,50.56633192010768,-0.001748202605628979,34.90323276519776,1.4197998642921448,0.001457673282311589,-310.2082689702511,85.0940748662451,,1.513280165195465,
108000,79.94305443763733,-249.12589836120605,47.332041114020086,-0.0024772216161945693,41.16851692199707,1.433806836605072,0.0014882424645184078,-310.2082689702511,85.0940748662451,,1.536649227142334,
112000,82.68543720245361,-224.07072949409485,38.16543345566763,-0.0015608023601877186,38.42866516113281,1.4372140526771546,0.00024965678690690163,-310.2082689702511,85.0940748662451,,1.5572378277778625,
116000,85.39841651916504,-229.73363399505615,43.04514312419245,-0.0037344169795979097,30.696590423583984,1.4487550973892211,0.0032777351181721313,-310.2082689702511,85.0940748662451,,1.5618015646934509,
120000,88.13408780097961,-223.98840713500977,45.65791283298238,-0.0013492863272761778,46.64744606018066,1.3899822115898133,0.000396858266205527,-310.2082689702511,85.0940748662451,,1.532633936405182,
124000,92.18181443214417,-225.10568571090698,43.70847648211198,-0.0028193995941546033,30.635402488708497,1.3819423079490663,0.0011966979858698324,-240.5369293242693,34.980723708034944,,1.5354586720466614,
128000,95.04868125915527,-241.49755930900574,44.38740396013064,-0.0014196704679537487,35.424690055847165,1.3502503156661987,0.003433684422595737,-240.5369293242693,34.980723708034944,,1.4885336756706238,
132000,97.91250109672546,-248.5054841041565,53.69128976319981,-0.001181470796271844,31.67013168334961,1.367347002029419,0.00237971549940994,-240.5369293242693,34.980723708034944,,1.4265677690505982,
136000,100.80893421173096,-231.88394451141357,32.19808780955449,-0.00304180849860618,16.841282749176024,1.3406662106513978,0.001875146924304638,-240.5369293242693,34.980723708034944,,1.4605252385139464,
140000,103.68962979316711,-234.37230515480042,45.18678187724454,-0.003277556156002337,33.254883766174316,1.3865071535110474,0.002472295145950443,-240.5369293242693,34.980723708034944,,1.5033833980560303,
144000,106.49762272834778,-218.77060890197754,37.56259426024061,-0.0029630334243508248,30.35800437927246,1.3585164189338683,0.0024387600453337653,-240.5369293242693,34.980723708034944,,1.533844816684723,
148000,109.27548718452454,-217.35957741737366,31.16082396906085,-0.0035007865071917553,24.85096206665039,1.3818056464195252,0.0024985175885376522,-240.5369293242693,34.980723708034944,,1.5400151014328003,
152000,112.19147157669067,-227.40313696861267,36.74649461031457,-0.0017272806405283613,22.043608474731446,1.368073618412018,0.0033296361667647352,-240.5369293242693,34.980723708034944,,1.5439608216285705,
156000,115.06772422790527,-225.17127561569214,32.851688311988426,-0.004736571370119536,16.146302223205566,1.343619453907013,0.00454892137349816,-240.5369293242693,34.980723708034944,,1.53661949634552,
160000,117.9371075630188,-229.18109965324402,38.82494061715209,-0.004237304924987262,28.943513488769533,1.344259297847748,0.0028288513130974025,-240.5369293242693,34.980723708034944,,1.5343689680099488,
164000,122.01762890815735,-206.92517471313477,31.625104255495074,-0.003748040604443914,24.032573318481447,1.3403155207633972,0.0014764145875233226,-220.08870190382004,39.575731849404846,,1.5137901544570922,
168000,124.89675855636597,-213.296062707901,36.106978595483746,-0.0037763267284415037,29.054495811462402,1.325900375843048,0.0027955527883023025,-220.08870190382004,39.575731849404846,,1.4983602166175842,
172000,127.76292634010315,-214.16311764717102,39.90966975091474,-0.004655192392334984,32.878393936157224,1.2723089814186097,0.004258741357674202,-220.08870190382004,39.575731849404846,,1.4653913497924804,
176000,130.63080143928528,-208.03978037834167,40.922270664274784,-0.005159070681547817,25.888404846191406,1.2142248272895813,0.004534535101692505,-220.08870190382004,39.575731849404846,,1.4576812863349915,
180000,133.45623230934143,-227.97804498672485,48.382104437170774,-0.004935857537202537,27.09850482940674,1.2032015800476075,0.0040452805254608485,-220.08870190382004,39.575731849404846,,1.421016275882721,
184000,136.31672167778015,-219.15951085090637,43.05999601703388,-0.0032463093364300867,23.760984039306642,1.1049230933189391,0.0038075941149145363,-220.08870190382004,39.575731849404846,,1.3867232084274292,
188000,139.1996021270752,-227.61791276931763,49.14778977721414,-0.003973847800012064,32.579326438903806,1.1058676958084106,0.0019064701440123066,-220.08870190382004,39.575731849404846,,1.301567792892456,
192000,142.0837025642395,-206.3967137336731,37.564423312132384,-0.003132797531880627,22.018944358825685,1.187943708896637,0.003204510948853567,-220.08870190382004,39.575731849404846,,1.3133404970169067,
196000,144.97472834587097,-219.64167952537537,37.10314859062187,-0.003534506640940194,19.681759929656984,1.1383344292640687,0.0027203063339305443,-220.08870190382004,39.575731849404846,,1.306424868106842,
200000,147.84359741210938,-219.4550859928131,32.635385285801014,-0.003985597481485459,19.22813472747803,1.1779673933982848,0.0020401577543064596,-220.08870190382004,39.575731849404846,,1.32886403799057,
204000,151.90870761871338,-217.3814971446991,43.899882643265315,-0.003960595849280502,25.432287979125977,1.1522721529006958,0.002143114800758972,-237.99796579778194,57.62817289134428,,1.301209557056427,
208000,154.79609298706055,-216.1063814163208,40.644837950766124,-0.005350020045181747,21.05878257751465,1.1809021830558777,0.0047469252205531555,-237.99796579778194,57.62817289134428,,1.32719886302948,
212000,157.67832326889038,-215.94719529151917,35.09745790077607,-0.005177274597265402,16.717488098144532,1.1447272062301637,0.005101546792080624,-237.99796579778194,57.62817289134428,,1.2792049050331116,
216000,160.56463599205017,-218.22561979293823,36.46799261128242,-0.004851650945997488,20.47439022064209,1.1423470020294189,0.00250645953201456,-237.99796579778194,57.62817289134428,,1.256635880470276,
220000,163.43898224830627,-201.21644473075867,36.03451849726874,-0.005734798420531062,18.271840953826903,1.1384475469589233,0.0030321160736106025,-237.99796579778194,57.62817289134428,,1.2023268938064575,
224000,166.34368133544922,-207.31874799728394,38.062557149485116,-0.005265818377103037,18.719572734832763,1.1371077060699464,0.0032154384374734946,-237.99796579778194,57.62817289134428,,1.292802095413208,
228000,169.21946835517883,-204.60273504257202,37.69204587183366,-0.005387691648288939,17.347095489501953,1.1528711915016174,0.007151804701425135,-237.99796579778194,57.62817289134428,,1.2881253004074096,
232000,172.07925271987915,-208.63032221794128,34.39658707122984,-0.00403404033129724,13.81033639907837,1.1353414893150329,0.002566668821964413,-237.99796579778194,57.62817289134428,,1.29655122756958,
236000,174.92142271995544,-209.01241731643677,39.5880252165855,-0.0053615906356522915,19.711410236358642,1.0795140266418457,0.0038222895512978194,-237.99796579778194,57.62817289134428,,1.236959493160248,
240000,177.76170110702515,-202.58267438411713,35.24272309716733,-0.004529032141008926,14.130220794677735,1.0482897758483887,0.0043934537399424435,-237.99796579778194,57.62817289134428,,1.2337899565696717,
244000,181.77332663536072,-214.1982865333557,36.540148278680086,-0.003229453506219837,17.062159061431885,1.0193254828453064,0.004742536478443071,-220.107889264822,30.825890255408105,,1.1671013832092285,
248000,184.63135027885437,-208.14691615104675,32.44796150246553,-0.0028755632532023513,11.689323902130127,1.0177154660224914,0.0016274967740367492,-220.107889264822,30.825890255408105,,1.1400836110115051,
252000,187.48307466506958,-208.7025864124298,33.8886553514106,-0.0037304787783456693,14.93168535232544,0.9891821324825287,0.0039606315707011895,-220.107889264822,30.825890255408105,,1.123423409461975,
256000,190.3278031349182,-200.11521553993225,29.832248813284185,-0.004619247692171502,12.570189189910888,0.9947713077068329,0.005202896500860055,-220.107889264822,30.825890255408105,,1.23207368850708,
260000,193.17653107643127,-207.75491786003113,39.38467567488243,-0.004026904489301764,16.40298910140991,1.0057853400707244,0.005012858781885976,-220.107889264822,30.825890255408105,,1.2377936005592347,
264000,196.01178336143494,-205.16469168663025,35.560295144420266,-0.00411174033512367,12.319139671325683,0.9492997109889985,0.004523975668552671,-220.107889264822,30.825890255408105,,1.2444337725639343,
268000,198.86976099014282,-208.98331475257874,32.68069740526306,-0.006001642425234088,8.837615013122559,0.9842308163642883,0.0026518971251013657,-220.107889264822,30.825890255408105,,1.2474226832389832,
272000,201.72004914283752,-201.7785415649414,34.743425865226385,-0.005319878052144044,11.071207284927368,0.9167202770709991,0.003718398625496777,-220.107889264822,30.825890255408105,,1.169032669067383,
276000,204.54980850219727,-203.14757108688354,37.054107526631434,-0.005510764716969163,9.62013545036316,0.8962210118770599,0.004082845231906202,-220.107889264822,30.825890255408105,,1.1706018090248107,
280000,207.4083695411682,-206.01397705078125,40.44376044685939,-0.004578815054070784,15.238695526123047,0.8140234291553498,0.005632595424152292,-220.107889264822,30.825890255408105,,1.1474059343338012,
284000,211.45417308807373,-195.28255033493042,35.578648195656505,-0.004304379563002581,13.668081474304199,0.8465104818344116,0.004516738087113481,-200.81689137220383,30.206707439012867,,1.1597131729125976,
288000,214.361407995224,-200.47110748291016,33.177473009851575,-0.006589323011071712,9.587381887435914,0.879708880186081,0.006751431676093489,-200.81689137220383,30.206707439012867,,1.1979084372520448,
292000,217.24050998687744,-196.5637686252594,33.19361619690289,-0.005260163724267386,8.131752586364746,0.8527181684970856,0.0029189680972291797,-200.81689137220383,30.206707439012867,,1.116642665863037,
296000,220.12179851531982,-206.26042985916138,39.74529636754759,-0.004677170106830686,14.37528657913208,0.8718814969062805,0.004266326969082001,-200.81689137220383,30.206707439012867,,1.1598207473754882,
300000,222.97575426101685,-197.09895062446594,39.283799733870666,-0.004023016631215182,12.680850410461426,0.9219499051570892,0.003552654612576589,-200.81689137220383,30.206707439012867,,1.1626654148101807,
304000,225.8579432964325,-195.39608418941498,36.49988199464358,-0.005443778924333542,9.839192152023315,0.8502559900283814,0.007579590647947043,-200.81689137220383,30.206707439012867,,1.1484126091003417,
308000,228.7365825176239,-198.81709551811218,31.802017252769925,-0.0041210662903418795,9.94745979309082,0.8739733159542084,0.00495590996878068,-200.81689137220383,30.206707439012867,,1.0897478580474853,
312000,231.59636926651,-203.8112976551056,33.27454566120998,-0.0041753152039213145,14.156888484954834,0.8369926512241364,0.004304117554488285,-200.81689137220383,30.206707439012867,,1.1216817617416381,
316000,234.45003461837769,-202.42978537082672,33.82488619192823,-0.004775613153508562,10.331663990020752,0.8202519118785858,0.0038359634481361037,-200.81689137220383,30.206707439012867,,1.1068639397621154,
320000,237.29900121688843,-206.66683173179626,31.99424237138785,-0.005788637465952817,9.875059890747071,0.8130137741565704,0.004606602826233352,-200.81689137220383,30.206707439012867,,1.1515970945358276,
324000,241.31401467323303,-197.4247840642929,31.00968422706002,-0.00541881609009578,8.706184720993042,0.8067135214805603,0.001894354645628482,-203.24991251528263,43.37711618230623,,1.1212317109107972,
328000,244.18774819374084,-192.0198872089386,35.130229316272434,-0.004235717690937846,12.60276107788086,0.7956261396408081,0.000520775227283643,-203.24991251528263,43.37711618230623,,1.1109350800514222,
332000,247.05076336860657,-196.59093713760376,33.889378019659986,-0.005398222332354585,10.11166410446167,0.807972115278244,0.005560517743385085,-203.24991251528263,43.37711618230623,,1.0511043071746826,
336000,249.91857028007507,-199.96947860717773,38.6600419954221,-0.003746180684228095,12.556442642211914,0.8056471884250641,0.0031614178375093615,-203.24991251528263,43.37711618230623,,1.1423752784729004,
340000,252.7521812915802,-194.50431287288666,33.03124644288556,-0.0047445731712505435,12.851189994812012,0.8082155466079712,0.003847114651929573,-203.24991251528263,43.37711618230623,,1.1201686620712281,
344000,255.60983037948608,-201.69010639190674,37.45726744162964,-0.004588763134553986,8.43763256072998,0.7864058554172516,0.0038602658838499337,-203.24991251528263,43.37711618230623,,1.05758935213089,
348000,258.48953127861023,-197.02016520500183,45.3337947887175,-0.004995147993167315,14.019262504577636,0.8011215150356292,0.005249474995071069,-203.24991251528263,43.37711618230623,,1.0968645453453063,
352000,261.3499207496643,-198.310045003891,36.66049299249859,-0.005835280472412663,7.316310882568359,0.7649612843990325,0.005875497519193851,-203.24991251528263,43.37711618230623,,0.9831759333610535,
356000,264.2084438800812,-194.4367537498474,36.52132233033103,-0.005546987749170507,8.902629137039185,0.792029470205307,0.006180327676702291,-203.24991251528263,43.37711618230623,,1.0852163434028625,
360000,267.06544065475464,-193.2518686056137,34.70710010983493,-0.004538010547480864,10.900003719329835,0.7680412352085113,0.0037819734220392977,-203.24991251528263,43.37711618230623,,1.04456068277359,
364000,271.058114528656,-192.58860647678375,34.46895915641541,-0.004274158004593698,10.764601135253907,0.7764936983585358,0.003784838950377889,-201.73419885337353,40.19161570956523,,0.9684740304946899,
368000,273.8890702724457,-200.73696184158325,37.098023820416216,-0.005191045234135138,11.48054256439209,0.7550157606601715,0.0081321046105586,-201.73419885337353,40.19161570956523,,0.9668243408203125,
372000,276.7401452064514,-193.8924105167389,32.743350352332854,-0.0046113102119416105,11.459830188751221,0.7761967837810516,0.0031322583918226956,-201.73419885337353,40.19161570956523,,1.0311364769935607,
376000,279.5572829246521,-206.76372480392456,41.546390012844824,-0.0028828638015159667,13.24717445373535,0.8164646625518799,0.0037535910927690708,-201.73419885337353,40.19161570956523,,0.9553769111633301,
380000,282.40521788597107,-203.75776600837708,40.22731410498036,-0.0051345494342967864,11.360001850128175,0.7690110504627228,0.004940984427230432,-201.73419885337353,40.19161570956523,,1.0238674998283386,
384000,285.267751455307,-196.03825640678406,31.966130328057513,-0.004112290450371781,11.27156925201416,0.7639453709125519,0.005767175508740685,-201.73419885337353,40.19161570956523,,0.9765699505805969,
388000,288.13724422454834,-193.2005717754364,33.613859121016404,-0.005327581529815983,7.03799204826355,0.7581126630306244,0.004061796753279267,-201.73419885337353,40.19161570956523,,1.0420275568962096,
392000,290.9959719181061,-195.8555006980896,33.00847141727106,-0.004952247357073558,10.857843112945556,0.7261328220367431,0.005151805316563696,-201.73419885337353,40.19161570956523,,1.0636287689208985,
396000,293.8636739253998,-190.86110258102417,34.07277062384419,-0.003704237880573302,13.488573551177979,0.7226405739784241,0.005631376763417695,-201.73419885337353,40.19161570956523,,1.060108983516693,
400000,296.71922969818115,-194.49463307857513,25.580198834513496,-0.004715323195559939,8.120267057418824,0.7636913299560547,0.0024579809208323143,-201.73419885337353,40.19161570956523,,1.08676997423172,
404000,300.7141742706299,-190.12593793869019,26.707677093978695,-0.0051604485719774825,6.887567806243896,0.7662410914897919,0.004825145924696716,-194.8367497101426,33.23735654130412,,1.0796397805213929,
408000,303.5733847618103,-197.81501042842865,39.70629455979773,-0.004536986234132101,10.256460475921632,0.7799003541469574,0.0069554903137031944,-194.8367497101426,33.23735654130412,,0.9195161879062652,
412000,306.4258759021759,-197.43941974639893,31.947279995637732,-0.007038232122547949,7.883337545394897,0.7829162776470184,0.0059446136408951135,-194.8367497101426,33.23735654130412,,1.0102943181991577,
416000,309.282386302948,-201.33381295204163,33.68064009447172,-0.006794775034921863,10.555646991729736,0.7602714657783508,0.005095978126628331,-194.8367497101426,33.23735654130412,,1.0401723742485047,
420000,312.1358971595764,-201.7686367034912,36.93930702514963,-0.004137311001075439,10.360289382934571,0.794591760635376,0.004695637416870646,-194.8367497101426,33.23735654130412,,1.0396440505981446,
424000,314.9991750717163,-187.31332290172577,33.05091808158837,-0.0048189074186762325,7.117684268951416,0.8311874270439148,0.004936061274221482,-194.8367497101426,33.23735654130412,,1.0527910947799684,
428000,317.85842728614807,-196.93129515647888,35.367890584383844,-0.006428913681767878,10.924845218658447,0.8353976488113404,0.005704472149955109,-194.8367497101426,33.23735654130412,,1.0289152026176454,
432000,320.7158386707306,-200.3488574028015,39.88793502927718,-0.004378628781608595,13.739081954956054,0.8515834808349609,0.004825859911118946,-194.8367497101426,33.23735654130412,,1.0052974939346313,
436000,323.58336305618286,-196.93413519859314,32.712483087164884,-0.004195274818028949,8.846687316894531,0.8416877627372742,0.0019290178581140792,-194.8367497101426,33.23735654130412,,1.0253418684005737,
440000,326.44392561912537,-196.6087189912796,37.01967689810568,-0.0030048962490788257,11.457072830200195,0.809887146949768,0.005433947842257725,-194.8367497101426,33.23735654130412,,1.0027108311653137,
444000,330.40429949760437,-194.26428925991058,40.94400245337572,-0.004485287728641807,12.07810182571411,0.8140130162239074,0.003623897716170177,-198.54871836304665,42.283724911599315,,1.0299322962760926,
448000,333.2506592273712,-203.90079355239868,38.89183339767665,-0.0037984363818541313,16.51737060546875,0.8202600479125977,0.0030814831683334543,-198.54871836304665,42.283724911599315,,0.9885081887245178,
452000,336.1108286380768,-191.8343951702118,29.10194506213589,-0.005615689217966668,6.72037935256958,0.8129869401454926,0.005090022005606443,-198.54871836304665,42.283724911599315,,1.06699036359787,
456000,338.96399426460266,-200.8258912563324,38.027374051377684,-0.005087509913369992,9.076510763168335,0.8044565320014954,0.006107513548340648,-198.54871836304665,42.283724911599315,,1.0919461250305176,
460000,341.8230423927307,-193.10088777542114,32.640237005396095,-0.004800786558538661,8.659881162643433,0.7903658032417298,0.007955518224276582,-198.54871836304665,42.283724911599315,,1.0689445972442626,
464000,344.6951825618744,-194.03906965255737,36.49694450788891,-0.005561692851052324,11.806614017486572,0.8161403179168701,0.004614797636168078,-198.54871836304665,42.283724911599315,,1.0764018535614013,
468000,347.5516474246979,-195.20906591415405,32.95811477178683,-0.006603590264295534,8.621090078353882,0.7920643627643585,0.006137528995168395,-198.54871836304665,42.283724911599315,,1.0063839077949523,
472000,350.40645480155945,-194.75635385513306,27.869421627798733,-0.005080978329293551,7.5158429622650145,0.8295648396015167,0.0064922712269472,-198.54871836304665,42.283724911599315,,0.9879444777965546,
476000,353.26143741607666,-195.04549741744995,34.78697538755516,-0.004386299785381809,12.68817071914673,0.8141896009445191,0.005005002515545742,-198.54871836304665,42.283724911599315,,1.0267444014549256,
480000,356.13132190704346,-187.54941165447235,31.2905963649604,-0.005445208379998801,6.0894688129425045,0.8134748339653015,0.005857349873986095,-198.54871836304665,42.283724911599315,,1.0860345721244813,
484000,360.1616609096527,-191.70728039741516,29.549806039334932,-0.005130751532502487,8.030360794067382,0.8417147934436798,0.0030246939409286798,-197.8589640185237,42.109410191581695,,1.0163662433624268,
488000,363.03933477401733,-192.03593480587006,33.066517742501055,-0.0062637839732536445,9.97692904472351,0.7999904215335846,0.004485874430974946,-197.8589640185237,42.109410191581695,,1.037126624584198,
492000,365.91102266311646,-196.4520378112793,33.7670127660808,-0.0055342113936010405,8.333290338516235,0.7964621186256409,0.0039987362630199644,-197.8589640185237,42.109410191581695,,0.9832928240299225,
496000,368.7810478210449,-195.99188208580017,35.48759180152445,-0.0051124881073677745,10.101408767700196,0.792227303981781,0.004122505477139704,-197.8589640185237,42.109410191581695,,0.9626175582408905,
500000,371.64645862579346,-188.0841281414032,31.331049035370313,-0.00588194493049139,7.674508953094483,0.7869096219539642,0.0053392978326883165,-197.8589640185237,42.109410191581695,,0.9847318828105927,
504000,374.50995206832886,-198.7191845178604,38.80260267184784,-0.0046862289578808005,8.855275678634644,0.7887796401977539,0.0039895482244901356,-197.8589640185237,42.109410191581695,,1.0098324775695802,
508000,377.36592054367065,-199.69597101211548,32.459796890736285,-0.0048004826602991105,8.122663259506226,0.7775183081626892,0.00303309986484237,-197.8589640185237,42.109410191581695,,0.982405138015747,
512000,380.1979033946991,-189.75952196121216,31.01218627651449,-0.005927969590527926,9.491971445083617,0.7357225537300109,0.006533497561778301,-197.8589640185237,42.109410191581695,,1.0015899062156677,
516000,383.0439484119415,-193.62874388694763,37.388070165339094,-0.004541029775359995,11.079917335510254,0.7685162663459778,0.003701846583862789,-197.8589640185237,42.109410191581695,,0.9900675117969513,
520000,385.8949303627014,-196.97146439552307,38.55792781886953,-0.00514535589376468,12.700830459594727,0.7746219575405121,0.0036563985660905017,-197.8589640185237,42.109410191581695,,0.9929356873035431,
524000,389.8779034614563,-194.18002259731293,35.91576921283866,-0.005932126808290672,10.94070520401001,0.742713725566864,0.00490567569481209,-197.55487143993378,40.39908601250068,,1.0206738710403442,
528000,392.74336314201355,-194.5677514076233,30.067644858983517,-0.004360753864670786,9.883452320098877,0.741605532169342,0.0037711815425427674,-197.55487143993378,40.39908601250068,,1.00776709318161,
532000,395.60865926742554,-187.36816310882568,33.42547080437453,-0.006126389649308584,6.873339128494263,0.7154605686664581,0.0043055683374404905,-197.55487143993378,40.39908601250068,,1.008691656589508,
536000,398.4658854007721,-191.17042982578278,34.313076223246135,-0.00686070368392393,7.028420257568359,0.782629668712616,0.0056244345152518084,-197.55487143993378,40.39908601250068,,0.9942571341991424,
540000,401.33092498779297,-188.6504341363907,28.056538790114452,-0.0032499230316510364,9.108741521835327,0.7787654757499695,0.002681681787672785,-197.55487143993378,40.39908601250068,,0.9760180950164795,
544000,404.2003707885742,-189.22781598567963,37.53803573750129,-0.004183147388238773,9.572730588912965,0.7539259135723114,0.002750372404387846,-197.55487143993378,40.39908601250068,,1.0246760964393615,
548000,407.06099700927734,-195.00948417186737,36.19090890069107,-0.003874691394390517,9.44889407157898,0.7768309354782105,0.0021780040343292394,-197.55487143993378,40.39908601250068,,0.9874287605285644,
552000,409.9178068637848,-206.31059873104095,40.001144551561424,-0.004629670484069148,12.070626068115235,0.7601155161857605,0.002525995115865953,-197.55487143993378,40.39908601250068,,1.0688720703125,
556000,412.7774603366852,-194.21528315544128,34.72449777608853,-0.005613345856235163,9.147260093688965,0.7581991672515869,0.002560547520988621,-197.55487143993378,40.39908601250068,,1.0302600383758544,
560000,415.63395380973816,-193.47089874744415,36.81734650005158,-0.005538223606689518,10.24922842979431,0.7709550559520721,0.0033871794449320757,-197.55487143993378,40.39908601250068,,1.0473485708236694,
564000,419.61610221862793,-206.50378346443176,34.84519998535185,-0.005344437711406513,11.002661323547363,0.7552926540374756,0.007851712813756118,-203.9279190003872,35.811647604494695,,1.0323548436164856,
568000,422.46838879585266,-192.8946008682251,29.013783432679002,-0.004432737204867187,7.351148223876953,0.7534951567649841,0.002900740169570781,-203.9279190003872,35.811647604494695,,1.0685056924819947,
572000,425.32284712791443,-186.65069043636322,33.96185729064073,-0.005884506147820545,6.748762369155884,0.7547617614269256,0.005927549378480767,-203.9279190003872,35.811647604494695,,1.0294252395629884,
576000,428.1772675514221,-196.7049000263214,34.76668771632217,-0.005085513766078897,8.562620496749878,0.7057650029659271,0.004231852552077431,-203.9279190003872,35.811647604494695,,1.0660765767097473,
580000,430.99284863471985,-198.79321551322937,31.723802214196304,-0.005601629669467601,12.25697593688965,0.7979906678199769,0.0031209874868703526,-203.9279190003872,35.811647604494695,,1.05358327627182,
584000,433.85769176483154,-191.42453980445862,26.220808103926426,-0.004513302149251075,8.267496824264526,0.7638997316360474,0.006026329612359405,-203.9279190003872,35.811647604494695,,1.0601466655731202,
588000,436.7186427116394,-195.5570204257965,35.236264268611336,-0.004803650745229504,9.467509222030639,0.7992752611637115,0.003306941071059555,-203.9279190003872,35.811647604494695,,1.0578643798828125,
592000,439.57475423812866,-200.17429983615875,35.39568165579436,-0.00381867930448303,10.550518083572388,0.7255441248416901,0.0031924692273605617,-203.9279190003872,35.811647604494695,,1.0278679966926574,
596000,442.43559169769287,-188.15963625907898,37.64346327167976,-0.0070285247974098295,8.85038685798645,0.8175100564956665,0.004566185877774842,-203.9279190003872,35.811647604494695,,1.0469223022460938,
600000,445.2941026687622,-194.72078585624695,29.03749632144284,-0.005318119326295956,7.669883966445923,0.7720092833042145,0.00324841378931886,-203.9279190003872,35.811647604494695,,1.029359793663025,
604000,449.27918577194214,-194.4255303144455,36.07222720713224,-0.003844806882630358,13.378669929504394,0.7600203514099121,0.00309915614197962,-202.40997144579887,32.69564003015398,,1.0442314982414245,
608000,452.1379098892212,-188.60438203811646,31.148390126423823,-0.004060618451408438,9.681817007064819,0.7368925511837006,0.0021715603894020496,-202.40997144579887,32.69564003015398,,1.0535852789878846,
612000,454.91341066360474,-191.54128575325012,34.974724134785575,-0.004197600645323573,8.286807966232299,0.7234491050243378,0.003427338315290407,-202.40997144579887,32.69564003015398,,1.0721814632415771,
616000,457.69360542297363,-186.12448918819427,34.9038685756957,-0.004856602500968909,9.151429748535156,0.771255898475647,0.004648489923682097,-202.40997144579887,32.69564003015398,,1.0098098516464233,
620000,460.5534689426422,-196.41835474967957,36.936028749815996,-0.004609996458282683,9.487246370315551,0.765783840417862,0.0017510438412428053,-202.40997144579887,32.69564003015398,,1.0184938192367554,
624000,463.39596247673035,-193.83891761302948,26.583194743265683,-0.004460276861364676,8.060206413269043,0.8078840553760529,0.005247498776589055,-202.40997144579887,32.69564003015398,,0.983127212524414,
628000,466.24520468711853,-196.0612814426422,34.77452398857715,-0.0039854720529790555,11.661449718475343,0.7927942156791687,0.003103823596154598,-202.40997144579887,32.69564003015398,,0.9399005651474,
632000,469.03717041015625,-196.59170615673065,36.922455940494324,-0.003641447621397731,11.00447473526001,0.7750950276851654,0.004416887524072077,-202.40997144579887,32.69564003015398,,0.9479158639907836,
636000,471.7484600543976,-198.57279062271118,33.61474196998436,-0.005849610128051896,11.065964698791504,0.7842414379119873,0.0049757476315523295,-202.40997144579887,32.69564003015398,,0.9139066338539124,
640000,474.5867540836334,-198.74397158622742,32.98950361225386,-0.0037121922736210954,11.326058769226075,0.7709413230419159,0.003138830630807199,-202.40997144579887,32.69564003015398,,0.9465044558048248,
644000,478.5222566127777,-197.74023020267487,36.60777596261176,-0.0038563287280655167,12.18420763015747,0.7782142162322998,0.002446012504010797,-202.25074204802513,46.34915631094322,,0.923423683643341,
648000,481.38129210472107,-197.4253852367401,30.850588358035246,-0.007012240632126687,10.174405574798584,0.7679092288017273,0.00719161108136177,-202.25074204802513,46.34915631094322,,0.9354605495929718,
652000,484.2357487678528,-196.72047913074493,39.31669355966222,-0.005430995942714312,12.89393949508667,0.7827288150787354,0.00397351436371296,-202.25074204802513,46.34915631094322,,0.9091618359088898,
656000,487.08891463279724,-199.56172454357147,41.2185085348984,-0.004056150795503833,13.65709571838379,0.8151113152503967,0.0025615776656195523,-202.25074204802513,46.34915631094322,,0.8529345393180847,
660000,489.9498083591461,-200.0434765815735,31.99845171244528,-0.005851006495455913,11.976055240631103,0.815721583366394,0.005293384083779528,-202.25074204802513,46.34915631094322,,0.8870519459247589,
664000,492.82839179039,-199.5390566587448,37.036780920436684,-0.005196067195696053,10.486632347106934,0.8172638058662415,0.004473648371640593,-202.25074204802513,46.34915631094322,,0.9550211429595947,
668000,495.69752764701843,-194.14470720291138,32.5626222163057,-0.005698295130549624,11.507436275482178,0.8345831990242004,0.004877695103641599,-202.25074204802513,46.34915631094322,,0.9338265776634216,
672000,498.60554575920105,-198.67130172252655,37.45657370835393,-0.004718411298391167,11.452894592285157,0.8221617817878724,0.0039141988119808955,-202.25074204802513,46.34915631094322,,0.8693315148353576,
676000,501.4965589046478,-207.807434797287,35.53930678944308,-0.005101835655358933,9.962971258163453,0.8622595489025116,0.004203535891700661,-202.25074204802513,46.34915631094322,,0.8812894284725189,
680000,504.35856556892395,-191.99339950084686,34.88488850252369,-0.005950134935944052,8.649735593795777,0.8149138629436493,0.005277475572074764,-202.25074204802513,46.34915631094322,,0.9086069107055664,
684000,508.37864780426025,-200.38890087604523,33.82641586359909,-0.007229424093850056,9.444148635864257,0.8377203941345215,0.006087264844604467,-206.73524110019207,43.23745917664438,,0.9018670856952667,
688000,511.25350165367126,-195.52749514579773,47.104959068774654,-0.0048490829761139945,12.711755561828614,0.8555337727069855,0.003825864136839907,-206.73524110019207,43.23745917664438,,0.9122266352176667,
692000,514.1389675140381,-192.14362728595734,31.52178536024831,-0.005395995133323605,9.975158548355102,0.8184384942054749,0.0037675375300460167,-206.73524110019207,43.23745917664438,,0.8964036762714386,
696000,517.0017709732056,-194.18611359596252,39.03750411697694,-0.0028231105983723024,13.413439178466797,0.7171075820922852,0.0031677789287641645,-206.73524110019207,43.23745917664438,,0.994469803571701,
700000,519.8639950752258,-198.99926352500916,39.804818019130785,-0.00565909983512638,15.177762126922607,0.7823356330394745,0.0056880834512412545,-206.73524110019207,43.23745917664438,,0.9236029148101806,
704000,522.6162357330322,-204.61912322044373,33.63843359044701,-0.004723780402680866,11.399797534942627,0.8282090127468109,0.003899720814098462,-206.73524110019207,43.23745917664438,,0.9041477739810944,
708000,525.2817461490631,-205.4918862581253,36.62028292232979,-0.006324629456736152,11.437078857421875,0.7870034098625183,0.0052572352372420635,-206.73524110019207,43.23745917664438,,0.7851580560207367,
712000,527.9599435329437,-199.66267490386963,32.455309203553895,-0.0057374229421839115,11.424802780151367,0.771657919883728,0.003626671459642239,-206.73524110019207,43.23745917664438,,0.9071550011634827,
716000,530.6315984725952,-194.32604670524597,31.24928607470461,-0.005149101060660044,8.795079278945924,0.7425424098968506,0.004035395488608628,-206.73524110019207,43.23745917664438,,0.9119796335697175,
720000,533.3080792427063,-205.9515824317932,31.485106094549522,-0.005988264258019615,9.894930601119995,0.7246903002262115,0.003125465114135295,-206.73524110019207,43.23745917664438,,0.9039169728755951,
724000,537.1279888153076,-191.40808200836182,33.9564122542979,-0.006065594747972902,8.052779912948608,0.7451646506786347,0.004542661271989346,-203.15304279327393,38.05930731736812,,0.8679072797298432,
728000,539.8024914264679,-197.18180537223816,35.134250064633015,-0.00752331878151744,7.066824817657471,0.7703390777111053,0.00586684953304939,-203.15304279327393,38.05930731736812,,0.8672281920909881,
732000,542.48353266716,-196.45187950134277,35.95049324176538,-0.006513721934674921,11.176550388336182,0.7794738054275513,0.004823390458477661,-203.15304279327393,38.05930731736812,,0.9118004679679871,
736000,545.1569399833679,-189.6708221435547,29.66262144130071,-0.006099409096719022,10.250921535491944,0.7702593207359314,0.005388029896654212,-203.15304279327393,38.05930731736812,,0.8728080809116363,
740000,548.0102121829987,-190.59078407287598,35.48930482947788,-0.005465579650364827,14.223887825012207,0.7931127846240997,0.001757522067418904,-203.15304279327393,38.05930731736812,,0.9417165338993072,
744000,550.8837246894836,-187.9687945842743,29.190748473651492,-0.007031579115583142,9.28419542312622,0.8321714758872986,0.005232981673907488,-203.15304279327393,38.05930731736812,,0.8306314826011658,
748000,553.740026473999,-196.33040285110474,33.34314004721129,-0.0065433908971026964,9.558283233642578,0.7739434123039246,0.007913379134920762,-203.15304279327393,38.05930731736812,,0.8345257997512817,
752000,556.6009342670441,-201.98817467689514,34.876442903718356,-0.005089552728692048,15.062681961059571,0.8466529965400695,0.0021369293943280356,-203.15304279327393,38.05930731736812,,0.78381068110466,
756000,559.4612135887146,-188.19739139080048,31.13161082585294,-0.006436364898768687,11.935065174102784,0.7715622365474701,0.007595502055482939,-203.15304279327393,38.05930731736812,,0.8490610182285309,
760000,562.3036050796509,-192.76612102985382,35.99607785379119,-0.0044930024645291056,11.253738689422608,0.7737971603870392,0.003104655259676903,-203.15304279327393,38.05930731736812,,0.7710407733917236,
764000,566.298576593399,-189.15638649463654,31.985578068531762,-0.005248492122860604,9.576699209213256,0.7709097027778625,0.003999359490990173,-199.30163356661797,37.01993410819867,,0.7538438379764557,
768000,569.1529204845428,-202.594083070755,33.0089763146949,-0.005347649103884233,10.74610939025879,0.763144725561142,0.004937302746654826,-199.30163356661797,37.01993410819867,,0.7052736163139344,
772000,572.0151345729828,-195.0797164440155,29.174041640448785,-0.006665959114364029,12.744882678985595,0.7698799312114716,0.00553721289547684,-199.30163356661797,37.01993410819867,,0.7398273944854736,
776000,574.8751201629639,-192.9676262140274,32.82680889305446,-0.004416242876400567,12.275246047973633,0.737578523159027,0.001989110956492368,-199.30163356661797,37.01993410819867,,0.741995656490326,
780000,577.7428348064423,-193.77630352973938,33.61909378741929,-0.006651768777907474,8.802690982818604,0.7363664031028747,0.0038782456482294946,-199.30163356661797,37.01993410819867,,0.7220573723316193,
784000,580.626092672348,-193.45326828956604,30.772282859347712,-0.006931222853561359,10.180609035491944,0.7709107100963593,0.007102684554411098,-199.30163356661797,37.01993410819867,,0.7525157392024994,
788000,583.4706408977509,-189.486478805542,28.834376765165008,-0.00533177679086414,7.321964740753174,0.7421042084693908,0.002925108701310819,-199.30163356661797,37.01993410819867,,0.8422351121902466,
792000,586.3207404613495,-191.76211261749268,29.219092300945643,-0.006098328222054983,10.475816345214843,0.6950432181358337,0.004725845095080672,-199.30163356661797,37.01993410819867,,0.7080349564552307,
796000,589.1926643848419,-197.67335605621338,33.67163232163936,-0.005212803596009818,10.339895820617675,0.6951798796653748,0.0024408059219519274,-199.30163356661797,37.01993410819867,,0.7181377410888672,
800000,592.0519723892212,-197.29309833049774,39.532989432740024,-0.005110951658260721,8.930837965011596,0.7109052062034606,0.00796390084148153,-199.30163356661797,37.01993410819867,,0.7478101432323456,
804000,596.0060698986053,-198.02134013175964,32.120271044980505,-0.00572737351735122,8.033655643463135,0.7190938174724579,0.002226596337277442,-197.61218698322773,32.11031183897888,,0.7674166202545166,
808000,598.8637323379517,-187.49587035179138,23.10607402594884,-0.00621576957482226,6.376502180099488,0.7600487232208252,0.00527883970644325,-197.61218698322773,32.11031183897888,,0.7127016961574555,
812000,601.7003095149994,-195.5065631866455,30.23529361848102,-0.005522724242104893,7.6491453647613525,0.7571014583110809,0.004508874869730839,-197.61218698322773,32.11031183897888,,0.7430177688598633,
816000,604.5118265151978,-199.70809817314148,36.1448848527779,-0.0046749386354349555,15.54437608718872,0.7800073325634003,0.004853981358076765,-197.61218698322773,32.11031183897888,,0.6627615869045258,
820000,607.3448433876038,-207.26495909690857,30.628478854919088,-0.004731621942715725,14.268041801452636,0.7664717018604279,0.0033689679063003907,-197.61218698322773,32.11031183897888,,0.7028913497924805,
824000,610.181134223938,-190.74149441719055,26.747132983659736,-0.005675755326092791,8.095021867752076,0.8484019041061401,0.003920451959129423,-197.61218698322773,32.11031183897888,,0.684394359588623,
828000,613.0185360908508,-196.86265349388123,35.8643812076142,-0.004714820174558554,13.051878070831298,0.7900776267051697,0.003860546004580101,-197.61218698322773,32.11031183897888,,0.6739943325519562,
832000,615.8563551902771,-198.40240263938904,34.895998616266155,-0.004758834220313757,11.533398914337159,0.7671057462692261,0.004213665940177936,-197.61218698322773,32.11031183897888,,0.6965546607971191,
836000,618.6751408576965,-192.10132694244385,29.09590163780614,-0.004639988650583593,9.380253028869628,0.7167891502380371,0.004478654216509348,-197.61218698322773,32.11031183897888,,0.7670742690563201,
840000,621.5033917427063,-195.69789791107178,33.179279968525144,-0.006639975308906277,6.739371871948242,0.7689334392547608,0.0078088287121306,-197.61218698322773,32.11031183897888,,0.7782956242561341,
844000,625.386837720871,-195.47667980194092,33.25234731127689,-0.005093984027393183,11.920125007629395,0.7688140630722046,0.005129718990065158,-203.40986827760935,33.571133529530975,,0.7371234655380249,
848000,628.2267043590546,-195.21449673175812,34.46044362304676,-0.005046464450657417,11.629720497131348,0.7852003812789917,0.0044351261400152,-203.40986827760935,33.571133529530975,,0.7221856713294983,
852000,631.0496180057526,-190.9758893251419,31.18129422235426,-0.0047995942010699896,10.875473785400391,0.7579010009765625,0.005855520750085575,-203.40986827760935,33.571133529530975,,0.7714671909809112,
856000,633.806982755661,-198.2013111114502,33.2027966042773,-0.00677524316776541,8.644232559204102,0.8029894173145294,0.0056338252237765115,-203.40986827760935,33.571133529530975,,0.7250257432460785,
860000,636.5470654964447,-193.28509950637817,28.177931872072183,-0.00546930819299693,9.960283470153808,0.7536904692649842,0.003384616995987022,-203.40986827760935,33.571133529530975,,0.7816203951835632,
864000,639.2985157966614,-186.34996342658997,28.805876602939726,-0.006856441039824901,6.2736622333526615,0.7800730764865875,0.004328065356491972,-203.40986827760935,33.571133529530975,,0.7166668832302093,
868000,642.0960104465485,-194.45012140274048,33.170215850427645,-0.00573692098306493,8.820023679733277,0.7884114146232605,0.005390222494679619,-203.40986827760935,33.571133529530975,,0.7231844067573547,
872000,644.8769941329956,-197.41191279888153,35.26823691576418,-0.003566734869071908,9.511836004257201,0.7964158594608307,0.004634172841906548,-203.40986827760935,33.571133529530975,,0.6770194888114929,
876000,647.6575541496277,-196.43900537490845,36.56115185425393,-0.005033833210511762,12.16661787033081,0.7985596776008606,0.006275047676676593,-203.40986827760935,33.571133529530975,,0.6717204809188843,
880000,650.4862565994263,-193.3902393579483,37.70755009137862,-0.005378218005023272,10.453759479522706,0.7904908359050751,0.0026491604279726745,-203.40986827760935,33.571133529530975,,0.6633043766021729,
884000,654.3801019191742,-197.77020025253296,31.86012378707615,-0.005739615791166841,11.131058692932129,0.8127764821052551,0.0030424122548623365,-194.60385220497847,32.26365321630044,,0.7015293776988983,
888000,657.2171897888184,-194.41071009635925,26.626375925287807,-0.004816795580399535,6.097013998031616,0.7978443145751953,0.002185436442960054,-194.60385220497847,32.26365321630044,,0.6902806341648102,
892000,660.0411186218262,-197.28839707374573,34.81605718857364,-0.004203956993762414,10.985048961639404,0.7915486574172974,0.004113716998836026,-194.60385220497847,32.26365321630044,,0.7167030870914459,
896000,662.875391960144,-195.08606231212616,39.85373584055235,-0.005647273398780328,8.821283769607543,0.7967889130115509,0.006567250405127822,-194.60385220497847,32.26365321630044,,0.6657839894294739,
900000,665.7076191902161,-190.56363224983215,31.29862214472882,-0.0045773663244520705,10.073607587814331,0.8463862836360931,0.003605583182070404,-194.60385220497847,32.26365321630044,,0.6447584867477417,
904000,668.5414543151855,-205.13022541999817,35.05661806343205,-0.004769224601021626,11.60093002319336,0.807313334941864,0.004416539147496223,-194.60385220497847,32.26365321630044,,0.715216726064682,
908000,671.3704707622528,-196.5247893333435,34.19560271890727,-0.006640815526557464,13.686276721954346,0.8082014918327332,0.007282423339628924,-194.60385220497847,32.26365321630044,,0.6974954903125763,
912000,674.2007901668549,-189.43074440956116,31.027508653447306,-0.0073895096397027515,8.31269130706787,0.8647115707397461,0.008362316242496792,-194.60385220497847,32.26365321630044,,0.677024656534195,
916000,677.0272238254547,-195.72481179237366,36.665645091665255,-0.006195084138851037,7.999195098876953,0.7885693609714508,0.004020697332452983,-194.60385220497847,32.26365321630044,,0.7887332975864411,
920000,679.6776781082153,-191.7987176179886,36.54403335978989,-0.0045449404604732905,10.735562896728515,0.7240274846553802,0.005310616851784289,-194.60385220497847,32.26365321630044,,0.7018581569194794,
924000,683.5488088130951,-198.49103569984436,32.421670888838996,-0.00404579840321091,8.92513542175293,0.8007327377796173,0.002340272130832699,-193.55419470369816,40.12633993710468,,0.6973221957683563,
928000,686.3960285186768,-199.16609287261963,36.520758976794,-0.005555471759755104,11.876024436950683,0.7670872211456299,0.0030383339376227614,-193.55419470369816,40.12633993710468,,0.7708291828632354,
932000,689.2325775623322,-190.53191614151,33.68842917423895,-0.004796899612061622,8.806036615371704,0.8097604811191559,0.0019048761780140922,-193.55419470369816,40.12633993710468,,0.6937537133693695,
936000,692.0713407993317,-202.99614822864532,40.22885311447278,-0.007339159454374222,10.202763748168945,0.8492315649986267,0.004525993630522862,-193.55419470369816,40.12633993710468,,0.6168210744857788,
940000,694.907808303833,-188.94644129276276,27.292228398299823,-0.005289111152446502,8.221419620513917,0.7731892347335816,0.004995518182637193,-193.55419470369816,40.12633993710468,,0.665273642539978,
944000,697.7394087314606,-191.39701461791992,26.92736288365732,-0.0064729597492454,7.034788179397583,0.8072085976600647,0.008323595602996647,-193.55419470369816,40.12633993710468,,0.7060948491096497,
948000,700.5687882900238,-197.92341935634613,39.583846451719715,-0.00618510547249268,9.314884567260743,0.7639950156211853,0.002274477755418047,-193.55419470369816,40.12633993710468,,0.6870683431625366,
952000,703.4015817642212,-189.08125436306,35.21694048805865,-0.005670396412567591,8.562185764312744,0.8167606472969056,0.0034427412839480366,-193.55419470369816,40.12633993710468,,0.5935058951377868,
956000,706.2382247447968,-189.8351902961731,38.37752828362344,-0.00654686352936551,9.698248529434204,0.7181108474731446,0.005317923211259767,-193.55419470369816,40.12633993710468,,0.6448017179965972,
960000,709.0703036785126,-194.69086170196533,33.706184260165124,-0.004365351798012895,9.231951904296874,0.705845731496811,0.005603018112014979,-193.55419470369816,40.12633993710468,,0.7360949516296387,
964000,712.9484984874725,-196.88973009586334,35.937471217911664,-0.004892378011563103,9.322642612457276,0.750521445274353,0.004229354775607741,-197.02644608914852,39.1458535392424,,0.6442944943904877,
968000,715.7894213199615,-196.72923040390015,36.929708304755756,-0.005354137425155514,9.304357671737671,0.7087107181549073,0.0076305865732333444,-197.02644608914852,39.1458535392424,,0.607193773984909,
972000,718.6211225986481,-187.87333500385284,34.032270430699306,-0.004244405157476194,10.694960498809815,0.7737614333629608,0.003707210719585419,-197.02644608914852,39.1458535392424,,0.5444462954998016,
976000,721.4458181858063,-188.95529639720917,34.29419221673619,-0.004584789585244576,8.696588802337647,0.7304322063922882,0.003591011289972812,-197.02644608914852,39.1458535392424,,0.5894974946975708,
980000,724.2771506309509,-197.74651527404785,34.05808901911836,-0.006583668395411202,9.060104417800904,0.765607476234436,0.00850617871619761,-197.02644608914852,39.1458535392424,,0.548377925157547,
984000,727.1053822040558,-192.40082001686096,34.21443980723068,-0.006269465058576351,9.833881759643555,0.678702312707901,0.005028023353544997,-197.02644608914852,39.1458535392424,,0.6397077739238739,
988000,729.9225862026215,-192.88114523887634,28.75240343106558,-0.005860092834724639,10.730478477478027,0.6925411999225617,0.008334979484789073,-197.02644608914852,39.1458535392424,,0.6241885364055634,
992000,732.7366578578949,-194.5024619102478,28.285469041976796,-0.006829392457070505,6.854386997222901,0.7919407904148101,0.003366315014311105,-197.02644608914852,39.1458535392424,,0.6360005974769593,
996000,735.5706067085266,-196.6562054157257,32.08740897253754,-0.0059935142108394675,8.448322296142578,0.7035971105098724,0.0059355914892318395,-197.02644608914852,39.1458535392424,,0.6438551366329193,
1000000,738.4044146537781,-189.1771264076233,30.356976739696645,-0.003874123355451342,9.129198932647705,0.7042152047157287,0.003513967039451682,-197.02644608914852,39.1458535392424,,0.6639756023883819,
1004000,742.2740557193756,-195.85480260849,37.91419624963786,-0.0045044128438457955,11.830946254730225,0.7287941336631775,0.0036821857192990137,-196.34752448648214,32.55737505118056,,0.6034214973449707,
1008000,745.1109938621521,-201.3878092765808,35.54000930508216,-0.0032426495053028857,14.17994213104248,0.7071040749549866,0.0028679823386482894,-196.34752448648214,32.55737505118056,,0.5848317444324493,
1012000,747.9386887550354,-195.74491119384766,39.42316334625632,-0.004590439965870807,10.48656997680664,0.708046555519104,0.007474561898658738,-196.34752448648214,32.55737505118056,,0.5772476732730866,
1016000,750.7672746181488,-191.25740838050842,27.550871300574112,-0.004670880595222115,7.057240533828735,0.7406788825988769,0.003226806125603643,-196.34752448648214,32.55737505118056,,0.5840280234813691,
1020000,753.6013238430023,-187.17583560943604,32.05267592203314,-0.003211575031435743,6.535319852828979,0.6838051378726959,0.010407469607889653,-196.34752448648214,32.55737505118056,,0.5977251768112183,
1024000,756.4328238964081,-200.50317358970642,32.83945537693587,-0.006368094417887438,7.914003133773804,0.6621644616127014,0.004762094712350518,-196.34752448648214,32.55737505118056,,0.6455854117870331,
1028000,759.263189792633,-190.17549538612366,31.071906165212827,-0.006546137520112083,8.825843811035156,0.6323181331157685,0.007501417738075067,-196.34752448648214,32.55737505118056,,0.5816232025623321,
1032000,762.0939857959747,-198.96760725975037,39.44347132462954,-0.004460750466833513,11.475559329986572,0.7199733555316925,0.005096555526678781,-196.34752448648214,32.55737505118056,,0.5823233306407929,
1036000,764.9209976196289,-199.8072156906128,42.357604753972,-0.004898061732606341,12.364453315734863,0.6953273236751556,0.007246796420076862,-196.34752448648214,32.55737505118056,,0.6318382978439331,
1040000,767.7496716976166,-201.9673707485199,37.265761558310146,-0.005320098326541478,8.009427976608276,0.7208559155464173,0.004579879709674673,-196.34752448648214,32.55737505118056,,0.5589640498161316,
1044000,771.6319782733917,-195.25115048885345,28.13599969898439,-0.005293969256337761,8.130704259872436,0.731751811504364,0.005157300947544474,-199.69898672401905,38.45067428317937,,0.5631970822811126,
1048000,774.4160540103912,-193.4128611087799,31.311071162524403,-0.00654273787435764,7.7335093975067135,0.7902787208557129,0.005611748120281845,-199.69898672401905,38.45067428317937,,0.5792084634304047,
1052000,777.2207396030426,-193.7349352836609,28.129584249624294,-0.005487788120129467,7.152987432479859,0.7995265185832977,0.00413307961425744,-199.69898672401905,38.45067428317937,,0.6113435328006744,
1056000,780.0368626117706,-187.7297008037567,32.12568458142192,-0.005176477396239854,7.931306457519531,0.7738062381744385,0.0026355238573160023,-199.69898672401905,38.45067428317937,,0.6589642286300659,
1060000,782.8673751354218,-197.64204335212708,42.85731983232879,-0.006797905794965686,12.582755661010742,0.8144981861114502,0.0027074519253801554,-199.69898672401905,38.45067428317937,,0.6261869668960571,
1064000,785.6943693161011,-198.63275909423828,31.5993095926404,-0.006070270310156012,11.573223400115968,0.7842152893543244,0.005037550491086851,-199.69898672401905,38.45067428317937,,0.5731455147266388,
1068000,788.5195813179016,-185.38258004188538,30.231147039842956,-0.004328904219359941,10.108353614807129,0.8168597221374512,0.0041900718035176475,-199.69898672401905,38.45067428317937,,0.5996322572231293,
1072000,791.347531080246,-196.5108196735382,38.63058183727044,-0.0062405063596864705,9.277167654037475,0.7992296636104583,0.008050173295661807,-199.69898672401905,38.45067428317937,,0.5751767754554749,
1076000,794.1803741455078,-190.5294508934021,32.34924332024258,-0.0045805166205390435,11.197053909301758,0.8430247485637665,0.004278769125812687,-199.69898672401905,38.45067428317937,,0.5262883484363556,
1080000,797.0111417770386,-190.27120447158813,30.571964577694573,-0.006109045897920928,7.688985586166382,0.8658998548984528,0.002645201073028147,-199.69898672401905,38.45067428317937,,0.5169499754905701,
1084000,800.9083878993988,-194.1107598543167,32.89284523070136,-0.00395347320009023,10.00109405517578,0.8574456095695495,0.0052258488023653625,-199.34368887543678,42.28006621213676,,0.5572255313396454,
1088000,803.7547235488892,-194.5291473865509,30.433773184644515,-0.005342154915599773,9.090769815444947,0.8089276313781738,0.004454764854861448,-199.34368887543678,42.28006621213676,,0.6220556199550629,
1092000,806.6001331806183,-190.19566094875336,32.457371768234225,-0.006328466754872331,8.882256126403808,0.8267938256263733,0.006329521126463078,-199.34368887543678,42.28006621213676,,0.5434962093830109,
1096000,809.4349901676178,-191.1726794242859,34.68678419278239,-0.0060842086318880105,7.383850526809693,0.81607785820961,0.005158725835305333,-199.34368887543678,42.28006621213676,,0.5906360685825348,
1100000,812.2626876831055,-181.60891091823578,28.588910611823366,-0.006980052018848504,6.656291484832764,0.8143412947654725,0.003917830868158489,-199.34368887543678,42.28006621213676,,0.5586767375469208,
1104000,815.0987231731415,-194.55397582054138,32.6537766108663,-0.007105325012933506,8.630814504623412,0.8848650932312012,0.00587654433620628,-199.34368887543678,42.28006621213676,,0.5121596157550812,
1108000,817.9296724796295,-194.17811489105225,34.12094707962994,-0.0038721329960389904,9.847011470794678,0.9332566201686859,0.003304864792153239,-199.34368887543678,42.28006621213676,,0.49043484926223757,
1112000,820.7575817108154,-187.99374055862427,32.04053337081127,-0.006206030097014014,10.9626633644104,0.9003616452217102,0.005146621260869644,-199.34368887543678,42.28006621213676,,0.5442884147167206,
1116000,823.5825507640839,-193.33206129074097,42.79759836167213,-0.0057245099133191426,10.934933376312255,0.9248752593994141,0.0028835634149145363,-199.34368887543678,42.28006621213676,,0.46088363528251647,
1120000,826.3831799030304,-185.54810881614685,31.167125187251468,-0.005088932673291624,10.609065914154053,0.9113150656223297,0.0035726552829146384,-199.34368887543678,42.28006621213676,,0.44820980727672577,
1124000,830.273913860321,-189.24993407726288,35.94076322991015,-0.003907122587862766,8.726813745498657,0.9402665078639985,0.003527940763160586,-200.47618785500526,43.32418378816304,,0.4467679589986801,
1128000,833.1373872756958,-199.0791506767273,38.553117976584495,-0.0028940931683561376,14.47370891571045,1.0151031374931336,0.00529042929993011,-200.47618785500526,43.32418378816304,,0.4004989445209503,
1132000,836.004597902298,-201.5825719833374,30.359878355986062,-0.0035458231381296557,12.827980613708496,1.0318353056907654,0.003136084377435816,-200.47618785500526,43.32418378816304,,0.39085061848163605,
1136000,838.8651237487793,-199.84993135929108,37.57938570480604,-0.003913425484672217,12.649332427978516,1.002799654006958,0.0026535489463907604,-200.47618785500526,43.32418378816304,,0.45910800993442535,
1140000,841.7256441116333,-188.78315329551697,31.2914540506324,-0.0036756315205711764,8.20831127166748,0.9844416856765748,0.004046503949794023,-200.47618785500526,43.32418378816304,,0.4139046370983124,
1144000,844.5944747924805,-195.86204850673676,31.899834005790225,-0.005648239249441289,8.552421426773071,0.9784779667854309,0.006838057924915741,-200.47618785500526,43.32418378816304,,0.4089807331562042,
1148000,847.4480974674225,-183.01976418495178,33.8448185105934,-0.0035407625871206605,7.041383552551269,0.9811231195926666,0.004190759229046925,-200.47618785500526,43.32418378816304,,0.4352520674467087,
1152000,850.3148844242096,-200.56120944023132,35.837514322360306,-0.004376491831693219,13.196271514892578,0.966052359342575,0.002095260003261501,-200.47618785500526,43.32418378816304,,0.43459888994693757,
1156000,853.1823606491089,-190.67696142196655,25.37713880957792,-0.0042286793636933774,6.232613039016724,1.0162554383277893,0.004275399949983693,-200.47618785500526,43.32418378816304,,0.3804080545902252,
1160000,856.0453126430511,-199.78305315971375,32.78874824667351,-0.004123489079841747,9.525101518630981,0.9849450051784515,0.004676819740503557,-200.47618785500526,43.32418378816304,,0.40019740760326383,
1164000,859.9520742893219,-192.98321843147278,32.23491327069866,-0.005178208971784138,9.826332187652588,1.0226951003074647,0.005412583157158224,-199.99852494895458,38.34379829004816,,0.39848183989524844,
1168000,862.8037192821503,-195.79933285713196,36.14598168631226,-0.004487648238854902,13.879679203033447,1.0439117670059204,0.0018139869779043138,-199.99852494895458,38.34379829004816,,0.38920724093914033,
1172000,865.6397824287415,-196.30095207691193,39.246584015557886,-0.005632974520247913,9.125419616699219,0.9920121431350708,0.005571183166466653,-199.99852494895458,38.34379829004816,,0.42558778524398805,
1176000,868.4740655422211,-190.05455923080444,29.996932925803673,-0.004167036765410259,11.628395748138427,0.9872596025466919,0.0034280425810720772,-199.99852494895458,38.34379829004816,,0.4297931581735611,
1180000,871.3072896003723,-188.70863735675812,36.657254182438884,-0.004993420842258889,9.889364576339721,0.9469104170799255,0.0052694188489113,-199.99852494895458,38.34379829004816,,0.36790168583393096,
1184000,874.1424753665924,-190.5769760608673,30.10524063416335,-0.003201197439222625,7.691488647460938,0.9614943444728852,0.0014976598729845136,-199.99852494895458,38.34379829004816,,0.44129138588905337,
1188000,876.9890248775482,-189.36139822006226,32.542138251928215,-0.003998569420073173,9.828695583343507,0.9347893118858337,0.004847079884901184,-199.99852494895458,38.34379829004816,,0.43248710930347445,
1192000,879.7998070716858,-194.47651767730713,31.64959712082786,-0.006284018327326812,12.392597198486328,0.9578021466732025,0.004543828649912029,-199.99852494895458,38.34379829004816,,0.4203387379646301,
1196000,882.6405138969421,-190.55258464813232,29.691967189039037,-0.004840723076680042,8.071611976623535,0.9342414796352386,0.004545031784800813,-199.99852494895458,38.34379829004816,,0.4028585463762283,
1200000,885.4682884216309,-188.5546371936798,32.829102601302665,-0.006371593540223941,7.674873733520508,0.9140149414539337,0.007233303168322891,-199.99852494895458,38.34379829004816,,0.3961950659751892,
1204000,889.3653652667999,-178.7970906496048,28.38064101525431,-0.004552014984345654,7.8354809284210205,0.8882996737957001,0.004142664517712546,-191.89812883734703,37.58936550503679,,0.40979822278022765,
1208000,892.2202076911926,-188.86572527885437,31.709194424439755,-0.005613045226006541,11.012620830535889,0.8475169837474823,0.004181570955552161,-191.89812883734703,37.58936550503679,,0.43395873308181765,
1212000,895.0682334899902,-193.14737629890442,39.65796259747194,-0.004106990335936045,9.301969575881959,0.8682482898235321,0.0029699814214836804,-191.89812883734703,37.58936550503679,,0.36210858523845674,
1216000,897.9074184894562,-187.29069447517395,29.987545640300052,-0.004518830111560757,10.604008769989013,0.8957625508308411,0.007361116837865378,-191.89812883734703,37.58936550503679,,0.40331489145755767,
1220000,900.7471268177032,-191.07891845703125,34.884656797246066,-0.004977821108109026,7.559887075424195,0.8634167969226837,0.00441170029613811,-191.89812883734703,37.58936550503679,,0.35337320268154143,
1224000,903.5466430187225,-194.5877194404602,28.47946413722295,-0.004570220205311948,8.358516454696655,0.8504069209098816,0.004634521758028675,-191.89812883734703,37.58936550503679,,0.44072107672691346,
1228000,906.3864905834198,-192.41655731201172,33.17763905419438,-0.004157440526410916,8.96718201637268,0.8736153244972229,0.005413730016909546,-191.89812883734703,37.58936550503679,,0.39162379801273345,
1232000,909.2376933097839,-189.43582582473755,26.472009124878838,-0.003014392342146799,8.603346729278565,0.883389288187027,0.004958105843979865,-191.89812883734703,37.58936550503679,,0.4111715108156204,
1236000,912.086820602417,-190.5037648677826,31.210505528347436,-0.004932039530326904,8.157310009002686,0.8994130432605744,0.0077441662782803174,-191.89812883734703,37.58936550503679,,0.3881704181432724,
1240000,914.9388153553009,-184.2775400876999,32.79797650272003,-0.00675413496699182,8.607276391983032,0.915687519311905,0.00656717621550591,-191.89812883734703,37.58936550503679,,0.3566109001636505,
1244000,918.8246490955353,-188.5156730413437,38.597890039386506,-0.0049727467994671315,8.880601835250854,0.9230193555355072,0.005071649041337079,-190.52507138252258,48.00259673972493,,0.33615714609622954,
1248000,921.6626069545746,-187.25134825706482,33.934662513347625,-0.005707148641192816,8.407325029373169,0.9150926947593689,0.002493919635890052,-190.52507138252258,48.00259673972493,,0.4455018401145935,
1252000,924.5111618041992,-186.09640979766846,29.34480538435151,-0.005160484385618469,7.525653076171875,0.8887848913669586,0.006246498553082347,-190.52507138252258,48.00259673972493,,0.40610613226890563,
1256000,927.3399450778961,-192.64488244056702,32.75648196361134,-0.0030632280265563195,11.789630508422851,0.8810110926628113,0.005777746008243411,-190.52507138252258,48.00259673972493,,0.42130275070667267,
1260000,930.1637053489685,-196.3139591217041,34.99956533694691,-0.0040744624475483,9.311979866027832,0.9071892917156219,0.0023428153366161107,-190.52507138252258,48.00259673972493,,0.342567053437233,
1264000,932.9906527996063,-186.6019160747528,29.599776414102227,-0.004571363138888706,6.7158637046813965,0.9553006291389465,0.0031202856145877257,-190.52507138252258,48.00259673972493,,0.33476237058639524,
1268000,935.8232045173645,-192.11844968795776,30.1866467548156,-0.004340640224050674,9.036412382125855,0.9954758882522583,0.003443434101228693,-190.52507138252258,48.00259673972493,,0.3441417574882507,
1272000,938.652834892273,-189.85032200813293,30.061469919531085,-0.005688216788228573,7.369571495056152,0.9779091477394104,0.004435880231903866,-190.52507138252258,48.00259673972493,,0.3414985418319702,
1276000,941.4791045188904,-193.70851254463196,26.381570111622793,-0.006188936783776899,7.818079233169556,0.9111020624637604,0.005015051417285576,-190.52507138252258,48.00259673972493,,0.38210548758506774,
1280000,944.3039374351501,-193.53969633579254,33.400935070594905,-0.006539389754800751,8.984464168548584,0.9309318780899047,0.006260703422594815,-190.52507138252258,48.00259673972493,,0.3587046951055527,
1284000,948.2361333370209,-188.52561509609222,30.654133335499605,-0.005292616888415047,7.5825752258300785,0.9360811293125153,0.006024745788347596,-190.86634812504053,36.867891343445855,,0.39709998965263366,
1288000,951.0899770259857,-183.3223921060562,30.55777092093986,-0.006657151399025052,6.205531787872315,0.9367679357528687,0.004585194940057891,-190.86634812504053,36.867891343445855,,0.3818672448396683,
1292000,953.95188331604,-182.2706160545349,33.79371851434635,-0.006516512238886207,7.478106069564819,0.8708455622196197,0.0030536619597114623,-190.86634812504053,36.867891343445855,,0.4032340496778488,
1296000,956.7936809062958,-181.31631064414978,27.220545499810225,-0.006201789351490639,6.121465015411377,0.9136208891868591,0.004704825879462682,-190.86634812504053,36.867891343445855,,0.3953084319829941,
1300000,959.6134345531464,-187.46360039710999,28.83202727387729,-0.005864622391488705,6.485927104949951,0.8993294179439545,0.005397035149081297,-190.86634812504053,36.867891343445855,,0.43454189598560333,
1304000,962.4423325061798,-185.21010196208954,25.603258013957003,-0.004664635335095468,8.188297033309937,0.8573041379451751,0.008147769333794718,-190.86634812504053,36.867891343445855,,0.3835595786571503,
1308000,965.2829627990723,-189.2615942955017,30.640108918824634,-0.006024093234911554,6.927775621414185,0.8471000671386719,0.006216627935646102,-190.86634812504053,36.867891343445855,,0.3463123291730881,
1312000,968.1278128623962,-189.04966366291046,34.80921433767483,-0.005598404949530966,6.843002414703369,0.8509173929691315,0.004110207897610962,-190.86634812504053,36.867891343445855,,0.3231115847826004,
1316000,970.9726462364197,-187.19872903823853,27.69718611140612,-0.0050517846702907935,7.272465085983276,0.8682741045951843,0.003279261519567367,-190.86634812504053,36.867891343445855,,0.3021054148674011,
1320000,973.8344438076019,-198.50093245506287,34.77149844659325,-0.004778887351586825,11.17444543838501,0.853731369972229,0.005229881874596077,-190.86634812504053,36.867891343445855,,0.32069070637226105,
1324000,977.7506635189056,-183.63137447834015,31.468216518437128,-0.004173953126650298,6.904399299621582,0.867433899641037,0.003960902692362022,-192.02654786407948,31.35159840914796,,0.34378162026405334,
1328000,980.5682039260864,-192.0947880744934,37.66996872671078,-0.0027056957849611154,8.573247909545898,0.8583120822906494,0.0035802425787551328,-192.02654786407948,31.35159840914796,,0.34423325657844545,
1332000,983.4347734451294,-186.4157553911209,39.743692729689,-0.0038179772063061,7.907260322570801,0.8608767509460449,0.0030325819680001587,-192.02654786407948,31.35159840914796,,0.30645243227481844,
1336000,986.3096058368683,-185.9962546825409,29.780263355247406,-0.005755614895683969,7.930769968032837,0.8790862321853637,0.0042027343923109585,-192.02654786407948,31.35159840914796,,0.3086607813835144,
1340000,989.1743774414062,-184.81019949913025,31.596329286283236,-0.004062042749642103,9.903365468978881,0.9016966879367828,0.006186180451186374,-192.02654786407948,31.35159840914796,,0.31856841444969175,
1344000,992.0343034267426,-189.2006766796112,33.97463561140698,-0.005256822190247234,9.012928199768066,0.8519557893276215,0.004889588220976293,-192.02654786407948,31.35159840914796,,0.3304789036512375,
1348000,994.8799202442169,-188.64221668243408,34.96949724533602,-0.0053759405553961805,10.499727630615235,0.9018758594989776,0.005335738833140003,-192.02654786407948,31.35159840914796,,0.2963890880346298,
1352000,997.7164232730865,-186.89034974575043,28.026434776587834,-0.00471943499008205,7.743519878387451,0.9212775111198426,0.004896462259421241,-192.02654786407948,31.35159840914796,,0.31579835116863253,
1356000,1000.5577499866486,-181.76090502738953,28.827807694900233,-0.004228621900857732,7.968586540222168,0.889035427570343,0.004145325839635916,-192.02654786407948,31.35159840914796,,0.3807227283716202,
1360000,1003.3946645259857,-189.62886214256287,32.14524446594381,-0.007123037675706057,6.992364311218262,0.9505404651165008,0.00523612894897818,-192.02654786407948,31.35159840914796,,0.29306603968143463,
1364000,1007.3132195472717,-195.42109608650208,34.23657227389845,-0.005130477343142736,8.716244506835938,0.9485172033309937,0.0013619034012663177,-181.95794895291328,29.57532073589543,,0.30674167573451994,
1368000,1010.1536221504211,-191.25009858608246,27.80543598673717,-0.0042203518546496625,9.682749128341674,0.9559857964515686,0.0048743070976343,-181.95794895291328,29.57532073589543,,0.34136455357074735,
1372000,1012.9897570610046,-194.3279492855072,36.741158726552875,-0.0033403802501658754,5.981590843200683,0.9493320643901825,0.0013898749195504934,-181.95794895291328,29.57532073589543,,0.3118639707565308,
1376000,1015.8253433704376,-202.0302665233612,28.74563031016208,-0.005802969296462823,7.645361328125,0.9592155694961548,0.0051663981386615545,-181.95794895291328,29.57532073589543,,0.33440511524677274,
1380000,1018.6546406745911,-195.11614203453064,32.98510570201414,-0.0031475726279119433,7.748037195205688,1.02778160572052,0.0009433558399905451,-181.95794895291328,29.57532073589543,,0.2652197122573853,
1384000,1021.4886045455933,-194.7074592113495,33.51072537335817,-0.004607512825828231,8.585765838623047,0.9420985817909241,0.002624543063575402,-181.95794895291328,29.57532073589543,,0.3220765143632889,
1388000,1024.3185684680939,-187.07283997535706,28.72029775323626,-0.004880019804773239,7.0100196361541744,0.9730406165122986,0.0025214692803274376,-181.95794895291328,29.57532073589543,,0.3421382009983063,
1392000,1027.1514639854431,-194.60609459877014,34.969581788898616,-0.004448405140234768,7.115199232101441,0.9571914851665497,0.0032399361720308662,-181.95794895291328,29.57532073589543,,0.3614708662033081,
1396000,1029.9848821163177,-189.56920957565308,29.81420716355045,-0.005998358687696337,8.232143306732178,0.9585244715213775,0.0045976465311444725,-181.95794895291328,29.57532073589543,,0.319476044178009,
1400000,1032.8100128173828,-192.0998682975769,34.183580979990026,-0.006069390981302903,7.939415454864502,0.9734720647335052,0.006963367277057842,-181.95794895291328,29.57532073589543,,0.27568026185035704,
1404000,1036.7031326293945,-191.88295018672943,29.753964994210108,-0.004752948764245968,6.27292046546936,0.9596014678478241,0.004979304452446165,-186.7161119580269,31.919920105004934,,0.302749314904213,
1408000,1039.5448315143585,-192.76184785366058,35.56674209093311,-0.003968110896026111,9.4636559009552,0.9410469651222229,0.0037712713395594566,-186.7161119580269,31.919920105004934,,0.3143796563148499,
1412000,1042.3826358318329,-184.90043997764587,34.40935012452428,-0.005005705903982749,9.743318462371827,0.8968881905078888,0.003527452284509014,-186.7161119580269,31.919920105004934,,0.3206661820411682,
1416000,1045.2217354774475,-178.74042534828186,31.398155802220753,-0.007150485850715388,5.9406342029571535,0.9278093695640564,0.004120798950893611,-186.7161119580269,31.919920105004934,,0.33116626739501953,
1420000,1048.0671849250793,-187.80231153964996,30.98604530701643,-0.00829011181105549,4.319068598747253,0.9441105902194977,0.0033583597166446768,-186.7161119580269,31.919920105004934,,0.3025276750326157,
1424000,1050.9068338871002,-188.8875834941864,27.448168625751187,-0.005311841053422484,6.815411615371704,0.979768842458725,0.004315629150369205,-186.7161119580269,31.919920105004934,,0.23797445744276047,
1428000,1053.7452414035797,-187.15584301948547,31.04167996053959,-0.004701437750986459,7.42754545211792,0.9595587313175201,0.0035139458486810327,-186.7161119580269,31.919920105004934,,0.22278134226799012,
1432000,1056.5687146186829,-193.27076637744904,34.22661921991874,-0.004829775686220561,8.977321577072143,0.9526541352272033,0.004445178768946789,-186.7161119580269,31.919920105004934,,0.2835880994796753,
1436000,1059.4175009727478,-184.57177901268005,31.21764698664973,-0.006213211261046414,7.522436237335205,0.9560176491737366,0.0062060342635959385,-186.7161119580269,31.919920105004934,,0.31716557443141935,
1440000,1062.271051645279,-193.44283723831177,34.34961844940281,-0.0061698737256229205,6.789051294326782,0.9207036614418029,0.0061686117916057714,-186.7161119580269,31.919920105004934,,0.3488980382680893,
1444000,1066.1754097938538,-188.56469416618347,36.73874593082778,-0.004764293427423993,8.474860858917236,0.9329312980175019,0.005596788341645187,-187.66295874118805,26.63033777906476,,0.34767842292785645,
1448000,1069.0238316059113,-182.54622757434845,31.147768837962502,-0.006434085187579796,7.280249404907226,0.9044754862785339,0.005159140178371091,-187.66295874118805,26.63033777906476,,0.3210433810949326,
1452000,1071.8519234657288,-192.8380787372589,28.711822317109313,-0.005976590304325002,9.804497337341308,0.9067924201488495,0.00459853046020241,-187.66295874118805,26.63033777906476,,0.2892764151096344,
1456000,1074.665778875351,-186.240513920784,32.40315954141216,-0.004941445124490862,9.471117401123047,0.8592531144618988,0.005835384491365403,-187.66295874118805,26.63033777906476,,0.41826283037662504,
1460000,1077.4909973144531,-190.01442527770996,31.086087278008527,-0.004933903501058623,5.3715331077575685,0.8497266232967376,0.0033949335318757433,-187.66295874118805,26.63033777906476,,0.31670552492141724,
1464000,1080.3158013820648,-197.03091645240784,32.10976535570788,-0.006076536336913696,8.03649115562439,0.8600373029708862,0.006183861255956202,-187.66295874118805,26.63033777906476,,0.3673663556575775,
1468000,1083.1397540569305,-190.88262593746185,33.239261878465314,-0.004347712001608173,9.015959787368775,0.8818196058273315,0.0024285794670674044,-187.66295874118805,26.63033777906476,,0.3373899459838867,
1472000,1085.9645562171936,-192.2794952392578,46.12392856213784,-0.00439711375472438,12.54037618637085,0.884210216999054,0.0038987517211353405,-187.66295874118805,26.63033777906476,,0.3305387765169144,
1476000,1088.7901985645294,-196.09751570224762,36.39566691129499,-0.003484280506148929,9.98490505218506,0.9007945895195008,0.002978895037508968,-187.66295874118805,26.63033777906476,,0.279538968205452,
1480000,1091.6234858036041,-178.68068170547485,30.492185371560993,-0.005246843838753801,5.918181657791138,0.9107992887496948,0.004623406659811735,-187.66295874118805,26.63033777906476,,0.36602803468704226,
1484000,1095.5177371501923,-185.3015275001526,28.26193923426175,-0.004871413372534583,6.559540319442749,0.9249960839748382,0.004778266043285839,-188.7723553031683,32.81253900820324,,0.29737916886806487,
1488000,1098.3234810829163,-185.51106715202332,25.661852717038258,-0.005728353894626092,6.168639421463013,0.9080741941928864,0.004045253769436386,-188.7723553031683,32.81253900820324,,0.3016717523336411,
1492000,1101.1515958309174,-189.6365053653717,32.019150449833546,-0.003227016210439615,10.07316722869873,0.8686305820941925,0.0031233302227531958,-188.7723553031683,32.81253900820324,,0.31500123143196107,
1496000,1103.974466085434,-190.36046731472015,30.7968923540483,-0.003985465722934655,7.460907745361328,0.9008339166641235,0.00387205074148369,-188.7723553031683,32.81253900820324,,0.29597416520118713,
1500000,1106.8040943145752,-188.8835005760193,35.98533483021059,-0.00334261889491847,8.8537588596344,0.9042293667793274,0.0032060743534044977,-188.7723553031683,32.81253900820324,,0.3397445321083069,
1504000,1109.6269228458405,-189.52763652801514,30.665032416137436,-0.004847228522257258,7.988555002212524,0.9219550132751465,0.0036287266004364936,-188.7723553031683,32.81253900820324,,0.2771098971366882,
1508000,1112.4503829479218,-191.7221703529358,35.14388198313864,-0.004928534014305719,8.777172088623047,0.8929349064826966,0.004678061008239975,-188.7723553031683,32.81253900820324,,0.3485221445560455,
1512000,1115.1349143981934,-188.53251814842224,31.57029072279769,-0.004740860141037651,11.246925735473633,0.924169510602951,0.00690767454507295,-188.7723553031683,32.81253900820324,,0.31715287268161774,
1516000,1117.8018019199371,-198.26588892936707,33.64083339559608,-0.0037243714454428646,8.257543420791626,0.9380963802337646,0.003374821780739401,-188.7723553031683,32.81253900820324,,0.2775913268327713,
1520000,1120.4907126426697,-190.18321096897125,32.89940079276452,-0.003827966735310273,9.240391111373901,0.9143387079238892,0.0031861924057011493,-188.7723553031683,32.81253900820324,,0.2853318929672241,
1524000,1124.3780853748322,-185.6496580839157,32.22959987216344,-0.004507881356674836,6.575286102294922,0.8757559418678283,0.005133363336790353,-195.24080969393253,35.93256883143459,,0.32361134588718415,
1528000,1127.2229971885681,-183.22704911231995,32.81947091252584,-0.007623228770991197,7.732497119903565,0.886648166179657,0.007675828028004617,-195.24080969393253,35.93256883143459,,0.30547815263271333,
1532000,1130.0607407093048,-191.17590522766113,28.44857863035352,-0.004002198150847125,6.848946666717529,0.9160205245018005,0.003428254417667631,-195.24080969393253,35.93256883143459,,0.29012585878372193,
1536000,1132.897739648819,-183.95248818397522,27.292047720354677,-0.005944288031508549,8.00144429206848,0.9299172461032867,0.0058934809814672915,-195.24080969393253,35.93256883143459,,0.28053221106529236,
1540000,1135.7297551631927,-187.98953878879547,34.18458228295142,-0.005471851093927338,8.644306850433349,0.8903670072555542,0.005306730096344836,-195.24080969393253,35.93256883143459,,0.3130273938179016,
1544000,1138.551087141037,-190.88783884048462,28.61650369710532,-0.00602847403132678,4.934379196166992,0.8946842551231384,0.0050064452807419,-195.24080969393253,35.93256883143459,,0.26082291901111604,
1548000,1141.3768508434296,-190.010262966156,35.25209941133779,-0.004334013811700688,10.949387359619141,0.8550574779510498,0.0022618130838964134,-195.24080969393253,35.93256883143459,,0.272389155626297,
1552000,1144.2071261405945,-192.45434772968292,33.72741656600534,-0.006259523783344778,8.42909369468689,0.7929196894168854,0.007013627362903207,-195.24080969393253,35.93256883143459,,0.2732952654361725,
1556000,1147.03613114357,-194.70699381828308,39.844573488445846,-0.0053828024614291925,9.23463249206543,0.7822297871112823,0.007881039718631655,-195.24080969393253,35.93256883143459,,0.2518800348043442,
1560000,1149.8695437908173,-188.74822628498077,37.30230167855347,-0.0027935682685929384,9.723140430450439,0.7710875511169434,0.0020470837684115396,-195.24080969393253,35.93256883143459,,0.25538794696331024,
1564000,1153.7573766708374,-189.74590682983398,28.14136846117731,-0.0030742445622260915,8.186482620239257,0.8293435633182525,0.004844980407506227,-194.99733711779118,30.914845685059667,,0.2591724097728729,
1568000,1156.5656099319458,-186.36266016960144,39.17643451089318,-0.004088527384796059,9.748848915100098,0.8607157528400421,0.0019163446399034002,-194.99733711779118,30.914845685059667,,0.28035455346107485,
1572000,1159.4034786224365,-184.91702330112457,39.3351148537543,-0.003618102256494815,10.268634605407716,0.9189512014389039,0.0037289823695707547,-194.99733711779118,30.914845685059667,,0.2686369627714157,
1576000,1162.2385139465332,-193.24773740768433,33.92370807906908,-0.005659981171566564,7.935991430282593,0.8939831018447876,0.004115758904527578,-194.99733711779118,30.914845685059667,,0.251037260890007,
1580000,1165.070328950882,-186.00740313529968,35.08372238991896,-0.005424558879497154,6.4262384414672855,0.8700225949287415,0.0034378862794255836,-194.99733711779118,30.914845685059667,,0.28623477220535276,
1584000,1167.7808592319489,-190.98699402809143,30.12718945810652,-0.007064500246041749,4.625324153900147,0.8535887897014618,0.004425552842440084,-194.99733711779118,30.914845685059667,,0.3471990793943405,
1588000,1170.606294631958,-180.10827660560608,26.1132440593292,-0.004736295660084622,8.376208114624024,0.8820336282253265,0.003191548341419548,-194.99733711779118,30.914845685059667,,0.2622573345899582,
1592000,1173.4347581863403,-189.71501505374908,33.39139359619131,-0.005677601058812187,6.149187469482422,0.8268659472465515,0.003129080821430158,-194.99733711779118,30.914845685059667,,0.29468090534210206,
1596000,1176.2683470249176,-185.25109803676605,33.431521135982244,-0.0029377490729093126,8.409348058700562,0.8526319324970245,0.003963166803548424,-194.99733711779118,30.914845685059667,,0.25743130445480344,
1600000,1179.0905122756958,-186.17144811153412,34.78130089402564,-0.006112315917077194,6.33990797996521,0.8392773270606995,0.0054221321654040365,-194.99733711779118,30.914845685059667,,0.30782676935195924,
1604000,1182.96879196167,-189.29107356071472,34.98167187365248,-0.006059457574815808,8.175074815750122,0.8945931196212769,0.005750578775769099,-188.69397439062595,33.76064241394768,,0.2518214672803879,
1608000,1185.7193868160248,-188.5356124639511,32.394385223755556,-0.0053979184941078005,7.049169397354126,0.8450873732566834,0.00679367181728594,-188.69397439062595,33.76064241394768,,0.3080131024122238,
1612000,1188.478075504303,-175.62282276153564,27.031249269387104,-0.006044970729776366,6.251282167434693,0.8702384293079376,0.0042296565428841856,-188.69397439062595,33.76064241394768,,0.30938867330551145,
1616000,1191.2967176437378,-192.91498136520386,34.46229902465226,-0.0046734453249568375,7.258239316940307,0.8678882718086243,0.0013280631537782028,-188.69397439062595,33.76064241394768,,0.3158398687839508,
1620000,1194.1496806144714,-188.8512899875641,27.37427399471295,-0.004947690586831088,8.464638090133667,0.8424051105976105,0.003224309236247791,-188.69397439062595,33.76064241394768,,0.29561559557914735,
1624000,1197.0003752708435,-187.16997075080872,31.928496990971016,-0.002556742416811186,11.961920833587646,0.8354682147502899,0.0025134201898472375,-188.69397439062595,33.76064241394768,,0.2457354709506035,
1628000,1199.8532350063324,-194.87515020370483,33.08724964071632,-0.006400362243565461,10.801556587219238,0.8591688454151154,0.005164137149423676,-188.69397439062595,33.76064241394768,,0.29541865885257723,
1632000,1202.7145547866821,-189.48160183429718,36.602969895163056,-0.004931293406368553,9.535574913024902,0.8673691213130951,0.003647406160598621,-188.69397439062595,33.76064241394768,,0.28768331110477446,
1636000,1205.5250406265259,-184.13946104049683,31.282978844914442,-0.0033595319242061272,11.217254257202148,0.8276918590068817,0.004317300912225619,-188.69397439062595,33.76064241394768,,0.3367868572473526,
1640000,1208.3350279331207,-185.154425740242,36.14986369678041,-0.005345334819983694,7.652066278457641,0.8200645446777344,0.005138722388073802,-188.69397439062595,33.76064241394768,,0.34249437749385836,
1644000,1212.2140398025513,-199.13146889209747,32.06925693456425,-0.006347260662509768,8.632278347015381,0.8539448261260987,0.0055477320682257416,-190.16193912923336,31.460916652736366,,0.34202590882778167,
1648000,1214.9566624164581,-191.94395303726196,33.98233135777167,-0.0062753621718535605,10.532899093627929,0.8105261623859406,0.005466209776932374,-190.16193912923336,31.460916652736366,,0.31935533285140993,
1652000,1217.6229548454285,-187.25116956233978,34.6875760263159,-0.004885968439591437,8.728951215744019,0.8081730544567108,0.002581344472855562,-190.16193912923336,31.460916652736366,,0.274664032459259,
1656000,1220.2868638038635,-195.8978476524353,33.70293099969704,-0.006462032190679245,11.080682277679443,0.8517758965492248,0.0052551325295741354,-190.16193912923336,31.460916652736366,,0.331056672334671,
1660000,1222.958244562149,-184.67424082756042,28.88688237625734,-0.004555591132259007,13.057095909118653,0.8833840131759644,0.0037126953768432335,-190.16193912923336,31.460916652736366,,0.3076100140810013,
1664000,1225.6207675933838,-193.16648864746094,38.70565666232042,-0.0061979743793296295,11.675867652893066,0.8200534522533417,0.004594884612015448,-190.16193912923336,31.460916652736366,,0.2999538481235504,
1668000,1228.4397060871124,-184.79345548152924,34.060352311576914,-0.005058700975108188,10.977544593811036,0.804639708995819,0.0042508428334258495,-190.16193912923336,31.460916652736366,,0.22765892148017883,
1672000,1231.2067866325378,-195.3053960800171,25.49947767978544,-0.0045460391670931076,6.840439558029175,0.8334808647632599,0.005565049732103944,-190.16193912923336,31.460916652736366,,0.2624237358570099,
1676000,1233.882553577423,-191.28622174263,35.252067865565046,-0.0059110626767701294,7.759931230545044,0.8820432901382447,0.004777988186106086,-190.16193912923336,31.460916652736366,,0.2763359993696213,
1680000,1236.5593256950378,-185.4517947435379,29.50837276068982,-0.004148079331809029,6.511872482299805,0.8792821168899536,0.0030381427903193982,-190.16193912923336,31.460916652736366,,0.2610629051923752,
1684000,1240.2793774604797,-190.94303369522095,33.90624975970925,-0.007588658538181292,7.55061297416687,0.9172203242778778,0.004954555165022611,-191.9804025143385,35.362905057307515,,0.2660122960805893,
1688000,1242.9975001811981,-190.1842464208603,37.18163570659778,-0.004862811619183028,11.599502182006836,0.8879575192928314,0.004738664265101144,-191.9804025143385,35.362905057307515,,0.2220568597316742,
1692000,1245.8158316612244,-190.86953461170197,35.52515303531743,-0.0055565208205177186,7.212150239944458,0.879705286026001,0.003968047135354336,-191.9804025143385,35.362905057307515,,0.2937202662229538,
1696000,1248.6448566913605,-186.02494859695435,34.71072582262537,-0.005453196737682475,8.107495880126953,0.8420108914375305,0.0026463474809133914,-191.9804025143385,35.362905057307515,,0.22825219482183456,
1700000,1251.4685547351837,-191.21471500396729,31.376610197006062,-0.0054600877733901095,7.448912763595581,0.8182338297367096,0.0043923058049210265,-191.9804025143385,35.362905057307515,,0.23796073496341705,
1704000,1254.2994859218597,-193.13921296596527,35.676855725491514,-0.006655021334066901,7.403573083877563,0.8157634794712066,0.004257574452320156,-191.9804025143385,35.362905057307515,,0.26749315559864045,
1708000,1257.1307835578918,-192.68794226646423,36.16540270141104,-0.003916944962615787,10.300252532958984,0.7558863401412964,0.004171629782028808,-191.9804025143385,35.362905057307515,,0.2718518078327179,
1712000,1259.9672005176544,-186.6220222711563,29.88480880797128,-0.007060132125547769,5.972048711776734,0.762698620557785,0.002778439389405929,-191.9804025143385,35.362905057307515,,0.2733632385730743,
1716000,1262.8068470954895,-188.77773308753967,33.87587743620422,-0.004760274620610261,9.922707843780518,0.7685243844985962,0.0033103813999332487,-191.9804025143385,35.362905057307515,,0.29770312607288363,
1720000,1265.6345841884613,-188.27043080329895,35.30122580490873,-0.005796229590894697,18.850674152374268,0.8111132919788361,0.004725394253871249,-191.9804025143385,35.362905057307515,,0.25174298584461213,
1724000,1269.485587835312,-187.46057748794556,34.44921473724377,-0.006808339498393856,9.740558052062989,0.8444482147693634,0.0036473336575242434,-186.86583406478167,30.426155258300753,,0.23350054323673247,
1728000,1272.3137068748474,-188.245197057724,28.886248092896587,-0.005452661814478521,7.247850322723389,0.8251868426799774,0.002511099905202485,-186.86583406478167,30.426155258300753,,0.24853260964155197,
1732000,1275.0973391532898,-197.40600848197937,29.435879614599898,-0.007292535065983774,6.948650598526001,0.8211884737014771,0.0038642207693774465,-186.86583406478167,30.426155258300753,,0.30533753931522367,
1736000,1277.8994433879852,-190.47504031658173,32.36897342915185,-0.0049978885112018645,8.257780075073242,0.8592303395271301,0.004285032003497058,-186.86583406478167,30.426155258300753,,0.2718356281518936,
1740000,1280.7110369205475,-197.0839991569519,34.03474408823915,-0.005840696801276213,10.938531303405762,0.8756345450878144,0.00700916072819382,-186.86583406478167,30.426155258300753,,0.2778682172298431,
1744000,1283.50616812706,-190.91418254375458,33.14589063038877,-0.004878089986508715,8.87348713874817,0.8867954790592194,0.002571538009118135,-186.86583406478167,30.426155258300753,,0.24295840114355088,
1748000,1286.311243057251,-183.07367384433746,32.4203699036255,-0.005882972699279598,11.757284545898438,0.8745062232017518,0.005933127092042323,-186.86583406478167,30.426155258300753,,0.31073740124702454,
1752000,1289.1238429546356,-186.6980642080307,28.860680581896265,-0.007919130059269563,8.398301553726196,0.8440235197544098,0.007200387417494003,-186.86583406478167,30.426155258300753,,0.26961806416511536,
1756000,1291.9193966388702,-189.11237835884094,33.900281574837024,-0.005711909602085718,7.674437141418457,0.8313585638999939,0.00486580056603998,-186.86583406478167,30.426155258300753,,0.2845707893371582,
1760000,1294.710220336914,-187.15532386302948,33.14026279834066,-0.0039043403593822744,9.828672409057617,0.8794229447841644,0.004006287171427836,-186.86583406478167,30.426155258300753,,0.22972304075956346,
1764000,1298.588594198227,-188.80228233337402,35.160015983374535,-0.0050417492484363,12.15822238922119,0.8752504229545593,0.004689147170342056,-195.11978320777416,28.813402431363563,,0.2557397872209549,
1768000,1301.4186220169067,-184.95466136932373,36.15942321473908,-0.006253321808141976,11.22710371017456,0.8675936758518219,0.0025313704963773496,-195.11978320777416,28.813402431363563,,0.29088653326034547,
1772000,1304.2637326717377,-185.80850982666016,30.0859840611639,-0.008086823754788775,7.09436559677124,0.9012020528316498,0.006600295314565319,-195.11978320777416,28.813402431363563,,0.22610884457826613,
1776000,1307.093689441681,-191.50389409065247,32.469047795485345,-0.004953498389106414,9.547466373443603,0.8764223158359528,0.006426620623096823,-195.11978320777416,28.813402431363563,,0.28865102529525755,
1780000,1309.9224643707275,-184.3033640384674,36.284758840015414,-0.005873490304530904,10.443126678466797,0.8813076376914978,0.0060266389392005905,-195.11978320777416,28.813402431363563,,0.2438565894961357,
1784000,1312.7452535629272,-191.67465615272522,33.115270896597075,-0.007670546100164444,7.356905889511109,0.8803553640842438,0.005841878621140495,-195.11978320777416,28.813402431363563,,0.28719579577445986,
1788000,1315.567556142807,-190.11711525917053,41.70102216008163,-0.003995111530142381,16.774987316131593,0.8347034275531768,0.0020193413001834415,-195.11978320777416,28.813402431363563,,0.24231454879045486,
1792000,1318.3875696659088,-193.64393424987793,41.60652725238083,-0.005974740815504198,11.318022155761719,0.8751514792442322,0.003859363364676649,-195.11978320777416,28.813402431363563,,0.24051587134599686,
1796000,1321.2115304470062,-190.07436966896057,36.13203972999243,-0.007858404668979357,8.260265922546386,0.8865103960037232,0.008553673146525397,-195.11978320777416,28.813402431363563,,0.21311635226011277,
1800000,1324.0288379192352,-190.98026990890503,33.79961404306821,-0.006436712546584467,9.968066310882568,0.8909284770488739,0.0054675836683019344,-195.11978320777416,28.813402431363563,,0.23726011365652083,
1804000,1327.7658550739288,-186.0331288576126,33.48545736546126,-0.007315492149597614,7.862821102142334,0.8501699805259705,0.006174867833595887,-188.1216134801507,26.759564487319288,,0.23078798949718476,
1808000,1330.519838809967,-186.60364019870758,36.10986111499842,-0.004951346546178681,11.670746231079102,0.8423179864883423,0.0040350557246711105,-188.1216134801507,26.759564487319288,,0.2666796088218689,
1812000,1333.3704464435577,-182.6489349603653,30.699168809404377,-0.007478092059337982,7.735675811767578,0.8242084622383118,0.005945578499813564,-188.1216134801507,26.759564487319288,,0.2779516279697418,
1816000,1336.1054556369781,-188.70317161083221,35.949734004571155,-0.007280939376136786,9.897677993774414,0.8432082056999206,0.004621000645332973,-188.1216134801507,26.759564487319288,,0.2740043342113495,
1820000,1338.8964502811432,-180.55433130264282,31.149197325610448,-0.0071304064396148,7.617640590667724,0.8807206571102142,0.0047396257345099,-188.1216134801507,26.759564487319288,,0.24473376274108888,
1824000,1341.7479741573334,-196.1730523109436,37.247504726055354,-0.00521555413817989,12.194957733154297,0.8213758289813995,0.0035853741241929473,-188.1216134801507,26.759564487319288,,0.2944860696792603,
1828000,1344.5996448993683,-191.7510199546814,31.444335788364846,-0.005960720279409237,12.92904453277588,0.8498403191566467,0.004681131908728276,-188.1216134801507,26.759564487319288,,0.22738710939884185,
1832000,1347.4396107196808,-187.18830966949463,33.11864917396525,-0.0068656550568217956,9.282826805114746,0.7930990159511566,0.007331856561359018,-188.1216134801507,26.759564487319288,,0.2864616721868515,
1836000,1350.352297782898,-191.91638684272766,34.555662584254144,-0.006511045086352774,10.213417720794677,0.834318894147873,0.006483523640781641,-188.1216134801507,26.759564487319288,,0.3030217170715332,
1840000,1353.1882593631744,-190.40294790267944,34.52411051413477,-0.00534806179620011,9.966310024261475,0.8503231823444366,0.004346934593903518,-188.1216134801507,26.759564487319288,,0.2267874777317047,
1844000,1357.068383693695,-188.5751781463623,31.3205977775814,-0.00545914613051961,11.348693084716796,0.8710148572921753,0.005453254881935798,-191.7045312523842,30.762633863109723,,0.2381320059299469,
1848000,1359.8983821868896,-188.84786677360535,34.55217878946474,-0.005481234883734332,10.377720928192138,0.8679945528507232,0.0049120407752537565,-191.7045312523842,30.762633863109723,,0.2302361860871315,
1852000,1362.707671880722,-192.04305171966553,31.122355681171243,-0.007421954655864571,8.665788507461547,0.8804245710372924,0.004163532815213955,-191.7045312523842,30.762633863109723,,0.24423096477985382,
1856000,1365.5376737117767,-196.43774271011353,36.14919982889375,-0.005819761309151827,10.460257816314698,0.8951847374439239,0.0022669738180411516,-191.7045312523842,30.762633863109723,,0.1994763731956482,
1860000,1368.3682425022125,-184.06292700767517,28.126502466141527,-0.007617269199031007,8.797354555130005,0.8519877910614013,0.006205006039817817,-191.7045312523842,30.762633863109723,,0.27797566950321195,
1864000,1371.2018496990204,-187.63440608978271,27.562693874906156,-0.0054942949180646575,10.54834680557251,0.8673216760158539,0.005142751550457181,-191.7045312523842,30.762633863109723,,0.24108262360095978,
1868000,1374.0311522483826,-187.95977807044983,35.33282941270134,-0.008032522160404643,9.601898097991944,0.8423309922218323,0.005525201317504979,-191.7045312523842,30.762633863109723,,0.23895418643951416,
1872000,1376.8635294437408,-181.63071846961975,31.856858158758534,-0.0058699004570179625,11.967488384246826,0.8375106394290924,0.004637556633679196,-191.7045312523842,30.762633863109723,,0.26256311535835264,
1876000,1379.6987969875336,-192.05209589004517,36.13030168819699,-0.006026671026833341,10.265990734100342,0.8644111096858978,0.007590789560694233,-191.7045312523842,30.762633863109723,,0.24043203592300416,
1880000,1382.5257110595703,-189.11396741867065,30.834497696313772,-0.006671619026145592,8.458673906326293,0.8317031741142273,0.00754914665594697,-191.7045312523842,30.762633863109723,,0.27175875306129454,
1884000,1386.4178249835968,-196.73088097572327,30.455110342224184,-0.006292553035387094,13.795688819885253,0.8351120769977569,0.006057258762302809,-194.14701540023088,33.7750743739925,,0.26186108589172363,
1888000,1389.250390291214,-193.5791758298874,39.711460767958485,-0.007849324407055968,9.689762687683105,0.8399922132492066,0.009206310688712005,-194.14701540023088,33.7750743739925,,0.285187229514122,
1892000,1392.091402053833,-185.11936926841736,31.87269329292854,-0.005614930327050382,9.06360149383545,0.890867429971695,0.005233231388886139,-194.14701540023088,33.7750743739925,,0.24384301155805588,
1896000,1394.9142951965332,-184.8183352947235,29.972689956689965,-0.0053349183032599615,13.70544719696045,0.8948932349681854,0.00392764761345461,-194.14701540023088,33.7750743739925,,0.23095795065164565,
1900000,1397.74036693573,-196.17114806175232,40.66505762486552,-0.006090496509724019,10.63534631729126,0.9511737704277039,0.005316767015028745,-194.14701540023088,33.7750743739925,,0.1795358195900917,
1904000,1400.576679944992,-184.54980838298798,30.99098439373462,-0.005701876067478828,10.309453773498536,0.893196028470993,0.004517027879890545,-194.14701540023088,33.7750743739925,,0.1832625836133957,
1908000,1403.4026906490326,-191.55400013923645,32.910461499281254,-0.005675606645333353,10.946644401550293,0.8259510457515716,0.005892905168002472,-194.14701540023088,33.7750743739925,,0.21082545965909957,
1912000,1406.2303717136383,-189.12240278720856,36.180205086018425,-0.006282250685229318,10.765879344940185,0.8441194951534271,0.002160947193624452,-194.14701540023088,33.7750743739925,,0.18193527758121492,
1916000,1409.05859375,-182.67084538936615,34.281190666678484,-0.006274398301184814,7.929560232162475,0.8169637024402618,0.00390328707289882,-194.14701540023088,33.7750743739925,,0.17803797423839568,
1920000,1411.9030048847198,-195.74257266521454,36.4265526870555,-0.005096705903066478,9.271705102920532,0.8357208013534546,0.003839743553544395,-194.14701540023088,33.7750743739925,,0.19055837839841844,
1924000,1415.8278205394745,-190.35308384895325,35.6560051155146,-0.005021426192950429,10.311000728607178,0.9159396350383758,0.0031372460645798126,-190.223623752594,34.077875880854926,,0.18925026953220367,
1928000,1418.6837010383606,-191.014763712883,35.553460878416736,-0.004730316493117037,12.355291938781738,0.8203744709491729,0.004428886610548943,-190.223623752594,34.077875880854926,,0.20901261270046234,
1932000,1421.4824278354645,-193.20570600032806,36.80708451599781,-0.004781956683844335,10.787457942962646,0.8293876707553863,0.0022708094115757582,-190.223623752594,34.077875880854926,,0.1755082815885544,
1936000,1424.3013668060303,-183.56720411777496,30.99808155090375,-0.0071350158125472515,8.368832349777222,0.8295355141162872,0.008525164949242025,-190.223623752594,34.077875880854926,,0.21432621628046036,
1940000,1427.1531615257263,-195.9302728176117,38.900513667540004,-0.0037881434919933453,14.53348274230957,0.83709437251091,0.0022668206569505856,-190.223623752594,34.077875880854926,,0.21674921065568925,
1944000,1430.0211071968079,-194.37946438789368,35.82456050586693,-0.004808053054536465,15.99376049041748,0.8831105172634125,0.006839715479873121,-190.223623752594,34.077875880854926,,0.19866719245910644,
1948000,1432.8803119659424,-193.53345561027527,29.217900070422644,-0.007864862397468331,15.20441131591797,0.9002628922462463,0.005986723658861592,-190.223623752594,34.077875880854926,,0.21989604234695434,
1952000,1435.7064771652222,-186.498171210289,30.5890888759897,-0.005773241684306418,13.233222389221192,0.9181565761566162,0.00641379628260621,-190.223623752594,34.077875880854926,,0.21497265696525575,
1956000,1438.5189785957336,-189.85392045974731,34.09667035644973,-0.006111630252717682,12.22634515762329,0.9190569579601288,0.0028770468234142754,-190.223623752594,34.077875880854926,,0.20220250338315965,
1960000,1441.353805065155,-195.19679963588715,40.112466078041,-0.0063439088645391275,15.194057846069336,0.8667707085609436,0.005018472578376532,-190.223623752594,34.077875880854926,,0.2198029041290283,
1964000,1445.2323954105377,-192.09501791000366,35.6699861551724,-0.007957627917950382,9.597642803192139,0.9003008067607879,0.0050832806474840455,-189.7568163126707,33.95751401679824,,0.218045474588871,
1968000,1448.0533392429352,-191.45368790626526,35.783381982665105,-0.005860813386272668,13.463561725616454,0.8969843089580536,0.005250324920052662,-189.7568163126707,33.95751401679824,,0.20861273258924484,
1972000,1450.8930094242096,-193.25600457191467,35.00752481615417,-0.005941584302578207,13.360109901428222,0.9535202562808991,0.0029944625741336493,-189.7568163126707,33.95751401679824,,0.17720877528190612,
1976000,1453.7386982440948,-184.8442394733429,29.15843313933303,-0.005032525709675007,14.949397087097168,0.943981820344925,0.005453476280672475,-189.7568163126707,33.95751401679824,,0.21136048883199693,
1980000,1456.5084760189056,-190.4946596622467,37.26758448751293,-0.006513077802568023,12.61182098388672,0.9598845541477203,0.00621991859186286,-189.7568163126707,33.95751401679824,,0.1758943021297455,
1984000,1459.1741106510162,-188.417094707489,31.39763858642243,-0.005064079783585229,11.98875904083252,0.8537632465362549,0.003801864281219114,-189.7568163126707,33.95751401679824,,0.21581901460886002,
1988000,1461.9601123332977,-194.22462010383606,33.89320814577074,-0.007303814371892603,8.714563083648681,0.9184650897979736,0.006269832520047203,-189.7568163126707,33.95751401679824,,0.20278242081403733,
1992000,1464.8183653354645,-181.62073969841003,32.40748632749297,-0.005502710465419458,13.108834362030029,0.892681485414505,0.005261796517724448,-189.7568163126707,33.95751401679824,,0.2062341555953026,
1996000,1467.655844449997,-186.89154362678528,30.789131336361002,-0.004705363643976579,11.194306659698487,0.8737472832202912,0.00661585986008868,-189.7568163126707,33.95751401679824,,0.21878881007432938,
2000000,1470.4864778518677,-193.9199253320694,35.10920334724637,-0.00708586876094337,10.272951126098633,0.8856339693069458,0.004788532987780236,-189.7568163126707,33.95751401679824,,0.2523013710975647,
