global_step,wall_time_s,ep_return_mean,ep_return_std,policy_loss,value_loss,entropy,approx_kl,eval_return_mean,eval_return_std,mean_k,attn_entropy,lagrange_lambda
4000,3.4569616317749023,-231.15177297592163,39.49296637235377,-0.0005777992241490892,201.02903594970704,1.601382052898407,2.8150688740424813e-05,,,4.0,1.3597736001014709,
8000,6.399643182754517,-237.9989960193634,44.21066419955997,-0.0008940042191631469,217.38636779785156,1.6005843997001648,2.3564952425658702e-05,,,4.0,1.360460603237152,
12000,9.267703771591187,-229.12966990470886,36.029961306906124,-0.0014669014904065136,177.41118927001952,1.5945725679397582,0.0,,,4.0,1.3673170566558839,
16000,12.137583017349243,-228.56185293197632,49.30098887380533,-0.0006791459314506199,135.41883850097656,1.5841638088226317,0.0,,,4.0,1.3593206763267518,
20000,15.100376844406128,-220.05952668190002,29.662525397148126,-0.00029643985740150923,87.29242553710938,1.5861547112464904,0.00015674062524340115,,,4.0,1.3689680099487305,
24000,18.082322597503662,-221.05635738372803,42.44138952912042,-0.0008111324488211836,82.43093719482422,1.5776226758956908,2.877324394648939e-05,,,4.0,1.361342716217041,
28000,20.8629949092865,-205.75188946723938,35.66864031779823,-0.0018395202378354903,70.37904624938965,1.5611583828926086,0.0008426601596511318,,,4.0,1.3676072359085083,
32000,23.575312852859497,-234.64529728889465,42.77110167071595,-0.0008293379414633151,90.12995681762695,1.5409959316253663,5.028326359024504e-06,,,4.0,1.3624221444129945,
36000,26.317198991775513,-218.10550451278687,42.503635584177616,-0.0007445085624567582,75.84862442016602,1.5502678871154785,0.0003444822410529014,,,4.0,1.3594486594200135,
40000,29.198903560638428,-233.93752717971802,38.331559432613524,-0.000745948597813062,61.85666389465332,1.5415187001228332,0.000287287318133167,,,4.0,1.3407593011856078,
44000,33.31008505821228,-231.54222440719604,42.14516392172386,-0.0010136367542824321,58.26290626525879,1.5317522406578064,0.0006202642821105497,-369.94717828184366,131.10546642672494,4.0,1.3468268394470215,
48000,36.21642255783081,-249.29120326042175,47.029307891777535,-0.00021495386442254015,54.374267959594725,1.5208542704582215,1.4744352583273556e-05,-369.94717828184366,131.10546642672494,4.0,1.328169083595276,
52000,39.09922981262207,-228.39085507392883,41.73456765247531,-0.0014473561830527614,45.52088890075684,1.50870441198349,0.00028465553529046785,-369.94717828184366,131.10546642672494,4.0,1.3177661061286927,
56000,41.972532987594604,-250.02594423294067,47.235855347781104,-0.0005743641005560463,52.94460906982422,1.4674418926239015,0.00010571003486499197,-369.94717828184366,131.10546642672494,4.0,1.3214247941970825,
60000,44.85628938674927,-253.45476841926575,49.92631948618737,-0.002294837720575771,46.02137451171875,1.426524317264557,0.00018424548008867252,-369.94717828184366,131.10546642672494,4.0,1.299099373817444,
64000,47.73744463920593,-249.9096086025238,49.13864020379578,-0.0004153981352089109,51.495717239379886,1.4229875206947327,0.0023323340341448785,-369.94717828184366,131.10546642672494,4.0,1.2712515711784362,
68000,50.6189603805542,-253.71782207489014,58.38907372353305,-0.0008359636973667373,68.95009880065918,1.4420278191566467,0.0002587301560197375,-369.94717828184366,131.10546642672494,4.0,1.3009097814559936,
72000,53.50616121292114,-249.03455328941345,35.50051330052079,-0.0026252552750714473,39.24468650817871,1.4740562200546266,0.0006218755441465579,-369.94717828184366,131.10546642672494,4.0,1.3029318451881409,
76000,56.390939712524414,-244.1003429889679,56.598812028548224,-0.000832344505926208,43.81281280517578,1.41506484746933,0.0008394289689022116,-369.94717828184366,131.10546642672494,4.0,1.2912994623184204,
80000,59.272356033325195,-237.90696930885315,53.14704878271995,-9.89328646586074e-05,45.43413314819336,1.4436418771743775,0.0009460539396968671,-369.94717828184366,131.10546642672494,4.0,1.294388997554779,
84000,63.31618857383728,-238.93217396736145,47.68454967910868,-0.0020509454668111273,38.20339794158936,1.4448890209197998,0.0005905807109229499,-347.4186362475157,118.87952000815493,4.0,1.294589376449585,
88000,66.20140266418457,-233.38758897781372,48.35349963445328,-0.0010747787806709929,50.75728797912598,1.4692366003990174,0.0008334546865856607,-347.4186362475157,118.87952000815493,4.0,1.3322973251342773,
92000,69.07347059249878,-233.60666155815125,41.98771718668795,-0.0018860292889876008,39.04276809692383,1.4724704384803773,0.0012415587472787593,-347.4186362475157,118.87952000815493,4.0,1.3050846815109254,
96000,71.9425835609436,-220.80983185768127,35.206490152125454,-0.0018651665208938794,44.82543106079102,1.503273856639862,0.0009592053763299191,-347.4186362475157,118.87952000815493,4.0,1.3223270058631897,
100000,74.80841445922852,-242.42822003364563,44.088152189609666,-0.002119037589097106,45.77867202758789,1.489350140094757,0.0012406045769797203,-347.4186362475157,118.87952000815493,4.0,1.30867178440094,
104000,77.69505286216736,-230.16694593429565,50.712968037166576,-0.0011313707945031838,44.63862533569336,1.4566245555877686,0.0005484166373547316,-347.4186362475157,118.87952000815493,4.0,1.311889410018921,
108000,80.57275319099426,-229.7151288986206,40.698255170743344,-0.0018228892826396502,41.20595912933349,1.4645084381103515,0.0009686144604881264,-347.4186362475157,118.87952000815493,4.0,1.3437581181526184,
112000,83.43680810928345,-225.12736868858337,33.721370806525776,-0.0018890852039913143,32.20183143615723,1.4533424377441406,0.001652045860828366,-347.4186362475157,118.87952000815493,4.0,1.3579914331436158,
116000,86.27433967590332,-226.50006484985352,38.951204311550136,-0.002195952736336082,38.265389633178714,1.4525660872459412,0.0007139101449865848,-347.4186362475157,118.87952000815493,4.0,1.348505449295044,
120000,89.15825510025024,-234.7313711643219,51.57728604139337,-0.0013287710577909006,46.510931396484374,1.4376468062400818,0.0015129306390008423,-347.4186362475157,118.87952000815493,4.0,1.3095080137252808,
124000,93.22026348114014,-237.33067202568054,49.01574058436627,-0.0016397857204416334,32.26035842895508,1.39642333984375,0.0007788397513795675,-289.1927639245987,81.21253004241707,4.0,1.2971598744392394,
128000,96.13940215110779,-243.8324327468872,49.79265180172394,-0.0016658464358963343,38.17271690368652,1.349220383167267,0.001932602349552326,-289.1927639245987,81.21253004241707,4.0,1.2962617516517638,
132000,99.00489139556885,-254.62663888931274,56.50037736604459,-0.0016695088796162328,31.02245502471924,1.3009108901023865,0.0030283264655736274,-289.1927639245987,81.21253004241707,4.0,1.229407298564911,
136000,101.88070440292358,-243.56520545482635,44.578913483843614,-0.0018919842895120276,34.019302940368654,1.3153363704681396,0.0013251592516899224,-289.1927639245987,81.21253004241707,4.0,1.2576647996902466,
140000,104.78980922698975,-242.76313996315002,47.28387642959907,-0.00226071830031902,31.3577823638916,1.3002537369728089,0.0008531112660421058,-289.1927639245987,81.21253004241707,4.0,1.2403220176696776,
144000,107.67477345466614,-243.92329597473145,52.950723330073004,-0.0021695328777617375,38.75852794647217,1.3031041622161865,0.0018926878741088644,-289.1927639245987,81.21253004241707,4.0,1.264662230014801,
148000,110.55026483535767,-226.40671133995056,42.62782174798454,-0.0018098557284101703,38.65915031433106,1.3321092009544373,0.001439414641026815,-289.1927639245987,81.21253004241707,4.0,1.3069732427597045,
152000,113.41794443130493,-229.40765595436096,44.984924916545566,-0.0029108564935547143,35.001665115356445,1.3687451243400575,0.0028789288044596796,-289.1927639245987,81.21253004241707,4.0,1.3258126258850098,
156000,116.30237555503845,-227.90985822677612,47.414723018544116,-0.0012551640773306616,40.99649658203125,1.357096779346466,0.0006678263554689146,-289.1927639245987,81.21253004241707,4.0,1.2984044909477235,
160000,119.16579580307007,-246.18694972991943,49.57378906365107,-0.0020467186239159995,42.449065399169925,1.3052292108535766,0.0035087415017187595,-289.1927639245987,81.21253004241707,4.0,1.3127751111984254,
164000,123.1876208782196,-218.39508175849915,41.789688385507844,-0.002756772923089246,29.752664184570314,1.317986214160919,0.0027305408839310985,-258.344306781888,51.157022731869006,4.0,1.3129660487174988,
168000,126.01011395454407,-219.63609170913696,40.72976164552108,-0.0018454468592147498,36.77581787109375,1.3562695741653443,0.003055739068076946,-258.344306781888,51.157022731869006,4.0,1.3109185457229615,
172000,128.6956069469452,-229.8002073764801,48.65374095139735,-0.0027475548414513497,41.69712028503418,1.3986390471458434,0.0005470604955917224,-258.344306781888,51.157022731869006,4.0,1.314464271068573,
176000,131.37874054908752,-231.81836342811584,41.76510923985291,-0.0033438305767097276,25.820001220703126,1.3551846742630005,0.0033938810303031143,-258.344306781888,51.157022731869006,4.0,1.2691525220870972,
180000,134.20807075500488,-238.80370116233826,57.23193934076888,-0.0020928872356890337,43.270539093017575,1.3959993243217468,0.0023588128392584727,-258.344306781888,51.157022731869006,4.0,1.2583142280578614,
184000,137.08704161643982,-235.0676040649414,44.03718479316258,-0.002313042438589008,43.849110794067386,1.2897420048713684,0.004963197104283612,-258.344306781888,51.157022731869006,4.0,1.2328351378440856,
188000,139.95332384109497,-237.182537317276,46.51511215666981,-0.0029471119860343007,29.394933700561523,1.3140949964523316,0.0022841550538432844,-258.344306781888,51.157022731869006,4.0,1.229954981803894,
192000,142.82470107078552,-238.00216817855835,47.7613346572329,-0.0019969375967194836,28.908170890808105,1.3278963088989257,0.0008398693333219853,-258.344306781888,51.157022731869006,4.0,1.2468965649604797,
196000,145.72206330299377,-233.12841892242432,41.54317613571108,-0.0017258424212923452,25.500377082824706,1.2592354774475099,0.0021814646519487725,-258.344306781888,51.157022731869006,4.0,1.20527126789093,
200000,148.6040859222412,-227.49031281471252,48.77156552134127,-0.0020423393014837644,32.5903284072876,1.346965479850769,0.0009125800366746262,-258.344306781888,51.157022731869006,4.0,1.2449901103973389,
204000,152.64901280403137,-228.7439136505127,46.987004346893606,-0.0008560849641847668,34.13794860839844,1.246472465991974,0.0005598352969003239,-258.90451107919216,39.49778529493729,4.0,1.2152246594429017,
208000,155.5632917881012,-233.69121742248535,45.30748376669503,-0.002633971101449184,33.22065181732178,1.2846876382827759,0.0023731773573672397,-258.90451107919216,39.49778529493729,4.0,1.2402612447738648,
212000,158.45133876800537,-235.42300176620483,43.830402901348194,-0.002509761707546865,27.60815296173096,1.2551358222961426,0.0028573413208747957,-258.90451107919216,39.49778529493729,4.0,1.2687501072883607,
216000,161.3124680519104,-222.31166219711304,35.88877815570193,-0.0020225433632536038,26.841254234313965,1.2920367121696472,0.004278608402819373,-258.90451107919216,39.49778529493729,4.0,1.294316864013672,
220000,164.19068503379822,-232.0080817937851,55.79232323857441,-0.002428266335453344,33.77456684112549,1.2667527318000793,0.0006634340553040019,-258.90451107919216,39.49778529493729,4.0,1.2768041491508484,
224000,167.07283329963684,-227.19726371765137,50.351087672652994,-0.002452143638171633,27.646795082092286,1.2386896133422851,0.0013780006964225322,-258.90451107919216,39.49778529493729,4.0,1.2292177319526671,
228000,169.95634579658508,-220.1538701057434,38.56851863930439,-0.0029017603155709892,23.63992919921875,1.3396239280700684,0.0028568088891915977,-258.90451107919216,39.49778529493729,4.0,1.2509098410606385,
232000,172.82738947868347,-225.14416980743408,37.889277769928704,-0.0030364936712042657,25.637161445617675,1.2412798762321473,0.001969437282726494,-258.90451107919216,39.49778529493729,4.0,1.25715970993042,
236000,175.70879864692688,-227.62085914611816,37.13429728368904,-0.003302679984287038,19.939167785644532,1.2395994782447814,0.0068861209612805395,-258.90451107919216,39.49778529493729,4.0,1.2032387256622314,
240000,178.59649419784546,-229.75516724586487,47.26552945362701,-0.001710533104909695,16.579537773132323,1.1997225165367127,0.0026080751310607166,-258.90451107919216,39.49778529493729,4.0,1.1913933277130127,
244000,182.61362600326538,-229.63153910636902,41.33008743331664,-0.002088982388707006,22.234072494506837,1.1796248316764832,0.004852265352616092,-262.09166322648525,44.18285258921602,4.0,1.2329822063446045,
248000,185.52297735214233,-232.97956156730652,36.671435730195014,-0.0028521094051733088,18.64271640777588,1.2013337016105652,0.0024269378020350453,-262.09166322648525,44.18285258921602,4.0,1.2732440948486328,
252000,188.41281008720398,-232.23137164115906,51.65979690153292,-0.0027983412263566263,33.878012084960936,1.240849530696869,0.002948769175981103,-262.09166322648525,44.18285258921602,4.0,1.225242817401886,
256000,191.28465700149536,-220.7688205242157,40.65509002646093,-0.0032695420721623237,20.098355770111084,1.2486960291862488,0.0033410365875655157,-262.09166322648525,44.18285258921602,4.0,1.2336611032485962,
260000,194.15765738487244,-231.2374165058136,53.669695968221575,-0.001834709985598848,25.315874671936037,1.182479202747345,0.00011514497309690341,-262.09166322648525,44.18285258921602,4.0,1.1596050262451172,
264000,197.0276744365692,-229.63140749931335,44.87187975172331,-0.002708947570237896,21.421518325805664,1.2391302227973937,0.0038109927109520212,-262.09166322648525,44.18285258921602,4.0,1.2244699120521545,
268000,199.86202883720398,-229.20045506954193,52.986080176509226,-0.003199472463864339,25.233110618591308,1.2552255153656007,0.001473859406542033,-262.09166322648525,44.18285258921602,4.0,1.2398555636405946,
272000,202.72177577018738,-228.18441820144653,46.69518257361493,-0.0027292839508348266,21.25772762298584,1.1611860752105714,0.0028003679268294944,-262.09166322648525,44.18285258921602,4.0,1.1896541833877563,
276000,205.57745122909546,-226.3329963684082,43.53324657904141,-0.00323440102278254,17.69680337905884,1.1915601730346679,0.004596450462122448,-262.09166322648525,44.18285258921602,4.0,1.206993281841278,
280000,208.43895149230957,-220.98610925674438,40.48499426467727,-0.0030295634428427255,17.466932487487792,1.2036072731018066,0.006932902440894395,-262.09166322648525,44.18285258921602,4.0,1.2415536403656007,
284000,212.4284703731537,-211.25394010543823,40.66558343544893,-0.0038628595835470845,19.76475782394409,1.1432562708854674,0.003761818405473605,-232.24681541323662,54.29198904074062,4.0,1.2088549137115479,
288000,215.30292129516602,-226.33864974975586,38.12473167864811,-0.004743641488021222,13.561315059661865,1.097285544872284,0.006099474208895117,-232.24681541323662,54.29198904074062,4.0,1.153465747833252,
292000,218.1740324497223,-222.2160882949829,37.913401277571026,-0.0018432275872522386,21.764221572875975,1.1574811697006226,0.00405083573423326,-232.24681541323662,54.29198904074062,4.0,1.1801563858985902,
296000,221.04209351539612,-223.74844980239868,41.53029812960901,-0.0030498660597174875,21.89764060974121,1.0337360858917237,0.010538579005127158,-232.24681541323662,54.29198904074062,4.0,1.128949022293091,
300000,223.92757081985474,-214.8240659236908,34.20341761781056,-0.003260278645747583,16.09008722305298,1.0917877793312072,0.005689289083238691,-232.24681541323662,54.29198904074062,4.0,1.1462111353874207,
304000,226.82855939865112,-216.47156620025635,35.819977826460054,-0.0035378241198292582,16.309649848937987,0.970582914352417,0.007209785820140202,-232.24681541323662,54.29198904074062,4.0,1.114205288887024,
308000,229.74851274490356,-217.49178266525269,36.44756039615553,-0.002400485140271513,11.261069107055665,1.0830305576324464,0.0022047316868556654,-232.24681541323662,54.29198904074062,4.0,1.125659716129303,
312000,232.6449797153473,-219.35647988319397,42.775476210934684,-0.004478173991510026,19.25459203720093,1.0478982090950013,0.005961761640423613,-232.24681541323662,54.29198904074062,4.0,1.1022577047348023,
316000,235.54126906394958,-214.68242597579956,37.52826070679748,-0.0035734637639640355,16.036614990234376,1.1182808518409728,0.005008522779137525,-232.24681541323662,54.29198904074062,4.0,1.1152600288391112,
320000,238.40399765968323,-217.50973510742188,33.43365295423769,-0.004129104743245992,11.793410587310792,1.0596875548362732,0.004311239467312894,-232.24681541323662,54.29198904074062,4.0,1.1108378767967224,
324000,242.43873262405396,-209.41568231582642,35.019871168114065,-0.0032808418410519733,14.401786136627198,1.0156080842018127,0.0041618321433973815,-213.61719869822264,37.42957929969919,4.0,1.100983166694641,
328000,245.30334305763245,-204.34907245635986,28.789813546482875,-0.0035127479367268676,17.168585300445557,0.9822097182273865,0.0022298647838567163,-213.61719869822264,37.42957929969919,4.0,1.1008719444274901,
332000,248.17024064064026,-209.27295637130737,36.893560966484394,-0.0020155947239836715,15.73449420928955,1.004766821861267,0.004733501464904599,-213.61719869822264,37.42957929969919,4.0,1.1301735520362854,
336000,251.0334916114807,-217.79501628875732,41.85803114085408,-0.0013885543362218034,15.955390167236327,0.9397453963756561,0.0031512064123720316,-213.61719869822264,37.42957929969919,4.0,1.1387301921844482,
340000,253.91692781448364,-215.3171410560608,36.20787679403889,-0.004760794107802191,14.86779499053955,0.9269783616065979,0.005765633378177881,-213.61719869822264,37.42957929969919,4.0,1.15179545879364,
344000,256.74691581726074,-220.8350007534027,38.48976773972371,-0.003525208332304253,18.864571952819823,0.9224500715732574,0.0061559794296044855,-213.61719869822264,37.42957929969919,4.0,1.1520952701568603,
348000,259.5959663391113,-219.423659324646,45.254769882961675,-0.0020655828367841522,17.526416969299316,0.9432775557041169,0.0038111215602839366,-213.61719869822264,37.42957929969919,4.0,1.160437250137329,
352000,262.4975788593292,-208.11791443824768,34.435830541961145,-0.0029409407363467643,9.14137897491455,0.9374084055423737,0.005584415222983807,-213.61719869822264,37.42957929969919,4.0,1.1841315507888794,
356000,265.3866226673126,-210.71762704849243,31.470555829193447,-0.0049851926185704885,9.036644554138183,0.922842276096344,0.009072224353440106,-213.61719869822264,37.42957929969919,4.0,1.1768111705780029,
360000,268.27272510528564,-209.8767111301422,37.692004396676296,-0.0038470769772150247,12.678966808319093,0.9183328449726105,0.003642039037481787,-213.61719869822264,37.42957929969919,4.0,1.1879124522209168,
364000,272.36574029922485,-204.6774446964264,36.034758360909834,-0.004852198829874399,11.984718608856202,0.9474659323692322,0.006987026730241874,-222.5738356411457,43.88913733908687,4.0,1.1666496992111206,
368000,275.20804357528687,-220.51898670196533,38.381374869917764,-0.004496262259005279,14.8162015914917,0.989080685377121,0.003987091826274991,-222.5738356411457,43.88913733908687,4.0,1.1729794502258302,
372000,278.0886216163635,-204.68590307235718,36.9682844590901,-0.003487300152162831,17.30580186843872,1.0222134590148926,0.0018137137942831004,-222.5738356411457,43.88913733908687,4.0,1.1963257670402527,
376000,280.9795546531677,-224.760924577713,37.03513434149128,-0.0036630874215237254,19.51027383804321,0.9836704313755036,0.004327258093127373,-222.5738356411457,43.88913733908687,4.0,1.145226538181305,
380000,283.85776352882385,-222.23656249046326,39.74326741813553,-0.0018584403955415496,24.218674087524413,0.9662637531757354,0.003812817030120641,-222.5738356411457,43.88913733908687,4.0,1.08945152759552,
384000,286.74569177627563,-215.46192026138306,34.81825679550293,-0.003593732556289364,19.758372402191164,1.0084591627120971,0.004667837927661234,-222.5738356411457,43.88913733908687,4.0,1.1547892093658447,
388000,289.64386224746704,-204.86760807037354,31.967664601636617,-0.0017921244177850682,14.773395919799805,1.0187512755393981,0.00854598757562539,-222.5738356411457,43.88913733908687,4.0,1.1515926718711853,
392000,292.5260660648346,-210.88774824142456,39.26768036176526,-0.004093644998977353,18.278638076782226,1.0094781339168548,0.005142902708030306,-222.5738356411457,43.88913733908687,4.0,1.2008923292160034,
396000,295.3989791870117,-206.827299118042,29.378734641956093,-0.005875626990882043,14.038631439208984,0.9823332309722901,0.007638835022225976,-222.5738356411457,43.88913733908687,4.0,1.1536595225334167,
400000,298.27198362350464,-212.13303327560425,28.638426937720208,-0.0033533626843903486,13.403770542144775,0.9815110325813293,0.005232448129759482,-222.5738356411457,43.88913733908687,4.0,1.1713730454444886,
404000,302.2796776294708,-212.67907810211182,31.287206234619756,-0.0017307809010768337,11.021795177459717,0.9831592500209808,0.008642748225247488,-224.71558046340942,39.58666650349482,4.0,1.1521473169326781,
408000,305.1688838005066,-210.42807745933533,34.717128754567696,-0.0043780233124852685,12.215181732177735,0.9093547463417053,0.004969059040925173,-224.71558046340942,39.58666650349482,4.0,1.134009802341461,
412000,308.0261766910553,-213.53613305091858,30.897581745019583,-0.002981785749075527,13.337629127502442,0.9619723618030548,0.006320558558218181,-224.71558046340942,39.58666650349482,4.0,1.1569166302680969,
416000,310.9092376232147,-225.9026062488556,36.75121136818705,-0.0041834934460881715,17.198116302490234,0.9211664080619812,0.004459857420142122,-224.71558046340942,39.58666650349482,4.0,1.121504509449005,
420000,313.7971351146698,-211.97285389900208,41.00469088017689,-0.002872024074584978,19.344521141052248,0.9691478073596954,0.0031930658034980295,-224.71558046340942,39.58666650349482,4.0,1.1404597401618957,
424000,316.65480971336365,-209.63396048545837,38.01844508189981,-0.0035530405857959304,12.194125843048095,0.9311133980751037,0.005513897739515718,-224.71558046340942,39.58666650349482,4.0,1.1604874849319458,
428000,319.5365951061249,-229.82396459579468,40.69889063566719,-0.003849126847228046,14.978114604949951,0.9185911655426026,0.0030191068100975825,-224.71558046340942,39.58666650349482,4.0,1.1303162693977356,
432000,322.40925192832947,-224.43537044525146,41.65044022208779,-0.0046738632580964005,11.888576030731201,0.9003742158412933,0.005429897662543226,-224.71558046340942,39.58666650349482,4.0,1.1206141471862794,
436000,325.2610054016113,-213.61495518684387,30.301165112698623,-0.005418930614289508,9.63368878364563,0.8652242839336395,0.0034030063194222747,-224.71558046340942,39.58666650349482,4.0,1.1229305863380432,
440000,328.12556982040405,-210.76545417308807,39.451740188457116,-0.0033620263336537003,13.070234394073486,0.9156979203224183,0.004341722795351721,-224.71558046340942,39.58666650349482,4.0,1.1208323001861573,
444000,332.14295291900635,-205.26622986793518,34.823883363955105,-0.0038740616897896983,13.783705902099609,0.8669309437274932,0.006090279063209891,-214.56794071942568,38.39637381701895,4.0,1.1603354454040526,
448000,334.96428298950195,-210.3460967540741,32.068214786073725,-0.003169742426562161,12.854858589172363,0.8525335907936096,0.006160792752052657,-214.56794071942568,38.39637381701895,4.0,1.1358858942985535,
452000,337.8499035835266,-205.56386160850525,28.45311888032342,-0.0021715010471913486,10.117139911651611,0.876984041929245,0.007179043373713892,-214.56794071942568,38.39637381701895,4.0,1.1322628498077392,
456000,340.7153341770172,-214.08116841316223,34.780752891704815,-0.0029203837737441065,15.261542129516602,0.8764968395233155,0.0037471597989424455,-214.56794071942568,38.39637381701895,4.0,1.1760441780090332,
460000,343.590852022171,-208.73337733745575,34.7879684318466,-0.0037657802089427926,12.968553733825683,0.8724974930286408,0.00882605606627962,-214.56794071942568,38.39637381701895,4.0,1.158404779434204,
464000,346.4844012260437,-204.50897312164307,32.30611674921101,-0.00403284353758977,10.287431573867797,0.8337448894977569,0.004029174812603742,-214.56794071942568,38.39637381701895,4.0,1.1314626336097717,
468000,349.3392286300659,-214.2035460472107,31.292265219534343,-0.004044147627796768,9.180340242385864,0.7937976539134979,0.005022981696606932,-214.56794071942568,38.39637381701895,4.0,1.0534248352050781,
472000,352.2647850513458,-208.36888670921326,33.26984108911974,-0.003419184281839982,13.005072975158692,0.8510676622390747,0.002516370064811779,-214.56794071942568,38.39637381701895,4.0,1.0948606133460999,
476000,355.17276549339294,-215.40775418281555,36.56645338785209,-0.00345710871554914,12.90231466293335,0.8098908483982086,0.004057882598368451,-214.56794071942568,38.39637381701895,4.0,1.0862603187561035,
480000,358.0515401363373,-201.602468252182,33.71713850038171,-0.0046202106112614326,9.40367112159729,0.7767416954040527,0.005324623861815781,-214.56794071942568,38.39637381701895,4.0,1.0590738892555236,
484000,362.0900242328644,-208.61685729026794,34.99338721063735,-0.003575666607512673,10.679963874816895,0.8206803202629089,0.006591228244360536,-217.21075175702572,34.03434266914912,4.0,1.0515722751617431,
488000,364.96174120903015,-205.38171577453613,38.30615824977766,-0.00453433837598034,14.392709445953368,0.7990646123886108,0.0038629015325568616,-217.21075175702572,34.03434266914912,4.0,1.070103895664215,
492000,367.817476272583,-207.5444574356079,33.62592369476752,-0.0019698085363488715,14.384438419342041,0.8143884599208832,0.0059754050606085855,-217.21075175702572,34.03434266914912,4.0,1.0658994436264038,
496000,370.6706154346466,-212.0125823020935,34.801205971599835,-0.005726450756192225,12.318436431884766,0.8577259659767151,0.004491076974062413,-217.21075175702572,34.03434266914912,4.0,1.0284753441810608,
500000,373.548996925354,-206.14945912361145,28.499134347005114,-0.0034172590368737763,11.553791046142578,0.8105049133300781,0.0038853418780490758,-217.21075175702572,34.03434266914912,4.0,1.0294129014015199,
504000,376.3948438167572,-214.98751878738403,32.88249663692531,-0.003311644800492353,15.54987621307373,0.8474831581115723,0.002631914694657711,-217.21075175702572,34.03434266914912,4.0,0.9821573436260224,
508000,379.2774429321289,-204.2611973285675,30.58078845988843,-0.002317097072218033,8.848148584365845,0.8267545938491822,0.005624821910692845,-217.21075175702572,34.03434266914912,4.0,0.9981977999210357,
512000,382.15922951698303,-201.17775797843933,32.740630562120245,-0.004901407052685158,9.772459936141967,0.779706072807312,0.004434129966830369,-217.21075175702572,34.03434266914912,4.0,1.0009588658809663,
516000,385.050128698349,-219.5051519870758,37.79161713429228,-0.004329340782792635,19.659182167053224,0.8306018352508545,0.00479058976052329,-217.21075175702572,34.03434266914912,4.0,0.9755285859107972,
520000,387.939870595932,-212.67761516571045,39.375989827780415,-0.003235722341031455,22.955482292175294,0.9072145700454712,0.0029103608638009425,-217.21075175702572,34.03434266914912,4.0,0.9813187301158905,
524000,391.83064675331116,-215.38851761817932,39.087693132349884,-0.004690941037177243,10.191054010391236,0.7809417605400085,0.003954311157188695,-217.31915263831615,33.73284620924679,4.0,0.9454390406608582,
528000,394.5843255519867,-211.75647711753845,33.79380792050467,-0.005353045418315272,12.326604080200195,0.8310058355331421,0.002189785399241373,-217.31915263831615,33.73284620924679,4.0,0.9320464611053467,
532000,397.4488422870636,-201.361243724823,32.60606728560668,-0.0021012952031257194,12.579490184783936,0.8280484974384308,0.002918500876364627,-217.31915263831615,33.73284620924679,4.0,0.9752347111701966,
536000,400.31941056251526,-212.1676149368286,37.99175705322333,-0.0044913443877982575,10.461949920654297,0.8664765119552612,0.00671035967922462,-217.31915263831615,33.73284620924679,4.0,0.9565280139446258,
540000,403.2033143043518,-205.63800168037415,30.358026067527494,-0.004759385279224482,14.659678268432618,0.8902954220771789,0.004406720958650112,-217.31915263831615,33.73284620924679,4.0,0.9689718365669251,
544000,406.0902190208435,-203.75054550170898,39.14665280087481,-0.003759134135558284,11.126951313018798,0.8727073848247529,0.003669994401473886,-217.31915263831615,33.73284620924679,4.0,1.038827610015869,
548000,409.0004267692566,-207.77667903900146,30.64013456671042,-0.004007569022399071,12.488386344909667,0.815089476108551,0.0036773552137892686,-217.31915263831615,33.73284620924679,4.0,0.9795829236507416,
552000,411.8790514469147,-214.96044731140137,35.19519956657436,-0.004279707345102602,15.906473541259766,0.8633613526821137,0.0030978137578931532,-217.31915263831615,33.73284620924679,4.0,0.9940093994140625,
556000,414.7374849319458,-208.11849570274353,34.524772548349034,-0.004986322509008545,18.252606010437013,0.8679736673831939,0.0022173482272773992,-217.31915263831615,33.73284620924679,4.0,0.9673238575458527,
560000,417.58711338043213,-205.96697521209717,34.42570431629847,-0.003801183699863042,12.576814651489258,0.861938065290451,0.0022947358796955087,-217.31915263831615,33.73284620924679,4.0,0.9594745993614197,
564000,421.59840202331543,-214.38878512382507,31.741911351918347,-0.0047680108356289,13.302796936035156,0.9049078345298767,0.007722376086904381,-214.56710149347782,37.79516550549063,4.0,0.9303916752338409,
568000,424.42797923088074,-212.24145221710205,31.893937767529707,-0.0036365211812080744,13.64337091445923,0.8902024924755096,0.005376984737813473,-214.56710149347782,37.79516550549063,4.0,0.9654225766658783,
572000,427.2933611869812,-208.2489242553711,41.98103403606591,-0.002453108736391485,18.851226711273192,0.8598335087299347,0.002690357094475382,-214.56710149347782,37.79516550549063,4.0,0.9399429082870483,
576000,430.1726565361023,-221.22909283638,43.70348662685384,-0.0030126582696878624,22.92578411102295,0.8415960550308228,0.005434635881101713,-214.56710149347782,37.79516550549063,4.0,0.8915646791458129,
580000,433.04271268844604,-215.2384865283966,33.56753409472666,-0.0037571873228298357,13.333351612091064,0.817592442035675,0.00413183772470802,-214.56710149347782,37.79516550549063,4.0,0.8816170156002044,
584000,435.9298360347748,-216.95693850517273,37.1972891163544,-0.0035172481279975632,15.19290533065796,0.798811274766922,0.007787965402162334,-214.56710149347782,37.79516550549063,4.0,0.9029314637184143,
588000,438.830983877182,-215.69885873794556,43.452835762758994,-0.002183037605369442,14.682151412963867,0.8360882520675659,0.003968286523905895,-214.56710149347782,37.79516550549063,4.0,0.9343380272388458,
592000,441.7225594520569,-221.0508532524109,39.49165718377613,-0.0030105249250773625,15.129562950134277,0.8326327860355377,0.004308426811515042,-214.56710149347782,37.79516550549063,4.0,0.9001360893249511,
596000,444.60139870643616,-207.6545648574829,40.144247699062646,-0.003581797770185702,20.885195159912108,0.8635385572910309,0.006407674904291838,-214.56710149347782,37.79516550549063,4.0,0.921790999174118,
600000,447.4775376319885,-205.3989396095276,29.56702314900313,-0.004603124199318742,13.488182067871094,0.864496397972107,0.004107024788390845,-214.56710149347782,37.79516550549063,4.0,0.9487159013748169,
604000,451.53997898101807,-205.12358260154724,29.568572892893524,-0.003518466898123762,14.47577257156372,0.8459284782409668,0.004782444729159297,-219.1947876662016,38.14234700364758,4.0,0.926724773645401,
608000,454.441388130188,-205.149733543396,29.6116778563284,-0.005395123064983664,10.411373376846313,0.8546421825885773,0.00797138355416246,-219.1947876662016,38.14234700364758,4.0,0.9862531185150146,
612000,457.2949426174164,-212.0467700958252,37.27634544279085,-0.0044860556347606105,11.188103675842285,0.8433692932128907,0.005629087287932632,-219.1947876662016,38.14234700364758,4.0,0.9510502398014069,
616000,460.18539571762085,-208.46273469924927,44.19427366145769,-0.003892670204086851,25.50649242401123,0.930599468946457,0.008355285436846317,-219.1947876662016,38.14234700364758,4.0,0.9909429311752319,
620000,463.06981444358826,-210.53517508506775,35.33596575414161,-0.0043365332682151255,11.204846858978271,0.8885316729545594,0.005706401130184546,-219.1947876662016,38.14234700364758,4.0,0.9388560771942138,
624000,465.99859857559204,-199.02963531017303,28.643134609119603,-0.004301513335318319,11.44832353591919,0.9436050891876221,0.005362648970913142,-219.1947876662016,38.14234700364758,4.0,0.9584040880203247,
628000,468.8834960460663,-203.2229723930359,30.695843529884613,-0.004296772462820541,13.546445941925048,0.8799968540668488,0.0037829059419891564,-219.1947876662016,38.14234700364758,4.0,0.9669031977653504,
632000,471.7777919769287,-208.9998230934143,34.655699115570755,-0.0031538775444399205,18.366700458526612,0.9086395680904389,0.004351060024617892,-219.1947876662016,38.14234700364758,4.0,0.9761914849281311,
636000,474.68002128601074,-205.84825587272644,31.850843016032325,-0.00407233532840231,11.479638576507568,0.8568528890609741,0.002716478788715904,-219.1947876662016,38.14234700364758,4.0,0.9737976253032684,
640000,477.566326379776,-211.51469731330872,32.449573207636334,-0.004394408631759383,12.270442867279053,0.8521571040153504,0.005647084544723235,-219.1947876662016,38.14234700364758,4.0,0.9600950181484222,
644000,481.61220383644104,-208.33756518363953,29.845322886420927,-0.0035078055854731007,14.715616512298585,0.8722126543521881,0.005798558045353275,-215.91195046156645,37.32701437409849,4.0,0.9972489833831787,
648000,484.51309609413147,-198.56139993667603,25.09903484987462,-0.003470763392047971,11.2486102104187,0.8961112201213837,0.0043860055409992715,-215.91195046156645,37.32701437409849,4.0,0.9671521306037902,
652000,487.4006905555725,-199.2442433834076,34.34572516642823,-0.004010232478457798,14.019286060333252,0.8437926828861236,0.002555535384453833,-215.91195046156645,37.32701437409849,4.0,1.0098525524139403,
656000,490.28740429878235,-208.9760081768036,32.7619682140354,-0.002236500331523228,12.7844087600708,0.8366314888000488,0.00590887083229612,-215.91195046156645,37.32701437409849,4.0,0.9759986639022827,
660000,493.1724569797516,-202.01532244682312,28.636382788044802,-0.005248535823076961,10.511175632476807,0.9053122699260712,0.005440589204585811,-215.91195046156645,37.32701437409849,4.0,0.9282517254352569,
664000,496.05783462524414,-200.31818151474,34.266182155910535,-0.004854764506996912,8.070762729644775,0.9026995778083802,0.00510435503674671,-215.91195046156645,37.32701437409849,4.0,0.9286977708339691,
668000,498.93893814086914,-199.4350507259369,37.453725147594085,-0.004821851704735281,11.464046669006347,0.8538828134536743,0.0046773014004187095,-215.91195046156645,37.32701437409849,4.0,0.935265737771988,
672000,501.8221158981323,-200.9011788368225,35.38532701661674,-0.0030070424952791442,14.242154598236084,0.8681912183761596,0.0038131714179180597,-215.91195046156645,37.32701437409849,4.0,0.9123955011367798,
676000,504.7093858718872,-212.61895155906677,34.05225109284281,-0.004602092402521518,11.157202529907227,0.8530636072158814,0.005889761919388547,-215.91195046156645,37.32701437409849,4.0,0.8838658213615418,
680000,507.5913450717926,-194.45355939865112,25.778854266677424,-0.0050362888108939075,7.254020547866821,0.8302777707576752,0.006254946825831808,-215.91195046156645,37.32701437409849,4.0,0.8846796572208404,
684000,511.6252212524414,-206.19093823432922,31.41400443563337,-0.004920192591380346,15.200275230407716,0.8257999658584595,0.004387269160244614,-210.4458925202489,31.95010392142839,4.0,0.9444319665431976,
688000,514.544153213501,-204.8197889328003,34.25461237910131,-0.0064812030817071875,9.305089473724365,0.7964277803897858,0.006075936407782168,-210.4458925202489,31.95010392142839,4.0,0.9304936170578003,
692000,517.4197998046875,-197.3728048801422,29.961961785567574,-0.0040613600949290785,10.159961700439453,0.844068068265915,0.0040151973196771,-210.4458925202489,31.95010392142839,4.0,0.9313212037086487,
696000,520.3042185306549,-198.4776966571808,30.139157722989022,-0.0050564603228510085,10.806385898590088,0.8117069959640503,0.0062627977862333315,-210.4458925202489,31.95010392142839,4.0,0.9128793954849244,
700000,523.2262575626373,-214.26879596710205,35.717522440368995,-0.004920175771888635,12.323632621765137,0.7778746843338012,0.006200297886971384,-210.4458925202489,31.95010392142839,4.0,0.9269632041454315,
704000,526.1442532539368,-201.99651515483856,34.96132893118573,-0.004574648604611831,13.542131233215333,0.8557520508766174,0.003381109773181379,-210.4458925202489,31.95010392142839,4.0,0.9321956753730773,
708000,529.0341982841492,-212.3371000289917,35.770537227015076,-0.004981051872794806,11.082777881622315,0.806391042470932,0.004593855980783701,-210.4458925202489,31.95010392142839,4.0,0.8684507966041565,
712000,531.8967044353485,-207.28793394565582,34.07863569497136,-0.005315289014096614,16.604711627960206,0.8555397808551788,0.0033525156305404384,-210.4458925202489,31.95010392142839,4.0,0.895534086227417,
716000,534.773229598999,-202.23916101455688,29.29739566134725,-0.004094330229951648,10.171539974212646,0.8357414960861206,0.00354805732058594,-210.4458925202489,31.95010392142839,4.0,0.8899988830089569,
720000,537.670271396637,-212.16785764694214,32.333531996815154,-0.005285609605411778,22.84564800262451,0.8545455753803253,0.004952042747754603,-210.4458925202489,31.95010392142839,4.0,0.9408513128757476,
724000,541.7135243415833,-200.00882399082184,31.25429169776189,-0.0059023189703002465,17.109578132629395,0.8750083863735199,0.005851481685104476,-216.77208603918552,38.7957796200158,4.0,0.9655310869216919,
728000,544.6026895046234,-208.63267755508423,33.50423196651327,-0.0033456468211953807,23.40844020843506,0.901942104101181,0.003907500702189282,-216.77208603918552,38.7957796200158,4.0,0.9044152975082398,
732000,547.5191838741302,-207.46294689178467,35.23632692114652,-0.0035083922857108265,17.417437267303466,0.8575411200523376,0.007254290365381166,-216.77208603918552,38.7957796200158,4.0,0.9144062995910645,
736000,550.4263725280762,-201.8397924900055,32.43642891568093,-0.004345501084346282,10.962604999542236,0.8378102362155915,0.006625212642597034,-216.77208603918552,38.7957796200158,4.0,0.8931763887405395,
740000,553.3483150005341,-202.04353284835815,36.21127770823475,-0.004561174592391293,12.675931644439697,0.8130177676677703,0.004352620954159647,-216.77208603918552,38.7957796200158,4.0,0.8421091139316559,
744000,556.2486841678619,-198.65582299232483,30.11844274286281,-0.004287923086201762,13.385792636871338,0.8463460385799408,0.005395693780155852,-216.77208603918552,38.7957796200158,4.0,0.9037511467933654,
748000,559.1727864742279,-210.0398313999176,39.43935263581157,-0.00445977527881034,17.221092224121094,0.8891967177391052,0.0054761166754178706,-216.77208603918552,38.7957796200158,4.0,0.8114704012870788,
752000,562.0882380008698,-211.39321446418762,30.196952098283553,-0.005166801304323609,11.975977611541747,0.8455502033233643,0.0032987356134690504,-216.77208603918552,38.7957796200158,4.0,0.8431934416294098,
756000,564.9987843036652,-203.82668781280518,35.87654872774315,-0.00437524168627963,15.19078025817871,0.8665919482707978,0.0037322166201192884,-216.77208603918552,38.7957796200158,4.0,0.8334418416023255,
760000,567.8929216861725,-209.6735007762909,32.439013804247764,-0.0035150494433085822,14.834137153625488,0.8707436084747314,0.0030364365549758075,-216.77208603918552,38.7957796200158,4.0,0.893249762058258,
764000,571.7733907699585,-201.52513146400452,33.292226735522654,-0.005056660431049154,9.159526014328003,0.8894108474254608,0.006094582891829003,-219.52791441977024,37.73200623193777,4.0,0.8650640189647675,
768000,574.6505749225616,-214.9732894897461,36.72551268339489,-0.004349249102330477,17.81843328475952,0.9331997454166412,0.003253640336333774,-219.52791441977024,37.73200623193777,4.0,0.9273931741714477,
772000,577.5102806091309,-207.0710735321045,36.36488222508207,-0.003742025259727022,14.015661430358886,0.8865880727767944,0.0030449126861640252,-219.52791441977024,37.73200623193777,4.0,0.9093815565109253,
776000,580.3953258991241,-205.65894627571106,30.80372971970474,-0.005539444767870094,14.257799339294433,0.9253706574440003,0.0032369270941320248,-219.52791441977024,37.73200623193777,4.0,0.9299346208572388,
780000,583.2982795238495,-204.232719540596,37.881512717181344,-0.004060279512351083,15.60415678024292,0.8922037959098816,0.004791945338326819,-219.52791441977024,37.73200623193777,4.0,0.917977899312973,
784000,586.1679005622864,-202.1799762248993,32.70250082243253,-0.004893263255760161,12.802202606201172,0.9004306435585022,0.005244554463618746,-219.52791441977024,37.73200623193777,4.0,0.8908758759498596,
788000,589.0467834472656,-202.7315912246704,30.107015858968232,-0.0040863044759413825,19.065623569488526,0.8957354605197907,0.005605462070787326,-219.52791441977024,37.73200623193777,4.0,0.9272584617137909,
792000,591.9503517150879,-202.5383014678955,32.053651073158804,-0.004107254846254449,20.23019027709961,0.9359122514724731,0.003944775631292341,-219.52791441977024,37.73200623193777,4.0,0.9294826924800873,
796000,594.8318877220154,-206.97682452201843,38.009332330304346,-0.004835491810187964,17.445287132263182,0.9163485825061798,0.00452075686189346,-219.52791441977024,37.73200623193777,4.0,0.8657092273235321,
800000,597.7226705551147,-207.86063408851624,35.76596950656317,-0.004205829628093305,20.42530689239502,0.839835387468338,0.004157563904688399,-219.52791441977024,37.73200623193777,4.0,0.8734560906887054,
804000,601.8109407424927,-209.55679416656494,31.570650213288214,-0.006530396042546882,10.346490383148193,0.8319893062114716,0.007154367415700108,-212.03320836275816,33.721184645529405,4.0,0.8512874484062195,
808000,604.7069818973541,-198.25898098945618,33.15538829261688,-0.0062902190391906036,12.855965423583985,0.8613322913646698,0.005741744686383754,-212.03320836275816,33.721184645529405,4.0,0.8683755755424499,
812000,607.6118624210358,-209.09514570236206,30.526324102647106,-0.004471758904401213,16.124887943267822,0.8686097443103791,0.005249389196978882,-212.03320836275816,33.721184645529405,4.0,0.8350930869579315,
816000,610.5276508331299,-204.01166701316833,35.20071074984862,-0.0057265965884241155,10.01545262336731,0.8354832708835602,0.0067405845470105644,-212.03320836275816,33.721184645529405,4.0,0.8554894328117371,
820000,613.4454247951508,-210.49553060531616,33.392576733197316,-0.004111707300840229,18.651465797424315,0.813062709569931,0.002370583966005757,-212.03320836275816,33.721184645529405,4.0,0.8119316935539246,
824000,616.321063041687,-207.65927243232727,35.55180257092468,-0.005815993371264305,18.74300832748413,0.7733933389186859,0.0056805378815624865,-212.03320836275816,33.721184645529405,4.0,0.8056283175945282,
828000,619.154420375824,-203.8110556602478,34.964458971441,-0.0043300618977905716,19.8759428024292,0.7804350316524505,0.005150222360777357,-212.03320836275816,33.721184645529405,4.0,0.8479200601577759,
832000,622.0202691555023,-202.20569896697998,34.96470526925395,-0.004528555579716343,20.329332733154295,0.8287977337837219,0.006003575048816856,-212.03320836275816,33.721184645529405,4.0,0.8200872123241425,
836000,624.9052269458771,-203.52481961250305,29.014034896220373,-0.00425542546606934,15.492796421051025,0.8319913983345032,0.0028710113911074586,-212.03320836275816,33.721184645529405,4.0,0.8375822961330414,
840000,627.7826426029205,-197.93061923980713,31.55756728794043,-0.004078245372045775,14.444525146484375,0.8103135347366333,0.004413682412200926,-212.03320836275816,33.721184645529405,4.0,0.8237272322177887,
844000,631.8772397041321,-203.71931171417236,29.562030396506785,-0.0066139141906363715,11.931385040283203,0.7970452308654785,0.00695505729308934,-204.40510553121567,37.44885350892865,4.0,0.7456585109233856,
848000,634.7563707828522,-202.570054769516,31.55083778210274,-0.004744490123841416,17.597538185119628,0.8176422774791717,0.004576924145532168,-204.40510553121567,37.44885350892865,4.0,0.7740923941135407,
852000,637.6390800476074,-203.12059116363525,30.45467449851022,-0.005805679372434191,11.709630966186523,0.7866824328899383,0.00623332723901453,-204.40510553121567,37.44885350892865,4.0,0.8212374329566956,
856000,640.5263369083405,-212.73178815841675,32.57805512168496,-0.004833439348886426,13.4097469329834,0.7652972221374512,0.004749048321313865,-204.40510553121567,37.44885350892865,4.0,0.7800286769866943,
860000,643.4202268123627,-198.49454641342163,36.77398731129309,-0.004741693717893192,14.965041160583496,0.7496436774730683,0.00627599903382361,-204.40510553121567,37.44885350892865,4.0,0.722025603055954,
864000,646.2631523609161,-195.30958247184753,27.74064884059487,-0.005303180920891481,9.043766307830811,0.7566967248916626,0.0027958823600783946,-204.40510553121567,37.44885350892865,4.0,0.7545472800731658,
868000,649.1380479335785,-202.7495882511139,30.519290420276242,-0.006065243881195781,9.688314723968507,0.7190703630447388,0.0045514117809943855,-204.40510553121567,37.44885350892865,4.0,0.7521957039833069,
872000,652.0278882980347,-206.29866290092468,36.05574881007003,-0.004307969379432919,16.382708740234374,0.7424537479877472,0.002652035344702508,-204.40510553121567,37.44885350892865,4.0,0.7748916149139404,
876000,654.9318733215332,-200.90252995491028,39.09991774507968,-0.002902115355556212,14.362016963958741,0.8036480486392975,0.004867510648909956,-204.40510553121567,37.44885350892865,4.0,0.7499799013137818,
880000,657.8026878833771,-199.58890175819397,30.241017223855746,-0.0062703030449338115,8.333990955352784,0.7921105444431304,0.008790082302565417,-204.40510553121567,37.44885350892865,4.0,0.744706106185913,
884000,661.8531138896942,-202.09975290298462,33.64191379144274,-0.0033697546485734974,12.201963710784913,0.7909167468547821,0.001992333948146552,-209.1100414544344,34.65460408587843,4.0,0.6968288958072663,
888000,664.7373292446136,-200.2789328098297,26.389742152129642,-0.006564470564170399,8.083651208877564,0.7482864797115326,0.00487580305431039,-209.1100414544344,34.65460408587843,4.0,0.6947134256362915,
892000,667.6184315681458,-205.8342788219452,34.60952802318527,-0.004116552234433302,12.764389705657958,0.7400880813598633,0.005340590815059843,-209.1100414544344,34.65460408587843,4.0,0.7211012721061707,
896000,670.4888834953308,-205.47408032417297,35.665934437824696,-0.0025264395845976395,14.06338186264038,0.7230283319950104,0.006329869769513619,-209.1100414544344,34.65460408587843,4.0,0.7299857795238495,
900000,673.3750748634338,-208.6078474521637,40.42526301839034,-0.004976603243965627,17.274847984313965,0.7661412000656128,0.007283443922642618,-209.1100414544344,34.65460408587843,4.0,0.7023046374320984,
904000,676.2523257732391,-211.60051727294922,35.53014111543982,-0.0023927743827032444,14.75294361114502,0.7870688080787659,0.0019752692624558144,-209.1100414544344,34.65460408587843,4.0,0.6596832156181336,
908000,679.1048264503479,-205.4066367149353,31.02342594762593,-0.0035050271777436136,14.471625137329102,0.7481627762317657,0.003570684077062955,-209.1100414544344,34.65460408587843,4.0,0.687069171667099,
912000,681.8045907020569,-199.81548047065735,35.2379830941894,-0.004008154340709247,11.08188886642456,0.7298073887825012,0.008128493267577142,-209.1100414544344,34.65460408587843,4.0,0.6924979150295257,
916000,684.6429727077484,-207.8396828174591,38.48308065985755,-0.004856782729659859,9.156342220306396,0.7030192673206329,0.001875076403875331,-209.1100414544344,34.65460408587843,4.0,0.6949429035186767,
920000,687.5431904792786,-199.05076336860657,34.73691790580656,-0.004681464158774773,8.907507038116455,0.6846107006072998,0.008976168127264827,-209.1100414544344,34.65460408587843,4.0,0.7352292597293854,
924000,691.6053352355957,-205.72474193572998,32.74333276000643,-0.004389034241593137,10.992215824127197,0.7478491306304932,0.005443900334648788,-211.01948650181293,38.96077424089986,4.0,0.7166568756103515,
928000,694.5369520187378,-200.53226613998413,34.12308382535007,-0.0051163947205059125,10.44785795211792,0.7505044937133789,0.008950144262053072,-211.01948650181293,38.96077424089986,4.0,0.6886137843132019,
932000,697.4331736564636,-198.76568126678467,31.857841377948823,-0.004817543433047788,12.530817413330078,0.7044884026050567,0.006541958166053519,-211.01948650181293,38.96077424089986,4.0,0.730788278579712,
936000,700.3345229625702,-209.78268384933472,38.2262326495339,-0.0035641765370188596,17.411860084533693,0.6957717180252075,0.00526724144583568,-211.01948650181293,38.96077424089986,4.0,0.7282959401607514,
940000,703.2278339862823,-200.3882737159729,34.59106484391884,-0.0041472157199556655,14.524188995361328,0.692352569103241,0.00480682652303952,-211.01948650181293,38.96077424089986,4.0,0.7265119969844818,
944000,706.1238958835602,-198.82798767089844,29.615527685949196,-0.005821232256324383,9.650381708145142,0.6918103694915771,0.005321720782667416,-211.01948650181293,38.96077424089986,4.0,0.7157754063606262,
948000,709.0206670761108,-201.80085682868958,37.386630939003936,-0.005080337551732849,11.794088459014892,0.713515841960907,0.005394229869125411,-211.01948650181293,38.96077424089986,4.0,0.6488965690135956,
952000,711.9241716861725,-201.1117787361145,32.39435141470949,-0.0036522954564230047,13.540621566772462,0.6705725848674774,0.00847398362052627,-211.01948650181293,38.96077424089986,4.0,0.700554496049881,
956000,714.8379845619202,-196.71498894691467,31.216241959663797,-0.00516157861333344,9.678576231002808,0.6700507819652557,0.00668386653997004,-211.01948650181293,38.96077424089986,4.0,0.6358232438564301,
960000,717.7442212104797,-200.29439222812653,37.32095772619636,-0.004167613177094598,11.730987930297852,0.6877673089504241,0.00625751897009712,-211.01948650181293,38.96077424089986,4.0,0.7058796882629395,
964000,721.7956545352936,-199.6112515926361,33.45923423582947,-0.0043478989743936935,11.71544189453125,0.6726675152778625,0.008109862450510263,-201.87446492165327,40.1438769441733,4.0,0.6815326571464538,
968000,724.7048864364624,-204.8466832637787,35.967005471107626,-0.004346943069870335,16.502861118316652,0.7489801526069642,0.006938804372834673,-201.87446492165327,40.1438769441733,4.0,0.6852678179740905,
972000,727.6228981018066,-201.7575328350067,36.31788023568708,-0.004935250194898488,11.466340160369873,0.7658436119556427,0.007118955510668457,-201.87446492165327,40.1438769441733,4.0,0.6800895929336548,
976000,730.545576095581,-203.84159064292908,38.56127332182967,-0.004674827180337182,16.269171524047852,0.6969570577144623,0.00913944747298956,-201.87446492165327,40.1438769441733,4.0,0.6841542661190033,
980000,733.4716620445251,-201.42805361747742,32.96131262736672,-0.003840963089644589,14.822432041168213,0.7303842008113861,0.0031246312719304115,-201.87446492165327,40.1438769441733,4.0,0.71019207239151,
984000,736.3584475517273,-204.4090451002121,38.16667839232933,-0.004459920991444965,14.119199752807617,0.735974907875061,0.004261757576527714,-201.87446492165327,40.1438769441733,4.0,0.7085847735404969,
988000,739.2524781227112,-199.88804650306702,31.449625763915854,-0.00549331029380361,12.790614700317382,0.7432385861873627,0.006661465642973785,-201.87446492165327,40.1438769441733,4.0,0.6645795404911041,
992000,742.009777545929,-197.9951615333557,29.0044769997663,-0.005583705678892636,9.687307024002076,0.7512904465198517,0.007793894410133362,-201.87446492165327,40.1438769441733,4.0,0.6784661114215851,
996000,744.8376958370209,-205.73507237434387,34.74893570214458,-0.006176579028600848,9.33507227897644,0.7565409362316131,0.005797230766620487,-201.87446492165327,40.1438769441733,4.0,0.6298372149467468,
1000000,747.7296290397644,-200.3774607181549,28.14975324015086,-0.004135939030636493,11.9272310256958,0.7767121374607087,0.004442806355655193,-201.87446492165327,40.1438769441733,4.0,0.6899501264095307,
1004000,751.654390335083,-201.45257019996643,31.025227204661217,-0.005244028800011869,10.276755380630494,0.7499699175357819,0.006379258737433701,-203.19865038990974,32.96036750168271,4.0,0.6367502629756927,
1008000,754.3363494873047,-204.15326762199402,34.287667002006195,-0.005341538036863014,11.553972053527833,0.7671324968338012,0.005061398801626637,-203.19865038990974,32.96036750168271,4.0,0.6768873989582062,
1012000,757.0315954685211,-198.15620517730713,40.712755787784445,-0.005119881649424007,15.6182541847229,0.7752632558345794,0.00433666777680628,-203.19865038990974,32.96036750168271,4.0,0.6775286614894866,
1016000,759.726909160614,-199.39351773262024,34.64415184562535,-0.006148753450640187,11.519571304321289,0.7641553401947021,0.004261760321967234,-203.19865038990974,32.96036750168271,4.0,0.640538889169693,
1020000,762.4062387943268,-201.47194612026215,31.144412626262937,-0.006973676301849374,8.726841354370118,0.7156523704528809,0.009373991447500885,-203.19865038990974,32.96036750168271,4.0,0.6426361620426178,
1024000,765.092832326889,-206.2691216468811,30.342060972369527,-0.0064197654838983095,11.046779155731201,0.7232377290725708,0.007958547559722017,-203.19865038990974,32.96036750168271,4.0,0.6259131312370301,
1028000,767.8027672767639,-194.88219237327576,34.59795621142572,-0.005296485449886035,9.836978101730347,0.7303952574729919,0.0061333172704713945,-203.19865038990974,32.96036750168271,4.0,0.5978054881095887,
1032000,770.697160243988,-206.82725405693054,37.14293618306141,-0.0035455765671018823,12.277204895019532,0.714717572927475,0.008170231152325869,-203.19865038990974,32.96036750168271,4.0,0.6364591956138611,
1036000,773.5935583114624,-204.64348137378693,38.05667112507787,-0.0051373678110540055,11.435857486724853,0.6917606890201569,0.004267605576819466,-203.19865038990974,32.96036750168271,4.0,0.6067263960838318,
1040000,776.4708867073059,-197.90326833724976,33.12864294086509,-0.0054014775252435145,17.69581718444824,0.7143571257591248,0.0056428937710200746,-203.19865038990974,32.96036750168271,4.0,0.6942743241786957,
1044000,780.7074227333069,-200.50067782402039,32.19950484586462,-0.00610141145018861,13.763439464569093,0.7451479434967041,0.00761309479130432,-203.66229740530252,36.68724305121399,4.0,0.6587015628814697,
1048000,783.6075940132141,-207.35280442237854,33.522340322715856,-0.004358956919827817,15.029566287994385,0.7144515514373779,0.0031451625749468804,-203.66229740530252,36.68724305121399,4.0,0.6787902891635895,
1052000,786.5066180229187,-203.99099850654602,32.11061907042789,-0.005237865171938516,11.505631732940675,0.7287499606609344,0.007283073442677668,-203.66229740530252,36.68724305121399,4.0,0.6744930684566498,
1056000,789.4042365550995,-197.73019087314606,32.9293558461852,-0.005315223891676091,9.099361228942872,0.7875089645385742,0.004194445227039978,-203.66229740530252,36.68724305121399,4.0,0.6099324464797974,
1060000,792.3079619407654,-197.8999251127243,30.80308903107066,-0.00645308873538557,12.083893299102783,0.7740938365459442,0.004243549792590784,-203.66229740530252,36.68724305121399,4.0,0.6642247080802918,
1064000,795.2218308448792,-207.75756549835205,36.48694580678095,-0.00445506038027812,12.551713466644287,0.7556102573871613,0.003944922430518405,-203.66229740530252,36.68724305121399,4.0,0.606830257177353,
1068000,798.1131749153137,-195.58134746551514,33.30705833304986,-0.004741454659961164,12.655394363403321,0.7434876799583435,0.0037923512089376834,-203.66229740530252,36.68724305121399,4.0,0.6934947907924652,
1072000,801.0061311721802,-200.7586646080017,33.58564874387091,-0.003974583403682707,12.414382076263427,0.7997404873371124,0.00379230817197822,-203.66229740530252,36.68724305121399,4.0,0.7031328976154327,
1076000,803.8940718173981,-199.96282529830933,31.68838788241271,-0.006906194501556451,14.033113193511962,0.8234512567520141,0.009699887379674088,-203.66229740530252,36.68724305121399,4.0,0.7023039579391479,
1080000,806.8148696422577,-198.58243024349213,31.061000683928995,-0.005790499354867862,12.897699642181397,0.8283939480781555,0.006800473143812269,-203.66229740530252,36.68724305121399,4.0,0.730216097831726,
1084000,810.8716785907745,-198.92730736732483,35.368489173510284,-0.005969576869625603,9.27154483795166,0.8066246449947357,0.005839997589607559,-208.81570474803448,35.33814635507911,4.0,0.6552896499633789,
1088000,813.791925907135,-206.527991771698,34.07286538336211,-0.006757755816060418,11.165738773345947,0.778206592798233,0.0032029677709942916,-208.81570474803448,35.33814635507911,4.0,0.6313570857048034,
1092000,816.6876916885376,-200.26431107521057,31.504638783820155,-0.006984246639690106,13.667656517028808,0.7854704201221466,0.006499618537413631,-208.81570474803448,35.33814635507911,4.0,0.6428466200828552,
1096000,819.5059571266174,-194.93847274780273,29.140643584490608,-0.006218752975575637,7.017374897003174,0.7602076590061188,0.005698278802447021,-208.81570474803448,35.33814635507911,4.0,0.632189291715622,
1100000,822.1889963150024,-190.56231927871704,31.592951696417188,-0.006171096843512025,14.511995887756347,0.8599425554275513,0.005840376036940142,-208.81570474803448,35.33814635507911,4.0,0.6263949334621429,
1104000,824.8697543144226,-205.1820877790451,42.78566074409737,-0.006880586827872293,15.493121147155762,0.8482823193073272,0.005108729400206347,-208.81570474803448,35.33814635507911,4.0,0.5840872526168823,
1108000,827.5536620616913,-201.91568756103516,33.90412220866545,-0.005464416577325515,13.804747104644775,0.8174655735492706,0.008533769498035948,-208.81570474803448,35.33814635507911,4.0,0.6031092405319214,
1112000,830.2500312328339,-191.24631881713867,32.27993346625986,-0.004681240418382693,15.13711166381836,0.8231425583362579,0.006031787399124977,-208.81570474803448,35.33814635507911,4.0,0.6084434032440186,
1116000,832.9277954101562,-209.93455123901367,41.794661827135585,-0.004782935808490363,13.100864124298095,0.7774923384189606,0.0035241058949613937,-208.81570474803448,35.33814635507911,4.0,0.5652508735656738,
1120000,835.6898229122162,-203.9459512233734,38.98603564196833,-0.0043164122016169145,14.914382266998292,0.7512741684913635,0.006831660424359143,-208.81570474803448,35.33814635507911,4.0,0.6201580762863159,
1124000,839.7836422920227,-208.0328779220581,35.55162611218017,-0.004944168718376529,14.521793174743653,0.7838853657245636,0.005144021735759452,-210.78687845915556,39.46483148532758,4.0,0.6482868134975434,
1128000,842.6941990852356,-202.3351650238037,41.15101385491193,-0.0017505438264246108,16.002044200897217,0.7592493116855621,0.006589982022065666,-210.78687845915556,39.46483148532758,4.0,0.6513699650764465,
1132000,845.6133368015289,-205.96422863006592,32.727743259131486,-0.004315806838839009,16.45409688949585,0.7431503295898437,0.0032222134024777914,-210.78687845915556,39.46483148532758,4.0,0.5653598725795745,
1136000,848.5633685588837,-204.34572386741638,37.793742832175845,-0.004892316084044679,14.928725433349609,0.7176214516162872,0.006567972526284094,-210.78687845915556,39.46483148532758,4.0,0.5343393564224244,
1140000,851.5063533782959,-200.24195861816406,31.16679661057278,-0.006068230761680749,8.852866840362548,0.7500869572162628,0.007643651546444752,-210.78687845915556,39.46483148532758,4.0,0.596334707736969,
1144000,854.2730679512024,-209.71421313285828,37.90698824250007,-0.004984480391023638,13.466212940216064,0.7986169517040252,0.00704850940313193,-210.78687845915556,39.46483148532758,4.0,0.5820996463298798,
1148000,857.1510021686554,-195.71281456947327,35.933149632460825,-0.006754592380175989,12.104900646209718,0.807056438922882,0.005953625356778502,-210.78687845915556,39.46483148532758,4.0,0.5991349935531616,
1152000,860.0536222457886,-209.84774136543274,40.313883935850626,-0.004369490671864007,16.966888999938966,0.8031870901584626,0.0007087620520906057,-210.78687845915556,39.46483148532758,4.0,0.5075132310390472,
1156000,862.8389060497284,-203.8094093799591,32.10434314026916,-0.004140398968554404,16.12901258468628,0.8144444465637207,0.0056565309398138195,-210.78687845915556,39.46483148532758,4.0,0.6081267058849334,
1160000,865.6954188346863,-203.65801656246185,37.120276002077816,-0.006642294947678845,18.396480655670167,0.8230850160121918,0.00642213833052665,-210.78687845915556,39.46483148532758,4.0,0.5963002860546112,
1164000,869.8005056381226,-199.26529908180237,38.21638041983708,-0.005142587329726567,11.13471565246582,0.833371102809906,0.004101721197366714,-205.94797048717737,38.11394217554281,4.0,0.5824340343475342,
1168000,872.7010455131531,-203.63633155822754,39.727137078850895,-0.005669742160321523,16.786101245880126,0.8821167647838593,0.005104267032584176,-205.94797048717737,38.11394217554281,4.0,0.5788750290870667,
1172000,875.6070840358734,-201.55384016036987,38.698140085403175,-0.005897407606011251,13.528911781311034,0.831771844625473,0.003995526425618058,-205.94797048717737,38.11394217554281,4.0,0.5253636538982391,
1176000,878.5321652889252,-198.53373897075653,41.69297342870786,-0.004892600454001994,17.25610990524292,0.7926670849323273,0.0038465752183692524,-205.94797048717737,38.11394217554281,4.0,0.5852991342544556,
1180000,881.4687833786011,-198.1422700881958,28.873502734518198,-0.0029864255531380614,9.154408502578736,0.7444907307624817,0.011366477986021589,-205.94797048717737,38.11394217554281,4.0,0.6019901394844055,
1184000,884.3828027248383,-203.0860402584076,31.87839664375381,-0.003940346428891672,12.610492324829101,0.7267507195472718,0.009387232749722908,-205.94797048717737,38.11394217554281,4.0,0.6012187778949738,
1188000,887.2827115058899,-194.17337930202484,33.50783675034104,-0.004921039063017818,10.77983455657959,0.7280486822128296,0.006684397393837571,-205.94797048717737,38.11394217554281,4.0,0.547693282365799,
1192000,890.1726610660553,-203.45421266555786,36.411311119079045,-0.005323692976186756,15.333950805664063,0.7748236954212189,0.009003946755547077,-205.94797048717737,38.11394217554281,4.0,0.6164646446704865,
1196000,893.0619683265686,-200.46575140953064,33.65894887685236,-0.006328297078454248,11.50068302154541,0.8093870460987092,0.007927746286770976,-205.94797048717737,38.11394217554281,4.0,0.6109969615936279,
1200000,895.9692914485931,-194.33485352993011,33.93476518890415,-0.005820743892264257,9.29604811668396,0.7723453342914581,0.0008135079044344629,-205.94797048717737,38.11394217554281,4.0,0.6020390331745148,
1204000,900.0328772068024,-192.3592975139618,37.33135430661811,-0.006144905983159932,14.83068027496338,0.7582613050937652,0.007139547975966709,-207.0625618249178,33.26605645247127,4.0,0.5530963122844696,
1208000,902.9134860038757,-194.53989148139954,37.773872683297064,-0.0036759765822377945,17.4959755897522,0.7972868144512176,0.0025825741642620413,-207.0625618249178,33.26605645247127,4.0,0.5827949464321136,
1212000,905.7994394302368,-203.59920597076416,38.32392858358461,-0.003766011913074152,13.532337951660157,0.771032065153122,0.004882954179774979,-207.0625618249178,33.26605645247127,4.0,0.5144348442554474,
1216000,908.6749875545502,-194.29610681533813,34.186533200031825,-0.006186359690191856,8.82264976501465,0.7380484819412232,0.007720161654287949,-207.0625618249178,33.26605645247127,4.0,0.5546007692813874,
1220000,911.5818033218384,-191.51462745666504,33.699181776784684,-0.006147362584869143,8.954913425445557,0.731397020816803,0.016560747846961023,-207.0625618249178,33.26605645247127,4.0,0.6188547372817993,
1224000,914.4784383773804,-200.65488624572754,34.8704542732547,-0.005646675718016958,13.048272228240966,0.7553341269493103,0.0067801832687109705,-207.0625618249178,33.26605645247127,4.0,0.5002520173788071,
1228000,917.2476723194122,-200.9920036792755,29.964589755097553,-0.004631894573026152,11.341811847686767,0.7647806704044342,0.0059572174155619,-207.0625618249178,33.26605645247127,4.0,0.49721657335758207,
1232000,920.1339347362518,-198.3606402873993,33.68532990538137,-0.0063991527734323485,10.39467248916626,0.7608440279960632,0.007071235558794198,-207.0625618249178,33.26605645247127,4.0,0.5318174600601197,
1236000,923.029326915741,-195.2494204044342,37.224180729556515,-0.004842419122190478,14.120503902435303,0.7267378985881805,0.004733365160413094,-207.0625618249178,33.26605645247127,4.0,0.5832072913646698,
1240000,925.9498245716095,-196.7053964138031,33.59542113760053,-0.0079286988677147,8.2865647315979,0.7004959166049958,0.012472166609950364,-207.0625618249178,33.26605645247127,4.0,0.5479650020599365,
1244000,929.8475186824799,-205.45702862739563,45.07386470066078,-0.005759310686805552,9.045299673080445,0.6976947665214539,0.00938906945521012,-198.812951721251,37.3796787850423,4.0,0.532671719789505,
1248000,932.6346373558044,-198.86554312705994,36.60033750338634,-0.005127411176916219,10.928589820861816,0.7677113115787506,0.005721079575674004,-198.812951721251,37.3796787850423,4.0,0.5088400542736053,
1252000,935.522189617157,-199.91289496421814,30.61307357362332,-0.005267934805092711,11.894574832916259,0.7458690166473388,0.010648684994007151,-198.812951721251,37.3796787850423,4.0,0.5523342549800873,
1256000,938.4137716293335,-206.7006676197052,35.44556588342581,-0.007822160339914142,10.416078186035156,0.7153265953063965,0.012224220996722579,-198.812951721251,37.3796787850423,4.0,0.5376171290874481,
1260000,941.364629983902,-212.97859716415405,36.87858251750895,-0.006743756877103202,9.960681390762328,0.7527234554290771,0.009195726577037355,-198.812951721251,37.3796787850423,4.0,0.5287864208221436,
1264000,944.2771229743958,-196.09544229507446,36.9903814316859,-0.0056492485237928936,10.248023223876952,0.7703788995742797,0.003500664271550136,-198.812951721251,37.3796787850423,4.0,0.5209363579750061,
1268000,947.2231748104095,-204.58184337615967,38.92045587450563,-0.0048523399193460826,19.286747550964357,0.7775803327560424,0.006303525390103459,-198.812951721251,37.3796787850423,4.0,0.5447109699249267,
1272000,950.1031165122986,-200.53080010414124,31.414238932512475,-0.004837655606912428,10.498513412475585,0.7708906829357147,0.010392492124810814,-198.812951721251,37.3796787850423,4.0,0.555670964717865,
1276000,953.0231919288635,-200.4546582698822,32.78864008843664,-0.0054431968754311555,10.71277027130127,0.8108433067798615,0.005871136112972941,-198.812951721251,37.3796787850423,4.0,0.5169724822044373,
1280000,955.9130232334137,-203.57291626930237,37.61737709867873,-0.005898598112786768,11.00716438293457,0.8001567661762238,0.006399281626877684,-198.812951721251,37.3796787850423,4.0,0.555911910533905,
1284000,959.9858434200287,-194.34319853782654,31.783891555957226,-0.008200555640893637,8.629922723770141,0.8085359394550323,0.008943570242263377,-200.1921158581972,35.55982939820831,4.0,0.5651881873607636,
1288000,962.8714361190796,-196.0076117515564,37.17262863465857,-0.00706196275725961,12.57220754623413,0.841998690366745,0.008713199675548821,-200.1921158581972,35.55982939820831,4.0,0.5340630888938904,
1292000,965.7253305912018,-200.08519279956818,39.7733369872156,-0.006659808754765706,10.89447317123413,0.8226775467395783,0.004734599753282965,-200.1921158581972,35.55982939820831,4.0,0.5350985884666443,
1296000,968.623458147049,-197.49411964416504,35.09747667161748,-0.005623701429770556,8.954958868026733,0.8070851683616638,0.006909562585720175,-200.1921158581972,35.55982939820831,4.0,0.5142533659934998,
1300000,971.526882648468,-199.9559769630432,32.16131899825165,-0.004168300471967079,14.423602199554443,0.7961153030395508,0.004948597509064711,-200.1921158581972,35.55982939820831,4.0,0.47321136891841886,
1304000,974.4211785793304,-195.4712736606598,26.923384328883916,-0.006151289901152879,10.072617530822754,0.7501556932926178,0.005420809538685756,-200.1921158581972,35.55982939820831,4.0,0.5574792325496674,
1308000,977.3061435222626,-202.76971447467804,33.63987018439754,-0.00597527813383687,15.093596744537354,0.7464052140712738,0.009097822879596328,-200.1921158581972,35.55982939820831,4.0,0.5326013207435608,
1312000,980.194301366806,-197.1479368209839,41.88275892523801,-0.004804706630917877,17.01013765335083,0.7683476746082306,0.004921337545965798,-200.1921158581972,35.55982939820831,4.0,0.5948266923427582,
1316000,983.1030144691467,-198.7730360031128,35.481118851247054,-0.004835091592743979,11.379814434051514,0.7612462699413299,0.006591954133007683,-200.1921158581972,35.55982939820831,4.0,0.5377078294754029,
1320000,985.9998724460602,-207.3579683303833,36.985385845872635,-0.005558034742018237,21.94435043334961,0.7680696606636047,0.004701104777738996,-200.1921158581972,35.55982939820831,4.0,0.5598971903324127,
1324000,990.0347633361816,-191.8497599363327,28.38754405618692,-0.0040981152895061875,19.165413475036623,0.78982914686203,0.006123376895673616,-202.73907432705164,43.627928327002685,4.0,0.592991691827774,
1328000,992.9372007846832,-200.8959391117096,42.08941009172971,-0.005116536801215243,21.477170372009276,0.765730357170105,0.009137170773465186,-202.73907432705164,43.627928327002685,4.0,0.5301074147224426,
1332000,995.8636136054993,-195.5723363161087,39.22624347194504,-0.006659168889435607,13.807916736602783,0.7798126757144928,0.010777843836694955,-202.73907432705164,43.627928327002685,4.0,0.5355642795562744,
1336000,998.771805524826,-194.87534642219543,31.63279137651436,-0.0070882268560429115,7.767222309112549,0.713947856426239,0.006410055468014164,-202.73907432705164,43.627928327002685,4.0,0.5181474268436432,
1340000,1001.6545598506927,-198.23131573200226,36.486665180433114,-0.0030913275715429124,27.691665267944337,0.7143716990947724,0.0061454582202713935,-202.73907432705164,43.627928327002685,4.0,0.6383868396282196,
1344000,1004.5457253456116,-199.8652036190033,31.06922944786505,-0.005335344742129866,13.261559391021729,0.7607174575328827,0.004955081211247814,-202.73907432705164,43.627928327002685,4.0,0.48741027116775515,
1348000,1007.471184015274,-198.896644115448,35.48318614735051,-0.004771609141452515,14.153141212463378,0.7257216811180115,0.004050003972952254,-202.73907432705164,43.627928327002685,4.0,0.5438484370708465,
1352000,1010.3276183605194,-202.06442403793335,31.965297214803538,-0.004632804528189194,17.242249774932862,0.706090897321701,0.007371743465773762,-202.73907432705164,43.627928327002685,4.0,0.5623615324497223,
1356000,1013.1457765102386,-198.78732252120972,35.3294915971041,-0.003519279324837665,12.472366237640381,0.7541939854621887,0.007917584152892232,-202.73907432705164,43.627928327002685,4.0,0.5058018088340759,
1360000,1016.0227501392365,-206.5505028963089,43.09359071891094,-0.004746678717123931,18.82316780090332,0.7312725722789765,0.004298540312447585,-202.73907432705164,43.627928327002685,4.0,0.5676532685756683,
1364000,1020.0446290969849,-207.77215790748596,42.52316340018464,-0.00531381415280825,21.767453956604005,0.7484718918800354,0.01092163232776026,-206.52074474841356,38.01800004599806,4.0,0.5672093033790588,
1368000,1022.9143521785736,-200.90145325660706,32.1311881312821,-0.00433445760514588,11.983687400817871,0.7435970842838288,0.005431344122587145,-206.52074474841356,38.01800004599806,4.0,0.5068660795688629,
1372000,1025.736317396164,-200.60389387607574,30.871140144796648,-0.006910970197447286,10.669447135925292,0.7564888536930084,0.006303466172539629,-206.52074474841356,38.01800004599806,4.0,0.5393719673156738,
1376000,1028.6142237186432,-210.14881706237793,35.853037659598805,-0.006672572138408839,16.739492225646973,0.7594245910644531,0.006629236956359819,-206.52074474841356,38.01800004599806,4.0,0.5264476656913757,
1380000,1031.5051083564758,-198.72230303287506,40.263839071643616,-0.007625996839720628,11.762473678588867,0.7252674102783203,0.005925791639310773,-206.52074474841356,38.01800004599806,4.0,0.5253797769546509,
1384000,1034.3027403354645,-203.8685176372528,36.93364023358721,-0.004427165171286695,17.659361839294434,0.7267533600330353,0.0057460261110875875,-206.52074474841356,38.01800004599806,4.0,0.536916071176529,
1388000,1037.0191922187805,-192.19915163516998,30.0029847394676,-0.00633485561547178,12.16695499420166,0.7230244040489197,0.005935486388625577,-206.52074474841356,38.01800004599806,4.0,0.5548259735107421,
1392000,1039.7528808116913,-204.74040365219116,35.03577001377127,-0.007028075945097956,11.056135082244873,0.7354837238788605,0.006010303378570825,-206.52074474841356,38.01800004599806,4.0,0.5027149379253387,
1396000,1042.4853372573853,-199.04142940044403,37.4007543944276,-0.00742913979369515,11.00591287612915,0.7977359771728516,0.004831070202169952,-206.52074474841356,38.01800004599806,4.0,0.5062080144882202,
1400000,1045.2243826389313,-195.74587678909302,34.47335941093362,-0.0063814057221946606,17.036394786834716,0.7758119106292725,0.013544653955536567,-206.52074474841356,38.01800004599806,4.0,0.5769026815891266,
1404000,1049.1329419612885,-205.46819615364075,38.19629913545988,-0.007309346436057229,10.632486820220947,0.7787048935890197,0.010188929387989187,-204.79907720535994,40.88792154590937,4.0,0.5335127055644989,
1408000,1051.908498287201,-199.38795447349548,35.21049256922982,-0.005101831189744788,13.04012336730957,0.7659468710422516,0.005054303788890468,-204.79907720535994,40.88792154590937,4.0,0.5256295621395111,
1412000,1054.7993276119232,-196.36200213432312,41.322503964850426,-0.004487274223395321,16.87318229675293,0.7522805154323577,0.006377094846490472,-204.79907720535994,40.88792154590937,4.0,0.5530215442180634,
1416000,1057.7099106311798,-191.60082411766052,31.80144620525774,-0.006916120206161125,12.024625205993653,0.8101462483406067,0.007111850508954376,-204.79907720535994,40.88792154590937,4.0,0.4933115005493164,
1420000,1060.6150298118591,-201.41007316112518,40.93797890301446,-0.005623154577488698,15.080047988891602,0.8047334671020507,0.006112439593765906,-204.79907720535994,40.88792154590937,4.0,0.5094532370567322,
1424000,1063.5113816261292,-200.8979663848877,33.95185499683815,-0.004869360855120774,16.612368774414062,0.7525381743907928,0.004503916714806167,-204.79907720535994,40.88792154590937,4.0,0.5464295148849487,
1428000,1066.3460595607758,-195.76847672462463,31.979660981538096,-0.00874821760722746,13.106331920623779,0.7432162463665009,0.01004591742530465,-204.79907720535994,40.88792154590937,4.0,0.5853508710861206,
1432000,1069.0696339607239,-199.03104722499847,35.33785326029456,-0.00486186250066385,14.404279136657715,0.7136862218379975,0.00894926292821765,-204.79907720535994,40.88792154590937,4.0,0.4763450652360916,
1436000,1071.9559032917023,-200.55213725566864,37.11557938863192,-0.006193233022776745,12.61701135635376,0.7540173470973969,0.012414246099069715,-204.79907720535994,40.88792154590937,4.0,0.4961915612220764,
1440000,1074.834911108017,-206.72619652748108,39.19238393558655,-0.005239555455045774,14.318624496459961,0.7184525549411773,0.0053067642801131855,-204.79907720535994,40.88792154590937,4.0,0.4328849822282791,
1444000,1078.890733242035,-196.5999106168747,36.11108940013953,-0.007336085222816724,12.567320632934571,0.7848537921905517,0.006798534051631578,-209.27141837775707,38.602717010403914,4.0,0.5050966560840606,
1448000,1081.7890946865082,-196.76546502113342,36.57269569210754,-0.006539665040560072,11.286090660095216,0.7565699756145478,0.009501172020604525,-209.27141837775707,38.602717010403914,4.0,0.47767089307308197,
1452000,1084.6769964694977,-204.83774638175964,29.870233844406002,-0.008227697522534693,11.064229488372803,0.7084044814109802,0.005943216645934957,-209.27141837775707,38.602717010403914,4.0,0.5765803098678589,
1456000,1087.5684580802917,-190.25441598892212,36.97856608367034,-0.005131295355657706,9.319059085845947,0.7152028262615204,0.0056113963803897885,-209.27141837775707,38.602717010403914,4.0,0.47379130125045776,
1460000,1090.4682025909424,-194.15291821956635,38.428274210933935,-0.007905515266737596,9.779971170425416,0.7107130229473114,0.010527202137745916,-209.27141837775707,38.602717010403914,4.0,0.49525257050991056,
1464000,1093.368081331253,-207.11671209335327,37.59723507965179,-0.005258818313945079,19.471658325195314,0.6974321484565735,0.005469967238605022,-209.27141837775707,38.602717010403914,4.0,0.5105237841606141,
1468000,1096.2768149375916,-192.545485496521,33.46735437951153,-0.00787213789050778,15.594773864746093,0.7521820962429047,0.005949579877778888,-209.27141837775707,38.602717010403914,4.0,0.4987351566553116,
1472000,1099.1706490516663,-201.33919382095337,36.90419597382602,-0.006571799625487529,12.564921665191651,0.713836008310318,0.016426520141462488,-209.27141837775707,38.602717010403914,4.0,0.4981991648674011,
1476000,1102.04958152771,-202.35247039794922,34.73954113658514,-0.007976172592801322,18.09512596130371,0.7108689367771148,0.013488700240229568,-209.27141837775707,38.602717010403914,4.0,0.5264345109462738,
1480000,1104.9843089580536,-190.13721537590027,28.245170993329022,-0.006906475684450264,8.860465574264527,0.7561180710792541,0.012154869618825614,-209.27141837775707,38.602717010403914,4.0,0.4707604020833969,
1484000,1109.1019396781921,-192.20908665657043,27.30015846684312,-0.007824519968746913,9.887646865844726,0.7039185762405396,0.010224840813316404,-199.24319984018803,33.07415924729408,4.0,0.5509487390518188,
1488000,1111.9782602787018,-193.7422161102295,26.09120352236375,-0.006641446970713538,14.9366455078125,0.7452069222927094,0.007855792727399091,-199.24319984018803,33.07415924729408,4.0,0.5397798538208007,
1492000,1114.8813922405243,-200.13407373428345,34.797174409397094,-0.006363035816544046,15.151615524291993,0.7331539750099182,0.013744868011213862,-199.24319984018803,33.07415924729408,4.0,0.44887478053569796,
1496000,1117.7847125530243,-202.45728707313538,42.511869786404304,-0.005104538390723334,15.8521240234375,0.8053180515766144,0.011916440448723798,-199.24319984018803,33.07415924729408,4.0,0.4675455540418625,
1500000,1120.6973822116852,-193.9732346534729,35.020906263910234,-0.00594065896514806,11.098925113677979,0.7595300853252411,0.011848281580023467,-199.24319984018803,33.07415924729408,4.0,0.4719074934720993,
1504000,1123.6182053089142,-196.5943808555603,32.26548450519221,-0.004328203454924129,13.090982341766358,0.7692095875740051,0.006043607340310686,-199.24319984018803,33.07415924729408,4.0,0.45499172806739807,
1508000,1126.5022356510162,-192.04006481170654,35.068195487990025,-0.008291064712684638,9.46699824333191,0.7276195526123047,0.00866156066519519,-199.24319984018803,33.07415924729408,4.0,0.46991467773914336,
1512000,1129.3885366916656,-195.9664490222931,33.74436125066905,-0.006265863233090685,13.558637809753417,0.7358124732971192,0.0067998033824066325,-199.24319984018803,33.07415924729408,4.0,0.4714119642972946,
1516000,1132.284595966339,-205.06866908073425,44.46287954533796,-0.005830905784154306,12.735181522369384,0.7510018587112427,0.010902642258132644,-199.24319984018803,33.07415924729408,4.0,0.4627163767814636,
1520000,1135.1628375053406,-198.08224630355835,34.72940974445909,-0.004760344025989483,20.782480239868164,0.7610261917114258,0.005863520462298766,-199.24319984018803,33.07415924729408,4.0,0.47186702489852905,
1524000,1139.2951378822327,-188.92061233520508,32.859462401902185,-0.00609681077549844,9.450287055969238,0.6854097366333007,0.009053027699701488,-202.81170724332333,47.04710256565195,4.0,0.46801034212112425,
1528000,1142.2208828926086,-190.3612493276596,35.52520778907767,-0.006590637359690454,10.928810691833496,0.6799132168293,0.004596338807217171,-202.81170724332333,47.04710256565195,4.0,0.4860549449920654,
1532000,1145.1273036003113,-191.24445641040802,31.61904128729695,-0.006725883406664535,11.530667877197265,0.7049959063529968,0.004056314310049247,-202.81170724332333,47.04710256565195,4.0,0.44753052294254303,
1536000,1148.0333015918732,-200.13227546215057,37.25325046535148,-0.004775446075247558,20.012138175964356,0.6852751672267914,0.004830055835191161,-202.81170724332333,47.04710256565195,4.0,0.4669738978147507,
1540000,1150.9308385849,-198.59405648708344,37.72062331401463,-0.004680913458035008,14.900578212738036,0.6809612393379212,0.005942835996393114,-202.81170724332333,47.04710256565195,4.0,0.4665745377540588,
1544000,1153.8179368972778,-200.75864589214325,38.38300398560173,-0.0062108288919553445,12.97678737640381,0.6473918199539185,0.004471295746897042,-202.81170724332333,47.04710256565195,4.0,0.4604926258325577,
1548000,1156.7098715305328,-198.80342817306519,32.85654838032868,-0.00688993086759,14.862671089172363,0.6728358685970306,0.006454947812017053,-202.81170724332333,47.04710256565195,4.0,0.44542430639266967,
1552000,1159.5682458877563,-202.42600631713867,33.29859861286307,-0.006516714487380071,15.17835874557495,0.6714773952960968,0.00529826425186668,-202.81170724332333,47.04710256565195,4.0,0.4613096207380295,
1556000,1162.4693460464478,-199.350767493248,39.42440556936977,-0.004168531531235198,13.482576084136962,0.6249732673168182,0.006342985949323832,-202.81170724332333,47.04710256565195,4.0,0.4369054138660431,
1560000,1165.3591961860657,-190.37784945964813,40.14615044702706,-0.00490407234810597,16.825197410583495,0.6670655250549317,0.004258005821611732,-202.81170724332333,47.04710256565195,4.0,0.44377759397029876,
1564000,1169.42848944664,-192.4108066558838,29.5876227636348,-0.004718507405603312,12.85628890991211,0.6276920676231384,0.012475169531535357,-201.80774195492268,46.02805648109178,4.0,0.3934132158756256,
1568000,1172.3228888511658,-196.39935517311096,45.97018001849258,-0.003811584365787013,20.029302024841307,0.6308559298515319,0.004901240629609674,-201.80774195492268,46.02805648109178,4.0,0.39459834396839144,
1572000,1175.2137928009033,-191.47948265075684,36.038786030302624,-0.0053499654238112985,17.499925708770753,0.6456044554710388,0.008573966135736555,-201.80774195492268,46.02805648109178,4.0,0.3998017102479935,
1576000,1178.1008622646332,-200.70333898067474,35.94638390904173,-0.00509864306550778,13.423049068450927,0.6604411423206329,0.005714250233722851,-201.80774195492268,46.02805648109178,4.0,0.40953679084777833,
1580000,1180.9823002815247,-198.793949842453,42.04493666826073,-0.005856245788900693,10.246542263031007,0.6662083148956299,0.005898166063707322,-201.80774195492268,46.02805648109178,4.0,0.40536996722221375,
1584000,1183.870953798294,-196.84322690963745,29.574476086971117,-0.004151239574576415,16.030189514160156,0.665065711736679,0.008193917223252356,-201.80774195492268,46.02805648109178,4.0,0.465873709321022,
1588000,1186.690354347229,-197.05442643165588,37.58028945789702,-0.00570076524435228,12.619737815856933,0.6350827753543854,0.006133457052055746,-201.80774195492268,46.02805648109178,4.0,0.4560256779193878,
1592000,1189.5598731040955,-199.3903362751007,34.06107201083255,-0.0035092724432859157,16.16678943634033,0.6024987161159515,0.0046771853664346885,-201.80774195492268,46.02805648109178,4.0,0.4723732888698578,
1596000,1192.479148864746,-199.41434335708618,33.4182972744164,-0.004608853285744096,12.113700675964356,0.592908900976181,0.009031584858894348,-201.80774195492268,46.02805648109178,4.0,0.47985678911209106,
1600000,1195.3674409389496,-203.26056289672852,34.01078372193494,-0.006353714307614844,10.364304351806641,0.5899421095848083,0.00769485654309392,-201.80774195492268,46.02805648109178,4.0,0.4454811543226242,
1604000,1199.4268567562103,-200.53218472003937,39.964643946557395,-0.006975862291020718,11.871951293945312,0.6105602979660034,0.011855669536938285,-208.9884692132473,41.649500145501676,4.0,0.41211862564086915,
1608000,1202.32697057724,-204.53368592262268,37.60688400728814,-0.006394610712925597,15.53304147720337,0.6819463789463043,0.00873596909518053,-208.9884692132473,41.649500145501676,4.0,0.40306985676288604,
1612000,1205.2414627075195,-190.98195600509644,32.88975954755075,-0.006667801800028727,10.357532787322999,0.6419197916984558,0.008682998307670164,-208.9884692132473,41.649500145501676,4.0,0.5168156087398529,
1616000,1208.1129784584045,-198.09806621074677,32.813851332135464,-0.005288931969863675,11.507264041900635,0.6901374936103821,0.005931163229979575,-208.9884692132473,41.649500145501676,4.0,0.42406160533428194,
1620000,1211.0127041339874,-197.26487565040588,30.1378287304692,-0.005368357200641327,10.226060771942139,0.6558447897434234,0.01142205207142979,-208.9884692132473,41.649500145501676,4.0,0.4834652662277222,
1624000,1213.9024863243103,-189.77644205093384,33.913636930466154,-0.004919126709845401,17.025646209716797,0.7316735565662384,0.004363245773129165,-208.9884692132473,41.649500145501676,4.0,0.4384099721908569,
1628000,1216.700210094452,-199.94076585769653,30.657960510056522,-0.006582859694181664,10.710664463043212,0.7082476079463959,0.005822021787753329,-208.9884692132473,41.649500145501676,4.0,0.4799208164215088,
1632000,1219.3923506736755,-204.81673789024353,37.79392568272855,-0.005458425339777051,10.700470733642579,0.6846910893917084,0.007642353462055329,-208.9884692132473,41.649500145501676,4.0,0.4193452924489975,
1636000,1222.1910355091095,-195.7100384235382,38.097915681006555,-0.005618616176613855,14.747785758972167,0.6695842862129211,0.012696815514937043,-208.9884692132473,41.649500145501676,4.0,0.4773311376571655,
1640000,1225.0309324264526,-194.9387503862381,37.64685116513569,-0.005663436142126166,14.441620826721191,0.6613402664661407,0.012188409242158204,-208.9884692132473,41.649500145501676,4.0,0.4736425310373306,
1644000,1228.9126961231232,-197.97046566009521,35.271861322737294,-0.0062861920683644715,15.306204223632813,0.6217904329299927,0.008085504188784398,-203.44036535173655,35.068253645714954,4.0,0.507117748260498,
1648000,1231.599892616272,-196.70602440834045,41.53066450114692,-0.00396993294594965,16.119420051574707,0.6658911108970642,0.007847264877520566,-203.44036535173655,35.068253645714954,4.0,0.4400194019079208,
1652000,1234.3582029342651,-196.70260798931122,43.65839238221326,-0.004648416258084298,17.98898525238037,0.7431885898113251,0.010984181368723511,-203.44036535173655,35.068253645714954,4.0,0.3847977489233017,
1656000,1237.1093559265137,-198.4310920238495,35.37656976646147,-0.0047333202282122235,17.71199674606323,0.6889160633087158,0.006462565995752812,-203.44036535173655,35.068253645714954,4.0,0.4747838705778122,
1660000,1239.8056395053864,-195.49213290214539,35.39642825910254,-0.0052779835636416195,12.372529983520508,0.6925135493278504,0.011093799764601009,-203.44036535173655,35.068253645714954,4.0,0.40252187848091125,
1664000,1242.4981071949005,-197.10672879219055,33.36920827517013,-0.0063905824163618345,15.478116703033447,0.7603084862232208,0.012143143135743837,-203.44036535173655,35.068253645714954,4.0,0.4077929645776749,
1668000,1245.1831374168396,-198.450559258461,40.7687210018718,-0.0054760744778128865,16.20295419692993,0.7192560195922851,0.0073543243343010545,-203.44036535173655,35.068253645714954,4.0,0.4446499079465866,
1672000,1247.9313094615936,-200.79854798316956,31.357022904370687,-0.0061381087712943485,18.597449779510498,0.6948557734489441,0.01478764796629548,-203.44036535173655,35.068253645714954,4.0,0.4843573719263077,
1676000,1250.6672542095184,-197.86742067337036,34.39037209538455,-0.0041405267149287606,13.547004985809327,0.7359837293624878,0.02092449366922189,-203.44036535173655,35.068253645714954,4.0,0.47521786093711854,
1680000,1253.3767476081848,-189.86490750312805,29.758826392643165,-0.006248820593891047,9.71302833557129,0.6789564728736878,0.013947899895720184,-203.44036535173655,35.068253645714954,4.0,0.44361345171928407,
1684000,1257.3009243011475,-201.381010055542,34.416284023383604,-0.00539736815309153,14.023969650268555,0.6756996929645538,0.011667521577328444,-202.01272935420275,40.08561556586037,4.0,0.48202402591705323,
1688000,1260.1576058864594,-203.34297680854797,44.56101023591144,-0.00839737864242246,12.011779594421387,0.6873847305774688,0.012549324985593557,-202.01272935420275,40.08561556586037,4.0,0.4473872780799866,
1692000,1263.0631482601166,-194.11293721199036,32.01610301366162,-0.006562769176574279,15.335068225860596,0.7183004736900329,0.008095841874678999,-202.01272935420275,40.08561556586037,4.0,0.44592945873737333,
1696000,1265.924971818924,-192.42703127861023,31.691828697585187,-0.005266846301654837,16.027781295776368,0.7297790288925171,0.004488433565711603,-202.01272935420275,40.08561556586037,4.0,0.4201122343540192,
1700000,1268.7879614830017,-197.96115565299988,27.9866651936358,-0.005632621815738581,12.535396385192872,0.7226259768009186,0.006703058808886731,-202.01272935420275,40.08561556586037,4.0,0.42358421683311465,
1704000,1271.6768736839294,-206.2742646932602,37.45626949823263,-0.006263645187020295,12.132692432403564,0.7191036462783813,0.012828191364960162,-202.01272935420275,40.08561556586037,4.0,0.4378101319074631,
1708000,1274.5807914733887,-203.46722853183746,39.70643045153865,-0.005216089170814264,20.590603065490722,0.6746894299983979,0.008035316365926217,-202.01272935420275,40.08561556586037,4.0,0.49063633382320404,
1712000,1277.512589931488,-188.9261989593506,29.89383329170552,-0.008287338709303427,7.504914331436157,0.70023592710495,0.0127057831697166,-202.01272935420275,40.08561556586037,4.0,0.4202738732099533,
1716000,1280.4123327732086,-197.09088563919067,34.75416693628805,-0.005920612728378493,13.374460983276368,0.7437847673892974,0.007189857633784413,-202.01272935420275,40.08561556586037,4.0,0.3670439928770065,
1720000,1283.3434889316559,-197.2544403076172,34.458899423478464,-0.005568338824125618,13.435025596618653,0.656001764535904,0.012725920015014713,-202.01272935420275,40.08561556586037,4.0,0.4322438478469849,
1724000,1287.4474124908447,-200.6183558702469,38.66631559874881,-0.005803778654274882,12.341810131072998,0.6849592566490174,0.00893011991865933,-195.18746905773878,40.533804095579015,4.0,0.4352002710103989,
1728000,1290.345950126648,-196.3629548549652,33.466084421041344,-0.007152116369456074,10.779994869232178,0.7175216794013977,0.016081382730044426,-195.18746905773878,40.533804095579015,4.0,0.4265470564365387,
1732000,1293.147112607956,-208.29586386680603,40.30476413646604,-0.005716562966195227,11.841672134399413,0.7152022242546081,0.011057226825505495,-195.18746905773878,40.533804095579015,4.0,0.39209507405757904,
1736000,1296.0646460056305,-200.38766503334045,32.311292639977914,-0.006450372565848128,8.432298374176025,0.7867696523666382,0.010869129118509591,-195.18746905773878,40.533804095579015,4.0,0.371576988697052,
1740000,1298.9485211372375,-204.23790073394775,36.982877871810835,-0.004854648231683889,17.030950450897215,0.7534645199775696,0.003724117160813578,-195.18746905773878,40.533804095579015,4.0,0.3600135177373886,
1744000,1301.8450553417206,-200.6426351070404,30.723602396926825,-0.005328147449967213,17.314213275909424,0.7400136172771454,0.009927443275228143,-195.18746905773878,40.533804095579015,4.0,0.36674260497093203,
1748000,1304.7288608551025,-193.91445553302765,34.3141669214358,-0.007542019623176443,10.953119373321533,0.7354531526565552,0.01047371655423195,-195.18746905773878,40.533804095579015,4.0,0.35180390179157256,
1752000,1307.616429567337,-201.5100908279419,41.70374224681126,-0.006499250565500247,11.14255142211914,0.6827297806739807,0.006087822626965789,-195.18746905773878,40.533804095579015,4.0,0.4030953496694565,
1756000,1310.4593846797943,-196.3946361541748,34.04593038476032,-0.006541833894792948,13.717057800292968,0.6833629608154297,0.004534125758800656,-195.18746905773878,40.533804095579015,4.0,0.42290410697460173,
1760000,1313.379658460617,-197.39463222026825,38.78967276297251,-0.005134368029345282,10.906302452087402,0.6954260766506195,0.007071036340513581,-195.18746905773878,40.533804095579015,4.0,0.34812013804912567,
1764000,1317.4461164474487,-193.60224986076355,32.16021560014477,-0.0065509216186280025,9.927824211120605,0.6661775887012482,0.00762979241553694,-204.05785734951496,42.9836998688282,4.0,0.393918451666832,
1768000,1320.3434870243073,-197.04398047924042,34.27966072671381,-0.005863587077862231,13.338213157653808,0.7009769558906556,0.00582990279654041,-204.05785734951496,42.9836998688282,4.0,0.36998236179351807,
1772000,1323.2870020866394,-197.3875813484192,35.52755720823581,-0.008098192481789824,10.761018371582031,0.6577101171016693,0.007997983951463538,-204.05785734951496,42.9836998688282,4.0,0.40268156230449675,
1776000,1326.182237148285,-195.15060782432556,35.0301423005787,-0.0064575444559256566,13.454721641540527,0.6568300306797028,0.0038484971926858067,-204.05785734951496,42.9836998688282,4.0,0.3845124453306198,
1780000,1329.0766360759735,-202.32319259643555,37.76698964465794,-0.0071805753007840424,17.345719432830812,0.6677652299404144,0.011076608894237694,-204.05785734951496,42.9836998688282,4.0,0.37497041523456576,
1784000,1331.9708762168884,-196.69757533073425,35.37541643688629,-0.007913831316555608,11.818061447143554,0.675282096862793,0.005384401507171255,-204.05785734951496,42.9836998688282,4.0,0.4006688058376312,
1788000,1334.872197151184,-199.86091768741608,41.237260260068794,-0.006619804751127956,15.673157119750977,0.7030890583992004,0.0051969742402434346,-204.05785734951496,42.9836998688282,4.0,0.3794624894857407,
1792000,1337.7626736164093,-204.5743372440338,42.29614053115729,-0.006009852928109361,15.268272972106933,0.6942096471786499,0.006937113951426,-204.05785734951496,42.9836998688282,4.0,0.3289127141237259,
1796000,1340.6274342536926,-203.99685966968536,41.73884738921241,-0.00583944879068683,12.793691253662109,0.6776111006736756,0.00442325094049254,-204.05785734951496,42.9836998688282,4.0,0.45841326713562014,
1800000,1343.503317117691,-202.79174733161926,33.06454914030377,-0.0052309195365134896,17.715627098083495,0.631712406873703,0.0052965094393584876,-204.05785734951496,42.9836998688282,4.0,0.3846182137727737,
1804000,1347.5757648944855,-199.6642404794693,38.15755673196292,-0.006060080244826782,12.987532711029052,0.6186303555965423,0.008103451282639673,-204.30318766087294,39.77790009598805,4.0,0.4268692970275879,
1808000,1350.4674804210663,-196.75772356987,37.97147737778374,-0.007044605735223719,17.289718532562254,0.6545036792755127,0.006903728345059789,-204.30318766087294,39.77790009598805,4.0,0.39073248505592345,
1812000,1353.341631412506,-200.20282864570618,31.389807078882807,-0.008117900393592859,10.900786399841309,0.6058007895946502,0.007521882715082029,-204.30318766087294,39.77790009598805,4.0,0.4350417345762253,
1816000,1356.2612836360931,-202.75232768058777,35.42097737456374,-0.005741076096659548,12.195707035064697,0.6187396943569183,0.010299035032900684,-204.30318766087294,39.77790009598805,4.0,0.4148644357919693,
1820000,1359.1667840480804,-190.01453232765198,29.838542677366558,-0.004109651792639291,11.238358116149902,0.6254920423030853,0.006652086752466868,-204.30318766087294,39.77790009598805,4.0,0.40293610394001006,
1824000,1362.0575168132782,-194.6630516052246,39.71971783935606,-0.007448395619013659,13.539624500274659,0.620041799545288,0.011041879492190976,-204.30318766087294,39.77790009598805,4.0,0.38773904740810394,
1828000,1364.944613456726,-209.31241154670715,47.19867886809757,-0.0058913113280820275,16.447908210754395,0.5885255873203278,0.0065071866882790985,-204.30318766087294,39.77790009598805,4.0,0.4344572305679321,
1832000,1367.8365271091461,-196.81763529777527,40.783414232014316,-0.0056417870139703116,17.732332611083983,0.634964543581009,0.011965412414322297,-204.30318766087294,39.77790009598805,4.0,0.4352594166994095,
1836000,1370.7161388397217,-203.785542011261,36.93134096268777,-0.005889119498509288,20.84723777770996,0.6857655584812165,0.003152654198696858,-204.30318766087294,39.77790009598805,4.0,0.3353085070848465,
1840000,1373.435343503952,-198.40833616256714,33.26720007235826,-0.007091614760147991,10.623620319366456,0.6143978476524353,0.006092890334548429,-204.30318766087294,39.77790009598805,4.0,0.3949702799320221,
1844000,1377.3663744926453,-202.93221056461334,40.52599309917711,-0.007434636947233208,17.187525463104247,0.709291398525238,0.003421272791223601,-200.3661206662655,39.419850673742694,4.0,0.4335290938615799,
1848000,1380.0758545398712,-199.24748933315277,33.3057615105632,-0.006906254163011915,15.151223754882812,0.6381438851356507,0.008970543532632292,-200.3661206662655,39.419850673742694,4.0,0.4235382616519928,
1852000,1382.7902960777283,-203.10717368125916,33.248902493936974,-0.0064952893403048325,12.214474868774413,0.6510165631771088,0.002824707586956121,-200.3661206662655,39.419850673742694,4.0,0.38233376741409303,
1856000,1385.5000581741333,-200.69586300849915,35.010793490169306,-0.005637263195666797,12.461439895629884,0.582016134262085,0.004539419304346692,-200.3661206662655,39.419850673742694,4.0,0.43031913638114927,
1860000,1388.202940940857,-190.49721586704254,27.84561736068181,-0.006380839670697869,11.069726657867431,0.6017018854618073,0.009803878853927018,-200.3661206662655,39.419850673742694,4.0,0.4405198961496353,
1864000,1391.0073688030243,-195.49813628196716,33.423633424899656,-0.006492909464519414,12.117725849151611,0.5997022807598114,0.006592582752152065,-200.3661206662655,39.419850673742694,4.0,0.39794948101043703,
1868000,1393.8946437835693,-198.7052767276764,33.28215220506954,-0.008734462587007741,8.848451089859008,0.5896414697170258,0.011859870539046824,-200.3661206662655,39.419850673742694,4.0,0.45308577120304105,
1872000,1396.7949528694153,-193.5014806985855,34.57657190283953,-0.0074837198198462575,10.277943325042724,0.5906672298908233,0.006113464880734743,-200.3661206662655,39.419850673742694,4.0,0.37587158679962157,
1876000,1399.6703963279724,-196.6236174106598,36.41803309741251,-0.0055819017038059695,21.29517517089844,0.5962848722934723,0.006702896661590785,-200.3661206662655,39.419850673742694,4.0,0.4448040574789047,
1880000,1402.5534071922302,-196.9906268119812,31.820920163874547,-0.007415388346494467,9.486819982528687,0.6301880478858948,0.007445084117352963,-200.3661206662655,39.419850673742694,4.0,0.4071106344461441,
1884000,1406.592621564865,-195.56452476978302,32.22260418528048,-0.004664687254737743,10.93449239730835,0.6113870680332184,0.011314255663504191,-203.9291964918375,34.89877281479284,4.0,0.4254066407680511,
1888000,1409.4901292324066,-197.38525581359863,33.50412627613966,-0.007522462195406377,13.588476943969727,0.6171537160873413,0.0065736385295167565,-203.9291964918375,34.89877281479284,4.0,0.36631393134593965,
1892000,1412.3641712665558,-193.0024538040161,42.05584938660447,-0.005730125661473728,19.23154411315918,0.6205995380878448,0.007713263501723633,-203.9291964918375,34.89877281479284,4.0,0.4252395898103714,
1896000,1415.2512781620026,-191.6208552122116,34.1901346958098,-0.005540989937260754,10.083646202087403,0.6002897322177887,0.005369218262145292,-203.9291964918375,34.89877281479284,4.0,0.46049566864967345,
1900000,1418.1408195495605,-195.4516727924347,33.59767009976191,-0.005934437069653953,12.215389919281005,0.5850877285003662,0.008716259971881968,-203.9291964918375,34.89877281479284,4.0,0.41287268698215485,
1904000,1421.00461935997,-194.6019297838211,34.137976850238886,-0.00607713451438272,13.671984195709229,0.5652109622955322,0.00777587412896299,-203.9291964918375,34.89877281479284,4.0,0.44039287865161897,
1908000,1423.9095420837402,-202.79203283786774,38.17102544323806,-0.0058621429631797286,21.319614791870116,0.608042299747467,0.006670543033707332,-203.9291964918375,34.89877281479284,4.0,0.4492144972085953,
1912000,1426.7939801216125,-194.89449453353882,33.03631247294028,-0.006151577584212653,8.737972784042359,0.5785332262516022,0.004313106992049143,-203.9291964918375,34.89877281479284,4.0,0.40110952258110044,
1916000,1429.645054101944,-190.85384941101074,37.54356136999089,-0.006308241357018041,11.9867919921875,0.5838175177574157,0.008826210046187022,-203.9291964918375,34.89877281479284,4.0,0.3795728385448456,
1920000,1432.5317730903625,-204.60935401916504,37.698774782344785,-0.006689904505697353,15.612056446075439,0.6124920308589935,0.004860727196501102,-203.9291964918375,34.89877281479284,4.0,0.36726788580417635,
1924000,1436.5716562271118,-195.91290736198425,36.24360287016948,-0.0056329461651234425,11.307038593292237,0.6218515634536743,0.007858152395735197,-204.0267248749733,35.72470174107576,4.0,0.37484479546546934,
1928000,1439.4809889793396,-206.54017519950867,35.454373638731695,-0.0063444707915962795,11.804583835601807,0.6173859417438508,0.008662156422544897,-204.0267248749733,35.72470174107576,4.0,0.3938154935836792,
1932000,1442.4011385440826,-202.04625535011292,36.185079889772894,-0.005712025984035129,12.666418552398682,0.6690164983272553,0.0036276023369282485,-204.0267248749733,35.72470174107576,4.0,0.39321900010108946,
1936000,1445.323575258255,-191.31872022151947,27.20534065942969,-0.006768363106219688,8.758532333374024,0.608899998664856,0.006183020486787427,-204.0267248749733,35.72470174107576,4.0,0.3875501424074173,
1940000,1448.2226967811584,-196.52154731750488,36.49550371242426,-0.006570455239775263,10.880952644348145,0.6429051518440246,0.005148921557702124,-204.0267248749733,35.72470174107576,4.0,0.3604141592979431,
1944000,1451.1556491851807,-201.61382365226746,37.55659236532355,-0.007967496614127078,13.059304428100585,0.6254089653491974,0.0064497528888750825,-204.0267248749733,35.72470174107576,4.0,0.4194667100906372,
1948000,1454.0732061862946,-204.42392110824585,36.419303790199734,-0.005855951592947051,16.448835372924805,0.6624815583229064,0.0033609919568213355,-204.0267248749733,35.72470174107576,4.0,0.3925547629594803,
1952000,1456.9840908050537,-192.1995234489441,30.15612218638461,-0.006014694712279933,8.623112726211549,0.6874691784381867,0.009140382218174637,-204.0267248749733,35.72470174107576,4.0,0.4224935591220856,
1956000,1459.9126431941986,-198.72586607933044,39.44945320006079,-0.003933304971724283,18.674016857147215,0.7267640054225921,0.0036229499945572563,-204.0267248749733,35.72470174107576,4.0,0.4036693751811981,
1960000,1462.8423359394073,-191.01161122322083,37.63199669339356,-0.007430532549507918,16.45381917953491,0.7009557008743286,0.009073021281510617,-204.0267248749733,35.72470174107576,4.0,0.4392138123512268,
1964000,1466.7250027656555,-191.37182450294495,29.285236602770304,-0.006736471962804596,12.11796588897705,0.6891853272914886,0.00860340583138175,-199.9325893074274,35.319947887328006,4.0,0.4364593267440796,
1968000,1469.6113622188568,-197.80640125274658,32.41897122027906,-0.008167005807006068,10.280680942535401,0.6729955494403839,0.007200455234851688,-199.9325893074274,35.319947887328006,4.0,0.4165918558835983,
1972000,1472.5327904224396,-200.9653903245926,35.53397711186723,-0.006186104371522871,14.191550254821777,0.7370245218276977,0.005769204366796954,-199.9325893074274,35.319947887328006,4.0,0.3844473659992218,
1976000,1475.4605238437653,-193.02642488479614,33.9644819734675,-0.006930004796944544,12.552458381652832,0.693797093629837,0.007871770109670884,-199.9325893074274,35.319947887328006,4.0,0.4008534848690033,
1980000,1478.3895094394684,-204.23158729076385,38.57715300844839,-0.008487221276387569,20.989628410339357,0.6815433621406555,0.007424337987322361,-199.9325893074274,35.319947887328006,4.0,0.43564819991588594,
1984000,1481.3137876987457,-192.16951155662537,31.46886819247815,-0.006866286589763959,10.39805965423584,0.6991226375102997,0.009833230032896,-199.9325893074274,35.319947887328006,4.0,0.37222619652748107,
1988000,1484.1994976997375,-202.89572370052338,47.32972119847717,-0.00653764518140818,14.541521549224854,0.6990937829017639,0.004456787232309578,-199.9325893074274,35.319947887328006,4.0,0.3689997732639313,
1992000,1487.0770194530487,-188.53199124336243,31.556923506035194,-0.007534367848808588,14.077844142913818,0.7121441602706909,0.008336896499347369,-199.9325893074274,35.319947887328006,4.0,0.4013453245162964,
1996000,1489.9079718589783,-193.8296103477478,32.116098433547506,-0.007770435535193787,12.401570701599121,0.6961456179618836,0.006479544466128573,-199.9325893074274,35.319947887328006,4.0,0.38379043340682983,
2000000,1492.7841954231262,-204.7331428527832,44.352722795524144,-0.006162064280671409,15.983092784881592,0.7248314201831818,0.00530586825334467,-199.9325893074274,35.319947887328006,4.0,0.4050962418317795,
