global_step,wall_time_s,ep_return_mean,ep_return_std,policy_loss,value_loss,entropy,approx_kl,eval_return_mean,eval_return_std,mean_k,attn_entropy,lagrange_lambda
4000,8.7422034740448,-710.2514429092407,76.43108598419815,-0.0004283614803966884,505.1992706298828,1.599127507209778,5.221408262999216e-05,,,,2.237051320075989,
8000,17.17774796485901,-713.5191402435303,96.64867082121424,-0.0004707789742290913,426.7405487060547,1.5939065098762513,0.00019522074588894655,,,,2.2639275789260864,
12000,25.722699880599976,-695.4753351211548,82.5338053772378,-0.0007434229527525816,429.18959045410156,1.5893536806106567,0.0,,,,2.257413053512573,
16000,34.16725564002991,-702.0534210205078,82.8726054573455,-0.0005744701119837714,479.201025390625,1.5888714075088501,0.00010998590134962405,,,,2.2754900217056275,
20000,42.54026985168457,-718.4374876022339,101.17690835711572,-0.0003435224620375266,409.2452026367188,1.5931021690368652,0.00023870579025242478,,,,2.222728800773621,
24000,50.99001717567444,-726.4773597717285,97.40950979652305,-0.00012213200536645986,468.41651306152346,1.5896785497665404,1.2250756572029787e-05,,,,2.219953203201294,
28000,59.47296738624573,-737.2147274017334,109.57043297255743,-0.00013194833567711228,387.4788879394531,1.5769246578216554,4.470348535789981e-11,,,,2.236923336982727,
32000,67.89190912246704,-744.2543334960938,115.98193253746919,-0.0003559243576070514,324.42718811035155,1.581361508369446,9.251137633725648e-11,,,,2.223065447807312,
36000,76.3484992980957,-729.7081613540649,98.6550688514239,-0.00013168913243983839,246.30924224853516,1.5860547065734862,1.5273690090467084e-10,,,,2.2313915967941282,
40000,84.75648260116577,-728.2904682159424,101.2487261354514,-0.00021351757189549402,207.0031005859375,1.5883257627487182,5.118766120237317e-05,,,,2.247743773460388,
44000,95.5366280078888,-722.8125505447388,86.78409507600814,-0.00024227150334379388,204.09756927490236,1.582011103630066,7.303780307665875e-06,-822.1746431291103,113.82383756602113,,2.254411816596985,
48000,103.95233392715454,-714.8362550735474,97.76270784295629,-0.0004147710509229796,170.01123046875,1.5819114446640015,1.639127722441458e-10,-822.1746431291103,113.82383756602113,,2.2453230381011964,
52000,112.39180541038513,-700.4712400436401,88.07949892895564,-0.0002708739256814141,136.0349853515625,1.5682585120201111,7.882680771824635e-05,-822.1746431291103,113.82383756602113,,2.2557804584503174,
56000,120.80396866798401,-710.6668500900269,101.3729404017775,-0.0005050202569595541,111.30693588256835,1.5662274837493897,0.00011537090952576067,-822.1746431291103,113.82383756602113,,2.2731056690216063,
60000,129.2699739933014,-691.2964382171631,82.66471420406484,-0.00032813960809532363,103.9078239440918,1.5653453588485717,0.00021969259842080646,-822.1746431291103,113.82383756602113,,2.240613865852356,
64000,137.69357466697693,-712.2716999053955,88.75235492513765,0.00011568186965700278,122.2927116394043,1.5501205205917359,5.501691102836048e-05,-822.1746431291103,113.82383756602113,,2.2539366483688354,
68000,146.1760287284851,-709.2180976867676,103.06717294798032,-0.0002042128878150251,75.85625915527343,1.5584648966789245,0.00012966496443793661,-822.1746431291103,113.82383756602113,,2.245753288269043,
72000,154.5803472995758,-697.0032405853271,80.96232056166617,-0.00038762240024521334,92.83107223510743,1.5545432329177857,0.00010162876624235651,-822.1746431291103,113.82383756602113,,2.276635932922363,
76000,162.88392448425293,-756.5838193893433,103.03825622676833,-0.00014444385269420933,96.46748275756836,1.546689760684967,0.00037380686699179934,-822.1746431291103,113.82383756602113,,2.2366403579711913,
80000,171.27450847625732,-724.6973896026611,91.49417086322079,-0.0003857429062335882,86.42982635498046,1.561781930923462,0.0,-822.1746431291103,113.82383756602113,,2.207739543914795,
84000,181.97258281707764,-746.0346450805664,94.03610368420796,-0.0002775074908687003,67.63332481384278,1.5465948700904846,0.0002411240991932573,-993.3417310118675,251.11299701962545,,2.16806697845459,
88000,190.31622076034546,-753.8775587081909,103.23499691207198,-0.00032194494193626966,60.575140380859374,1.5309472322463988,3.298589097298077e-05,-993.3417310118675,251.11299701962545,,2.165331816673279,
92000,198.80826902389526,-755.5999879837036,110.09482598087413,-0.0003878809332769961,112.45609169006347,1.5306132555007934,0.0004206607734765083,-993.3417310118675,251.11299701962545,,2.1310980796813963,
96000,207.24742078781128,-757.4834151268005,102.65702385615218,-0.0006174788970771949,55.373264122009275,1.5127945780754088,0.00021797521166324607,-993.3417310118675,251.11299701962545,,2.1476800441741943,
100000,215.5255889892578,-772.4990305900574,130.4520330653613,-0.0003164216081847027,84.3524383544922,1.524094820022583,0.0003503154256965679,-993.3417310118675,251.11299701962545,,2.14931321144104,
104000,223.79073405265808,-765.8768587112427,115.22877332698218,-0.00039994888754151247,56.20479488372803,1.5230504393577575,0.0003679923527670326,-993.3417310118675,251.11299701962545,,2.1373882055282594,
108000,232.0622432231903,-722.7550773620605,91.96079156096289,-0.0004271039284066802,64.74790229797364,1.5483125448226929,0.0001385358795459979,-993.3417310118675,251.11299701962545,,2.2186498641967773,
112000,240.32268500328064,-720.4185838699341,85.8385575611051,-0.0002622903017556411,42.79845085144043,1.540069818496704,0.0002853272130159901,-993.3417310118675,251.11299701962545,,2.1859355211257934,
116000,248.6997332572937,-737.1062355041504,118.49802563797881,-0.00046030457186381214,72.10669403076172,1.5054233193397522,5.855210141210987e-05,-993.3417310118675,251.11299701962545,,2.1626878499984743,
120000,257.1411828994751,-736.1643915176392,115.2389826158064,-0.00046311977142243776,59.415896797180174,1.513629949092865,0.0003484879331226709,-993.3417310118675,251.11299701962545,,2.122853684425354,
124000,267.71658992767334,-732.9440898895264,96.4498253263064,-0.0007779569331031411,47.18139495849609,1.4908116102218627,0.00043524851880647473,-897.4782652258873,150.97206856675055,,2.150444579124451,
128000,276.17637753486633,-706.8174934387207,84.03628908062375,-0.0005242186161146023,58.71393337249756,1.5027309894561767,0.0008000087978919824,-897.4782652258873,150.97206856675055,,2.20358567237854,
132000,284.65634322166443,-700.9643745422363,87.61528588738254,-0.0007944026800881243,62.554880905151364,1.4847235321998595,0.0004657714157995874,-897.4782652258873,150.97206856675055,,2.164181876182556,
136000,293.05238485336304,-695.7560977935791,68.7771119946387,-3.2314176978687215e-07,79.3790241241455,1.510995364189148,0.000263166893273592,-897.4782652258873,150.97206856675055,,2.2273086309432983,
140000,301.489887714386,-749.9409513473511,93.47700132821262,-0.0010943152052544924,42.54890594482422,1.4855855226516723,0.00027030467354052237,-897.4782652258873,150.97206856675055,,2.217588710784912,
144000,309.89997243881226,-784.8121118545532,139.7908116459635,-0.0007871353943095016,91.3577938079834,1.4528313994407653,0.0005328895207640016,-897.4782652258873,150.97206856675055,,2.1879149198532106,
148000,318.38496589660645,-767.5023546218872,100.881366878481,-0.0009310017739576181,47.08864612579346,1.4756617903709413,0.00014487577554973542,-897.4782652258873,150.97206856675055,,2.215648865699768,
152000,326.8198263645172,-783.5023736953735,129.59459907625293,-0.0002613054944298199,51.93960437774658,1.4828668117523194,0.00035901664719373836,-897.4782652258873,150.97206856675055,,2.2020958185195925,
156000,335.2970006465912,-747.8699226379395,98.1664297528994,-0.0003070356360124871,47.8688419342041,1.5187883496284484,0.00029858120412003096,-897.4782652258873,150.97206856675055,,2.215888833999634,
160000,343.78543877601624,-746.8209686279297,93.71977625553113,-0.0006195936257148204,39.92109279632568,1.488032054901123,0.0002643546471474245,-897.4782652258873,150.97206856675055,,2.215764784812927,
164000,354.5392186641693,-765.8094663619995,91.7732693978466,-0.0012484034121152733,55.486138916015626,1.4722481489181518,0.0008594638865227656,-1179.7068893015385,202.60742526226392,,2.2411049127578737,
168000,362.94586968421936,-799.0931062698364,130.30872742278368,-0.000682691073190611,73.44026908874511,1.4588026404380798,0.0008157785225290967,-1179.7068893015385,202.60742526226392,,2.2201583862304686,
172000,371.4239978790283,-803.6195058822632,121.70753218917925,-0.0010831422657647583,52.525235176086426,1.4114637613296508,0.00027343907495378514,-1179.7068893015385,202.60742526226392,,2.159192371368408,
176000,379.8394236564636,-781.8665590286255,142.01495452073974,-0.0012982758376359094,78.97699546813965,1.4139155745506287,0.0011054781088945087,-1179.7068893015385,202.60742526226392,,2.1883562326431276,
180000,388.3083007335663,-766.6448202133179,105.22324923201778,-0.0009264679023763378,57.48445377349854,1.4521213889122009,0.0007137430658816335,-1179.7068893015385,202.60742526226392,,2.1521601915359496,
184000,396.7206506729126,-713.5778045654297,106.71154125289588,-0.0008558072036054298,50.53159770965576,1.46094651222229,0.0006019124217345962,-1179.7068893015385,202.60742526226392,,2.1528589010238646,
188000,405.1667513847351,-709.138557434082,97.08981595321495,-0.00022111298594489347,44.92060012817383,1.4647780776023864,0.00023392106961304116,-1179.7068893015385,202.60742526226392,,2.222550368309021,
192000,413.57417845726013,-736.8462934494019,100.48346913156773,-0.001438640421217574,40.12599220275879,1.4170998454093933,0.0006198549192959035,-1179.7068893015385,202.60742526226392,,2.1459158420562745,
196000,421.9541163444519,-744.7868328094482,108.49230730500531,-0.0003844339100912197,50.922903060913086,1.3844849348068238,0.0003313981091196183,-1179.7068893015385,202.60742526226392,,2.1421749591827393,
200000,430.22333574295044,-730.2570266723633,99.56960010613685,-0.0007236318380782869,36.22042808532715,1.3570879578590394,0.0014405511647055391,-1179.7068893015385,202.60742526226392,,2.108085560798645,
204000,440.8924925327301,-712.0357255935669,80.68628861376666,-0.0011829552680136858,52.436184310913085,1.3973360896110534,0.0007553366534508998,-909.1813113689423,186.69616237880018,,2.2077049255371093,
208000,449.3737907409668,-730.0321550369263,99.83007470429445,-0.0006518462151434478,59.983116912841794,1.4092447280883789,0.0004870570375023808,-909.1813113689423,186.69616237880018,,2.1744351148605348,
212000,457.8392381668091,-736.1377038955688,127.72733400576281,-0.0017232577779795477,41.70741939544678,1.3574944853782653,0.0019140309646900277,-909.1813113689423,186.69616237880018,,2.205438995361328,
216000,466.2650480270386,-732.7975606918335,80.41487478268394,-0.0013948520833364508,33.03366203308106,1.3436004757881164,0.0007153617870062634,-909.1813113689423,186.69616237880018,,2.153357148170471,
220000,474.715722322464,-712.5956645011902,86.02761501979808,-0.0013823545168852648,24.020967388153075,1.3381814122200013,0.0018141759874415575,-909.1813113689423,186.69616237880018,,2.171876335144043,
224000,483.1489336490631,-746.9259119033813,110.09454987397704,-0.0014872140468069172,41.7019458770752,1.3153306126594544,0.0011344918566464912,-909.1813113689423,186.69616237880018,,2.148561453819275,
228000,491.5884566307068,-699.5615568161011,78.62917608193806,-0.0014786414805493919,26.985217475891112,1.3696630835533141,0.0013163643710625728,-909.1813113689423,186.69616237880018,,2.2203527688980103,
232000,500.0364468097687,-734.6998205184937,85.9162663657563,-0.0011500848270709963,30.035147857666015,1.3192777752876281,0.0009211391729283313,-909.1813113689423,186.69616237880018,,2.225145435333252,
236000,508.3743999004364,-737.1333475112915,77.47606285873874,-0.0024093305312561596,33.24443531036377,1.3338858008384704,0.0024225118664617184,-909.1813113689423,186.69616237880018,,2.224434328079224,
240000,516.65278840065,-713.991286277771,115.36833206216998,-0.0013646015224512808,49.85542812347412,1.359904408454895,0.0010501690543605947,-909.1813113689423,186.69616237880018,,2.1691258907318116,
244000,527.3158729076385,-740.5739469528198,94.98578687149829,-0.0015672374617521356,47.28768463134766,1.3471987962722778,0.0011570590169867501,-809.566598802805,105.03989058720259,,2.18706533908844,
248000,535.7503142356873,-710.7244863510132,100.48522839321562,-0.001956216149764561,37.587096977233884,1.3393946051597596,0.001902131250972161,-809.566598802805,105.03989058720259,,2.2273839950561523,
252000,544.2193901538849,-707.1101460456848,91.94638594299192,-0.0019673861237242906,29.65561752319336,1.3517937660217285,0.002184348096217348,-809.566598802805,105.03989058720259,,2.198847031593323,
256000,552.6656675338745,-712.5054187774658,98.6347583201841,-0.0017506852940617711,42.5765796661377,1.337528371810913,0.0021821933930235293,-809.566598802805,105.03989058720259,,2.150519037246704,
260000,561.137937784195,-717.2172222137451,90.05899522432858,-0.0022589237865370928,41.29400444030762,1.3439995169639587,0.0017761909060936888,-809.566598802805,105.03989058720259,,2.1948421478271483,
264000,569.5410070419312,-715.2736577987671,90.6960994914287,-0.0026901979437874424,61.23426399230957,1.3436370968818665,0.00299623022709663,-809.566598802805,105.03989058720259,,2.165302014350891,
268000,578.0036673545837,-693.8409948348999,87.55326475136954,-0.001768403780045147,33.88309097290039,1.3919782996177674,0.001956528423261869,-809.566598802805,105.03989058720259,,2.191298508644104,
272000,586.4336221218109,-691.8993487358093,81.19793014369444,-0.002698586253604596,37.57324638366699,1.3808940052986145,0.0017246292468371394,-809.566598802805,105.03989058720259,,2.129540491104126,
276000,594.8511958122253,-698.7035360336304,79.66532095388219,-0.0019943237898017553,45.32519054412842,1.3825016260147094,0.0021074767617392355,-809.566598802805,105.03989058720259,,2.1735332012176514,
280000,603.2671661376953,-705.6181936264038,75.02694332420555,-0.002675646192277803,39.417544746398924,1.3693204402923584,0.001556979528085023,-809.566598802805,105.03989058720259,,2.1076584100723266,
284000,614.024952173233,-677.5274820327759,79.91922260084922,-0.0010224575934892678,35.66374473571777,1.3894969344139099,0.0037534352159127593,-735.6382069885731,84.14689385150281,,2.151730012893677,
288000,622.4197154045105,-710.5712747573853,73.03398315331363,-0.003630301790622381,43.97749366760254,1.3859206080436706,0.002581015847681556,-735.6382069885731,84.14689385150281,,2.181362509727478,
292000,630.723569393158,-693.9411945343018,85.04382947550327,-0.0013456893029701433,44.73560771942139,1.402300226688385,0.0014757427328731866,-735.6382069885731,84.14689385150281,,2.139354038238525,
296000,639.1467723846436,-705.1965093612671,101.4251466011319,-0.0015619240053347029,65.21825485229492,1.4117973566055297,0.0016428591596195474,-735.6382069885731,84.14689385150281,,2.156369948387146,
300000,647.6038520336151,-707.8038930892944,94.30600329487811,-0.002145550380557992,46.07838191986084,1.3674999475479126,0.0010816056874318747,-735.6382069885731,84.14689385150281,,2.1698376655578615,
304000,656.0581874847412,-694.2250823974609,85.85715124443635,-0.0016649087239408277,46.61750450134277,1.3333858013153077,0.001860878178558778,-735.6382069885731,84.14689385150281,,2.132405495643616,
308000,664.5003485679626,-693.2367010116577,79.94408318803815,-0.003043571412951396,36.50495567321777,1.3685745358467103,0.001920871938673363,-735.6382069885731,84.14689385150281,,2.1548394441604612,
312000,672.9802575111389,-701.9315853118896,99.75561870832753,-0.0024937505273847195,58.06415481567383,1.3874271750450133,0.002042573008293402,-735.6382069885731,84.14689385150281,,2.1025481939315798,
316000,681.4265336990356,-714.3782072067261,91.51705150019004,-0.0013600182596807731,42.74881496429443,1.392398428916931,0.0014296685545511223,-735.6382069885731,84.14689385150281,,2.082832193374634,
320000,689.8586492538452,-688.6645498275757,94.93549822759573,-0.00205691217833861,57.90939292907715,1.3636489748954772,0.001729162392769168,-735.6382069885731,84.14689385150281,,2.0373696804046633,
324000,700.6726295948029,-734.7972774505615,111.19146633386889,-0.0019149007177523103,62.39247436523438,1.382739543914795,0.0009894454730626113,-739.4752922952175,138.48741726571305,,2.0729065895080567,
328000,709.1090667247772,-726.0330295562744,82.01076744719933,-0.002959313271159769,52.09844207763672,1.3749719262123108,0.002398789016820957,-739.4752922952175,138.48741726571305,,2.0776034355163575,
332000,717.5836164951324,-726.2875413894653,93.47873794428605,-0.0022400699906671485,64.49772758483887,1.3743023872375488,0.0016997284865744144,-739.4752922952175,138.48741726571305,,2.037825179100037,
336000,725.9994654655457,-754.4756412506104,113.05499484480805,-0.0023274435519706317,65.40038986206055,1.3141998171806335,0.0029628387729947804,-739.4752922952175,138.48741726571305,,2.057298755645752,
340000,734.4653420448303,-728.4668464660645,103.23582100121081,-0.003033615080174057,64.72385864257812,1.3214816451072693,0.0031998844444751763,-739.4752922952175,138.48741726571305,,2.056506848335266,
344000,742.7208697795868,-748.2261018753052,105.71082533286469,-0.0029092711143118067,44.99346694946289,1.2881234288215637,0.0004960144549841061,-739.4752922952175,138.48741726571305,,1.8772470116615296,
348000,751.1614294052124,-728.83607006073,99.27525783471262,-0.0023951677911294043,66.4401123046875,1.3329382300376893,0.0029840728093404323,-739.4752922952175,138.48741726571305,,1.9134965896606446,
352000,759.5711009502411,-736.6736669540405,98.38054974518936,-0.003047600698851305,89.29748153686523,1.3369326710700988,0.0014525577731546945,-739.4752922952175,138.48741726571305,,1.8887109637260437,
356000,768.0082588195801,-716.839777469635,100.0384808769407,-0.003595603205884501,79.18045425415039,1.3459564685821532,0.0016011061015888117,-739.4752922952175,138.48741726571305,,1.8650719285011292,
360000,776.4102365970612,-706.5758118629456,95.91494907406954,-0.0029023657124877646,89.33874206542968,1.3468630194664002,0.001990251228562556,-739.4752922952175,138.48741726571305,,1.913320541381836,
364000,787.174195766449,-714.6806449890137,106.96916162348892,-0.002938667877189216,92.11456413269043,1.3328768968582154,0.001760904807724728,-735.33871114254,118.86898848706261,,1.9200485944747925,
368000,795.6474611759186,-713.1653079986572,89.31415236726149,-0.001947168097569385,87.16966743469239,1.345039176940918,0.0006124842534385166,-735.33871114254,118.86898848706261,,1.8437204718589784,
372000,804.0502183437347,-686.2525463104248,82.17366521070383,-0.0031564164203591537,97.28592681884766,1.3191251277923584,0.0009249531343812123,-735.33871114254,118.86898848706261,,1.9958537101745606,
376000,812.308465719223,-695.5849552154541,99.42906830721941,-0.0031632331950822933,83.26340408325196,1.2615037322044373,0.003080433019204065,-735.33871114254,118.86898848706261,,1.8770240783691405,
380000,820.6502950191498,-692.8897333145142,101.56895546379752,-0.002586251559938946,85.81338806152344,1.2821292877197266,0.0019345309226773688,-735.33871114254,118.86898848706261,,1.9585565209388733,
384000,829.0609941482544,-719.7739200592041,96.07741474780887,-0.003031046345364308,84.02410011291504,1.2993279099464417,0.0014695573801873252,-735.33871114254,118.86898848706261,,1.9711561679840088,
388000,837.5112328529358,-741.826621055603,106.68205532833947,-0.001306398973218137,71.72698783874512,1.2827976822853089,0.0017138582712505012,-735.33871114254,118.86898848706261,,1.8870807051658631,
392000,845.9280140399933,-740.5348634719849,93.90971796461152,-0.002759185304477185,64.15868072509765,1.286571192741394,0.0015099857659151895,-735.33871114254,118.86898848706261,,1.8848998427391053,
396000,854.3584415912628,-730.3146963119507,105.80999282391411,-0.002252374821769365,58.802276611328125,1.2874150037765504,0.001963787948625395,-735.33871114254,118.86898848706261,,1.9150406479835511,
400000,862.7566809654236,-771.4842433929443,124.04006896977707,-0.0010921629984707692,81.74938201904297,1.2843546152114869,0.0024941640644101427,-735.33871114254,118.86898848706261,,1.9226672768592834,
404000,873.5752990245819,-727.0881834030151,100.83539141540335,-0.0014270134137574718,56.25946197509766,1.2669269800186158,0.00022261291051108855,-933.42770627141,234.58670339617544,,1.9579977154731751,
408000,882.060421705246,-739.264880657196,108.20871122212156,-0.0010616745932105153,67.04892807006836,1.2405699014663696,0.0016945127135841176,-933.42770627141,234.58670339617544,,1.8885003566741942,
412000,890.5319199562073,-749.4407444000244,108.77337398326986,-0.002110047391693426,58.93699340820312,1.2490684151649476,0.0024747123679844663,-933.42770627141,234.58670339617544,,1.787305736541748,
416000,898.9811079502106,-706.6851358413696,87.81093131043629,-0.002303425525392733,49.600518798828126,1.2865818858146667,0.001856642016355181,-933.42770627141,234.58670339617544,,1.801056158542633,
420000,907.4377045631409,-723.6493253707886,97.0139493107991,-0.0019849421418038915,55.95587348937988,1.2693840265274048,0.0014036013186365993,-933.42770627141,234.58670339617544,,1.9075120091438293,
424000,915.9025361537933,-737.7982740402222,95.14469794932674,-0.0020248293220065604,74.29175491333008,1.3064485669136048,0.002985122794052586,-933.42770627141,234.58670339617544,,1.6993707060813903,
428000,924.3707389831543,-717.351282119751,83.74454204919971,-0.0017153065342766505,71.74498138427734,1.322425937652588,0.002217705245187973,-933.42770627141,234.58670339617544,,1.8010132431983947,
432000,932.8011519908905,-692.7183246612549,88.80396159659557,-0.0014113350726353779,101.67816009521485,1.3232041358947755,0.0016861590549524408,-933.42770627141,234.58670339617544,,1.8371149897575378,
436000,941.2345869541168,-681.8418316841125,85.995350365438,-0.000828357038088079,90.8228775024414,1.3582939863204957,0.0013088550098473207,-933.42770627141,234.58670339617544,,1.90033301115036,
440000,949.6370000839233,-674.8192710876465,79.12653034168832,-0.001662318405549712,87.57819328308105,1.3082916140556335,0.001565127902297725,-933.42770627141,234.58670339617544,,1.799749231338501,
444000,960.5618488788605,-671.9392194747925,68.33154709569956,-0.0012743815006930781,100.31419448852539,1.320468831062317,0.001979828823129859,-840.5888825953007,266.01722727988266,,1.7914629697799682,
448000,969.0196142196655,-729.8236465454102,101.52889155035858,-0.0005384239705890081,98.56733665466308,1.3021341681480407,0.0002881113923164591,-840.5888825953007,266.01722727988266,,1.7310243368148803,
452000,977.5139310359955,-707.278079032898,93.09275628527189,4.46968671361514e-05,95.94877624511719,1.3408286452293396,0.0013963805737148504,-840.5888825953007,266.01722727988266,,1.8228845834732055,
456000,985.9879851341248,-684.6340026855469,94.46608882298474,-0.0013607728367618032,99.32144622802734,1.357144057750702,0.0010070756619825262,-840.5888825953007,266.01722727988266,,1.8720577478408813,
460000,994.4697911739349,-676.9246211051941,94.02327017459422,-0.00041345087162572016,76.9012004852295,1.3622281432151795,0.00121017235214822,-840.5888825953007,266.01722727988266,,1.8159295916557312,
464000,1002.9381942749023,-697.6869449615479,85.75361973875063,-0.002521322207680576,81.25897636413575,1.3782304286956788,0.002126995394661213,-840.5888825953007,266.01722727988266,,1.865207576751709,
468000,1011.4246728420258,-721.603515625,106.04958145328357,-0.0014376878821833472,90.16874198913574,1.3526285648345948,0.0026571322421659717,-840.5888825953007,266.01722727988266,,1.8299385190010071,
472000,1019.8869802951813,-710.8087320327759,106.59420191470669,-0.0011006131833612542,74.65994262695312,1.3687617540359498,0.002288288162162644,-840.5888825953007,266.01722727988266,,1.8589697122573852,
476000,1028.3434591293335,-691.3647089004517,83.96651165254553,-0.001340180971533611,63.39676094055176,1.3527379155158996,0.00112685260435198,-840.5888825953007,266.01722727988266,,1.8517208814620971,
480000,1036.62735581398,-702.7490139007568,105.37174820426996,-0.0009544716102197204,75.41023979187011,1.3400502324104309,0.0015445919081685134,-840.5888825953007,266.01722727988266,,1.8555526733398438,
484000,1047.2844762802124,-725.5027866363525,104.29952465046173,-0.002039860930584858,78.66781921386719,1.3361729621887206,0.0009708248507910522,-753.2828736305237,162.32166568329976,,1.8750845909118652,
488000,1055.5347006320953,-738.8743085861206,102.49185686324047,-0.0011611674937498152,76.49095420837402,1.320564293861389,0.0013257672269780141,-753.2828736305237,162.32166568329976,,1.8547765731811523,
492000,1063.8559272289276,-745.5034580230713,127.90494144508116,-0.0011882031290200601,71.20537948608398,1.3024282813072205,0.0034299406955639543,-753.2828736305237,162.32166568329976,,1.837091076374054,
496000,1072.1364743709564,-717.1367073059082,87.02066589557795,-0.001994705077221859,47.225506973266604,1.3181016802787782,0.0035001152602490036,-753.2828736305237,162.32166568329976,,1.818991756439209,
500000,1080.4016683101654,-744.5911264419556,106.72138730458559,-0.0020257975571635,49.916215896606445,1.3184598326683044,0.002535846724822477,-753.2828736305237,162.32166568329976,,1.8263766765594482,
504000,1088.6362359523773,-768.839765548706,140.916700435269,-0.0014605257496134172,58.040985107421875,1.3022102952003478,0.0006408945784787679,-753.2828736305237,162.32166568329976,,1.7935882568359376,
508000,1096.9092254638672,-698.0712604522705,89.38396874412517,-0.0017052104125420797,42.689893341064455,1.3373175382614135,0.0018451704512214451,-753.2828736305237,162.32166568329976,,1.8709160923957824,
512000,1105.3406414985657,-716.8816118240356,89.45491546702026,-0.001991953987880457,56.01979007720947,1.2990885257720948,0.0029798785599389976,-753.2828736305237,162.32166568329976,,1.8031200766563416,
516000,1113.769085407257,-716.4974737167358,88.65271696362059,-0.0014351214990504957,57.870452117919925,1.3365902543067931,0.003165345621528104,-753.2828736305237,162.32166568329976,,1.7960262656211854,
520000,1122.165863752365,-730.1956095695496,91.6582717817959,-0.001421112529972257,47.8635196685791,1.341827154159546,0.002191313802177319,-753.2828736305237,162.32166568329976,,1.7815644025802613,
524000,1132.9292395114899,-729.3419580459595,114.66803450832546,-0.0007810818411925879,40.65288047790527,1.3147588968276978,0.0026566334635329757,-831.116464972496,192.87751931854265,,1.7454037308692931,
528000,1141.3454604148865,-721.6774749755859,83.41492214676119,-0.0018114592138251061,42.80774765014648,1.3215225100517274,0.0026787789131049065,-831.116464972496,192.87751931854265,,1.6896125555038453,
532000,1149.818255662918,-704.8740458488464,86.14719393433153,-0.002560715134061553,33.48524837493896,1.3561747074127197,0.004259877338462203,-831.116464972496,192.87751931854265,,1.6613769769668578,
536000,1158.229236125946,-719.6596479415894,91.2483557170319,-0.0024596722601369692,50.66727485656738,1.3368440985679626,0.0012930846598464996,-831.116464972496,192.87751931854265,,1.6385560154914856,
540000,1166.7009725570679,-714.0396957397461,96.1964908854813,-0.002206237295099278,35.11349182128906,1.2650570631027223,0.002900548843899742,-831.116464972496,192.87751931854265,,1.6777658939361573,
544000,1175.121421098709,-710.533769607544,77.09939492416007,-0.0015428236031536091,45.14620571136474,1.2953202962875365,0.0011299226007395191,-831.116464972496,192.87751931854265,,1.6636820673942565,
548000,1183.5952010154724,-714.350522518158,107.67192999083116,-0.00227487507148183,30.684567070007326,1.2702549934387206,0.0024166557907980613,-831.116464972496,192.87751931854265,,1.5987778425216674,
552000,1192.0376408100128,-698.0412073135376,95.52447654534485,-0.0016884304654668058,33.61832332611084,1.2444582343101502,0.0029227591347104564,-831.116464972496,192.87751931854265,,1.5436224222183228,
556000,1200.4970524311066,-715.160478591919,85.7835274884534,-0.002122280781331942,29.15202941894531,1.2530095458030701,0.0018970669189002365,-831.116464972496,192.87751931854265,,1.4821053862571716,
560000,1208.931346654892,-716.7204074859619,90.10116547101477,-0.0024869045135565314,41.11984062194824,1.2932234406471252,0.001461258508536656,-831.116464972496,192.87751931854265,,1.563456952571869,
564000,1219.7951097488403,-712.7747626304626,108.65845893420936,-0.0020772046832523206,33.04810981750488,1.328010082244873,0.0034475421481765856,-797.138983219862,156.17481323010165,,1.6089009284973144,
568000,1228.0791301727295,-702.3567419052124,82.89240354748891,-0.0016611147864168175,32.24554023742676,1.2950024724006652,0.002296594000654295,-797.138983219862,156.17481323010165,,1.542764663696289,
572000,1236.3562848567963,-691.8339328765869,73.05959556804653,-0.0019189494993090861,41.47307224273682,1.3442441821098328,0.0019203880790931826,-797.138983219862,156.17481323010165,,1.6536468386650085,
576000,1244.622192144394,-694.1086196899414,74.4803440281521,-0.0022543587521649754,35.800163650512694,1.326034128665924,0.002567556988932984,-797.138983219862,156.17481323010165,,1.617142915725708,
580000,1252.9054780006409,-700.8209457397461,82.78335508334067,-0.0016516943213840563,43.48991165161133,1.3933561086654662,0.0010005299145317004,-797.138983219862,156.17481323010165,,1.7119268774986267,
584000,1261.1591839790344,-682.272036075592,85.49369508709135,-0.0031980684064716767,56.83379020690918,1.400529396533966,0.0028471523779444396,-797.138983219862,156.17481323010165,,1.5767244935035705,
588000,1269.4629578590393,-680.1754598617554,89.49369212548834,-0.00144228489729481,49.399620628356935,1.3887454390525817,0.0012538316892459988,-797.138983219862,156.17481323010165,,1.636596643924713,
592000,1277.7382946014404,-692.5448722839355,90.98046947771284,-0.0019363982865277408,52.71172409057617,1.352558183670044,0.0007958849157439607,-797.138983219862,156.17481323010165,,1.6514064908027648,
596000,1286.054767370224,-702.515305519104,90.05707172705581,-0.0022251710406562706,49.37409553527832,1.3161521553993225,0.0014106001763526971,-797.138983219862,156.17481323010165,,1.6337528705596924,
600000,1294.5126049518585,-689.2297010421753,78.93930931172666,-0.001855110796013215,45.70499839782715,1.3180182099342346,0.002464456358575262,-797.138983219862,156.17481323010165,,1.6339686870574952,
604000,1305.3299176692963,-704.9143409729004,93.31832503146757,-0.001981831356999475,30.289484405517577,1.3353549361228942,0.0033782678349719695,-712.6082704663277,108.0222840929934,,1.5956050992012023,
608000,1313.7607901096344,-684.768313407898,89.68521617362924,-0.0038423642360916332,47.27985553741455,1.3136695981025697,0.00618195169023239,-712.6082704663277,108.0222840929934,,1.5567591071128846,
612000,1322.2333118915558,-703.7322058677673,82.28340506044816,-0.0028170309096506863,42.966515350341794,1.3402181625366212,0.0023699414806130025,-712.6082704663277,108.0222840929934,,1.5867492318153382,
616000,1330.6777837276459,-703.0875234603882,88.03752749650513,-0.002343972836853947,37.140082931518556,1.312248980998993,0.0017454584372899261,-712.6082704663277,108.0222840929934,,1.440705692768097,
620000,1339.1093759536743,-675.7506093978882,80.02191682528223,-0.002452160738563869,54.110487365722655,1.3103461742401123,0.002006064690901743,-712.6082704663277,108.0222840929934,,1.4689924478530885,
624000,1347.4567430019379,-704.2337093353271,82.36516144120559,-0.003033714587606262,51.68197822570801,1.3083028316497802,0.0038604955138095364,-712.6082704663277,108.0222840929934,,1.5051618456840514,
628000,1355.9875829219818,-704.1656923294067,96.65625252558235,-0.0023537740448179357,58.150520706176756,1.2608688712120055,0.002032468382822117,-712.6082704663277,108.0222840929934,,1.4155614852905274,
632000,1364.5073385238647,-709.6059846878052,94.06792780931698,-0.0031103534642994645,39.99258556365967,1.217418909072876,0.003566749926734136,-712.6082704663277,108.0222840929934,,1.425389051437378,
636000,1373.0351059436798,-680.6962661743164,91.16210261558753,-0.0023671586947457968,56.66554336547851,1.2583060383796691,0.0035259878554692037,-712.6082704663277,108.0222840929934,,1.5614802360534668,
640000,1381.4088988304138,-707.5762891769409,98.88978946553966,-0.0038137834111694247,43.93788738250733,1.2570574164390564,0.0026112587882865636,-712.6082704663277,108.0222840929934,,1.431123638153076,
644000,1392.009554386139,-705.1154928207397,91.42617917298301,-0.003355334311258051,36.93294620513916,1.2548089742660522,0.0031234984512751307,-701.6146044135094,95.20289379643947,,1.489560306072235,
648000,1400.296795129776,-669.0502095222473,82.43309054763944,-0.0027172517971485012,42.66666164398193,1.2978210926055909,0.002857919519738061,-701.6146044135094,95.20289379643947,,1.4877108335494995,
652000,1408.7471351623535,-681.8923788070679,72.39843452073912,-0.0025554352925391656,65.81682510375977,1.2643334507942199,0.0016295668920307982,-701.6146044135094,95.20289379643947,,1.4522892713546753,
656000,1417.16632771492,-702.1350393295288,96.85277663364295,-0.003152092578937271,61.771413040161136,1.2547947406768798,0.001219946641867864,-701.6146044135094,95.20289379643947,,1.4256670713424682,
660000,1425.6383216381073,-709.7182483673096,81.47470870854364,-0.004257652276040335,40.613397216796876,1.2288835048675537,0.0016488581662997604,-701.6146044135094,95.20289379643947,,1.3093096733093261,
664000,1434.0525703430176,-695.3092851638794,88.7250705261767,-0.0028093897030533554,39.76167755126953,1.2105752110481263,0.003210504617231591,-701.6146044135094,95.20289379643947,,1.3328384280204773,
668000,1442.5297985076904,-670.4689626693726,84.19073345170212,-0.0045740732129197605,48.22260093688965,1.1995303273200988,0.0028405258111888544,-701.6146044135094,95.20289379643947,,1.3894375205039977,
672000,1450.9307746887207,-695.3980331420898,84.1494228838213,-0.0026333259223805137,43.14501190185547,1.2546045660972596,0.004241810500388965,-701.6146044135094,95.20289379643947,,1.350571048259735,
676000,1459.3736312389374,-720.5999941825867,103.33015268135213,-0.0031677297844629137,47.35535659790039,1.2597058773040772,0.0032534445548662917,-701.6146044135094,95.20289379643947,,1.2912345051765441,
680000,1467.793692111969,-679.478593826294,80.0522496482844,-0.0024283221928635525,38.670465278625485,1.2749501466751099,0.0008510710224994611,-701.6146044135094,95.20289379643947,,1.3380586862564088,
684000,1478.5623257160187,-686.9187898635864,96.79063744640757,-0.0028315203982637984,69.73439865112304,1.274528706073761,0.001419733339571394,-684.0582319200039,92.96004825984252,,1.3950689911842347,
688000,1487.0127556324005,-683.8686323165894,76.59845710356807,-0.0031907544625379815,59.01541633605957,1.2976370692253112,0.002171804736281047,-684.0582319200039,92.96004825984252,,1.3690425634384156,
692000,1495.4997110366821,-661.8346090316772,77.47305180800676,-0.002338383199297844,77.79381065368652,1.3036663770675658,0.0010543811931711389,-684.0582319200039,92.96004825984252,,1.3410014748573302,
696000,1503.9422354698181,-674.8685803413391,90.12360214471327,-0.003078792786652529,57.48971061706543,1.226616883277893,0.002657358587021008,-684.0582319200039,92.96004825984252,,1.4242621779441833,
700000,1512.3754060268402,-669.0404634475708,67.2673406249815,-0.0037236658258673837,46.551744651794436,1.1783522605895995,0.003182027897040829,-684.0582319200039,92.96004825984252,,1.409258496761322,
704000,1520.7277119159698,-681.5117540359497,79.96132359145916,-0.0033243377949111253,55.84039573669433,1.2229820609092712,0.002524620787880849,-684.0582319200039,92.96004825984252,,1.39876469373703,
708000,1529.0345344543457,-691.253755569458,91.33181826097187,-0.0031659571400378004,48.060160064697264,1.2135872721672059,0.0024427228432614355,-684.0582319200039,92.96004825984252,,1.4385645627975463,
712000,1537.4620094299316,-682.6233158111572,85.29035292902194,-0.0026044348447662458,55.2809455871582,1.25361168384552,0.0020561811135461072,-684.0582319200039,92.96004825984252,,1.4778348207473755,
716000,1545.984827041626,-673.0260286331177,68.44581268973451,-0.002040691278079354,34.09831581115723,1.257901704311371,0.002921777877782006,-684.0582319200039,92.96004825984252,,1.42748304605484,
720000,1554.4101181030273,-691.0623917579651,75.03218406761466,-0.002743932646000502,46.76359596252441,1.316569745540619,0.0031293968204408884,-684.0582319200039,92.96004825984252,,1.3675242900848388,
724000,1565.1520690917969,-716.881181716919,96.25430812245511,-0.002294852687666804,37.592536735534665,1.3075186491012574,0.002673171481001191,-682.8072308599949,99.89717204965437,,1.32303546667099,
728000,1573.56236743927,-691.6176843643188,90.97315035947086,-0.002480326709550962,44.42854614257813,1.349381422996521,0.0027880792853733015,-682.8072308599949,99.89717204965437,,1.425345766544342,
732000,1582.0081732273102,-710.0044441223145,99.41615181360054,-0.0013964207629129921,53.89921112060547,1.3300427675247193,0.002901031288318334,-682.8072308599949,99.89717204965437,,1.381918227672577,
736000,1590.4487364292145,-729.2266893386841,104.2981017021568,-0.002804690122643194,45.043836402893064,1.3496206998825073,0.0025716550488141367,-682.8072308599949,99.89717204965437,,1.3641920566558838,
740000,1598.9001262187958,-693.9418411254883,86.41419639931222,-0.002402616725109197,42.65994453430176,1.3558524250984192,0.0034032802453148187,-682.8072308599949,99.89717204965437,,1.4313333630561829,
744000,1607.324435710907,-714.0356359481812,91.66275037125753,-0.0036079087638451134,40.01197280883789,1.3022581338882446,0.0026314714689894326,-682.8072308599949,99.89717204965437,,1.3969759106636048,
748000,1615.7810852527618,-737.2967300415039,113.0181675973782,-0.003235584555659443,48.68543968200684,1.3099926948547362,0.006396179449434092,-682.8072308599949,99.89717204965437,,1.3264536738395691,
752000,1624.2228026390076,-748.2654504776001,87.85817965995135,-0.002283124260953606,56.53907737731934,1.3052647113800049,0.001308451005479583,-682.8072308599949,99.89717204965437,,1.4084280252456665,
756000,1632.7295653820038,-739.8299245834351,119.12103331324819,-0.0019181789249026692,43.74551830291748,1.2900583744049072,0.002101009724409475,-682.8072308599949,99.89717204965437,,1.3601285696029664,
760000,1641.1304223537445,-719.9077291488647,84.3659977159786,-0.0033192070693863762,48.47763519287109,1.3583791971206665,0.002438593104307074,-682.8072308599949,99.89717204965437,,1.3781823873519898,
764000,1651.8824443817139,-679.033055305481,80.69733230327552,-0.002482217658621577,44.07085285186768,1.3630035877227784,0.0021209920610999688,-740.858268737793,103.38073878372393,,1.376309585571289,
768000,1660.2298386096954,-683.4622106552124,80.14952224561534,-0.0037434351537376288,30.65054416656494,1.3279813766479491,0.0037402633664896713,-740.858268737793,103.38073878372393,,1.3779471516609192,
772000,1668.6151700019836,-708.2280130386353,83.28465198858461,-0.002033583600559119,31.67252388000488,1.332420778274536,0.002191065569932105,-740.858268737793,103.38073878372393,,1.3926190614700318,
776000,1676.810762166977,-689.5709648132324,86.69448283942677,-0.0018123058120837142,41.54858551025391,1.339435589313507,0.003897605126257986,-740.858268737793,103.38073878372393,,1.4066923618316651,
780000,1685.1370570659637,-686.8750677108765,75.63899244596853,-0.0019993770965180957,53.61130256652832,1.3383974432945251,0.0026136297201446723,-740.858268737793,103.38073878372393,,1.459363079071045,
784000,1693.50759100914,-660.5275273323059,78.59957524184439,-0.002513148551205191,34.12063064575195,1.2819960713386536,0.0021778671288144925,-740.858268737793,103.38073878372393,,1.5148545503616333,
788000,1701.947582244873,-697.2228813171387,92.69088517996563,-0.0027478690170294586,39.23439712524414,1.2467170834541321,0.0014491766818925278,-740.858268737793,103.38073878372393,,1.355044686794281,
792000,1710.3661434650421,-676.4018640518188,90.26794924995448,-0.003083783215144642,33.515784072875974,1.197166955471039,0.002886404404125642,-740.858268737793,103.38073878372393,,1.426692831516266,
796000,1718.83136844635,-676.7896718978882,92.11727100584167,-0.0019372585059221237,49.445410919189456,1.214378535747528,0.0025205715850461275,-740.858268737793,103.38073878372393,,1.3789771914482116,
800000,1727.2629199028015,-691.995228767395,114.17850832451465,-0.003163919724834585,54.47287101745606,1.2399506449699402,0.004169191295397468,-740.858268737793,103.38073878372393,,1.4015846610069276,
804000,1737.8359544277191,-709.1943664550781,88.83952608580812,-0.0026005523414739107,43.20952930450439,1.2892343759536744,0.0007136340020224452,-679.3018962740898,94.32295091564549,,1.275059449672699,
808000,1746.200308561325,-695.3696298599243,88.81726916832666,-0.002398965245020612,33.275313186645505,1.268169379234314,0.002054710622178391,-679.3018962740898,94.32295091564549,,1.3843241095542909,
812000,1754.5992686748505,-689.9107036590576,81.34722320824334,-0.001617098133642436,39.37123832702637,1.315158975124359,0.0015454361449034558,-679.3018962740898,94.32295091564549,,1.3094433784484862,
816000,1762.9878418445587,-694.0010442733765,80.92546578129415,-0.002430369506124386,39.72556762695312,1.2748573422431946,0.0032403911154639696,-679.3018962740898,94.32295091564549,,1.2969197988510133,
820000,1771.4262163639069,-702.4099884033203,77.72247051706319,-0.003663779085967711,27.3640287399292,1.2938646793365478,0.004997228542924859,-679.3018962740898,94.32295091564549,,1.343479287624359,
824000,1779.803379535675,-693.3891716003418,81.18130689111707,-0.0018286349098199039,35.55174922943115,1.2988565325737,0.0022694722808519253,-679.3018962740898,94.32295091564549,,1.3023003458976745,
828000,1788.2126233577728,-728.0608682632446,90.0499481360864,-0.0028018062524497456,32.674159622192384,1.2968368887901307,0.0038697179144946857,-679.3018962740898,94.32295091564549,,1.3939614295959473,
832000,1796.5998480319977,-749.2181663513184,89.14938392113197,-0.001817609793661784,34.58149604797363,1.254744040966034,0.0013315810097992652,-679.3018962740898,94.32295091564549,,1.2262684106826782,
836000,1804.9918427467346,-716.7459621429443,85.51590277104116,-0.003079737831954843,30.68748531341553,1.2763403058052063,0.0042535326327197255,-679.3018962740898,94.32295091564549,,1.3179346919059753,
840000,1813.3509986400604,-716.583104133606,101.18378200366053,-0.001556387195305442,44.40650043487549,1.2656085252761842,0.0018204364852863364,-679.3018962740898,94.32295091564549,,1.3267212152481078,
844000,1823.960773229599,-715.4450006484985,94.73351483141846,-0.003140224346697018,38.570458030700685,1.2376749038696289,0.005019055903578798,-748.1554826498032,85.22584143870371,,1.2809401392936706,
848000,1832.3086380958557,-704.7811098098755,92.12115135630584,-0.002233645581407462,29.778629302978516,1.1809603333473206,0.0026624070480465887,-748.1554826498032,85.22584143870371,,1.3102937579154967,
852000,1840.7037875652313,-728.309136390686,96.92331475778327,-0.0034753107780125083,33.664754486083986,1.1506006360054015,0.0028374730865180055,-748.1554826498032,85.22584143870371,,1.2779252529144287,
856000,1849.0641405582428,-706.0791683197021,79.49184090965565,-0.004185928025050067,25.104967880249024,1.1391205549240113,0.003230891824355542,-748.1554826498032,85.22584143870371,,1.316601610183716,
860000,1857.503257036209,-756.199179649353,132.30948417860702,-0.003022994510286181,49.304115295410156,1.1935553193092345,0.003233767187572084,-748.1554826498032,85.22584143870371,,1.2984081506729126,
864000,1865.8761332035065,-690.4866333007812,109.75670404054559,-0.002872048865009369,31.15449752807617,1.1743341445922852,0.00224661439715419,-748.1554826498032,85.22584143870371,,1.4246278643608092,
868000,1874.2591452598572,-696.4389843940735,104.91272287629666,-0.0025856450118590057,44.11177005767822,1.1287901282310486,0.0023521685441998397,-748.1554826498032,85.22584143870371,,1.5212644338607788,
872000,1882.653165102005,-706.9577302932739,90.12874121339138,-0.0032034774766071194,43.05391635894775,1.158306884765625,0.002782529176135237,-748.1554826498032,85.22584143870371,,1.420381736755371,
876000,1891.0561408996582,-727.4573678970337,79.47138011454591,-0.003127741066894174,38.35056056976318,1.1416452050209045,0.003041851209903447,-748.1554826498032,85.22584143870371,,1.4583450913429261,
880000,1899.3511726856232,-690.4393215179443,86.55646366038071,-0.002700015228125263,54.247052383422854,1.2051039338111877,0.002246066695247473,-748.1554826498032,85.22584143870371,,1.568629252910614,
884000,1909.9143044948578,-707.9072413444519,102.57421950813466,-0.003456446719355899,39.964907836914065,1.2064279437065124,0.002695416301333653,-700.5659096240997,87.00793397390413,,1.4671356201171875,
888000,1918.2782607078552,-722.1774253845215,95.51376864722903,-0.0027712350067837566,30.956866836547853,1.2774317264556885,0.002090718413402426,-700.5659096240997,87.00793397390413,,1.4287268280982972,
892000,1926.6608679294586,-749.55491065979,92.35839063725754,-0.0036896364123094826,38.45775547027588,1.2662386536598205,0.0022401193898986095,-700.5659096240997,87.00793397390413,,1.3579126477241517,
896000,1935.0176515579224,-717.209150314331,89.75640291719132,-0.0031450210488401355,37.93934783935547,1.3144880056381225,0.0032803007979237187,-700.5659096240997,87.00793397390413,,1.3216159343719482,
900000,1943.4126119613647,-718.1178178787231,73.54693666991372,-0.0027055104842681034,37.1365327835083,1.2943517804145812,0.0034337804530514384,-700.5659096240997,87.00793397390413,,1.312911581993103,
904000,1951.769067287445,-705.9830088615417,111.59900953179415,-0.0029730557414004545,48.28722305297852,1.2816725730895997,0.002767498783709055,-700.5659096240997,87.00793397390413,,1.42102108001709,
908000,1960.1972126960754,-700.4308099746704,78.717431622816,-0.004272035930305762,26.3643741607666,1.260402548313141,0.003109413938364014,-700.5659096240997,87.00793397390413,,1.3836124539375305,
912000,1968.5757100582123,-718.2702569961548,83.23438730345676,-0.0022764224083512198,37.87741413116455,1.2748364567756654,0.0019105930899968372,-700.5659096240997,87.00793397390413,,1.362306821346283,
916000,1976.9782066345215,-709.1034107208252,103.59889791298177,-0.0027398889552181062,46.42282066345215,1.2453291773796082,0.0023465324494075903,-700.5659096240997,87.00793397390413,,1.3157604932785034,
920000,1985.3356397151947,-681.1985569000244,76.0310308118797,-0.0036926601745266296,27.274815177917482,1.2538446187973022,0.004359538375865668,-700.5659096240997,87.00793397390413,,1.2731649518013,
924000,1995.8898355960846,-689.4924440383911,88.3178489612363,-0.0028591161817312027,35.86247577667236,1.262380266189575,0.0015702101263741497,-738.3817395567894,80.56998048876433,,1.2356769919395447,
928000,2004.2591571807861,-698.28440284729,91.6963480134554,-0.003291557682173618,33.69661235809326,1.1907954096794129,0.0023071294130835086,-738.3817395567894,80.56998048876433,,1.2089221000671386,
932000,2012.7214958667755,-694.294602394104,70.41124407101339,-0.0033179302258649736,26.250499534606934,1.2211475849151612,0.0030599806236957018,-738.3817395567894,80.56998048876433,,1.254633867740631,
936000,2021.0938029289246,-712.074686050415,97.20562343716962,-0.002586766331417767,42.25004825592041,1.2488354563713073,0.0011081975587100557,-738.3817395567894,80.56998048876433,,1.265908670425415,
940000,2029.4835884571075,-670.4508152008057,78.85270786277314,-0.002812396369758119,31.724799346923827,1.2318519830703736,0.004050574820721522,-738.3817395567894,80.56998048876433,,1.4082964181900024,
944000,2037.8402433395386,-719.3949999809265,110.31989058283482,-0.0030778293812375847,46.06281929016113,1.2237676739692689,0.0015668354557904717,-738.3817395567894,80.56998048876433,,1.2923912048339843,
948000,2046.2376763820648,-683.269323348999,80.1533727423954,-0.004197508327818155,43.454833984375,1.2154913544654846,0.0036236958258086815,-738.3817395567894,80.56998048876433,,1.2808696269989013,
952000,2054.52627658844,-707.9957704544067,88.6370624834534,-0.0021468468059659073,53.125177001953126,1.1727133631706237,0.003583873586496339,-738.3817395567894,80.56998048876433,,1.2748814463615417,
956000,2062.9558222293854,-711.6129508018494,92.3058898928712,-0.0034866925153570704,25.139431953430176,1.1824523687362671,0.002684492666177296,-738.3817395567894,80.56998048876433,,1.1844889640808105,
960000,2071.29820728302,-708.9498085975647,117.87476652239368,-0.0015075198299213,55.87525482177735,1.2140361070632935,0.0034713303039704143,-738.3817395567894,80.56998048876433,,1.1711816668510437,
964000,2081.7629618644714,-684.8895044326782,71.68690546595359,-0.002910226584198661,52.92167663574219,1.2440468549728394,0.0029665874560790505,-682.8414875566959,77.59756025264129,,1.2411004185676575,
968000,2090.051711320877,-677.1151695251465,97.71251783905097,-0.0022676398546900957,48.23610000610351,1.2355393409729003,0.0021722434132243505,-682.8414875566959,77.59756025264129,,1.2451889991760254,
972000,2098.2983615398407,-681.390257358551,78.33551924508063,-0.002768089844069088,40.48891830444336,1.2064295530319213,0.003166211226178961,-682.8414875566959,77.59756025264129,,1.1817497491836548,
976000,2106.599864244461,-668.5916953086853,68.16970830178592,-0.0033203238676456693,38.72843189239502,1.2038821578025818,0.0016581217554630713,-682.8414875566959,77.59756025264129,,1.1573202848434447,
980000,2114.9565348625183,-679.5295820236206,82.52242514594808,-0.0030490993013178704,39.27743682861328,1.2761979579925538,0.002736975863808766,-682.8414875566959,77.59756025264129,,1.115656065940857,
984000,2123.3013248443604,-682.6645030975342,81.95254505695331,-0.003063974586354279,32.99192657470703,1.2772404551506042,0.0023894739977549763,-682.8414875566959,77.59756025264129,,1.0968388438224792,
988000,2131.7264754772186,-670.969554901123,82.29926277586438,-0.0025907467405389185,42.732937049865725,1.3337581634521485,0.003126131278016464,-682.8414875566959,77.59756025264129,,1.2060332775115967,
992000,2140.127466440201,-680.6820440292358,80.95902727562537,-0.001824423198976266,56.70730972290039,1.3071993708610534,0.0008603381720604375,-682.8414875566959,77.59756025264129,,1.3411776542663574,
996000,2148.54310297966,-660.2072048187256,83.2961450928831,-0.002680063360719931,41.8036584854126,1.3612848758697509,0.002093508037069114,-682.8414875566959,77.59756025264129,,1.2286778569221497,
1000000,2156.9246175289154,-685.8784580230713,108.78169487413489,-0.002817249754055684,43.90168991088867,1.309619426727295,0.003912533212860581,-682.8414875566959,77.59756025264129,,1.3035743951797485,
1004000,2167.3703932762146,-671.659665107727,78.01653138611441,-0.0014352032475873245,37.1107400894165,1.3133304119110107,0.0032633693946991114,-677.9405207931995,85.76702706804029,,1.3218621134757995,
1008000,2175.694349050522,-688.8506174087524,69.78253586726582,-0.0029464603332648664,31.806192016601564,1.333624017238617,0.0030509885575156657,-677.9405207931995,85.76702706804029,,1.2330029249191283,
1012000,2184.1309287548065,-689.5539827346802,65.51972941199595,-0.0029981947060440995,35.58591709136963,1.301977276802063,0.0023326148176856854,-677.9405207931995,85.76702706804029,,1.3257184147834777,
1016000,2192.5697820186615,-696.8590335845947,81.78014052396499,-0.0029432589225543817,37.504289627075195,1.2913636803627013,0.0015252444707051227,-677.9405207931995,85.76702706804029,,1.256761360168457,
1020000,2201.0033836364746,-685.5997142791748,78.1517339733827,-0.0028294977657497,48.24947624206543,1.2952038884162902,0.0016111653239931911,-677.9405207931995,85.76702706804029,,1.2894771099090576,
1024000,2209.423957824707,-682.8170738220215,94.17917092419808,-0.003726386874138088,34.06433448791504,1.3060379028320312,0.003730638592969626,-677.9405207931995,85.76702706804029,,1.2756402492523193,
1028000,2217.8900191783905,-674.6147422790527,89.97940634789504,-0.0028813586446146287,54.19121971130371,1.3106270551681518,0.001888408539525699,-677.9405207931995,85.76702706804029,,1.3085333108901978,
1032000,2226.310060739517,-683.007818698883,81.92680461581372,-0.001982526727952072,42.82279644012451,1.362474226951599,0.0027313284074286237,-677.9405207931995,85.76702706804029,,1.1719797611236573,
1036000,2234.7401213645935,-676.3591299057007,82.73290158760194,-0.00208341150788085,39.78304557800293,1.3303560376167298,0.0021450233871049386,-677.9405207931995,85.76702706804029,,1.1587996244430543,
1040000,2243.108474969864,-685.2223882675171,79.17362007258099,-0.0034248923598400706,32.888355827331544,1.2817647218704225,0.003029669352690689,-677.9405207931995,85.76702706804029,,1.194786500930786,
1044000,2253.6391134262085,-687.3939628601074,74.6465087934565,-0.0027124266885609092,40.155990028381346,1.2690866231918334,0.004472514221561141,-708.7459514141083,70.66371522525789,,1.2209022641181946,
1048000,2262.0209975242615,-694.3898391723633,86.97123794792459,-0.0038159246872334408,34.31066837310791,1.2538479804992675,0.003352073339202155,-708.7459514141083,70.66371522525789,,1.1214525818824768,
1052000,2270.4340653419495,-690.9579410552979,93.32708631385441,-0.003320098297825702,39.22008380889893,1.2248178124427795,0.001750589618342957,-708.7459514141083,70.66371522525789,,1.1781820774078369,
1056000,2278.864575147629,-696.3047456741333,90.87696987494986,-0.003980931111727859,40.50810546875,1.2299983739852904,0.0058498425758443775,-708.7459514141083,70.66371522525789,,1.204277801513672,
1060000,2287.3433001041412,-688.1682949066162,81.23656908386826,-0.0031711053473894245,28.32599010467529,1.22218656539917,0.00254272177699022,-708.7459514141083,70.66371522525789,,1.157372283935547,
1064000,2295.794268846512,-683.3455743789673,71.95920982219695,-0.004871233135539388,27.14321689605713,1.2281888604164124,0.004695211168378592,-708.7459514141083,70.66371522525789,,1.1557494401931763,
1068000,2304.2409451007843,-689.7967057228088,92.59404115601066,-0.0036147834607399786,34.390361595153806,1.202729058265686,0.004176991258282215,-708.7459514141083,70.66371522525789,,1.1972363710403442,
1072000,2312.665573120117,-709.3434658050537,100.712428111633,-0.0031791132508466546,42.10661735534668,1.1975008368492126,0.002778082576696761,-708.7459514141083,70.66371522525789,,1.0865125417709351,
1076000,2321.085295200348,-708.0714120864868,88.90946587330542,-0.003643992933949214,26.738583374023438,1.166413414478302,0.0036662636732216923,-708.7459514141083,70.66371522525789,,1.130547082424164,
1080000,2329.45241189003,-692.925986289978,103.05523390940655,-0.0026813511795577673,41.29892406463623,1.2115616917610168,0.0020941638154909014,-708.7459514141083,70.66371522525789,,1.1455987811088562,
1084000,2339.9974343776703,-670.2749590873718,82.57045736249273,-0.0031368753050919906,44.217312240600585,1.2031287789344787,0.003852260516025126,-702.1273592710495,97.6472798026478,,1.1722644686698913,
1088000,2348.3631727695465,-670.4930138587952,80.55942506716211,-0.003906459715372573,41.00896091461182,1.1834707260131836,0.0037766101057059133,-702.1273592710495,97.6472798026478,,1.152202558517456,
1092000,2356.7398562431335,-679.849485874176,81.31121090766082,-0.0025365482721245057,37.894721603393556,1.240082585811615,0.0020003883448274527,-702.1273592710495,97.6472798026478,,1.088335645198822,
1096000,2365.1707446575165,-695.0639324188232,75.36959259420982,-0.002760084000804142,30.838901138305665,1.2589959502220154,0.001947993941178261,-702.1273592710495,97.6472798026478,,1.2006048798561095,
1100000,2373.5580241680145,-669.9168567657471,92.9748035410275,-0.0025038565771732025,63.078955459594724,1.258627212047577,0.002671350485645241,-702.1273592710495,97.6472798026478,,1.1420899868011474,
1104000,2381.9173040390015,-666.2637147903442,84.6737394915776,-0.0028934104455791143,37.184766387939455,1.2766402602195739,0.0034429439285304396,-702.1273592710495,97.6472798026478,,1.0886094570159912,
1108000,2390.3741326332092,-676.785496711731,88.07628891924922,-0.0019481586512022809,48.08788795471192,1.2615554094314576,0.00582604079390876,-702.1273592710495,97.6472798026478,,1.128380036354065,
1112000,2398.7879168987274,-667.882975101471,80.10363533723466,-0.0019429600465228347,45.354757690429686,1.2605549454689027,0.0024121464690736614,-702.1273592710495,97.6472798026478,,1.1379114627838134,
1116000,2407.245040655136,-657.7129755020142,79.3247238619982,-0.0017480096269864465,55.957695388793944,1.2738266348838807,0.004912138298231517,-702.1273592710495,97.6472798026478,,1.1639436602592468,
1120000,2415.6789104938507,-667.7554364204407,101.15400010970818,-0.0021032222744543196,55.07316360473633,1.2945921063423156,0.0018763375741352006,-702.1273592710495,97.6472798026478,,1.179876410961151,
1124000,2426.2725918293,-697.1539444923401,108.59415219997808,-0.0017688709105907919,63.41717109680176,1.264028549194336,0.002389313577441499,-666.3838691711426,79.25259643855078,,1.0164542317390441,
1128000,2434.7076857089996,-696.7625007629395,79.30639158866052,-0.002820787358990229,28.94424343109131,1.2160953998565673,0.0012984798988327384,-666.3838691711426,79.25259643855078,,1.0388225436210632,
1132000,2443.188757419586,-702.7551393508911,89.80865101920486,-0.003280154693716497,30.46539478302002,1.1649515271186828,0.0024236772002041106,-666.3838691711426,79.25259643855078,,1.1240007162094117,
1136000,2451.6010649204254,-710.8126306533813,117.22216832604857,-0.001978382099070597,58.51372871398926,1.1843665957450866,0.0012579577773188966,-666.3838691711426,79.25259643855078,,1.1005465149879456,
1140000,2460.003126859665,-690.0534982681274,93.52270401049404,-0.002902010562092361,49.56005706787109,1.1992918968200683,0.0021750414831331,-666.3838691711426,79.25259643855078,,1.1872631072998048,
1144000,2468.400856733322,-668.0681948661804,89.9423741893554,-0.0032703779419340773,48.361943054199216,1.2225219011306763,0.004422379471361637,-666.3838691711426,79.25259643855078,,1.211015522480011,
1148000,2476.7851133346558,-687.6040267944336,79.6805610571607,-0.0021722842272356322,53.057124328613284,1.1730623602867127,0.003038274429854937,-666.3838691711426,79.25259643855078,,1.120413362979889,
1152000,2485.151227235794,-667.7654318809509,90.2950422213524,-0.0029289166574017144,56.565534591674805,1.2713798046112061,0.002973486036353279,-666.3838691711426,79.25259643855078,,1.1670222282409668,
1156000,2493.5659852027893,-667.500654220581,67.62187409643141,-0.0038927742941305076,38.87072639465332,1.2487103343009949,0.002878330006933538,-666.3838691711426,79.25259643855078,,1.1848036408424378,
1160000,2501.912583589554,-667.5231690406799,90.58289305819831,-0.0027611093407807095,65.49185981750489,1.2520758152008056,0.0019985465778454615,-666.3838691711426,79.25259643855078,,1.2537593007087708,
1164000,2512.5018661022186,-677.5317058563232,80.76861544784751,-0.0028021600919696963,67.92712097167968,1.2763661026954651,0.0019547559873899444,-660.2534520626068,72.82274788931419,,1.1298641443252564,
1168000,2520.8705217838287,-682.2416200637817,99.38064178519858,-0.003982065430997573,50.996238708496094,1.2556907534599304,0.0018700866002473227,-660.2534520626068,72.82274788931419,,1.2345707774162293,
1172000,2529.2844614982605,-695.3910722732544,96.11292147863169,-0.003659631960404397,50.70266952514648,1.1978680849075318,0.005333849087745568,-660.2534520626068,72.82274788931419,,1.1896212577819825,
1176000,2537.647138595581,-705.150915145874,83.73900131032777,-0.004896400406335788,44.51342620849609,1.2012403726577758,0.0022722706689649818,-660.2534520626068,72.82274788931419,,1.1821665048599244,
1180000,2546.067774772644,-664.1170177459717,79.45731677804908,-0.003624103459451966,72.77397651672364,1.1297818422317505,0.0022377181778429093,-660.2534520626068,72.82274788931419,,1.195472502708435,
1184000,2554.4430861473083,-669.6541862487793,74.50545566740882,-0.0033867451532472227,63.217560577392575,1.106175184249878,0.0015447473324020412,-660.2534520626068,72.82274788931419,,1.2394734859466552,
1188000,2562.848731279373,-652.5891880989075,77.30872838742886,-0.0030233067453761197,59.233795928955075,1.182519268989563,0.0020102489524773228,-660.2534520626068,72.82274788931419,,1.156612718105316,
1192000,2571.235369682312,-680.094388961792,74.362365870692,-0.0024708916297337957,74.764115524292,1.220353889465332,0.003307921177474782,-660.2534520626068,72.82274788931419,,1.0781156063079833,
1196000,2579.6220779418945,-662.3211908340454,75.8939760962157,-0.00414327305306994,50.17015609741211,1.218636977672577,0.004121964215300977,-660.2534520626068,72.82274788931419,,1.1612332582473754,
1200000,2588.002638578415,-655.5680074691772,74.17428660665938,-0.003373846141233461,56.892268371582034,1.250412380695343,0.002190892306466896,-660.2534520626068,72.82274788931419,,1.1173073768615722,
1204000,2598.5807988643646,-679.679705619812,78.4147492108497,-0.002996412561313866,79.60850715637207,1.2548260927200316,0.004815291917417208,-683.2137004733086,89.41508752502443,,1.195190703868866,
1208000,2606.9508209228516,-668.3213491439819,78.49165741316835,-0.003412632109054137,78.44521903991699,1.2378147840499878,0.003110724884754745,-683.2137004733086,89.41508752502443,,1.1678181409835815,
1212000,2615.3544750213623,-659.4830007553101,84.89957633412305,-0.004094759571443607,48.24547576904297,1.2387009859085083,0.003293024155573221,-683.2137004733086,89.41508752502443,,1.1308101177215577,
1216000,2623.7246022224426,-650.0312767028809,75.38291063573286,-0.004314765947948507,47.56632080078125,1.2307958245277404,0.00491898342947632,-683.2137004733086,89.41508752502443,,1.1075633883476257,
1220000,2632.107798099518,-687.8586044311523,89.42343764978347,-0.0036325556993640263,53.780950927734374,1.207060170173645,0.0037864143029244348,-683.2137004733086,89.41508752502443,,1.101989221572876,
1224000,2640.4737734794617,-684.6573038101196,86.80136489319096,-0.00435311369954916,50.02275466918945,1.2433740854263307,0.0037373839301047427,-683.2137004733086,89.41508752502443,,1.056577980518341,
1228000,2648.8860688209534,-689.9394149780273,85.57254408996799,-0.0028166502456491217,49.403757858276364,1.2652688384056092,0.003379888326628133,-683.2137004733086,89.41508752502443,,1.0074371218681335,
1232000,2657.270407438278,-679.2237710952759,89.05564089011091,-0.0019549494099871723,58.20064926147461,1.253665566444397,0.0015530672275538837,-683.2137004733086,89.41508752502443,,1.0168340682983399,
1236000,2665.679655790329,-679.5950064659119,79.51785424767893,-0.004161765736993406,51.988324356079104,1.2634055733680725,0.0018395423248875886,-683.2137004733086,89.41508752502443,,1.048402452468872,
1240000,2674.1021087169647,-677.0376935005188,86.74777186513286,-0.003674189088943747,56.50960235595703,1.2536551237106324,0.0026072675845838058,-683.2137004733086,89.41508752502443,,1.0643336176872253,
1244000,2684.6368424892426,-693.5807089805603,104.08475386189228,-0.004127735316908599,55.97718505859375,1.2424726128578185,0.00188197271632089,-675.6811482906342,81.09239587412326,,0.976525354385376,
1248000,2693.001225709915,-671.9480609893799,59.92105257787881,-0.0022218362944283142,63.36687316894531,1.3011781811714171,0.0016223846818320454,-675.6811482906342,81.09239587412326,,1.1287153124809266,
1252000,2701.4225103855133,-685.7204570770264,94.88915252627176,-0.001637657500163181,67.0980323791504,1.304378294944763,0.0021618220025363065,-675.6811482906342,81.09239587412326,,1.065399706363678,
1256000,2709.8053081035614,-683.9029874801636,73.04884004224178,-0.0024076630906783693,53.65169715881348,1.291777491569519,0.0018921916809631512,-675.6811482906342,81.09239587412326,,0.9586288928985596,
1260000,2718.208098888397,-696.1673650741577,92.23772629486236,-0.0029494418446363467,58.73579711914063,1.243844223022461,0.0024244135594926773,-675.6811482906342,81.09239587412326,,0.9838810443878174,
1264000,2726.5806851387024,-680.3727779388428,100.31549142257026,-0.0036618664796308487,71.09454765319825,1.1914454698562622,0.0034833259676815944,-675.6811482906342,81.09239587412326,,0.9666284561157227,
1268000,2735.0067932605743,-704.6627159118652,88.90230444126489,-0.0031276357284514057,50.377777099609375,1.20596524477005,0.002520006923548257,-675.6811482906342,81.09239587412326,,1.0207229375839233,
1272000,2743.3950707912445,-709.8518400192261,94.62658656114756,-0.0033384531291279274,48.74224433898926,1.2336716651916504,0.003568803996313363,-675.6811482906342,81.09239587412326,,0.9428522467613221,
1276000,2751.8271198272705,-701.8499603271484,100.54378347213527,-0.0029212982630124175,49.95153694152832,1.2752878665924072,0.004709975158562885,-675.6811482906342,81.09239587412326,,0.9457118332386016,
1280000,2760.2149896621704,-707.7676935195923,74.55507752937827,-0.0037447063156093143,49.28738899230957,1.3076026082038879,0.0022872494584493808,-675.6811482906342,81.09239587412326,,0.9043858170509338,
1284000,2770.7959928512573,-735.899076461792,92.92550557296506,-0.002702073036537822,62.406873321533205,1.323295271396637,0.002035380582596802,-699.4760149419308,115.82966960916139,,0.8645142614841461,
1288000,2779.1658475399017,-717.9372673034668,95.35599355259518,-0.002722548176495665,53.31328773498535,1.3200257539749145,0.0023321167231188157,-699.4760149419308,115.82966960916139,,0.8556974053382873,
1292000,2787.5608637332916,-716.861494064331,82.14199859825692,-0.0035484332690248086,41.20982704162598,1.3076812267303466,0.0023062147316522895,-699.4760149419308,115.82966960916139,,0.8642040610313415,
1296000,2795.9236690998077,-692.5554342269897,89.42536263987769,-0.003115609345569581,54.342678451538085,1.309290623664856,0.0015052204340463503,-699.4760149419308,115.82966960916139,,0.833008736371994,
1300000,2804.3042776584625,-692.3635587692261,81.16154332909728,-0.004178877892515942,64.21258659362793,1.333952295780182,0.004303568326732288,-699.4760149419308,115.82966960916139,,0.9125976085662841,
1304000,2812.625225543976,-683.4596090316772,74.35794529147171,-0.004000560922470564,67.28018531799316,1.328676414489746,0.0043809105642139915,-699.4760149419308,115.82966960916139,,0.8709444224834442,
1308000,2821.0086057186127,-680.3615713119507,70.71668167137031,-0.0031212532639037782,63.09907112121582,1.3828932046890259,0.0018532654014027984,-699.4760149419308,115.82966960916139,,0.7591511964797973,
1312000,2829.3807833194733,-694.6009607315063,66.03288796842166,-0.003791073804022749,49.31336364746094,1.3720139622688294,0.0031539782270556317,-699.4760149419308,115.82966960916139,,0.7440583825111389,
1316000,2837.766387462616,-704.1006088256836,98.8326026207822,-0.003777949099972222,43.869392776489256,1.3645899415016174,0.003599310468416661,-699.4760149419308,115.82966960916139,,0.7771902740001678,
1320000,2846.1271986961365,-719.3312692642212,110.70670764882671,-0.002384134482029665,57.35831871032715,1.3638813376426697,0.002520414661926562,-699.4760149419308,115.82966960916139,,0.7351962745189666,
1324000,2856.700437784195,-711.1151685714722,76.85821519395283,-0.0026886830395475235,46.75971870422363,1.3730674386024475,0.0035942584357690154,-775.6717948019505,142.2902350250289,,0.6988824486732483,
1328000,2865.066921710968,-721.0826196670532,93.84085626998758,-0.0028014503725959814,42.37844867706299,1.3506332874298095,0.003446706088764284,-775.6717948019505,142.2902350250289,,0.633724844455719,
1332000,2873.4865143299103,-710.9457483291626,93.87899165878665,-0.0035743497215832256,42.855051040649414,1.310174322128296,0.002759619988501072,-775.6717948019505,142.2902350250289,,0.6992952048778533,
1336000,2881.8346469402313,-739.6559000015259,94.32358772857863,-0.0034718438334142123,37.67174396514893,1.3234615445137023,0.0030627658661614987,-775.6717948019505,142.2902350250289,,0.6379425704479218,
1340000,2890.2202577590942,-734.093997001648,77.9158235345703,-0.002088036118851333,41.516251945495604,1.2625157713890076,0.004281763976439845,-775.6717948019505,142.2902350250289,,0.6185086071491241,
1344000,2898.5721306800842,-728.3736886978149,96.31789646907794,-0.0019682647726731338,72.35233573913574,1.3042056560516357,0.002042897183690684,-775.6717948019505,142.2902350250289,,0.6206080198287964,
1348000,2906.9614174365997,-718.0734453201294,75.66827406907294,-0.0020448421189794173,50.088131713867185,1.2860205531120301,0.0012803821009583771,-775.6717948019505,142.2902350250289,,0.6665240466594696,
1352000,2915.3258757591248,-696.6835689544678,89.46254317526287,-0.003913640597059143,52.880974197387694,1.3022774457931519,0.004417332884312319,-775.6717948019505,142.2902350250289,,0.6834869921207428,
1356000,2923.737995147705,-718.1768236160278,96.74250739630558,-0.0033511952160430345,69.38426551818847,1.3249985218048095,0.003590487159090117,-775.6717948019505,142.2902350250289,,0.6602888166904449,
1360000,2932.1008427143097,-733.6605415344238,87.9639353263871,-0.004111077732871671,52.5778923034668,1.3014538168907166,0.0034925191313959656,-775.6717948019505,142.2902350250289,,0.604837852716446,
1364000,2942.6796283721924,-726.6805124282837,74.63622259170575,-0.0043059238106943456,43.371571731567386,1.2688327431678772,0.0035380037081583103,-896.99481600523,109.04459056170823,,0.5848534822463989,
1368000,2951.046237230301,-740.8663444519043,99.49260740809635,-0.0018330789975783191,47.64345283508301,1.265170192718506,0.0032715938077307882,-896.99481600523,109.04459056170823,,0.6072190940380097,
1372000,2959.4458634853363,-724.0121269226074,100.12444519453652,-0.002550183861361255,55.015649032592776,1.2985560417175293,0.001818987971637398,-896.99481600523,109.04459056170823,,0.6149055123329162,
1376000,2967.8168354034424,-745.4251003265381,98.71000751782113,-0.00259382355153015,61.42984237670898,1.3147916197776794,0.0037929462268948555,-896.99481600523,109.04459056170823,,0.6363376319408417,
1380000,2976.214986562729,-703.9013175964355,82.07825352581294,-0.0028744112231651187,48.7782543182373,1.3331016898155212,0.0031343477312475443,-896.99481600523,109.04459056170823,,0.616761714220047,
1384000,2984.560841321945,-736.270715713501,87.31200856017925,-0.0028529765678103835,44.532402420043944,1.349097990989685,0.00353005668730475,-896.99481600523,109.04459056170823,,0.6019149780273437,
1388000,2992.981002807617,-749.6526727676392,99.74631779884369,-0.002222200700353483,45.7919620513916,1.3298155665397644,0.0019621493891463617,-896.99481600523,109.04459056170823,,0.5512976586818695,
1392000,3001.396728992462,-720.0767860412598,83.8938080381264,-0.0028271377766504457,53.94869842529297,1.3174170136451722,0.0035011485083960014,-896.99481600523,109.04459056170823,,0.6248976469039917,
1396000,3009.790212869644,-709.0837268829346,87.20701662117439,-0.003097779522766331,36.08262977600098,1.3394061088562013,0.0031420125921722496,-896.99481600523,109.04459056170823,,0.642822515964508,
1400000,3018.16845870018,-706.7286052703857,89.32022220000515,-0.0023851316062112105,63.30099716186523,1.350533664226532,0.0031143168181879456,-896.99481600523,109.04459056170823,,0.6593154311180115,
1404000,3028.734855413437,-701.9314870834351,72.24076671183845,-0.002611835372090976,49.883827209472656,1.3229519605636597,0.002488196829004058,-719.6999081969261,90.11244022234322,,0.6416664361953736,
1408000,3037.0871546268463,-692.0910787582397,86.14087362092465,-0.0026027310215868127,69.50338630676269,1.3048339128494262,0.0030477239459287377,-719.6999081969261,90.11244022234322,,0.6425369799137115,
1412000,3045.4847841262817,-677.0201978683472,79.88055429368698,-0.0032295823651365962,57.45381202697754,1.2649162411689758,0.003758454049238935,-719.6999081969261,90.11244022234322,,0.6274740993976593,
1416000,3053.8759508132935,-681.1641988754272,72.8661128238388,-0.0033042442583634648,47.115374374389646,1.2420667648315429,0.0031439951388165356,-719.6999081969261,90.11244022234322,,0.6136969327926636,
1420000,3062.276825904846,-666.6345906257629,88.35119626620539,-0.0032196558260475074,73.7909107208252,1.2662863850593566,0.003458518270053901,-719.6999081969261,90.11244022234322,,0.607278573513031,
1424000,3070.6447212696075,-695.2234253883362,98.94503758645334,-0.002907230792101423,57.6884033203125,1.319413161277771,0.001894783055293381,-719.6999081969261,90.11244022234322,,0.5233475923538208,
1428000,3079.039752483368,-699.4677238464355,71.42853216547574,-0.0024338695992483393,48.160339736938475,1.349858570098877,0.003569294139742851,-719.6999081969261,90.11244022234322,,0.5876924276351929,
1432000,3087.4023485183716,-699.2144155502319,92.49497171041214,-0.0018457450958667466,48.23106575012207,1.3410547137260438,0.004023967197320117,-719.6999081969261,90.11244022234322,,0.557400906085968,
1436000,3095.819431066513,-690.8132610321045,74.45647717799372,-0.0034629729373070184,42.56553077697754,1.2857451915740967,0.0032801066379761325,-719.6999081969261,90.11244022234322,,0.49812811613082886,
1440000,3104.1828260421753,-719.613522529602,96.61947960968087,-0.0010481137960644204,91.90570907592773,1.3263197660446167,0.0023271691316040233,-719.6999081969261,90.11244022234322,,0.49376641809940336,
1444000,3114.7597970962524,-712.8581314086914,98.52153141561622,-0.0036350837252878687,41.775238037109375,1.3075941443443297,0.0049751695462425085,-766.6952660679817,87.39681688865262,,0.5036933064460755,
1448000,3123.150136947632,-729.7925567626953,86.37962883915102,-0.001403385871545737,51.23156204223633,1.3168245196342467,0.0038592455093748868,-766.6952660679817,87.39681688865262,,0.5227333426475524,
1452000,3131.630026817322,-724.2218475341797,92.44799836383879,-0.003695967552019286,47.835436248779295,1.2648368954658509,0.004707394933483311,-766.6952660679817,87.39681688865262,,0.5100665211677551,
1456000,3140.084435939789,-728.1328363418579,99.9821526811786,-0.0029367846860550275,39.77574863433838,1.2687443733215331,0.002566039084922522,-766.6952660679817,87.39681688865262,,0.5334000051021576,
1460000,3148.558295249939,-734.203046798706,97.62394868316045,-0.003251405642911287,46.24745178222656,1.2868945240974425,0.004174918873235622,-766.6952660679817,87.39681688865262,,0.5311524510383606,
1464000,3156.995314359665,-694.1716318130493,88.71131165106814,-0.002831143072107789,46.83644752502441,1.2872375130653382,0.0010803226585267111,-766.6952660679817,87.39681688865262,,0.5221627414226532,
1468000,3165.4963397979736,-698.2784900665283,82.24026908848785,-0.0030895617828354816,60.93093032836914,1.3413336277008057,0.0036791044910593597,-766.6952660679817,87.39681688865262,,0.5223573744297028,
1472000,3173.946058034897,-739.930739402771,94.99753328041315,-0.0026794990918909355,57.81014442443848,1.3645361065864563,0.003066350647713989,-766.6952660679817,87.39681688865262,,0.5073255777359009,
1476000,3182.424071788788,-686.3820056915283,75.52164221422636,-0.0020972860652061164,48.47398796081543,1.375443196296692,0.0033998779971152527,-766.6952660679817,87.39681688865262,,0.5072823643684388,
1480000,3190.8700687885284,-720.6699504852295,77.20758626562423,-0.002987863271361313,33.0499490737915,1.379752516746521,0.0024709658150774416,-766.6952660679817,87.39681688865262,,0.5417853176593781,
1484000,3201.4457783699036,-703.5647258758545,96.57268523936511,-0.0019987267923231135,56.02900657653809,1.3701915264129638,0.0036891269497573375,-759.4561580717564,116.41842195472078,,0.48734155893325803,
1488000,3209.811906337738,-717.1748247146606,84.0145036080755,-0.0026639319163393018,48.046638870239256,1.3837684750556947,0.005263409717008472,-759.4561580717564,116.41842195472078,,0.4992729812860489,
1492000,3218.1972165107727,-715.8479127883911,77.9624080301675,-0.0007458678095524363,61.08908920288086,1.3792523980140685,0.0014362145677441873,-759.4561580717564,116.41842195472078,,0.49622693061828616,
1496000,3226.5499975681305,-745.0575828552246,109.98478077250886,-0.002744189965616073,68.4371124267578,1.3601526618003845,0.0025369445965237603,-759.4561580717564,116.41842195472078,,0.44796151518821714,
1500000,3234.9560108184814,-719.5676050186157,90.41325053512018,-0.0019350927245104898,70.81275825500488,1.3682737469673156,0.0027737191645428537,-759.4561580717564,116.41842195472078,,0.4539046406745911,
1504000,3243.318728208542,-714.887508392334,108.13343352579213,-0.0022286362144028904,99.66066513061523,1.3300084590911865,0.0016063290678236335,-759.4561580717564,116.41842195472078,,0.478638282418251,
1508000,3251.7144899368286,-720.7623558044434,86.0134915453724,-0.0021271339366601082,75.55709037780761,1.3208121061325073,0.00254466314218007,-759.4561580717564,116.41842195472078,,0.5119916439056397,
1512000,3260.085013151169,-701.8663959503174,106.65486175007742,-0.0032073139076844726,63.99398345947266,1.3172611594200134,0.005636448115576087,-759.4561580717564,116.41842195472078,,0.5043967127799988,
1516000,3268.4840834140778,-742.5376071929932,97.38050968439124,-0.002526330847331959,62.42871932983398,1.286214029788971,0.002984579550626254,-759.4561580717564,116.41842195472078,,0.47253369688987734,
1520000,3276.8384993076324,-747.3671636581421,99.92399556067653,-0.0027331313133860833,75.2674430847168,1.2845263361930848,0.002247967639414128,-759.4561580717564,116.41842195472078,,0.49922117292881013,
1524000,3287.40998005867,-708.3593683242798,81.08684577943104,-0.0023740179486727796,79.33542175292969,1.2733116030693055,0.0025650427356595173,-742.9780577719212,100.76859022776179,,0.4997241646051407,
1528000,3295.8486289978027,-731.2974624633789,105.87991830138712,-0.0016813999751660313,86.13681449890137,1.2799996972084045,0.0033497365848355275,-742.9780577719212,100.76859022776179,,0.4430101543664932,
1532000,3304.2106897830963,-734.9047718048096,119.07997631447793,-0.0031844671918855203,94.4606315612793,1.2960494875907898,0.006785369152203203,-742.9780577719212,100.76859022776179,,0.41911430954933165,
1536000,3312.5767152309418,-749.1012744903564,114.34781904667794,-0.0020736439178774546,89.4159309387207,1.2664311528205872,0.00241649516428879,-742.9780577719212,100.76859022776179,,0.41429183185100554,
1540000,3320.977323770523,-750.4412288665771,91.24857653607191,-0.004812740801367887,65.50636367797851,1.222333562374115,0.005458859354257583,-742.9780577719212,100.76859022776179,,0.413985887169838,
1544000,3329.3874163627625,-779.8737688064575,124.54972345673949,-0.0018979910568257096,76.57664756774902,1.1962539792060851,0.0030521801207214596,-742.9780577719212,100.76859022776179,,0.3759471267461777,
1548000,3337.785702228546,-782.336802482605,134.74840223739528,-0.0029160856038021655,82.84744338989258,1.17253634929657,0.004002776718698442,-742.9780577719212,100.76859022776179,,0.41877433061599734,
1552000,3346.1470625400543,-735.2452621459961,102.68855562412081,-0.002277873287365573,64.90976638793946,1.217091453075409,0.0025777134199161276,-742.9780577719212,100.76859022776179,,0.44133301377296447,
1556000,3354.5482671260834,-777.4105701446533,128.0980648765551,-0.0026161399290431262,110.7915756225586,1.2533898591995238,0.007398298415045001,-742.9780577719212,100.76859022776179,,0.4159914404153824,
1560000,3362.951728582382,-760.684796333313,123.60233334362745,-0.0022259565473844666,78.62557945251464,1.3337661623954773,0.001344254711875692,-742.9780577719212,100.76859022776179,,0.4048333615064621,
1564000,3373.5754957199097,-757.7437419891357,136.67649279927005,-0.0038080959320068385,70.54201545715333,1.3402435302734375,0.0041113597593890995,-1340.7620242834091,469.29693987200517,,0.4298013895750046,
1568000,3381.960597515106,-746.5134735107422,116.53154127946901,-0.0015461218168686842,79.80524559020996,1.35979505777359,0.0046691642934456375,-1340.7620242834091,469.29693987200517,,0.41923876106739044,
1572000,3390.392402410507,-782.1480436325073,107.9987395426194,-0.0008602168416835809,67.22134437561036,1.3057626962661744,0.001857255637878552,-1340.7620242834091,469.29693987200517,,0.42125089168548585,
1576000,3398.7770595550537,-756.7305488586426,112.74676838003879,-0.0028874629868660406,62.94768524169922,1.3695804953575135,0.004463297308112191,-1340.7620242834091,469.29693987200517,,0.41159081757068633,
1580000,3407.2087302207947,-773.2139444351196,96.63194859108111,-0.0019396299982909148,51.26803474426269,1.3556535243988037,0.001292873547936324,-1340.7620242834091,469.29693987200517,,0.3996941030025482,
1584000,3415.6125752925873,-788.4338026046753,113.4937825209554,-0.0010522752430309535,67.59349327087402,1.295325016975403,0.0014638744585681706,-1340.7620242834091,469.29693987200517,,0.40132697522640226,
1588000,3424.0508110523224,-800.875584602356,116.98998883326131,-0.0019634304229402487,55.195074462890624,1.2945265412330627,0.0017406942582747665,-1340.7620242834091,469.29693987200517,,0.399924111366272,
1592000,3432.436009645462,-808.4033670425415,118.01668288019516,-0.002902464311880415,69.88532257080078,1.3256678581237793,0.0024221728274521404,-1340.7620242834091,469.29693987200517,,0.4378072738647461,
1596000,3440.8828196525574,-753.2747459411621,104.0614484711088,-0.002081530846771784,44.01266250610352,1.3359528183937073,0.0023287386902763217,-1340.7620242834091,469.29693987200517,,0.4307971656322479,
1600000,3449.277813434601,-741.2488508224487,92.09889676706679,-0.0026619492323369798,51.25513954162598,1.3370593309402465,0.0033685096888802944,-1340.7620242834091,469.29693987200517,,0.44645088016986845,
1604000,3459.8749964237213,-726.4138278961182,80.80466070582418,-0.0021873299261399803,46.799010848999025,1.324981939792633,0.001553372477724535,-1264.0391153395176,385.403101585975,,0.5145955562591553,
1608000,3468.2452301979065,-729.8597087860107,98.27884593309105,-0.0009749105146426018,49.67894515991211,1.3005674362182618,0.003211403503703636,-1264.0391153395176,385.403101585975,,0.5206996917724609,
1612000,3476.589611053467,-730.8280439376831,123.74893579534994,-0.003143978682191406,53.45347785949707,1.317020881175995,0.00349223069351865,-1264.0391153395176,385.403101585975,,0.4794190376996994,
1616000,3484.9612505435944,-680.5559101104736,73.52275625720058,-0.0032708676399973323,49.218258666992185,1.2584744334220885,0.003015385415094629,-1264.0391153395176,385.403101585975,,0.49883154928684237,
1620000,3493.389238357544,-682.5063648223877,89.35092292184146,-0.0027023615482807627,71.79097175598145,1.2677947759628296,0.004248983130790296,-1264.0391153395176,385.403101585975,,0.5355689644813537,
1624000,3501.7825179100037,-677.7972755432129,90.40048801797376,-0.0027044351571239742,55.072213363647464,1.295312476158142,0.002792900786502317,-1264.0391153395176,385.403101585975,,0.5804877758026123,
1628000,3510.1918182373047,-686.1238508224487,72.40564314578498,-0.0029575450431244656,62.75984191894531,1.3387760758399962,0.004487247395445593,-1264.0391153395176,385.403101585975,,0.5308733463287354,
1632000,3518.591536283493,-729.9674482345581,93.56198792897375,-0.002098170703975466,58.12367820739746,1.3090569138526917,0.004350693463541911,-1264.0391153395176,385.403101585975,,0.48933092057704924,
1636000,3527.0031118392944,-752.5670118331909,105.92185834104303,-0.001878658562821034,39.02782573699951,1.2667764902114869,0.002771269360945272,-1264.0391153395176,385.403101585975,,0.43730381429195403,
1640000,3535.393544435501,-769.1180257797241,93.70564045357776,-0.002813201109801078,38.05504207611084,1.2500702261924743,0.003040571370336692,-1264.0391153395176,385.403101585975,,0.45718626379966737,
1644000,3546.0372128486633,-737.6168899536133,97.82423830323626,-0.0030812362874469202,45.823181533813475,1.3235146760940553,0.0038539870886779683,-850.0211628377438,134.14563182469934,,0.4791861653327942,
1648000,3554.416006565094,-711.8377523422241,81.51546989034317,-0.002067435116739946,40.93643054962158,1.363993227481842,0.0019477384219450666,-850.0211628377438,134.14563182469934,,0.45008081793785093,
1652000,3562.827799797058,-714.7378940582275,88.20685842187,-0.002511518940853463,38.34213562011719,1.3501968145370484,0.00157354792783736,-850.0211628377438,134.14563182469934,,0.4379583656787872,
1656000,3571.2118830680847,-707.6112928390503,90.9129413223817,-0.0033064214622912313,33.29774780273438,1.3446061730384826,0.00405995754772448,-850.0211628377438,134.14563182469934,,0.43305251002311707,
1660000,3579.6249113082886,-734.6859188079834,105.45094967870004,-0.002290329178135586,35.579111862182614,1.3191492795944213,0.002906299394982259,-850.0211628377438,134.14563182469934,,0.4460160106420517,
1664000,3588.0087320804596,-712.5107679367065,108.25297059925819,-0.0028387120168966717,47.74949951171875,1.2626887679100036,0.004306713707046583,-850.0211628377438,134.14563182469934,,0.3918176740407944,
1668000,3596.4301705360413,-732.3099241256714,96.85620014184876,-0.0016271973566619024,38.62719841003418,1.2670692920684814,0.0013859049911843612,-850.0211628377438,134.14563182469934,,0.41257722973823546,
1672000,3604.815826654434,-725.349627494812,90.27633695791106,-0.003008699125299841,34.79660339355469,1.299601709842682,0.003972763920319267,-850.0211628377438,134.14563182469934,,0.39761058390140536,
1676000,3613.2595388889313,-731.7982158660889,92.7523549967358,-0.0022904023933612017,33.41952838897705,1.3143712043762208,0.00338122890226078,-850.0211628377438,134.14563182469934,,0.39389265775680543,
1680000,3621.6338789463043,-735.3158369064331,97.68290988782485,-0.0022257529742782723,32.74232807159424,1.343405532836914,0.002339329175369764,-850.0211628377438,134.14563182469934,,0.43958827555179597,
1684000,3632.272800207138,-736.1325407028198,106.0857067500779,-0.0021150389387427416,42.604099655151366,1.2839623093605042,0.004488000250421465,-991.8876716792583,222.7105329779904,,0.4178344368934631,
1688000,3640.649436712265,-736.0626592636108,94.97585055390452,-0.0018850898969879903,36.255798721313475,1.314630675315857,0.00445169004087802,-991.8876716792583,222.7105329779904,,0.41823469996452334,
1692000,3649.051924943924,-723.9353141784668,94.87057450890117,-0.0013706999668890774,44.8203628540039,1.2741568207740783,0.0033856152834293163,-991.8876716792583,222.7105329779904,,0.4701381117105484,
1696000,3657.426463842392,-701.1684856414795,71.7690036032791,-0.0026257185804813067,48.13084945678711,1.3366068482398987,0.004186665234738029,-991.8876716792583,222.7105329779904,,0.4887455701828003,
1700000,3665.8822844028473,-701.6996192932129,85.26279199754633,-0.0035994075089693213,33.56410579681396,1.3116763591766358,0.004412835615221411,-991.8876716792583,222.7105329779904,,0.5123968064785004,
1704000,3674.28440785408,-726.352991104126,98.54786205160373,-0.002219183409664138,43.36597366333008,1.29074068069458,0.0026656335978380687,-991.8876716792583,222.7105329779904,,0.45151989459991454,
1708000,3682.7243916988373,-698.295355796814,64.3266902518901,-0.0028420749756041808,38.066621971130374,1.2558085203170777,0.0038074444407053933,-991.8876716792583,222.7105329779904,,0.4600303113460541,
1712000,3691.1258039474487,-668.7030248641968,59.94213775676878,-0.0020456050498954604,40.46163806915283,1.2818769931793212,0.0015101776050869375,-991.8876716792583,222.7105329779904,,0.43745563328266146,
1716000,3699.548413038254,-699.6961936950684,71.43755668423985,-0.0024098794959621197,38.61217288970947,1.2137796044349671,0.0033590325620025396,-991.8876716792583,222.7105329779904,,0.46041534543037416,
1720000,3707.932686328888,-707.2250142097473,91.05849893135604,-0.0026416385704651547,48.39549446105957,1.1827691078186036,0.0061043525961383075,-991.8876716792583,222.7105329779904,,0.497576105594635,
1724000,3718.508465528488,-698.6967935562134,98.37378173729833,-0.0029418703624978448,52.46967811584473,1.246077334880829,0.004281407996313646,-716.8348958790302,105.56538644552668,,0.47808119356632234,
1728000,3726.87779712677,-691.299614906311,88.33350343323576,-0.0044279370494963,33.30283603668213,1.2567860722541808,0.006172889674392845,-716.8348958790302,105.56538644552668,,0.47629144191741946,
1732000,3735.2836446762085,-693.9161710739136,72.87125963363526,-0.003895940365890649,39.112020111083986,1.218723440170288,0.004407194897066802,-716.8348958790302,105.56538644552668,,0.44682430624961855,
1736000,3743.629419565201,-693.7961859703064,80.4608786548364,-0.002684747127156384,40.11536483764648,1.1897013068199158,0.0024747016053879634,-716.8348958790302,105.56538644552668,,0.43122831284999846,
1740000,3752.020691394806,-696.7703733444214,71.90604690349333,-0.003816868308155508,30.849630546569824,1.2888907432556151,0.0034156787917406285,-716.8348958790302,105.56538644552668,,0.4266935408115387,
1744000,3760.365935564041,-671.6656703948975,76.39501850611518,-0.002172140922533172,55.32206497192383,1.3222374081611634,0.0019545894755865546,-716.8348958790302,105.56538644552668,,0.4742646932601929,
1748000,3768.7653176784515,-673.2430143356323,78.20299225009417,-0.002763239098596415,51.55232048034668,1.2795296549797057,0.003665965799979576,-716.8348958790302,105.56538644552668,,0.4531520515680313,
1752000,3777.1393225193024,-679.4992046356201,72.65666738689467,-0.003762438478646857,46.0191349029541,1.284221386909485,0.0030224354429325695,-716.8348958790302,105.56538644552668,,0.41565884947776793,
1756000,3785.541469335556,-665.6187553405762,63.209324833041194,-0.0030211509619839207,54.11340408325195,1.296183705329895,0.0027966242443653753,-716.8348958790302,105.56538644552668,,0.3865799754858017,
1760000,3793.9034082889557,-652.647216796875,71.02152062845663,-0.0015506771468889013,73.72327156066895,1.2571928381919861,0.0021281930821714923,-716.8348958790302,105.56538644552668,,0.4311774343252182,
1764000,3804.5041267871857,-663.2769231796265,72.97056129551669,-0.0037715675272822933,57.71747360229492,1.2386375427246095,0.005061247054254636,-659.2355154752731,83.02457973606599,,0.4233091354370117,
1768000,3812.8802053928375,-669.467854976654,79.79076697118843,-0.003510146231545619,75.07354316711425,1.2505084991455078,0.006606685609789586,-659.2355154752731,83.02457973606599,,0.449216240644455,
1772000,3821.3075227737427,-709.8270435333252,92.76222652971693,-0.0028590608812325336,54.20010871887207,1.2803349256515504,0.001584688512957655,-659.2355154752731,83.02457973606599,,0.3718112915754318,
1776000,3829.6785860061646,-684.9011344909668,92.05187041677019,-0.0023862634429630434,56.396033477783206,1.2419402241706847,0.004665902176483838,-659.2355154752731,83.02457973606599,,0.45093039870262147,
1780000,3838.075266122818,-692.3626317977905,89.38246138294332,-0.004025318924648058,39.95323810577393,1.2007386326789855,0.00408452247059905,-659.2355154752731,83.02457973606599,,0.40794537365436556,
1784000,3846.4432384967804,-704.9591808319092,81.01345287257213,-0.002834197457685761,45.39494590759277,1.216624677181244,0.0013867698900867254,-659.2355154752731,83.02457973606599,,0.43974609673023224,
1788000,3854.853908061981,-697.559937953949,91.56949175888653,-0.00351150897432429,42.79975967407226,1.2303260207176208,0.003598940915350496,-659.2355154752731,83.02457973606599,,0.40336180925369264,
1792000,3863.221649169922,-696.8398780822754,91.44549471252935,-0.0037778377200787363,31.061875343322754,1.1390692830085754,0.005804296385031193,-659.2355154752731,83.02457973606599,,0.4311304032802582,
1796000,3871.630715608597,-718.7781991958618,94.23517519301227,-0.002877778433806455,57.75305023193359,1.1151954531669617,0.002628716145409271,-659.2355154752731,83.02457973606599,,0.33443879783153535,
1800000,3880.008768796921,-719.7353811264038,87.44237218130357,-0.002981810713846533,42.2244966506958,1.1264602780342101,0.0032495848671533433,-659.2355154752731,83.02457973606599,,0.4125768929719925,
1804000,3890.6032269001007,-739.4955673217773,103.3631260422478,-0.0033734107875109665,58.14741744995117,1.2094836115837098,0.0036544209026033057,-779.3415367007256,137.648651218774,,0.37637585699558257,
1808000,3898.9909524917603,-740.0498456954956,93.86868370234485,-0.0020433920937648507,38.5366828918457,1.2441123366355895,0.0022379617481104396,-779.3415367007256,137.648651218774,,0.3475826233625412,
1812000,3907.4290838241577,-769.5081462860107,96.68127511846161,-0.002918160675636805,52.16996803283691,1.2528958320617676,0.0023175200862169732,-779.3415367007256,137.648651218774,,0.37765116095542905,
1816000,3915.771918296814,-744.5860543251038,111.3644770381606,-0.0030203277903686045,40.30476551055908,1.2895041584968567,0.0032192285230848937,-779.3415367007256,137.648651218774,,0.4146475374698639,
1820000,3924.116852045059,-716.5458574295044,100.1751136996328,-0.0028307236091349,56.94873199462891,1.3366830587387084,0.002897379587598481,-779.3415367007256,137.648651218774,,0.3726548671722412,
1824000,3932.504731655121,-726.5380477905273,101.0203524672247,-0.0027126306589149605,47.99143829345703,1.3139588713645936,0.0007469498883778236,-779.3415367007256,137.648651218774,,0.3741053521633148,
1828000,3940.9172670841217,-677.9994173049927,87.93108232943587,-0.002648665995531019,46.13195953369141,1.29387127161026,0.0015933704184135423,-779.3415367007256,137.648651218774,,0.4209643542766571,
1832000,3949.298828125,-698.270097732544,87.98205256884313,-0.0030551081184530204,37.71990203857422,1.2870360255241393,0.003719724132640612,-779.3415367007256,137.648651218774,,0.38142737150192263,
1836000,3957.6973831653595,-740.6468372344971,124.50060864688139,-0.003658552553582295,44.90023078918457,1.188177466392517,0.003872374570734489,-779.3415367007256,137.648651218774,,0.38270204663276675,
1840000,3966.0318994522095,-714.9297671318054,88.34166822712301,-0.0018936063924338774,52.16210708618164,1.1910191774368286,0.004211195919197053,-779.3415367007256,137.648651218774,,0.3740458279848099,
1844000,3976.5817523002625,-695.1059398651123,80.63241863172111,-0.0033701168917274703,49.94961585998535,1.1917845368385316,0.0042905962459820705,-727.4090161919594,130.42815768157215,,0.4063501268625259,
1848000,3984.8816969394684,-724.2948503494263,89.37960392843173,-0.002059774642732393,51.389837646484374,1.1887291193008422,0.0023412290079868558,-727.4090161919594,130.42815768157215,,0.35647270977497103,
1852000,3993.2445673942566,-690.8501539230347,87.47764722541525,-0.0026406018094470517,52.403252029418944,1.1846078276634215,0.0024252104660263283,-727.4090161919594,130.42815768157215,,0.36567619144916536,
1856000,4001.5777068138123,-704.1388454437256,91.73419765211115,-0.0034779454925252472,50.44200477600098,1.178105616569519,0.002270865824539214,-727.4090161919594,130.42815768157215,,0.3591759532690048,
1860000,4009.940940141678,-698.5443115234375,85.93130036579673,-0.0031000083733038865,57.718112564086915,1.2148928880691527,0.004127470450475812,-727.4090161919594,130.42815768157215,,0.3393501967191696,
1864000,4018.27418756485,-690.8435916900635,86.21835874002875,-0.0034419463433635724,46.93961372375488,1.2487344861030578,0.0035082019114246244,-727.4090161919594,130.42815768157215,,0.3920670121908188,
1868000,4026.651772260666,-710.8939714431763,93.93898917011826,-0.0041094447702247905,48.78683738708496,1.2468314170837402,0.002994026868681754,-727.4090161919594,130.42815768157215,,0.38106696903705595,
1872000,4034.977344274521,-695.0676727294922,79.34798200562912,-0.0024454146137092626,42.89721488952637,1.2577105045318604,0.00466357880551369,-727.4090161919594,130.42815768157215,,0.36827372610569,
1876000,4043.34374666214,-685.7237234115601,71.74817948549375,-0.004078537577142249,35.456966400146484,1.3226055264472962,0.0032180179606851487,-727.4090161919594,130.42815768157215,,0.3387936234474182,
1880000,4051.665794610977,-680.292200088501,86.06534366831077,-0.0035448992485956677,38.83185081481933,1.2475423097610474,0.0030196924995398167,-727.4090161919594,130.42815768157215,,0.37477852702140807,
1884000,4062.2750725746155,-691.9325227737427,79.70339469296381,-0.001815308845407948,57.98419303894043,1.2878127455711366,0.0021277652832214057,-757.3646242916584,105.98316780551363,,0.3346950948238373,
1888000,4070.6123218536377,-689.4349393844604,77.9549696656428,-0.0035102092501862804,32.65519790649414,1.3147696495056151,0.005145488306879997,-757.3646242916584,105.98316780551363,,0.3217574805021286,
1892000,4078.980100631714,-706.0390396118164,71.97247583573831,-0.0030194590816003063,48.75910568237305,1.2884915113449096,0.004036976877289522,-757.3646242916584,105.98316780551363,,0.31316050291061404,
1896000,4087.3193819522858,-705.6308784484863,76.43990868061364,-0.0034647529355716243,31.273921775817872,1.2938468694686889,0.004256421246100217,-757.3646242916584,105.98316780551363,,0.3237862974405289,
1900000,4095.6769700050354,-740.1960983276367,80.98584552235477,-0.0024163097005996726,41.310594177246095,1.316779613494873,0.003503248220658861,-757.3646242916584,105.98316780551363,,0.33384187817573546,
1904000,4104.011113166809,-717.4305143356323,97.25320654285224,-0.003279750275580895,50.17412643432617,1.300593328475952,0.003888031822900917,-757.3646242916584,105.98316780551363,,0.35513985753059385,
1908000,4112.383705377579,-691.9036178588867,85.95613898419009,-0.002400866512248001,40.28648738861084,1.3315883994102478,0.005269106957518188,-757.3646242916584,105.98316780551363,,0.3754701763391495,
1912000,4120.72708439827,-681.2088584899902,83.24856534423904,-0.002853722291183658,66.54288215637207,1.3242522597312927,0.0029408710087494684,-757.3646242916584,105.98316780551363,,0.3602504014968872,
1916000,4129.101333856583,-676.2738990783691,82.9982204825517,-0.0023595503568261122,65.5634780883789,1.3237940549850464,0.001486584852730921,-757.3646242916584,105.98316780551363,,0.3769139230251312,
1920000,4137.389444589615,-658.853807926178,74.33939214231586,-0.003122515562766459,51.3748062133789,1.3188817501068115,0.004370352775712227,-757.3646242916584,105.98316780551363,,0.40007376968860625,
1924000,4147.9565324783325,-697.3623781204224,79.22097311675135,-0.004180814729227378,51.06522064208984,1.3139815092086793,0.003501387865593042,-675.2936106324196,74.20490498574583,,0.3604182302951813,
1928000,4156.322127342224,-691.604293346405,96.38418864622678,-0.0010360391748690744,90.08191223144532,1.2710957288742066,0.0018278455012477935,-675.2936106324196,74.20490498574583,,0.3952927142381668,
1932000,4164.744930505753,-678.8516273498535,63.65122271200425,-0.0027209678421883155,93.8884292602539,1.2249672889709473,0.002118884006670463,-675.2936106324196,74.20490498574583,,0.3938896119594574,
1936000,4173.079629898071,-691.5928606987,87.81238049233825,-0.003902375217837495,50.50707511901855,1.1915247082710265,0.003820863114378881,-675.2936106324196,74.20490498574583,,0.37557579278945924,
1940000,4181.437306880951,-705.5286326408386,97.76756731248662,-0.002485761188125857,39.71323223114014,1.157730507850647,0.002106694207759574,-675.2936106324196,74.20490498574583,,0.3480799913406372,
1944000,4189.7143721580505,-718.3030338287354,77.50822226581236,-0.002742868445192759,58.93960952758789,1.1960870504379273,0.003828171682388837,-675.2936106324196,74.20490498574583,,0.35876127779483796,
1948000,4198.070897102356,-709.8926358222961,95.83614008190595,-0.0012620183819502361,52.541718292236325,1.156762433052063,0.0017086873471271248,-675.2936106324196,74.20490498574583,,0.33117531836032865,
1952000,4206.402320861816,-707.8419513702393,91.11101973433404,-0.0022646422227747378,44.31168060302734,1.1750537872314453,0.0013160658394335777,-675.2936106324196,74.20490498574583,,0.3201796621084213,
1956000,4214.798878908157,-697.6583099365234,92.69053307853834,-0.001119899652277434,50.16641349792481,1.1898420572280883,0.003928883740445599,-675.2936106324196,74.20490498574583,,0.3047569543123245,
1960000,4223.143851041794,-749.5095376968384,102.59548100829603,-0.0018429988364321304,53.463843154907224,1.2180774807929993,0.002173358960387617,-675.2936106324196,74.20490498574583,,0.28005472421646116,
1964000,4233.802206516266,-719.923828125,102.50523803687877,-0.0020107608442194724,40.02413501739502,1.3236939668655396,0.002838044681993779,-844.3019492328167,199.04795738311208,,0.3102306842803955,
1968000,4242.1376366615295,-708.3130970001221,80.7135029529225,-0.0029095713557520052,50.275515747070315,1.2677223563194275,0.0036535385119302434,-844.3019492328167,199.04795738311208,,0.2916891872882843,
1972000,4250.5110540390015,-711.5369720458984,87.17009569489782,-0.00243656920886135,51.64536743164062,1.233444046974182,0.003068135627467816,-844.3019492328167,199.04795738311208,,0.3086904942989349,
1976000,4258.862087726593,-719.9522771835327,85.12269868102301,-0.002119127317254055,47.35470733642578,1.2476070165634154,0.004134030341015516,-844.3019492328167,199.04795738311208,,0.32171472907066345,
1980000,4267.230471611023,-735.225136756897,92.55370930703285,-0.0020481363362244488,37.501335334777835,1.1721873044967652,0.004023488859296776,-844.3019492328167,199.04795738311208,,0.2674144357442856,
1984000,4275.5619695186615,-728.8988780975342,85.95612520115303,-0.0037830523042939657,42.41611022949219,1.2739423394203186,0.0050546205463664505,-844.3019492328167,199.04795738311208,,0.26360217332839964,
1988000,4283.9333872795105,-741.3469104766846,99.88828109945426,-0.0029452171351294965,39.722937774658206,1.2672855019569398,0.0037251817165718792,-844.3019492328167,199.04795738311208,,0.28498856723308563,
1992000,4292.266841173172,-735.9817266464233,105.1940311256588,-0.0030615749775898316,40.83326301574707,1.3045374631881714,0.004565477115102112,-844.3019492328167,199.04795738311208,,0.26688991487026215,
1996000,4300.63435459137,-723.4661302566528,84.168757899413,-0.002325261054094874,43.03907775878906,1.3147364020347596,0.0037861832941416653,-844.3019492328167,199.04795738311208,,0.27412777245044706,
2000000,4308.971919775009,-776.2947473526001,82.54439434059898,-0.0028442959360546636,42.41577072143555,1.3202964901924132,0.0016379749273182976,-844.3019492328167,199.04795738311208,,0.2917054951190948,
