global_step,wall_time_s,ep_return_mean,ep_return_std,policy_loss,value_loss,entropy,approx_kl,eval_return_mean,eval_return_std,mean_k,attn_entropy,lagrange_lambda
4000,8.71262502670288,-766.6060419082642,103.06223642679964,-0.0003311496431933847,575.880615234375,1.6037292957305909,1.4404456516459164e-10,,,,2.1790506839752197,
8000,16.966514348983765,-740.8195428848267,90.77869314250941,-0.00034408197259452324,506.3345092773437,1.6049643993377685,7.128483803171548e-05,,,,2.1984270572662354,
12000,25.11623764038086,-753.4883441925049,116.50420166163728,-6.968128679600838e-05,524.2696960449218,1.602626371383667,0.00013446188713714947,,,,2.195894980430603,
16000,33.199209690093994,-765.1491441726685,100.10147852898251,-0.00023423574735836894,566.1690002441406,1.5905458211898804,1.4993028435128508e-05,,,,2.2043322324752808,
20000,41.38228631019592,-730.1770997047424,101.68641950652756,-0.00039242655974192076,473.9510803222656,1.5831642985343932,0.0,,,,2.200797200202942,
24000,49.59959650039673,-719.7014636993408,100.17765863416093,-0.00034201819454011685,398.61143798828124,1.5667601585388184,1.167257623890805e-10,,,,2.173926568031311,
28000,57.864729166030884,-744.304934501648,113.60024299866421,-0.0002050674041207401,363.9772491455078,1.562658417224884,0.00010243088217976037,,,,2.155716586112976,
32000,66.06682276725769,-724.3103985786438,99.23520385620691,-0.0002885064696868833,311.7961090087891,1.5784088730812074,4.747289430101498e-05,,,,2.204311466217041,
36000,74.34585356712341,-703.806713104248,96.44543460347818,-0.00013303405391447144,185.93907623291017,1.582062041759491,5.960911213696851e-05,,,,2.228696084022522,
40000,82.57449889183044,-711.4428157806396,88.29131285714796,-4.9802502398677004e-05,213.6980239868164,1.573113751411438,0.0,,,,2.2742570638656616,
44000,93.16350507736206,-727.3427066802979,88.13995588496134,-0.0002927584718017684,175.78130340576172,1.566682553291321,0.0002600773430458503,-777.164376437664,139.79984177409654,,2.2520936727523804,
48000,101.46368885040283,-737.8040895462036,70.11012931730613,-0.00035060746162101085,147.9112762451172,1.5679947972297668,6.58309112622213e-07,-777.164376437664,139.79984177409654,,2.2259841203689574,
52000,109.68583726882935,-737.8904113769531,123.49364265055932,-0.00035514830427807453,119.28118438720703,1.573448622226715,0.00016332593136849093,-777.164376437664,139.79984177409654,,2.2706591129302978,
56000,117.91617679595947,-752.9479885101318,94.25113341412764,-0.00048365767506766135,105.43755416870117,1.5457797527313233,0.00032841154898051174,-777.164376437664,139.79984177409654,,2.2275532722473144,
60000,126.14651441574097,-710.8673758506775,99.83242245463575,-0.0003950396551518409,76.13567504882812,1.5221279621124268,0.0,-777.164376437664,139.79984177409654,,2.267576885223389,
64000,134.35217237472534,-740.6707544326782,85.06150527043944,-0.00021834505235176493,84.27366905212402,1.5090754866600036,0.0005320246180441857,-777.164376437664,139.79984177409654,,2.2673402309417723,
68000,142.48520135879517,-723.8857269287109,103.1719273768642,-0.0004049636792454514,59.83302803039551,1.5059388399124145,0.0002736791844654363,-777.164376437664,139.79984177409654,,2.2690317153930666,
72000,150.728924036026,-755.7478523254395,118.39274075487289,-0.00032189546784984203,126.65965881347657,1.499835979938507,1.3783574281944766e-10,-777.164376437664,139.79984177409654,,2.282825207710266,
76000,158.88068675994873,-743.4193897247314,98.68820326095494,-0.00016183154198925464,91.186323928833,1.4676910281181335,0.00014128901655083848,-777.164376437664,139.79984177409654,,2.280338668823242,
80000,167.00376749038696,-727.3703441619873,97.18547685499206,-0.00046078220308611864,59.674115371704104,1.4782498240470887,0.0006188876839587464,-777.164376437664,139.79984177409654,,2.277811622619629,
84000,177.60596203804016,-707.7844123840332,86.10022121820393,-0.0004831398931418818,85.25479583740234,1.4655574321746827,1.1983017911276761e-10,-991.1448734402657,179.22134918853112,,2.288456153869629,
88000,185.81353378295898,-722.7462320327759,103.47507734060672,-0.00035851908495052596,81.89447212219238,1.4900997757911683,9.642130180509412e-05,-991.1448734402657,179.22134918853112,,2.279910159111023,
92000,194.02030301094055,-726.3789024353027,90.05267625018487,-0.00016539949630409723,77.84867782592774,1.5082836151123047,0.0005961653224658247,-991.1448734402657,179.22134918853112,,2.2781668186187742,
96000,202.24936175346375,-716.8974676132202,103.89712755932956,-0.00035835149293053095,69.46867599487305,1.5082085013389588,0.0002479717046298902,-991.1448734402657,179.22134918853112,,2.27748589515686,
100000,210.45283794403076,-705.4545211791992,85.66973077695904,-0.0004797935035021794,65.65279273986816,1.5060793876647949,0.0,-991.1448734402657,179.22134918853112,,2.285171866416931,
104000,218.68513679504395,-683.744478225708,75.08963067020635,-0.0005313087142305051,61.34920120239258,1.527114474773407,0.0001576510570885148,-991.1448734402657,179.22134918853112,,2.3032530784606933,
108000,226.85150599479675,-729.8346881866455,96.29831724465708,-0.0005151313055636209,74.62480201721192,1.5119537472724915,0.0001389863945405523,-991.1448734402657,179.22134918853112,,2.2751052618026733,
112000,235.135493516922,-729.4221658706665,76.83107166585997,-0.0006415251712169834,70.41202087402344,1.481461274623871,0.00019020547424588585,-991.1448734402657,179.22134918853112,,2.2514259576797486,
116000,243.38678097724915,-722.4477496147156,99.77238870800383,-0.0014312393537062817,43.485916709899904,1.4487890958786012,0.0006892359504718116,-991.1448734402657,179.22134918853112,,2.28284227848053,
120000,251.62203669548035,-752.7240123748779,103.14989868220609,-0.00019705543318804253,50.844950675964355,1.4247174978256225,0.0002275019161170344,-991.1448734402657,179.22134918853112,,2.260817122459412,
124000,262.1599979400635,-754.6062383651733,103.58980121910396,-0.0011479924847758837,76.88811111450195,1.4398164868354797,0.0004009805055829929,-946.2128974199295,143.2555640951854,,2.256488633155823,
128000,270.2286400794983,-698.5387120246887,88.49377945905981,-0.0005689523358111348,49.35876274108887,1.4062676429748535,0.0005625518370688948,-946.2128974199295,143.2555640951854,,2.251159834861755,
132000,278.27688241004944,-727.1616630554199,76.52269685728889,-0.0009663270830934323,57.246510124206544,1.3876144647598267,0.00042746476309063475,-946.2128974199295,143.2555640951854,,2.253683352470398,
136000,286.3118484020233,-721.8216638565063,87.21958007979632,-0.0007555612780561383,39.562400817871094,1.360521399974823,0.0011757846763066516,-946.2128974199295,143.2555640951854,,2.216275954246521,
140000,294.4431393146515,-727.9178733825684,82.08303984142569,-0.00027651191355351214,53.40127086639404,1.414417576789856,0.00021754026238340884,-946.2128974199295,143.2555640951854,,2.273698568344116,
144000,302.6568286418915,-715.4207096099854,87.16052922785026,-0.0005498307312640449,52.66847267150879,1.390193235874176,0.0003188132420182344,-946.2128974199295,143.2555640951854,,2.277096748352051,
148000,310.78584241867065,-752.8727216720581,80.87179326019633,-0.0008142539639375279,50.67682571411133,1.4257769942283631,0.0013383946628891864,-946.2128974199295,143.2555640951854,,2.242974281311035,
152000,319.06091952323914,-700.6254138946533,75.64931538129389,-0.0008750703689680783,58.17362976074219,1.4379120945930481,0.00046264985503512434,-946.2128974199295,143.2555640951854,,2.263791871070862,
156000,327.2971978187561,-731.1860427856445,82.79504396610224,-0.00025901046111780345,69.24801597595214,1.4486268639564515,0.00029141323975636626,-946.2128974199295,143.2555640951854,,2.249648833274841,
160000,335.56819772720337,-757.4564867019653,109.67691241591328,-0.0015709366593509965,97.35264091491699,1.4482872247695924,0.0005827661759440162,-946.2128974199295,143.2555640951854,,2.238163185119629,
164000,346.0159184932709,-714.2842044830322,73.67900699123135,-0.0005854914355150065,61.55956401824951,1.454296338558197,0.0002990226976398863,-879.7809819877148,163.30377899802883,,2.2860127210617067,
168000,354.31696581840515,-727.5837020874023,104.94859070280208,-0.0007848942343892773,77.63425941467285,1.4663719415664673,0.0004123199737878336,-879.7809819877148,163.30377899802883,,2.27030930519104,
172000,362.54828906059265,-706.7594971656799,97.9738104258661,-0.00168340872914996,78.11555557250976,1.452819037437439,0.0018599820701638236,-879.7809819877148,163.30377899802883,,2.2434529066085815,
176000,370.74010610580444,-759.1254138946533,123.4512740970972,-0.0009110969595299778,73.476607131958,1.4019155144691466,0.0007982672308571636,-879.7809819877148,163.30377899802883,,2.1744911909103393,
180000,378.91916608810425,-742.7701063156128,102.59403999984126,-0.0008996597538123652,37.702442741394044,1.4130009770393372,0.0011436193133704364,-879.7809819877148,163.30377899802883,,2.179997944831848,
184000,387.1158490180969,-753.3211669921875,115.60823964719253,-0.0011944861972976062,51.204651260375975,1.4008569478988648,0.00029952204757137114,-879.7809819877148,163.30377899802883,,2.151399850845337,
188000,395.386346578598,-704.4126777648926,71.460640064748,-0.001470479903209032,42.322098350524904,1.409259557723999,0.0010505658141028106,-879.7809819877148,163.30377899802883,,2.165324068069458,
192000,403.6447186470032,-713.1766901016235,91.070518202386,-0.0010429076550135363,50.06407985687256,1.370157778263092,0.00128443833309575,-879.7809819877148,163.30377899802883,,2.13758225440979,
196000,411.8517646789551,-725.1541547775269,96.81871817684556,-0.0014716606840568859,58.734550857543944,1.3848878860473632,0.0006721743502566824,-879.7809819877148,163.30377899802883,,2.1224136352539062,
200000,420.08120799064636,-740.69580078125,100.31726126262937,-0.0015119500609447113,35.08712635040283,1.3649113535881043,0.0006085180793888867,-879.7809819877148,163.30377899802883,,2.1889697074890138,
204000,430.5902462005615,-707.3003921508789,83.33735675322264,-0.0009347731044399565,68.64413795471191,1.3363077282905578,0.0010622951973346061,-837.6620241105556,103.28327132056408,,2.2302751541137695,
208000,438.8185908794403,-697.2459487915039,88.4023449001881,-0.001935708757877963,54.252044677734375,1.353264057636261,0.0008036872058486022,-837.6620241105556,103.28327132056408,,2.20118408203125,
212000,447.0432507991791,-707.7983474731445,102.79258132339461,-0.0019575759408374084,55.50902099609375,1.3809704184532166,0.0011186750751221552,-837.6620241105556,103.28327132056408,,2.178123378753662,
216000,455.12154746055603,-714.6533136367798,85.73677221619371,-0.001837660466320834,45.97568473815918,1.369954252243042,0.0029010542642790905,-837.6620241105556,103.28327132056408,,2.145774507522583,
220000,463.33276557922363,-710.6804189682007,82.07957690531799,-0.0017461125670039767,46.84206619262695,1.326268494129181,0.0022814369200204964,-837.6620241105556,103.28327132056408,,2.1422062873840333,
224000,471.5734386444092,-712.3455848693848,77.26396629496668,-0.0013874358402293564,46.13974113464356,1.3474997878074646,0.0006716415932545239,-837.6620241105556,103.28327132056408,,2.097003436088562,
228000,479.7224049568176,-705.1916179656982,88.85705882517526,-0.0014882270772456963,43.56392707824707,1.3430957317352294,0.0019189914957678412,-837.6620241105556,103.28327132056408,,2.111684513092041,
232000,487.84581565856934,-694.0636167526245,82.37882623094575,-0.0012079450395079405,45.26073379516602,1.358384335041046,0.0012261616573086998,-837.6620241105556,103.28327132056408,,2.110735535621643,
236000,496.06504940986633,-694.6593952178955,71.98490510819255,-0.0018580102285923217,40.844659423828126,1.390404188632965,0.0013263469663797878,-837.6620241105556,103.28327132056408,,2.1574324131011964,
240000,504.1539077758789,-697.6497688293457,79.25914390628607,-0.0007834195837349345,64.9566822052002,1.3616483211517334,1.2426993180270074e-05,-837.6620241105556,103.28327132056408,,2.118174839019775,
244000,514.5957379341125,-684.1137590408325,75.19828068040208,-0.0007481882369029691,61.98840827941895,1.4064717769622803,0.0005639374852035028,-738.1537377536297,84.19154296457138,,2.0977317810058596,
248000,522.6350810527802,-698.4750337600708,84.86990818661663,-0.00118506465867787,46.226983642578126,1.433599066734314,0.00036780571172130295,-738.1537377536297,84.19154296457138,,2.0155415773391723,
252000,530.8168127536774,-717.9133176803589,76.34666003368272,-0.0019509673229574532,62.0468246459961,1.4167667627334595,0.001427109510404989,-738.1537377536297,84.19154296457138,,1.8800961375236511,
256000,539.073451757431,-713.5060701370239,85.52469441593063,-0.0008119914686369967,52.69264717102051,1.418027400970459,0.0015473035600734875,-738.1537377536297,84.19154296457138,,2.0629791736602785,
260000,547.338520526886,-730.1410551071167,82.66790105714044,-0.0017090711503599642,44.880187606811525,1.3658210158348083,0.0008132466689482198,-738.1537377536297,84.19154296457138,,2.018060636520386,
264000,555.5205676555634,-701.0611701011658,84.47838406416024,-0.0025178672086525076,34.56695327758789,1.3867029666900634,0.0026127085815460306,-738.1537377536297,84.19154296457138,,2.067515826225281,
268000,563.7068521976471,-721.8747005462646,94.51378264869531,-0.0010917410274657092,43.55180110931396,1.3733850479125977,0.0012238605348102282,-738.1537377536297,84.19154296457138,,1.9943025946617126,
272000,571.8882179260254,-701.6656637191772,87.24551466768278,-0.001174976265661165,52.43486328125,1.4064032554626464,0.0014096086018980714,-738.1537377536297,84.19154296457138,,1.985633909702301,
276000,580.0806243419647,-681.7279119491577,63.174675125141285,-0.0009107888480818005,42.94453926086426,1.421398687362671,0.0006729496533807832,-738.1537377536297,84.19154296457138,,2.1024497747421265,
280000,588.3288185596466,-681.9725141525269,83.75726478672586,-0.0009888590049328626,48.796616554260254,1.4391042828559875,0.00040799022590363163,-738.1537377536297,84.19154296457138,,2.1192962408065794,
284000,598.8950476646423,-693.503493309021,80.53248423721764,-0.0017918264994804644,46.06088409423828,1.4190898418426514,0.002475466479469712,-768.1304910182953,90.66536846288226,,2.0486000061035154,
288000,607.1550953388214,-687.7442674636841,90.87078262170466,-0.0018212700402170157,48.00265827178955,1.402518916130066,0.0016724005443393252,-768.1304910182953,90.66536846288226,,2.12441668510437,
292000,615.3531482219696,-727.969687461853,65.48203090080845,-0.001247593859353735,59.4555549621582,1.3839213371276855,0.0008531207744381542,-768.1304910182953,90.66536846288226,,2.101001811027527,
296000,623.5753591060638,-731.5795364379883,97.80905034202408,-0.0018023227211863891,68.40128784179687,1.372371995449066,0.0019631448859969815,-768.1304910182953,90.66536846288226,,1.997277021408081,
300000,631.6831152439117,-720.346791267395,93.9611077054378,-0.002351454036969969,72.89919166564941,1.371780788898468,0.0019104674815025647,-768.1304910182953,90.66536846288226,,2.030584931373596,
304000,639.7252378463745,-733.5778703689575,90.62973708775178,-0.001033212612208434,68.05493240356445,1.3724873900413512,0.0010669215494999661,-768.1304910182953,90.66536846288226,,1.991918694972992,
308000,647.8766493797302,-755.8103008270264,90.79350446295568,-0.0030872293398715557,40.177223205566406,1.3403698921203613,0.002160569562770742,-768.1304910182953,90.66536846288226,,1.9209147214889526,
312000,656.0693182945251,-738.4668083190918,100.72968530880013,-0.0018931947950816986,43.34943771362305,1.3049686193466186,0.0016398023974034004,-768.1304910182953,90.66536846288226,,1.9541156530380248,
316000,664.3706917762756,-754.3809995651245,86.23465623682567,-0.003093102620836996,33.98161945343018,1.354402494430542,0.0014913984952727333,-768.1304910182953,90.66536846288226,,1.9501280546188355,
320000,672.6147429943085,-723.480806350708,100.35286241967802,-0.001683058554153849,50.70098361968994,1.3879345417022706,0.001451675628372112,-768.1304910182953,90.66536846288226,,1.9762498140335083,
324000,683.1170856952667,-714.1329393386841,83.32150053983705,-0.0011264634883652036,50.657067489624026,1.387475073337555,0.00017665392588241957,-921.604696393013,203.24041482189713,,2.0726071119308473,
328000,691.3100740909576,-713.4092617034912,86.06676193722284,-0.0017084774899704057,44.769561004638675,1.3652634501457215,0.0015846608945673025,-921.604696393013,203.24041482189713,,2.0068337440490724,
332000,699.5203964710236,-754.8698196411133,103.61009979838212,-0.0010820786012724515,58.447949981689455,1.3823336482048034,0.0015538520325208082,-921.604696393013,203.24041482189713,,2.0611507415771486,
336000,707.7389125823975,-728.0182256698608,106.04343709051547,-0.0017423425363958245,53.52016067504883,1.3779047012329102,0.0012742845778120683,-921.604696393013,203.24041482189713,,2.134980320930481,
340000,715.9424772262573,-709.122332572937,94.05961525647795,-0.0010309595146560824,42.60731754302979,1.3611873865127564,0.0014158148609567434,-921.604696393013,203.24041482189713,,2.1959934711456297,
344000,724.1295070648193,-705.5211820602417,80.88937247293056,-0.0019998050141973424,33.651974296569826,1.3696221709251404,0.0006836190303147304,-921.604696393013,203.24041482189713,,2.189114499092102,
348000,732.3625521659851,-728.0339450836182,79.33169945098747,-0.002350220030522898,28.317755126953124,1.3415543556213378,0.0017104485085719713,-921.604696393013,203.24041482189713,,2.197522020339966,
352000,740.5832772254944,-742.1350507736206,104.21291355109965,-0.0013665771054214737,52.81615142822265,1.3657347321510316,0.0012218716010975184,-921.604696393013,203.24041482189713,,2.133370542526245,
356000,748.8070149421692,-708.2955112457275,92.15695343983758,-0.0008305650496428729,44.377932739257815,1.3692915439605713,0.0004084020695639401,-921.604696393013,203.24041482189713,,2.1729371786117553,
360000,757.0072846412659,-696.4400329589844,86.57261426184243,-0.0018607995473139739,38.47144088745117,1.3732449769973756,0.0007701312150651063,-921.604696393013,203.24041482189713,,2.1691781282424927,
364000,767.5681777000427,-769.429253578186,124.47495109281815,-0.0015999529412074054,47.37750015258789,1.322262978553772,0.0009821145801882647,-801.7031800746918,156.53581245229398,,2.1446630001068114,
368000,775.8172655105591,-727.913498878479,85.29966766536468,-0.002912934054077265,28.047699165344238,1.2995180487632751,0.002294581581644417,-801.7031800746918,156.53581245229398,,2.1235830307006838,
372000,784.0317685604095,-720.4695587158203,107.5783631729695,-0.002602062348819656,42.23411521911621,1.3522989392280578,0.0015161943820324653,-801.7031800746918,156.53581245229398,,2.173462462425232,
376000,792.2988705635071,-701.4258584976196,114.63738408342996,-0.001642774360293231,66.63753547668458,1.3640106678009034,0.0017967145519602768,-801.7031800746918,156.53581245229398,,2.119867753982544,
380000,800.5082950592041,-728.741940498352,122.41838355882089,-0.0019957114239998576,56.26854362487793,1.3085006833076478,0.0012098338731448167,-801.7031800746918,156.53581245229398,,2.134185719490051,
384000,808.7555010318756,-704.3912010192871,102.08464954879479,-0.0017739682065535333,58.635325241088864,1.3719333410263062,0.0011785762011325752,-801.7031800746918,156.53581245229398,,2.1827577352523804,
388000,816.9635500907898,-729.7755880355835,126.45407716330267,-0.0018655878687277472,51.53352584838867,1.386128032207489,0.0026115768996533006,-801.7031800746918,156.53581245229398,,2.140954780578613,
392000,825.2027328014374,-713.2654786109924,117.6026240813472,-0.0031442535403378713,49.93958015441895,1.3559127569198608,0.0018850155542168069,-801.7031800746918,156.53581245229398,,2.121991753578186,
396000,833.3974585533142,-728.2384023666382,105.56510271292632,-0.0008160346097235039,84.5197380065918,1.357369589805603,0.0019750469204154798,-801.7031800746918,156.53581245229398,,2.1452929973602295,
400000,841.5623226165771,-725.1718196868896,115.34420600669057,-0.0018829195285992029,55.015327835083006,1.3695294260978699,0.0012151889020218132,-801.7031800746918,156.53581245229398,,2.2221362829208373,
404000,852.1218252182007,-690.7634391784668,110.14163380958877,-0.0028991243832472867,46.20207328796387,1.337838852405548,0.0028846581364632582,-759.6744209527969,146.38541201581765,,2.140829920768738,
408000,860.3281438350677,-711.0360283851624,107.21882436749681,-0.003124936921677257,44.23910388946533,1.363788914680481,0.0030583053137331006,-759.6744209527969,146.38541201581765,,2.1204627990722655,
412000,868.5348432064056,-663.794623374939,81.42539498620387,-0.0018788561615512122,53.35903091430664,1.4018110990524293,0.0008942832519096555,-759.6744209527969,146.38541201581765,,2.2163061141967773,
416000,876.7482595443726,-708.2671566009521,96.00357066697443,-0.001885526873423604,50.16649055480957,1.372736644744873,0.0016826604398374912,-759.6744209527969,146.38541201581765,,2.188602828979492,
420000,884.9180037975311,-690.9453105926514,80.41818807615545,-0.0017598874865555753,51.76472969055176,1.393170702457428,0.0007534897974486477,-759.6744209527969,146.38541201581765,,2.1773301124572755,
424000,893.1171600818634,-684.689492225647,82.76593054338056,-0.0015000913718600905,83.65959587097169,1.3799819350242615,0.0004923336709907744,-759.6744209527969,146.38541201581765,,2.1738179683685304,
428000,901.3251452445984,-655.706907749176,78.46884128315527,-0.0025657349606044376,69.47702598571777,1.3785666704177857,0.003438212689866005,-759.6744209527969,146.38541201581765,,2.2098144054412843,
432000,909.5100033283234,-682.6766424179077,82.69216162704923,-0.0018714034858858142,68.53886070251465,1.339521098136902,0.003058977600342283,-759.6744209527969,146.38541201581765,,2.1707934379577636,
436000,917.6795539855957,-693.7635297775269,84.42618248688952,-0.0015401882120738009,55.05453262329102,1.3258100152015686,0.0010789238032884896,-759.6744209527969,146.38541201581765,,2.2115182638168336,
440000,925.9118978977203,-718.5343637466431,113.34711657117441,-0.0011144533580202953,72.46539688110352,1.3288835406303405,0.0010316436193534174,-759.6744209527969,146.38541201581765,,2.164543032646179,
444000,936.5380160808563,-696.1242008209229,79.50671453860245,-0.0018116505753714486,50.80829429626465,1.3166459679603577,0.0010796395436045714,-768.7790367007256,138.9738795486934,,2.2172927379608156,
448000,944.753580570221,-680.2716331481934,66.61959617967331,-0.001166574971336276,69.44311332702637,1.2966715455055238,0.0005638382239412764,-768.7790367007256,138.9738795486934,,2.174997878074646,
452000,952.9986371994019,-693.4535970687866,89.37273409192561,-0.0023385871973587214,52.17356300354004,1.279163646697998,0.005087038083001971,-768.7790367007256,138.9738795486934,,2.073268246650696,
456000,961.1209416389465,-706.9753704071045,87.04835534402415,-0.0024852335561687646,48.32568302154541,1.3033814668655395,0.0017276785867579747,-768.7790367007256,138.9738795486934,,2.1176866769790648,
460000,969.1891052722931,-713.9279527664185,87.52740958857557,-0.0010578297757262267,54.27679557800293,1.3213269710540771,0.0018983320209372324,-768.7790367007256,138.9738795486934,,2.105216932296753,
464000,977.2469549179077,-716.1100444793701,108.24297574338962,-0.001565139284570849,47.396124267578124,1.3508427739143372,0.002702416555257514,-768.7790367007256,138.9738795486934,,2.146063303947449,
468000,985.411093711853,-684.6056532859802,92.14725887697591,-0.0017209631365646238,67.07223892211914,1.3565701007843018,0.0008319822838529945,-768.7790367007256,138.9738795486934,,2.2066238641738893,
472000,993.5903182029724,-670.7684788703918,107.38509181152386,-0.0017808728956539843,95.98894081115722,1.3823087573051454,0.0002633020980283618,-768.7790367007256,138.9738795486934,,2.1616933345794678,
476000,1001.8166747093201,-671.8737058639526,88.64098650466498,-0.0015689712737803063,104.67208557128906,1.371708595752716,0.0013129721162840724,-768.7790367007256,138.9738795486934,,2.1819817304611204,
480000,1010.0596332550049,-686.4473104476929,82.00101230144136,-0.0020513243694634475,89.23710899353027,1.3428068995475768,0.0013704129830972912,-768.7790367007256,138.9738795486934,,2.1942972898483277,
484000,1020.4750545024872,-689.1037287712097,83.6364256234151,-0.0018863328859054784,59.62836685180664,1.3107786178588867,0.0025778976545552724,-788.9717761576176,144.65429565116452,,2.1425649166107177,
488000,1028.6606614589691,-656.3356466293335,78.83372058159185,-0.0017893118551971289,73.02220802307129,1.3234267115592957,0.002003240162041038,-788.9717761576176,144.65429565116452,,2.2495368480682374,
492000,1036.8345425128937,-674.9130430221558,73.87367522746239,-0.002037929980161912,86.0279312133789,1.3424828410148621,0.0014626155669247964,-788.9717761576176,144.65429565116452,,2.182501745223999,
496000,1044.8582963943481,-685.3482370376587,90.30950428556193,-0.0014694342171326813,81.8719295501709,1.3334060430526733,0.0017603008993319236,-788.9717761576176,144.65429565116452,,2.1755374908447265,
500000,1052.8823988437653,-690.5087327957153,97.10116932838785,-0.0010965174103378938,71.324418258667,1.3218502163887025,0.0007269708847161382,-788.9717761576176,144.65429565116452,,2.0733639717102053,
504000,1060.8907122612,-691.8581676483154,79.64253234464702,-0.0018438691715322087,57.277062606811526,1.329991376399994,0.001819434509953377,-788.9717761576176,144.65429565116452,,2.164851450920105,
508000,1068.910118818283,-710.4840240478516,95.92837128958658,-0.002094740006762219,60.06821975708008,1.2953731536865234,0.0023113335469000353,-788.9717761576176,144.65429565116452,,2.114034914970398,
512000,1076.9348540306091,-703.6525235176086,131.30949556473985,-0.001897035245628409,64.90288467407227,1.3026365280151366,0.0008171820554659176,-788.9717761576176,144.65429565116452,,2.1838210821151733,
516000,1084.965408563614,-687.3119974136353,89.060843070463,-0.002466931386928395,56.79953880310059,1.3089388608932495,0.0032949601288419393,-788.9717761576176,144.65429565116452,,2.1024964094161986,
520000,1092.9788942337036,-696.5848503112793,80.2922057503029,-0.0020693615174386614,46.62643165588379,1.3018657445907593,0.0005904641285694012,-788.9717761576176,144.65429565116452,,2.1412073612213134,
524000,1103.311716079712,-703.7097864151001,85.22795617019382,-0.0006260628607535068,67.03741607666015,1.2755039930343628,0.001544403686420992,-742.4919828772545,114.17842626123279,,2.0668040037155153,
528000,1111.3231403827667,-677.345269203186,74.72267673545997,-0.0014571569164351316,59.392248916625974,1.2486178398132324,0.0016410000724135898,-742.4919828772545,114.17842626123279,,2.114192342758179,
532000,1119.3414828777313,-704.0627880096436,85.5790897847814,-0.0016520446623907504,51.60168037414551,1.159726333618164,0.0026512849957604613,-742.4919828772545,114.17842626123279,,1.9341114282608032,
536000,1127.3516669273376,-702.4640998840332,93.77707293535231,-0.0018506547776438898,59.12927665710449,1.1391053199768066,0.001463125321999542,-742.4919828772545,114.17842626123279,,1.8588772654533385,
540000,1135.368766784668,-711.9673309326172,90.25505768105347,-0.0008458134310446175,58.02169303894043,1.1541268706321717,0.0013591854837189513,-742.4919828772545,114.17842626123279,,1.894695508480072,
544000,1143.3825223445892,-704.8931951522827,87.19702168221178,-0.0008421524950038339,47.86129627227783,1.112048375606537,0.002075020971824415,-742.4919828772545,114.17842626123279,,1.9275045037269591,
548000,1151.5570738315582,-772.7111864089966,111.68624864281531,-0.0010337061410828241,77.98129768371582,1.1325111985206604,0.0012402211826217035,-742.4919828772545,114.17842626123279,,1.8852498888969422,
552000,1159.7688553333282,-733.5968828201294,107.56527838600866,-0.0025134680429474087,57.58601608276367,1.235112452507019,0.0032254063003153365,-742.4919828772545,114.17842626123279,,1.926591396331787,
556000,1168.046594619751,-718.3160533905029,101.77793378625779,-0.0011061007676646639,62.25610160827637,1.2806677341461181,0.002513893826243785,-742.4919828772545,114.17842626123279,,2.082074213027954,
560000,1176.331773519516,-672.6438555717468,72.08322007865915,-0.0013388371372226703,68.24936408996582,1.3262818336486817,0.0008694865726089796,-742.4919828772545,114.17842626123279,,2.0510128021240233,
564000,1186.7389812469482,-706.7221841812134,79.90019626787549,-0.0008548715117455363,75.7896572113037,1.3641697645187378,0.00044381687621353194,-687.141241312027,102.62069576951791,,2.0491799831390383,
568000,1194.7671556472778,-711.3376874923706,80.03259870804666,-0.0029482192037781907,62.13399124145508,1.3469413638114929,0.004353640667977743,-687.141241312027,102.62069576951791,,1.981742298603058,
572000,1202.816715478897,-718.85249376297,91.45786540010343,-0.0010067342887438713,74.97166290283204,1.3463597655296327,0.00039038861189813755,-687.141241312027,102.62069576951791,,1.9125842332839966,
576000,1210.8846592903137,-684.7942552566528,85.97372334176859,-0.0008794589109796469,72.2813678741455,1.3467143416404723,0.0018109758268110455,-687.141241312027,102.62069576951791,,1.826677918434143,
580000,1218.9745802879333,-711.8536386489868,94.31698887976164,-0.0006043696844474589,69.08934936523437,1.3362465500831604,0.0007967103184000734,-687.141241312027,102.62069576951791,,1.9958701133728027,
584000,1227.1508507728577,-699.8506412506104,95.69485379145915,-0.0016170447023857281,62.346488571166994,1.3418503165245057,0.0018597347631293727,-687.141241312027,102.62069576951791,,1.956263256072998,
588000,1235.3850529193878,-704.8962450027466,84.81269950153748,-0.0011854820153093914,69.5017219543457,1.3390090227127076,0.001931668419992405,-687.141241312027,102.62069576951791,,1.9151318430900575,
592000,1243.5929057598114,-704.8606090545654,91.91338038272754,-0.0018264170420200898,56.015869140625,1.347213864326477,0.0019452745653779856,-687.141241312027,102.62069576951791,,1.8757800459861755,
596000,1251.8151729106903,-717.302417755127,99.09609836858613,-0.0019798164341676026,93.21741027832032,1.3575188159942626,0.002046885448818414,-687.141241312027,102.62069576951791,,1.8818002462387085,
600000,1260.074315071106,-676.5845093727112,82.8626104427134,-0.0017058466840147446,71.58903465270996,1.3627968907356263,0.003292206250635599,-687.141241312027,102.62069576951791,,1.8776204466819764,
604000,1270.623530626297,-684.6717185974121,89.70056020961323,-0.0013945984048574834,55.4529167175293,1.3433651804924012,0.0008740497803470748,-741.1672628521919,112.2398801096486,,1.9792799592018127,
608000,1278.827140569687,-703.5329809188843,92.16089921466144,-0.0019043673194634625,60.65237922668457,1.3347506761550902,0.0038676498680918934,-741.1672628521919,112.2398801096486,,1.8118359088897704,
612000,1287.0683043003082,-670.7961797714233,80.47466733259235,-0.001976845263619964,78.49486198425294,1.3838300943374633,0.0019752794988841414,-741.1672628521919,112.2398801096486,,2.0390355348587037,
616000,1295.2837464809418,-677.2478933334351,84.48531324475736,-0.001088559551499202,72.38600692749023,1.3728348851203918,0.0007366828776866896,-741.1672628521919,112.2398801096486,,2.117629885673523,
620000,1303.5459854602814,-649.7025527954102,83.90425755335507,-0.0010020904307214806,75.8912971496582,1.361300539970398,0.0012369650408800225,-741.1672628521919,112.2398801096486,,2.1127017974853515,
624000,1311.8450405597687,-698.2031726837158,89.2058355257808,-0.0018474278820018951,70.25121841430663,1.3317956686019898,0.003768456258694641,-741.1672628521919,112.2398801096486,,2.0575418710708617,
628000,1320.087940454483,-696.7197732925415,114.91641397967933,-0.0013587371130027615,78.21325149536133,1.2942612648010254,0.0026765570460702383,-741.1672628521919,112.2398801096486,,2.0100340366363527,
632000,1328.3302898406982,-766.8547291755676,114.24971887226899,-0.002883218241389862,51.910166549682614,1.237950587272644,0.0028353491536108775,-741.1672628521919,112.2398801096486,,1.9160808086395265,
636000,1336.6016149520874,-749.0208311080933,101.63918281273052,-0.001799736990438161,43.97300224304199,1.23848637342453,0.0023172249773148602,-741.1672628521919,112.2398801096486,,1.8883061766624452,
640000,1344.851865530014,-718.8887310028076,87.02030165304633,-0.0006647764221998642,51.36273002624512,1.2567648410797119,0.0022290758137823996,-741.1672628521919,112.2398801096486,,1.8236976623535157,
644000,1355.3448944091797,-775.3746223449707,125.72247977458746,-0.0014562453945788257,62.07344055175781,1.222967267036438,0.0010765935898234603,-747.0009162425995,109.51591635976325,,1.7777380228042603,
648000,1363.5246579647064,-747.9449729919434,98.4295092002999,-0.0014814946753807234,55.017365264892575,1.2441990971565247,0.001513220368360635,-747.0009162425995,109.51591635976325,,1.7594108939170838,
652000,1371.7108426094055,-757.3898944854736,103.00325984128119,-0.0012563207044731684,50.3043773651123,1.2393972039222718,0.0028555732453241943,-747.0009162425995,109.51591635976325,,1.8830217123031616,
656000,1379.8995797634125,-749.8406620025635,99.4131995709438,-0.0023690489114573054,57.179853439331055,1.2456229329109192,0.002474996909222682,-747.0009162425995,109.51591635976325,,1.8646337151527406,
660000,1388.1062226295471,-763.3708267211914,112.94476462318026,-0.0019076952280399073,48.50176315307617,1.2412283420562744,0.0022610730840824543,-747.0009162425995,109.51591635976325,,1.8486368536949158,
664000,1396.2616302967072,-798.8297624588013,112.96423889393049,-0.002385470778758947,52.13663787841797,1.226595151424408,0.0027388151502236724,-747.0009162425995,109.51591635976325,,1.9079655170440675,
668000,1404.464819431305,-733.8092012405396,94.1292080432542,-0.004066111838988284,25.75562973022461,1.257499349117279,0.003941200407280121,-747.0009162425995,109.51591635976325,,1.8453630447387694,
672000,1412.6531834602356,-773.9117307662964,103.06588842143023,-0.002699392646900378,47.026332473754884,1.2620410561561584,0.0017639463380716425,-747.0009162425995,109.51591635976325,,1.8930275321006775,
676000,1420.8625621795654,-754.9817142486572,87.33831502647685,-0.0037827695137821137,33.02871303558349,1.2682811617851257,0.0030210290677011196,-747.0009162425995,109.51591635976325,,1.8405364155769348,
680000,1429.0583531856537,-768.1474208831787,93.19634008060635,-0.001976167852961197,40.1603925704956,1.2375571608543396,0.001744392324326327,-747.0009162425995,109.51591635976325,,1.748808491230011,
684000,1439.5529057979584,-747.3393106460571,74.756239939767,-0.0027305673852679345,29.72334518432617,1.2516696572303772,0.0035047498342464676,-860.530539482832,106.54051289113616,,1.7771605610847474,
688000,1447.6039831638336,-766.7104597091675,92.46289097054009,-0.0018842475070171782,36.015692138671874,1.2291409730911256,0.0025684003718197345,-860.530539482832,106.54051289113616,,1.6656163454055786,
692000,1455.6332302093506,-745.785234451294,90.61136793111197,-0.0016981291300229185,41.977852249145506,1.2688109636306764,0.0012668488721828907,-860.530539482832,106.54051289113616,,1.7113970160484313,
696000,1463.6734998226166,-725.349123954773,92.38973608238273,-0.002827173263028571,36.55760498046875,1.2858907222747802,0.0033931517074816233,-860.530539482832,106.54051289113616,,1.7737497568130494,
700000,1471.789057970047,-712.6849393844604,92.37007250592653,-0.001994272266805641,49.44940719604492,1.293895435333252,0.003174445786862634,-860.530539482832,106.54051289113616,,1.5916475892066955,
704000,1479.9945969581604,-754.711106300354,109.9612111360621,-0.0017942799727897808,60.047747421264646,1.314131987094879,0.0024181366969521,-860.530539482832,106.54051289113616,,1.5904702305793763,
708000,1488.183976650238,-741.2597761154175,91.20062175163847,-0.001329011174229283,74.19877738952637,1.313179576396942,0.003325236515956931,-860.530539482832,106.54051289113616,,1.8038360476493835,
712000,1496.3754577636719,-744.3415603637695,100.7371211740029,-0.001289652650530737,79.16505813598633,1.3545225620269776,0.0013345194223802538,-860.530539482832,106.54051289113616,,1.722175395488739,
716000,1504.5761759281158,-681.8920783996582,67.38168544827903,-0.0015963964612262238,61.544773483276366,1.336243999004364,0.0008923920613597147,-860.530539482832,106.54051289113616,,1.7528289794921874,
720000,1512.6534445285797,-706.4573850631714,79.94769098542282,-0.0013766887747140189,53.41634521484375,1.335325026512146,0.0029854043590603397,-860.530539482832,106.54051289113616,,1.5107942819595337,
724000,1523.0379674434662,-713.0292139053345,90.70118568645452,-0.0025050871976806553,48.65334815979004,1.3018448948860168,0.0029847130503815934,-702.4177156090736,126.21261629881731,,1.6664001584053039,
728000,1531.2668471336365,-720.6146564483643,101.39693983549112,-0.0021963615612767386,35.3650842666626,1.2652966856956482,0.0017537646239507154,-702.4177156090736,126.21261629881731,,1.610692596435547,
732000,1539.4855995178223,-745.9348344802856,104.0518982804964,-0.0014103994177504964,49.25507850646973,1.2065478086471557,0.0024586950021330267,-702.4177156090736,126.21261629881731,,1.5132648348808289,
736000,1547.6932322978973,-729.4585313796997,91.54668806322286,-0.002632726342805336,44.45443840026856,1.1788222074508667,0.00517725781017604,-702.4177156090736,126.21261629881731,,1.4437467813491822,
740000,1555.9084289073944,-767.1234703063965,99.81005206094757,-0.0013171289181723722,58.540370559692384,1.1631082057952882,0.0024202017534213803,-702.4177156090736,126.21261629881731,,1.4912266492843629,
744000,1564.1326842308044,-740.0763492584229,105.00468678583056,-0.002139116311407019,45.480641555786136,1.2149557948112488,0.002845983492443338,-702.4177156090736,126.21261629881731,,1.5793641686439515,
748000,1572.359126329422,-729.9904880523682,110.69743217593987,-0.0019150420904333388,37.42213115692139,1.2081509828567505,0.0018226983480417402,-702.4177156090736,126.21261629881731,,1.3605015635490418,
752000,1580.5537321567535,-792.1169948577881,127.86824107742142,-0.0031473219060960123,38.92784099578857,1.258521044254303,0.0032415418138261876,-702.4177156090736,126.21261629881731,,1.5949058294296266,
756000,1588.7422742843628,-782.2261400222778,116.78560102472785,-0.0019164846295801397,42.128614616394046,1.2297831654548645,0.002884566556895152,-702.4177156090736,126.21261629881731,,1.4599202871322632,
760000,1597.0049576759338,-780.5068550109863,118.71405875423386,-0.0021612241471108628,47.172644424438474,1.2042899966239928,0.0022581553857889958,-702.4177156090736,126.21261629881731,,1.297345268726349,
764000,1607.6471512317657,-752.1398906707764,89.86212493483245,-0.002165714641838945,34.60967864990234,1.1322190523147584,0.0028611623332835735,-828.5848444700241,184.78295115628254,,1.4446721076965332,
768000,1615.7555737495422,-761.8438682556152,132.8361737145383,-0.0012849263876463235,51.92606163024902,1.1211707234382629,0.001863758807303384,-828.5848444700241,184.78295115628254,,1.311423397064209,
772000,1623.8886535167694,-783.2975072860718,148.4766650053729,-0.001115190091717544,48.939140701293944,1.1360029101371765,0.001837278407532761,-828.5848444700241,184.78295115628254,,1.3627870082855225,
776000,1632.01953291893,-714.1220316886902,112.26978196392241,-0.0022964484064529776,60.31324501037598,1.2032081007957458,0.002263422070609522,-828.5848444700241,184.78295115628254,,1.5211945176124573,
780000,1640.1550316810608,-731.1668405532837,93.90035311430752,-0.002437479413696586,38.53801498413086,1.2026890993118287,0.002905289969203295,-828.5848444700241,184.78295115628254,,1.3902373790740967,
784000,1648.2988975048065,-796.6841192245483,82.52584613304826,-0.0020995878283574855,32.21248149871826,1.209765374660492,0.003054346304270439,-828.5848444700241,184.78295115628254,,1.4739253044128418,
788000,1656.413513660431,-776.1999320983887,142.70798893907724,-0.001262697585809902,60.508856201171874,1.2644298434257508,0.004348567276610993,-828.5848444700241,184.78295115628254,,1.3618410110473633,
792000,1664.5981855392456,-792.7785787582397,133.03497634248475,-0.0006551783493948804,67.84586219787597,1.2985076904296875,0.0015417000054537028,-828.5848444700241,184.78295115628254,,1.378633975982666,
796000,1672.810434103012,-709.818455696106,81.3284682182131,-0.0014981432486965928,61.86966209411621,1.3057314991950988,0.001163413804169977,-828.5848444700241,184.78295115628254,,1.5031031131744386,
800000,1680.8372225761414,-698.7730131149292,82.29613696334405,-0.0016193505311676403,52.46884307861328,1.3175001382827758,0.0018706127753830514,-828.5848444700241,184.78295115628254,,1.4830360531806945,
804000,1690.9901823997498,-686.7834787368774,83.69177417554695,-0.0018548475887314453,52.21100387573242,1.2760206937789917,0.0024242887451546265,-666.9129223525524,98.4509184072061,,1.3435542464256287,
808000,1698.9594671726227,-709.733639717102,88.23583661762981,-0.002345905076479582,55.7719482421875,1.2515347957611085,0.0034224496950628234,-666.9129223525524,98.4509184072061,,1.329090178012848,
812000,1707.0975785255432,-748.0443534851074,112.49975443966733,-0.0009471564350533312,73.59335327148438,1.2526342272758484,0.0021207631900324484,-666.9129223525524,98.4509184072061,,1.289420974254608,
816000,1715.2365200519562,-717.6624431610107,88.35442481606596,-0.002122670975591312,40.71466598510742,1.2829539060592652,0.004608545306837186,-666.9129223525524,98.4509184072061,,1.4039729237556458,
820000,1723.3845024108887,-722.4279441833496,93.66777577794788,-0.0017804267842244758,39.83104553222656,1.300807774066925,0.002677271296852268,-666.9129223525524,98.4509184072061,,1.479464054107666,
824000,1731.56014585495,-707.4237384796143,70.04319570881368,-0.002136162381691964,40.07231616973877,1.3094469070434571,0.002799094262398283,-666.9129223525524,98.4509184072061,,1.4647208452224731,
828000,1739.71284365654,-690.5831336975098,78.35390550620242,-0.0018663248154383249,44.341539573669436,1.3024524569511413,0.002577204626868479,-666.9129223525524,98.4509184072061,,1.5059486627578735,
832000,1747.85551404953,-691.4098415374756,82.39270709177855,-0.0021867025546574935,35.7429479598999,1.2748316049575805,0.0029028371500317007,-666.9129223525524,98.4509184072061,,1.482209849357605,
836000,1755.9918429851532,-670.4348850250244,96.00011101734532,-0.0032314870870516544,33.17191143035889,1.267946231365204,0.005280622496502474,-666.9129223525524,98.4509184072061,,1.6090124249458313,
840000,1764.0990302562714,-676.0391616821289,78.25960767590684,-0.001883070845574064,50.428994750976564,1.3035349369049072,0.0021686934924218804,-666.9129223525524,98.4509184072061,,1.5455301523208618,
844000,1774.4016938209534,-653.0127410888672,63.46105625332637,-0.0032815990628053847,41.6089485168457,1.2962140560150146,0.002786761803145055,-656.3582146465778,82.42441561719124,,1.5210135221481322,
848000,1782.5547907352448,-680.8193683624268,80.54341712828692,-0.0018256082800119922,60.739427185058595,1.274660587310791,0.004154759913217276,-656.3582146465778,82.42441561719124,,1.5211962819099427,
852000,1790.7148978710175,-677.56884765625,83.59792233147591,-0.0016005964593496457,64.9046516418457,1.2681190490722656,0.004307375873982289,-656.3582146465778,82.42441561719124,,1.522977924346924,
856000,1798.928869009018,-669.5956916809082,96.74427728318588,-0.001922156075326109,52.30008392333984,1.2719069957733153,0.0016903286597322875,-656.3582146465778,82.42441561719124,,1.476642096042633,
860000,1807.116117477417,-661.5535678863525,62.27246130486885,-0.0033447464563262754,38.54055118560791,1.3173596501350402,0.00375561819964787,-656.3582146465778,82.42441561719124,,1.470876729488373,
864000,1815.3322114944458,-677.6366653442383,63.683890285018194,-0.002553664137531708,52.069623947143555,1.2914159655570985,0.0036884756918298066,-656.3582146465778,82.42441561719124,,1.3094161987304687,
868000,1823.5388777256012,-678.8051347732544,79.89502163262,-0.0020269090633471265,56.16836318969727,1.3038047194480895,0.001256619494961342,-656.3582146465778,82.42441561719124,,1.3617530465126038,
872000,1831.5672988891602,-669.9229888916016,86.38522078962531,-0.0018020462692948768,40.34207630157471,1.2837412476539611,0.0022740471183594125,-656.3582146465778,82.42441561719124,,1.395352840423584,
876000,1839.5164256095886,-689.2663955688477,72.53564702993735,-0.002191570083707717,37.92089653015137,1.2238069534301759,0.0017770633522498746,-656.3582146465778,82.42441561719124,,1.2997667908668518,
880000,1847.4736287593842,-697.4926719665527,72.96841166113853,-0.0019319678701382958,40.00117435455322,1.2140010118484497,0.0023061915100067052,-656.3582146465778,82.42441561719124,,1.3305740118026734,
884000,1857.8406064510345,-707.6107292175293,87.96796863473598,-0.0025872870370901246,30.17044334411621,1.2340253949165345,0.0026545803806269142,-664.9894257187843,83.57203230376928,,1.399529492855072,
888000,1865.8443400859833,-713.2624959945679,99.50199385473334,-0.0014918340157504596,41.49302864074707,1.3032171130180359,0.0011821539083030075,-664.9894257187843,83.57203230376928,,1.3279970049858094,
892000,1873.822714805603,-698.1857976913452,76.57659429616436,-0.0016038063362357135,45.50732822418213,1.3049203157424927,0.0018102949805324897,-664.9894257187843,83.57203230376928,,1.4443459272384644,
896000,1881.7757840156555,-719.865574836731,76.75969610190656,-0.0008840643001605031,48.13078079223633,1.29030841588974,0.0010004177511291346,-664.9894257187843,83.57203230376928,,1.3389644503593445,
900000,1889.8686335086823,-720.3163905143738,112.92619739440673,-0.002827861897026507,61.74914360046387,1.3544371843338012,0.005126749057671987,-664.9894257187843,83.57203230376928,,1.3850786447525025,
904000,1897.9909284114838,-704.6029477119446,93.22757194775728,-0.001143369122194926,53.20323867797852,1.341475212574005,0.0032321929844329133,-664.9894257187843,83.57203230376928,,1.464843487739563,
908000,1906.1169774532318,-724.3606567382812,96.92085999268687,-0.003273935087219193,30.84890480041504,1.331224536895752,0.003826274917810224,-664.9894257187843,83.57203230376928,,1.3958101749420166,
912000,1914.2603180408478,-709.2082920074463,98.45693137669282,-0.001984739627436882,39.9043306350708,1.3260953187942506,0.0026147097305511124,-664.9894257187843,83.57203230376928,,1.3338884115219116,
916000,1922.3973474502563,-737.4920024871826,100.19389414403946,-0.0008739203965010489,85.28129997253419,1.3499639749526977,0.0017238596928073058,-664.9894257187843,83.57203230376928,,1.4417315006256104,
920000,1930.5447027683258,-704.800371170044,70.16855624787283,-0.0017417344432615778,42.30031452178955,1.3329430103302002,0.001451897646145278,-664.9894257187843,83.57203230376928,,1.5477498292922973,
924000,1940.8472001552582,-699.0659580230713,94.94592409130969,-0.0016262969375899772,48.30869560241699,1.3288339734077455,0.000662904122236796,-760.4019674956799,88.34968670737229,,1.4715879678726196,
928000,1949.0543072223663,-710.1988134384155,76.77270962797131,-0.002809560714134296,30.436675834655762,1.2814470291137696,0.0028789678734028714,-760.4019674956799,88.34968670737229,,1.4939678072929383,
932000,1957.0888316631317,-705.9593019485474,78.8206623538519,-0.0021560443770916927,44.035613250732425,1.3152342557907104,0.0030206932851773115,-760.4019674956799,88.34968670737229,,1.438279640674591,
936000,1965.0456438064575,-714.7615041732788,97.95198470903087,-0.0018181614967179628,55.67997779846191,1.2893282890319824,0.0026783660729997826,-760.4019674956799,88.34968670737229,,1.4040220022201537,
940000,1973.0173034667969,-702.4221534729004,82.27464265079746,-0.0012712782411544942,50.853173065185544,1.3496548771858214,0.002300252762429111,-760.4019674956799,88.34968670737229,,1.3494553089141845,
944000,1980.9686498641968,-701.2043504714966,93.59445483929318,-0.0018457922825376339,38.95509033203125,1.3352980494499207,0.0024294129815728717,-760.4019674956799,88.34968670737229,,1.4700792670249938,
948000,1988.9224631786346,-687.0545082092285,75.9678418882029,-0.0022006507192273263,36.11545372009277,1.298279917240143,0.0015055456256959586,-760.4019674956799,88.34968670737229,,1.4296281814575196,
952000,1997.037448644638,-711.9263324737549,91.32610913669457,-0.0024248965110164277,43.97252178192139,1.336677074432373,0.0029278506437937445,-760.4019674956799,88.34968670737229,,1.3919529438018798,
956000,2005.186516046524,-683.2566328048706,85.85171228423852,-0.002521894157364546,29.081578063964844,1.3386185765266418,0.002752515537644906,-760.4019674956799,88.34968670737229,,1.4058140397071839,
960000,2013.3498618602753,-725.8850574493408,101.9020628833751,-0.0021277429705951257,46.42126121520996,1.3206408143043518,0.0020020090887555853,-760.4019674956799,88.34968670737229,,1.4129625320434571,
964000,2023.76824092865,-702.7212533950806,83.79028388417906,-0.002579065620239529,33.47187061309815,1.2627797961235045,0.001713925736839883,-717.4166711568832,87.5322550417938,,1.3700412034988403,
968000,2032.0468459129333,-703.4878311157227,82.45107811233675,-0.0024379370457415115,33.11109256744385,1.265710175037384,0.0026734479528386147,-717.4166711568832,87.5322550417938,,1.3297794938087464,
972000,2040.2257688045502,-689.9532709121704,77.71731055326173,-0.004146945538969415,25.50254898071289,1.2123283267021179,0.0038207764116038323,-717.4166711568832,87.5322550417938,,1.4027906656265259,
976000,2048.403353691101,-715.0562477111816,78.07877363967856,-0.003753688507713382,25.3918888092041,1.281499969959259,0.004009104993019719,-717.4166711568832,87.5322550417938,,1.32512629032135,
980000,2056.583631515503,-685.6888332366943,76.65648327512164,-0.002450128873053714,34.595973587036134,1.2599366545677184,0.0016775246878751205,-717.4166711568832,87.5322550417938,,1.4934637308120728,
984000,2064.783839941025,-693.645993232727,82.9213347559078,-0.0028514922005900443,49.70590782165527,1.296295440196991,0.0019009074945643078,-717.4166711568832,87.5322550417938,,1.4646804332733154,
988000,2072.983363389969,-678.4825701713562,87.54395145323512,-0.0031541013851917655,42.223361778259275,1.2802846431732178,0.0037372225022409113,-717.4166711568832,87.5322550417938,,1.4634010314941406,
992000,2081.219471216202,-677.524658203125,87.01926909321602,-0.0022166316659616657,47.084417724609374,1.2673864483833313,0.0010348657229430236,-717.4166711568832,87.5322550417938,,1.4250492095947265,
996000,2089.435411453247,-708.7892913818359,84.52794341928028,-0.0026458622520246777,46.79074821472168,1.2685558199882507,0.0025032247165800076,-717.4166711568832,87.5322550417938,,1.4182678699493407,
1000000,2097.6338896751404,-705.1531562805176,84.19275411771201,-0.0023792231850480404,43.83222923278809,1.2360473990440368,0.0033646704850252896,-717.4166711568832,87.5322550417938,,1.4693908929824828,
1004000,2107.9959065914154,-731.8802490234375,100.06901313974168,-0.0021020759789584175,43.14212493896484,1.2230579257011414,0.003238944517215714,-729.9196075797081,105.01118211766307,,1.4267317533493042,
1008000,2116.1454825401306,-710.9929122924805,96.0158022524282,-0.0037797402024734696,25.979233169555663,1.2652904272079468,0.0026810801529791204,-729.9196075797081,105.01118211766307,,1.5268593430519104,
1012000,2124.3059866428375,-693.5187511444092,84.10852768028928,-0.00355761468635567,28.805809211730956,1.295438277721405,0.0032596197292053485,-729.9196075797081,105.01118211766307,,1.488390600681305,
1016000,2132.458748817444,-674.8335609436035,91.08035045758015,-0.0026986554829248497,36.59708709716797,1.2843162536621093,0.002877939562313259,-729.9196075797081,105.01118211766307,,1.48397376537323,
1020000,2140.613806247711,-664.5740032196045,71.44438617564566,-0.0033541746070453017,34.49894256591797,1.2986843585968018,0.0018253354948246868,-729.9196075797081,105.01118211766307,,1.5897314310073853,
1024000,2148.7579143047333,-673.4677000045776,78.85856823584743,-0.0029579781323749053,35.06262645721436,1.2665804386138917,0.0016491820762554814,-729.9196075797081,105.01118211766307,,1.5303714513778686,
1028000,2156.7755308151245,-681.7764587402344,99.8841690386604,-0.002716338033361065,40.47311668395996,1.2655726194381713,0.0014410807137210213,-729.9196075797081,105.01118211766307,,1.3969856739044189,
1032000,2164.7396290302277,-660.7598052024841,79.4971654897396,-0.0025824922322062347,48.74198341369629,1.2487133979797362,0.0030721732416423065,-729.9196075797081,105.01118211766307,,1.6156205773353576,
1036000,2172.708625793457,-700.8617277145386,91.7189881312049,-0.0033759767184965207,49.77456817626953,1.229049277305603,0.001906545285601169,-729.9196075797081,105.01118211766307,,1.5435640573501588,
1040000,2180.6929244995117,-699.0391540527344,76.65720876359212,-0.0031476229525093657,41.417318725585936,1.210449254512787,0.0029889932207685654,-729.9196075797081,105.01118211766307,,1.3702082872390746,
1044000,2190.8997118473053,-703.7785930633545,89.04454273139673,-0.0033710070620776023,34.34583492279053,1.2171437859535217,0.00383275738203277,-706.7206759750843,85.05029578395097,,1.4345576763153076,
1048000,2199.080484867096,-683.9549989700317,92.48790076506172,-0.0025053045949898767,69.45920600891114,1.2200714945793152,0.002653979780734517,-706.7206759750843,85.05029578395097,,1.494733703136444,
1052000,2207.262457847595,-673.6561737060547,85.6416852708363,-0.002611632170252598,55.720092391967775,1.1996920704841614,0.0011194481772690778,-706.7206759750843,85.05029578395097,,1.448866891860962,
1056000,2215.4288923740387,-677.5986394882202,78.4436466106331,-0.0023212879241133687,54.87085609436035,1.1803308606147767,0.0021330144446692428,-706.7206759750843,85.05029578395097,,1.4912099242210388,
1060000,2223.5844888687134,-677.6021146774292,94.27120671451941,-0.003126766614072629,52.62343864440918,1.1879059076309204,0.003541595349088311,-706.7206759750843,85.05029578395097,,1.359177041053772,
1064000,2231.725611925125,-670.029619216919,87.1866020255965,-0.002515671951948506,37.03991279602051,1.1910039782524109,0.004320108389947563,-706.7206759750843,85.05029578395097,,1.549729096889496,
1068000,2239.8753893375397,-686.7192273139954,91.41526973676055,-0.0034852332804196527,53.528354263305665,1.1624688267707826,0.0028165292879954616,-706.7206759750843,85.05029578395097,,1.4496647238731384,
1072000,2248.023848772049,-702.087438583374,93.98011818694104,-0.00306988252373408,50.70239334106445,1.1471431136131287,0.0017134950940089766,-706.7206759750843,85.05029578395097,,1.4154603123664855,
1076000,2256.19242310524,-694.1591291427612,74.3358975231787,-0.002970335116270384,55.11589813232422,1.1697121620178224,0.0027195192989893256,-706.7206759750843,85.05029578395097,,1.5557235717773437,
1080000,2264.369931936264,-670.7084193229675,87.37091136442,-0.003872658617639324,51.43130645751953,1.1773978233337403,0.0027882836087883335,-706.7206759750843,85.05029578395097,,1.5003965973854065,
1084000,2274.7411816120148,-688.2093720436096,104.36078070286369,-0.004195581767009582,50.39072875976562,1.1844333052635192,0.0018123384783393704,-655.0460688173771,97.2370290880884,,1.4896572947502136,
1088000,2282.890310525894,-695.7087140083313,83.73243319022747,-0.003753457027293372,49.76378135681152,1.1228888154029846,0.003513125772587955,-655.0460688173771,97.2370290880884,,1.506955051422119,
1092000,2291.0378892421722,-672.7020382881165,99.94222584496983,-0.003789417899136094,52.92182502746582,1.1519749283790588,0.00508770978776738,-655.0460688173771,97.2370290880884,,1.5128404378890992,
1096000,2299.190399646759,-679.9769220352173,88.94559501291965,-0.0026651842088128317,61.046440505981444,1.125465703010559,0.0020953217433998363,-655.0460688173771,97.2370290880884,,1.5267560124397277,
1100000,2307.3569979667664,-680.0655679702759,84.90997923999537,-0.0024299671382953746,59.24417152404785,1.1721991658210755,0.000952159724511148,-655.0460688173771,97.2370290880884,,1.4840346455574036,
1104000,2315.5125200748444,-697.2136249542236,83.16384876452149,-0.004083380492481669,48.56561431884766,1.1511209964752198,0.002033833853939249,-655.0460688173771,97.2370290880884,,1.4891334176063538,
1108000,2323.6572346687317,-696.5139417648315,93.74456429106904,-0.002377078892624318,53.02748260498047,1.1482080101966858,0.004393909688224085,-655.0460688173771,97.2370290880884,,1.504687750339508,
1112000,2331.812268257141,-675.2754135131836,67.54086535729661,-0.003933299351561281,40.962226676940915,1.1632623314857482,0.002639093706117546,-655.0460688173771,97.2370290880884,,1.5705017447471619,
1116000,2339.9614391326904,-685.5277800559998,75.57954314500333,-0.0034560846545113044,47.37319450378418,1.1833353638648987,0.002590441132667687,-655.0460688173771,97.2370290880884,,1.5424144625663758,
1120000,2348.123068332672,-680.3727951049805,91.5545594730082,-0.0031870715348049973,50.5925350189209,1.151222860813141,0.0021843066953976644,-655.0460688173771,97.2370290880884,,1.5568397641181946,
1124000,2358.5105686187744,-671.8833475112915,74.68051929131018,-0.00240512307050329,54.06030158996582,1.2018475890159608,0.0028517780161152473,-680.8147712051868,85.4829915147081,,1.486538326740265,
1128000,2366.6898653507233,-690.0022010803223,90.47389835394426,-0.0031141453939877994,55.209943771362305,1.1675976514816284,0.003118399460799992,-680.8147712051868,85.4829915147081,,1.4790258884429932,
1132000,2374.860334634781,-681.6479396820068,88.09748801958492,-0.0025854868920675176,82.68271217346191,1.1843189477920533,0.003972841205541045,-680.8147712051868,85.4829915147081,,1.5125682711601258,
1136000,2382.996061563492,-713.7912511825562,98.57830238178228,-0.003399837054506172,73.9051570892334,1.1876499772071838,0.002550682988987926,-680.8147712051868,85.4829915147081,,1.5627274870872498,
1140000,2391.138822555542,-688.6024651527405,85.0350937342729,-0.0023533105812190702,69.88829612731934,1.1733802199363708,0.002880857557058336,-680.8147712051868,85.4829915147081,,1.382512140274048,
1144000,2399.2726216316223,-692.5494804382324,82.65474513776122,-0.0022830323782109473,77.00333137512207,1.170325255393982,0.0036089271772652863,-680.8147712051868,85.4829915147081,,1.4540087819099425,
1148000,2407.4082198143005,-675.9711952209473,77.41388061606533,-0.002640046955939823,70.51734275817871,1.1669778227806091,0.002674646681329884,-680.8147712051868,85.4829915147081,,1.2971890687942504,
1152000,2415.534938812256,-709.2401132583618,81.68077225842234,-0.004381510113909215,35.361531257629395,1.159443199634552,0.0024046365703725312,-680.8147712051868,85.4829915147081,,1.3963149785995483,
1156000,2423.7244408130646,-707.0396976470947,92.66307760757587,-0.004616790314437824,50.690617370605466,1.1917436718940735,0.005135987723110436,-680.8147712051868,85.4829915147081,,1.3721445322036743,
1160000,2431.975967168808,-683.9178600311279,78.80673622606767,-0.002505581984490446,67.92677841186523,1.2221172213554383,0.0029256693451316096,-680.8147712051868,85.4829915147081,,1.3492687225341797,
1164000,2442.420494556427,-675.8334741592407,88.13089412154041,-0.003434341356352277,59.52495651245117,1.2469632148742675,0.002462954170187004,-719.1302196383476,108.69380383421706,,1.3369081735610961,
1168000,2450.635505914688,-693.7125616073608,92.71983316148511,-0.002941750560925982,45.78701210021973,1.2206708431243896,0.0012161431863205508,-719.1302196383476,108.69380383421706,,1.346924650669098,
1172000,2458.8089299201965,-668.6120386123657,87.82350749500732,-0.0037028061824385004,50.41290969848633,1.183148944377899,0.0024024314479902387,-719.1302196383476,108.69380383421706,,1.3974631190299989,
1176000,2466.9805636405945,-676.7048664093018,74.10702769954527,-0.0027927541485211482,58.10122375488281,1.1461571216583253,0.0023527529221610164,-719.1302196383476,108.69380383421706,,1.4435685992240905,
1180000,2475.11159324646,-699.6552562713623,80.57982831950909,-0.0035488819583163965,51.715966796875,1.165004801750183,0.0035012479231227188,-719.1302196383476,108.69380383421706,,1.4501320958137511,
1184000,2483.269782066345,-659.3937015533447,84.32288929619858,-0.0026441845713415903,48.5769905090332,1.2269863605499267,0.002238757864688523,-719.1302196383476,108.69380383421706,,1.3450002312660216,
1188000,2491.4278616905212,-677.1959676742554,85.75455654394194,-0.003245771106128803,41.22880210876465,1.2455867409706116,0.0017007300622935873,-719.1302196383476,108.69380383421706,,1.288279163837433,
1192000,2499.6051750183105,-679.3710241317749,84.26997232076415,-0.0032243828123901253,62.24926681518555,1.228758442401886,0.0011872450401230416,-719.1302196383476,108.69380383421706,,1.3535435914993286,
1196000,2507.7676734924316,-687.7073001861572,110.29208308278189,-0.003414898409740985,44.88795700073242,1.1857558965682984,0.002924191107740626,-719.1302196383476,108.69380383421706,,1.3294005632400512,
1200000,2515.9030497074127,-661.3039202690125,91.71292589823913,-0.002922660670786481,51.50889358520508,1.2318726778030396,0.0027188935512676843,-719.1302196383476,108.69380383421706,,1.210193121433258,
1204000,2526.23260140419,-687.3822841644287,92.61549673409029,-0.0034972993529711616,56.99890670776367,1.2404166221618653,0.0015757947869133205,-732.7163479626179,115.85338935690574,,1.3060532569885255,
1208000,2534.3953766822815,-664.4534955024719,114.64462387733144,-0.0028725786158587006,55.560197067260745,1.2133370995521546,0.0016977426890662172,-732.7163479626179,115.85338935690574,,1.3017523169517518,
1212000,2542.570588827133,-687.9977102279663,109.29360555440839,-0.0039089317939167145,51.23070297241211,1.2119404077529907,0.005005640079616569,-732.7163479626179,115.85338935690574,,1.1543661117553712,
1216000,2550.807548522949,-695.074333190918,94.83938084693663,-0.003955211742897547,39.834422492980956,1.1911428809165954,0.004866423591738567,-732.7163479626179,115.85338935690574,,1.1966055393218995,
1220000,2559.048057794571,-711.4140586853027,90.8537248338127,-0.0036335521871224017,39.13486785888672,1.154671585559845,0.002988361242537696,-732.7163479626179,115.85338935690574,,1.1916727662086486,
1224000,2567.2372012138367,-714.1777744293213,76.08863225910476,-0.0033533943219420602,32.257022285461424,1.1562267184257506,0.004422206923520822,-732.7163479626179,115.85338935690574,,1.1605618357658387,
1228000,2575.3991148471832,-698.4285974502563,86.71419336504813,-0.003994989793825265,40.21281127929687,1.179119849205017,0.003325976051584201,-732.7163479626179,115.85338935690574,,1.295746421813965,
1232000,2583.5590431690216,-683.9270014762878,95.59827992229272,-0.0033150723146198047,32.217536544799806,1.1397524237632752,0.0022428723656921614,-732.7163479626179,115.85338935690574,,1.3555835008621215,
1236000,2591.7143359184265,-686.6336612701416,86.64252726234727,-0.0038068947463373525,39.812674331665036,1.1476622700691224,0.0018891311368697706,-732.7163479626179,115.85338935690574,,1.3093328595161438,
1240000,2599.868504524231,-699.4566502571106,91.29538337705245,-0.004221952114176641,43.12382125854492,1.1358977556228638,0.0028705688144545992,-732.7163479626179,115.85338935690574,,1.3644850611686707,
1244000,2610.2029089927673,-656.2724609375,72.58194400530321,-0.0035592819609058246,36.50648670196533,1.163625466823578,0.0043634162802093975,-721.1724130809307,120.85724957690223,,1.2979639768600464,
1248000,2618.3488018512726,-680.2770533561707,98.3982378173794,-0.003848799402515102,44.94056091308594,1.2222879886627198,0.0014130928455851955,-721.1724130809307,120.85724957690223,,1.2346474051475524,
1252000,2626.508995294571,-692.4247608184814,90.79651259454833,-0.0033302102725333072,40.80577774047852,1.1695940375328064,0.0025826273568090976,-721.1724130809307,120.85724957690223,,1.3159518241882324,
1256000,2634.6556487083435,-688.2537889480591,82.14381540742703,-0.003206638439519649,56.63324394226074,1.174570906162262,0.003314801886153873,-721.1724130809307,120.85724957690223,,1.278065299987793,
1260000,2642.8787784576416,-660.6990103721619,76.19452376499427,-0.0027912765042856337,51.590890121459964,1.1473295092582703,0.003456422462283326,-721.1724130809307,120.85724957690223,,1.285878872871399,
1264000,2651.0936777591705,-671.8812274932861,78.11978934774885,-0.00396408427599817,41.453766441345216,1.171432900428772,0.002968954364041565,-721.1724130809307,120.85724957690223,,1.234885573387146,
1268000,2659.253815174103,-675.8022718429565,93.56158519163486,-0.0020311780322323615,59.238232421875,1.1733206629753112,0.002189462079986715,-721.1724130809307,120.85724957690223,,1.2447812676429748,
1272000,2667.3829600811005,-649.7744703292847,70.4000602272885,-0.003232204992324128,40.76263542175293,1.1552005410194397,0.003087549281054347,-721.1724130809307,120.85724957690223,,1.1830223560333253,
1276000,2675.546939134598,-699.5381784439087,93.09038426376577,-0.0033105238244946376,52.69331016540527,1.1604455828666687,0.003403246108791791,-721.1724130809307,120.85724957690223,,1.2131373286247253,
1280000,2683.69478058815,-681.4612007141113,108.15767174754914,-0.003518985525860119,53.59965133666992,1.1649245619773865,0.00228851960710017,-721.1724130809307,120.85724957690223,,1.0809077501296998,
1284000,2694.0646624565125,-690.0150184631348,100.22668714671526,-0.0021826323841232843,70.54281005859374,1.152253234386444,0.0020398351960466245,-753.8913366496563,101.00509629694837,,1.184642207622528,
1288000,2702.2158403396606,-654.7584552764893,76.4750966746832,-0.004039028821978707,52.70239181518555,1.165725326538086,0.004981787669550019,-753.8913366496563,101.00509629694837,,1.115720307826996,
1292000,2710.3721878528595,-673.6800146102905,87.32942762149732,-0.002669349864280335,66.75119171142578,1.174105978012085,0.004428061842918396,-753.8913366496563,101.00509629694837,,1.1098664045333861,
1296000,2718.520808696747,-655.1217823028564,78.2980467154633,-0.0030572117731207937,56.00557289123535,1.196999740600586,0.0012351943189787607,-753.8913366496563,101.00509629694837,,1.1386918306350708,
1300000,2726.6813101768494,-697.0131044387817,91.28712805556464,-0.003294727166726563,70.18384094238282,1.1424380183219909,0.0015733243427239363,-753.8913366496563,101.00509629694837,,1.046708631515503,
1304000,2734.7292783260345,-669.419207572937,86.88925163677965,-0.0035658317039876765,41.4569787979126,1.136510705947876,0.0025475578033365308,-753.8913366496563,101.00509629694837,,1.1479227662086486,
1308000,2742.7497279644012,-693.1179294586182,78.1121591323652,-0.003184147746423438,47.3626148223877,1.1171754479408265,0.002998636016389389,-753.8913366496563,101.00509629694837,,1.2131937742233276,
1312000,2750.7228116989136,-689.7216176986694,100.6874132462193,-0.0040369829964668645,35.12781200408936,1.1740016698837281,0.002377784196753052,-753.8913366496563,101.00509629694837,,1.1139994859695435,
1316000,2758.6950998306274,-685.2017798423767,95.15121398562522,-0.0055599818689903826,40.936819076538086,1.2097553133964538,0.005393935275288353,-753.8913366496563,101.00509629694837,,1.121878409385681,
1320000,2766.675376176834,-671.0462880134583,87.71141973722735,-0.0036678074341422117,64.5376148223877,1.2380269527435304,0.0017570800444394407,-753.8913366496563,101.00509629694837,,1.115041160583496,
1324000,2776.96573138237,-661.8543343544006,78.62706845162549,-0.00217295812997812,71.43416862487793,1.2529460549354554,0.0021790180934331714,-681.7379338145256,92.35128550705403,,1.1230783224105836,
1328000,2784.9495515823364,-677.8383674621582,86.50774837807323,-0.002665416723544034,57.44697570800781,1.2533054232597352,0.00408025891520083,-681.7379338145256,92.35128550705403,,1.072009801864624,
1332000,2792.9329175949097,-678.229730129242,88.99836255630838,-0.004450467423691063,67.40690040588379,1.2435487508773804,0.006247430937442333,-681.7379338145256,92.35128550705403,,1.0991572260856628,
1336000,2800.8947336673737,-657.5777816772461,92.92345085995592,-0.004126260572889206,63.46542472839356,1.1675012469291688,0.0027824644872453063,-681.7379338145256,92.35128550705403,,1.0904252886772157,
1340000,2808.8769981861115,-651.0715308189392,76.0442211424738,-0.004043792781730548,42.48438720703125,1.1644640207290649,0.0037764585416880437,-681.7379338145256,92.35128550705403,,1.0646796226501465,
1344000,2816.9274957180023,-674.8444414138794,87.3716797228581,-0.0024681709721723344,70.7720329284668,1.1667983293533326,0.0010414974098083229,-681.7379338145256,92.35128550705403,,1.0393281817436217,
1348000,2825.079543352127,-658.4393930435181,64.921608652821,-0.0027610462905528267,84.99523010253907,1.1821524500846863,0.0030539450817353765,-681.7379338145256,92.35128550705403,,1.0448825001716613,
1352000,2833.221252679825,-681.3523759841919,91.63145415356,-0.003084290366115361,46.11643733978271,1.1007512927055358,0.0011848512338474392,-681.7379338145256,92.35128550705403,,1.0761645078659057,
1356000,2841.3799335956573,-678.6416068077087,113.65941756142556,-0.0032750604870575017,79.93974571228027,1.040562915802002,0.002776402722423299,-681.7379338145256,92.35128550705403,,1.1381076335906983,
1360000,2849.4418177604675,-663.6480312347412,80.10033787177555,-0.0025781100781168574,90.33149337768555,1.0416826486587525,0.0014662743737765993,-681.7379338145256,92.35128550705403,,1.0940913319587708,
1364000,2859.832056760788,-669.6657476425171,85.84701671985,-0.002914276182923148,77.60047149658203,1.0235512852668762,0.0019251260110274115,-666.7295542061329,90.71953973147951,,1.023307728767395,
1368000,2868.0354886054993,-671.4056777954102,90.75173118951386,-0.003156217961416896,73.18404998779297,1.1048526287078857,0.002440585559175823,-666.7295542061329,90.71953973147951,,1.0209887266159057,
1372000,2876.224724292755,-654.4637722969055,93.33500289712728,-0.00406706987856893,88.75190200805665,1.1359699845314026,0.0037839039985556157,-666.7295542061329,90.71953973147951,,1.0652004957199097,
1376000,2884.341506242752,-661.0559420585632,84.83278029592951,-0.003938451653346409,74.44746742248535,1.118836259841919,0.0020601482114846804,-666.7295542061329,90.71953973147951,,1.1351232886314393,
1380000,2892.4574706554413,-669.562334060669,89.71327749506779,-0.004420054176511856,64.20093002319337,1.0862477779388429,0.002195766178192571,-666.7295542061329,90.71953973147951,,1.2187460303306579,
1384000,2900.439390182495,-647.9530501365662,89.25568694215158,-0.0035500802793539954,83.6540626525879,1.0938481211662292,0.001209774476228631,-666.7295542061329,90.71953973147951,,1.1052909016609191,
1388000,2908.4117319583893,-655.6243801116943,71.84121884121438,-0.0035921527893515216,65.24242553710937,1.0810882449150085,0.0031432325777132064,-666.7295542061329,90.71953973147951,,1.1021093249320983,
1392000,2916.4058151245117,-660.3866147994995,88.02949942761927,-0.0037299062158757225,79.87212867736817,1.0736895561218263,0.0026339403935708105,-666.7295542061329,90.71953973147951,,1.1632276892662048,
1396000,2924.4855811595917,-654.1819095611572,90.92939582135352,-0.002340660085819213,77.63170890808105,1.0583335041999817,0.002709972602315247,-666.7295542061329,90.71953973147951,,1.2875850558280946,
1400000,2932.627676963806,-680.3508434295654,85.94906649023922,-0.0044709515818394776,74.73095436096192,1.0941782593727112,0.004390649212291464,-666.7295542061329,90.71953973147951,,1.2032353281974792,
1404000,2942.958167076111,-670.9353284835815,111.85806741932845,-0.004679709624809547,70.77501068115234,1.124223530292511,0.003312220284715295,-671.282832056284,76.92568976777488,,1.1539335131645203,
1408000,2950.9898607730865,-658.5569577217102,92.89086841037879,-0.003481972984814341,85.87819137573243,1.0591092348098754,0.0023863285139668735,-671.282832056284,76.92568976777488,,1.1234690427780152,
1412000,2959.0304555892944,-680.0536975860596,123.61090250379706,-0.00377551644567089,101.7223403930664,1.1344903707504272,0.0023661205359288397,-671.282832056284,76.92568976777488,,1.032494068145752,
1416000,2967.1981251239777,-654.111569404602,122.1188877110832,-0.004137334906185686,82.81131210327149,1.0852951526641845,0.002510874993245428,-671.282832056284,76.92568976777488,,1.164200520515442,
1420000,2975.3910002708435,-651.4189810752869,83.44984145556978,-0.00449323630689964,66.57794380187988,1.0654185652732848,0.00544572104117833,-671.282832056284,76.92568976777488,,1.1110477209091187,
1424000,2983.6074271202087,-650.8577165603638,61.152264484775124,-0.00407544113416225,87.29725875854493,1.0312756180763245,0.0025608683832203383,-671.282832056284,76.92568976777488,,1.0494962811470032,
1428000,2991.845968723297,-655.2548208236694,95.45556650962659,-0.0030188218728628867,98.59696731567382,0.9741582214832306,0.0018046819139271974,-671.282832056284,76.92568976777488,,1.1403798937797547,
1432000,3000.054475545883,-657.9773316383362,94.43418719934445,-0.004400768020966339,75.36777114868164,1.0381624698638916,0.002180612611118704,-671.282832056284,76.92568976777488,,1.1057560205459596,
1436000,3008.242181301117,-662.6858763694763,76.15499480791121,-0.004136648105690277,79.24108543395997,1.0146657824516296,0.002726502250880003,-671.282832056284,76.92568976777488,,1.1857999086380004,
1440000,3016.4694833755493,-649.1904587745667,96.29721688092259,-0.0035543688784430926,79.08343963623047,1.057228946685791,0.003059674974065274,-671.282832056284,76.92568976777488,,1.1067977547645569,
1444000,3026.927168607712,-652.8830032348633,86.26649984329063,-0.003985771918203795,51.88956298828125,1.0370653867721558,0.00386603773043801,-661.3426101207733,104.68425110069767,,1.0193021416664123,
1448000,3035.0709676742554,-649.5559506416321,81.40736812049074,-0.00464915037450071,66.6360897064209,0.9943714320659638,0.0030949048244704805,-661.3426101207733,104.68425110069767,,1.1814604878425599,
1452000,3043.2432565689087,-652.3188772201538,82.6883423485408,-0.005156635586482805,51.73996925354004,1.0762381076812744,0.005457685846951809,-661.3426101207733,104.68425110069767,,1.1129170417785645,
1456000,3051.4628641605377,-635.7687840461731,70.1140057100925,-0.003890262871359784,75.01069450378418,1.0211376190185546,0.0026380207011243327,-661.3426101207733,104.68425110069767,,1.2551477193832397,
1460000,3059.662934780121,-672.3363170623779,78.25874495092278,-0.0035899943419499536,85.43895263671875,1.0997311115264892,0.0038771269009448607,-661.3426101207733,104.68425110069767,,1.161854612827301,
1464000,3067.8603217601776,-681.4405107498169,102.97786358910923,-0.0035148844112409703,87.31612014770508,1.1185611367225647,0.002388314994828189,-661.3426101207733,104.68425110069767,,1.088253664970398,
1468000,3076.0384724140167,-644.6036419868469,87.1747479592381,-0.004346069641876937,85.14151535034179,1.1042707681655883,0.004654447588836774,-661.3426101207733,104.68425110069767,,1.0999637722969056,
1472000,3084.1894624233246,-642.5771880149841,108.68601226466745,-0.003710667191150918,85.58344421386718,1.0878405213356017,0.002617056778399274,-661.3426101207733,104.68425110069767,,1.0734468460083009,
1476000,3092.3521988391876,-650.2766599655151,86.55987776552435,-0.002969440942280954,94.34288482666015,1.1036778926849364,0.0030246546084526926,-661.3426101207733,104.68425110069767,,1.042989766597748,
1480000,3100.503846168518,-666.5979309082031,88.37778732789585,-0.002549808328020475,81.99564247131347,1.040764570236206,0.003990035480819642,-661.3426101207733,104.68425110069767,,1.1212855458259583,
1484000,3110.9095602035522,-667.1018123626709,89.93808553065121,-0.002990154249918664,73.46600341796875,1.0893711686134337,0.0035793475108221173,-699.3845576047897,104.05909905823172,,1.0999174475669862,
1488000,3119.0632042884827,-676.1015119552612,88.59108241782934,-0.004666575232287862,68.16426887512208,1.1013792037963868,0.0025606980214749166,-699.3845576047897,104.05909905823172,,1.1826057076454162,
1492000,3127.210927963257,-692.8885731697083,104.55950010723414,-0.0033053089126866553,77.55360908508301,1.0476433634757996,0.003416194848250598,-699.3845576047897,104.05909905823172,,1.113029408454895,
1496000,3135.3532190322876,-694.3247575759888,103.30009557496433,-0.0037061677036496652,102.43947677612304,1.1605988502502442,0.004289170520496555,-699.3845576047897,104.05909905823172,,1.1166593432426453,
1500000,3143.48761844635,-661.6255931854248,94.32265611463608,-0.004773686153038093,72.26797409057617,1.059010374546051,0.003968601417999418,-699.3845576047897,104.05909905823172,,1.2298628687858582,
1504000,3151.6310138702393,-670.1820321083069,95.51291310747722,-0.004070337952425085,81.14834175109863,1.1236114501953125,0.0021980119164412225,-699.3845576047897,104.05909905823172,,1.194267737865448,
1508000,3159.7542011737823,-671.9525184631348,87.26827737637846,-0.004145243866718396,82.59244575500489,1.132227635383606,0.0021659669320797546,-699.3845576047897,104.05909905823172,,1.2067233204841614,
1512000,3167.8754897117615,-665.1620306968689,79.0350773596531,-0.0028563377610213436,78.71067581176757,1.1592400550842286,0.004081865737680346,-699.3845576047897,104.05909905823172,,1.121609365940094,
1516000,3176.0283443927765,-672.6776022911072,86.62666126920631,-0.004267891606276919,74.47182350158691,1.1731486797332764,0.003457988635636866,-699.3845576047897,104.05909905823172,,1.0500564932823182,
1520000,3184.18159198761,-697.1429672241211,86.4498890485334,-0.0038426808245324295,87.71851959228516,1.2065300226211548,0.004387258574560593,-699.3845576047897,104.05909905823172,,1.076054298877716,
1524000,3194.5318286418915,-691.80539894104,85.04499584754761,-0.0045959545702983105,92.22117919921875,1.163257908821106,0.004872979605880979,-692.8263511359692,101.01603722418776,,1.0375773429870605,
1528000,3202.6269388198853,-696.3410320281982,106.04447624678227,-0.003493778903037281,100.17756042480468,1.1380914568901062,0.005579171981662512,-692.8263511359692,101.01603722418776,,1.0672187209129333,
1532000,3210.7602727413177,-676.5874409675598,98.8001294558565,-0.00408094677344586,100.6655403137207,1.1483120679855348,0.0025013135687913745,-692.8263511359692,101.01603722418776,,0.9990313529968262,
1536000,3218.890108346939,-697.7739176750183,83.39681388777926,-0.0023553943053508776,104.7064926147461,1.1365554690361024,0.0030921949348412525,-692.8263511359692,101.01603722418776,,0.9649471879005432,
1540000,3227.071846485138,-699.4126625061035,112.83085793901942,-0.004853328489077669,80.81148986816406,1.1383390307426453,0.004612297456827985,-692.8263511359692,101.01603722418776,,1.0347999930381775,
1544000,3235.3090403079987,-706.142635345459,100.98846953381583,-0.003908114594873035,77.84390830993652,1.1565810322761536,0.0022645161110752985,-692.8263511359692,101.01603722418776,,1.026825225353241,
1548000,3243.547000169754,-719.2386598587036,94.35817446381431,-0.003910889081889834,71.50211296081542,1.2028208017349242,0.003174209361895919,-692.8263511359692,101.01603722418776,,0.9190417528152466,
1552000,3251.7668159008026,-714.4027147293091,94.00921091734241,-0.0036190510957967437,96.68547668457032,1.1316792607307433,0.00368075018923264,-692.8263511359692,101.01603722418776,,0.8967484176158905,
1556000,3259.924033641815,-705.2775964736938,106.68182051421479,-0.0008204882713034323,81.00415382385253,1.13404780626297,0.00453283012883432,-692.8263511359692,101.01603722418776,,0.9204202234745026,
1560000,3268.08584523201,-699.9482445716858,93.28277834135838,-0.0038695448466266047,71.99802474975586,1.1094543576240539,0.004271168545043747,-692.8263511359692,101.01603722418776,,0.9726363837718963,
1564000,3278.4646015167236,-697.288444519043,100.50430431805488,-0.0029884642733571274,87.98270645141602,1.099679172039032,0.004833294654963538,-713.7097514867783,128.60103894437376,,0.9918680548667907,
1568000,3286.6003568172455,-683.3862676620483,90.11933931505492,-0.0038639139394121003,76.67919540405273,1.1389955520629882,0.003034082225713064,-713.7097514867783,128.60103894437376,,1.014275848865509,
1572000,3294.7450528144836,-700.1773233413696,108.37374239738944,-0.004030482226206588,74.66192626953125,1.1119039058685303,0.0024098834146668137,-713.7097514867783,128.60103894437376,,1.1105850219726563,
1576000,3302.9091382026672,-731.5970754623413,124.25087670284314,-0.003997977309705014,65.18945541381837,1.1155628204345702,0.004315383723587729,-713.7097514867783,128.60103894437376,,0.8552615821361542,
1580000,3311.0742623806,-695.3638110160828,89.66011001991279,-0.00437764400414502,60.08194351196289,1.1408954501152038,0.0018520309327868744,-713.7097514867783,128.60103894437376,,1.0293402433395387,
1584000,3319.230176448822,-719.4002962112427,106.04688202521936,-0.0038199014371881777,58.93941459655762,1.1110224843025207,0.003571160382125527,-713.7097514867783,128.60103894437376,,1.0641584038734435,
1588000,3327.376429080963,-723.6697936058044,115.25672957601712,-0.003311475193283231,89.7690673828125,1.1646822214126586,0.0012862671283073723,-713.7097514867783,128.60103894437376,,0.9224372804164886,
1592000,3335.535448551178,-721.117753982544,110.87531964232655,-0.004117875292431572,73.3133773803711,1.1642321705818177,0.002558729720476549,-713.7097514867783,128.60103894437376,,0.9585423409938812,
1596000,3343.6776328086853,-754.079137802124,149.8226934780295,-0.002944594678274992,118.02922668457032,1.1500172019004822,0.0043223038570334715,-713.7097514867783,128.60103894437376,,0.935707402229309,
1600000,3351.8251972198486,-770.3722667694092,160.60192483241602,-0.0037186140802999645,77.53542861938476,1.1848689556121825,0.0012947496616106946,-713.7097514867783,128.60103894437376,,1.0313132762908936,
1604000,3362.2456271648407,-733.0506954193115,105.57313806888317,-0.0028858991160134904,86.41524276733398,1.1504967570304871,0.0024047711018162473,-810.9483680725098,179.10613190884308,,0.9531594812870026,
1608000,3370.3911757469177,-780.2100191116333,134.56736301889907,-0.0040398842088665175,82.09524269104004,1.165428602695465,0.0021227111341431738,-810.9483680725098,179.10613190884308,,0.9084949612617492,
1612000,3378.5698080062866,-719.3509430885315,128.04912044123208,-0.003377415512746662,102.37177276611328,1.1390979409217834,0.002031222037476255,-810.9483680725098,179.10613190884308,,0.9801163613796234,
1616000,3386.7438237667084,-717.7969632148743,86.6485112994918,-0.003898186866077591,67.24455375671387,1.0920536398887635,0.0029453231789715595,-810.9483680725098,179.10613190884308,,0.9981740891933442,
1620000,3394.8840186595917,-703.8027119636536,104.9217392829886,-0.004360785329093631,74.62801856994629,1.1099101543426513,0.0012199442325254496,-810.9483680725098,179.10613190884308,,1.0090925693511963,
1624000,3403.035144329071,-726.9570055007935,100.16287895064424,-0.003497294444357979,70.31173515319824,1.1214847683906555,0.00316294509684667,-810.9483680725098,179.10613190884308,,1.0329463839530946,
1628000,3411.1832478046417,-685.4166164398193,93.74087487815497,-0.0056186777769278605,47.12779846191406,1.1114170908927918,0.004189906909130525,-810.9483680725098,179.10613190884308,,1.0310739278793335,
1632000,3419.330980539322,-687.0876903533936,87.50667394819881,-0.0030670795826397423,70.37535858154297,1.1406335830688477,0.0037113592658036708,-810.9483680725098,179.10613190884308,,0.9545491099357605,
1636000,3427.4795360565186,-702.5281352996826,78.85287061100112,-0.0035694222360229235,61.825138854980466,1.127877378463745,0.008057970157824456,-810.9483680725098,179.10613190884308,,0.9652972459793091,
1640000,3435.6041860580444,-688.7273101806641,83.16106876794773,-0.003872418254555754,71.6413516998291,1.1111900568008424,0.0037697545834816993,-810.9483680725098,179.10613190884308,,0.9930090725421905,
1644000,3446.018327474594,-690.8996572494507,73.35097025226318,-0.0037075910377704522,76.66255073547363,1.1273783445358276,0.0033105603186413647,-685.6859965324402,99.0613947869625,,0.9954843521118164,
1648000,3454.0679666996,-687.8560018539429,72.93347880489728,-0.003884809594678984,66.65311470031739,1.0861793518066407,0.003750254391382146,-685.6859965324402,99.0613947869625,,0.9907847821712494,
1652000,3462.058534383774,-703.0280709266663,102.00614584284284,-0.0032439168282629716,87.34289779663087,1.1634336709976196,0.0029123804890550885,-685.6859965324402,99.0613947869625,,0.88558509349823,
1656000,3470.0577249526978,-680.1020584106445,74.19222517624593,-0.0037965404351707477,81.05823860168456,1.1757336020469666,0.0014226339105225972,-685.6859965324402,99.0613947869625,,0.9683176934719085,
1660000,3478.039128780365,-706.2351589202881,92.01461415512854,-0.0027850339079353416,81.43093147277833,1.1776472449302673,0.002384712847206781,-685.6859965324402,99.0613947869625,,0.9067017555236816,
1664000,3486.010055065155,-696.0248832702637,121.5588014100797,-0.003805697459727497,84.51912689208984,1.11891428232193,0.00348537476655717,-685.6859965324402,99.0613947869625,,0.9075685143470764,
1668000,3493.977347135544,-676.9060945510864,102.01998417701967,-0.0024273763279585745,72.9886260986328,1.1644897222518922,0.00277637344552204,-685.6859965324402,99.0613947869625,,0.9807246923446655,
1672000,3501.9398090839386,-703.5300478935242,107.18898280070329,-0.002268917623286448,83.92741966247559,1.16832674741745,0.0022865273582283407,-685.6859965324402,99.0613947869625,,0.8941982865333558,
1676000,3509.9298627376556,-698.707793712616,88.79722969677817,-0.0021903489485072926,65.2804573059082,1.1209408044815063,0.004311122706858494,-685.6859965324402,99.0613947869625,,0.9065690696239471,
1680000,3517.925414800644,-706.8100862503052,94.43331844171105,-0.0024252500862348646,73.29027633666992,1.1412786483764648,0.002093474703685705,-685.6859965324402,99.0613947869625,,0.8471611201763153,
1684000,3528.107591152191,-707.6559000015259,83.84583616580235,-0.002581049476633801,56.93403854370117,1.16066871881485,0.0029115060873058595,-648.7320564389229,105.6193420474417,,0.9603581666946411,
1688000,3536.0728006362915,-688.847400188446,95.9765635583581,-0.003525758188605943,70.67094383239746,1.229310691356659,0.0015624671388650313,-648.7320564389229,105.6193420474417,,0.9575015425682067,
1692000,3544.031315088272,-733.2724123001099,112.01461353235878,-0.0038418573767412313,64.2824779510498,1.2784980177879333,0.005382867233129219,-648.7320564389229,105.6193420474417,,0.8668083906173706,
1696000,3552.0321571826935,-684.0121240615845,74.70994665810744,-0.003706586363026876,65.77910614013672,1.2334855675697327,0.0028752242952662767,-648.7320564389229,105.6193420474417,,1.0778598666191102,
1700000,3560.169805765152,-685.5030059814453,81.77416256333447,-0.0029696693494139837,74.35220794677734,1.1879944682121277,0.00411161978923098,-648.7320564389229,105.6193420474417,,0.9727946102619172,
1704000,3568.3309891223907,-663.8692436218262,76.28697326485587,-0.005246626426310597,42.792449378967284,1.1785789728164673,0.003911519178654998,-648.7320564389229,105.6193420474417,,1.0618482947349548,
1708000,3576.4891493320465,-683.8259229660034,77.66213849925529,-0.004545065175198637,64.2683334350586,1.1786145448684693,0.003957591077778488,-648.7320564389229,105.6193420474417,,0.9536511063575744,
1712000,3584.6418120861053,-680.1900715827942,93.52515460434809,-0.004817291501909437,67.3926456451416,1.099568247795105,0.003787754985666347,-648.7320564389229,105.6193420474417,,0.9175766050815582,
1716000,3592.8165781497955,-679.1837854385376,89.48361468746536,-0.005047451692478067,56.86717185974121,1.1334636449813842,0.0025429124742901267,-648.7320564389229,105.6193420474417,,1.0132838487625122,
1720000,3600.9772052764893,-696.938777923584,103.3378299274445,-0.004381521352411566,65.51056442260742,1.1560373187065125,0.0037507267296314597,-648.7320564389229,105.6193420474417,,1.0289510011672973,
1724000,3611.3254187107086,-677.7569923400879,84.04994848709602,-0.004710178095381679,62.773790740966795,1.101075291633606,0.0031304211981478145,-720.6726862490177,102.53094396296339,,0.9579689919948577,
1728000,3619.479872226715,-675.7582406997681,89.62699628170836,-0.0051499076084389195,54.734632110595705,1.097589111328125,0.002777595214865869,-720.6726862490177,102.53094396296339,,0.9660247445106507,
1732000,3627.646174430847,-672.327070236206,76.61887482856413,-0.005103318546277791,55.02430267333985,1.1019010305404664,0.0031052063214156433,-720.6726862490177,102.53094396296339,,0.9930192708969117,
1736000,3635.803513765335,-673.4688568115234,81.51839154171235,-0.0036641872643958353,67.19292793273925,1.0791748285293579,0.004556577426963493,-720.6726862490177,102.53094396296339,,0.8448295950889587,
1740000,3643.9648492336273,-686.0871639251709,80.74228834362378,-0.00520667440537359,46.53649482727051,1.1329677104949951,0.006796184933045879,-720.6726862490177,102.53094396296339,,0.8964702248573303,
1744000,3652.1337897777557,-676.0314025878906,87.80824869331428,-0.004585937376211646,37.34166946411133,1.109976553916931,0.00376600736185598,-720.6726862490177,102.53094396296339,,0.8973160088062286,
1748000,3660.2873826026917,-688.1390562057495,88.87567019367368,-0.00439585535166156,57.718332290649414,1.1042230248451232,0.005022516813517263,-720.6726862490177,102.53094396296339,,0.8929831624031067,
1752000,3668.443957567215,-677.7298412322998,84.74847705832332,-0.004574568369658749,44.50904426574707,1.0920517206192017,0.005700462844106369,-720.6726862490177,102.53094396296339,,0.8704310715198517,
1756000,3676.6311647892,-693.562509059906,87.65843257712545,-0.005794348538232352,46.778509521484374,1.1027856588363647,0.004903403298502473,-720.6726862490177,102.53094396296339,,0.9043904960155487,
1760000,3684.8023574352264,-697.777012348175,89.32276954691478,-0.004346027244677942,62.77558517456055,1.1026729226112366,0.004886148148216307,-720.6726862490177,102.53094396296339,,0.8283246397972107,
1764000,3695.1609647274017,-664.328462600708,96.02227139459343,-0.004489254497534923,66.63922348022462,1.131440770626068,0.002931880587129854,-711.4168654084206,102.70548997337416,,0.850292193889618,
1768000,3703.3114516735077,-688.7478632926941,81.15707628158607,-0.004695334665244566,63.74161567687988,1.1644716382026672,0.0026008451197412795,-711.4168654084206,102.70548997337416,,0.7702457726001739,
1772000,3711.458564043045,-700.5391817092896,117.35193289302461,-0.0047735856032620205,69.92264747619629,1.1090464115142822,0.005421044034301303,-711.4168654084206,102.70548997337416,,0.7988093197345734,
1776000,3719.6048498153687,-699.0130558013916,112.37131849912437,-0.004679487690251926,64.55918350219727,1.1177819967269897,0.00472752550407316,-711.4168654084206,102.70548997337416,,0.7386333823204041,
1780000,3727.7567658424377,-682.5809211730957,82.03387835043716,-0.005042206842141894,60.08456039428711,1.0877762317657471,0.005219021403735202,-711.4168654084206,102.70548997337416,,0.7870762765407562,
1784000,3735.9411058425903,-700.0789937973022,129.5454030776463,-0.004099547986174024,62.79314270019531,1.0821922063827514,0.0037551105700646794,-711.4168654084206,102.70548997337416,,0.6608128607273102,
1788000,3744.129361152649,-689.780104637146,94.16490416166874,-0.004375474309315908,52.501773834228516,1.0688979148864746,0.003014288761187345,-711.4168654084206,102.70548997337416,,0.799741792678833,
1792000,3752.278818845749,-686.9812264442444,85.02019080661424,-0.005108726245816797,46.69278678894043,1.1149131298065185,0.005932185101866105,-711.4168654084206,102.70548997337416,,0.7742076098918915,
1796000,3760.420342206955,-708.8084812164307,98.27144212611712,-0.004728999115216226,61.01184425354004,1.1011116743087768,0.005604518402988745,-711.4168654084206,102.70548997337416,,0.7641503930091857,
1800000,3768.5710728168488,-715.7102184295654,103.10017865179587,-0.005285016666088893,47.8915397644043,1.0983214378356934,0.005270782803961404,-711.4168654084206,102.70548997337416,,0.6854767322540283,
1804000,3778.910064935684,-722.6179065704346,102.9956179007494,-0.005353050466394049,62.60458145141602,1.1313488721847533,0.005689246067777276,-730.5608026981354,79.29445974992362,,0.7725738942623138,
1808000,3787.074285507202,-708.7765312194824,96.23600093118112,-0.0012378507982357511,68.28278923034668,1.1027569890022277,0.005905561815326444,-730.5608026981354,79.29445974992362,,0.7073521852493286,
1812000,3795.2296974658966,-695.6307592391968,99.21946349158794,-0.0012758233379960514,46.0669563293457,1.0784658551216126,0.007224660039336151,-730.5608026981354,79.29445974992362,,0.8115461885929107,
1816000,3803.4175157546997,-707.6540393829346,83.78466867696706,-0.003867032326961617,62.29479789733887,1.125384521484375,0.0019309713447000832,-730.5608026981354,79.29445974992362,,0.8094752132892609,
1820000,3811.615177631378,-684.3317050933838,70.29898471916349,-0.004216603932824548,48.84587173461914,1.1334149360656738,0.003968012932455167,-730.5608026981354,79.29445974992362,,0.8386833131313324,
1824000,3819.81095123291,-720.1636896133423,103.06995061085055,-0.004030816391498248,51.51905784606934,1.127547597885132,0.004122664660525821,-730.5608026981354,79.29445974992362,,0.7786962866783143,
1828000,3827.927201271057,-695.2750816345215,84.13980652908921,-0.005218708534569849,37.949882888793944,1.1002404332160949,0.004320938307403899,-730.5608026981354,79.29445974992362,,0.8165752708911895,
1832000,3836.077445268631,-715.1389293670654,86.05444963609207,-0.004574858246060654,45.402692031860354,1.0957921504974366,0.003200400229077793,-730.5608026981354,79.29445974992362,,0.7276865899562835,
1836000,3844.2343785762787,-689.8053803443909,112.46398710206486,-0.0038153486456333763,66.83282127380372,1.110932970046997,0.002608070744356761,-730.5608026981354,79.29445974992362,,0.8360828936100007,
1840000,3852.3938767910004,-683.8317031860352,79.77497681211395,-0.004298310295212993,55.67932472229004,1.1083673000335694,0.00246266534259485,-730.5608026981354,79.29445974992362,,0.8327908873558044,
1844000,3862.731604576111,-683.0440483093262,83.11199118955646,-0.004317578154383206,49.59288368225098,1.110996699333191,0.005225453048478812,-729.8178913295269,72.44636430131668,,0.8530496239662171,
1848000,3870.869901895523,-704.8723268508911,81.07262300097379,-0.004049400790749757,59.8041187286377,1.0823140740394592,0.002905400947201997,-729.8178913295269,72.44636430131668,,0.8048788905143738,
1852000,3878.9801592826843,-686.3579187393188,71.52713768909274,-0.005839894199511031,44.87715034484863,1.0944793462753295,0.004240378428949043,-729.8178913295269,72.44636430131668,,0.793673712015152,
1856000,3887.1119759082794,-728.0288820266724,100.579030466276,-0.004537448075988016,61.45010604858398,1.1047511577606202,0.0041601646458730105,-729.8178913295269,72.44636430131668,,0.8623767733573914,
1860000,3895.2416276931763,-719.9039907455444,77.97304783212839,-0.0033552573328294423,57.48997001647949,1.1793729305267333,0.003219378259615091,-729.8178913295269,72.44636430131668,,0.7793893277645111,
1864000,3903.3713154792786,-701.896354675293,87.72357353774159,-0.005263326487503939,43.40362319946289,1.1520240902900696,0.005522490399656821,-729.8178913295269,72.44636430131668,,0.8498833775520325,
1868000,3911.5099272727966,-709.4291296005249,82.03344584726109,-0.0038875845990454573,49.501861572265625,1.1483875513076782,0.0025196449508658957,-729.8178913295269,72.44636430131668,,0.7668213725090027,
1872000,3919.666811943054,-704.8622026443481,111.83477960956617,-0.004517118042179735,62.94910430908203,1.1363232374191283,0.0039462763975607554,-729.8178913295269,72.44636430131668,,0.7636348605155945,
1876000,3927.843703508377,-717.6764860153198,98.472771546743,-0.005380918352088671,50.378007888793945,1.154319977760315,0.003047157370019704,-729.8178913295269,72.44636430131668,,0.7851896047592163,
1880000,3935.9866914749146,-724.3924856185913,108.72700896584303,-0.004142023218407509,58.539158248901366,1.1810971021652221,0.0041730035765795035,-729.8178913295269,72.44636430131668,,0.8037636578083038,
1884000,3946.319575071335,-733.5928936004639,91.83561544152637,-0.002815118787363957,56.48224716186523,1.2152487635612488,0.003134701819857577,-798.7489105463028,104.10541278786285,,0.8718795776367188,
1888000,3954.5115008354187,-699.9458360671997,79.84199452478012,-0.004724079349466281,42.56898880004883,1.170165467262268,0.004633018071763218,-798.7489105463028,104.10541278786285,,0.7459217667579651,
1892000,3962.6678309440613,-700.611611366272,90.38795150504839,-0.004995281325265166,46.69591064453125,1.1575413584709167,0.00518262681442625,-798.7489105463028,104.10541278786285,,0.802453464269638,
1896000,3970.8031570911407,-706.5336747169495,81.4120053880378,-0.0032129622116141565,54.240718841552734,1.1447098135948182,0.004627824481576681,-798.7489105463028,104.10541278786285,,0.7429663181304932,
1900000,3978.9359924793243,-720.5700635910034,93.89293927736442,-0.004332934111356756,50.132035446166995,1.182217824459076,0.005473795750954502,-798.7489105463028,104.10541278786285,,0.7163361668586731,
1904000,3987.0944261550903,-709.9690389633179,91.69646424945681,-0.004424662538726487,43.35030288696289,1.1829668283462524,0.002320610755123198,-798.7489105463028,104.10541278786285,,0.7332372963428497,
1908000,3995.2448477745056,-703.7437753677368,75.9927069651557,-0.003767715714241304,49.85202980041504,1.1292201161384583,0.005457954597659409,-798.7489105463028,104.10541278786285,,0.6920539498329162,
1912000,4003.38280749321,-739.5687389373779,149.45442703140236,-0.0030179773486644023,66.15801048278809,1.1788172721862793,0.006900284655392175,-798.7489105463028,104.10541278786285,,0.6467255294322968,
1916000,4011.5237090587616,-733.2483510971069,109.18982868784117,-0.0034742037348525654,46.10260200500488,1.1790420532226562,0.004781734597781906,-798.7489105463028,104.10541278786285,,0.6639531016349792,
1920000,4019.637478351593,-705.8674535751343,82.15901310249741,-0.0033751929814073377,35.86288585662842,1.1411672949790954,0.003732918903309246,-798.7489105463028,104.10541278786285,,0.619466382265091,
1924000,4029.986956834793,-707.9773530960083,83.00552904204687,-0.004381392056820932,29.808239364624022,1.1530276179313659,0.002095703347004019,-741.9335114061832,107.1469540763558,,0.6651759564876556,
1928000,4038.1044266223907,-731.7566576004028,104.24271876081559,-0.003705848295755665,50.145287704467776,1.2004275679588319,0.002929493469341349,-741.9335114061832,107.1469540763558,,0.6929810523986817,
1932000,4046.2437176704407,-764.8312511444092,88.75893700045283,-0.002922420704922857,47.79665069580078,1.1946794629096984,0.0049909204926031235,-741.9335114061832,107.1469540763558,,0.7173349976539611,
1936000,4054.3901257514954,-749.6119241714478,97.78469484644285,-0.004257268151268345,38.70448722839355,1.1969637036323548,0.005806293920613825,-741.9335114061832,107.1469540763558,,0.6981857061386109,
1940000,4062.530485391617,-741.1334772109985,108.87266255365817,-0.002885942049654133,72.96617584228515,1.1637626528739928,0.0037938455614882293,-741.9335114061832,107.1469540763558,,0.6916647911071777,
1944000,4070.6732959747314,-730.6659145355225,96.81024262122267,-0.0016391452957565278,58.18715705871582,1.1772652506828307,0.005176176247186959,-741.9335114061832,107.1469540763558,,0.6624881148338317,
1948000,4078.8058822155,-720.9683036804199,98.13407464865548,-0.0035685518955239637,46.1786003112793,1.1900274157524109,0.002619996488205878,-741.9335114061832,107.1469540763558,,0.6964234292507172,
1952000,4086.9456691741943,-751.5983123779297,104.4422503101665,-0.003718528339251392,53.64186477661133,1.1986659288406372,0.005826444260310382,-741.9335114061832,107.1469540763558,,0.6435327053070068,
1956000,4095.081713438034,-756.4637932777405,112.38136861930766,-0.004254036656619675,53.11854133605957,1.149903702735901,0.0039525784231955186,-741.9335114061832,107.1469540763558,,0.6625460863113404,
1960000,4103.247443914413,-750.8949851989746,116.34967208378899,-0.0036136480878728337,48.724930953979495,1.2404865384101869,0.0036836950210272336,-741.9335114061832,107.1469540763558,,0.65691636800766,
1964000,4113.614238023758,-766.6058406829834,99.1137840129349,-0.003920517654856681,62.09983406066895,1.2013553738594056,0.0045139155170181855,-928.8881793320179,213.3388628346954,,0.7001220524311066,
1968000,4121.764846324921,-780.611644744873,114.38664790528092,-0.0027724357009477176,59.27461891174316,1.2597853899002076,0.005327693831718961,-928.8881793320179,213.3388628346954,,0.6162899017333985,
1972000,4129.906651258469,-737.8991994857788,111.36473767883295,-0.004724270442966372,36.77725601196289,1.214894711971283,0.006651344808051363,-928.8881793320179,213.3388628346954,,0.6797747611999512,
1976000,4138.05105137825,-746.2665205001831,103.52815741297665,-0.004157653901027558,45.91563873291015,1.2404855370521546,0.004047161759808659,-928.8881793320179,213.3388628346954,,0.6378312468528747,
1980000,4146.192238807678,-747.1444549560547,100.26447183565791,-0.003201056144976455,45.01193084716797,1.2389206647872926,0.004510478445018329,-928.8881793320179,213.3388628346954,,0.5631901741027832,
1984000,4154.340889453888,-743.9283981323242,73.95780259641445,-0.002465350069222083,37.40902557373047,1.1608126521110536,0.006944864481066659,-928.8881793320179,213.3388628346954,,0.6221761882305146,
1988000,4162.497837305069,-734.8408832550049,90.0165801138898,-0.004873805406581155,50.22621574401855,1.220110261440277,0.0055415198333406135,-928.8881793320179,213.3388628346954,,0.5618604123592377,
1992000,4170.643938541412,-749.5284729003906,95.1355613723202,-0.0035159512370446675,37.00697402954101,1.173314130306244,0.004158357204869389,-928.8881793320179,213.3388628346954,,0.636982923746109,
1996000,4178.795094013214,-745.896936416626,104.85351178297664,-0.0033582913467348876,56.52025604248047,1.1597203254699706,0.004546569881495088,-928.8881793320179,213.3388628346954,,0.6063427269458771,
2000000,4186.935601949692,-731.4413690567017,98.0551832158667,-0.00464863338026511,33.94741802215576,1.1566565036773682,0.006008337740786374,-928.8881793320179,213.3388628346954,,0.6314190566539765,
