global_step,wall_time_s,ep_return_mean,ep_return_std,policy_loss,value_loss,entropy,approx_kl,eval_return_mean,eval_return_std,mean_k,attn_entropy,lagrange_lambda
4000,4.122204542160034,-224.28062319755554,48.24371485836883,-0.0006082250785155452,205.58927307128906,1.6031246781349182,0.00011959573948843172,,,4.978521013259888,,
8000,7.5685813426971436,-222.9062225818634,43.87766594270993,-0.00038360084570499,177.85278778076173,1.5962162613868713,7.190905416791793e-05,,,4.951500129699707,,
12000,11.21822714805603,-229.27889037132263,47.868894522433145,-0.0006373443501942688,163.78948822021485,1.589041292667389,0.00018979092019435483,,,4.9602292537689205,,
16000,14.943975925445557,-215.0830614566803,39.309674683016894,-0.0003300505128354558,108.22959442138672,1.5717492938041686,0.0,,,4.994375228881836,,
20000,18.646073579788208,-207.29155945777893,35.08786758247652,-0.000633457216347999,65.85666007995606,1.5674320578575134,0.00019732050283346458,,,4.980541801452636,,
24000,22.3485848903656,-226.15227103233337,48.15785428101116,-0.0008908952321799113,103.49594802856446,1.5533405661582946,0.00013622191108879632,,,4.98956265449524,,
28000,26.034307956695557,-215.90854811668396,31.043665356244862,-0.0017223942181638918,72.28690795898437,1.5457684874534607,0.00028163419893341147,,,4.996396017074585,,
32000,29.731727600097656,-201.23508524894714,30.8607713179653,-0.0018949583254871173,64.91103706359863,1.5575326442718507,0.0006523445998356386,,,4.998541831970215,,
36000,33.47103404998779,-218.3964385986328,46.77498157792682,-0.0003332911005854866,91.20641784667968,1.5575767278671264,2.110997904258838e-11,,,4.9979166984558105,,
40000,37.097902059555054,-212.90097188949585,38.73020179819129,-0.0007256840642262397,77.41250839233399,1.5541448712348938,0.0007975243596204829,,,4.9956458568572994,,
44000,43.505594968795776,-212.07564878463745,39.99840180735484,-0.0009077378529467106,79.4382080078125,1.5504775285720824,0.00029445093906421693,-234.87167862802744,40.11950585708876,4.989187574386596,,
48000,47.18136215209961,-214.55244779586792,33.535575649348765,-0.001349608839775751,59.81828269958496,1.519732415676117,0.0005333024597348413,-234.87167862802744,40.11950585708876,4.988979196548462,,
52000,50.8463773727417,-209.22184360027313,44.42966269069252,-0.0017860581463319037,73.45210571289063,1.5119144678115846,0.0007761414606648031,-234.87167862802744,40.11950585708876,4.990979146957398,,
56000,54.30739188194275,-222.90801692008972,39.882415095467,-0.001487068588961904,56.79957733154297,1.5077530980110168,0.0,-234.87167862802744,40.11950585708876,4.986562633514405,,
60000,57.93304705619812,-228.23127555847168,37.68771448533128,-0.0005357636644754748,54.404663467407225,1.478295135498047,0.0002682437414089911,-234.87167862802744,40.11950585708876,4.974708509445191,,
64000,61.569340229034424,-258.12267541885376,44.989210628130536,-0.0010380530153252022,56.96278076171875,1.4480650067329406,0.0005085870056063868,-234.87167862802744,40.11950585708876,4.943291759490966,,
68000,65.24646472930908,-227.21076893806458,39.47442277424485,-0.0015341893112248428,62.00554847717285,1.477665662765503,0.0007504130851884838,-234.87167862802744,40.11950585708876,4.971479368209839,,
72000,68.81778264045715,-225.864159822464,34.58996970800455,-0.002270286380041697,36.66225891113281,1.4387612819671631,0.0016240600689319206,-234.87167862802744,40.11950585708876,4.9681459903717045,,
76000,72.55958914756775,-231.07393503189087,39.006510385910964,-0.0017060439012711814,33.67002830505371,1.4340794444084168,0.002013440455620491,-234.87167862802744,40.11950585708876,4.904979276657104,,
80000,76.23385810852051,-228.6845724582672,40.70799924980088,-0.00069160273077431,36.22189350128174,1.4706668257713318,0.0011873116906305548,-234.87167862802744,40.11950585708876,4.804604244232178,,
84000,82.54675006866455,-242.08360314369202,50.38736600917948,-0.0009996587357600007,34.858085823059085,1.4146151423454285,0.0005415946261879689,-276.90467328578234,46.6229516105889,4.642104291915894,,
88000,86.21447587013245,-229.70152044296265,46.65793191555668,-0.002238994109638348,37.81726417541504,1.4273326754570008,0.0013953833091848832,-276.90467328578234,46.6229516105889,4.604458427429199,,
92000,89.8856360912323,-230.50108742713928,37.833741728613944,-0.0010867218803806366,28.710002136230468,1.403280794620514,0.0017325846245512366,-276.90467328578234,46.6229516105889,4.447708511352539,,
96000,93.57153129577637,-231.21482014656067,38.71351748636625,-0.002643829760335681,30.643310928344725,1.3774027228355408,0.0014343323794115959,-276.90467328578234,46.6229516105889,4.218708467483521,,
100000,97.25687026977539,-241.16457891464233,46.865755225050755,-0.0035358820479984066,27.464643478393555,1.3252684235572816,0.002762096739063663,-276.90467328578234,46.6229516105889,4.07704176902771,,
104000,101.02015852928162,-232.65473103523254,41.31970390534992,-0.0027722513956638826,38.846867370605466,1.427547001838684,0.0009590581539669074,-276.90467328578234,46.6229516105889,4.412083435058594,,
108000,104.79092693328857,-229.9410102367401,43.156807141625805,-0.0018849193569427936,32.6675947189331,1.3715487003326416,0.002655531209427864,-276.90467328578234,46.6229516105889,4.763333511352539,,
112000,108.52516627311707,-220.29907822608948,46.83863758249344,-0.0037699046257573697,27.303897094726562,1.3978796005249023,0.0051395430018504554,-276.90467328578234,46.6229516105889,4.922708415985108,,
116000,112.21486306190491,-234.48869252204895,43.69927706427974,-0.005053428102944402,21.863025665283203,1.3503748178482056,0.0028513661251054145,-276.90467328578234,46.6229516105889,4.622666740417481,,
120000,115.90547227859497,-226.4634325504303,39.077720174710585,-0.0031202765086200124,26.444257736206055,1.3178716778755188,0.0032750826387200503,-276.90467328578234,46.6229516105889,4.736041784286499,,
124000,122.24367380142212,-224.9730100631714,40.00573944983327,-0.004419607467406117,17.173823356628418,1.288743245601654,0.003211237446521409,-276.5300643071532,92.53020343909755,4.490145969390869,,
128000,125.91556310653687,-239.70000052452087,50.62142966473986,-0.0027474266744295763,32.43237781524658,1.2918879628181457,0.003455756725743414,-276.5300643071532,92.53020343909755,4.39637508392334,,
132000,129.3109335899353,-234.30675077438354,50.26446011046964,-0.003303598102220917,34.92021560668945,1.2735986232757568,0.0036686374194687234,-276.5300643071532,92.53020343909755,4.250437593460083,,
136000,132.971741437912,-241.85303664207458,53.02398863861002,-0.0024312598174777377,36.27312965393067,1.2981821298599243,0.0013262206242846686,-276.5300643071532,92.53020343909755,4.128854274749756,,
140000,136.1907241344452,-233.03672742843628,39.93688070271909,-0.00417669344363576,15.663964939117431,1.2732157349586486,0.0024616435391168756,-276.5300643071532,92.53020343909755,4.298562622070312,,
144000,139.33451223373413,-230.64533615112305,46.06656843255339,-0.0024264455053101485,26.37022762298584,1.2590361952781677,0.0038821592315798625,-276.5300643071532,92.53020343909755,4.239770889282227,,
148000,142.44387912750244,-230.95787262916565,44.34741870897514,-0.002839633675369768,32.75611877441406,1.272914719581604,0.001136622986814473,-276.5300643071532,92.53020343909755,4.303687572479248,,
152000,145.9524645805359,-230.4000723361969,42.28661122546641,-0.0035117396447651218,21.76450185775757,1.3148283958435059,0.001957956549449591,-276.5300643071532,92.53020343909755,4.305500173568726,,
156000,149.57952332496643,-214.51958990097046,40.82995484968632,-0.004456705031800112,25.547955894470213,1.335195827484131,0.001346716554379479,-276.5300643071532,92.53020343909755,4.472416734695434,,
160000,153.25482058525085,-225.13204526901245,48.48582947469303,-0.002169953588241036,28.732068824768067,1.3202948331832887,0.0017697858713703108,-276.5300643071532,92.53020343909755,4.345937633514405,,
164000,159.37241339683533,-215.8571376800537,42.4993785519918,-0.0021874127145274256,31.658079147338867,1.3188838958740234,0.0023761535150697453,-233.23276625573635,40.88234704353162,4.481520938873291,,
168000,162.9899389743805,-214.08206367492676,39.96385810523235,-0.0045227516610175655,23.37659034729004,1.2973502159118653,0.0023372057563392445,-233.23276625573635,40.88234704353162,4.180541849136352,,
172000,166.63851761817932,-207.9859058856964,43.42996081493342,-0.004869235703023156,24.17903861999512,1.2740143537521362,0.0012909745328749445,-233.23276625573635,40.88234704353162,4.274166774749756,,
176000,170.35550832748413,-210.45816612243652,37.85275286312523,-0.0036521759585011805,29.250089836120605,1.2250461816787719,0.004402923487941734,-233.23276625573635,40.88234704353162,4.207250118255615,,
180000,174.04391527175903,-216.21381545066833,35.836697982490584,-0.0038592564378632233,28.640103340148926,1.242901587486267,0.0007483307686416085,-233.23276625573635,40.88234704353162,4.246416759490967,,
184000,177.70889472961426,-215.36701822280884,38.71073931099287,-0.004692493945903387,23.498495483398436,1.2286048650741577,0.00319093476573471,-233.23276625573635,40.88234704353162,4.300333404541016,,
188000,181.3581109046936,-235.21656584739685,47.11601871454895,-0.004468006106636802,28.678754615783692,1.1794535398483277,0.0028516571942406423,-233.23276625573635,40.88234704353162,4.007791757583618,,
192000,184.9814555644989,-217.40138959884644,35.66656469675426,-0.004317890023618709,29.50903911590576,1.2070734262466432,0.004050706391822434,-233.23276625573635,40.88234704353162,4.302104234695435,,
196000,188.63316106796265,-213.67164278030396,36.79260754572995,-0.0044355865196169745,26.174866485595704,1.185760998725891,0.0036408165548928117,-233.23276625573635,40.88234704353162,4.540187549591065,,
200000,192.2537603378296,-209.3261148929596,37.7389653545553,-0.0046554012935764,17.88564500808716,1.122249221801758,0.004760316314796608,-233.23276625573635,40.88234704353162,4.244291877746582,,
204000,198.53217124938965,-210.55188393592834,25.746017845893288,-0.005996727540002511,19.67725315093994,1.1294373273849487,0.0022594307170948013,-224.23730187118053,37.300404999142536,4.091375017166138,,
208000,202.25072741508484,-212.9598045349121,37.506116634825595,-0.005977841752270852,16.675346755981444,1.1080600380897523,0.003049064041755667,-224.23730187118053,37.300404999142536,4.019937658309937,,
212000,205.90897059440613,-211.10467314720154,44.46389707508033,-0.004944197926515059,21.70944423675537,1.0959628462791442,0.006374070339370519,-224.23730187118053,37.300404999142536,3.80106258392334,,
216000,209.47222709655762,-213.6554627418518,37.587377012398164,-0.004671700740504691,19.118930530548095,1.06211918592453,0.0034522023073271678,-224.23730187118053,37.300404999142536,3.920583462715149,,
220000,213.14955806732178,-220.81652855873108,36.153863949207334,-0.004598636268288825,20.8052339553833,1.0963861107826234,0.002942644811555506,-224.23730187118053,37.300404999142536,3.9697084426879883,,
224000,216.86575078964233,-214.4204773902893,35.53119798353933,-0.0032614679340040365,18.920176029205322,1.0613619565963746,0.0043508709860810455,-224.23730187118053,37.300404999142536,3.9795209407806396,,
228000,220.5317678451538,-211.20537793636322,47.093740096918694,-0.004507318289717688,20.97370891571045,1.0516269564628602,0.002265004350920208,-224.23730187118053,37.300404999142536,4.050333499908447,,
232000,224.1917884349823,-207.78830075263977,30.14800831416936,-0.007510471513650074,14.690813350677491,1.0281169414520264,0.00341996937058866,-224.23730187118053,37.300404999142536,4.227791690826416,,
236000,227.84928441047668,-208.6561779975891,33.85600484161895,-0.005114571859439199,14.689438533782958,1.0770490169525146,0.0037330464425031186,-224.23730187118053,37.300404999142536,4.27152099609375,,
240000,231.52205991744995,-205.42979907989502,36.102692952346885,-0.004488082344954192,24.896744346618654,1.06045982837677,0.0029612845755764283,-224.23730187118053,37.300404999142536,4.1527917861938475,,
244000,237.8583972454071,-208.46508312225342,33.13064017474884,-0.004856852281217882,19.18205451965332,1.1274803757667542,0.0055461886629927905,-214.6775107011199,35.26557444421271,4.060791730880737,,
248000,241.5963761806488,-214.9692566394806,33.198820229374974,-0.005473207924825451,21.571420097351073,1.13605078458786,0.004427481001708688,-214.6775107011199,35.26557444421271,3.986541724205017,,
252000,245.28113055229187,-218.16712427139282,37.89022656967386,-0.006433979030853759,18.783973693847656,1.1338560581207275,0.0021247210032015575,-214.6775107011199,35.26557444421271,4.123208379745483,,
256000,248.87844371795654,-210.25737047195435,35.51382005011272,-0.005317539865383835,17.962212085723877,1.1600758671760558,0.006314070097869262,-214.6775107011199,35.26557444421271,4.004250073432923,,
260000,252.42557454109192,-210.8942949771881,35.67719713150371,-0.0051710726870223935,17.850097179412842,1.1334620594978333,0.004465940804220736,-214.6775107011199,35.26557444421271,3.9017292499542235,,
264000,256.06743836402893,-208.46979975700378,37.19359342536306,-0.0064779851865023556,24.774870681762696,1.1178411006927491,0.0045101478084689,-214.6775107011199,35.26557444421271,4.08108344078064,,
268000,259.7345280647278,-210.04402923583984,36.336044043445796,-0.00530820318311453,25.78837184906006,1.1333562016487122,0.004050268605351448,-214.6775107011199,35.26557444421271,3.932645893096924,,
272000,263.39053106307983,-213.40565943717957,33.970307343392946,-0.004880861658059654,20.687491416931152,1.15327228307724,0.0026947597158141433,-214.6775107011199,35.26557444421271,3.797958421707153,,
276000,267.0294089317322,-209.08357119560242,44.35661058264014,-0.003504414847508652,23.361519813537598,1.1149953365325929,0.002230677174792328,-214.6775107011199,35.26557444421271,3.9371459245681764,,
280000,270.1682951450348,-215.16110682487488,40.48137102840522,-0.0056403924607050905,24.211569595336915,1.1361119508743287,0.0050018328591249885,-214.6775107011199,35.26557444421271,3.870104217529297,,
284000,276.4938073158264,-207.116468667984,33.138402610485265,-0.005177626302698623,16.94259366989136,1.1195155501365661,0.004513511884879942,-210.68630746752024,48.227873699805116,3.8400626182556152,,
288000,280.22074127197266,-212.63662981987,44.82710656946758,-0.004749644727873026,24.58719882965088,1.1657763719558716,0.002189123867234838,-210.68630746752024,48.227873699805116,3.900437617301941,,
292000,283.9139847755432,-210.14180755615234,32.12590317617279,-0.004390270198812019,22.387223625183104,1.112537181377411,0.0032496412459295243,-210.68630746752024,48.227873699805116,3.9116042852401733,,
296000,287.65029668807983,-201.1230230331421,38.36751930051692,-0.004880759718439797,20.092146492004396,1.0916964530944824,0.005945178831461817,-210.68630746752024,48.227873699805116,3.8591459512710573,,
300000,291.2758665084839,-212.02506947517395,37.8812179738265,-0.005022529166579836,21.65898208618164,1.0872443795204163,0.004845629528203688,-210.68630746752024,48.227873699805116,3.6731667518615723,,
304000,294.80902433395386,-207.71168088912964,32.61206422003277,-0.004554468796743705,21.120956230163575,1.0884370446205138,0.0032056501164333894,-210.68630746752024,48.227873699805116,3.7915209531784058,,
308000,298.40959310531616,-220.17685651779175,50.221955661443424,-0.0037721482735748103,28.35754680633545,1.037817692756653,0.004142215737510317,-210.68630746752024,48.227873699805116,3.6097501277923585,,
312000,302.14188027381897,-215.97917294502258,38.0817377048294,-0.00700731174283038,20.34015026092529,0.9787757754325866,0.005699825436090311,-210.68630746752024,48.227873699805116,3.5746042013168333,,
316000,305.6636321544647,-218.78748989105225,37.011850669184575,-0.004882621534944853,25.439733695983886,0.981599485874176,0.003195296847843565,-210.68630746752024,48.227873699805116,3.864583396911621,,
320000,309.1342170238495,-217.72646594047546,37.569460515403975,-0.004061242101131945,22.181493759155273,0.9158776581287384,0.0029897171654738484,-210.68630746752024,48.227873699805116,3.7440417528152468,,
324000,315.15850591659546,-217.54614210128784,31.005044451304382,-0.004453836016589818,14.45705051422119,0.8557183265686035,0.00452654511877335,-211.89778326451778,34.13216374116062,3.6991042137145995,,
328000,318.9123845100403,-224.16589069366455,35.09553390464975,-0.004587668742208439,16.95490617752075,0.7968931078910828,0.003689760365523398,-211.89778326451778,34.13216374116062,3.6212917804718017,,
332000,322.52268528938293,-220.9276807308197,41.98800519836212,-0.004611655358225164,21.05242748260498,0.7975908875465393,0.0026913243368229534,-211.89778326451778,34.13216374116062,3.8230000734329224,,
336000,326.22499346733093,-216.88309001922607,37.619784431936466,-0.005537881233108522,17.978200244903565,0.8130466103553772,0.003538222366478294,-211.89778326451778,34.13216374116062,3.7927708864212035,,
340000,329.847416639328,-213.8816840648651,36.15099576137624,-0.0050536386392391105,17.793793964385987,0.7888260960578919,0.003710635056408751,-211.89778326451778,34.13216374116062,3.7118125677108766,,
344000,333.5552809238434,-218.85619688034058,31.761776395278808,-0.006510946370040393,19.397752380371095,0.7312115430831909,0.006626462716298798,-211.89778326451778,34.13216374116062,3.6486459255218504,,
348000,337.2460844516754,-216.0344282388687,34.585841022814805,-0.004868697484799967,15.446860408782959,0.6997069537639617,0.004589780136710031,-211.89778326451778,34.13216374116062,3.6912500858306885,,
352000,341.00453209877014,-217.46228790283203,38.138494360274265,-0.005058317859812344,18.860243225097655,0.6913069486618042,0.006323701204732068,-211.89778326451778,34.13216374116062,3.6745209455490113,,
356000,344.70453357696533,-215.86730337142944,37.269258641856794,-0.006202522472633731,14.297523021697998,0.6985077083110809,0.005739312219433579,-211.89778326451778,34.13216374116062,3.542395901679993,,
360000,348.4115934371948,-218.740464925766,32.085669410271464,-0.004825403915407733,12.300800704956055,0.7003436923027039,0.005447989271488041,-211.89778326451778,34.13216374116062,3.553541731834412,,
364000,354.0698673725128,-213.9974720478058,48.04070084423059,-0.004293276234995602,26.952488517761232,0.7365737438201905,0.0031060019965904575,-215.61258806288242,42.72404118179964,3.6030417919158935,,
368000,357.4928615093231,-209.97555589675903,33.21272188426122,-0.004827724252206611,15.477903652191163,0.752797544002533,0.005201469000894576,-215.61258806288242,42.72404118179964,3.5100000858306886,,
372000,361.16099071502686,-213.56058883666992,35.51423242719885,-0.006734506019856745,13.813338661193848,0.8014776289463044,0.0029644846684920177,-215.61258806288242,42.72404118179964,3.459020900726318,,
376000,364.8320038318634,-210.67497897148132,31.670276135832978,-0.004736890276816475,13.899251651763915,0.7810559451580048,0.005163383740000427,-215.61258806288242,42.72404118179964,3.6285417556762694,,
380000,368.4984815120697,-213.77062225341797,42.90004436766116,-0.006174598473279424,18.25671501159668,0.7235859155654907,0.008542572986334563,-215.61258806288242,42.72404118179964,3.5499167919158934,,
384000,372.1081540584564,-208.5508632659912,35.14422061592042,-0.006293381198775006,17.87528839111328,0.7653055310249328,0.005620708069376157,-215.61258806288242,42.72404118179964,3.5851250886917114,,
388000,375.78029108047485,-199.57741498947144,30.22485347134916,-0.005386311708328595,10.6603609085083,0.7181973218917846,0.006973519606981426,-215.61258806288242,42.72404118179964,3.7213541984558107,,
392000,379.44248700141907,-203.60450267791748,32.84122608897021,-0.006679328073281798,13.356381797790528,0.7948905289173126,0.006423535596424124,-215.61258806288242,42.72404118179964,3.3609792470932005,,
396000,383.10138463974,-216.77347433567047,38.43894396423228,-0.005578657253490249,21.911734962463377,0.7867911100387573,0.006268607310019459,-215.61258806288242,42.72404118179964,3.3321667432785036,,
400000,386.7775237560272,-204.69427514076233,33.199019981072766,-0.006846503173932428,11.46790599822998,0.7453351676464081,0.002537595237857504,-215.61258806288242,42.72404118179964,3.4336875677108765,,
404000,392.4960136413574,-213.8788616657257,33.043128609173195,-0.0035272912078070815,18.729532718658447,0.7133323669433593,0.0033931490262911978,-212.83408345282078,36.46119655817172,3.3786042451858522,,
408000,395.6388385295868,-209.00016236305237,37.4044759809849,-0.0064266402296102145,17.091214752197267,0.6808069467544555,0.007026923893097159,-212.83408345282078,36.46119655817172,3.515083408355713,,
412000,398.7280900478363,-217.917738199234,42.10639212448216,-0.0044303161617524015,20.26827926635742,0.7177776873111725,0.0037004601210355757,-212.83408345282078,36.46119655817172,3.3896042346954345,,
416000,401.9851179122925,-214.5100040435791,40.78980027900799,-0.006813867432220544,14.409356117248535,0.7416024327278137,0.0062319539476526796,-212.83408345282078,36.46119655817172,3.3612709283828734,,
420000,405.62332463264465,-210.8017930984497,34.86003994004867,-0.007057190946148095,15.378910160064697,0.7462817788124084,0.004956787826221753,-212.83408345282078,36.46119655817172,3.1952084064483643,,
424000,408.8019382953644,-209.37516593933105,35.857695785899,-0.008009290967447047,19.978450965881347,0.7254441559314728,0.009218350471928715,-212.83408345282078,36.46119655817172,3.2011459112167358,,
428000,411.91704392433167,-206.39582681655884,35.79515706602925,-0.006660370816321403,13.49858808517456,0.7112412631511689,0.007455755607302628,-212.83408345282078,36.46119655817172,3.3399792194366453,,
432000,414.9824204444885,-204.12857687473297,34.10902105885928,-0.0048871256645458775,18.779837608337402,0.7020199120044708,0.004061124369036407,-212.83408345282078,36.46119655817172,3.0662500858306885,,
436000,418.1033239364624,-209.18338179588318,34.55588030383781,-0.008905253054574125,14.2994553565979,0.7048351407051087,0.00751127037947299,-212.83408345282078,36.46119655817172,3.1015625476837156,,
440000,421.2179911136627,-207.65318512916565,36.416573246823916,-0.006568986046283154,16.09667835235596,0.685464084148407,0.008100628410466016,-212.83408345282078,36.46119655817172,3.114750051498413,,
444000,427.15726923942566,-204.09663665294647,33.47008368065964,-0.007553380200794546,17.785831642150878,0.6770048916339875,0.0036577562161255626,-215.0610241368413,38.30365437667352,3.312895941734314,,
448000,430.6919422149658,-205.48501896858215,33.24261060988211,-0.0065686297354598635,12.4894380569458,0.6092056274414063,0.00472823840364196,-215.0610241368413,38.30365437667352,3.2066459178924562,,
452000,434.26818442344666,-207.43876719474792,35.26713982850987,-0.005768444222786151,12.33880443572998,0.6116676270961762,0.007301275338356739,-215.0610241368413,38.30365437667352,3.227583384513855,,
456000,437.4682469367981,-197.13205456733704,27.336783611680357,-0.0073164062071590765,10.161127519607543,0.6118986904621124,0.007166861824225634,-215.0610241368413,38.30365437667352,3.151666688919067,,
460000,440.99944949150085,-210.30498838424683,37.24272929874335,-0.005425720347790053,13.72561559677124,0.6527994036674499,0.0030367396655492486,-215.0610241368413,38.30365437667352,3.1070417404174804,,
464000,444.7134110927582,-210.6427526473999,33.78522687435545,-0.006844575816920617,13.43036060333252,0.6342655479907989,0.0054582996643148364,-215.0610241368413,38.30365437667352,3.1565834283828735,,
468000,448.3900685310364,-202.01142358779907,37.63981503100063,-0.005120872012184296,13.914141941070557,0.6518669724464417,0.008785653850684572,-215.0610241368413,38.30365437667352,3.171375060081482,,
472000,451.80000257492065,-205.69042146205902,38.260272066561406,-0.00626393377315253,11.944666194915772,0.6197148263454437,0.006169063596675883,-215.0610241368413,38.30365437667352,3.0950834274291994,,
476000,455.094699382782,-211.66102862358093,42.63971115750241,-0.0075338380451624555,14.408528709411621,0.6148638308048249,0.007927262922748923,-215.0610241368413,38.30365437667352,3.0695000886917114,,
480000,458.7343382835388,-202.0851058959961,36.037954987893436,-0.0069913380236053865,15.771510982513428,0.6177502810955048,0.008340809610672295,-215.0610241368413,38.30365437667352,3.1347500324249267,,
484000,464.85035133361816,-213.2490108013153,38.514788728145724,-0.005946941880354028,14.022382068634034,0.660794585943222,0.006179364107238783,-212.28885443508625,36.17473291919894,2.8297084093093874,,
488000,468.5227081775665,-204.20376563072205,31.964112812024364,-0.005606807172143213,14.607334423065186,0.6979010283946991,0.006761494526290335,-212.28885443508625,36.17473291919894,2.9839375734329225,,
492000,472.05264830589294,-210.89169001579285,37.00323926555045,-0.007843536618010561,13.28727388381958,0.6889837145805359,0.008859402543709916,-212.28885443508625,36.17473291919894,2.951520895957947,,
496000,475.7645049095154,-209.8560085296631,31.66609551561766,-0.006138500699773441,15.085110759735107,0.6934220194816589,0.007326658487785664,-212.28885443508625,36.17473291919894,2.8536667346954347,,
500000,479.4559602737427,-207.7418451309204,30.92821179313548,-0.007068053186250367,10.430319690704346,0.6617581665515899,0.00397341451514519,-212.28885443508625,36.17473291919894,2.873958420753479,,
504000,483.13987493515015,-212.91671586036682,36.05143874186193,-0.0043917388646804055,18.644862747192384,0.6409382462501526,0.0073278860189020635,-212.28885443508625,36.17473291919894,2.9964792251586916,,
508000,486.81181955337524,-201.54102635383606,34.612212570403585,-0.004759545387389763,12.570144367218017,0.6504552364349365,0.0053988217605899,-212.28885443508625,36.17473291919894,2.8498542308807373,,
512000,490.5110776424408,-201.63396859169006,27.454188110824678,-0.005892283612086135,12.286934757232666,0.6635278582572937,0.006307332156070844,-212.28885443508625,36.17473291919894,3.0441458940505983,,
516000,494.18572092056274,-204.90874361991882,32.75100373516581,-0.006449047380980666,12.409876918792724,0.6973990797996521,0.006670083149219863,-212.28885443508625,36.17473291919894,2.8276042461395265,,
520000,497.8623208999634,-201.02284979820251,33.45179913572714,-0.006320432529163966,12.247676372528076,0.6780221462249756,0.004263804160291329,-212.28885443508625,36.17473291919894,3.054625058174133,,
524000,503.8165383338928,-205.3771414756775,29.6992954847104,-0.006176863320792769,8.520513248443603,0.6892096638679505,0.00960875214263801,-212.393780708313,33.99096102852472,2.9059584379196166,,
528000,507.4474182128906,-206.63389897346497,31.186519992493444,-0.006301324799035957,14.815412998199463,0.6873884439468384,0.0058496281912084665,-212.393780708313,33.99096102852472,2.9266459226608275,,
532000,511.1261103153229,-209.3166983127594,32.7299414816426,-0.008031745771722231,11.09825677871704,0.6932347238063812,0.00894897934049368,-212.393780708313,33.99096102852472,2.9048125743865967,,
536000,514.8669571876526,-204.48748922348022,35.37063808194367,-0.007185523292825824,10.212157154083252,0.6966196537017822,0.008439406988599085,-212.393780708313,33.99096102852472,2.9301459074020384,,
540000,518.4463586807251,-204.38764071464539,33.02940141157647,-0.006842352788429729,11.41978588104248,0.7244747579097748,0.005791964663735905,-212.393780708313,33.99096102852472,2.7152292013168333,,
544000,522.1281378269196,-209.83362913131714,36.06601205111177,-0.006056338391577221,15.018556118011475,0.7017715990543365,0.00684369697724474,-212.393780708313,33.99096102852472,2.9720625400543215,,
548000,525.7836487293243,-205.3227276802063,36.43010132282146,-0.005819204507395615,15.79449291229248,0.7175642371177673,0.003368093806420802,-212.393780708313,33.99096102852472,2.7007500886917115,,
552000,528.9068403244019,-202.40755009651184,33.903479822735555,-0.006216625837919621,12.441790771484374,0.6939403355121613,0.009836843395139993,-212.393780708313,33.99096102852472,2.915333390235901,,
556000,532.0181550979614,-199.76158905029297,27.014897755883517,-0.004858996036307262,7.225348329544067,0.6988857209682464,0.005941102705585477,-212.393780708313,33.99096102852472,2.748562526702881,,
560000,535.1456427574158,-205.37927222251892,37.15296977529,-0.005796722612343786,13.674525260925293,0.702527767419815,0.0075631646034307835,-212.393780708313,33.99096102852472,2.6383333921432497,,
564000,541.1606135368347,-210.3960783481598,33.060238069385996,-0.00728355653615047,15.539587020874023,0.6633462131023407,0.0036249266529921444,-205.69264282286167,30.49810912788148,2.8213333606719972,,
568000,544.7336688041687,-201.4968683719635,31.167344101539616,-0.006285828610726974,10.872491550445556,0.6259608507156372,0.009601103740433903,-205.69264282286167,30.49810912788148,2.8873334646224977,,
572000,548.1870164871216,-202.0793752670288,34.00242457864033,-0.006935684788972196,12.466832065582276,0.6566075265407563,0.002139736320532393,-205.69264282286167,30.49810912788148,2.8967709302902223,,
576000,551.7557876110077,-201.71290183067322,31.60608254978567,-0.003851280711203131,14.222415924072266,0.6237072706222534,0.0077658521191527495,-205.69264282286167,30.49810912788148,2.7984167337417603,,
580000,555.040961265564,-199.51906561851501,31.476908766400584,-0.00682780939325065,10.559644317626953,0.6734556674957275,0.004272875430237022,-205.69264282286167,30.49810912788148,2.8526250600814818,,
584000,558.4525213241577,-206.43809533119202,36.82932396147011,-0.005893591622045946,17.49503126144409,0.7039966821670532,0.008438716247988243,-205.69264282286167,30.49810912788148,2.6872500658035277,,
588000,562.0997493267059,-206.29382944107056,32.1959524067539,-0.006278792057807259,12.284831333160401,0.6689289450645447,0.008605301831538537,-205.69264282286167,30.49810912788148,2.839333415031433,,
592000,565.7136452198029,-201.3451635837555,40.0158974420796,-0.005849699204787617,13.002620887756347,0.6502165853977203,0.005490489106159657,-205.69264282286167,30.49810912788148,2.852750062942505,,
596000,569.3905732631683,-197.77618551254272,34.0073047357318,-0.006246831931794627,12.29366855621338,0.6616690814495086,0.005372635837178707,-205.69264282286167,30.49810912788148,2.840437579154968,,
600000,572.9003033638,-206.40629839897156,33.14129569812487,-0.005651577544243303,10.120673131942748,0.7066671311855316,0.004889792604759968,-205.69264282286167,30.49810912788148,2.8366459369659425,,
604000,578.4520268440247,-203.52836525440216,36.77621656196506,-0.0074709640297418115,10.30085210800171,0.6788133561611176,0.008019819320179523,-203.6974436044693,31.25687716700503,2.9192292213439943,,
608000,581.5565416812897,-204.63105404376984,38.105724680858465,-0.006162229592446167,12.595320415496825,0.6911351442337036,0.007180953783526389,-203.6974436044693,31.25687716700503,2.7415416955947878,,
612000,584.645514011383,-195.21883034706116,31.460373333979504,-0.005680725701618883,11.6677885055542,0.7357901334762573,0.005288172309519723,-203.6974436044693,31.25687716700503,2.812354230880737,,
616000,587.7973561286926,-207.41022896766663,38.05536274198841,-0.004183029683772465,13.552192974090577,0.7366693615913391,0.003154332202704069,-203.6974436044693,31.25687716700503,2.7714375257492065,,
620000,590.9273364543915,-208.28168106079102,34.92919550266579,-0.005957669695218382,12.545406913757324,0.6808017253875732,0.008116861143925558,-203.6974436044693,31.25687716700503,2.9958959102630613,,
624000,594.0539236068726,-203.50323486328125,35.83206189131325,-0.007130620013146372,11.651220989227294,0.705658620595932,0.00650297258856396,-203.6974436044693,31.25687716700503,2.77508339881897,,
628000,597.1655683517456,-206.28277587890625,35.038367912266125,-0.005258936751401056,11.516021633148194,0.6820034384727478,0.003627610096009448,-203.6974436044693,31.25687716700503,2.7539792537689207,,
632000,600.2966547012329,-200.21913838386536,29.478328871182583,-0.006453835998894641,11.48634843826294,0.6711192190647125,0.004057329922216013,-203.6974436044693,31.25687716700503,2.7310209035873414,,
636000,603.7421567440033,-207.24421381950378,32.32361164447149,-0.00349561280587416,18.44686794281006,0.7099053680896759,0.005200585616985337,-203.6974436044693,31.25687716700503,2.9066250801086424,,
640000,607.395575761795,-208.18110537528992,38.81217528267896,-0.006500129182978221,12.16539134979248,0.7214319407939911,0.003532767849974405,-203.6974436044693,31.25687716700503,2.71560423374176,,
644000,613.3732426166534,-202.662424325943,35.274673299247965,-0.007035932878342699,11.298511600494384,0.7047265470027924,0.0068295916163673,-206.13119113445282,31.29485240133287,2.7891875743865966,,
648000,617.0729043483734,-204.90088486671448,40.058178267770096,-0.0061849215819965945,11.442150115966797,0.7114570140838623,0.004362364928238094,-206.13119113445282,31.29485240133287,2.7888126134872437,,
652000,620.7524077892303,-195.3614685535431,36.55530109719064,-0.0052478412452619414,12.945620727539062,0.683500874042511,0.001933050196748809,-206.13119113445282,31.29485240133287,2.8808959245681764,,
656000,624.4730863571167,-206.71499300003052,37.28333614707871,-0.0061756891765010645,16.00869655609131,0.7316341459751129,0.004791970802798762,-206.13119113445282,31.29485240133287,2.9042083740234377,,
660000,628.1493196487427,-194.1410050392151,25.94120408787936,-0.004984600091042601,11.687933349609375,0.769679582118988,0.007870922070307085,-206.13119113445282,31.29485240133287,2.997562551498413,,
664000,631.8408551216125,-196.04006814956665,32.59289314479665,-0.006368445990917593,7.13106894493103,0.7550080776214599,0.0028164989283541607,-206.13119113445282,31.29485240133287,2.636625075340271,,
668000,635.5897498130798,-203.02721405029297,32.281350749757785,-0.00769933392557629,11.178927326202393,0.7459050178527832,0.0042815720604266975,-206.13119113445282,31.29485240133287,2.897104263305664,,
672000,639.1106419563293,-210.02150511741638,33.680455138497976,-0.004591880211606636,13.987345218658447,0.7899884223937989,0.008375699329189957,-206.13119113445282,31.29485240133287,2.727083420753479,,
676000,642.5188019275665,-199.7383793592453,29.923924911421576,-0.008227986081658556,8.877264308929444,0.8085232079029083,0.004843429831089452,-206.13119113445282,31.29485240133287,2.57595841884613,,
680000,645.6466634273529,-203.61246705055237,41.330465179213945,-0.0062545163532098155,13.165925216674804,0.7827268779277802,0.004610132001107559,-206.13119113445282,31.29485240133287,2.616062545776367,,
684000,651.7250444889069,-199.40992069244385,31.1878202231935,-0.0064837650329184985,12.441462993621826,0.7871995747089386,0.006960863363929093,-198.59645717591047,29.644177172455347,2.9403959274291993,,
688000,655.3437361717224,-203.50766944885254,37.37697561183783,-0.004612313560986259,15.000616359710694,0.7272815883159638,0.00530766723755125,-198.59645717591047,29.644177172455347,2.7825833797454833,,
692000,659.051707983017,-204.86170935630798,33.08912882742941,-0.006368087213020779,10.993712520599365,0.6490485012531281,0.005794151787995361,-198.59645717591047,29.644177172455347,3.0166042327880858,,
696000,662.7334914207458,-201.744633436203,32.061513095683146,-0.004781300161111534,8.531986713409424,0.6694860339164734,0.002025836117536528,-198.59645717591047,29.644177172455347,2.7565000534057615,,
700000,666.4475893974304,-207.40259885787964,30.77843162050375,-0.005332102726368859,11.861302185058594,0.6394797027111053,0.002026007287359488,-198.59645717591047,29.644177172455347,2.8997709274291994,,
704000,670.1861524581909,-202.78819751739502,34.36317033777044,-0.004552731606954197,13.287256622314453,0.6333021342754364,0.00547601325646987,-198.59645717591047,29.644177172455347,3.0380417585372923,,
708000,673.8802864551544,-205.90935134887695,31.079989909327843,-0.005810489211697134,9.435845375061035,0.7019966602325439,0.005237137617174703,-198.59645717591047,29.644177172455347,2.7758334398269655,,
712000,677.6293318271637,-203.50485062599182,32.57501568591572,-0.005256964500139816,12.144685745239258,0.718495887517929,0.004099000024143607,-198.59645717591047,29.644177172455347,2.6391667127609253,,
716000,681.4085364341736,-214.88259601593018,38.528767363308596,-0.0025937072403272587,17.580501651763917,0.6963793754577636,0.005157965765101835,-198.59645717591047,29.644177172455347,2.643604207038879,,
720000,684.8635654449463,-211.2486846446991,38.484456892047646,-0.0048669058197798876,13.67885618209839,0.7078543901443481,0.0067833610344678165,-198.59645717591047,29.644177172455347,2.514520859718323,,
724000,690.3778550624847,-199.3060052394867,36.40104741755514,-0.005658103446553753,12.3230375289917,0.7122633337974549,0.006289744911016903,-203.84058444201946,29.102691258899576,2.88666672706604,,
728000,693.4752748012543,-202.75420475006104,33.88051251759421,-0.006024907407738933,11.57689447402954,0.697098457813263,0.005024320708199781,-203.84058444201946,29.102691258899576,2.648312544822693,,
732000,696.5953896045685,-217.17793440818787,39.52601627085991,-0.004783693993619354,19.61610851287842,0.6786320269107818,0.003810884615639232,-203.84058444201946,29.102691258899576,2.679354214668274,,
736000,699.6759388446808,-208.05196356773376,36.14887117715168,-0.00721270203838742,11.837763500213622,0.647979873418808,0.0040865359304007145,-203.84058444201946,29.102691258899576,2.8828959703445434,,
740000,702.8384220600128,-207.11191642284393,36.457356428860855,-0.005969619610346833,12.641824722290039,0.6188220798969268,0.009999859070715812,-203.84058444201946,29.102691258899576,2.8762917041778566,,
744000,705.9816348552704,-208.5425980091095,37.97173671676734,-0.004997269354683009,12.180621242523193,0.6601364552974701,0.00729561458000294,-203.84058444201946,29.102691258899576,2.653020906448364,,
748000,709.0947234630585,-200.08177542686462,34.44309373718202,-0.007187619201994189,10.574401569366454,0.6721141099929809,0.0034260757529409602,-203.84058444201946,29.102691258899576,2.6733958959579467,,
752000,712.2435536384583,-203.66700792312622,30.33401544613852,-0.0084967071659241,8.87888331413269,0.6460878312587738,0.009091986592548552,-203.84058444201946,29.102691258899576,2.7153125762939454,,
756000,715.4243378639221,-201.63713383674622,37.15715700993487,-0.006734295415071134,11.865677642822266,0.6322749316692352,0.004229164182834211,-203.84058444201946,29.102691258899576,2.761729192733765,,
760000,718.5331315994263,-195.96859455108643,39.70300530924993,-0.006518556520808483,9.046337556838989,0.6661752164363861,0.0073692645819392055,-203.84058444201946,29.102691258899576,2.8448958873748778,,
764000,724.4758348464966,-207.0939600467682,35.245655446380965,-0.009369427502155326,7.414653587341308,0.6299023628234863,0.008556970171242462,-196.84328267723322,28.44370100678721,2.776354217529297,,
768000,728.1059288978577,-201.77162146568298,28.007665309605446,-0.006690304527136792,8.810443925857545,0.6407038390636444,0.005488281330326572,-196.84328267723322,28.44370100678721,2.5043750762939454,,
772000,731.8985290527344,-198.39461207389832,27.753023406426063,-0.006561547386304767,8.826182174682618,0.6651598513126373,0.006087295850738883,-196.84328267723322,28.44370100678721,2.834083414077759,,
776000,735.6148126125336,-205.83284091949463,35.567261818304495,-0.0063334670026476084,14.857734203338623,0.7088056564331054,0.007668976690853047,-196.84328267723322,28.44370100678721,2.6430625438690187,,
780000,739.0446426868439,-195.5158884525299,28.744952915452632,-0.005881049423944162,9.273337364196777,0.7216371119022369,0.004828484111931175,-196.84328267723322,28.44370100678721,2.727750062942505,,
784000,742.2052767276764,-202.4183280467987,34.36042355857324,-0.006580338136137775,11.492185020446778,0.7729577243328094,0.005728337771142833,-196.84328267723322,28.44370100678721,2.685312581062317,,
788000,745.3383595943451,-196.11823558807373,33.52981223887937,-0.00412721647360983,12.171319675445556,0.7350232362747192,0.006062757864128798,-196.84328267723322,28.44370100678721,2.6711875438690185,,
792000,748.4842278957367,-201.7790379524231,32.03334920380397,-0.0055053175849220535,13.19073543548584,0.7757104754447937,0.006080809913342833,-196.84328267723322,28.44370100678721,2.4869792461395264,,
796000,751.5988445281982,-196.46231734752655,31.946826566153597,-0.00428112512004244,13.193075942993165,0.7698356688022614,0.006135488394647837,-196.84328267723322,28.44370100678721,2.7235625743865968,,
800000,755.2185978889465,-194.55149602890015,29.90795049543677,-0.005201055313460534,9.05759916305542,0.7767445623874665,0.006298890279140323,-196.84328267723322,28.44370100678721,2.5616875886917114,,
804000,761.1785125732422,-202.30031824111938,35.227974005051784,-0.005592480415478352,13.038826847076416,0.7655652046203614,0.0027123731391038852,-196.9030059427023,30.109487223606614,2.842687559127808,,
808000,764.4732644557953,-197.65420794487,31.527651328668636,-0.006016357187336929,9.777050828933715,0.7747191548347473,0.005434282964017889,-196.9030059427023,30.109487223606614,2.716145896911621,,
812000,767.9745876789093,-189.67416048049927,33.32059858509917,-0.006750888134352806,8.763891553878784,0.7623572587966919,0.005675597730868809,-196.9030059427023,30.109487223606614,2.5617709159851074,,
816000,771.6236324310303,-192.8616795539856,29.795938655903733,-0.007070125622830048,8.206322717666627,0.775026136636734,0.011460967393592014,-196.9030059427023,30.109487223606614,2.584895920753479,,
820000,775.314685344696,-195.28232884407043,39.93962968448746,-0.0065265936433958945,13.064486312866212,0.7202713131904602,0.00617555886677783,-196.9030059427023,30.109487223606614,2.499375081062317,,
824000,778.9867115020752,-193.00289463996887,26.636782862577068,-0.006619450650798786,6.186823129653931,0.6745829582214355,0.017574778430163817,-196.9030059427023,30.109487223606614,2.565687584877014,,
828000,782.57346534729,-190.0999767780304,25.827737038646738,-0.005796038505271994,8.721209812164307,0.7159558117389679,0.008716995188035082,-196.9030059427023,30.109487223606614,2.3658125400543213,,
832000,786.2636859416962,-188.28503572940826,32.502968102966825,-0.008088526931901718,7.510234451293945,0.697298264503479,0.006871720205526799,-196.9030059427023,30.109487223606614,2.625479245185852,,
836000,789.9320912361145,-194.7886176109314,30.769950316100378,-0.007774547171002943,11.509322929382325,0.7115887105464935,0.00946478268597275,-196.9030059427023,30.109487223606614,2.4576875448226927,,
840000,793.715550661087,-198.64644598960876,30.5027469661925,-0.008227690838587699,8.259484767913818,0.7285032331943512,0.00762637360021472,-196.9030059427023,30.109487223606614,2.3803125381469727,,
844000,799.907199382782,-197.3276011943817,32.65749897852537,-0.007554090122381929,9.230149412155152,0.7512615919113159,0.005707466340390965,-201.2781985104084,31.90891244413375,2.4767500877380373,,
848000,803.6468324661255,-199.8297300338745,31.94272232481523,-0.008992306197683009,10.676425647735595,0.784052038192749,0.011478929548213923,-201.2781985104084,31.90891244413375,2.343208408355713,,
852000,807.3733956813812,-196.6500759124756,31.009265549076442,-0.004772712481246955,10.933434009552002,0.754539281129837,0.005765758198685944,-201.2781985104084,31.90891244413375,2.3630000591278075,,
856000,810.9764263629913,-197.55459451675415,32.33273864996075,-0.0064033533536518306,10.968970394134521,0.7386604607105255,0.00359929340247378,-201.2781985104084,31.90891244413375,2.3823334217071532,,
860000,814.3590319156647,-192.02381658554077,27.688083462203753,-0.005343452717177399,8.713547611236573,0.7143592536449432,0.0030813846984528936,-201.2781985104084,31.90891244413375,2.2066042184829713,,
864000,817.7276387214661,-193.92323231697083,33.4643821186385,-0.006110055225280497,10.713343334197997,0.7046880066394806,0.00998543942409258,-201.2781985104084,31.90891244413375,2.391354203224182,,
868000,821.4028329849243,-195.0253769159317,31.549728907904257,-0.006060366972349485,9.589026737213135,0.6867049634456635,0.007932858411377985,-201.2781985104084,31.90891244413375,2.3974167346954345,,
872000,825.1185526847839,-191.85949659347534,33.766714530297776,-0.0077165997812214115,10.632152080535889,0.7223809242248536,0.006621203746180982,-201.2781985104084,31.90891244413375,2.3168334007263183,,
876000,828.7067182064056,-200.04172039031982,32.56764648870912,-0.007250082518750212,7.441435289382935,0.6962485253810883,0.005871413047891139,-201.2781985104084,31.90891244413375,2.248854231834412,,
880000,832.447573184967,-195.54641675949097,33.378687601482824,-0.00664180693340799,11.715217590332031,0.6829756438732147,0.0042175956418117,-201.2781985104084,31.90891244413375,2.3066875457763674,,
884000,838.6349449157715,-187.79274153709412,27.54065994378757,-0.008183007963622568,8.083158397674561,0.6886762201786041,0.0038432308525468083,-204.50027440488338,37.125757795802635,2.171729254722595,,
888000,842.3595998287201,-196.41919469833374,40.712396291619605,-0.007160820287341885,11.829375457763671,0.6551337242126465,0.007076472830105018,-204.50027440488338,37.125757795802635,2.283395862579346,,
892000,846.0701632499695,-199.24631989002228,34.724446330179376,-0.006428546387081369,8.84840235710144,0.6448845565319061,0.004624923202209174,-204.50027440488338,37.125757795802635,2.4379584312438967,,
896000,849.827113866806,-203.72200441360474,32.69839634718689,-0.006533630228756637,10.070755910873412,0.7194069266319275,0.005237343463270605,-204.50027440488338,37.125757795802635,2.3040000677108763,,
900000,853.4817502498627,-198.12038350105286,29.29213991932666,-0.0049058985600713536,8.096353673934937,0.712426346540451,0.005390969006111845,-204.50027440488338,37.125757795802635,2.130083417892456,,
904000,857.1485133171082,-195.3356170654297,33.17847316665452,-0.004738211382413304,9.697667503356934,0.6829483211040497,0.000958517516885582,-204.50027440488338,37.125757795802635,2.1760833740234373,,
908000,860.847318649292,-195.4883749485016,32.237617764980776,-0.00732092755117143,9.735411262512207,0.7348864793777465,0.006296806930680887,-204.50027440488338,37.125757795802635,1.95406254529953,,
912000,864.1848163604736,-193.73386311531067,32.8932285573302,-0.006632631080380413,8.937109231948853,0.724898362159729,0.00539516307762824,-204.50027440488338,37.125757795802635,2.2871875286102297,,
916000,867.2983787059784,-199.97263169288635,28.737536804254457,-0.005526625913490246,15.233344554901123,0.7296520173549652,0.004329827866604319,-204.50027440488338,37.125757795802635,2.3708958864212035,,
920000,870.4634456634521,-200.3594708442688,27.158471201097594,-0.008527956808917204,7.316523838043213,0.6911250352859497,0.005314860072763139,-204.50027440488338,37.125757795802635,2.280916714668274,,
924000,876.5870099067688,-195.56762051582336,30.061060955184324,-0.006506293561619891,9.828249454498291,0.7048586547374726,0.006722105538938194,-201.77055536955595,31.84570028154155,2.2947500467300417,,
928000,880.2792356014252,-191.5580928325653,32.27179542477111,-0.00650546603013451,6.85388879776001,0.7272524297237396,0.007009797105876114,-201.77055536955595,31.84570028154155,2.0187708854675295,,
932000,883.981198310852,-204.3964138031006,27.641896716870427,-0.004959643908233069,14.777554130554199,0.7308926701545715,0.007764529135078213,-201.77055536955595,31.84570028154155,2.0814375400543215,,
936000,887.6986119747162,-203.9110369682312,31.128629623419478,-0.005607454566672843,11.733409881591797,0.768073683977127,0.01046324681956321,-201.77055536955595,31.84570028154155,2.085854196548462,,
940000,891.3901097774506,-190.91717219352722,33.854599376168686,-0.004853054125172407,9.357762479782105,0.7545771360397339,0.004996247343253391,-201.77055536955595,31.84570028154155,2.2097708940505982,,
944000,895.0599908828735,-190.34578478336334,31.790215471208775,-0.008587288670241833,7.558395051956177,0.7047273695468903,0.00979184890165925,-201.77055536955595,31.84570028154155,2.1733125686645507,,
948000,898.7529857158661,-200.27440893650055,36.488150460828614,-0.007299002842201485,11.368852615356445,0.7286752760410309,0.009912486677058041,-201.77055536955595,31.84570028154155,2.1812500953674316,,
952000,902.4736940860748,-191.90998101234436,35.49205873871786,-0.007662726182490598,9.869107055664063,0.6791625440120697,0.004432022967375815,-201.77055536955595,31.84570028154155,2.120916724205017,,
956000,905.8369994163513,-193.48213124275208,30.003572306340686,-0.006080017695281015,7.430053758621216,0.6826278746128083,0.007140951114706695,-201.77055536955595,31.84570028154155,2.055500030517578,,
960000,909.3625736236572,-203.5640742778778,31.702648956328343,-0.007250037269666798,7.058877801895141,0.7054600477218628,0.005890801223382969,-201.77055536955595,31.84570028154155,2.0580833911895753,,
964000,915.6805737018585,-204.16511917114258,31.797894570164505,-0.0060425831819884476,8.293273973464967,0.6766134202480316,0.00465196250798181,-202.76750012487173,30.22322220917587,2.1136667013168333,,
968000,919.3627324104309,-203.53999519348145,39.610755666518294,-0.007200104473779589,10.684088516235352,0.6927319943904877,0.006907055614283309,-202.76750012487173,30.22322220917587,2.105145883560181,,
972000,923.0389926433563,-201.33390426635742,36.328079287624945,-0.0062108820085414965,10.400445747375489,0.7082822978496551,0.0039055045097290187,-202.76750012487173,30.22322220917587,2.1445000886917116,,
976000,926.7043929100037,-205.36218976974487,33.03316830212188,-0.006948208208661555,8.594604921340942,0.7267783582210541,0.00497162314131856,-202.76750012487173,30.22322220917587,2.184500050544739,,
980000,930.4071397781372,-195.0640368461609,29.722745643821934,-0.00724569983097414,8.023563241958618,0.7471959590911865,0.006654700404033065,-202.76750012487173,30.22322220917587,2.1071667194366457,,
984000,934.1185085773468,-205.7398121356964,32.85396739502697,-0.006232204867449376,11.145963573455811,0.7110486507415772,0.008057383789991369,-202.76750012487173,30.22322220917587,2.150187540054321,,
988000,937.808944940567,-193.00143909454346,30.46192434874204,-0.004960646897011145,10.204715919494628,0.7256228387355804,0.005919726873980835,-202.76750012487173,30.22322220917587,2.0188542127609255,,
992000,941.4522240161896,-199.81528270244598,38.599903124440885,-0.005200763828431576,10.678964805603027,0.7625706434249878,0.008642787387129047,-202.76750012487173,30.22322220917587,2.061270904541016,,
996000,945.1609878540039,-199.6209306716919,31.182217103979074,-0.00582847962218036,10.991411209106445,0.7131849586963653,0.004507240490056574,-202.76750012487173,30.22322220917587,2.1414792060852053,,
1000000,948.9081268310547,-196.79207968711853,34.967303726984056,-0.006067268029941886,9.817463493347168,0.7661889851093292,0.0062210495251541435,-202.76750012487173,30.22322220917587,2.0706875324249268,,
1004000,954.8762691020966,-196.5094814300537,28.205146586383975,-0.00476523703332834,8.560131645202636,0.7462361931800843,0.017831665789708497,-202.4690888375044,32.843728812386125,1.9749167203903197,,
1008000,958.4245491027832,-191.00214195251465,31.339678489056578,-0.006257860068387,9.39453191757202,0.7208157539367676,0.008263577742036432,-202.4690888375044,32.843728812386125,2.026062536239624,,
1012000,962.1305594444275,-193.90838766098022,31.766412869081503,-0.0047147586676292265,8.926303339004516,0.7281259953975677,0.005032141302945092,-202.4690888375044,32.843728812386125,2.0494792461395264,,
1016000,965.8045012950897,-194.95152139663696,31.517505350611955,-0.006931567605119193,12.236279106140136,0.7626115322113037,0.007684930951877833,-202.4690888375044,32.843728812386125,1.8822083830833436,,
1020000,969.3791229724884,-200.19278180599213,33.75903630498313,-0.007249586919477835,8.980633640289307,0.7111556887626648,0.008575453818775714,-202.4690888375044,32.843728812386125,2.1093333959579468,,
1024000,973.045777797699,-201.27726197242737,28.70822408470081,-0.00530548680915186,11.35385856628418,0.7116558849811554,0.004039382774499245,-202.4690888375044,32.843728812386125,1.9109583854675294,,
1028000,976.7575964927673,-192.85288619995117,31.147353553421244,-0.006484500878024857,11.55737771987915,0.7268187999725342,0.005364972812278879,-202.4690888375044,32.843728812386125,1.919437539577484,,
1032000,980.4716258049011,-190.94031071662903,26.512390199603068,-0.005297393367470549,6.796715450286865,0.7721242427825927,0.007407460635295138,-202.4690888375044,32.843728812386125,1.93843754529953,,
1036000,984.0411884784698,-196.60476779937744,30.154671250212303,-0.006724381162319304,8.674625349044799,0.8080320417881012,0.006967611063737422,-202.4690888375044,32.843728812386125,1.9846250414848328,,
1040000,987.730925321579,-191.36135911941528,35.80674235376723,-0.006561468939607451,9.16211109161377,0.7845018923282623,0.006580056948587298,-202.4690888375044,32.843728812386125,1.8316458582878112,,
1044000,993.9081838130951,-188.8282811641693,28.86755358477775,-0.0062947031275058405,8.305877256393433,0.7786208510398864,0.01783807426691055,-192.5623109266162,32.568100148877235,1.9173125624656677,,
1048000,997.651525259018,-195.19061422348022,27.507643222553643,-0.005926547266853354,10.01233630180359,0.7392672002315521,0.005169632981414906,-192.5623109266162,32.568100148877235,1.8691875457763671,,
1052000,1001.4014616012573,-193.48669934272766,36.48227551585688,-0.006592708098702138,8.846499586105347,0.7953587889671325,0.00614469419280077,-192.5623109266162,32.568100148877235,1.882645881175995,,
1056000,1005.153076171875,-194.8410860300064,31.427585545441783,-0.004200840261609606,8.158330869674682,0.8263995885848999,0.003377128194551915,-192.5623109266162,32.568100148877235,1.7320000410079956,,
1060000,1008.8525619506836,-194.83817720413208,41.04230711237352,-0.004701439691862713,13.239499759674072,0.8359281361103058,0.006094397081993519,-192.5623109266162,32.568100148877235,1.829354214668274,,
1064000,1012.5431461334229,-190.7674741744995,33.9188295965569,-0.005470537632703776,11.410117244720459,0.8765175104141235,0.005475601441692568,-192.5623109266162,32.568100148877235,1.735354197025299,,
1068000,1016.216062784195,-198.10205209255219,30.535006415904043,-0.005108008147294951,12.122807598114013,0.896653002500534,0.006164192358482978,-192.5623109266162,32.568100148877235,1.8814167141914369,,
1072000,1019.9110796451569,-193.2082359790802,26.73818383910476,-0.004343853675217169,13.705299758911133,0.9085199654102325,0.0028820266264956373,-192.5623109266162,32.568100148877235,1.8805625557899475,,
1076000,1023.6133670806885,-192.47377490997314,32.43233905292697,-0.007391954461267858,8.44180417060852,0.9432948350906372,0.008603299579427936,-192.5623109266162,32.568100148877235,1.9126875519752502,,
1080000,1027.137791633606,-196.89946508407593,32.043560159429994,-0.0058068668164002355,12.047399139404297,0.8948419570922852,0.004018723571362593,-192.5623109266162,32.568100148877235,1.9627708792686462,,
1084000,1033.3772716522217,-194.0190131664276,29.297888551886643,-0.006049952628711863,10.027052879333496,0.8999219059944152,0.0062919766583945606,-193.36499279737473,30.739474864375026,1.883583378791809,,
1088000,1036.9771687984467,-198.9393527507782,39.324775838311915,-0.005924727036501309,11.919457721710206,0.8876119196414948,0.002716125579900108,-193.36499279737473,30.739474864375026,1.8656875371932984,,
1092000,1040.6543078422546,-199.01079392433167,33.08531414338645,-0.006579162337196287,8.843930578231811,0.8586723864078522,0.006084149511298165,-193.36499279737473,30.739474864375026,1.8743333697319031,,
1096000,1044.314219236374,-188.6974594593048,29.141089278739454,-0.007348364210687563,7.614572191238404,0.8233836174011231,0.00703249052512307,-193.36499279737473,30.739474864375026,1.928125023841858,,
1100000,1047.889312028885,-196.3214168548584,31.744432243808244,-0.007065963796960784,10.731951332092285,0.8326409339904786,0.003838204746716656,-193.36499279737473,30.739474864375026,1.8955417037010194,,
1104000,1051.5546402931213,-191.1010386943817,27.992962508833145,-0.008076364205994935,8.337805366516113,0.796570360660553,0.009519638703204691,-193.36499279737473,30.739474864375026,1.9772708892822266,,
1108000,1055.1968207359314,-190.40129733085632,32.09445479245122,-0.00681264147302123,9.459820795059205,0.7719444096088409,0.006411241900525067,-193.36499279737473,30.739474864375026,1.9753542065620422,,
1112000,1058.6147229671478,-196.95554494857788,32.67344726002619,-0.006479065644710147,10.470263385772705,0.7929490089416504,0.009016583678118594,-193.36499279737473,30.739474864375026,2.057479214668274,,
1116000,1062.2743661403656,-197.01493000984192,34.53470005899649,-0.005740911204988741,10.78544282913208,0.739802235364914,0.00449512941413559,-193.36499279737473,30.739474864375026,1.8975833773612976,,
1120000,1065.9516775608063,-197.2448787689209,38.442813300384266,-0.00552436045898741,15.938640022277832,0.7340089499950408,0.004651881220246068,-193.36499279737473,30.739474864375026,1.7674792170524598,,
1124000,1072.2022020816803,-189.30957865715027,30.612119902678657,-0.006929177472988757,9.697940921783447,0.7111153960227966,0.005775806755991653,-193.70807099342346,26.38551089010126,1.91500004529953,,
1128000,1075.9142615795135,-203.3548400402069,32.103075495545625,-0.00647833941737197,7.947421598434448,0.746017986536026,0.0058582576070912214,-193.70807099342346,26.38551089010126,1.9361667156219482,,
1132000,1079.6050970554352,-198.29060351848602,32.82903920126149,-0.006850353102820605,10.99631118774414,0.7298855483531952,0.007077948743244633,-193.70807099342346,26.38551089010126,2.0754167318344114,,
1136000,1083.2988018989563,-198.31094408035278,32.132130858581554,-0.005930440198319653,11.504486656188964,0.7175485253334045,0.007934500882402062,-193.70807099342346,26.38551089010126,2.019625020027161,,
1140000,1087.0184054374695,-190.48272490501404,30.295187134033956,-0.0067827672823332465,12.343295669555664,0.7398568451404571,0.010088580241426826,-193.70807099342346,26.38551089010126,2.046083354949951,,
1144000,1090.7109730243683,-193.7806440591812,32.062456572258796,-0.005501458993026276,8.776189470291138,0.7039011240005493,0.00826240370515734,-193.70807099342346,26.38551089010126,2.0608750104904177,,
1148000,1094.251972913742,-195.72428107261658,35.10923586617335,-0.006826072864700094,10.119416809082031,0.720782333612442,0.0048208443665644475,-193.70807099342346,26.38551089010126,1.9595208764076233,,
1152000,1097.9666366577148,-197.30079317092896,46.89664562861696,-0.005772125613254797,9.49727692604065,0.6930322349071503,0.005598433638922873,-193.70807099342346,26.38551089010126,2.0258750677108766,,
1156000,1101.6458909511566,-197.34922218322754,32.39585455262199,-0.004659959851453799,11.881787776947021,0.6905736744403839,0.003910141543019563,-193.70807099342346,26.38551089010126,1.9576250314712524,,
1160000,1105.3517062664032,-195.93264317512512,34.883702707350594,-0.006190588115248819,10.76344575881958,0.6734124839305877,0.007809287572124357,-193.70807099342346,26.38551089010126,1.88666672706604,,
1164000,1111.6099500656128,-187.7993483543396,30.9755624898566,-0.006530938362469918,8.29534068107605,0.6429548561573029,0.007894470356404781,-189.7675989717245,29.21138678193965,1.9569583654403686,,
1168000,1115.314386844635,-198.1470935344696,35.40121382615745,-0.006119718517176765,14.702551651000977,0.6606537640094757,0.005805977931595407,-189.7675989717245,29.21138678193965,1.9326250433921814,,
1172000,1118.8274958133698,-192.59818506240845,31.367886912655145,-0.007708533719181965,9.739206838607789,0.6243383288383484,0.0060095221021523315,-189.7675989717245,29.21138678193965,2.016020894050598,,
1176000,1122.0869941711426,-188.6846935749054,29.73137871237157,-0.0065748138305110225,10.150311279296876,0.5984609067440033,0.005806808866327629,-189.7675989717245,29.21138678193965,1.9510833621025085,,
1180000,1125.730509519577,-181.96121406555176,29.219323101366992,-0.006003963100413489,8.054671669006348,0.6241006970405578,0.010574077592852227,-189.7675989717245,29.21138678193965,2.0710000514984133,,
1184000,1129.4225006103516,-185.3308129310608,28.43638005245765,-0.00641180336987599,12.659387969970703,0.671776169538498,0.005195746110519395,-189.7675989717245,29.21138678193965,2.048125076293945,,
1188000,1133.0462863445282,-197.66393172740936,37.09174625467669,-0.006892333055691169,10.803897476196289,0.6690257549285888,0.005264688498573378,-189.7675989717245,29.21138678193965,1.8398125410079955,,
1192000,1136.7247924804688,-192.90910816192627,29.813913362473603,-0.007086911092822756,11.866647624969483,0.6628430545330047,0.007809814577922225,-189.7675989717245,29.21138678193965,1.9967708587646484,,
1196000,1140.3980815410614,-191.84493398666382,26.29829421270303,-0.006381938399514198,6.639755392074585,0.6583726048469544,0.010183246544562286,-189.7675989717245,29.21138678193965,1.9781250476837158,,
1200000,1144.0366125106812,-197.04521870613098,27.29976921501979,-0.003981806801321497,10.082837295532226,0.622173273563385,0.015542154479771853,-189.7675989717245,29.21138678193965,1.8142917037010193,,
1204000,1150.11075258255,-189.88081216812134,29.366323683842317,-0.007849567965914694,8.997215843200683,0.6895487785339356,0.008912637958768954,-187.41735518723726,31.211513392941605,1.849833369255066,,
1208000,1153.7629549503326,-198.53430485725403,37.6164247007957,-0.007742332727337875,10.214691162109375,0.6713077187538147,0.008759159150223007,-187.41735518723726,31.211513392941605,1.8603750705718993,,
1212000,1157.4088289737701,-188.89535772800446,35.87417824579679,-0.008125582020108624,9.616294813156127,0.6237454891204834,0.015554724645335227,-187.41735518723726,31.211513392941605,2.037333369255066,,
1216000,1161.064953327179,-198.3302390575409,32.79654202546659,-0.005297186705254475,14.187681484222413,0.6821668207645416,0.005040959353558705,-187.41735518723726,31.211513392941605,1.8543333768844605,,
1220000,1164.4968791007996,-188.04860520362854,28.994643653662898,-0.006773754795392351,6.026709032058716,0.645548278093338,0.00938677650410682,-187.41735518723726,31.211513392941605,1.9122083902359008,,
1224000,1167.6329472064972,-190.83168578147888,30.40169513427537,-0.004827030545876809,9.167815494537354,0.6253506541252136,0.010268477397039533,-187.41735518723726,31.211513392941605,1.973145890235901,,
1228000,1170.79066324234,-189.76117420196533,30.45455920135077,-0.008183727658664175,10.065073490142822,0.6691954791545868,0.007690117409297592,-187.41735518723726,31.211513392941605,2.066354203224182,,
1232000,1174.3935310840607,-195.32583212852478,35.01183854376257,-0.005895615152548927,9.499819374084472,0.6516485154628754,0.008803084820509,-187.41735518723726,31.211513392941605,2.060270881652832,,
1236000,1178.0755670070648,-189.9931001663208,33.4439691538195,-0.00606983309891076,9.767617130279541,0.6775575041770935,0.006292821961687877,-187.41735518723726,31.211513392941605,1.9888333916664123,,
1240000,1181.7800197601318,-194.88521552085876,32.22464753819466,-0.007450776316380747,9.409839010238647,0.6947751879692078,0.007481095171533525,-187.41735518723726,31.211513392941605,2.046583390235901,,
1244000,1187.6730246543884,-191.26893532276154,37.01727631191952,-0.006014787347521633,8.944925022125243,0.715076607465744,0.004504302534507598,-195.08181431144476,31.312034220569117,1.9770625352859497,,
1248000,1191.1034784317017,-202.11281561851501,31.799250417994276,-0.007621441863011569,14.923410892486572,0.7815386772155761,0.010441052750684321,-195.08181431144476,31.312034220569117,1.9550417065620422,,
1252000,1194.7839133739471,-199.36919617652893,40.78334363052823,-0.0068450088365933585,16.013085651397706,0.720066487789154,0.007728605425994228,-195.08181431144476,31.312034220569117,1.9838750600814818,,
1256000,1198.4872522354126,-204.50489830970764,32.78674125339265,-0.0071184808190446255,10.860972023010254,0.7390529632568359,0.005501204054162478,-195.08181431144476,31.312034220569117,1.9958542227745055,,
1260000,1202.095620393753,-201.53088426589966,43.44370132174723,-0.0060948121202333725,16.32344799041748,0.7257044851779938,0.003591942766797729,-195.08181431144476,31.312034220569117,1.9849375247955323,,
1264000,1205.8213787078857,-197.1190893650055,38.27512385701016,-0.008637502708782918,6.518234586715698,0.7248784840106964,0.009720978733462716,-195.08181431144476,31.312034220569117,2.01964590549469,,
1268000,1209.521161556244,-193.31409072875977,28.41351628630197,-0.008146741655655187,10.678459072113037,0.7389261722564697,0.008766712923534214,-195.08181431144476,31.312034220569117,1.9363333582878113,,
1272000,1213.1432130336761,-197.87949585914612,34.345436587171356,-0.007199037476287451,10.99383316040039,0.7471353590488434,0.005514667709261056,-195.08181431144476,31.312034220569117,1.9611458778381348,,
1276000,1216.7650456428528,-192.67661118507385,36.901776143959154,-0.008198298771555201,9.560714673995971,0.6929454028606414,0.008493674364005227,-195.08181431144476,31.312034220569117,2.057854247093201,,
1280000,1220.457848072052,-203.99932193756104,42.050395951381425,-0.007247355174583703,13.485723686218261,0.6590763568878174,0.011533482442609965,-195.08181431144476,31.312034220569117,2.1113958835601805,,
1284000,1226.6986718177795,-197.13527405261993,31.73979185573359,-0.006548911432269966,11.84541358947754,0.6630407989025116,0.010290824562776812,-196.4131713360548,30.426034346804254,1.9232292294502258,,
1288000,1230.4000561237335,-203.4948513507843,37.32065776846307,-0.007786105231071527,11.608281135559082,0.6461788237094879,0.010558564271156978,-196.4131713360548,30.426034346804254,2.006666731834412,,
1292000,1234.0031728744507,-196.74865746498108,34.82420282807559,-0.007506771529248546,13.323756504058839,0.6735541701316834,0.007372947049016787,-196.4131713360548,30.426034346804254,2.0398958921432495,,
1296000,1237.7258124351501,-191.75445306301117,31.148837991767355,-0.007010005101871997,9.371852493286132,0.6611429452896118,0.007589209737489,-196.4131713360548,30.426034346804254,1.7963542103767396,,
1300000,1241.4616849422455,-192.55423378944397,37.23983717544673,-0.00737220438740529,11.54773015975952,0.6572824358940125,0.005771909981500389,-196.4131713360548,30.426034346804254,1.9769791960716248,,
1304000,1245.1594886779785,-189.07929396629333,32.06303485643658,-0.0073541049837754,10.676880836486816,0.6329584538936615,0.012111720775254086,-196.4131713360548,30.426034346804254,1.9646458864212035,,
1308000,1248.8818039894104,-190.36921167373657,35.16311063379027,-0.0079184649527694,7.370019102096558,0.6186439692974091,0.00661640522594098,-196.4131713360548,30.426034346804254,1.9040833592414856,,
1312000,1252.546193599701,-199.7909767627716,33.03773672918348,-0.006106347939930856,9.465849876403809,0.6162911057472229,0.004830608272459358,-196.4131713360548,30.426034346804254,1.9952500462532043,,
1316000,1256.2659595012665,-197.32652640342712,28.295310502400156,-0.007088642047873383,6.5538732528686525,0.6134276568889618,0.006648082268657163,-196.4131713360548,30.426034346804254,1.8668333649635316,,
1320000,1259.944385766983,-196.1032247543335,36.44508243841501,-0.006763237155663582,11.644223403930663,0.6282055139541626,0.00614079627848696,-196.4131713360548,30.426034346804254,1.9560208797454834,,
1324000,1265.985149383545,-196.62124466896057,33.93979938259375,-0.005252751613501516,11.297962474822999,0.6220330774784089,0.004763879638630897,-195.19520247727633,29.11059217625681,1.9503750562667848,,
1328000,1269.6488437652588,-192.1601459980011,33.17533631481581,-0.007884761258494067,8.380727338790894,0.6398501455783844,0.013756630297129391,-195.19520247727633,29.11059217625681,2.0831250190734862,,
1332000,1273.3510432243347,-193.09764051437378,33.38554810223534,-0.006238719843716112,7.994199466705322,0.5837739288806916,0.02432158924639225,-195.19520247727633,29.11059217625681,2.045354199409485,,
1336000,1277.0791177749634,-190.1376074552536,29.882976910173245,-0.006748884970011826,9.23420033454895,0.6517751932144165,0.005588440141485407,-195.19520247727633,29.11059217625681,1.9751458883285522,,
1340000,1280.769428730011,-195.65664505958557,32.69244625215704,-0.005695306617456186,11.400543880462646,0.664923757314682,0.0035792473645415157,-195.19520247727633,29.11059217625681,2.007916736602783,,
1344000,1284.4987404346466,-196.68411302566528,34.876658101735735,-0.006755042383292054,10.276258182525634,0.6904727280139923,0.005740906533241929,-195.19520247727633,29.11059217625681,2.007770872116089,,
1348000,1288.1323101520538,-200.85654520988464,37.295106277344374,-0.005468987238748624,13.297373485565185,0.6923876285552979,0.0065305094001814725,-195.19520247727633,29.11059217625681,1.9561250448226928,,
1352000,1291.7729306221008,-201.4217095375061,39.48122788656752,-0.0070407602074555875,12.559270763397217,0.7042568862438202,0.007813075496659928,-195.19520247727633,29.11059217625681,2.0326250791549683,,
1356000,1295.4447712898254,-194.0715616941452,37.39836179955322,-0.007086375655916832,11.129892253875733,0.6973359048366546,0.007539706738510521,-195.19520247727633,29.11059217625681,2.0915834426879885,,
1360000,1299.1917142868042,-193.46758604049683,28.436635769643335,-0.007694790409722785,11.702026748657227,0.7368060231208802,0.007194142160005868,-195.19520247727633,29.11059217625681,2.093625068664551,,
1364000,1305.159580230713,-201.242418050766,33.533402833392586,-0.007983390335924944,10.27650842666626,0.7473737955093384,0.008128957619269706,-199.91053043305874,30.9708188857461,1.9307708740234375,,
1368000,1308.610214471817,-195.435786485672,32.18225509076434,-0.00658678030890103,10.856244564056396,0.7326942920684815,0.0042256919026840475,-199.91053043305874,30.9708188857461,1.9523125529289245,,
1372000,1312.1778752803802,-201.2885183095932,43.02794046807213,-0.007952353120471045,21.145017433166505,0.7795982897281647,0.006837772217113525,-199.91053043305874,30.9708188857461,1.8539166927337647,,
1376000,1315.809560060501,-188.6054357290268,33.061447471049476,-0.006796136864926661,11.343104553222656,0.7985892653465271,0.006375343212430984,-199.91053043305874,30.9708188857461,1.9946250319480896,,
1380000,1319.5025537014008,-197.57245540618896,35.37653798814293,-0.007670375245468097,9.505535173416138,0.7619002521038055,0.018012429843656717,-199.91053043305874,30.9708188857461,1.9299583911895752,,
1384000,1323.1935577392578,-198.58659398555756,41.37139891058787,-0.008136682201953072,15.437253665924072,0.7387323319911957,0.010653905104845762,-199.91053043305874,30.9708188857461,2.1438542366027833,,
1388000,1326.9138793945312,-190.09373116493225,35.288865411431445,-0.00691283811209722,11.23815393447876,0.7433957159519196,0.005606612850679138,-199.91053043305874,30.9708188857461,2.089000034332275,,
1392000,1330.631341934204,-186.9794886112213,32.51990697851547,-0.008665492067424018,9.961657428741455,0.7663818776607514,0.00885577934095636,-199.91053043305874,30.9708188857461,2.0076250553131105,,
1396000,1334.2824444770813,-199.0702897310257,41.23957937337398,-0.007858707156653289,12.921987438201905,0.7399485468864441,0.010385767658551526,-199.91053043305874,30.9708188857461,1.9184167027473449,,
1400000,1338.0453386306763,-201.7693498134613,38.06817217239651,-0.007104166471554585,11.330876541137695,0.753619647026062,0.004236131487491868,-199.91053043305874,30.9708188857461,1.931854212284088,,
1404000,1344.074149131775,-192.45874309539795,34.46231593674712,-0.008450044435759274,9.231763219833374,0.717182171344757,0.011148268510665128,-192.31268572807312,28.345698238584983,2.0079583883285523,,
1408000,1347.7461569309235,-191.2577748298645,30.322582819172787,-0.006943726265182093,8.187883663177491,0.7501521289348603,0.0052457102574408054,-192.31268572807312,28.345698238584983,1.841270875930786,,
1412000,1351.4569356441498,-198.09305572509766,39.93901893637524,-0.006051997828607903,10.24474515914917,0.7695634663105011,0.00792057760991156,-192.31268572807312,28.345698238584983,1.871500027179718,,
1416000,1355.133156299591,-188.08525347709656,32.31405121896146,-0.007495820805430498,7.882369184494019,0.7584754586219787,0.008165303556481396,-192.31268572807312,28.345698238584983,1.93958340883255,,
1420000,1358.836433172226,-197.58197045326233,33.1446758199122,-0.0080531420807044,11.973424243927003,0.751279491186142,0.012900042717810756,-192.31268572807312,28.345698238584983,2.0021875143051147,,
1424000,1362.4330389499664,-192.10589838027954,28.170081028733616,-0.00876078726335745,6.776415252685547,0.7102734863758087,0.007752715632474682,-192.31268572807312,28.345698238584983,2.067541718482971,,
1428000,1366.08562541008,-191.78359746932983,35.77659358385842,-0.005464183293748625,11.939593601226807,0.76739222407341,0.004184722060221269,-192.31268572807312,28.345698238584983,1.8871250391006469,,
1432000,1369.7535173892975,-196.22793221473694,35.8065734099807,-0.005895332866658798,10.941471004486084,0.7727437138557434,0.006538292847108096,-192.31268572807312,28.345698238584983,1.8373958706855773,,
1436000,1373.4738414287567,-194.1786618232727,37.575144434460945,-0.008801166698957452,10.307875919342042,0.7463367104530334,0.009302146335539874,-192.31268572807312,28.345698238584983,2.0298959255218505,,
1440000,1377.2599921226501,-192.2604022026062,34.293096864603925,-0.00565833092248067,12.253543949127197,0.735676747560501,0.0036376657727331006,-192.31268572807312,28.345698238584983,1.9286458849906922,,
1444000,1383.3250877857208,-197.0095784664154,35.37428793821941,-0.004920149663152795,11.716896533966064,0.760307514667511,0.007062588820854821,-188.54317643493414,26.918088070274823,1.8206458806991577,,
1448000,1386.8953833580017,-190.70435881614685,36.98677702632313,-0.005966025343552861,12.522854232788086,0.7217456877231598,0.003956707622855937,-188.54317643493414,26.918088070274823,1.8844583749771118,,
1452000,1390.5919823646545,-194.28459525108337,38.31515062726833,-0.005579123302983824,14.01316499710083,0.6939922034740448,0.006755059552999843,-188.54317643493414,26.918088070274823,2.0787292242050173,,
1456000,1394.276475906372,-200.12089467048645,32.67948518085211,-0.00791450428000342,11.150758743286133,0.6906680405139923,0.008611929275716435,-188.54317643493414,26.918088070274823,1.986666703224182,,
1460000,1397.9787890911102,-188.39723420143127,29.707489128148435,-0.007383326620950115,7.33255558013916,0.6680855274200439,0.003690383066714276,-188.54317643493414,26.918088070274823,1.9484375357627868,,
1464000,1401.6082184314728,-193.05106377601624,34.10222335129567,-0.007823892019999534,8.826874113082885,0.679862779378891,0.009350769310413554,-188.54317643493414,26.918088070274823,1.8901042222976685,,
1468000,1405.3316118717194,-197.26263451576233,36.64972048330325,-0.006683733390799418,13.48879041671753,0.7223007261753083,0.009112022933550179,-188.54317643493414,26.918088070274823,1.8175000309944154,,
1472000,1408.9795835018158,-198.62692165374756,35.164046847352346,-0.006754371492502598,10.480390644073486,0.7069843471050262,0.00801359530472361,-188.54317643493414,26.918088070274823,1.9212292313575745,,
1476000,1412.6120626926422,-189.98805260658264,28.541055621503144,-0.006170710047008488,8.29538960456848,0.676144140958786,0.01434212359599769,-188.54317643493414,26.918088070274823,1.99818754196167,,
1480000,1416.309864282608,-188.8772031068802,37.22267932075671,-0.004942511660357318,12.387142562866211,0.6860545516014099,0.004970018895187727,-188.54317643493414,26.918088070274823,1.9324167132377625,,
1484000,1422.3886451721191,-191.0721160173416,33.562228787934664,-0.008084463049191993,6.816924619674682,0.7214342832565308,0.005089089888613674,-193.27398573607206,27.200104889442567,1.8512917160987854,,
1488000,1425.962221622467,-198.74501419067383,28.87276173052429,-0.008224763687079317,5.914361047744751,0.7262374997138977,0.009087131550768391,-193.27398573607206,27.200104889442567,1.7965417146682738,,
1492000,1429.5698482990265,-192.33158946037292,32.90746788674908,-0.008034571677756785,7.603822851181031,0.6925326466560364,0.009844763018190861,-193.27398573607206,27.200104889442567,1.8677292108535766,,
1496000,1433.1935262680054,-196.60804057121277,28.73128106799146,-0.00834281702991575,7.155512142181396,0.6604050815105438,0.00628191843861714,-193.27398573607206,27.200104889442567,1.9165416955947876,,
1500000,1436.795990228653,-198.7262328863144,36.74632623295493,-0.004758519046707122,11.993751525878906,0.7307117402553558,0.0051209896511863915,-193.27398573607206,27.200104889442567,1.8535833835601807,,
1504000,1440.4906992912292,-194.98805332183838,31.433300911378282,-0.006508636841550475,9.246363353729247,0.6346619963645935,0.007715863280463964,-193.27398573607206,27.200104889442567,1.908666718006134,,
1508000,1444.1906065940857,-196.39105546474457,32.367268810673686,-0.00521890217089096,11.477921485900879,0.703173691034317,0.004589712218148634,-193.27398573607206,27.200104889442567,1.7912083864212036,,
1512000,1447.7295196056366,-203.08181405067444,36.43999494014224,-0.00529092538232605,10.504104232788086,0.7057202339172364,0.006841128923154126,-193.27398573607206,27.200104889442567,1.8499583721160888,,
1516000,1451.4394373893738,-199.21963357925415,25.403164010267965,-0.009611464423127459,6.974861335754395,0.7406538188457489,0.009848732888698577,-193.27398573607206,27.200104889442567,1.8003542065620421,,
1520000,1455.1732127666473,-193.59747886657715,27.605961210707868,-0.007254059179996453,6.253449153900147,0.7358510673046113,0.0050910904654301705,-193.27398573607206,27.200104889442567,1.8724166989326476,,
1524000,1461.3119099140167,-205.40648007392883,27.65847945632444,-0.005738132753254277,10.23133544921875,0.7179108560085297,0.011537378375418484,-192.85323603451252,25.035175380127196,1.8382292151451112,,
1528000,1464.9572389125824,-200.71971130371094,34.44528031064416,-0.008125168733298781,8.995871639251709,0.7339605867862702,0.009572100243531168,-192.85323603451252,25.035175380127196,1.8706875443458557,,
1532000,1468.630175113678,-192.18549966812134,38.32194877752293,-0.007507823783283474,7.194796848297119,0.7219525396823883,0.008563629316631705,-192.85323603451252,25.035175380127196,1.6955417156219483,,
1536000,1472.323882341385,-195.8059139251709,31.222585423065016,-0.007605703040026146,13.647851276397706,0.7156057536602021,0.006741903428298812,-192.85323603451252,25.035175380127196,1.8765833735466004,,
1540000,1476.032483100891,-190.80573952198029,33.50945490689139,-0.0056394274981382605,11.185777473449708,0.6865874230861664,0.008111330785478188,-192.85323603451252,25.035175380127196,1.774333381652832,,
1544000,1479.4558374881744,-195.5783349275589,34.28395877398227,-0.007316064607429595,8.992236709594726,0.6773178339004516,0.005249773004402725,-192.85323603451252,25.035175380127196,1.8281250476837159,,
1548000,1483.1253395080566,-189.57983195781708,27.959434104837886,-0.00858573076284177,9.230574941635131,0.6679952263832092,0.009532755910186097,-192.85323603451252,25.035175380127196,1.8882916927337647,,
1552000,1486.7840461730957,-197.40359926223755,33.593864883821794,-0.006736458765653275,11.194747257232667,0.6888693749904633,0.007573097618296743,-192.85323603451252,25.035175380127196,1.8006250500679015,,
1556000,1490.5142784118652,-193.91719353199005,29.883567369967743,-0.005738105514921088,8.986683559417724,0.6450040996074676,0.02858106466010213,-192.85323603451252,25.035175380127196,1.8461042046546936,,
1560000,1494.2492089271545,-193.77146887779236,32.267126974745125,-0.006226419519322635,10.345570468902588,0.6938770115375519,0.0050317068090662605,-192.85323603451252,25.035175380127196,1.7961458683013916,,
1564000,1500.4122121334076,-192.8955798149109,33.9293341855752,-0.007189366393567376,8.639352321624756,0.7264267444610596,0.007254149183630964,-197.4246742799878,28.668671896518266,1.7522292256355285,,
1568000,1504.0076920986176,-187.50213479995728,29.49554824653548,-0.0058126448543432295,6.7298791885375975,0.7147195994853973,0.005540543654196273,-197.4246742799878,28.668671896518266,1.8152292132377625,,
1572000,1507.707036972046,-192.17237663269043,26.709444706464147,-0.007287357831063368,8.513731288909913,0.7118916392326355,0.009900873096194118,-197.4246742799878,28.668671896518266,1.7225208759307862,,
1576000,1511.3032109737396,-197.08927035331726,33.52500238202346,-0.006038478918683943,11.258891677856445,0.72672518491745,0.004956464350844447,-197.4246742799878,28.668671896518266,1.8604583859443664,,
1580000,1514.9940440654755,-193.71568536758423,26.991266705228227,-0.007669256706722116,10.020594024658203,0.7077310383319855,0.006403134064748883,-197.4246742799878,28.668671896518266,1.7978333830833435,,
1584000,1518.6720297336578,-188.27471542358398,34.34724472042535,-0.005312530262473203,10.74573802947998,0.7241450548171997,0.003984677242270385,-197.4246742799878,28.668671896518266,1.7613125562667846,,
1588000,1522.389366388321,-195.50987815856934,36.37117968694732,-0.006093713843030812,13.460785579681396,0.7298913955688476,0.006639313750201836,-197.4246742799878,28.668671896518266,1.7317292094230652,,
1592000,1526.0604577064514,-193.6957916021347,32.11643360665384,-0.006723115222683795,12.114176082611085,0.7161479711532592,0.007539830966231726,-197.4246742799878,28.668671896518266,1.790291702747345,,
1596000,1529.6833655834198,-189.75598764419556,28.827548409657716,-0.007050939876275741,7.915162467956543,0.7013456344604492,0.006885240939911474,-197.4246742799878,28.668671896518266,1.6986667156219482,,
1600000,1533.3971490859985,-189.7822380065918,32.91180831404173,-0.007754298479606625,9.714656686782837,0.7479459643363953,0.010953302460256964,-197.4246742799878,28.668671896518266,1.701833391189575,,
1604000,1539.127613544464,-195.75376081466675,34.5396216355069,-0.0069240687591955565,11.005392265319824,0.7457264959812164,0.019283103330060846,-193.90046148002148,26.919951864695705,1.7669583797454833,,
1608000,1542.3007934093475,-201.331148147583,32.04815470068729,-0.00546910264110192,11.629489135742187,0.7038289844989777,0.002538651431677863,-193.90046148002148,26.919951864695705,1.694937562942505,,
1612000,1545.4238963127136,-195.06703662872314,27.698886837720025,-0.008567174941301303,7.271728754043579,0.7069638967514038,0.006756773451343179,-193.90046148002148,26.919951864695705,1.7833542227745056,,
1616000,1548.5507082939148,-200.5205113887787,41.76612709172575,-0.004587582632200693,22.9948787689209,0.7190767645835876,0.011678220727480948,-193.90046148002148,26.919951864695705,1.7591458678245544,,
1620000,1551.6566669940948,-189.3564715385437,31.696095676297155,-0.005560636004588204,8.525757455825806,0.7112437069416047,0.004181928504762888,-193.90046148002148,26.919951864695705,1.7296250343322754,,
1624000,1554.7890360355377,-194.60541987419128,37.815792111615835,-0.007438442669187984,12.5840558052063,0.6624450147151947,0.005999766266904771,-193.90046148002148,26.919951864695705,1.8340208768844604,,
1628000,1558.1235942840576,-199.2891330718994,42.1884418163181,-0.0074775014426560205,16.9049729347229,0.7510456264019012,0.009737062873318792,-193.90046148002148,26.919951864695705,1.8157917141914368,,
1632000,1561.8640129566193,-185.06984519958496,31.663445288292102,-0.005823234111536379,10.284380626678466,0.7110647857189178,0.00706712215550942,-193.90046148002148,26.919951864695705,1.76833336353302,,
1636000,1565.5820519924164,-203.5290411710739,45.113990594051685,-0.0095436573500435,10.526546859741211,0.7063418388366699,0.012152788572323825,-193.90046148002148,26.919951864695705,1.7869375228881836,,
1640000,1569.1901693344116,-189.71963834762573,26.999312155248628,-0.00693044040802242,11.064284610748292,0.7108249008655548,0.003441400854266252,-193.90046148002148,26.919951864695705,1.7903125286102295,,
1644000,1575.3369739055634,-193.4704945087433,32.79180759161012,-0.006813138459188251,11.88026008605957,0.709629374742508,0.0056219558871816845,-202.32767459750175,50.58598632335665,1.808104193210602,,
1648000,1579.0602705478668,-201.1078586578369,28.056035521560368,-0.007468849413096912,8.67162103652954,0.7300840258598328,0.0060403041017707436,-202.32767459750175,50.58598632335665,1.8364166975021363,,
1652000,1582.755511045456,-189.42858266830444,33.7609151838626,-0.006341417798306814,10.881761837005616,0.7369112014770508,0.005130949825979769,-202.32767459750175,50.58598632335665,1.7669792294502258,,
1656000,1586.4825477600098,-197.90130805969238,30.739966732953857,-0.004950516928064985,9.353466033935547,0.7282113015651703,0.017356948275119067,-202.32767459750175,50.58598632335665,1.7046666979789733,,
1660000,1590.194655418396,-195.536714553833,30.453313395359043,-0.005925763061891054,8.232234382629395,0.7269128382205963,0.00942625872107844,-202.32767459750175,50.58598632335665,1.7029583692550658,,
1664000,1593.8943614959717,-189.1790088415146,35.06777041277995,-0.00824179278655599,10.543089485168457,0.7461406469345093,0.008773212833330036,-202.32767459750175,50.58598632335665,1.7441042065620422,,
1668000,1597.3635430335999,-184.39938282966614,34.97711936252128,-0.004341967342770659,8.356267261505128,0.7372142255306244,0.024028411973267792,-202.32767459750175,50.58598632335665,1.6721250295639039,,
1672000,1601.0572655200958,-192.7163426876068,31.382851411442616,-0.0062111949514752855,10.603638553619385,0.7506246030330658,0.007955642754677684,-202.32767459750175,50.58598632335665,1.5935208678245545,,
1676000,1604.7529773712158,-194.68193757534027,36.82220322851332,-0.0042770986399458975,14.30958433151245,0.7678548574447632,0.005612403817940504,-202.32767459750175,50.58598632335665,1.5376666903495788,,
1680000,1608.3378591537476,-193.03796887397766,28.622012380200538,-0.007419527471375964,9.82607822418213,0.7810002565383911,0.007584810955449939,-202.32767459750175,50.58598632335665,1.610812532901764,,
1684000,1614.5562148094177,-191.230926156044,33.86749599428974,-0.0052035163325879095,14.308713626861572,0.780714625120163,0.0050119913590606305,-199.66281789541245,33.41640095283189,1.6510000348091125,,
1688000,1618.0818333625793,-198.496723651886,42.26502983293933,-0.006447770139202546,9.360530138015747,0.8063143730163574,0.003154204944439698,-199.66281789541245,33.41640095283189,1.6402500510215758,,
1692000,1621.7375264167786,-200.98302841186523,32.70497005916753,-0.007685904513889241,8.328454732894897,0.7958657383918762,0.009415050660880908,-199.66281789541245,33.41640095283189,1.669687569141388,,
1696000,1625.4498977661133,-194.81344628334045,28.18986360642193,-0.006223853709641958,10.395356845855712,0.8267820715904236,0.008616277553917223,-199.66281789541245,33.41640095283189,1.6130208611488341,,
1700000,1629.1665132045746,-191.09767973423004,29.305129659167896,-0.00927222075747947,6.626171827316284,0.8309400618076325,0.0057360278209671375,-199.66281789541245,33.41640095283189,1.6342292070388793,,
1704000,1632.8779246807098,-187.6071481704712,31.569549248778806,-0.00625252905332796,10.159239864349365,0.806784188747406,0.0075697570689953865,-199.66281789541245,33.41640095283189,1.5921458840370177,,
1708000,1636.5605173110962,-202.49397659301758,32.75624143978016,-0.008091451451492837,9.894223976135255,0.7417365610599518,0.007143633976268405,-199.66281789541245,33.41640095283189,1.664062535762787,,
1712000,1640.278822183609,-199.0450804233551,31.909951047140655,-0.0052052703959246435,10.56881103515625,0.7150802910327911,0.007167554412114763,-199.66281789541245,33.41640095283189,1.6848958730697632,,
1716000,1643.7983422279358,-200.10510158538818,36.48055150264948,-0.006227651558351255,14.422279739379883,0.7803550004959107,0.006973487921641208,-199.66281789541245,33.41640095283189,1.6773125290870667,,
1720000,1647.458915233612,-193.81379008293152,31.093992233778696,-0.0068571178733060735,9.332979297637939,0.7957827091217041,0.004640686245402303,-199.66281789541245,33.41640095283189,1.5924375534057618,,
1724000,1653.4981405735016,-202.43829989433289,34.58124809149006,-0.007177336549308766,8.242555618286133,0.7478440523147583,0.013446792727336287,-199.43509808182716,28.409343408638414,1.652541708946228,,
1728000,1657.1282110214233,-194.03405916690826,30.12218530642332,-0.008595521865412792,8.022746992111205,0.7705581903457641,0.008061288367491315,-199.43509808182716,28.409343408638414,1.6790000438690185,,
1732000,1660.8270123004913,-195.4467146396637,35.396313455121295,-0.007906322513396536,11.520255851745606,0.770343291759491,0.005905150674516335,-199.43509808182716,28.409343408638414,1.6081666946411133,,
1736000,1664.485046863556,-195.93676257133484,29.563860318038955,-0.006704983260793007,14.062526512145997,0.8457577943801879,0.006757713953809192,-199.43509808182716,28.409343408638414,1.5315833806991577,,
1740000,1668.173231124878,-202.43135571479797,32.72066483600586,-0.0066685559324299315,11.157677459716798,0.7651845216751099,0.008042896329425276,-199.43509808182716,28.409343408638414,1.5881667137145996,,
1744000,1671.6930038928986,-197.86271381378174,30.80004814672176,-0.008878084195156876,9.189427900314332,0.8266791880130768,0.007951190115418293,-199.43509808182716,28.409343408638414,1.588729202747345,,
1748000,1675.208883523941,-197.8906102180481,37.0649722906775,-0.0063346068176130645,14.171247196197509,0.8227836906909942,0.0038143142900759486,-199.43509808182716,28.409343408638414,1.575083363056183,,
1752000,1678.8843474388123,-203.48366045951843,35.71789201077634,-0.008019506004018084,10.442275238037109,0.7586646437644958,0.009749058825274303,-199.43509808182716,28.409343408638414,1.5894583463668823,,
1756000,1682.446518421173,-198.31365323066711,36.646815736324356,-0.00487486879682777,11.014248466491699,0.7569504618644715,0.008099452313035726,-199.43509808182716,28.409343408638414,1.6128125548362733,,
1760000,1686.0521085262299,-195.80972003936768,30.008200968581313,-0.007412537016905851,8.474571943283081,0.7760890245437622,0.007434088096488267,-199.43509808182716,28.409343408638414,1.5112292051315308,,
1764000,1692.2632241249084,-191.92646420001984,34.110614408054694,-0.006597142611940709,11.336839962005616,0.7093050003051757,0.007364809532028937,-194.03567070513964,32.597611330643396,1.5955208659172058,,
1768000,1695.9752795696259,-196.2144865989685,35.383173329618266,-0.006615175081834135,9.109368419647216,0.6542698800563812,0.011884256119529457,-194.03567070513964,32.597611330643396,1.7059791922569274,,
1772000,1699.624677181244,-193.9539076089859,32.23446787522371,-0.006307394127982402,11.639932632446289,0.6622832238674163,0.009292792939231732,-194.03567070513964,32.597611330643396,1.7225000381469726,,
1776000,1703.2432475090027,-206.55124258995056,34.6804606324108,-0.005728607725507273,14.137612056732177,0.7274984955787659,0.004814528794648965,-194.03567070513964,32.597611330643396,1.5749792098999023,,
1780000,1706.8851532936096,-195.64433908462524,26.94280531739744,-0.004915962640441052,8.041354131698608,0.7560763120651245,0.011547258705832064,-194.03567070513964,32.597611330643396,1.7330208659172057,,
1784000,1710.535596370697,-199.1785728931427,30.385903405464845,-0.00850265662744647,10.573835277557373,0.7750495970249176,0.0134504406247288,-194.03567070513964,32.597611330643396,1.561458373069763,,
1788000,1714.1680433750153,-192.33941650390625,32.87259216702236,-0.006470256035060929,9.149751710891724,0.7052810251712799,0.007338201207884909,-194.03567070513964,32.597611330643396,1.7114375352859497,,
1792000,1717.766005039215,-194.85516345500946,30.737596792715884,-0.005885333511047008,10.12735652923584,0.6668518841266632,0.009911540864035473,-194.03567070513964,32.597611330643396,1.6762708663940429,,
1796000,1721.468153476715,-197.39926743507385,29.79000823321723,-0.006879835553467295,13.81508264541626,0.6833228230476379,0.00762641710167129,-194.03567070513964,32.597611330643396,1.6023125290870666,,
1800000,1725.1040539741516,-189.99174332618713,28.990820912869953,-0.006996344557652634,7.953973579406738,0.6965334832668304,0.007779500631925984,-194.03567070513964,32.597611330643396,1.6102916955947877,,
1804000,1731.103786945343,-203.73524963855743,37.86095556178087,-0.006788320463305952,11.656309413909913,0.7193495869636536,0.005123067001113668,-191.0966273471713,33.82967148700498,1.6206667065620421,,
1808000,1734.7633275985718,-191.62150764465332,27.975594586980918,-0.005824758950310427,8.420051670074463,0.6176899194717407,0.007744887167044823,-191.0966273471713,33.82967148700498,1.6950833797454834,,
1812000,1738.4055092334747,-190.46928334236145,29.826694173469125,-0.006768452790876234,8.505040168762207,0.6389337360858918,0.006469574820948764,-191.0966273471713,33.82967148700498,1.634000027179718,,
1816000,1742.0490095615387,-199.33096575737,44.813511573386684,-0.00662365664805602,9.059243726730347,0.6247444927692414,0.006762456181614418,-191.0966273471713,33.82967148700498,1.6315625429153442,,
1820000,1745.6884746551514,-193.7276064157486,41.294135332998984,-0.0075993903932782495,14.172979545593261,0.610862922668457,0.012359812262778469,-191.0966273471713,33.82967148700498,1.6366042256355287,,
1824000,1749.3245005607605,-192.50477588176727,38.26093375656638,-0.007828529293648856,8.708824062347412,0.6049677193164825,0.009109825210180134,-191.0966273471713,33.82967148700498,1.60072922706604,,
1828000,1752.9537212848663,-201.92098259925842,39.347418344391585,-0.0061395538160577525,13.517469024658203,0.5776040494441986,0.006676853463674614,-191.0966273471713,33.82967148700498,1.5454792141914369,,
1832000,1756.6088495254517,-200.24072265625,32.07383368117637,-0.007333748867580025,10.66519374847412,0.5269791066646576,0.007367113343207166,-191.0966273471713,33.82967148700498,1.5931666970252991,,
1836000,1760.2707707881927,-195.4799394607544,36.14327532446797,-0.006611820694680049,10.92258005142212,0.5181418418884277,0.006199795135762543,-191.0966273471713,33.82967148700498,1.6277292013168334,,
1840000,1763.917376756668,-186.36255812644958,32.128065970530216,-0.006717239281317777,8.316261577606202,0.5567501366138459,0.005272858741227538,-191.0966273471713,33.82967148700498,1.5980000376701355,,
1844000,1769.8092484474182,-201.88261556625366,33.13839008341641,-0.005831506216588078,9.783723258972168,0.5738679885864257,0.0026927240200651193,-197.72339071333408,30.220781270777245,1.5988125324249267,,
1848000,1773.3572533130646,-190.35922026634216,31.67405871574182,-0.008081960175496838,8.129032182693482,0.588886171579361,0.011039400100708007,-197.72339071333408,30.220781270777245,1.5987916946411134,,
1852000,1776.934764623642,-197.4103765487671,33.78170061277658,-0.0069245683943542245,7.935412216186523,0.6207305908203125,0.006975656851136591,-197.72339071333408,30.220781270777245,1.6828333735466003,,
1856000,1780.4882633686066,-199.60728478431702,32.74152088505301,-0.006315637932003781,10.303405570983887,0.6123523712158203,0.0036693103233119474,-197.72339071333408,30.220781270777245,1.6326667070388794,,
1860000,1784.1330382823944,-198.1884627342224,33.89174827209598,-0.0064079529377632834,7.966118240356446,0.5838958621025085,0.005311507668967064,-197.72339071333408,30.220781270777245,1.5848750472068787,,
1864000,1787.8549389839172,-191.59565365314484,29.27750249377464,-0.007182402004798405,6.760650396347046,0.5754162430763244,0.005979523219866678,-197.72339071333408,30.220781270777245,1.567020869255066,,
1868000,1791.5397033691406,-202.36102557182312,42.49701401275981,-0.006101421852440891,11.69299249649048,0.6136719584465027,0.007966008246876299,-197.72339071333408,30.220781270777245,1.6966875433921813,,
1872000,1795.0779407024384,-200.9415454864502,32.08127780640659,-0.006740583960122138,10.383076190948486,0.638186001777649,0.00806000090087764,-197.72339071333408,30.220781270777245,1.6858958721160888,,
1876000,1798.5445051193237,-204.74126040935516,29.361018438918506,-0.008126289465309433,9.351481437683105,0.6246583759784698,0.004830680978945345,-197.72339071333408,30.220781270777245,1.6990208625793457,,
1880000,1802.0278823375702,-200.00502848625183,36.03988423530455,-0.008087005693155014,9.365111541748046,0.6558753073215484,0.005981883592903614,-197.72339071333408,30.220781270777245,1.6309375524520875,,
1884000,1808.0589582920074,-190.12458276748657,36.16640922931979,-0.0057408747794106315,8.670520687103272,0.5620160698890686,0.008320135751273484,-198.26502744853497,29.59509077675575,1.6831458687782288,,
1888000,1811.7786030769348,-197.7954294681549,36.697865628983955,-0.005404674980323776,10.21750898361206,0.615800005197525,0.020908118272200227,-198.26502744853497,29.59509077675575,1.660395872592926,,
1892000,1815.4614062309265,-193.8288140296936,33.13229513040964,-0.006202436189788152,8.25424370765686,0.6191072165966034,0.006404374988051131,-198.26502744853497,29.59509077675575,1.5512500405311584,,
1896000,1819.1023890972137,-192.1643135547638,28.416404122884764,-0.006551026338866528,9.430702495574952,0.6008765637874603,0.00754665465792641,-198.26502744853497,29.59509077675575,1.6299792170524596,,
1900000,1822.7334322929382,-196.55287218093872,32.410884675525416,-0.007003075577163465,9.238765811920166,0.5930937826633453,0.004226148899761029,-198.26502744853497,29.59509077675575,1.6761458754539489,,
1904000,1826.3949637413025,-206.78319597244263,33.763903262706044,-0.009158162881309728,10.929177856445312,0.6580030739307403,0.009080882358830422,-198.26502744853497,29.59509077675575,1.7335208654403687,,
1908000,1830.059865951538,-188.8400776386261,26.495422451896587,-0.0077834538895015905,7.378921747207642,0.6399454057216645,0.006586022319970653,-198.26502744853497,29.59509077675575,1.5955833673477173,,
1912000,1833.6304786205292,-196.24712109565735,36.20289951326364,-0.006426519451507673,10.372921562194824,0.6330798685550689,0.004954070223563356,-198.26502744853497,29.59509077675575,1.6448750376701355,,
1916000,1837.2922775745392,-196.1728310585022,39.319939861724194,-0.007980555917757214,6.639187288284302,0.6261422753334045,0.010100826456677226,-198.26502744853497,29.59509077675575,1.6118125319480896,,
1920000,1840.8441202640533,-199.49461889266968,35.347578622490815,-0.006492471737321459,6.9136511325836185,0.5727388441562653,0.006432064707041718,-198.26502744853497,29.59509077675575,1.5907917022705078,,
1924000,1846.8095746040344,-197.3244330883026,31.190759814984165,-0.0068421610246101935,10.06115436553955,0.5985717952251435,0.010733820032328367,-203.6870145648718,39.14789335509769,1.6596667170524597,,
1928000,1850.4693734645844,-190.05492520332336,35.35817155225225,-0.007850976356615646,9.392818880081176,0.5489359617233276,0.009590251179412012,-203.6870145648718,39.14789335509769,1.6514375448226928,,
1932000,1854.1215915679932,-200.5246820449829,37.17387213110942,-0.006899852804529161,11.520168781280518,0.5872946321964264,0.01589913577772677,-203.6870145648718,39.14789335509769,1.6919167041778564,,
1936000,1857.752691268921,-211.26560282707214,42.56416159376275,-0.006204602980831098,11.658757400512695,0.5744964301586151,0.0049910950542932046,-203.6870145648718,39.14789335509769,1.7010417222976684,,
1940000,1861.4092283248901,-196.81903207302094,34.3548313514948,-0.006937655770219919,11.349763584136962,0.574391633272171,0.007249346777098253,-203.6870145648718,39.14789335509769,1.6416250348091126,,
1944000,1865.0274794101715,-202.43915462493896,35.309971128110035,-0.007374518984462952,9.162610054016113,0.5223886907100678,0.017803529743105173,-203.6870145648718,39.14789335509769,1.8141667127609253,,
1948000,1868.6623797416687,-203.6744246482849,32.944365645440676,-0.007538639510205591,12.61518030166626,0.625828093290329,0.007867541184105598,-203.6870145648718,39.14789335509769,1.7241042137145997,,
1952000,1872.2346694469452,-200.9597134590149,35.2737423503339,-0.006348920782872724,11.711239051818847,0.607040673494339,0.0077457219595089555,-203.6870145648718,39.14789335509769,1.7022708773612976,,
1956000,1875.7776803970337,-203.23448586463928,32.539518015382086,-0.007743388456913336,9.190835618972779,0.5809126555919647,0.009589690307853744,-203.6870145648718,39.14789335509769,1.7127708554267884,,
1960000,1879.4172003269196,-200.62947034835815,32.80953791546082,-0.005003286202593405,7.003714609146118,0.5835780322551727,0.009066526326932944,-203.6870145648718,39.14789335509769,1.7445833921432494,,
1964000,1884.8422691822052,-191.7274523973465,30.757868853819552,-0.008419266109820533,6.593925714492798,0.5519571304321289,0.012912050331942737,-196.67247062176466,29.528073767842358,1.633500063419342,,
1968000,1887.924026966095,-194.16080904006958,39.066232612104706,-0.007080199942613686,14.459965991973878,0.5957942605018616,0.004714014134697209,-196.67247062176466,29.528073767842358,1.6456250429153443,,
1972000,1890.9853785037994,-189.04742896556854,35.4747852039375,-0.0068714804473954064,8.34171748161316,0.5721824765205383,0.004540291160810739,-196.67247062176466,29.528073767842358,1.6662500500679016,,
1976000,1894.1247539520264,-195.28828883171082,33.53049336874719,-0.004127410773731155,9.829331588745116,0.5660564661026001,0.008269611955620348,-196.67247062176466,29.528073767842358,1.6990000486373902,,
1980000,1897.1770222187042,-196.86282420158386,33.528964326379274,-0.007376151954134347,7.773560380935669,0.590060293674469,0.004593552695587278,-196.67247062176466,29.528073767842358,1.6728333592414857,,
1984000,1900.654942035675,-189.77486646175385,32.139235027053736,-0.00706927983094161,6.469245481491089,0.5685880362987519,0.026418964844197035,-196.67247062176466,29.528073767842358,1.543166708946228,,
1988000,1903.7398781776428,-194.67946195602417,34.13251848574555,-0.00817597638644898,9.224870967864991,0.546241408586502,0.009659129387000576,-196.67247062176466,29.528073767842358,1.6741458773612976,,
1992000,1906.815499305725,-198.7959222793579,31.975231475541324,-0.006448724674060458,8.637396812438965,0.5537315964698791,0.006656304537318647,-196.67247062176466,29.528073767842358,1.6675208687782288,,
1996000,1910.192224264145,-195.00454115867615,31.654312627161378,-0.006844797873248609,12.083159923553467,0.6106210172176361,0.006439272278085539,-196.67247062176466,29.528073767842358,1.6062917113304138,,
2000000,1913.91570353508,-190.86794590950012,34.86511721794766,-0.007232128973739904,9.666360521316529,0.6442977964878083,0.007892289711162449,-196.67247062176466,29.528073767842358,1.6475833773612976,,
