global_step,wall_time_s,ep_return_mean,ep_return_std,policy_loss,value_loss,entropy,approx_kl,eval_return_mean,eval_return_std,mean_k,attn_entropy,lagrange_lambda
4000,8.860138893127441,-740.9507608413696,88.58982469924888,-0.0003304202876307727,581.3523132324219,1.6024624705314636,0.0,,,3.0,1.0659549593925477,
8000,17.146334886550903,-735.1911382675171,96.39217500847931,-0.0003697081080758835,555.7616394042968,1.5927248001098633,0.00027500575888552705,,,3.0,1.0652487397193908,
12000,25.426319360733032,-692.8804025650024,102.00845671087701,-0.0003531285626777958,400.23273010253905,1.5897594451904298,0.00031352065270766615,,,3.0,1.074011778831482,
16000,33.68698334693909,-682.019229888916,103.9354167428725,-0.0003109719583370918,410.920947265625,1.5833049535751342,0.0002795891123241745,,,3.0,1.0766731381416321,
20000,41.925320863723755,-682.562123298645,73.19250276319133,-0.0006401572305961168,343.4467407226563,1.572432768344879,1.753911674313713e-05,,,3.0,1.0767657518386842,
24000,50.17909240722656,-683.5635828971863,69.29647976514953,-0.0004189150795282259,353.62644653320314,1.573734188079834,0.00024673231556759934,,,3.0,1.074980127811432,
28000,58.438727140426636,-683.4470314979553,86.72343638306536,-1.878649069340099e-05,316.9933059692383,1.5780081033706665,4.3919833946953754e-05,,,3.0,1.07317795753479,
32000,66.68590235710144,-708.5987462997437,95.68803101882457,-0.00034484029510366553,268.88353729248047,1.579185676574707,0.0,,,3.0,1.0701430678367614,
36000,74.94942998886108,-722.2223625183105,88.76186617941077,-0.00032102713606825263,287.0021682739258,1.5804947376251222,6.914453438184864e-05,,,3.0,1.0793142437934875,
40000,83.1887059211731,-727.4219226837158,99.48179819564653,-0.0002019273717719372,208.01970672607422,1.5845088601112365,0.0001267932270820893,,,3.0,1.0761099338531495,
44000,93.79170560836792,-735.0799703598022,94.13049118139288,-0.0004348258159637908,184.72852172851563,1.5922552943229675,3.988825574197108e-05,-719.8119663000107,115.01809746371706,3.0,1.073917269706726,
48000,101.9531672000885,-704.6594314575195,86.5765621333413,-0.0002364198020708308,141.97727432250977,1.581989061832428,1.4430139038573709e-05,-719.8119663000107,115.01809746371706,3.0,1.0731005907058715,
52000,110.06017255783081,-723.6171951293945,92.70320480335639,-0.00024288494960877927,172.64612274169923,1.5769546747207641,1.214614829225802e-06,-719.8119663000107,115.01809746371706,3.0,1.0702208518981933,
56000,118.16339707374573,-710.9633531570435,92.14447700562395,-7.457514556747924e-05,112.0219841003418,1.5790725827217102,0.0001817264719744957,-719.8119663000107,115.01809746371706,3.0,1.081810188293457,
60000,126.25884222984314,-731.6557674407959,94.85503011724067,-2.7092835611775003e-05,121.54385910034179,1.574508786201477,0.0001887664120658883,-719.8119663000107,115.01809746371706,3.0,1.070871889591217,
64000,134.3973741531372,-743.2126359939575,108.03027779749945,0.0002094685095169524,109.49978561401367,1.553882658481598,0.0002527697366507098,-719.8119663000107,115.01809746371706,3.0,1.0702773094177247,
68000,142.66485619544983,-747.8424711227417,104.65170777490279,-0.0002547334354701114,86.90075340270997,1.532159721851349,0.00012771155452355741,-719.8119663000107,115.01809746371706,3.0,1.0756967425346375,
72000,150.96105670928955,-763.29075050354,102.7655481222645,-8.970828707610679e-05,90.70348777770997,1.519076681137085,0.0,-719.8119663000107,115.01809746371706,3.0,1.0724640846252442,
76000,159.234557390213,-757.9398775100708,106.98809741693911,-0.00044194527084862045,91.14798545837402,1.4968437433242798,6.0074414517430344e-05,-719.8119663000107,115.01809746371706,3.0,1.0719439268112183,
80000,167.4753715991974,-727.8174390792847,100.38847008577848,-0.0005821535338885297,48.27950172424316,1.508695936203003,0.00030388083032448774,-719.8119663000107,115.01809746371706,3.0,1.079827904701233,
84000,178.08147835731506,-740.023847579956,93.91447320047305,-0.0004344793455966389,78.96905937194825,1.5142531394958496,7.3943044396118655e-06,-1266.1234140694141,393.8564735988064,3.0,1.079975426197052,
88000,186.3671715259552,-753.8005971908569,110.83759203779684,-0.0005774276565158942,61.463891410827635,1.5163893580436707,0.0006473442423157394,-1266.1234140694141,393.8564735988064,3.0,1.0763013362884521,
92000,194.6432659626007,-724.5096426010132,89.69028610299951,-0.0002858799008026658,87.84824562072754,1.5327011942863464,0.00028902801690856573,-1266.1234140694141,393.8564735988064,3.0,1.0808947086334229,
96000,202.93202304840088,-720.0883445739746,99.963802121411,-0.00030490762287076477,69.01641616821288,1.5289118409156799,7.994057450559922e-05,-1266.1234140694141,393.8564735988064,3.0,1.076852285861969,
100000,211.21825981140137,-724.5272359848022,120.50137433098615,-0.0008477843485501068,85.89348602294922,1.5274740219116212,0.0005846194365403789,-1266.1234140694141,393.8564735988064,3.0,1.075038492679596,
104000,219.50702023506165,-728.843846321106,126.87808406656201,-0.00029921631793463634,62.84930572509766,1.5216057896614075,0.00019756177061935887,-1266.1234140694141,393.8564735988064,3.0,1.0802021145820617,
108000,227.78490352630615,-690.3794527053833,80.9519689440128,-0.0008207642520040803,69.86728210449219,1.5201150178909302,0.0002456636962506309,-1266.1234140694141,393.8564735988064,3.0,1.0689600467681886,
112000,236.16226196289062,-733.2398166656494,104.2580215060407,-0.00043312024590953514,69.94434471130371,1.5290013790130614,0.0002795149938513847,-1266.1234140694141,393.8564735988064,3.0,1.075393271446228,
116000,244.51932835578918,-718.5180249214172,105.2580633213927,-0.00043647839273521785,84.60563468933105,1.5327547192573547,0.00048317481372820716,-1266.1234140694141,393.8564735988064,3.0,1.0800947308540345,
120000,252.8854866027832,-731.9219465255737,110.46905272140107,-0.0003299260536253179,95.70922050476074,1.5164987087249755,8.326233100766911e-05,-1266.1234140694141,393.8564735988064,3.0,1.0754766941070557,
124000,263.5284171104431,-716.0716552734375,80.77416342887838,-0.0007423640644992791,82.96906204223633,1.5168588042259217,0.0003881844944165436,-839.2181629538536,199.39912276912776,3.0,1.0785533785820007,
128000,271.84655690193176,-720.8300180435181,84.88232589284608,-0.0005320935793691528,73.45256729125977,1.5156216382980348,0.0004158633331341366,-839.2181629538536,199.39912276912776,3.0,1.0771977305412292,
132000,280.1600730419159,-706.3846797943115,86.1483437866846,-0.0004745033293293233,63.49098854064941,1.492901825904846,0.0006595547471079044,-839.2181629538536,199.39912276912776,3.0,1.0739955306053162,
136000,288.51867747306824,-713.557089805603,87.4691369470913,-0.000729914192973724,54.34735622406006,1.5236192107200623,0.00040087888713484786,-839.2181629538536,199.39912276912776,3.0,1.0777703285217286,
140000,296.87588119506836,-718.5520076751709,92.76862222995845,-0.0010041325788285426,51.31149482727051,1.5187848687171936,0.0010101047641995597,-839.2181629538536,199.39912276912776,3.0,1.0687373638153077,
144000,305.2248022556305,-726.5567378997803,97.16801682563575,-0.00021538089176220687,94.5440071105957,1.5444821953773498,0.00031459852105278905,-839.2181629538536,199.39912276912776,3.0,1.0720553398132324,
148000,313.56266593933105,-719.4871759414673,91.15274558787831,-0.00018608340780641442,82.78222770690918,1.5297183275222779,8.916217687662264e-05,-839.2181629538536,199.39912276912776,3.0,1.0768282413482666,
152000,321.9267029762268,-721.1456937789917,87.21102674941972,-0.0004959124350667921,55.80071334838867,1.4696908593177795,0.0006793142165406607,-839.2181629538536,199.39912276912776,3.0,1.0689648866653443,
156000,330.27635765075684,-735.9352083206177,82.36122992399012,-0.00025917278245470856,50.559513092041016,1.4302981734275817,0.0011111222518093266,-839.2181629538536,199.39912276912776,3.0,1.0719840764999389,
160000,338.56395649909973,-765.5077695846558,109.44227288386243,-0.00042959606146668604,71.57648239135742,1.4469128131866456,0.0002514761207227545,-839.2181629538536,199.39912276912776,3.0,1.0754140257835387,
164000,349.0912823677063,-728.694896697998,93.91599838417974,-0.00048575191142781194,65.8423942565918,1.4629974007606505,0.0009572069718657705,-1129.054897248745,232.84884470777874,3.0,1.0802961945533753,
168000,357.39896535873413,-701.6796274185181,88.46452161728101,-0.0005250058920974077,80.34035530090333,1.46900532245636,0.0004376860584646591,-1129.054897248745,232.84884470777874,3.0,1.0814783573150635,
172000,365.71434235572815,-698.551106929779,92.60947805041096,-0.00032931540147789206,74.19936904907226,1.485995090007782,0.0005848822715925052,-1129.054897248745,232.84884470777874,3.0,1.080823838710785,
176000,374.06290769577026,-711.0822124481201,80.36094946217074,-0.0005846826632041058,67.58235473632813,1.4792146921157836,0.0002438997673380072,-1129.054897248745,232.84884470777874,3.0,1.0805551528930664,
180000,382.4070129394531,-726.5207757949829,94.6003640310815,-0.00014098972390641507,61.14187393188477,1.4647885322570802,0.0006752446708560456,-1129.054897248745,232.84884470777874,3.0,1.0720810890197754,
184000,390.7574362754822,-708.9408087730408,101.17676080047912,-0.0003884138941756987,72.61815872192383,1.4761441588401794,0.00047749089571880177,-1129.054897248745,232.84884470777874,3.0,1.0773032426834106,
188000,399.0963225364685,-709.2000799179077,71.06218744968632,-0.0006283471495456717,66.54179000854492,1.486656701564789,0.0013446204524370843,-1129.054897248745,232.84884470777874,3.0,1.0781047463417053,
192000,407.4342465400696,-724.3119096755981,99.57626427495538,-0.000508522897978203,73.7289207458496,1.5074378967285156,0.0007583356470762137,-1129.054897248745,232.84884470777874,3.0,1.0769617795944213,
196000,415.7454092502594,-708.8321771621704,89.46506601899509,-0.0003637843925195394,71.05303993225098,1.500110101699829,0.0005150811455678194,-1129.054897248745,232.84884470777874,3.0,1.0650158524513245,
200000,424.1096992492676,-690.3985967636108,85.60506526609763,-0.0005082405499244657,65.09372634887696,1.4810662865638733,0.001137897243878494,-1129.054897248745,232.84884470777874,3.0,1.0747161388397217,
204000,434.72842144966125,-752.0646438598633,110.22729336365705,-0.0014364879961476617,71.971533203125,1.4682737350463868,0.002910614346546936,-847.8182842135429,131.8121989274209,3.0,1.0725543737411498,
208000,443.00854682922363,-699.8231592178345,85.48704605595204,-0.0007933249010191546,80.55254592895508,1.4850817322731018,0.0009960955983842723,-847.8182842135429,131.8121989274209,3.0,1.0653064131736756,
212000,451.3015761375427,-707.4028701782227,81.77982936890727,-0.0005049268534791373,58.83823127746582,1.47398099899292,0.00027327447533025405,-847.8182842135429,131.8121989274209,3.0,1.0610211372375489,
216000,459.5828323364258,-698.0832166671753,93.03612801215517,-0.0004620563709613723,64.60955848693848,1.450171709060669,0.0005230688897427171,-847.8182842135429,131.8121989274209,3.0,1.0498615741729735,
220000,467.8686726093292,-695.2174949645996,89.0704107058846,-0.0005476156946193633,63.71132698059082,1.4479068160057067,0.0006606469279176963,-847.8182842135429,131.8121989274209,3.0,1.0551728367805482,
224000,476.1579267978668,-686.6776494979858,79.9119304217086,-0.0006536585734453482,56.77110900878906,1.482015073299408,0.001473470734345028,-847.8182842135429,131.8121989274209,3.0,1.0617753863334656,
228000,484.4345271587372,-672.9268255233765,67.98950020714271,-0.001358742299817095,51.45628261566162,1.4449897527694702,0.002491042821202427,-847.8182842135429,131.8121989274209,3.0,1.0541241884231567,
232000,492.69845485687256,-690.317590713501,84.19510629507697,-0.00023045385432496346,53.547159576416014,1.42877938747406,0.0021319027929954854,-847.8182842135429,131.8121989274209,3.0,1.0536502599716187,
236000,500.9875235557556,-713.3781461715698,104.98518068942414,-0.0007255296130509237,83.47550621032715,1.3895733833312989,0.00022671473634545692,-847.8182842135429,131.8121989274209,3.0,1.0600857496261598,
240000,509.2731192111969,-700.9971733093262,106.04713303100245,-0.0011506841343167818,69.63722076416016,1.3941524386405946,0.00031016245484352114,-847.8182842135429,131.8121989274209,3.0,1.058364462852478,
244000,519.8296575546265,-677.1774883270264,81.90747475886516,-0.0004272704144629103,64.64273414611816,1.4262981295585633,0.0009088594930411365,-795.5149616897106,142.18424380474306,3.0,1.0588582515716554,
248000,527.9626708030701,-707.2591714859009,101.3008185868261,-0.0008982177923899215,46.874847412109375,1.430096697807312,0.001062147802130009,-795.5149616897106,142.18424380474306,3.0,1.0590384244918822,
252000,536.1640226840973,-700.6312074661255,98.68653653694777,-0.001698621634500652,40.072878074646,1.437279427051544,0.0005762037748354487,-795.5149616897106,142.18424380474306,3.0,1.0502641320228576,
256000,544.4460906982422,-680.0520076751709,81.12198002327423,-0.0012487882730686905,49.539427757263184,1.429201114177704,0.001495875743508801,-795.5149616897106,142.18424380474306,3.0,1.0582178235054016,
260000,552.7186644077301,-692.8901491165161,75.98101813240967,-0.0006762357786258555,37.43613510131836,1.397879159450531,0.0018341370174312032,-795.5149616897106,142.18424380474306,3.0,1.0545937538146972,
264000,560.8379802703857,-716.4311761856079,100.2806049343293,-0.00038083124812207105,56.19479846954346,1.3987918853759767,0.00275885420490522,-795.5149616897106,142.18424380474306,3.0,1.0563910007476807,
268000,568.9678883552551,-700.627555847168,76.66838060511918,-0.001021467490218736,34.72777500152588,1.386013674736023,0.0028663894600855833,-795.5149616897106,142.18424380474306,3.0,1.037195372581482,
272000,577.0764374732971,-708.9866790771484,91.78294589028654,-0.0011479795254902836,47.385665321350096,1.3980400800704955,0.0004923625034280122,-795.5149616897106,142.18424380474306,3.0,1.0628764390945435,
276000,585.2087683677673,-683.5667352676392,83.95887587073868,-0.0007146009868477743,40.22315444946289,1.3737119555473327,0.001298483919526916,-795.5149616897106,142.18424380474306,3.0,1.0551847457885741,
280000,593.4843626022339,-675.7369012832642,79.89369610514157,-0.0010391079674154646,38.11309680938721,1.3869829773902893,0.002052211177952512,-795.5149616897106,142.18424380474306,3.0,1.056756365299225,
284000,604.1759340763092,-701.9201402664185,96.97068983365119,-0.0014751193287859897,51.341043853759764,1.3794917464256287,0.0038334708518814376,-885.3107906281948,224.60326462616752,3.0,1.053011131286621,
288000,612.473021030426,-701.1413221359253,82.87608414569402,-0.0006814085607183884,37.69495697021485,1.3706694006919862,0.0014741781119482766,-885.3107906281948,224.60326462616752,3.0,1.0597805023193358,
292000,620.75377368927,-731.0682344436646,94.35409715824451,-0.0011141324022852727,35.03669490814209,1.382843816280365,0.001788343882314318,-885.3107906281948,224.60326462616752,3.0,1.0536253333091736,
296000,629.0395655632019,-710.3953704833984,91.17236159436585,-0.0012035679209317252,55.10928153991699,1.3961766481399536,0.002299357877927832,-885.3107906281948,224.60326462616752,3.0,1.040598452091217,
300000,637.3269383907318,-707.6283931732178,87.20668850390575,-0.00215660533056754,33.570805358886716,1.3462662100791931,0.0026034366092062555,-885.3107906281948,224.60326462616752,3.0,1.061174476146698,
304000,645.6068127155304,-763.7358274459839,124.87931707813537,-0.0008116531843891828,62.740885162353514,1.3158045172691346,0.0015288879927635834,-885.3107906281948,224.60326462616752,3.0,1.0286107301712035,
308000,653.8899319171906,-723.3382749557495,108.42560061774307,-0.00031997313778262535,62.6056022644043,1.353223729133606,0.0018895670213969428,-885.3107906281948,224.60326462616752,3.0,1.0240647077560425,
312000,662.1700072288513,-694.0303945541382,79.00735687290552,-0.0012179945234529477,52.559841346740725,1.3532402873039246,0.0021323635468434078,-885.3107906281948,224.60326462616752,3.0,1.0360195755958557,
316000,670.4836039543152,-699.3944034576416,76.77687274987805,-0.0002904764483488975,45.80424766540527,1.317451584339142,0.0021834796236362307,-885.3107906281948,224.60326462616752,3.0,1.0455833315849303,
320000,678.7962787151337,-683.6138334274292,80.06245398868523,-0.00013902183157430415,68.85708694458008,1.419679582118988,0.0006788985345338005,-885.3107906281948,224.60326462616752,3.0,1.0502138614654541,
324000,689.43106341362,-699.1766176223755,91.28908191180354,-0.0011050636549480685,72.2510944366455,1.3841159701347352,0.0011171512014698237,-737.544696688652,98.97515679320824,3.0,1.0548906326293945,
328000,697.7013809680939,-687.8879160881042,88.62500753799813,-0.0011515688793539702,47.09927463531494,1.3337764859199523,0.0030657024332322313,-737.544696688652,98.97515679320824,3.0,1.0558415174484252,
332000,705.972588300705,-693.3181667327881,76.83486952260155,-0.0012615034109088263,42.84832286834717,1.3193982124328614,0.0018689017713768407,-737.544696688652,98.97515679320824,3.0,1.0462915182113648,
336000,714.2537574768066,-654.2423186302185,77.49242653742768,-0.0008782729593415972,45.48905239105225,1.3620251059532165,0.0052998570263541045,-737.544696688652,98.97515679320824,3.0,1.035867738723755,
340000,722.5342762470245,-710.6435623168945,89.51413788766095,-0.0010040313687446733,61.33533630371094,1.320048189163208,0.004654781940781205,-737.544696688652,98.97515679320824,3.0,1.0195000648498536,
344000,730.8024730682373,-714.5656185150146,104.43027622881011,-0.0009037602346797513,73.86126403808593,1.3106517553329469,0.0018097769104254758,-737.544696688652,98.97515679320824,3.0,1.0173409581184387,
348000,739.0792980194092,-712.7336702346802,71.90494396299938,-0.00035730227639216847,47.88986701965332,1.3957050800323487,0.0019925036234781147,-737.544696688652,98.97515679320824,3.0,1.0331440925598145,
352000,747.3607060909271,-692.0459661483765,76.62352108805155,-0.00016496966505545884,60.868960571289065,1.4046414613723754,0.0012140142265707255,-737.544696688652,98.97515679320824,3.0,1.0403435945510864,
356000,755.6467616558075,-727.5691003799438,80.60499721657267,-0.0009421889679457895,55.26851921081543,1.4304154872894288,0.0019352217961568386,-737.544696688652,98.97515679320824,3.0,1.0050954937934875,
360000,763.9086058139801,-696.8510508537292,97.87490255377035,-0.0026493411177069604,40.17594623565674,1.4348401427268982,0.002139099017585977,-737.544696688652,98.97515679320824,3.0,1.03810955286026,
364000,774.6454284191132,-703.1308641433716,92.96642290139742,-0.000548855397428305,68.98837661743164,1.4269638657569885,0.0009315687820587004,-848.8741396963596,207.48699504099983,3.0,1.0148266911506654,
368000,782.8140020370483,-714.3361616134644,86.37652035705598,-0.0008588474294568549,48.32115879058838,1.4621589422225951,0.0007388034014638833,-848.8741396963596,207.48699504099983,3.0,1.0089964509010314,
372000,791.0068354606628,-723.7674298286438,101.3360292715508,-0.0013949543326016388,66.90856056213379,1.465601623058319,0.0009605468258087058,-848.8741396963596,207.48699504099983,3.0,1.0190636277198792,
376000,799.1798338890076,-709.936863899231,94.81630746919011,-0.0014305909840404585,37.00841732025147,1.4170354962348939,0.000916422547743423,-848.8741396963596,207.48699504099983,3.0,1.015737247467041,
380000,807.3282089233398,-682.2814064025879,90.276765529354,-0.001823096259206025,54.95700798034668,1.3878865361213684,0.0020279132674137835,-848.8741396963596,207.48699504099983,3.0,1.0024785280227662,
384000,815.4623713493347,-705.9954872131348,81.26138450860542,-0.001197951550716736,47.02793464660645,1.3628560185432435,0.003888049570377916,-848.8741396963596,207.48699504099983,3.0,0.9783882677555085,
388000,823.6009311676025,-708.2892408370972,98.52666848766633,-0.0013954065133875647,48.97334728240967,1.3676186561584474,0.0013925233232051416,-848.8741396963596,207.48699504099983,3.0,0.9947998225688934,
392000,831.7629039287567,-699.0048503875732,87.55745740861413,-0.0012125261161691104,61.923527526855466,1.4190145134925842,0.0018435396958181361,-848.8741396963596,207.48699504099983,3.0,1.0191409707069397,
396000,840.0610513687134,-697.5265522003174,83.37574844985349,-0.0012161236693209788,44.94884719848633,1.4136404991149902,0.0015734902262532601,-848.8741396963596,207.48699504099983,3.0,0.9990714132785797,
400000,848.323495388031,-710.3928718566895,95.52287878252,-0.0016433537285192924,54.941971969604495,1.4373934507369994,0.0013164573610993102,-848.8741396963596,207.48699504099983,3.0,1.0280301809310912,
404000,858.9927415847778,-705.1134939193726,71.47372907990434,-0.0008115613711706882,70.26539573669433,1.4175527811050415,0.000931978170028136,-923.8654057085514,234.8181948404856,3.0,1.0256093382835387,
408000,867.3149740695953,-693.391366481781,77.6059370403947,-0.0008484008763311124,48.31124477386474,1.383595061302185,0.001345747255254537,-923.8654057085514,234.8181948404856,3.0,1.0169080734252929,
412000,875.596470117569,-698.6151313781738,85.38876591211736,-0.0028748118459479776,44.93344497680664,1.395575499534607,0.002511626246268861,-923.8654057085514,234.8181948404856,3.0,1.003079617023468,
416000,883.9530880451202,-706.0579705238342,89.00659446585641,-0.0015084707888892268,36.72893123626709,1.4426151514053345,0.002009864121544536,-923.8654057085514,234.8181948404856,3.0,1.0092628717422485,
420000,892.2938306331635,-703.3798389434814,83.51681370801636,-0.0018886558315717394,62.23288536071777,1.4499761700630187,0.001464415766599525,-923.8654057085514,234.8181948404856,3.0,1.0196746945381165,
424000,900.6250722408295,-679.9352188110352,67.88094996492,-0.0011506441096232,36.28680858612061,1.401630437374115,0.0013749240907297163,-923.8654057085514,234.8181948404856,3.0,1.0139271140098571,
428000,908.9527735710144,-694.556079864502,92.04431165131817,-0.0014247563947186403,49.53731422424316,1.4163623332977295,0.001440393483343845,-923.8654057085514,234.8181948404856,3.0,0.9960246682167053,
432000,917.3099720478058,-721.5072689056396,96.29407020745894,-0.0019837210755019098,47.99619617462158,1.4049360156059265,0.001403166278032586,-923.8654057085514,234.8181948404856,3.0,0.9939730048179627,
436000,925.662770986557,-687.4213480949402,80.9324239191588,-0.0012375117918127288,49.367849349975586,1.3761345624923706,0.0009761728650337336,-923.8654057085514,234.8181948404856,3.0,1.0083999037742615,
440000,933.9484088420868,-682.1814594268799,70.67545503540397,-0.0008491638308041783,67.47272605895996,1.3592604160308839,0.0008099972377749509,-923.8654057085514,234.8181948404856,3.0,0.9910054683685303,
444000,944.6007056236267,-683.3843154907227,78.65370002004387,-0.0016289349906001061,53.68371772766113,1.3142152309417725,0.0019089407200226561,-672.4604311287403,85.90805492223808,3.0,1.000644862651825,
448000,952.9585320949554,-685.0423536300659,75.42647394302986,-0.0012312762404811828,37.289946937561034,1.2814355731010436,0.0018169173767091707,-672.4604311287403,85.90805492223808,3.0,1.0042381882667542,
452000,961.2998979091644,-700.6821622848511,98.59271797941274,-0.0012746373002058386,41.70762996673584,1.297893214225769,0.002253879443742335,-672.4604311287403,85.90805492223808,3.0,0.985697478055954,
456000,969.5893943309784,-730.9075956344604,84.483874595255,-0.001466880637124035,34.853621292114255,1.2876985311508178,0.0012622064372408205,-672.4604311287403,85.90805492223808,3.0,1.0024094343185426,
460000,977.9282457828522,-711.8632507324219,86.64592872023762,-0.001534681347858502,45.25097160339355,1.3162145376205445,0.0028938734481926075,-672.4604311287403,85.90805492223808,3.0,1.023634660243988,
464000,986.2565484046936,-698.862587928772,94.96124795309917,-0.0012908684541495853,50.31974983215332,1.3010955214500428,0.0029962899105157705,-672.4604311287403,85.90805492223808,3.0,1.0085514903068542,
468000,994.5303211212158,-697.3226480484009,78.61068710755534,-0.0010121178745114534,42.12570381164551,1.3448208093643188,0.002064192453690339,-672.4604311287403,85.90805492223808,3.0,1.0179310202598573,
472000,1002.8233931064606,-714.5406742095947,93.74390498120404,-0.0013054710015809822,35.05157203674317,1.326808261871338,0.001648974586549834,-672.4604311287403,85.90805492223808,3.0,1.0164602994918823,
476000,1011.1526200771332,-698.5032253265381,91.64166325102171,-0.001939150765693437,39.58716735839844,1.3347277760505676,0.004731789006424758,-672.4604311287403,85.90805492223808,3.0,1.008431601524353,
480000,1019.4898073673248,-726.9543991088867,88.24203629122346,-0.0012556881982794365,35.6375431060791,1.2902232885360718,0.002349421599283241,-672.4604311287403,85.90805492223808,3.0,1.011294913291931,
484000,1030.1595449447632,-713.0553712844849,65.36592312820912,-0.000850504023930021,40.74475994110107,1.363838803768158,0.0026985132284074397,-769.7607979774475,143.1943387695406,3.0,0.9820938885211945,
488000,1038.4983735084534,-759.1058673858643,101.81372338942265,-0.0012971170446252956,41.899027824401855,1.3614166975021362,0.00302636534179328,-769.7607979774475,143.1943387695406,3.0,0.9551020383834838,
492000,1046.8478934764862,-722.1202573776245,84.63661964891267,-0.0019400875785504424,32.71188812255859,1.3668730974197387,0.002365502091561211,-769.7607979774475,143.1943387695406,3.0,0.9800160884857178,
496000,1055.188717842102,-722.4088277816772,81.48953941098137,-0.00139729836175686,36.04247875213623,1.3612780928611756,0.002349863125709817,-769.7607979774475,143.1943387695406,3.0,0.9922237277030945,
500000,1063.5432555675507,-745.7613744735718,105.02086620130243,-0.0020151443871315065,38.18551750183106,1.3681469082832336,0.0018427711564193761,-769.7607979774475,143.1943387695406,3.0,0.9580184161663056,
504000,1071.8925459384918,-721.6822671890259,103.85335726866249,-0.0013311866925409532,33.08200168609619,1.3624239325523377,0.002925707571557723,-769.7607979774475,143.1943387695406,3.0,0.9603581726551056,
508000,1080.2297275066376,-744.2904777526855,125.09581563255652,-0.0012028505078827134,44.906181526184085,1.353656792640686,0.0027698469621439846,-769.7607979774475,143.1943387695406,3.0,0.9512275934219361,
512000,1088.5821278095245,-715.6501121520996,84.81416571949727,-0.0020314066201341683,31.798760223388673,1.3388779997825622,0.0027774021786171944,-769.7607979774475,143.1943387695406,3.0,0.9546836793422699,
516000,1096.9052906036377,-703.6120052337646,92.55254607597338,-0.0011905394079658293,29.287211990356447,1.3767030835151672,0.0025811764696651806,-769.7607979774475,143.1943387695406,3.0,0.9609479784965516,
520000,1105.259170293808,-729.6481866836548,108.73562281377085,-0.0015978056313858068,52.39745254516602,1.3564944863319397,0.003960900632548147,-769.7607979774475,143.1943387695406,3.0,0.9355237901210784,
524000,1115.9311411380768,-695.8091945648193,89.67762769478752,-0.0021944236557465135,35.91060047149658,1.3406395316123962,0.0015716416298237168,-833.6798545122147,169.8850407799622,3.0,0.9345558285713196,
528000,1124.2826883792877,-685.9468040466309,74.22836352399342,-0.0021434349932436315,38.917716598510744,1.3762546181678772,0.0026783180626807736,-833.6798545122147,169.8850407799622,3.0,0.9201172053813934,
532000,1132.5710802078247,-706.8489942550659,77.33722778394026,-0.00216140418204791,42.49061908721924,1.3555613517761231,0.0033723679071214706,-833.6798545122147,169.8850407799622,3.0,0.9458553791046143,
536000,1140.9084782600403,-674.4958124160767,78.36150961566338,-0.001783927097016802,45.078738594055174,1.3508630037307738,0.002924145184806548,-833.6798545122147,169.8850407799622,3.0,0.9390641689300537,
540000,1149.2387347221375,-699.2097358703613,67.4708031515737,-0.00214512774264346,27.966794395446776,1.3519115805625916,0.0027341435983544216,-833.6798545122147,169.8850407799622,3.0,0.9000859797000885,
544000,1157.580440044403,-672.5650386810303,85.194875646981,-0.0010841989546752195,42.64046993255615,1.3462473034858704,0.0011260811991523957,-833.6798545122147,169.8850407799622,3.0,0.9226390242576599,
548000,1165.9236824512482,-681.9015026092529,68.33254275091612,-0.0022838841902945717,30.461005401611327,1.3114620208740235,0.001695393316913396,-833.6798545122147,169.8850407799622,3.0,0.8966001510620117,
552000,1174.2746360301971,-700.0812435150146,79.70936927460438,-0.0014558768862649619,58.450039291381835,1.2985077977180481,0.0020123760366113964,-833.6798545122147,169.8850407799622,3.0,0.865927654504776,
556000,1182.6059958934784,-690.6464691162109,87.59412874883311,-0.001377750190367788,49.38732147216797,1.347061550617218,0.0007431520731188357,-833.6798545122147,169.8850407799622,3.0,0.879701453447342,
560000,1190.9033279418945,-695.6974477767944,82.92232111525132,-0.002042087181742902,42.903493118286136,1.309191596508026,0.0030567276990041137,-833.6798545122147,169.8850407799622,3.0,0.9094718039035797,
564000,1201.556006193161,-724.8402452468872,90.04052225215491,-0.0023368285404673506,42.359505081176756,1.3214155554771423,0.0041773936885874715,-780.7170169949532,106.0782658883482,3.0,0.8777994394302369,
568000,1209.8742775917053,-688.205726146698,92.11208156688765,-0.0013803271474268186,48.07844505310059,1.2927696228027343,0.0031946770788636057,-780.7170169949532,106.0782658883482,3.0,0.9378061354160309,
572000,1218.1889653205872,-689.798586845398,76.13274924635525,-0.0027278314855357253,28.21277904510498,1.2922114968299865,0.003927786133863265,-780.7170169949532,106.0782658883482,3.0,0.8693839728832244,
576000,1226.4788284301758,-697.517725944519,106.68751040396592,-0.0015564692016341475,40.22835826873779,1.3046656966209411,0.0016664271382420992,-780.7170169949532,106.0782658883482,3.0,0.893004196882248,
580000,1234.7464754581451,-690.1886582374573,86.77131703711149,-0.0012908823143637615,37.17080841064453,1.3030948519706727,0.0013878728408599273,-780.7170169949532,106.0782658883482,3.0,0.8583635151386261,
584000,1243.0286684036255,-704.9753179550171,86.28426929126985,-0.0020256951608656148,43.62436084747314,1.3412232041358947,0.0022835973995825043,-780.7170169949532,106.0782658883482,3.0,0.8151754140853882,
588000,1251.2927792072296,-709.6358423233032,92.37412703280377,-0.0016562905759395451,55.31454734802246,1.3557391881942749,0.0021966672415146605,-780.7170169949532,106.0782658883482,3.0,0.7830770313739777,
592000,1259.5748834609985,-753.1547660827637,115.16009529387634,-0.0019222546973663769,42.283404159545896,1.2896096348762511,0.0015453519648872317,-780.7170169949532,106.0782658883482,3.0,0.7968637824058533,
596000,1267.8425891399384,-709.3738789558411,96.35669215406972,-0.0014486651184658418,36.68036117553711,1.2700250148773193,0.0044634435384068635,-780.7170169949532,106.0782658883482,3.0,0.8034668743610383,
600000,1276.1191804409027,-702.6595125198364,81.98146503314044,-0.0018554448899230636,41.94723281860352,1.247904121875763,0.0036091907079486953,-780.7170169949532,106.0782658883482,3.0,0.7848183929920196,
604000,1286.6887316703796,-728.7129011154175,99.06490827610152,-0.0016826599556370781,43.479187965393066,1.25242440700531,0.002500297708863708,-752.5216806530952,86.97791126713301,3.0,0.7454901516437531,
608000,1294.971492767334,-729.6236276626587,99.93254311207919,-0.002900417784907994,44.14488067626953,1.2688262224197389,0.002930347464280203,-752.5216806530952,86.97791126713301,3.0,0.7479057908058167,
612000,1303.245059967041,-682.1129722595215,85.53967673647243,-0.0021516531467010934,31.536273956298828,1.2696354866027832,0.0018938505190114307,-752.5216806530952,86.97791126713301,3.0,0.7377407193183899,
616000,1311.4946701526642,-705.7207527160645,85.91262829856586,-0.00257213438570032,46.754756164550784,1.2894915819168091,0.003954441574635004,-752.5216806530952,86.97791126713301,3.0,0.7835494756698609,
620000,1319.7595663070679,-687.0957984924316,79.31828298235408,-0.002359614903505047,31.597142219543457,1.2772245049476623,0.0033831706081982717,-752.5216806530952,86.97791126713301,3.0,0.7246893048286438,
624000,1328.0452642440796,-707.4595956802368,75.88446411380873,-0.0010412661537799683,42.75647621154785,1.229304850101471,0.0009412243547558319,-752.5216806530952,86.97791126713301,3.0,0.7299328923225403,
628000,1336.336062669754,-702.5590658187866,76.32782559206107,-0.00278814144470374,46.69597702026367,1.2542490005493163,0.002589176170838381,-752.5216806530952,86.97791126713301,3.0,0.7556158065795898,
632000,1344.6183533668518,-683.7743968963623,76.35011170714189,-0.001306644873649887,50.76442947387695,1.2501967787742614,0.001409518629613249,-752.5216806530952,86.97791126713301,3.0,0.753664368391037,
636000,1352.9030606746674,-686.7529335021973,83.46631578476465,-0.0008495671732330123,52.21265068054199,1.2556247472763062,0.002099098335602323,-752.5216806530952,86.97791126713301,3.0,0.7092207491397857,
640000,1361.196275472641,-680.3260555267334,70.62182245289858,-0.002706798351214612,34.8792121887207,1.255479097366333,0.0026148507720790805,-752.5216806530952,86.97791126713301,3.0,0.7304790914058685,
644000,1371.8023252487183,-687.046124458313,51.99122559294396,-0.0024040649447512052,33.02892723083496,1.2379912257194519,0.002390603715321049,-727.5144424140453,72.75892592421484,3.0,0.7206242501735687,
648000,1380.0612740516663,-698.9117918014526,79.24832874320403,-0.0008822249651426972,47.33876609802246,1.2371542692184447,0.0028893864553344085,-727.5144424140453,72.75892592421484,3.0,0.6823882818222046,
652000,1388.3451058864594,-707.129391670227,81.88560071843466,-0.0011407308752495737,51.96905364990234,1.2762898087501526,0.000652811792679131,-727.5144424140453,72.75892592421484,3.0,0.6946710407733917,
656000,1396.6000545024872,-691.7614212036133,88.56394444749591,-0.003191364577660849,53.639730834960936,1.3099336981773377,0.0019730876003450247,-727.5144424140453,72.75892592421484,3.0,0.6921077609062195,
660000,1404.8201696872711,-690.7014818191528,91.23999461171223,-0.001430408470934097,67.22145080566406,1.3147532105445863,0.0012971006333827972,-727.5144424140453,72.75892592421484,3.0,0.6976669788360595,
664000,1413.0964822769165,-695.987678527832,80.50545953106342,-0.0004503481919041263,51.01059913635254,1.3712523818016051,0.0026746454924965967,-727.5144424140453,72.75892592421484,3.0,0.6486236333847046,
668000,1421.3882002830505,-713.2457914352417,71.74281823061737,-0.002500515080328736,47.78038482666015,1.3718047499656678,0.0023454916052675495,-727.5144424140453,72.75892592421484,3.0,0.6445094406604767,
672000,1429.675663471222,-706.559684753418,96.60747613504729,-0.0006388576855535178,70.91773529052735,1.3802549958229064,0.001718910126510309,-727.5144424140453,72.75892592421484,3.0,0.7018075525760651,
676000,1437.948879957199,-697.6674489974976,75.99296591906955,-0.0017784216728371938,50.3499397277832,1.391008484363556,0.003484983113594353,-727.5144424140453,72.75892592421484,3.0,0.6938542723655701,
680000,1446.2253079414368,-711.6088228225708,91.04279537831424,-0.0012809242290119371,70.45279350280762,1.392181396484375,0.0031193118600640448,-727.5144424140453,72.75892592421484,3.0,0.6743640601634979,
684000,1456.859657049179,-712.0021839141846,80.96422196858005,-0.0027611899012699227,59.30889053344727,1.3670127749443055,0.00452838217788667,-785.4781744778156,162.58724119474599,3.0,0.6369855046272278,
688000,1465.1273312568665,-697.3868427276611,99.58731776845771,-0.0009419093073738338,60.860969161987306,1.3892230987548828,0.001344724796490482,-785.4781744778156,162.58724119474599,3.0,0.6662136733531951,
692000,1473.3995258808136,-706.1947908401489,84.45862053041277,-0.0017646438046359236,62.60161933898926,1.4266043066978455,0.0014934708663883356,-785.4781744778156,162.58724119474599,3.0,0.6928841829299927,
696000,1481.6577081680298,-704.8160333633423,92.59133761693678,-0.0009280365098020659,52.3317138671875,1.4040923237800598,0.0021682357735699044,-785.4781744778156,162.58724119474599,3.0,0.6637589752674102,
700000,1489.9169881343842,-714.575569152832,100.62262087632983,-0.0010975604765699031,35.27379817962647,1.3567728281021119,0.00211376947700046,-785.4781744778156,162.58724119474599,3.0,0.6522698044776917,
704000,1498.1587808132172,-673.9530611038208,84.7371347796681,-0.0014181388093857273,48.20229530334473,1.4036259651184082,0.002332067792342668,-785.4781744778156,162.58724119474599,3.0,0.6780752301216125,
708000,1506.3917932510376,-671.7413806915283,75.63394854496467,-0.0015990764609111086,52.97797546386719,1.3635303258895874,0.002079328589218976,-785.4781744778156,162.58724119474599,3.0,0.716304361820221,
712000,1514.6169378757477,-730.7163333892822,104.7963941290647,-0.00017512934069952024,70.4855728149414,1.3317633867263794,0.0008418036348302848,-785.4781744778156,162.58724119474599,3.0,0.597107183933258,
716000,1522.8380522727966,-727.1789770126343,83.227381361172,-0.0012122908520153298,64.27689743041992,1.396071195602417,0.0010987438014126382,-785.4781744778156,162.58724119474599,3.0,0.6513067185878754,
720000,1531.129605770111,-724.3507280349731,85.48046155558728,-0.0019345969843755806,49.08639030456543,1.3693172812461853,0.005004291704118568,-785.4781744778156,162.58724119474599,3.0,0.6429047524929047,
724000,1541.6243724822998,-698.8715991973877,89.60212930428884,-0.0016190494819117607,69.7518383026123,1.4143143892288208,0.004109178827183013,-928.223394870758,150.31910656045144,3.0,0.6076160848140717,
728000,1549.8739368915558,-691.0835628509521,79.11880946889887,-0.0010199047608863698,44.36350212097168,1.4127648591995239,0.0014218146534403786,-928.223394870758,150.31910656045144,3.0,0.6842964351177215,
732000,1558.1106650829315,-714.0709295272827,86.23976385943472,-0.001478857848909687,47.381700134277345,1.4121548771858214,0.0019087949751337874,-928.223394870758,150.31910656045144,3.0,0.6364438652992248,
736000,1566.3712029457092,-720.3964385986328,96.27993155883186,-0.001699329292615026,46.489410400390625,1.393573272228241,0.0011573235235118773,-928.223394870758,150.31910656045144,3.0,0.6347141027450561,
740000,1574.6161241531372,-766.8961019515991,121.43585999273039,-0.0006844613666640243,55.86297378540039,1.368599283695221,0.0015903961393632926,-928.223394870758,150.31910656045144,3.0,0.5798172891139984,
744000,1582.8595352172852,-731.9981908798218,78.52777179995626,-0.001629219456420561,41.53592929840088,1.3325186252593995,0.0015888251771248197,-928.223394870758,150.31910656045144,3.0,0.5915008962154389,
748000,1591.1070017814636,-703.1645560264587,82.12415333045448,-0.001156293825663557,49.15336875915527,1.3782069444656373,0.0034405205847773067,-928.223394870758,150.31910656045144,3.0,0.6482368588447571,
752000,1599.3643679618835,-714.051477432251,101.89250764876178,-0.0013935517504190197,43.72506103515625,1.3946666836738586,0.0033431540476158263,-928.223394870758,150.31910656045144,3.0,0.6374166131019592,
756000,1607.6149113178253,-752.5711498260498,106.99679626803695,-0.0009314468978845802,59.90734214782715,1.324418270587921,0.003063312789890915,-928.223394870758,150.31910656045144,3.0,0.6016802012920379,
760000,1615.8735253810883,-704.4740648269653,76.16581212116755,-0.0025670754976260144,39.139709663391116,1.3365699291229247,0.005867502635888133,-928.223394870758,150.31910656045144,3.0,0.648868590593338,
764000,1626.3724982738495,-702.3851475715637,84.35263455694589,-0.0021861082787703267,35.31247692108154,1.3814553499221802,0.004036659154284283,-792.3689820468426,109.02123021489604,3.0,0.6612525761127472,
768000,1634.622385263443,-722.9272003173828,78.93912359766807,-0.002114564191860513,47.65981826782227,1.3630159020423889,0.0018122378112942262,-792.3689820468426,109.02123021489604,3.0,0.6361503064632416,
772000,1642.8608179092407,-730.8708038330078,93.14023650834717,-0.001720486884335215,40.5223030090332,1.3934434533119202,0.0017095275819883683,-792.3689820468426,109.02123021489604,3.0,0.5888739049434661,
776000,1651.0946428775787,-705.0890531539917,96.01262266437512,-0.001936368593684179,48.69418869018555,1.390621292591095,0.0023799715565680168,-792.3689820468426,109.02123021489604,3.0,0.6297030448913574,
780000,1659.316528558731,-721.3496322631836,95.00783306808644,-0.0020431110860469337,42.64406909942627,1.3564859628677368,0.004342749912757427,-792.3689820468426,109.02123021489604,3.0,0.6063722252845765,
784000,1667.5440974235535,-733.7999563217163,96.46152311287852,-0.001452010632759304,41.71832160949707,1.300120723247528,0.002002080542307037,-792.3689820468426,109.02123021489604,3.0,0.5416995346546173,
788000,1675.7627921104431,-711.4141798019409,73.86472361640914,-0.0019569073674113647,29.112580871582033,1.302509641647339,0.004963265967671759,-792.3689820468426,109.02123021489604,3.0,0.5830410540103912,
792000,1684.0332202911377,-737.8139219284058,109.30534490403308,-0.001800211527307205,46.91537361145019,1.27590571641922,0.0026501069946680334,-792.3689820468426,109.02123021489604,3.0,0.6017059087753296,
796000,1692.252411365509,-731.2408027648926,113.72303036514111,-0.0013167945448852247,50.96589698791504,1.3776419758796692,0.002701324541703798,-792.3689820468426,109.02123021489604,3.0,0.6182729244232178,
800000,1700.5004558563232,-679.7118377685547,87.7149026122373,-0.001320891740033403,45.392869567871095,1.404357898235321,0.001466283451726974,-792.3689820468426,109.02123021489604,3.0,0.6623027205467225,
804000,1710.987807750702,-666.7814092636108,87.3004275078198,-0.002004869919425456,49.36858901977539,1.391910433769226,0.00535903922864236,-691.7306061089039,86.94800517298282,3.0,0.6378132045269013,
808000,1719.2374897003174,-700.8734855651855,76.78008886835885,-0.0019746587451081156,29.565671348571776,1.3574304819107055,0.0014333899425982982,-691.7306061089039,86.94800517298282,3.0,0.6297404706478119,
812000,1727.4806771278381,-701.6518068313599,110.77197887585815,-0.0013924550276037452,46.26910209655762,1.3525277256965638,0.0020761541405227013,-691.7306061089039,86.94800517298282,3.0,0.6157765209674835,
816000,1735.731531381607,-679.3406705856323,84.60489478914407,-0.0022486817097282065,44.978356552124026,1.3502810955047608,0.002676791191852923,-691.7306061089039,86.94800517298282,3.0,0.6359397947788239,
820000,1743.9644360542297,-693.1471328735352,88.61541929092799,-0.0010536837912709985,38.887292289733885,1.335390031337738,0.0020113593869609757,-691.7306061089039,86.94800517298282,3.0,0.6648098468780518,
824000,1752.2120335102081,-713.4631052017212,88.9861873346052,-0.000998175431081716,54.706019973754884,1.329595971107483,0.0012157696561189367,-691.7306061089039,86.94800517298282,3.0,0.6313469111919403,
828000,1760.4510889053345,-678.9299211502075,71.28155557819298,-0.0013006050951953618,38.828640174865725,1.3593302845954895,0.002350260711663099,-691.7306061089039,86.94800517298282,3.0,0.5616355121135712,
832000,1768.690705537796,-714.100043296814,90.56205264299858,-0.0014332884927668488,36.948591232299805,1.306230068206787,0.0016414589583291673,-691.7306061089039,86.94800517298282,3.0,0.5730956733226776,
836000,1776.9537167549133,-739.375581741333,100.98803006245834,-0.0013163234698937876,30.99528980255127,1.2798916578292847,0.0026041980090667494,-691.7306061089039,86.94800517298282,3.0,0.5399846076965332,
840000,1785.1890857219696,-716.0944728851318,97.14152015503143,-0.0012457866429758547,33.930720520019534,1.3787044763565064,0.001031256395721969,-691.7306061089039,86.94800517298282,3.0,0.5411861181259155,
844000,1795.6971549987793,-738.7583618164062,98.6521942768427,-0.0014494939960616904,47.97388381958008,1.3668007731437684,0.0013525123146052476,-966.1121529638767,206.46821193676897,3.0,0.5362428903579712,
848000,1803.9653403759003,-724.1855869293213,105.44421788786623,-0.0010499249359029682,31.72156753540039,1.3201304078102112,0.0011811522932257512,-966.1121529638767,206.46821193676897,3.0,0.5057139098644257,
852000,1812.2291083335876,-730.9775657653809,94.62437149296805,-0.0015769356138577383,35.730885696411136,1.3569496035575868,0.0018776313557367196,-966.1121529638767,206.46821193676897,3.0,0.5217680931091309,
856000,1820.49498128891,-712.2599878311157,83.55686984173992,-0.00216739750523508,30.807946586608885,1.3699824810028076,0.003881095635006204,-966.1121529638767,206.46821193676897,3.0,0.5400648891925812,
860000,1828.7561118602753,-682.3992743492126,88.74382083235368,-0.0012357974582215935,48.75489959716797,1.3172389388084411,0.0017542437883093954,-966.1121529638767,206.46821193676897,3.0,0.5800281167030334,
864000,1837.0315489768982,-685.4741725921631,74.36363193422486,-0.0015581073027181702,45.778620910644534,1.2988554239273071,0.001242771210667959,-966.1121529638767,206.46821193676897,3.0,0.5839365482330322,
868000,1845.2922718524933,-721.1998987197876,83.26571277115346,-0.00339704179476632,28.202210426330566,1.2881335616111755,0.004678103820187973,-966.1121529638767,206.46821193676897,3.0,0.5735909283161164,
872000,1853.561440229416,-748.9106931686401,95.76370508847216,-0.0027133156176812,30.29053077697754,1.2188349962234497,0.002897901109099621,-966.1121529638767,206.46821193676897,3.0,0.4968962103128433,
876000,1861.792334318161,-708.2003288269043,92.13902991637624,-0.000922012265587302,39.36190967559814,1.1910439372062682,0.0026727600372396408,-966.1121529638767,206.46821193676897,3.0,0.5102198958396912,
880000,1870.0612988471985,-739.6484661102295,90.5414741783545,-0.0018389026232568217,39.66717586517334,1.1880051612854003,0.0037301549789845014,-966.1121529638767,206.46821193676897,3.0,0.4961235672235489,
884000,1880.580715894699,-729.8985815048218,85.71864905205689,-0.002110932639567187,31.880665969848632,1.1511894106864928,0.0037918210776212323,-735.7349534630775,99.95290318252522,3.0,0.5118893444538116,
888000,1888.841426372528,-763.7021989822388,97.99452897189063,-0.0016061118422270094,39.432613372802734,1.144315814971924,0.004431595349761975,-735.7349534630775,99.95290318252522,3.0,0.4798895925283432,
892000,1897.1383101940155,-741.7257432937622,101.65147886398734,-0.0013047261465496617,33.66480655670166,1.1797175288200379,0.0026421515389423167,-735.7349534630775,99.95290318252522,3.0,0.5115625619888305,
896000,1905.4324266910553,-741.9107322692871,104.11020240402297,-0.0005764479718982418,39.02786979675293,1.2010345578193664,0.0019294700032332912,-735.7349534630775,99.95290318252522,3.0,0.49914890229701997,
900000,1913.7375555038452,-720.0014228820801,87.13603799533868,-0.001766135906335009,44.10709457397461,1.1511537551879882,0.002871250855969265,-735.7349534630775,99.95290318252522,3.0,0.47318774461746216,
904000,1922.0556631088257,-710.7580857276917,95.03270389385935,-0.0006953921360836723,44.73099689483642,1.2178511261940002,0.0012924134236527607,-735.7349534630775,99.95290318252522,3.0,0.5124884009361267,
908000,1930.3719816207886,-709.3362455368042,87.45379072118352,-0.001606983816813834,41.84137306213379,1.3336784601211549,0.0014886435412336141,-735.7349534630775,99.95290318252522,3.0,0.5506791234016418,
912000,1938.6923022270203,-705.663649559021,83.22904927579445,-0.0016242108223765816,41.23647594451904,1.2940581917762757,0.002223298726913825,-735.7349534630775,99.95290318252522,3.0,0.534629476070404,
916000,1946.9854128360748,-709.8475456237793,83.99442454476107,-0.0017762826292115896,34.08815860748291,1.3238682389259337,0.0020311126708208336,-735.7349534630775,99.95290318252522,3.0,0.5204463005065918,
920000,1955.3019602298737,-685.3538227081299,63.3661158945639,-0.001459057337740277,23.545284938812255,1.3571405291557312,0.004988716484513133,-735.7349534630775,99.95290318252522,3.0,0.5834098815917969,
924000,1965.8931922912598,-699.3883857727051,91.60888341841545,-0.0009633976762415842,34.16814365386963,1.3439620018005372,0.0018894390988862142,-714.5671660602093,88.59417961163793,3.0,0.4991355657577515,
928000,1974.2024183273315,-728.361367225647,85.96894437863243,-0.0021417391456973966,34.246184730529784,1.351685643196106,0.005766695726197213,-714.5671660602093,88.59417961163793,3.0,0.5786081790924072,
932000,1982.4634687900543,-703.2068810462952,95.9886473237721,-0.0017502481462919218,42.92876796722412,1.3450491309165955,0.0012621327536180616,-714.5671660602093,88.59417961163793,3.0,0.5711301684379577,
936000,1990.777961730957,-702.5856275558472,92.05773187665693,-0.0019297197090152097,29.921420097351074,1.3508845448493958,0.0035285559555632063,-714.5671660602093,88.59417961163793,3.0,0.5723819196224212,
940000,1999.087933063507,-683.4277153015137,73.09573443903828,-0.002344972385132138,33.98031768798828,1.292106556892395,0.0048228305037288696,-714.5671660602093,88.59417961163793,3.0,0.5515331268310547,
944000,2007.3941280841827,-691.0784187316895,94.9217608443264,-0.002030626849533412,39.77535877227783,1.274435579776764,0.0030941936513020976,-714.5671660602093,88.59417961163793,3.0,0.5939734399318695,
948000,2015.6867244243622,-698.5231122970581,84.19322666710625,-0.0028937400582945026,44.42363967895508,1.2788902282714845,0.0030051747235120274,-714.5671660602093,88.59417961163793,3.0,0.5732904255390168,
952000,2023.9716556072235,-683.4099006652832,72.69585020113392,-0.0030841950967442243,33.20084018707276,1.2560891032218933,0.004613636003341526,-714.5671660602093,88.59417961163793,3.0,0.5774124562740326,
956000,2032.241152048111,-692.3886308670044,84.16899117956977,-0.0011159276371181192,34.11124687194824,1.2843783974647522,0.003666446357965469,-714.5671660602093,88.59417961163793,3.0,0.517686003446579,
960000,2040.559576034546,-695.4481210708618,85.54016667084743,-0.001818124221278894,25.722694206237794,1.3293106436729432,0.002333978358694999,-714.5671660602093,88.59417961163793,3.0,0.5100432276725769,
964000,2051.124099254608,-704.4718027114868,82.11820037954092,-0.0012478422234635245,34.99339408874512,1.344050395488739,0.002590707053585606,-720.7521803081036,88.48049882633731,3.0,0.4759489744901657,
968000,2059.4300944805145,-734.8924789428711,101.43201878890802,-0.0019052473573633933,41.6200008392334,1.3594681024551392,0.003207936660347821,-720.7521803081036,88.48049882633731,3.0,0.4166078597307205,
972000,2067.7394800186157,-731.1115083694458,98.23137777212878,-0.0009477907923962192,38.73337593078613,1.2847715258598327,0.004536920052487403,-720.7521803081036,88.48049882633731,3.0,0.46930413842201235,
976000,2076.0555946826935,-736.2500886917114,93.19047996586154,-0.0009031714632099508,51.03864517211914,1.3063832521438599,0.0036363881559809685,-720.7521803081036,88.48049882633731,3.0,0.44241862595081327,
980000,2084.363010406494,-715.8724355697632,91.90237491976607,-0.002597055547890115,39.20487766265869,1.2852061986923218,0.004832484619691968,-720.7521803081036,88.48049882633731,3.0,0.47304017245769503,
984000,2092.641666173935,-701.9012475013733,78.32448264869068,-0.001748667558053718,38.268096160888675,1.2829292178153993,0.0038793127508058413,-720.7521803081036,88.48049882633731,3.0,0.48070187866687775,
988000,2100.9558866024017,-688.1174802780151,81.20427729541036,-0.002445567481103339,42.24611835479736,1.261218500137329,0.0048923748970652655,-720.7521803081036,88.48049882633731,3.0,0.48673427999019625,
992000,2109.263951778412,-704.8045873641968,73.06526772347031,-0.0016879343640369693,30.330642318725587,1.2225040435791015,0.003666790737770498,-720.7521803081036,88.48049882633731,3.0,0.4981341153383255,
996000,2117.544759273529,-700.8524217605591,89.51387073431387,-0.002651064110813117,41.81198558807373,1.2745728015899658,0.002601655463920906,-720.7521803081036,88.48049882633731,3.0,0.4893829137086868,
1000000,2125.842516899109,-679.6484708786011,83.14232414070537,-0.001543614567664875,34.797710227966306,1.278868854045868,0.001988974018604495,-720.7521803081036,88.48049882633731,3.0,0.4738660633563995,
1004000,2136.4148378372192,-676.7395839691162,85.10205457267372,-0.0016920131992859133,33.159407234191896,1.3099501252174377,0.004039408116911858,-683.0610978007317,75.78528903348854,3.0,0.5129637241363525,
1008000,2144.738264322281,-726.7032985687256,91.62600627640334,-0.00179428222224427,30.658865928649902,1.264615285396576,0.0023701852544715683,-683.0610978007317,75.78528903348854,3.0,0.4830689191818237,
1012000,2153.0501787662506,-739.6425132751465,104.78055019592922,-0.0024219131822077245,35.46783447265625,1.2422271251678467,0.00215869721669375,-683.0610978007317,75.78528903348854,3.0,0.526682996749878,
1016000,2161.3741636276245,-704.960654258728,91.47643905652588,-0.0032493162831329415,31.461818122863768,1.207487440109253,0.004781115405649583,-683.0610978007317,75.78528903348854,3.0,0.5335957527160644,
1020000,2169.6883931159973,-717.7518534660339,93.47831843258649,-0.001779778723760117,29.992024230957032,1.184115707874298,0.0029959701327219256,-683.0610978007317,75.78528903348854,3.0,0.555573296546936,
1024000,2177.9911167621613,-713.0050783157349,95.7171049188074,-0.0023699841967051325,28.942487716674805,1.2185773372650146,0.0035401881987539687,-683.0610978007317,75.78528903348854,3.0,0.5075958728790283,
1028000,2186.2508816719055,-698.4452857971191,79.74475585706925,-0.002645102803149113,31.932518005371094,1.2235002517700195,0.005029352470223491,-683.0610978007317,75.78528903348854,3.0,0.532903116941452,
1032000,2194.546119451523,-713.1081476211548,84.3763492060262,-0.002558707709191488,35.98775310516358,1.2825766563415528,0.003140859247650951,-683.0610978007317,75.78528903348854,3.0,0.500438392162323,
1036000,2202.825654745102,-688.4802174568176,92.20664398191529,-0.0032806097444457727,28.028450584411623,1.2868528246879578,0.0033883157855598258,-683.0610978007317,75.78528903348854,3.0,0.49789022505283353,
1040000,2211.1348237991333,-710.125376701355,96.03603420162496,-0.0024568411272096746,35.49644050598145,1.3345735192298889,0.00458351185079664,-683.0610978007317,75.78528903348854,3.0,0.46824035346508025,
1044000,2221.709846496582,-718.340537071228,93.24881258712713,-0.001955629650125168,49.08532218933105,1.3375421643257142,0.003201285045361146,-757.580480337143,100.24941624059956,3.0,0.4588357388973236,
1048000,2230.047732591629,-701.2731094360352,75.2225050579305,-0.0012180134274531128,43.816776275634766,1.3610244989395142,0.002467451260376652,-757.580480337143,100.24941624059956,3.0,0.4936305582523346,
1052000,2238.393236875534,-671.3435788154602,70.38401168065523,-0.002495270960343454,40.03902168273926,1.360348069667816,0.0046620290248344355,-757.580480337143,100.24941624059956,3.0,0.49605252146720885,
1056000,2246.755434036255,-693.2841644287109,109.7714329752886,-0.0016997629830342088,58.07428207397461,1.4036635875701904,0.003165640897350386,-757.580480337143,100.24941624059956,3.0,0.48494310677051544,
1060000,2255.0721356868744,-701.9026374816895,75.36063192772345,-0.0028915464701907644,32.909921646118164,1.3917705774307252,0.003368020345010642,-757.580480337143,100.24941624059956,3.0,0.4913811355829239,
1064000,2263.3549168109894,-674.270562171936,82.37484436034762,-0.0024182468372163867,45.67599754333496,1.3489862918853759,0.0027205629521825704,-757.580480337143,100.24941624059956,3.0,0.4700729578733444,
1068000,2271.6359071731567,-666.7881317138672,66.85419345168062,-0.0021646676016971456,42.62997665405273,1.3445117115974425,0.004070182555005885,-757.580480337143,100.24941624059956,3.0,0.47692308723926546,
1072000,2279.9534208774567,-676.6228113174438,83.46543651751972,-0.0029966253949096355,30.57756862640381,1.3351252317428588,0.0026304386249588196,-757.580480337143,100.24941624059956,3.0,0.5317985415458679,
1076000,2288.258105993271,-667.3813457489014,87.3719949254369,-0.002323595068320472,41.6105260848999,1.2954033493995667,0.0021244565427380956,-757.580480337143,100.24941624059956,3.0,0.5414328753948212,
1080000,2296.5719978809357,-657.6068878173828,69.32371756863192,-0.0025876339934378656,47.581198120117186,1.3158798456192016,0.004123477588640556,-757.580480337143,100.24941624059956,3.0,0.49742531180381777,
1084000,2307.117440223694,-665.0632886886597,81.06458815289747,-0.0032689950033478964,55.856514358520506,1.2938448071479798,0.002454169763950631,-668.0523812770844,97.76990817797987,3.0,0.5036378920078277,
1088000,2315.469379425049,-668.5594034194946,78.54830040607753,-0.0023922852519899784,52.32148704528809,1.3083737730979919,0.0019754016888327897,-668.0523812770844,97.76990817797987,3.0,0.47862374484539033,
1092000,2323.8232786655426,-663.1118097305298,71.50156621180356,-0.0024365639314492425,47.93788070678711,1.3157621026039124,0.002124230410826078,-668.0523812770844,97.76990817797987,3.0,0.5144382894039154,
1096000,2332.178755760193,-657.0222826004028,75.7630400202086,-0.003152040543422707,37.89650974273682,1.319195520877838,0.0034799996124736054,-668.0523812770844,97.76990817797987,3.0,0.5308535516262054,
1100000,2340.544014453888,-652.0968527793884,68.2776044386518,-0.002449932445616776,47.230277633666994,1.2575050711631774,0.0035984834820653065,-668.0523812770844,97.76990817797987,3.0,0.5011310189962387,
1104000,2348.899714946747,-672.2368383407593,72.31931215537995,-0.0026948316053506003,46.55169334411621,1.2847025513648986,0.004446149791164022,-668.0523812770844,97.76990817797987,3.0,0.528773033618927,
1108000,2357.242466688156,-686.9103498458862,87.15529523616921,-0.003683929737812441,36.83893165588379,1.2704281210899353,0.0043738439679145815,-668.0523812770844,97.76990817797987,3.0,0.49933225810527804,
1112000,2365.6084609031677,-690.7727556228638,74.14065110315364,-0.0031567361102594837,36.173342323303224,1.3050451636314393,0.0038348785383277573,-668.0523812770844,97.76990817797987,3.0,0.4802839428186417,
1116000,2373.931114435196,-678.5921249389648,81.13730528442743,-0.0027674845473375067,50.50898551940918,1.2842434406280518,0.0021640937142365147,-668.0523812770844,97.76990817797987,3.0,0.528367531299591,
1120000,2382.248347043991,-704.9817705154419,98.18610274878318,-0.0024960738831431685,57.1646011352539,1.318324911594391,0.0019192736646703845,-668.0523812770844,97.76990817797987,3.0,0.472061413526535,
1124000,2392.8971939086914,-699.8114995956421,127.14407922501415,-0.0028893675592650326,58.62505531311035,1.2877228260040283,0.003691242662491279,-812.4104626476765,228.48233636382068,3.0,0.4788209766149521,
1128000,2401.2252328395844,-706.4034147262573,89.93701824979249,-0.0031712315848562824,44.74154357910156,1.235478937625885,0.002554404642432928,-812.4104626476765,228.48233636382068,3.0,0.5007770866155624,
1132000,2409.5698776245117,-695.7681970596313,72.39888061484329,-0.0031566495940011595,42.85299415588379,1.2509085536003113,0.0026668696795240977,-812.4104626476765,228.48233636382068,3.0,0.4874340683221817,
1136000,2417.886170864105,-659.026647567749,62.78351036881288,-0.00382823292367781,44.550575256347656,1.2713271141052247,0.003002132481196895,-812.4104626476765,228.48233636382068,3.0,0.5188030660152435,
1140000,2426.193448781967,-655.3624076843262,74.00040618359553,-0.0033940452306414847,31.301932716369627,1.2529595732688903,0.0028069019230315463,-812.4104626476765,228.48233636382068,3.0,0.48691771626472474,
1144000,2434.52684879303,-670.7797622680664,76.5545885149616,-0.004268914493188891,36.5607816696167,1.264660120010376,0.004184560911341917,-812.4104626476765,228.48233636382068,3.0,0.4951463669538498,
1148000,2442.838218688965,-649.2151079177856,68.52520510045876,-0.0038292529439398317,48.45210227966309,1.2743630528450012,0.004014286588246874,-812.4104626476765,228.48233636382068,3.0,0.48572717010974886,
1152000,2451.1482162475586,-670.3060207366943,73.67859853930432,-0.003956985974296323,39.82485160827637,1.2698163509368896,0.0055935340832608425,-812.4104626476765,228.48233636382068,3.0,0.4619209975004196,
1156000,2459.4190056324005,-675.8576078414917,69.3873396729189,-0.002935942063612551,68.60573844909668,1.2625059604644775,0.0018740247880535631,-812.4104626476765,228.48233636382068,3.0,0.4717438489198685,
1160000,2467.674513578415,-683.3254117965698,78.4149027270526,-0.003199313163446904,51.415937423706055,1.248921775817871,0.0036234422281268054,-812.4104626476765,228.48233636382068,3.0,0.5089541614055634,
1164000,2478.1680731773376,-672.4110765457153,69.6276325738265,-0.004351844466446586,44.50301170349121,1.2249710202217101,0.004408056974110286,-728.7818750441074,132.97649705097476,3.0,0.47066521644592285,
1168000,2486.4141335487366,-695.9190320968628,97.86033017563499,-0.004189380655608454,44.55209655761719,1.2194846510887145,0.0032081302895676346,-728.7818750441074,132.97649705097476,3.0,0.4945471972227097,
1172000,2494.7239553928375,-660.5080080032349,81.35816046008492,-0.002892548715579313,65.32196235656738,1.2278188943862915,0.002833421481773257,-728.7818750441074,132.97649705097476,3.0,0.48990007638931277,
1176000,2503.0756974220276,-685.0496053695679,80.65181678901043,-0.003071806991356496,55.16134948730469,1.1897594213485718,0.0013481955567840487,-728.7818750441074,132.97649705097476,3.0,0.512386804819107,
1180000,2511.422090291977,-672.8013138771057,70.7759088666979,-0.004818624237532898,54.815575790405276,1.1598017454147338,0.004185149914701469,-728.7818750441074,132.97649705097476,3.0,0.5229466021060943,
1184000,2519.797153234482,-686.2799453735352,84.0730213981567,-0.0035251344925879115,47.73921890258789,1.1829424142837524,0.0025266977754654363,-728.7818750441074,132.97649705097476,3.0,0.5322642922401428,
1188000,2528.148170232773,-680.450834274292,90.71777118600355,-0.003648677209702633,54.41901473999023,1.181112802028656,0.005220481555443257,-728.7818750441074,132.97649705097476,3.0,0.47616725564002993,
1192000,2536.522110939026,-655.3982725143433,70.38609521750737,-0.0043746456159666994,53.96159057617187,1.1993675827980042,0.004756368239798281,-728.7818750441074,132.97649705097476,3.0,0.5236481428146362,
1196000,2544.905569791794,-677.1524715423584,84.73189460345507,-0.00303079743184691,68.59472541809082,1.254954743385315,0.002557392604649067,-728.7818750441074,132.97649705097476,3.0,0.482513901591301,
1200000,2553.2895839214325,-690.8519773483276,87.62298602966334,-0.00289206567259197,57.223908233642575,1.274345910549164,0.00234047312984087,-728.7818750441074,132.97649705097476,3.0,0.470245960354805,
1204000,2563.922664165497,-683.6650238037109,82.99244825092958,-0.002412595225672831,71.6558853149414,1.2779932856559753,0.0010621951427310706,-765.7870489656925,171.0026892778814,3.0,0.44539470970630646,
1208000,2572.2632355690002,-678.1235418319702,63.46137028159558,-0.0034565551580161722,71.84926261901856,1.2978419542312623,0.0022187778289662675,-765.7870489656925,171.0026892778814,3.0,0.4864769667387009,
1212000,2580.5974328517914,-689.3810033798218,74.85163475411198,-0.002899644689556791,49.6476806640625,1.2528238415718078,0.0047888101194985214,-765.7870489656925,171.0026892778814,3.0,0.45832395255565644,
1216000,2588.942064523697,-682.041241645813,88.08561487482325,-0.0034218121908294653,62.58016853332519,1.2689437031745912,0.002614811918096782,-765.7870489656925,171.0026892778814,3.0,0.45293712615966797,
1220000,2597.2928211688995,-696.0443544387817,103.77628425224796,-0.003669632410261925,55.58888931274414,1.279343557357788,0.0036736241876496934,-765.7870489656925,171.0026892778814,3.0,0.4619700014591217,
1224000,2605.6509165763855,-672.262936592102,74.08244321919037,-0.002679264595809705,70.4644775390625,1.3325806498527526,0.0027193703848752194,-765.7870489656925,171.0026892778814,3.0,0.47165660858154296,
1228000,2613.9802095890045,-708.2694826126099,100.71778379465312,-0.003501034578890483,64.30459175109863,1.2901137948036194,0.0036067294364329427,-765.7870489656925,171.0026892778814,3.0,0.4533396691083908,
1232000,2622.35422873497,-696.6838850975037,96.48110297980436,-0.004191418501238031,60.03525733947754,1.2681519150733949,0.004002387247630396,-765.7870489656925,171.0026892778814,3.0,0.4442423313856125,
1236000,2630.738395690918,-696.5596733093262,88.9830564981624,-0.0028998167204360215,70.28474464416504,1.2523636102676392,0.0032053296570666136,-765.7870489656925,171.0026892778814,3.0,0.4327543765306473,
1240000,2639.1258850097656,-687.5318250656128,80.76243328707545,-0.004238216771821813,62.45529289245606,1.2582890033721923,0.005229278421029449,-765.7870489656925,171.0026892778814,3.0,0.4679570198059082,
1244000,2649.638259410858,-682.361249923706,85.77549359982059,-0.0029956217948347687,48.733794403076175,1.2666778802871703,0.003953933629236417,-799.1384806334972,186.08075764939227,3.0,0.47688637375831605,
1248000,2657.896006822586,-682.015284538269,77.99739323022932,-0.004412625022931027,45.3114559173584,1.2332128167152405,0.00371544943199843,-799.1384806334972,186.08075764939227,3.0,0.47664918303489684,
1252000,2666.1389956474304,-666.4589653015137,82.39290076363923,-0.0024203771745475943,65.88762588500977,1.283496630191803,0.003829894991940819,-799.1384806334972,186.08075764939227,3.0,0.42579321265220643,
1256000,2674.3938534259796,-670.5880193710327,82.65230308412961,-0.0031791471043835172,41.61814460754395,1.2798559188842773,0.002838565409183502,-799.1384806334972,186.08075764939227,3.0,0.44635056257247924,
1260000,2682.660033226013,-684.1556577682495,101.3998052536321,-0.003731344695979111,52.85638580322266,1.2898017048835755,0.004338756296783685,-799.1384806334972,186.08075764939227,3.0,0.4100373089313507,
1264000,2690.914977312088,-671.8499145507812,70.43035737888106,-0.0030266911685465914,40.57413330078125,1.2797446489334106,0.004068718740018085,-799.1384806334972,186.08075764939227,3.0,0.45828597843647,
1268000,2699.130996465683,-662.8739366531372,72.21055394656788,-0.004100296625712296,40.257488059997556,1.2641761302947998,0.0042318058086093565,-799.1384806334972,186.08075764939227,3.0,0.4208346277475357,
1272000,2707.390590906143,-668.1507263183594,72.66968564538986,-0.0030235176955272112,51.37681846618652,1.2779207706451416,0.0038147323350131044,-799.1384806334972,186.08075764939227,3.0,0.4278774380683899,
1276000,2715.6611711978912,-693.8168992996216,80.60576438033826,-0.0030882005905732866,72.57668571472168,1.2112486720085145,0.0036608944938052446,-799.1384806334972,186.08075764939227,3.0,0.39565153121948243,
1280000,2723.8804671764374,-696.6681318283081,98.53051070946371,-0.002936160292088363,61.62210578918457,1.219079327583313,0.002814949034975145,-799.1384806334972,186.08075764939227,3.0,0.4105820029973984,
1284000,2734.3624811172485,-691.9487838745117,84.44673459587845,-0.0023327988337078056,68.32299728393555,1.2497507095336915,0.0034495561774044005,-739.3485281467438,114.22561783420137,3.0,0.37681870460510253,
1288000,2742.618750333786,-685.8728861808777,94.84258408938162,-0.003164465898007629,59.74309959411621,1.2513013124465941,0.0017908388952491805,-739.3485281467438,114.22561783420137,3.0,0.39116491079330445,
1292000,2750.8712799549103,-661.6386909484863,70.74821810093566,-0.0014430242251716407,68.70552597045898,1.2107918977737426,0.006248708534985781,-739.3485281467438,114.22561783420137,3.0,0.4336803317070007,
1296000,2759.127030134201,-673.1720418930054,84.23783663652456,-0.0034154404960184516,54.65944366455078,1.2203442692756652,0.002358548458869336,-739.3485281467438,114.22561783420137,3.0,0.41133328080177306,
1300000,2767.387428998947,-679.0095643997192,76.52115168585523,-0.0035656184591450037,45.25236167907715,1.2048382043838501,0.0041704750154167415,-739.3485281467438,114.22561783420137,3.0,0.42295927703380587,
1304000,2775.6426918506622,-701.481237411499,77.16985730996447,-0.002649753469847682,58.14777717590332,1.2020022034645081,0.0019216563057852909,-739.3485281467438,114.22561783420137,3.0,0.4313734769821167,
1308000,2783.905196428299,-682.5662965774536,87.66840466187882,-0.002612140759748094,63.450657272338866,1.1940896391868592,0.0038915188488317654,-739.3485281467438,114.22561783420137,3.0,0.3704766035079956,
1312000,2792.1514418125153,-670.4279370307922,84.3840094251162,-0.0042566788617987685,48.97378005981445,1.2282112836837769,0.003436256189568665,-739.3485281467438,114.22561783420137,3.0,0.40171519815921786,
1316000,2800.4116830825806,-663.0327568054199,76.68580077127791,-0.0035580388180290966,56.17359046936035,1.2529909014701843,0.003888795536477119,-739.3485281467438,114.22561783420137,3.0,0.3937478303909302,
1320000,2808.6699120998383,-669.3975086212158,80.84472642813591,-0.004322482602050037,68.88831024169922,1.3175447225570678,0.003641979597602285,-739.3485281467438,114.22561783420137,3.0,0.4237742632627487,
1324000,2819.159478664398,-669.2690582275391,79.9414050290943,-0.0033309177881260866,58.6038272857666,1.214292871952057,0.0038246493408223615,-694.5459641516209,100.53504481233544,3.0,0.4002921998500824,
1328000,2827.4106838703156,-675.4632215499878,84.95412975385668,-0.004048728249734257,48.181281661987306,1.2604482412338256,0.0037791532769915646,-694.5459641516209,100.53504481233544,3.0,0.4407490313053131,
1332000,2835.6517357826233,-672.7454614639282,87.05162969861404,-0.002585403925234786,71.9616153717041,1.2996893525123596,0.0034258936102560256,-694.5459641516209,100.53504481233544,3.0,0.4307086020708084,
1336000,2843.8986892700195,-687.0269641876221,77.80222667554902,-0.0035010231347211373,55.9986026763916,1.3170589923858642,0.0033425840126486417,-694.5459641516209,100.53504481233544,3.0,0.42783433198928833,
1340000,2852.1725623607635,-679.4572010040283,78.80381035396913,-0.0033892045945394856,44.72757568359375,1.2940178394317627,0.005066139239352197,-694.5459641516209,100.53504481233544,3.0,0.44260032176971437,
1344000,2860.429685354233,-687.3674325942993,80.24701495721106,-0.0035824001527313687,47.010474014282224,1.3233062982559205,0.00257097915358222,-694.5459641516209,100.53504481233544,3.0,0.43141562938690187,
1348000,2868.691815137863,-733.7616624832153,101.89203085591464,-0.003064676813315614,80.89613037109375,1.2985618472099305,0.002660830307286233,-694.5459641516209,100.53504481233544,3.0,0.4373393326997757,
1352000,2876.94069480896,-694.8310966491699,100.19096177074606,-0.002864624322974141,57.347937393188474,1.2712520718574525,0.0033956943214870985,-694.5459641516209,100.53504481233544,3.0,0.4271772414445877,
1356000,2885.1749653816223,-704.7759809494019,107.35530567887145,-0.0031696636359750396,65.74925498962402,1.270082128047943,0.0023359763555733217,-694.5459641516209,100.53504481233544,3.0,0.40755198895931244,
1360000,2893.4135434627533,-691.864164352417,89.64535704739372,-0.0028493995931930804,53.69784355163574,1.2760462760925293,0.001191022083628912,-694.5459641516209,100.53504481233544,3.0,0.4205813407897949,
1364000,2903.9005765914917,-717.3760089874268,109.50197118098401,-0.0022088458948807065,58.78633842468262,1.2897242546081542,0.002124893182422971,-746.0917432904243,133.65379891593756,3.0,0.41586543023586275,
1368000,2912.1447796821594,-696.5281014442444,95.23335584101275,-0.004174069466612629,41.48661499023437,1.320769727230072,0.005956924455706036,-746.0917432904243,133.65379891593756,3.0,0.4267362952232361,
1372000,2920.403669118881,-685.0753087997437,79.62693754930424,-0.004441770719364291,52.071824645996095,1.3225655794143676,0.007230759956563526,-746.0917432904243,133.65379891593756,3.0,0.4028966695070267,
1376000,2928.6617171764374,-694.9391136169434,94.70222638566071,-0.004430296837973113,36.156803131103516,1.3323941349983215,0.004739604790035326,-746.0917432904243,133.65379891593756,3.0,0.41577443182468415,
1380000,2936.8825874328613,-657.6785383224487,70.42246411641622,-0.00290423764051706,47.160787200927736,1.271209728717804,0.002549673830071697,-746.0917432904243,133.65379891593756,3.0,0.4301274627447128,
1384000,2945.134290933609,-664.3474469184875,81.37641651196168,-0.002842381125898097,39.72179183959961,1.2896818161010741,0.0041394752584553276,-746.0917432904243,133.65379891593756,3.0,0.42563235461711885,
1388000,2953.379772424698,-703.9024572372437,77.8477915638106,-0.0033944561811125205,52.61497840881348,1.2145917296409607,0.0026641184638720007,-746.0917432904243,133.65379891593756,3.0,0.40484739243984225,
1392000,2961.625200510025,-686.7803735733032,80.3761038257007,-0.002451173020698949,45.74946479797363,1.2009886384010315,0.0024876987787138204,-746.0917432904243,133.65379891593756,3.0,0.4496312767267227,
1396000,2969.8660361766815,-693.5768899917603,65.6849296651092,-0.002380801249140263,42.81952304840088,1.1619491457939148,0.005084236682159826,-746.0917432904243,133.65379891593756,3.0,0.4200322598218918,
1400000,2978.094054222107,-682.68914270401,91.21199226153351,-0.002242981718697923,49.182773208618165,1.1525380969047547,0.004190367248142146,-746.0917432904243,133.65379891593756,3.0,0.4514429122209549,
1404000,2988.589699983597,-671.4352579116821,92.25885960237326,-0.003582726009966164,41.781927490234374,1.1534987449645997,0.002808726212242618,-706.1556468009949,82.85732816649288,3.0,0.45217761397361755,
1408000,2996.8425064086914,-669.6593942642212,81.18806287737449,-0.003002125710171555,35.538588523864746,1.1900802373886108,0.005262615830365913,-706.1556468009949,82.85732816649288,3.0,0.41830049753189086,
1412000,3005.0859711170197,-695.8930501937866,90.37142842562655,-0.00306431212183087,56.42002067565918,1.280969500541687,0.0028928288846897577,-706.1556468009949,82.85732816649288,3.0,0.3847882986068726,
1416000,3013.349264383316,-656.5371479988098,68.17801989278372,-0.0020558443017812066,61.325632858276364,1.2439456582069397,0.0013421954630563615,-706.1556468009949,82.85732816649288,3.0,0.3983025699853897,
1420000,3021.604494333267,-686.6320066452026,76.76497092537805,-0.0033752173656442785,52.23834648132324,1.2530342578887939,0.0033140290114485717,-706.1556468009949,82.85732816649288,3.0,0.40581296384334564,
1424000,3029.8476779460907,-724.1397228240967,94.2993686961541,-0.0030688981599329866,55.35131607055664,1.2188799738883973,0.0026509399849734714,-706.1556468009949,82.85732816649288,3.0,0.3549879938364029,
1428000,3038.0587887763977,-713.7524089813232,85.46409528079884,-0.0028919045862664137,38.87732429504395,1.235703992843628,0.0025260862014838494,-706.1556468009949,82.85732816649288,3.0,0.38722198009490966,
1432000,3046.313155412674,-690.4535417556763,85.74964577522526,-0.002516240350611021,50.86571922302246,1.2362794637680055,0.0032736393332015723,-706.1556468009949,82.85732816649288,3.0,0.42983958423137664,
1436000,3054.5766870975494,-688.3040041923523,112.65573728232559,-0.004187633451772843,42.8937931060791,1.2788183689117432,0.006525999976554897,-706.1556468009949,82.85732816649288,3.0,0.3996464997529984,
1440000,3062.847968816757,-696.7418298721313,74.91297056424771,-0.003291924890674025,35.507540702819824,1.1795002698898316,0.004192116437479854,-706.1556468009949,82.85732816649288,3.0,0.39456233084201814,
1444000,3073.3378019332886,-699.0535373687744,74.88007876773295,-0.0032415352199654636,43.20988235473633,1.201732099056244,0.0021712863992433993,-698.5383146703243,75.02619027284474,3.0,0.3904260486364365,
1448000,3081.5852541923523,-694.9795379638672,80.92819677680824,-0.0022366692608144943,54.29686660766602,1.1685823440551757,0.0026414169056806712,-698.5383146703243,75.02619027284474,3.0,0.4277981877326965,
1452000,3089.825091600418,-684.4420142173767,84.02244718357144,-0.0023645029861750545,50.93316879272461,1.1190303325653077,0.0036893816654337552,-698.5383146703243,75.02619027284474,3.0,0.3946884423494339,
1456000,3098.076616048813,-686.9122362136841,87.40107107394128,-0.0028884082506412056,35.92776870727539,1.1682713985443116,0.002277170054730959,-698.5383146703243,75.02619027284474,3.0,0.3671443611383438,
1460000,3106.32671046257,-690.6865854263306,61.51232299484786,-0.0027090070176248203,41.50367450714111,1.2301250100135803,0.004249629308469593,-698.5383146703243,75.02619027284474,3.0,0.34755128920078276,
1464000,3114.577176094055,-713.9061908721924,92.85013019610739,-0.00278316949942381,50.654122543334964,1.2529512166976928,0.0031476350413868204,-698.5383146703243,75.02619027284474,3.0,0.35959207117557523,
1468000,3122.8215267658234,-687.6431541442871,87.94033600613398,-0.0030734936961962942,31.754878044128418,1.2830962896347047,0.002123894353280775,-698.5383146703243,75.02619027284474,3.0,0.3757506966590881,
1472000,3131.07302236557,-688.8838548660278,79.43965213132124,-0.0010931339101710514,39.7659948348999,1.2981286644935608,0.0018227393205355268,-698.5383146703243,75.02619027284474,3.0,0.36037932336330414,
1476000,3139.3021743297577,-701.0259819030762,73.11438961551295,-0.003064001473404154,47.89222717285156,1.2824595093727111,0.0021395300311269237,-698.5383146703243,75.02619027284474,3.0,0.35286485850811006,
1480000,3147.534861803055,-696.8102102279663,80.22942053032438,-0.003199415524917004,38.671366119384764,1.2741926550865172,0.0030556599900592118,-698.5383146703243,75.02619027284474,3.0,0.3406750500202179,
1484000,3158.005192041397,-706.2594022750854,84.44338579440927,-0.003903110212723959,31.11979579925537,1.2908438324928284,0.004036740490118973,-795.9553169310093,186.4489634376504,3.0,0.38727124929428103,
1488000,3166.2494599819183,-689.4390287399292,97.76761530580964,-0.002412525171413904,32.8724365234375,1.2819327116012573,0.004667936149053276,-795.9553169310093,186.4489634376504,3.0,0.3787009358406067,
1492000,3174.485258579254,-690.8226633071899,91.98905628445983,-0.003105385649095638,58.15746154785156,1.2775895833969115,0.0036718712508445606,-795.9553169310093,186.4489634376504,3.0,0.3589912235736847,
1496000,3182.704178571701,-665.4942350387573,91.27413590788217,-0.002647765106133493,71.19824676513672,1.2565996885299682,0.002188372004457051,-795.9553169310093,186.4489634376504,3.0,0.3808240175247192,
1500000,3190.914051055908,-659.7433795928955,77.36853364686,-0.0022059940407441305,33.82479381561279,1.2503440618515014,0.0035813137881147484,-795.9553169310093,186.4489634376504,3.0,0.3738739639520645,
1504000,3199.1647386550903,-643.1968884468079,66.38267237637298,-0.0045960109959511716,41.500488662719725,1.2611133217811585,0.0034376633645734067,-795.9553169310093,186.4489634376504,3.0,0.3932026088237762,
1508000,3207.3970086574554,-670.4534196853638,75.84307467411293,-0.0031042442033843544,43.85387001037598,1.2220876336097717,0.002679440585294901,-795.9553169310093,186.4489634376504,3.0,0.357817730307579,
1512000,3215.6342418193817,-666.1303510665894,85.56226110084113,-0.003364190446523274,56.79429702758789,1.2334859371185303,0.0038127302256568017,-795.9553169310093,186.4489634376504,3.0,0.35615003407001494,
1516000,3223.863021850586,-659.8201208114624,75.55418642600615,-0.004164685438503568,32.56306190490723,1.1924875497817993,0.0038683205493725836,-795.9553169310093,186.4489634376504,3.0,0.3460680812597275,
1520000,3232.099691390991,-678.8294444084167,91.76823178536634,-0.004013361056956111,37.810034561157224,1.214930272102356,0.004054769656067947,-795.9553169310093,186.4489634376504,3.0,0.3722861796617508,
1524000,3242.5613193511963,-677.0364017486572,78.37544392779806,-0.004664635835991593,34.83791370391846,1.2275009274482727,0.0047715484339278195,-696.6460941135883,81.3483043608404,3.0,0.388158968091011,
1528000,3250.7980155944824,-679.3465685844421,86.90875093169618,-0.0044711277048336325,36.901475524902345,1.166211473941803,0.004025285167153924,-696.6460941135883,81.3483043608404,3.0,0.41771875619888305,
1532000,3259.037674665451,-684.2275533676147,82.5242525030714,-0.0030027168208810904,36.839246940612796,1.1853824019432069,0.003908526740269735,-696.6460941135883,81.3483043608404,3.0,0.44180198907852175,
1536000,3267.287623643875,-661.5186929702759,65.05478808037422,-0.0030726244628119124,34.64739818572998,1.1478957653045654,0.002222266265617989,-696.6460941135883,81.3483043608404,3.0,0.43879188895225524,
1540000,3275.5270416736603,-671.9989728927612,84.69759417041364,-0.0026619179973301323,38.01742324829102,1.09867103099823,0.0027100475736660857,-696.6460941135883,81.3483043608404,3.0,0.4523501515388489,
1544000,3283.776876449585,-653.6667699813843,76.02903474052644,-0.003999407238404573,36.40634632110596,1.147166383266449,0.004898333121673204,-696.6460941135883,81.3483043608404,3.0,0.4624372273683548,
1548000,3292.025614500046,-661.2502384185791,69.22813939284414,-0.00232089326697551,34.49072093963623,1.077102541923523,0.0024566028645494954,-696.6460941135883,81.3483043608404,3.0,0.4299522489309311,
1552000,3300.2666878700256,-671.6976375579834,67.83576126091691,-0.004040986751982301,42.3021879196167,1.0689870476722718,0.00500820146089731,-696.6460941135883,81.3483043608404,3.0,0.48305730521678925,
1556000,3308.515722990036,-657.761577129364,75.55027473287134,-0.0034959622172949234,22.43779754638672,1.1231054067611694,0.002415934792952612,-696.6460941135883,81.3483043608404,3.0,0.47862393260002134,
1560000,3316.653566122055,-664.4388303756714,72.12714267005389,-0.0034899963310454085,41.92580223083496,1.141877496242523,0.003592723341634474,-696.6460941135883,81.3483043608404,3.0,0.46572560667991636,
1564000,3326.9411940574646,-687.7292718887329,78.68266384780998,-0.004990807677851983,37.5786958694458,1.1238686203956605,0.00439276983961463,-669.4204753935337,73.0388501742992,3.0,0.4598281294107437,
1568000,3335.0009112358093,-664.4911069869995,72.21797848291816,-0.005802779548335834,32.64764671325683,1.1129666328430177,0.006942611711565405,-669.4204753935337,73.0388501742992,3.0,0.4229093372821808,
1572000,3343.079854488373,-670.2176542282104,69.00835911745796,-0.0038086614103522098,47.78959770202637,1.1674887418746949,0.005071787675765038,-669.4204753935337,73.0388501742992,3.0,0.4221291899681091,
1576000,3351.322795152664,-663.4504928588867,70.16084130351545,-0.0036247756150551425,52.85823211669922,1.2036124229431153,0.004270660945369565,-669.4204753935337,73.0388501742992,3.0,0.4479983389377594,
1580000,3359.561787366867,-689.0150527954102,97.9028103804449,-0.0020072793347063467,52.16380310058594,1.2166510105133057,0.0033510111186963788,-669.4204753935337,73.0388501742992,3.0,0.49088250994682314,
1584000,3367.805900335312,-678.3287172317505,91.61031733819563,-0.0043112214524297695,31.34034423828125,1.247549569606781,0.003908795840184531,-669.4204753935337,73.0388501742992,3.0,0.4563520461320877,
1588000,3376.059641599655,-716.0881881713867,88.20642485123352,-0.003578362256366141,46.10611801147461,1.269083321094513,0.00245132696812895,-669.4204753935337,73.0388501742992,3.0,0.4400896966457367,
1592000,3384.3203568458557,-702.3349380493164,86.82553688909724,-0.0029699438640005127,43.19289970397949,1.2734436750411988,0.004963676004592976,-669.4204753935337,73.0388501742992,3.0,0.4776369571685791,
1596000,3392.5851576328278,-704.0026454925537,96.11529456908536,-0.003420186508834977,46.220658493041995,1.275731897354126,0.003758369851741011,-669.4204753935337,73.0388501742992,3.0,0.4273968577384949,
1600000,3400.8448600769043,-693.6721835136414,70.37463887285078,-0.0035181784638358858,44.360050201416016,1.2643665313720702,0.004373349403613247,-669.4204753935337,73.0388501742992,3.0,0.42250951528549197,
1604000,3411.328348875046,-694.7780427932739,90.16068937099293,-0.0034253906384110523,39.007527351379395,1.2685573935508727,0.003982353865285404,-705.7296829521656,102.3957430092998,3.0,0.4516422778367996,
1608000,3419.5803990364075,-699.4422855377197,88.19728237452574,-0.0037963197870801045,49.55912780761719,1.2475413918495177,0.0041177579470289775,-705.7296829521656,102.3957430092998,3.0,0.45376116335391997,
1612000,3427.825991868973,-680.6403226852417,76.96796844284023,-0.00265688399668349,58.420705032348636,1.2783410906791688,0.003031154157050575,-705.7296829521656,102.3957430092998,3.0,0.4523537755012512,
1616000,3436.0859804153442,-720.7657899856567,84.40155180585162,-0.003029739040881374,45.52913703918457,1.260814368724823,0.0018149009090848267,-705.7296829521656,102.3957430092998,3.0,0.48820447325706484,
1620000,3444.337901353836,-700.6889524459839,73.12016368409635,-0.003180868463280273,38.762583351135255,1.207270574569702,0.004015822007553638,-705.7296829521656,102.3957430092998,3.0,0.475126588344574,
1624000,3452.59521317482,-679.3911080360413,79.48303435549667,-0.0024173887654129977,60.35108413696289,1.238657796382904,0.002058931524322058,-705.7296829521656,102.3957430092998,3.0,0.4522154003381729,
1628000,3460.771030187607,-693.958438873291,86.00922195141236,-0.0037828262049393936,42.380001068115234,1.2780601978302002,0.003395974554955794,-705.7296829521656,102.3957430092998,3.0,0.4636799544095993,
1632000,3468.96946644783,-712.8829689025879,81.58482135196955,-0.0033479749437343997,51.93014411926269,1.238492226600647,0.0037782053637783974,-705.7296829521656,102.3957430092998,3.0,0.433897864818573,
1636000,3477.2275383472443,-718.1025800704956,93.95130251209669,-0.0025492235697262442,52.62199096679687,1.2467627286911012,0.002225058310010386,-705.7296829521656,102.3957430092998,3.0,0.44238961935043336,
1640000,3485.478806257248,-715.6261911392212,91.33233314264017,-0.002780128989097008,44.79003829956055,1.2220507979393005,0.0028260672523174437,-705.7296829521656,102.3957430092998,3.0,0.4468105912208557,
1644000,3495.9685604572296,-711.1718082427979,87.7339290816318,-0.003375635422358769,48.58727607727051,1.2468816637992859,0.002779573249630629,-884.1191533505917,221.10530534710273,3.0,0.42441481351852417,
1648000,3504.2173178195953,-706.7773752212524,111.59507445435777,-0.004049223548267022,49.031090927124026,1.2569268226623536,0.004604447883320972,-884.1191533505917,221.10530534710273,3.0,0.4029692649841309,
1652000,3512.425875902176,-731.4282808303833,95.29292505960726,-0.003494804939992413,50.20526008605957,1.2622915744781493,0.002816494883154519,-884.1191533505917,221.10530534710273,3.0,0.41001572012901305,
1656000,3520.6462681293488,-702.0097208023071,73.70019674473497,-0.0035756348755288324,48.30734024047852,1.2870586514472961,0.0020668965590884937,-884.1191533505917,221.10530534710273,3.0,0.4380969226360321,
1660000,3528.897246837616,-688.3600826263428,98.93769100375802,-0.0038374520639578693,41.533895111083986,1.257174551486969,0.0025051522354285092,-884.1191533505917,221.10530534710273,3.0,0.4339744418859482,
1664000,3537.1463963985443,-685.07373046875,83.34357933849739,-0.002451398625271395,52.08721504211426,1.254659390449524,0.0020182967389700936,-884.1191533505917,221.10530534710273,3.0,0.45400549471378326,
1668000,3545.3947944641113,-704.7096271514893,100.50990414166927,-0.002673375104786846,53.250915145874025,1.2537915229797363,0.002836269460385665,-884.1191533505917,221.10530534710273,3.0,0.4240811675786972,
1672000,3553.635683298111,-677.0237407684326,74.94734083835299,-0.003516379882115872,39.347449493408206,1.2808326125144958,0.004173940379172602,-884.1191533505917,221.10530534710273,3.0,0.423122301697731,
1676000,3561.884491920471,-694.6242551803589,81.75619987097902,-0.003861955702033093,38.730766487121585,1.2524693965911866,0.005287799871992321,-884.1191533505917,221.10530534710273,3.0,0.4402244210243225,
1680000,3570.1293194293976,-697.5153436660767,71.99811904061737,-0.0026615645077642247,40.50108470916748,1.2292831897735597,0.0031322591923526487,-884.1191533505917,221.10530534710273,3.0,0.4181885629892349,
1684000,3580.606917142868,-678.0834169387817,80.54519377700221,-0.004275187347588627,42.76146049499512,1.2391850471496582,0.004463499863049947,-824.3815702497959,179.45779930917408,3.0,0.43175924718379977,
1688000,3588.8531839847565,-693.7444701194763,86.0724523377211,-0.004392429510053869,56.31284637451172,1.2193201780319214,0.003755635585170247,-824.3815702497959,179.45779930917408,3.0,0.43265068531036377,
1692000,3597.092591524124,-700.1381006240845,79.80166197735784,-0.004619936133967694,46.3379467010498,1.209454357624054,0.004576834160252475,-824.3815702497959,179.45779930917408,3.0,0.4360151529312134,
1696000,3605.341835975647,-688.0555057525635,93.68191964699626,-0.004256554498531262,36.449117279052736,1.2034630060195923,0.002522852114634588,-824.3815702497959,179.45779930917408,3.0,0.4394979774951935,
1700000,3613.5902392864227,-683.2910013198853,85.81184010718705,-0.0042989541320906325,40.812685585021974,1.1859721183776855,0.003408017574111,-824.3815702497959,179.45779930917408,3.0,0.43751080632209777,
1704000,3621.844707250595,-656.492112159729,79.01703026966076,-0.003891526177603133,57.71021003723145,1.2067730665206908,0.004221836134791435,-824.3815702497959,179.45779930917408,3.0,0.4480853319168091,
1708000,3629.991657972336,-668.1976470947266,89.4735146369631,-0.0034666762961229835,59.26435775756836,1.2512327432632446,0.002493350172881037,-824.3815702497959,179.45779930917408,3.0,0.4359043002128601,
1712000,3638.230998277664,-674.6589202880859,92.30312988155187,-0.004200001855691316,51.646392059326175,1.2279421448707581,0.00474259335314855,-824.3815702497959,179.45779930917408,3.0,0.41086367666721346,
1716000,3646.4666492938995,-658.4212760925293,70.2671139600492,-0.0028435925870047285,67.62667694091797,1.2135398626327514,0.003677148756105453,-824.3815702497959,179.45779930917408,3.0,0.4328256487846375,
1720000,3654.709406375885,-676.4662532806396,87.6214203060875,-0.0035169040437709855,45.27296257019043,1.1815959572792054,0.0023496614016282,-824.3815702497959,179.45779930917408,3.0,0.46825928390026095,
1724000,3665.1997141838074,-687.0728149414062,87.22227678706867,-0.0032079434765425407,52.78658332824707,1.1950915932655335,0.0064051887682483825,-696.0127004086971,111.9585719629798,3.0,0.4290470391511917,
1728000,3673.4440145492554,-687.2976264953613,81.8646514221887,-0.005655231603731714,29.985993957519533,1.1482331156730652,0.008858932519797236,-696.0127004086971,111.9585719629798,3.0,0.4633236229419708,
1732000,3681.6801443099976,-681.8350791931152,72.47346023208648,-0.0041328471480489345,29.742366790771484,1.1302722334861754,0.005162804306407148,-696.0127004086971,111.9585719629798,3.0,0.456916418671608,
1736000,3689.9262552261353,-668.9547128677368,66.33850665467634,-0.005903292523929871,29.808634948730468,1.134273314476013,0.004596763572500428,-696.0127004086971,111.9585719629798,3.0,0.4642675668001175,
1740000,3698.1723918914795,-673.0959968566895,77.34931176082794,-0.0042533317228468535,40.15830554962158,1.1490342378616334,0.005325212568277493,-696.0127004086971,111.9585719629798,3.0,0.4584297209978104,
1744000,3706.412600040436,-670.3262758255005,77.66583544700353,-0.004136536799875667,39.88476638793945,1.1598945379257202,0.003981790295802057,-696.0127004086971,111.9585719629798,3.0,0.47740035951137544,
1748000,3714.6206879615784,-687.2195739746094,85.72700500566161,-0.003104593854494553,39.59369735717773,1.1326200723648072,0.0036901484010741113,-696.0127004086971,111.9585719629798,3.0,0.42510648667812345,
1752000,3722.86869764328,-674.6333112716675,74.22755676787811,-0.00429798324980446,48.85691833496094,1.1070218920707702,0.003431264888718344,-696.0127004086971,111.9585719629798,3.0,0.41295680999755857,
1756000,3731.1075773239136,-670.1408042907715,68.03520508417444,-0.0037591072461800935,40.86671123504639,1.0788663029670715,0.004588467656867578,-696.0127004086971,111.9585719629798,3.0,0.4408100634813309,
1760000,3739.3500084877014,-673.7755255699158,84.46155795249257,-0.0055719829378649164,47.946187591552736,1.0869169116020203,0.006732443817891199,-696.0127004086971,111.9585719629798,3.0,0.4274266541004181,
1764000,3749.8296296596527,-691.5278120040894,79.15846853403187,-0.0029722122501989467,50.65921211242676,1.0809777855873108,0.002361905192568292,-707.8838408887386,95.9702484185105,3.0,0.40889922976493837,
1768000,3758.092042207718,-685.4495549201965,82.44243916924347,-0.0035298046336587063,65.92988357543945,1.0611641526222229,0.0038597595646667317,-707.8838408887386,95.9702484185105,3.0,0.4361527681350708,
1772000,3766.3227751255035,-685.3438563346863,79.95289141739906,-0.005163738978871635,34.302996444702146,1.0580578446388245,0.004790243355091661,-707.8838408887386,95.9702484185105,3.0,0.4286830544471741,
1776000,3774.576655626297,-674.9874701499939,83.83964847474597,-0.00298638605825059,54.50157585144043,1.0691179156303405,0.003361739038839051,-707.8838408887386,95.9702484185105,3.0,0.45620608031749726,
1780000,3782.8098697662354,-694.2331056594849,90.30881998875287,-0.003769019847270094,44.79322891235351,1.0733259081840516,0.004262590131256738,-707.8838408887386,95.9702484185105,3.0,0.4231504052877426,
1784000,3791.05793094635,-713.4734334945679,100.03177133148414,-0.0025700021037967425,56.98811645507813,1.082610058784485,0.0029565033910330385,-707.8838408887386,95.9702484185105,3.0,0.3997278153896332,
1788000,3799.312133550644,-693.1566190719604,91.85168741132743,-0.004488727175941065,38.02050380706787,1.0664010643959045,0.005002250840266553,-707.8838408887386,95.9702484185105,3.0,0.40169135928153993,
1792000,3807.576001882553,-679.7850036621094,99.08049205286376,-0.0035732856384250943,49.55277786254883,1.0693984031677246,0.003932248591445387,-707.8838408887386,95.9702484185105,3.0,0.4258028507232666,
1796000,3815.8279774188995,-702.4474248886108,89.77620128418496,-0.004315686124454566,35.354330444335936,1.07028169631958,0.003549872024450451,-707.8838408887386,95.9702484185105,3.0,0.41187078058719634,
1800000,3824.0793719291687,-697.8657884597778,92.794100233851,-0.0039020219667193793,50.761702346801755,1.1185397267341615,0.004418830030753007,-707.8838408887386,95.9702484185105,3.0,0.4129891484975815,
1804000,3834.5906894207,-694.4972553253174,89.24909261466394,-0.0036233209688216307,50.79876708984375,1.1431838750839234,0.005292292211903238,-734.9689209759235,115.68180254718152,3.0,0.42557304799556733,
1808000,3842.850011587143,-693.1723699569702,90.8443301160635,-0.0032091280657332356,51.97310523986816,1.1693473219871522,0.003390196869537854,-734.9689209759235,115.68180254718152,3.0,0.3995536267757416,
1812000,3851.100559949875,-695.3147406578064,86.68642466752301,-0.004032218781959607,44.9213321685791,1.1157822489738465,0.004079411516431719,-734.9689209759235,115.68180254718152,3.0,0.39062958061695097,
1816000,3859.3437197208405,-674.9162330627441,83.82010046474252,-0.002959852593446488,53.8812973022461,1.1787580609321595,0.004368512635119259,-734.9689209759235,115.68180254718152,3.0,0.4048247098922729,
1820000,3867.584119081497,-666.397102355957,78.08804170035955,-0.0026125020404894617,45.022901916503905,1.1669713616371156,0.0023332684781053104,-734.9689209759235,115.68180254718152,3.0,0.38765640258789064,
1824000,3875.831180334091,-695.5470609664917,90.60432567642412,-0.0031088192790436286,58.27774925231934,1.169223165512085,0.0055557583415065896,-734.9689209759235,115.68180254718152,3.0,0.3796415954828262,
1828000,3884.0830795764923,-686.9968638420105,72.40117628327322,-0.0041150193607900395,57.17020835876465,1.1889379024505615,0.004373809648677706,-734.9689209759235,115.68180254718152,3.0,0.4112646788358688,
1832000,3892.333786010742,-699.4530372619629,79.63927778970036,-0.0036177273838935873,58.97571296691895,1.2053966283798219,0.001934466665261425,-734.9689209759235,115.68180254718152,3.0,0.3964385807514191,
1836000,3900.585602283478,-718.3598690032959,78.79387106935809,-0.004947044962473867,41.71082077026367,1.150566005706787,0.005048932868521661,-734.9689209759235,115.68180254718152,3.0,0.387467959523201,
1840000,3908.819662332535,-695.4612464904785,88.34650794878895,-0.004279149267744931,55.09371223449707,1.1871933698654176,0.005942934949416667,-734.9689209759235,115.68180254718152,3.0,0.386826828122139,
1844000,3919.2787833213806,-701.3967714309692,96.74367509556124,-0.004542984206694989,48.14072380065918,1.1954237222671509,0.0038669351291900967,-724.8256138861179,135.20858635776787,3.0,0.39676756262779234,
1848000,3927.4927911758423,-702.4850077629089,89.22844955505487,-0.0034354230284225017,35.64940586090088,1.2073909640312195,0.004589040804499139,-724.8256138861179,135.20858635776787,3.0,0.3752863615751266,
1852000,3935.739001274109,-680.7701845169067,90.24242164460637,-0.0036328445846834255,55.024579238891604,1.1982264518737793,0.002628107884898778,-724.8256138861179,135.20858635776787,3.0,0.39445488154888153,
1856000,3944.0092401504517,-690.2223491668701,74.61612203369043,-0.0047886568685838295,35.982146644592284,1.1915032148361206,0.0031742669647404575,-724.8256138861179,135.20858635776787,3.0,0.394303685426712,
1860000,3952.253523349762,-702.6663279533386,94.44171292009976,-0.0030783350469718584,57.01242218017578,1.1825011730194093,0.0028427644281959095,-724.8256138861179,135.20858635776787,3.0,0.3895098865032196,
1864000,3960.4908282756805,-679.4172196388245,80.21187733974588,-0.003664018894468102,40.490413665771484,1.1627701997756958,0.003121024277061224,-724.8256138861179,135.20858635776787,3.0,0.3961395710706711,
1868000,3968.7269546985626,-691.7383861541748,89.9412150178271,-0.0045040738976871,48.50713691711426,1.1621108531951905,0.0033478999828560952,-724.8256138861179,135.20858635776787,3.0,0.3892711490392685,
1872000,3977.022733449936,-694.3499546051025,92.1669913898681,-0.003619467730168324,44.055891036987305,1.1521613478660584,0.0036725108290557086,-724.8256138861179,135.20858635776787,3.0,0.369483157992363,
1876000,3985.27676987648,-693.1847138404846,89.55363822778209,-0.00469601676162954,33.76555995941162,1.1434427857398988,0.005616929929237813,-724.8256138861179,135.20858635776787,3.0,0.3660532236099243,
1880000,3993.533584356308,-701.1977820396423,87.20157506319616,-0.003538631155718264,40.132236862182616,1.1675191044807434,0.004935426998417825,-724.8256138861179,135.20858635776787,3.0,0.37571917474269867,
1884000,4004.036220550537,-663.636248588562,71.51792732246842,-0.003983057590356687,42.15253868103027,1.1592344522476197,0.004555192199768498,-693.5301216244698,99.67530951995272,3.0,0.40022560954093933,
1888000,4012.286039829254,-679.2853698730469,81.60106067195156,-0.0026450037712152153,50.0054012298584,1.171447217464447,0.0018025312398094683,-693.5301216244698,99.67530951995272,3.0,0.41832347214221954,
1892000,4020.547259092331,-676.0090880393982,88.5728536369481,-0.003300615860537359,63.593976974487305,1.167591631412506,0.004487637057900428,-693.5301216244698,99.67530951995272,3.0,0.4205447047948837,
1896000,4028.8084766864777,-651.9834604263306,94.43535536898365,-0.0031000001102220232,52.0304557800293,1.1793582439422607,0.004096563998609781,-693.5301216244698,99.67530951995272,3.0,0.42880537211894987,
1900000,4037.092386484146,-655.568600654602,76.43852956949192,-0.0034392380556673707,41.05430603027344,1.1718741416931153,0.0033694257985722896,-693.5301216244698,99.67530951995272,3.0,0.39346256852149963,
1904000,4045.2357120513916,-670.8904695510864,66.55282146872075,-0.004135563946678289,50.59210433959961,1.1086320638656617,0.004203878651605919,-693.5301216244698,99.67530951995272,3.0,0.3978169679641724,
1908000,4053.5107128620148,-657.627203464508,74.54479225584441,-0.0041198520284767785,76.98790130615234,1.1262256145477294,0.004609091742895544,-693.5301216244698,99.67530951995272,3.0,0.41159230172634126,
1912000,4061.8042738437653,-676.9549837112427,77.79999561779921,-0.005768594803599036,56.62502174377441,1.0974398851394653,0.006195586757812066,-693.5301216244698,99.67530951995272,3.0,0.4075741499662399,
1916000,4070.095195531845,-669.4231834411621,78.07692529216784,-0.004537008095144612,71.79551315307617,1.1136403203010559,0.004573611856050164,-693.5301216244698,99.67530951995272,3.0,0.39019368290901185,
1920000,4078.3873929977417,-652.3104438781738,72.8899635708759,-0.004725201704316273,45.327078628540036,1.1481051445007324,0.0034398033167235553,-693.5301216244698,99.67530951995272,3.0,0.38484262526035307,
1924000,4088.88184261322,-659.5411901473999,92.26611896469304,-0.004567937363559959,52.67775039672851,1.1367247939109801,0.003313404097571038,-683.5225327014923,81.54574073074419,3.0,0.3776029646396637,
1928000,4097.1296355724335,-679.9418888092041,71.7952084447933,-0.005087387390978015,49.83849411010742,1.1624167203903197,0.004188185225784169,-683.5225327014923,81.54574073074419,3.0,0.38359576761722564,
1932000,4105.37452340126,-657.1413135528564,73.4686657347554,-0.0041576010514205565,65.35785636901855,1.1566706538200378,0.00480964998807758,-683.5225327014923,81.54574073074419,3.0,0.4124282270669937,
1936000,4113.62850856781,-666.5562481880188,84.38126275768168,-0.005422431789726634,50.42151107788086,1.1091471910476685,0.004067381439381279,-683.5225327014923,81.54574073074419,3.0,0.41329856812953947,
1940000,4121.875983715057,-684.110372543335,86.02395084742116,-0.003964057039353186,48.11607894897461,1.0390008449554444,0.005759348285694976,-683.5225327014923,81.54574073074419,3.0,0.40789929032325745,
1944000,4130.121540546417,-677.3582019805908,71.0480658979383,-0.0043345883018337085,47.17668533325195,1.0966821432113647,0.005288267601281404,-683.5225327014923,81.54574073074419,3.0,0.4000743329524994,
1948000,4138.381517410278,-699.5262770652771,84.8707340390241,-0.005415093234274515,40.96708755493164,1.1150652289390564,0.006000162940472365,-683.5225327014923,81.54574073074419,3.0,0.397517791390419,
1952000,4146.508332967758,-697.7758302688599,86.84271201343782,-0.005416789341717987,45.438890838623045,1.1135596632957458,0.0028461898684035702,-683.5225327014923,81.54574073074419,3.0,0.36776295900344846,
1956000,4154.55057144165,-676.0472002029419,86.34057893941844,-0.005034436930436659,39.62136573791504,1.155346190929413,0.004082490945234873,-683.5225327014923,81.54574073074419,3.0,0.4038018316030502,
1960000,4162.5888295173645,-680.0538721084595,81.18664056069547,-0.0050193122479445405,38.90196762084961,1.149380099773407,0.0033399095031199978,-683.5225327014923,81.54574073074419,3.0,0.4054665297269821,
1964000,4172.876459360123,-670.0708756446838,89.72647953145862,-0.005476914478698802,34.87132892608643,1.088677203655243,0.0048096366808749735,-702.3331460356712,95.48011621140702,3.0,0.388580521941185,
1968000,4180.910284280777,-658.9533648490906,92.82172011108835,-0.0044994894423677325,66.86050033569336,1.1886116027832032,0.00424629996123258,-702.3331460356712,95.48011621140702,3.0,0.4087601453065872,
1972000,4188.958309173584,-672.9674201011658,95.97159488170418,-0.004358877988454779,71.40095367431641,1.1297316431999207,0.003748697551743438,-702.3331460356712,95.48011621140702,3.0,0.38353713154792785,
1976000,4197.006845474243,-689.1479654312134,75.21260344319745,-0.0049182636429710765,40.30757217407226,1.1120705366134644,0.004571299732197076,-702.3331460356712,95.48011621140702,3.0,0.38889321982860564,
1980000,4205.024331569672,-680.7087144851685,73.57960123236992,-0.004184597072967833,50.36865425109863,1.1021867275238038,0.004945335689776886,-702.3331460356712,95.48011621140702,3.0,0.36546212434768677,
1984000,4213.052253007889,-662.726490020752,65.08258285659355,-0.003407129234323891,40.532975387573245,1.0749319911003112,0.004462498902808876,-702.3331460356712,95.48011621140702,3.0,0.37616901099681854,
1988000,4221.0914471149445,-654.565399646759,84.48566167295911,-0.004498899479939844,46.92967262268066,1.0420861482620238,0.0032475082261953503,-702.3331460356712,95.48011621140702,3.0,0.40050080716609954,
1992000,4229.107000350952,-663.0319952964783,66.83138271312653,-0.004169085663006023,49.4026123046875,1.0257199645042419,0.0022529612499056382,-702.3331460356712,95.48011621140702,3.0,0.37047854661941526,
1996000,4237.126029729843,-659.8556680679321,81.26325352926263,-0.003906725829777624,76.82792205810547,1.0403358578681945,0.005125982937247803,-702.3331460356712,95.48011621140702,3.0,0.3689421206712723,
2000000,4245.139953374863,-666.3543167114258,78.31787956780352,-0.0036928135318642584,89.12163848876953,1.0249968767166138,0.003297562932129949,-702.3331460356712,95.48011621140702,3.0,0.36008812189102174,
