global_step,wall_time_s,ep_return_mean,ep_return_std,policy_loss,value_loss,entropy,approx_kl,eval_return_mean,eval_return_std,mean_k,attn_entropy,lagrange_lambda
4000,1.7413828372955322,-56.16075173020363,20.02219662975684,-0.0030308035224443585,86.7186393737793,3.9065314531326294,0.00024322609461659983,,,,2.7631020735330303e-11,
8000,2.9992079734802246,-52.3063767850399,17.07868466350554,-0.00971888145804405,53.746361541748044,3.8887473821640013,0.00038272884594334753,,,,2.7631020735330303e-11,
12000,4.262335538864136,-48.7668596804142,17.50394471111318,-0.013902376613114064,51.30936965942383,3.850755000114441,0.001231319312850246,,,,2.7631020735330303e-11,
16000,5.552189350128174,-49.60034376382828,15.697244738317066,-0.004156879076501352,47.81783828735352,3.743302011489868,0.0033428929112851334,,,,2.7631020735330303e-11,
20000,6.881191730499268,-51.46679326891899,15.99680942163702,-0.0082978418567218,47.53812255859375,3.7130573272705076,0.0023014299054630095,,,,2.7631020735330303e-11,
24000,8.080703973770142,-47.17160239815712,16.169482049508986,-0.015946243652375413,43.09768218994141,3.7030977487564085,0.0011608888861373678,,,,2.7631020735330303e-11,
28000,9.352304458618164,-48.61886885762215,15.92407356043034,-0.011617556823650333,48.271443939208986,3.5884283542633058,0.001092674018756945,,,,2.7631020735330303e-11,
32000,10.544192790985107,-50.66322737932205,13.031258991941325,-0.01067494495399297,45.99264411926269,3.564996933937073,0.004336769862100453,,,,2.7631020735330303e-11,
36000,11.636420011520386,-45.87944567203522,13.14766010855959,-0.014892792006488876,38.85203590393066,3.598389744758606,0.0037493065197486074,,,,2.7631020735330303e-11,
40000,12.710166215896606,-45.066126108169556,14.571011039132298,-0.005938264334574339,33.79423942565918,3.4369730234146116,0.0035583016055170448,,,,2.7631020735330303e-11,
44000,15.337626695632935,-46.27880296111107,13.650460519088597,-0.010488644784316437,38.310417556762694,3.432469034194946,0.0028918675277381568,-48.88704905472696,12.271687480611993,,2.7631020735330303e-11,
48000,16.556143760681152,-50.53592669963837,14.453283011019696,-0.006942049197386879,41.03638458251953,3.398409938812256,0.002608368388609961,-48.88704905472696,12.271687480611993,,2.7631020735330303e-11,
52000,17.700993537902832,-44.39372777938843,13.03938793848743,-0.010305059999227595,31.01327476501465,3.3521933555603027,0.0044148299033404115,-48.88704905472696,12.271687480611993,,2.7631020735330303e-11,
56000,18.940721035003662,-43.92223235964775,13.248220493830718,-0.005096055518370157,29.699800109863283,3.434810924530029,0.0012371341055549933,-48.88704905472696,12.271687480611993,,2.7631020735330303e-11,
60000,20.19644522666931,-44.60350814461708,12.153416209429325,-0.004802870042767538,30.407224273681642,3.350775051116943,0.002793676375673382,-48.88704905472696,12.271687480611993,,2.7631020735330303e-11,
64000,21.533506631851196,-43.150744915008545,13.769970414594962,-0.00380053130796294,28.18336296081543,3.3716322660446165,0.002163230656122295,-48.88704905472696,12.271687480611993,,2.7631020735330303e-11,
68000,22.847028732299805,-42.94356909394264,12.508135038171606,-0.007638262584572652,26.04552936553955,3.359746241569519,0.004403715400258079,-48.88704905472696,12.271687480611993,,2.7631020735330303e-11,
72000,24.13074803352356,-41.26377695798874,11.252479395278549,-0.011629044085741036,20.83610610961914,3.3085259437561034,0.009194790222682058,-48.88704905472696,12.271687480611993,,2.7631020735330303e-11,
76000,25.356040716171265,-42.53171664476395,10.803298448262025,-0.0034652816007728847,21.39685173034668,3.366358423233032,0.0021478444046806543,-48.88704905472696,12.271687480611993,,2.7631020735330303e-11,
80000,26.588460683822632,-44.310741543769836,14.051320208557541,-0.011342193595599338,25.561253547668457,3.38935706615448,0.00494125304830959,-48.88704905472696,12.271687480611993,,2.7631020735330303e-11,
84000,29.242266416549683,-42.83051207661629,13.046554021977238,-0.004205467273772268,24.16446189880371,3.3764983415603638,0.002534687047591433,-41.83267383556813,12.130179392563738,,2.7631020735330303e-11,
88000,30.359365940093994,-43.91482916474342,13.228021313714786,-0.009538081390317466,17.665744400024415,3.3261915683746337,0.0021940641607216095,-41.83267383556813,12.130179392563738,,2.7631020735330303e-11,
92000,31.5772967338562,-40.331106066703796,13.072453757822084,-0.011852848295122342,18.069368171691895,3.3041447401046753,0.000985327472386377,-41.83267383556813,12.130179392563738,,2.7631020735330303e-11,
96000,32.82832622528076,-39.661381006240845,12.629602116995478,-0.013759148621466011,17.600519371032714,3.318996548652649,0.004529006316442974,-41.83267383556813,12.130179392563738,,2.7631020735330303e-11,
100000,34.097694635391235,-36.60155060887337,11.952329142634317,-0.014894048499176282,15.097117614746093,3.306836986541748,0.00237551018508384,-41.83267383556813,12.130179392563738,,2.7631020735330303e-11,
104000,35.34423303604126,-40.11254993081093,12.920593864339613,-0.01147270229877897,17.755692291259766,3.251617169380188,0.004711926379241049,-41.83267383556813,12.130179392563738,,2.7631020735330303e-11,
108000,36.56144332885742,-37.422108352184296,9.587416855435846,-0.013116744995117191,12.387982845306396,3.1644934177398683,0.0009919955978111793,-41.83267383556813,12.130179392563738,,2.7631020735330303e-11,
112000,37.850592613220215,-39.755062520504,11.444527716183917,-0.008520662581664507,15.402751064300537,3.0961483478546143,0.001954719702829605,-41.83267383556813,12.130179392563738,,2.7631020735330303e-11,
116000,39.14398789405823,-38.62962278723717,11.7322225666971,-0.010354002376087124,13.619099807739257,3.1129515409469604,0.0027503051679814037,-41.83267383556813,12.130179392563738,,2.7631020735330303e-11,
120000,40.39090585708618,-38.677166029810905,12.799648226474682,-0.014092513511423021,13.92416172027588,3.0435767650604246,0.0038613481379579538,-41.83267383556813,12.130179392563738,,2.7631020735330303e-11,
124000,43.09186267852783,-39.17729780077934,10.360633950002828,-0.009343827058444632,12.664797973632812,3.074155068397522,0.0020674755429354263,-37.293304363265634,10.732238648241555,,2.7631020735330303e-11,
128000,44.27874708175659,-37.297784984111786,11.952062600965078,-0.014501702889334389,11.54909257888794,3.106212615966797,0.00765465920208952,-37.293304363265634,10.732238648241555,,2.7631020735330303e-11,
132000,45.523730516433716,-35.92965814471245,10.101457700538875,-0.009100476984327565,12.110499954223632,3.0150195121765138,0.0023312831681687298,-37.293304363265634,10.732238648241555,,2.7631020735330303e-11,
136000,46.767433643341064,-37.27960170805454,12.224112998522628,-0.010531053401762636,10.544234561920167,2.992497968673706,0.0029739575863932275,-37.293304363265634,10.732238648241555,,2.7631020735330303e-11,
140000,48.00390648841858,-40.30316576361656,11.148548055173974,-0.006842586918035476,13.3852858543396,3.018652319908142,0.005122536129551003,-37.293304363265634,10.732238648241555,,2.7631020735330303e-11,
144000,49.27489495277405,-37.90105330944061,10.694038611505329,-0.012262218490242916,10.192157649993897,3.1363624334335327,0.007777252397499978,-37.293304363265634,10.732238648241555,,2.7631020735330303e-11,
148000,50.55404615402222,-36.00202792882919,11.114048068492984,-0.007569443896995054,10.375734901428222,3.16780309677124,0.0036764190825633756,-37.293304363265634,10.732238648241555,,2.7631020735330303e-11,
152000,51.80672812461853,-36.67399716377258,9.608214513043395,-0.015421511296182855,9.884609508514405,3.1284682512283326,0.0043840184919536115,-37.293304363265634,10.732238648241555,,2.7631020735330303e-11,
156000,53.05645966529846,-36.98304671049118,9.922534191999524,-0.005296504015102954,9.198498630523682,3.00170214176178,0.0023324627053225465,-37.293304363265634,10.732238648241555,,2.7631020735330303e-11,
160000,54.28329372406006,-35.589108139276505,13.227854954041046,-0.010298762040445598,11.206633853912354,3.058883857727051,0.000455185491591692,-37.293304363265634,10.732238648241555,,2.7631020735330303e-11,
164000,57.057122230529785,-36.452751874923706,12.084245170921475,-0.011401305587962263,14.26756591796875,3.060074782371521,0.002414215387936558,-37.37191476486623,11.66195782425261,,2.7631020735330303e-11,
168000,58.1556191444397,-36.391296207904816,10.071166991616076,-0.011402360839303594,10.677999019622803,3.0173834562301636,0.008921045115683235,-37.37191476486623,11.66195782425261,,2.7631020735330303e-11,
172000,59.22044587135315,-35.64584971964359,10.673130463578627,-0.006977469214703902,8.867578887939453,2.9890782594680787,0.003423548486898653,-37.37191476486623,11.66195782425261,,2.7631020735330303e-11,
176000,60.289183139801025,-39.188130378723145,12.80006011583614,-0.009256106334738412,16.711463165283202,3.0207387924194338,0.003908546335878782,-37.37191476486623,11.66195782425261,,2.7631020735330303e-11,
180000,61.362713098526,-39.05568026006222,11.215871387716914,-0.005946087572956493,14.152126216888428,2.990748333930969,0.006809483352117241,-37.37191476486623,11.66195782425261,,2.7631020735330303e-11,
184000,62.43123197555542,-37.9181836694479,12.54396304311183,-0.009905154325766486,12.458495903015137,2.999885010719299,0.0010526051320484786,-37.37191476486623,11.66195782425261,,2.7631020735330303e-11,
188000,63.50369453430176,-36.19226212799549,10.344550847580004,-0.013731247134506575,8.304114580154419,3.0214385986328125,0.005321547118714065,-37.37191476486623,11.66195782425261,,2.7631020735330303e-11,
192000,64.56925249099731,-40.67435026168823,11.299909832146733,-0.010105043492512778,13.688185024261475,2.9675979614257812,0.0032618199598800856,-37.37191476486623,11.66195782425261,,2.7631020735330303e-11,
196000,65.65009069442749,-38.257769018411636,12.097586698953636,-0.014354572090785967,13.24438772201538,3.01771342754364,0.005105507665779418,-37.37191476486623,11.66195782425261,,2.7631020735330303e-11,
200000,66.75180959701538,-35.862668603658676,10.340808991345238,-0.018784719348885127,9.276832389831544,2.985196852684021,0.004333774873521179,-37.37191476486623,11.66195782425261,,2.7631020735330303e-11,
204000,69.46175813674927,-37.43867337703705,12.656606028006674,-0.012377402799203985,8.425635814666748,2.962742471694946,0.004659315684693866,-36.8728001518175,12.085509692340695,,2.7631020735330303e-11,
208000,70.74249505996704,-34.87755209207535,10.054949889311917,-0.019178010470233885,6.815068674087525,2.929342031478882,0.0019815671743344866,-36.8728001518175,12.085509692340695,,2.7631020735330303e-11,
212000,72.0419774055481,-35.85404670238495,10.178188320965152,-0.014482833199901535,8.62138843536377,2.9151468753814695,0.003486811645387178,-36.8728001518175,12.085509692340695,,2.7631020735330303e-11,
216000,73.28236103057861,-36.539211958646774,10.850769433591932,-0.015048773283138894,9.670865917205811,2.92572922706604,0.0024415445164777338,-36.8728001518175,12.085509692340695,,2.7631020735330303e-11,
220000,74.52645564079285,-39.7005440890789,12.844758594778153,-0.01425003897910937,10.499939441680908,2.9178818702697753,0.004296348670322914,-36.8728001518175,12.085509692340695,,2.7631020735330303e-11,
224000,75.81559038162231,-38.624381959438324,12.709415757088253,-0.01015372694749388,12.085962867736816,2.8682059049606323,0.0023520450631622225,-36.8728001518175,12.085509692340695,,2.7631020735330303e-11,
228000,77.09426093101501,-37.474136769771576,12.160132824546794,-0.013463639038149289,10.178844261169434,2.8733142137527468,0.00263058362112496,-36.8728001518175,12.085509692340695,,2.7631020735330303e-11,
232000,78.33714604377747,-36.036496326327324,12.518727278165448,-0.00887639439012844,11.532916069030762,2.8305108070373537,0.005988485360285267,-36.8728001518175,12.085509692340695,,2.7631020735330303e-11,
236000,79.62055206298828,-38.10992009937763,13.322998320432827,-0.014545592624228432,11.07077865600586,2.7946762561798097,0.0047277709268964685,-36.8728001518175,12.085509692340695,,2.7631020735330303e-11,
240000,80.9209930896759,-37.62670832872391,10.74089155261785,-0.008493969553615876,9.830679416656494,2.762954092025757,0.0022999940753506863,-36.8728001518175,12.085509692340695,,2.7631020735330303e-11,
244000,83.5871012210846,-33.88278238475323,9.95015271838275,-0.007888653753092533,9.425477886199952,2.8492655754089355,0.0008709871661267243,-35.862298981286585,11.546760807853662,,2.7631020735330303e-11,
248000,84.84524965286255,-36.703107580542564,12.57312894702602,-0.01566554190265017,9.238222980499268,2.824815058708191,0.005968741986725945,-35.862298981286585,11.546760807853662,,2.7631020735330303e-11,
252000,86.09838938713074,-36.4778902977705,11.506250373796913,-0.014368640672881173,10.02073106765747,2.809529423713684,0.006089837203035131,-35.862298981286585,11.546760807853662,,2.7631020735330303e-11,
256000,87.36370992660522,-37.85860827565193,10.980556232148563,-0.01317209325707518,8.636734199523925,2.7576226711273195,0.0038819859137293024,-35.862298981286585,11.546760807853662,,2.7631020735330303e-11,
260000,88.6026542186737,-33.709933400154114,11.821662835074925,-0.012281772184884155,7.879880905151367,2.798223924636841,0.0021511146100237966,-35.862298981286585,11.546760807853662,,2.7631020735330303e-11,
264000,89.79185700416565,-37.97633422911167,11.28255996860871,-0.02090552776958794,9.322842788696288,2.7666173219680785,0.004422042868100107,-35.862298981286585,11.546760807853662,,2.7631020735330303e-11,
268000,90.9836072921753,-35.30587927997112,12.299164089108984,-0.010711754604475576,8.170368432998657,2.672289514541626,0.00582649065181613,-35.862298981286585,11.546760807853662,,2.7631020735330303e-11,
272000,92.180734872818,-37.20358304679394,11.253304149710994,-0.011101683902787051,7.960665893554688,2.8055052757263184,0.0036577193670382256,-35.862298981286585,11.546760807853662,,2.7631020735330303e-11,
276000,93.44178485870361,-35.512339010834694,10.652700642450558,-0.009823017662391109,8.063526058197022,2.7127185344696043,0.0018215436692116782,-35.862298981286585,11.546760807853662,,2.7631020735330303e-11,
280000,94.6981520652771,-36.410046741366386,10.437036892953161,-0.011325698894215818,9.881219577789306,2.7122910022735596,0.0031331278042557643,-35.862298981286585,11.546760807853662,,2.7631020735330303e-11,
284000,97.41125798225403,-36.06950068473816,10.669700954418706,-0.017730056394357208,8.356925535202027,2.7456407070159914,0.003368509715306578,-36.44495880417526,12.027242086829563,,2.7631020735330303e-11,
288000,98.64176154136658,-35.60843287408352,10.369982188607182,-0.012867014616262162,8.215092611312866,2.713822674751282,0.006589668698143214,-36.44495880417526,12.027242086829563,,2.7631020735330303e-11,
292000,99.90220189094543,-36.78134047985077,8.451863964418363,-0.01820942418184135,6.791310834884643,2.6511525392532347,0.0053738255213829685,-36.44495880417526,12.027242086829563,,2.7631020735330303e-11,
296000,101.0752546787262,-36.06066945195198,9.348261801252928,-0.010904358105501144,8.066314649581908,2.669805335998535,0.003421715766424316,-36.44495880417526,12.027242086829563,,2.7631020735330303e-11,
300000,102.30437874794006,-37.55325885117054,11.88046115152229,-0.009122869265265798,9.595632839202882,2.727281641960144,0.002555205373209901,-36.44495880417526,12.027242086829563,,2.7631020735330303e-11,
304000,103.59046339988708,-35.713882356882095,9.919051918493437,-0.014678086350671915,7.138729095458984,2.703143095970154,0.002428584691369906,-36.44495880417526,12.027242086829563,,2.7631020735330303e-11,
308000,104.84375190734863,-35.07774184644222,11.238474428174651,-0.009668774553807324,7.378157377243042,2.6537925243377685,0.0031451263290364294,-36.44495880417526,12.027242086829563,,2.7631020735330303e-11,
312000,106.09387826919556,-35.20069518685341,11.362921703109714,-0.010537327583879375,10.02526683807373,2.651475167274475,0.003091133369889576,-36.44495880417526,12.027242086829563,,2.7631020735330303e-11,
316000,107.34358024597168,-35.35857416689396,10.568119957662809,-0.012607599690789372,6.793065118789673,2.650025987625122,0.0013737249929981488,-36.44495880417526,12.027242086829563,,2.7631020735330303e-11,
320000,108.59252405166626,-36.382319286465645,10.199407647364037,-0.00861553551210097,9.993098258972168,2.6322474002838137,0.004015934002003618,-36.44495880417526,12.027242086829563,,2.7631020735330303e-11,
324000,111.26284885406494,-39.337800204753876,10.742375727605008,-0.012048733104485976,11.126099777221679,2.58018798828125,0.001801292330492288,-36.871374974027276,12.562753801404039,,2.7631020735330303e-11,
328000,112.51643538475037,-35.6169518083334,10.25542184492317,-0.015980751184280974,6.627868890762329,2.64566547870636,0.004952159593813121,-36.871374974027276,12.562753801404039,,2.7631020735330303e-11,
332000,113.78378295898438,-34.83201004564762,11.441267603318241,-0.017484012436121705,6.59932312965393,2.5911582469940186,0.005990014493348994,-36.871374974027276,12.562753801404039,,2.7631020735330303e-11,
336000,114.99108338356018,-37.254150852561,10.363584275995667,-0.010206205367750965,7.867267274856568,2.6622573852539064,0.003230373033700751,-36.871374974027276,12.562753801404039,,2.7631020735330303e-11,
340000,116.19154763221741,-33.60517638921738,10.52346973629192,-0.01709465973079194,7.876459407806396,2.6937348365783693,0.0036506510179606265,-36.871374974027276,12.562753801404039,,2.7631020735330303e-11,
344000,117.4541642665863,-33.98820486664772,9.825178530121732,-0.012330848974641383,8.320696163177491,2.667581844329834,0.007267449240316637,-36.871374974027276,12.562753801404039,,2.7631020735330303e-11,
348000,118.69652652740479,-34.951909601688385,11.80003711008376,-0.012803098610136666,8.557468557357788,2.6399213075637817,0.005903635179856792,-36.871374974027276,12.562753801404039,,2.7631020735330303e-11,
352000,119.95494771003723,-33.88406477868557,10.950478491636225,-0.01116643933905288,7.821658754348755,2.608427357673645,0.0003775675871875134,-36.871374974027276,12.562753801404039,,2.7631020735330303e-11,
356000,121.2123761177063,-35.629227578639984,11.244913621627695,-0.01827582822088143,7.0450177669525145,2.603986144065857,0.006827611512038856,-36.871374974027276,12.562753801404039,,2.7631020735330303e-11,
360000,122.46696543693542,-36.07561381161213,10.530530230518362,-0.011834877530345622,8.390644121170045,2.544484257698059,0.003180304559646174,-36.871374974027276,12.562753801404039,,2.7631020735330303e-11,
364000,125.18883204460144,-40.936894327402115,12.176005904517025,-0.012344665014184918,11.812995910644531,2.5423088550567625,0.0038120892711448915,-35.874935783445835,11.637248693349397,,2.7631020735330303e-11,
368000,126.45350337028503,-35.32929761707783,11.441837991469974,-0.016781350931152694,7.613945865631104,2.574255681037903,0.00475572712457506,-35.874935783445835,11.637248693349397,,2.7631020735330303e-11,
372000,127.65721821784973,-36.21191622316837,12.080383866641542,-0.014863969461526728,10.978213500976562,2.5497161626815794,0.0036504543842966084,-35.874935783445835,11.637248693349397,,2.7631020735330303e-11,
376000,128.87979412078857,-38.77294284105301,11.521839084341636,-0.01297775770630687,8.749590206146241,2.4923890113830565,0.0035676616651471706,-35.874935783445835,11.637248693349397,,2.7631020735330303e-11,
380000,130.13920879364014,-38.720028668642044,11.518576348327448,-0.013224757430609312,8.935251998901368,2.5531556367874146,0.0030525611262419263,-35.874935783445835,11.637248693349397,,2.7631020735330303e-11,
384000,131.36682319641113,-37.31067165732384,10.256465382978199,-0.01668991541722793,5.70887451171875,2.5341122150421143,0.002857562550343573,-35.874935783445835,11.637248693349397,,2.7631020735330303e-11,
388000,132.61363911628723,-35.77553087472916,11.08374657238844,-0.014638122534379506,7.0012880802154545,2.4370008945465087,0.008827845560153947,-35.874935783445835,11.637248693349397,,2.7631020735330303e-11,
392000,133.81452989578247,-38.93877622485161,11.603536010013887,-0.01328356043435619,10.894814109802246,2.4956533670425416,0.0017453237393056042,-35.874935783445835,11.637248693349397,,2.7631020735330303e-11,
396000,135.04859232902527,-38.27908116579056,11.109322076491866,-0.015192553912289419,7.926417684555053,2.5489930391311644,0.004748875083168969,-35.874935783445835,11.637248693349397,,2.7631020735330303e-11,
400000,136.30677485466003,-39.67893514037132,11.351868570226426,-0.015471929225139337,6.6331000328063965,2.580768847465515,0.0019058479063678302,-35.874935783445835,11.637248693349397,,2.7631020735330303e-11,
404000,138.98926496505737,-36.147807121276855,12.071092536317096,-0.010529152832925303,12.27857427597046,2.5800561189651487,0.006910405604052272,-36.96849016472697,12.351461981003157,,2.7631020735330303e-11,
408000,140.25040888786316,-35.799270167946815,8.73479916868788,-0.012838353672996128,7.4187578678131105,2.6082371711730956,0.0065407247806433585,-36.96849016472697,12.351461981003157,,2.7631020735330303e-11,
412000,141.46381521224976,-38.14818771183491,12.54121088145518,-0.005453612861165524,11.284244346618653,2.4903448820114136,0.004022250638809055,-36.96849016472697,12.351461981003157,,2.7631020735330303e-11,
416000,142.70621347427368,-37.095713287591934,10.569676053065029,-0.012635750786867028,8.799767780303956,2.5055918216705324,0.005204255631542765,-36.96849016472697,12.351461981003157,,2.7631020735330303e-11,
420000,143.95653820037842,-38.6390780210495,11.68001570611483,-0.010915663137100639,8.542224407196045,2.494040274620056,0.003480406986636808,-36.96849016472697,12.351461981003157,,2.7631020735330303e-11,
424000,145.23055291175842,-37.08270339667797,10.624831057592054,-0.012504137347918044,8.410763454437255,2.4809289932250977,0.006549329264089465,-36.96849016472697,12.351461981003157,,2.7631020735330303e-11,
428000,146.4869077205658,-35.05805076658726,11.161979680026546,-0.010567971190437665,7.915485477447509,2.472959589958191,0.004594372244901024,-36.96849016472697,12.351461981003157,,2.7631020735330303e-11,
432000,147.7712118625641,-37.49456191062927,11.462567624750701,-0.009536289480514881,7.89317135810852,2.461186671257019,0.0038011214230209587,-36.96849016472697,12.351461981003157,,2.7631020735330303e-11,
436000,149.046147108078,-35.64938822388649,11.9541463273963,-0.006607443821616465,8.770930814743043,2.4467167615890504,0.004158071172423661,-36.96849016472697,12.351461981003157,,2.7631020735330303e-11,
440000,150.2744071483612,-34.2824864089489,10.91623576232028,-0.014958196063991647,8.22742714881897,2.4719804763793944,0.0030833122407784687,-36.96849016472697,12.351461981003157,,2.7631020735330303e-11,
444000,153.00650215148926,-36.89355103671551,12.557507239514127,-0.017541003333404658,7.191841983795166,2.3844693183898924,0.007937071373453364,-36.75082855625078,11.962444068992617,,2.7631020735330303e-11,
448000,154.2806475162506,-35.09593145549297,10.834991492066308,-0.016039834307041013,7.67341890335083,2.4272757530212403,0.005792566955322398,-36.75082855625078,11.962444068992617,,2.7631020735330303e-11,
452000,155.61148047447205,-36.13374009728432,11.17205840819924,-0.011475341016892359,8.344121980667115,2.4890902757644655,0.0028883653676603062,-36.75082855625078,11.962444068992617,,2.7631020735330303e-11,
456000,156.9223825931549,-36.34975679218769,11.600203790587406,-0.014179748997092201,7.21945161819458,2.5171624183654786,0.004354119402705692,-36.75082855625078,11.962444068992617,,2.7631020735330303e-11,
460000,158.25680422782898,-36.30740210413933,12.384297239674154,-0.015311279484536477,8.446886253356933,2.5748011112213134,0.0016575284011196346,-36.75082855625078,11.962444068992617,,2.7631020735330303e-11,
464000,159.5644817352295,-36.9318405687809,11.024701735988002,-0.016038689753040812,8.715650939941407,2.5275228023529053,0.007972765364684165,-36.75082855625078,11.962444068992617,,2.7631020735330303e-11,
468000,160.85692739486694,-36.37953346967697,11.732959168139146,-0.013579260549973604,7.819949817657471,2.489726519584656,0.0018161645578219422,-36.75082855625078,11.962444068992617,,2.7631020735330303e-11,
472000,162.05817437171936,-34.242316991090775,11.35137368032879,-0.012085874267620955,6.930410671234131,2.483062982559204,0.0054903474575839885,-36.75082855625078,11.962444068992617,,2.7631020735330303e-11,
476000,163.19225215911865,-36.771085411310196,10.896196361135129,-0.013312350998865519,6.825538539886475,2.473610520362854,4.9874182650455624e-08,-36.75082855625078,11.962444068992617,,2.7631020735330303e-11,
480000,164.39002990722656,-35.21532878279686,11.614123616936368,-0.012173514386173246,7.351604223251343,2.410137391090393,0.0022670065561542162,-36.75082855625078,11.962444068992617,,2.7631020735330303e-11,
484000,167.08683896064758,-35.30910609662533,12.235457078928944,-0.013735133625101526,7.154175662994385,2.4010992288589477,0.0036371503862028475,-35.83193577080965,11.141085194842026,,2.7631020735330303e-11,
488000,168.32491946220398,-34.63402312994003,9.344683572906172,-0.007979279216844581,6.781890773773194,2.287989783287048,0.003081950411200518,-35.83193577080965,11.141085194842026,,2.7631020735330303e-11,
492000,169.5717968940735,-34.52333548665047,10.971143405956965,-0.009027402224251978,7.063557243347168,2.413796305656433,0.0013166098759393118,-35.83193577080965,11.141085194842026,,2.7631020735330303e-11,
496000,170.86464166641235,-38.26230390369892,10.616378277027824,-0.015562172421254239,6.495672416687012,2.29362154006958,0.00425505556340795,-35.83193577080965,11.141085194842026,,2.7631020735330303e-11,
500000,172.15846490859985,-34.97970923781395,12.104444448152325,-0.020467016754671975,6.105417108535766,2.346668744087219,0.006849603186128661,-35.83193577080965,11.141085194842026,,2.7631020735330303e-11,
504000,173.36870408058167,-34.07265667617321,10.20258803750348,-0.013113063584547512,6.9302818298339846,2.4188737869262695,0.0025048237934242935,-35.83193577080965,11.141085194842026,,2.7631020735330303e-11,
508000,174.6613805294037,-33.177194491028786,11.497738218939027,-0.010669627082534206,7.066622304916382,2.315817427635193,0.0032407746630779056,-35.83193577080965,11.141085194842026,,2.7631020735330303e-11,
512000,175.92373180389404,-36.260079488158226,12.469492662937427,-0.011703627326525745,8.177781248092652,2.359698271751404,0.003832217079703426,-35.83193577080965,11.141085194842026,,2.7631020735330303e-11,
516000,177.1974799633026,-36.20803368091583,11.95090968730116,-0.007382346905302262,7.684787178039551,2.3542407751083374,0.0039964971641893495,-35.83193577080965,11.141085194842026,,2.7631020735330303e-11,
520000,178.43209218978882,-35.34309749305248,12.290242355643766,-0.013464061459992127,6.119348239898682,2.3715097188949583,0.0035003615053136984,-35.83193577080965,11.141085194842026,,2.7631020735330303e-11,
524000,181.15444827079773,-35.269626557826996,12.453922003726515,-0.013711710600880878,6.916136312484741,2.314829206466675,0.0047142845258349554,-36.68593216408044,11.971929969487308,,2.7631020735330303e-11,
528000,182.44766068458557,-36.70474964380264,10.312973427414354,-0.014474677063291886,5.948575115203857,2.358018231391907,0.004444459173828364,-36.68593216408044,11.971929969487308,,2.7631020735330303e-11,
532000,183.71629977226257,-35.68095442652702,11.580844398829829,-0.010584920225897809,8.523553085327148,2.476457190513611,0.002992556262877777,-36.68593216408044,11.971929969487308,,2.7631020735330303e-11,
536000,185.00586533546448,-36.99114724993706,10.84055220632823,-0.020372725871391585,7.076027154922485,2.4958470821380616,0.003709930117474869,-36.68593216408044,11.971929969487308,,2.7631020735330303e-11,
540000,186.1631371974945,-37.78900996595621,12.111936854052606,-0.012982479514088574,7.390772151947021,2.4959773302078245,0.002479422206233739,-36.68593216408044,11.971929969487308,,2.7631020735330303e-11,
544000,187.28095769882202,-36.1481789201498,12.317208727992652,-0.01473765146825463,9.029846477508546,2.3652512788772584,0.005385798915987827,-36.68593216408044,11.971929969487308,,2.7631020735330303e-11,
548000,188.4599175453186,-35.903135657310486,10.926240552989245,-0.019984385265037385,7.735452032089233,2.3900095939636232,0.0024474870357116705,-36.68593216408044,11.971929969487308,,2.7631020735330303e-11,
552000,189.7222776412964,-36.65940845012665,11.071399562150102,-0.011049661532975819,9.483863925933838,2.4131375789642333,0.004473407816840335,-36.68593216408044,11.971929969487308,,2.7631020735330303e-11,
556000,190.9827847480774,-34.42042511701584,11.984281441311389,-0.016441491920966646,6.789783096313476,2.3974024057388306,0.006295798625797033,-36.68593216408044,11.971929969487308,,2.7631020735330303e-11,
560000,192.24460983276367,-34.45527136325836,9.60989808176764,-0.012209991532145104,6.400889587402344,2.42223584651947,0.0031350496516097336,-36.68593216408044,11.971929969487308,,2.7631020735330303e-11,
564000,194.90201115608215,-37.90332815051079,11.612154405980098,-0.00704836724628688,8.312946605682374,2.3699217081069945,0.0010190005312324501,-37.12904854957014,12.338689646663866,,2.7631020735330303e-11,
568000,196.12503933906555,-34.28376765549183,10.92534228228618,-0.013540918229380593,6.874260950088501,2.4137429714202883,0.004742065869504586,-37.12904854957014,12.338689646663866,,2.7631020735330303e-11,
572000,197.33511114120483,-35.41739019751549,11.28854886835319,-0.01821184599027035,5.974329233169556,2.368222713470459,0.006141265013138763,-37.12904854957014,12.338689646663866,,2.7631020735330303e-11,
576000,198.57563877105713,-36.108370780944824,10.715577696323322,-0.016452165469527102,7.602507448196411,2.455036664009094,0.0033468437199480673,-37.12904854957014,12.338689646663866,,2.7631020735330303e-11,
580000,199.82349038124084,-34.744926422834396,10.79933050729668,-0.022197419365867964,5.10498571395874,2.4181668043136595,0.005842093937331772,-37.12904854957014,12.338689646663866,,2.7631020735330303e-11,
584000,201.09145784378052,-35.53464740514755,11.418418046769297,-0.017978895981795872,7.487946224212647,2.3954358100891113,0.0020838436591438915,-37.12904854957014,12.338689646663866,,2.7631020735330303e-11,
588000,202.3391740322113,-38.34138381481171,12.184422242220801,-0.010037558882730124,7.397434568405151,2.43193039894104,0.0017200440138111616,-37.12904854957014,12.338689646663866,,2.7631020735330303e-11,
592000,203.59196996688843,-35.78990198671818,12.363958847259868,-0.008917729626060477,10.203991222381593,2.402830958366394,0.00045694741234179046,-37.12904854957014,12.338689646663866,,2.7631020735330303e-11,
596000,204.84300231933594,-34.70557548105717,10.873671962496777,-0.015870281431823986,6.397819375991821,2.3806703805923464,0.00836842869175598,-37.12904854957014,12.338689646663866,,2.7631020735330303e-11,
600000,206.1077766418457,-35.00189812481403,12.051060709989354,-0.013782362039666606,7.465217924118042,2.351305031776428,0.0020365680410467492,-37.12904854957014,12.338689646663866,,2.7631020735330303e-11,
604000,208.77865052223206,-37.56021213531494,11.869751454332011,-0.014476440473459685,7.22482442855835,2.4065809726715086,0.0041638903726416154,-35.788372098933905,11.58961199994682,,2.7631020735330303e-11,
608000,210.01738476753235,-37.03944581747055,10.016492848335606,-0.018495862664189032,7.091257905960083,2.324838972091675,0.0046431222924729456,-35.788372098933905,11.58961199994682,,2.7631020735330303e-11,
612000,211.27958989143372,-35.69603003561497,12.382905929644012,-0.01977879810426384,6.812762689590454,2.3771417856216432,0.0057785675202612465,-35.788372098933905,11.58961199994682,,2.7631020735330303e-11,
616000,212.4229507446289,-34.219093799591064,10.755066764623383,-0.01670939973229544,6.8385344505310055,2.3313342094421388,0.007262802176410332,-35.788372098933905,11.58961199994682,,2.7631020735330303e-11,
620000,213.53903603553772,-37.50213289260864,10.846682751362286,-0.01851293669547882,6.340451717376709,2.2821622133255004,0.006312923767429268,-35.788372098933905,11.58961199994682,,2.7631020735330303e-11,
624000,214.66843605041504,-35.61900898814201,11.495383079362316,-0.01164295160491018,7.795418691635132,2.2768713235855103,0.003382328961743042,-35.788372098933905,11.58961199994682,,2.7631020735330303e-11,
628000,215.78054928779602,-35.08939781785011,12.092666255159449,-0.00893320969399065,7.119048738479615,2.2960602045059204,0.0026065970016642126,-35.788372098933905,11.58961199994682,,2.7631020735330303e-11,
632000,216.88896322250366,-34.392770290374756,10.697069092109054,-0.01588036335678771,7.226682710647583,2.284749388694763,0.006634603362181224,-35.788372098933905,11.58961199994682,,2.7631020735330303e-11,
636000,218.03559732437134,-33.26397483050823,9.429242295503697,-0.018926599083468255,5.6155088424682615,2.233732581138611,0.0020626871765125456,-35.788372098933905,11.58961199994682,,2.7631020735330303e-11,
640000,219.2764732837677,-35.274383291602135,11.049225661539893,-0.01932601196970789,5.798968029022217,2.2712135791778563,0.0009774035957814675,-35.788372098933905,11.58961199994682,,2.7631020735330303e-11,
644000,221.96897912025452,-34.51903469860554,9.688971589259031,-0.014511198905296618,6.192456483840942,2.3151779174804688,0.004056715144542977,-36.49518152978271,11.492118329821311,,2.7631020735330303e-11,
648000,223.19935870170593,-37.10409873723984,12.625743023605738,-0.01401192222675327,8.35556893348694,2.322897958755493,0.006884969043312594,-36.49518152978271,11.492118329821311,,2.7631020735330303e-11,
652000,224.46236491203308,-34.50905284285545,11.753094584121005,-0.017345892033539735,6.499156665802002,2.2856635570526125,0.0031410898576723413,-36.49518152978271,11.492118329821311,,2.7631020735330303e-11,
656000,225.73854207992554,-34.76474231481552,11.383235376227391,-0.011623327481094759,8.70922269821167,2.2591665983200073,0.0028213653073180466,-36.49518152978271,11.492118329821311,,2.7631020735330303e-11,
660000,227.05941700935364,-34.31135106086731,10.34018939151177,-0.017838536319788555,6.001042270660401,2.261761474609375,0.006443974790978047,-36.49518152978271,11.492118329821311,,2.7631020735330303e-11,
664000,228.35298681259155,-38.7047648280859,11.681981951880303,-0.02115240469947448,6.068179082870484,2.203767681121826,0.008182377804769204,-36.49518152978271,11.492118329821311,,2.7631020735330303e-11,
668000,229.54451966285706,-33.874310940504074,9.461989836295238,-0.013650551389437026,6.090789461135865,2.1498343467712404,0.001762787999905413,-36.49518152978271,11.492118329821311,,2.7631020735330303e-11,
672000,230.63745307922363,-36.33676835894585,12.04937158031397,-0.01477531299833217,5.982898902893067,2.1090509414672853,0.005654824851808371,-36.49518152978271,11.492118329821311,,2.7631020735330303e-11,
676000,231.75431442260742,-36.69524589180946,11.288432632522694,-0.01701376687502485,6.151621341705322,2.200798773765564,0.004542115396179725,-36.49518152978271,11.492118329821311,,2.7631020735330303e-11,
680000,232.89406394958496,-36.6733850389719,10.900350832909236,-0.017637800582218956,5.06935977935791,2.043875813484192,0.007001943358918616,-36.49518152978271,11.492118329821311,,2.7631020735330303e-11,
684000,235.62306022644043,-34.47098706662655,11.773440076327912,-0.01716711198445413,5.400847005844116,2.1010567903518678,0.003873359119112152,-36.14052054286003,11.713799464263158,,2.7631020735330303e-11,
688000,236.89754509925842,-35.992055878043175,12.028964132520368,-0.01892655888479202,5.103099012374878,2.0088613510131834,0.00923137012287043,-36.14052054286003,11.713799464263158,,2.7631020735330303e-11,
692000,238.13855838775635,-35.88291876018047,11.865577264441017,-0.020296028105541986,5.962133121490479,1.9736154198646545,0.008235149943619036,-36.14052054286003,11.713799464263158,,2.7631020735330303e-11,
696000,239.40099167823792,-35.65225978195667,9.535001889821508,-0.012500457354937678,6.973673105239868,1.9832903027534485,0.0032256693630988596,-36.14052054286003,11.713799464263158,,2.7631020735330303e-11,
700000,240.64801907539368,-34.08060431480408,12.11412950363724,-0.013242607553023866,6.835173559188843,1.8827826142311097,0.00653143142699264,-36.14052054286003,11.713799464263158,,2.7631020735330303e-11,
704000,241.9557750225067,-35.27500978112221,11.127919231745402,-0.013055366673972469,7.826693153381347,1.9834022760391234,0.008002902287989855,-36.14052054286003,11.713799464263158,,2.7631020735330303e-11,
708000,243.24477171897888,-34.87439461052418,11.94968870400638,-0.015200352587271482,6.390448808670044,1.8808287620544433,0.002509357428527359,-36.14052054286003,11.713799464263158,,2.7631020735330303e-11,
712000,244.53091549873352,-36.1590970903635,11.353659650197095,-0.002243687895272206,8.084205961227417,1.8945779085159302,0.0024653056840179487,-36.14052054286003,11.713799464263158,,2.7631020735330303e-11,
716000,245.74751782417297,-36.134898245334625,10.921484834966032,-0.014905137776397171,6.85716028213501,1.9222152709960938,0.004421423769090271,-36.14052054286003,11.713799464263158,,2.7631020735330303e-11,
720000,247.01775240898132,-36.13274145126343,11.90907795423346,-0.01287525976495818,6.958468580245972,1.9361157894134522,0.0024386276353833836,-36.14052054286003,11.713799464263158,,2.7631020735330303e-11,
724000,249.7578308582306,-35.50549665093422,10.274239898389117,-0.014699829741381088,6.948328971862793,1.964383327960968,0.0023703842894174042,-35.978810924105346,11.138008569190685,,2.7631020735330303e-11,
728000,251.03647255897522,-36.180263459682465,11.095005827133335,-0.01661548280715941,6.679764032363892,1.98134024143219,0.007047778018051743,-35.978810924105346,11.138008569190685,,2.7631020735330303e-11,
732000,252.2838761806488,-35.584675803780556,11.563483502340922,-0.01384525978052995,7.055451822280884,2.0023003458976745,0.004934807473735425,-35.978810924105346,11.138008569190685,,2.7631020735330303e-11,
736000,253.52500939369202,-34.42743220925331,10.765250747053829,-0.015408927534241234,4.841336822509765,1.9940018892288207,0.0014908861357253223,-35.978810924105346,11.138008569190685,,2.7631020735330303e-11,
740000,254.77099084854126,-36.64845606684685,10.11047581192245,-0.013646968313259933,5.584838342666626,1.9258116364479065,0.00430539871810467,-35.978810924105346,11.138008569190685,,2.7631020735330303e-11,
744000,256.0564534664154,-36.60016283392906,13.299164321074683,-0.01543603579420596,5.154834270477295,1.9434365153312683,0.003741338135034056,-35.978810924105346,11.138008569190685,,2.7631020735330303e-11,
748000,257.2867212295532,-35.21772852540016,11.265632875111455,-0.012905331717105551,8.115057229995728,1.8495629668235778,0.0017864942434243857,-35.978810924105346,11.138008569190685,,2.7631020735330303e-11,
752000,258.5198838710785,-30.95170994102955,10.479093714631299,-0.02116380577161898,3.854354643821716,1.8603262186050415,0.00602548421942628,-35.978810924105346,11.138008569190685,,2.7631020735330303e-11,
756000,259.7824730873108,-32.788942754268646,11.831825201595446,-0.008716152093693363,3.883769655227661,1.9649603009223937,0.0034071097237756477,-35.978810924105346,11.138008569190685,,2.7631020735330303e-11,
760000,261.07666206359863,-35.68662606179714,11.207757421121475,-0.01237603669101377,6.688317346572876,1.9393064737319947,0.005691974947694689,-35.978810924105346,11.138008569190685,,2.7631020735330303e-11,
764000,263.82696747779846,-34.80499267578125,10.408055659591362,-0.016345888196490722,5.676797533035279,1.9633036971092224,0.003362736640498021,-35.10292229335755,11.27159697401868,,2.7631020735330303e-11,
768000,265.1177885532379,-34.64457209408283,10.939408943364096,-0.017765557173173897,5.388758516311645,2.063357639312744,0.0012673457444179804,-35.10292229335755,11.27159697401868,,2.7631020735330303e-11,
772000,266.4056806564331,-34.70794937759638,10.680744909567814,-0.015160365873947512,7.213758707046509,2.0971593618392945,0.0035599535202491595,-35.10292229335755,11.27159697401868,,2.7631020735330303e-11,
776000,267.6853723526001,-35.14522784948349,12.213995313883297,-0.011913942997343874,6.424333572387695,2.0505625724792482,0.0009618634299840778,-35.10292229335755,11.27159697401868,,2.7631020735330303e-11,
780000,268.96530985832214,-36.570927292108536,10.51287220053839,-0.008328501458279791,8.74497709274292,2.0793090581893923,0.0037874123507644518,-35.10292229335755,11.27159697401868,,2.7631020735330303e-11,
784000,270.1303973197937,-37.51182314008474,13.345294558509988,-0.012682423770893259,7.404127216339111,2.069555640220642,0.003628835914423689,-35.10292229335755,11.27159697401868,,2.7631020735330303e-11,
788000,271.4433813095093,-34.76542101800442,9.04553745663529,-0.02077116942312567,4.791603994369507,2.107159161567688,0.003854018828133121,-35.10292229335755,11.27159697401868,,2.7631020735330303e-11,
792000,272.7335755825043,-34.90694682300091,10.855622480468776,-0.017968314906582173,6.473600244522094,2.085766315460205,0.004846388542675406,-35.10292229335755,11.27159697401868,,2.7631020735330303e-11,
796000,274.03893303871155,-38.75479871034622,11.34889301376103,-0.016020938391331542,6.156854915618896,2.075369358062744,0.004497255411464706,-35.10292229335755,11.27159697401868,,2.7631020735330303e-11,
800000,275.3315782546997,-34.1540589928627,10.656893638374235,-0.015176954895723682,6.461601877212525,2.167018985748291,0.0057263333799783215,-35.10292229335755,11.27159697401868,,2.7631020735330303e-11,
804000,278.0504879951477,-34.49109547585249,11.993456759912458,-0.01692775340378283,5.239971780776978,2.1304094552993775,0.00550442190724425,-35.16879404615611,11.373717907173669,,2.7631020735330303e-11,
808000,279.33472299575806,-35.13304963707924,10.67540265672995,-0.013929110709112092,6.472967720031738,2.1601092338562013,0.0049787348369136454,-35.16879404615611,11.373717907173669,,2.7631020735330303e-11,
812000,280.6252067089081,-33.609220281243324,12.960482794093988,-0.009725669193081554,7.12458758354187,2.1191552877426147,0.0034223551192553714,-35.16879404615611,11.373717907173669,,2.7631020735330303e-11,
816000,281.8800811767578,-34.9843228161335,10.552146747881617,-0.011183782271342358,7.80289511680603,2.147868204116821,0.005934632150456309,-35.16879404615611,11.373717907173669,,2.7631020735330303e-11,
820000,283.03048491477966,-35.44140814244747,11.686988746750497,-0.010195087771746358,5.720228004455566,2.1028568983078,0.001842423759866474,-35.16879404615611,11.373717907173669,,2.7631020735330303e-11,
824000,284.27921509742737,-35.560956954956055,10.311986854450238,-0.018044738207245458,4.558418202400207,2.1162479400634764,0.00693836321006529,-35.16879404615611,11.373717907173669,,2.7631020735330303e-11,
828000,285.5113365650177,-35.66920015215874,12.624709863865464,-0.015255095759872361,5.511589670181275,2.1885684013366697,0.005803890420123903,-35.16879404615611,11.373717907173669,,2.7631020735330303e-11,
832000,286.80574917793274,-34.37808300554752,9.857213796162041,-0.016104200470261266,5.0220362663269045,2.1602720737457277,0.00493565604137256,-35.16879404615611,11.373717907173669,,2.7631020735330303e-11,
836000,288.0695354938507,-35.842882215976715,11.43333200516204,-0.02008036469388754,7.201468467712402,2.1994643449783324,0.004716444999910863,-35.16879404615611,11.373717907173669,,2.7631020735330303e-11,
840000,289.36824440956116,-37.339251667261124,9.851599805629128,-0.02085772924171749,6.018932676315307,2.2099180221557617,0.006190367991803214,-35.16879404615611,11.373717907173669,,2.7631020735330303e-11,
844000,292.07043957710266,-37.39602184295654,10.935725368777586,-0.01704738622996942,5.421993732452393,2.17931547164917,0.0033200747158844022,-35.377727390266955,11.377116690844318,,2.7631020735330303e-11,
848000,293.3445951938629,-35.647285878658295,11.7638558411742,-0.01397073488001479,5.730119037628174,2.203147220611572,0.0028355094445942086,-35.377727390266955,11.377116690844318,,2.7631020735330303e-11,
852000,294.6292915344238,-35.89524465799332,10.736354909594285,-0.014639113349839939,6.444951486587525,2.2069915533065796,0.002642912653936946,-35.377727390266955,11.377116690844318,,2.7631020735330303e-11,
856000,295.8736021518707,-36.73184412717819,10.690869400958857,-0.021500801794230938,4.8029694080352785,2.2118730306625367,0.007288635733537418,-35.377727390266955,11.377116690844318,,2.7631020735330303e-11,
860000,297.12898111343384,-35.42430903762579,13.020093298558661,-0.01108156525250532,7.687533521652222,2.239681029319763,0.0010707014342187903,-35.377727390266955,11.377116690844318,,2.7631020735330303e-11,
864000,298.38165068626404,-38.20739018917084,10.23932659877887,-0.011844941107556295,5.620288515090943,2.2307249784469603,0.0013645827013533563,-35.377727390266955,11.377116690844318,,2.7631020735330303e-11,
868000,299.64587664604187,-36.41938327252865,12.425965217309574,-0.01580577477114282,6.607231903076172,2.2191813468933104,0.006393988349009306,-35.377727390266955,11.377116690844318,,2.7631020735330303e-11,
872000,300.9023039340973,-32.310252115130424,9.637999413484435,-0.022970566467382002,4.516989755630493,2.1511630058288573,0.0029722706972970412,-35.377727390266955,11.377116690844318,,2.7631020735330303e-11,
876000,302.18201184272766,-36.105741426348686,11.962999126120527,-0.015575710078235706,6.4095377922058105,2.206307029724121,0.0019433104628696185,-35.377727390266955,11.377116690844318,,2.7631020735330303e-11,
880000,303.42928433418274,-34.829238936305046,10.888572493032466,-0.02031999769713728,4.553992176055909,2.1700202226638794,0.002955482651013863,-35.377727390266955,11.377116690844318,,2.7631020735330303e-11,
884000,306.14334058761597,-32.133626356720924,10.67186847829797,-0.017173319754656368,4.959919357299805,2.17748339176178,0.004424257385137053,-35.53481380827725,11.621234214257388,,2.7631020735330303e-11,
888000,307.40704321861267,-31.695130467414856,9.999627325620299,-0.022433370413258658,5.14062762260437,2.196521019935608,0.008449034387478526,-35.53481380827725,11.621234214257388,,2.7631020735330303e-11,
892000,308.65151858329773,-33.54337929189205,11.019708790427819,-0.01690099404379719,4.888959884643555,2.1384578227996824,0.004785692591394763,-35.53481380827725,11.621234214257388,,2.7631020735330303e-11,
896000,309.877534866333,-37.61749139428139,11.679648133012243,-0.017996861455962153,5.8113415241241455,2.060984706878662,0.0077616065586917134,-35.53481380827725,11.621234214257388,,2.7631020735330303e-11,
900000,311.0630395412445,-33.822623148560524,11.1302201644923,-0.012445032841991655,5.8534159660339355,2.059944581985474,0.0009159036988421576,-35.53481380827725,11.621234214257388,,2.7631020735330303e-11,
904000,312.31933212280273,-36.359292805194855,10.496389835654014,-0.013625663861283143,5.899729776382446,2.146198058128357,0.00761011222423984,-35.53481380827725,11.621234214257388,,2.7631020735330303e-11,
908000,313.56612372398376,-35.91663238406181,12.696756820678363,-0.015515053218230612,5.533390283584595,2.1042962312698363,0.0013583044750703267,-35.53481380827725,11.621234214257388,,2.7631020735330303e-11,
912000,314.84239435195923,-34.27411091327667,11.868084802409623,-0.01672682815650477,5.080907964706421,2.1751922369003296,0.0042900984844891354,-35.53481380827725,11.621234214257388,,2.7631020735330303e-11,
916000,316.11333203315735,-32.814033314585686,9.649941696691094,-0.020218556907028073,5.725809335708618,2.185909605026245,0.002793832445240696,-35.53481380827725,11.621234214257388,,2.7631020735330303e-11,
920000,317.2766089439392,-35.29712188243866,12.253311227271206,-0.013561000791378319,4.181088614463806,2.073715829849243,0.004939347555395201,-35.53481380827725,11.621234214257388,,2.7631020735330303e-11,
924000,319.9096233844757,-36.08718042075634,11.774594764030613,-0.01838354106713087,5.710067367553711,2.0558943271636965,0.005302258376497715,-35.382881480734795,11.531552962789412,,2.7631020735330303e-11,
928000,321.1281123161316,-34.2677730768919,10.708990759331119,-0.016511535627767415,5.048258543014526,2.079209804534912,0.0021207701414823533,-35.382881480734795,11.531552962789412,,2.7631020735330303e-11,
932000,322.3576738834381,-37.193818882107735,10.80681695788198,-0.014501092620659618,5.758998775482178,2.018922781944275,0.005577340691525023,-35.382881480734795,11.531552962789412,,2.7631020735330303e-11,
936000,323.6286623477936,-34.11276665329933,12.37582786946129,-0.02328091886267065,5.5923480033874515,2.0650497674942017,0.00354492907738333,-35.382881480734795,11.531552962789412,,2.7631020735330303e-11,
940000,324.89822030067444,-33.72485964000225,10.873195288277822,-0.015307940656319196,4.995682668685913,2.113616442680359,0.007073868047562382,-35.382881480734795,11.531552962789412,,2.7631020735330303e-11,
944000,326.158789396286,-36.12607091665268,10.743216060209122,-0.019427025341428816,4.697091722488404,2.088433361053467,0.005458460218505934,-35.382881480734795,11.531552962789412,,2.7631020735330303e-11,
948000,327.36459040641785,-36.07183799147606,12.505170572176699,-0.016542676274664637,6.07980785369873,2.079304242134094,0.008988957171328327,-35.382881480734795,11.531552962789412,,2.7631020735330303e-11,
952000,328.49303126335144,-37.32334688305855,9.53095086439751,-0.01779176505003126,4.843514728546142,2.0681068897247314,0.004833161429269239,-35.382881480734795,11.531552962789412,,2.7631020735330303e-11,
956000,329.7125496864319,-36.2690110206604,10.67327604640308,-0.015923061380162907,6.321958398818969,2.0681412696838377,0.00522192108945454,-35.382881480734795,11.531552962789412,,2.7631020735330303e-11,
960000,330.93501448631287,-35.80848267674446,11.28960304273413,-0.013699330137809796,6.244549036026001,2.037839722633362,0.002636804720619601,-35.382881480734795,11.531552962789412,,2.7631020735330303e-11,
964000,333.6012923717499,-36.31750322878361,10.303979358377461,-0.014787891815416287,6.966185569763184,2.0170479297637938,0.004598521857406013,-35.62313418998383,12.060990121839193,,2.7631020735330303e-11,
968000,334.85447883605957,-32.68358191847801,10.92031657103687,-0.017284293456468446,5.246255540847779,2.0562548875808715,0.0037884725890471316,-35.62313418998383,12.060990121839193,,2.7631020735330303e-11,
972000,336.0931317806244,-34.78678262233734,11.780012050898812,-0.015754872518125927,5.14960241317749,2.070520782470703,0.006952253803843611,-35.62313418998383,12.060990121839193,,2.7631020735330303e-11,
976000,337.3517346382141,-34.11292824149132,11.227794558259287,-0.016128962165210405,4.381619381904602,2.0894867420196532,0.0012862194227636792,-35.62313418998383,12.060990121839193,,2.7631020735330303e-11,
980000,338.62161207199097,-32.5560991615057,10.369473382011945,-0.01825486815162005,5.187773561477661,2.082188439369202,0.00468715560622508,-35.62313418998383,12.060990121839193,,2.7631020735330303e-11,
984000,339.8866546154022,-34.84382702410221,11.01394414894866,-0.01717124510370196,5.995542430877686,2.0691423654556274,0.009606812475249171,-35.62313418998383,12.060990121839193,,2.7631020735330303e-11,
988000,341.0993905067444,-34.339195907115936,10.440920293895054,-0.017096573216840837,5.6710363864898685,2.0469655990600586,0.006142807041760534,-35.62313418998383,12.060990121839193,,2.7631020735330303e-11,
992000,342.37297534942627,-33.36473789811134,9.792587405723847,-0.014311263600597136,4.834691858291626,2.072206807136536,0.0028398654045304283,-35.62313418998383,12.060990121839193,,2.7631020735330303e-11,
996000,343.63364148139954,-36.394703179597855,11.706770176800832,-0.013830804710276378,5.607439565658569,2.126681613922119,0.0028910224600695146,-35.62313418998383,12.060990121839193,,2.7631020735330303e-11,
1000000,344.9015910625458,-34.41579523682594,11.893318951919236,-0.016071736895013577,6.178743028640747,2.092161011695862,0.0007644370838534087,-35.62313418998383,12.060990121839193,,2.7631020735330303e-11,
1004000,347.5728054046631,-34.12066778540611,10.790685960383865,-0.014617994205560514,5.061069822311401,2.060674023628235,0.003302317884517869,-34.98751653544605,11.39861284410782,,2.7631020735330303e-11,
1008000,348.73423171043396,-35.552539721131325,9.728525624511418,-0.016313675395213067,6.733320331573486,2.1268603801727295,0.004555180546711201,-34.98751653544605,11.39861284410782,,2.7631020735330303e-11,
1012000,349.849977016449,-35.3696354329586,9.302081347545446,-0.022077285652048674,4.913176488876343,2.0240047216415404,0.009891305821947683,-34.98751653544605,11.39861284410782,,2.7631020735330303e-11,
1016000,350.95877408981323,-32.49713288247585,11.37045419627631,-0.009764471945119979,4.166969537734985,1.9953893899917603,0.006504531502956467,-34.98751653544605,11.39861284410782,,2.7631020735330303e-11,
1020000,352.09462213516235,-34.53058739006519,13.421312473601308,-0.019649275179021063,5.014662504196167,2.0117712020874023,0.006806948034092786,-34.98751653544605,11.39861284410782,,2.7631020735330303e-11,
1024000,353.31680130958557,-36.76123036444187,11.062922678448526,-0.017696159927174458,5.021344423294067,1.9221997737884522,0.006896809750236521,-34.98751653544605,11.39861284410782,,2.7631020735330303e-11,
1028000,354.5604453086853,-33.079260498285294,9.162883567348809,-0.013153505843132685,4.9647563934326175,1.9372580766677856,0.0021383049096912023,-34.98751653544605,11.39861284410782,,2.7631020735330303e-11,
1032000,355.8117582798004,-36.55135461688042,11.569918670945762,-0.015589505811221826,7.187864780426025,1.9364715099334717,0.004030256906757135,-34.98751653544605,11.39861284410782,,2.7631020735330303e-11,
1036000,357.07183599472046,-34.59958526492119,11.366863691704731,-0.0152584811467678,5.915462970733643,1.8523772001266479,0.002959397746948511,-34.98751653544605,11.39861284410782,,2.7631020735330303e-11,
1040000,358.3337333202362,-37.21474628150463,11.072064189420018,-0.014973987191449822,6.617904138565064,1.7938045144081116,0.0016205942064407175,-34.98751653544605,11.39861284410782,,2.7631020735330303e-11,
1044000,361.03010058403015,-34.5177221596241,10.9318695330983,-0.01323933349153963,5.927588701248169,1.8485517621040344,0.0022981530641844826,-35.14110369281843,11.559678947229507,,2.7631020735330303e-11,
1048000,362.2987973690033,-34.39990411698818,11.128672737306847,-0.00904394418676393,6.0387787342071535,1.8323562026023865,0.0002115978183282685,-35.14110369281843,11.559678947229507,,2.7631020735330303e-11,
1052000,363.5133616924286,-36.01449936628342,9.542108971980888,-0.013914673496503393,5.709275579452514,1.7685544729232787,0.0056555908289738,-35.14110369281843,11.559678947229507,,2.7631020735330303e-11,
1056000,364.7638535499573,-34.491709023714066,9.591915501758324,-0.01607995605189354,5.0586646556854244,1.8225276947021485,0.000695504921837653,-35.14110369281843,11.559678947229507,,2.7631020735330303e-11,
1060000,365.99703192710876,-34.18738207221031,11.587109840861894,-0.01960741840861737,4.603178644180298,1.9191197991371154,0.0022298161550395436,-35.14110369281843,11.559678947229507,,2.7631020735330303e-11,
1064000,367.1222438812256,-36.25866474211216,12.653133198393116,-0.01649688410991803,6.187192726135254,1.9266587853431703,0.0005894350091693923,-35.14110369281843,11.559678947229507,,2.7631020735330303e-11,
1068000,368.2113125324249,-33.63460287451744,11.266956543068472,-0.019225453973747798,4.630298614501953,1.910322117805481,0.007683197953156196,-35.14110369281843,11.559678947229507,,2.7631020735330303e-11,
1072000,369.30805563926697,-33.59958556294441,12.060032045926613,-0.015752500336384402,4.623689079284668,1.874886703491211,0.0037572434716857117,-35.14110369281843,11.559678947229507,,2.7631020735330303e-11,
1076000,370.431143283844,-36.569437354803085,12.21941710578072,-0.021359522327780666,4.551878833770752,1.7605531334877014,0.0055317528080195185,-35.14110369281843,11.559678947229507,,2.7631020735330303e-11,
1080000,371.56817293167114,-32.57343551516533,10.38715087419773,-0.015086399613646861,4.39128086566925,1.8765548467636108,0.0015930762572679668,-35.14110369281843,11.559678947229507,,2.7631020735330303e-11,
1084000,374.12394881248474,-36.58466063439846,12.207872385841712,-0.016013932195957748,5.7280947208404545,1.8467092633247375,0.004028506792383269,-35.24895843164995,11.48855314930359,,2.7631020735330303e-11,
1088000,375.2375237941742,-35.52979654073715,11.665914197428956,-0.018493345335125966,5.213570165634155,1.8667690634727478,0.00784708941332064,-35.24895843164995,11.48855314930359,,2.7631020735330303e-11,
1092000,376.33853912353516,-35.12293802201748,12.095779244556013,-0.014702403428964316,4.889766597747803,1.7823945164680481,0.0055485596603830345,-35.24895843164995,11.48855314930359,,2.7631020735330303e-11,
1096000,377.4303696155548,-34.54307599365711,12.683419426852625,-0.019616826779209083,5.542934274673462,1.8683815121650695,0.007702301495010033,-35.24895843164995,11.48855314930359,,2.7631020735330303e-11,
1100000,378.6152079105377,-34.77858382463455,9.593022144608705,-0.016284204677212876,4.95248236656189,1.849632155895233,0.004344115911226254,-35.24895843164995,11.48855314930359,,2.7631020735330303e-11,
1104000,379.84744906425476,-36.37358342111111,11.153355893908342,-0.0191492448691279,4.839961004257202,1.9541892528533935,0.0021971130808815078,-35.24895843164995,11.48855314930359,,2.7631020735330303e-11,
1108000,381.07129096984863,-33.164076283574104,12.141892061747939,-0.018676233410369746,5.691204309463501,1.9236542344093324,0.00776100003812461,-35.24895843164995,11.48855314930359,,2.7631020735330303e-11,
1112000,382.3118932247162,-34.011265486478806,11.235975676887463,-0.016829381278716048,4.810630178451538,1.9089260935783385,0.0072723330906590885,-35.24895843164995,11.48855314930359,,2.7631020735330303e-11,
1116000,383.55143332481384,-37.344634264707565,13.072302036997359,-0.018548491271678368,5.8455541133880615,1.9465169548988341,0.00803318860125728,-35.24895843164995,11.48855314930359,,2.7631020735330303e-11,
1120000,384.82558512687683,-34.0579472258687,11.77580164068931,-0.016576503700111055,4.423971176147461,1.9519556283950805,0.0026221011018642435,-35.24895843164995,11.48855314930359,,2.7631020735330303e-11,
1124000,387.56986474990845,-34.34996069967747,11.407923153330604,-0.015762496354989698,5.7502552509307865,2.0034444332122803,0.0071515670977532865,-35.471505258698016,11.27625888421503,,2.7631020735330303e-11,
1128000,388.84890055656433,-34.449587389826775,11.887153472531176,-0.01036268016952091,5.964036226272583,2.0665276765823366,0.0011590683588292628,-35.471505258698016,11.27625888421503,,2.7631020735330303e-11,
1132000,390.1282801628113,-33.950599148869514,10.885386381064649,-0.016852680767420657,4.017019820213318,2.0597516536712646,0.003917761420598254,-35.471505258698016,11.27625888421503,,2.7631020735330303e-11,
1136000,391.4071002006531,-34.185773342847824,10.23166628680632,-0.015355126922018857,6.311321687698364,2.0912980794906617,0.002890135647263348,-35.471505258698016,11.27625888421503,,2.7631020735330303e-11,
1140000,392.696825504303,-34.35609667003155,11.5306467307704,-0.019534720993135045,4.321003794670105,2.1078455209732057,0.008035909054102319,-35.471505258698016,11.27625888421503,,2.7631020735330303e-11,
1144000,393.99712467193604,-35.605278953909874,10.275672223182257,-0.012496037904871627,6.901709651947021,2.1117527961730955,0.001381578261789418,-35.471505258698016,11.27625888421503,,2.7631020735330303e-11,
1148000,395.26231694221497,-34.41338884830475,10.758347212787736,-0.01708608520496635,5.381883764266968,2.0704792976379394,0.0007972660125233233,-35.471505258698016,11.27625888421503,,2.7631020735330303e-11,
1152000,396.50753235816956,-36.796265199780464,12.305636019115399,-0.015187085597775863,5.860772180557251,2.1098079681396484,0.0021226173082832035,-35.471505258698016,11.27625888421503,,2.7631020735330303e-11,
1156000,397.7516522407532,-36.44796222448349,11.286693466258829,-0.016461126876063582,6.002891969680786,2.028190803527832,0.0032857653017345,-35.471505258698016,11.27625888421503,,2.7631020735330303e-11,
1160000,399.0397627353668,-34.808078065514565,12.174204321677395,-0.012590879394207156,6.152174663543701,2.022942852973938,0.0046267691990360404,-35.471505258698016,11.27625888421503,,2.7631020735330303e-11,
1164000,401.80458641052246,-35.00784873962402,12.70491856589781,-0.016815817512571794,6.047937250137329,1.9988881468772888,0.002856071991031062,-34.93567375000566,11.721547042247888,,2.7631020735330303e-11,
1168000,403.1006302833557,-34.651169419288635,11.140036523232997,-0.0199649277813732,4.753605842590332,1.9016138195991517,0.012285720916464803,-34.93567375000566,11.721547042247888,,2.7631020735330303e-11,
1172000,404.3604061603546,-34.686258375644684,10.318073810460872,-0.012544637348619148,5.161978340148925,1.9484261751174927,0.003619144492549786,-34.93567375000566,11.721547042247888,,2.7631020735330303e-11,
1176000,405.6271035671234,-35.08069282770157,12.008641207054911,-0.018567939207889062,6.0999504089355465,1.9765612363815308,0.0053627699715434575,-34.93567375000566,11.721547042247888,,2.7631020735330303e-11,
1180000,406.943767786026,-34.203273355960846,9.495823305641018,-0.014815789916086963,5.2324892520904545,1.8921998858451843,0.008543678672867826,-34.93567375000566,11.721547042247888,,2.7631020735330303e-11,
1184000,408.253121137619,-34.2651546895504,12.43628777420316,-0.018269744593650116,4.452853894233703,1.8901363372802735,0.004747290774190338,-34.93567375000566,11.721547042247888,,2.7631020735330303e-11,
1188000,409.53128933906555,-34.33019809424877,10.910864859905077,-0.019246080326382087,4.990053462982178,1.9375944495201112,0.0063685205501387895,-34.93567375000566,11.721547042247888,,2.7631020735330303e-11,
1192000,410.79924511909485,-35.16504555940628,11.036440599474313,-0.017576506939250967,5.291777801513672,1.8851834774017333,0.009341958980076014,-34.93567375000566,11.721547042247888,,2.7631020735330303e-11,
1196000,412.0066511631012,-36.11233475804329,12.866096975938744,-0.02107775858044625,4.1611034870147705,1.9179980993270873,0.007313219321076758,-34.93567375000566,11.721547042247888,,2.7631020735330303e-11,
1200000,413.2682478427887,-33.93707440793514,9.618017521952176,-0.01494738391786814,4.717596578598022,1.8833782911300658,0.0062695897365919965,-34.93567375000566,11.721547042247888,,2.7631020735330303e-11,
1204000,415.8668704032898,-35.937554612755775,10.711599774254442,-0.01817726255906744,4.229279255867004,1.9051477193832398,0.00821806661412119,-34.67546421010047,11.877593264211963,,2.7631020735330303e-11,
1208000,416.9760437011719,-35.74475188553333,12.341802086316665,-0.011444534998387112,7.622818899154663,1.853536343574524,0.005238660003291429,-34.67546421010047,11.877593264211963,,2.7631020735330303e-11,
1212000,418.0901608467102,-34.26306192576885,10.374522388557644,-0.0174480193639174,4.564211487770081,1.8676400303840637,0.00540406624716705,-34.67546421010047,11.877593264211963,,2.7631020735330303e-11,
1216000,419.24195981025696,-33.20116883516312,10.392041176646547,-0.021719471883960083,3.9407809257507322,1.8075466990470885,0.00788340174686164,-34.67546421010047,11.877593264211963,,2.7631020735330303e-11,
1220000,420.33022475242615,-31.42693841457367,8.953825342313353,-0.015856739555485434,4.71137170791626,1.8513412594795227,0.004750875698751678,-34.67546421010047,11.877593264211963,,2.7631020735330303e-11,
1224000,421.4277582168579,-37.42898417264223,11.513431810513095,-0.020028034793212867,5.006700849533081,1.8120027422904967,0.005175545658858027,-34.67546421010047,11.877593264211963,,2.7631020735330303e-11,
1228000,422.54404950141907,-33.110068053007126,10.756912738472197,-0.017341895312070754,4.676249027252197,1.7996576428413391,0.0090271080378443,-34.67546421010047,11.877593264211963,,2.7631020735330303e-11,
1232000,423.64573860168457,-36.14600566029549,10.761437389417829,-0.010987905332352988,6.4709185600280765,1.769414222240448,0.003453247915604152,-34.67546421010047,11.877593264211963,,2.7631020735330303e-11,
1236000,424.7341868877411,-36.46334432065487,12.552904099125254,-0.009419236373272733,5.697405767440796,1.8112385988235473,0.0022199358470970766,-34.67546421010047,11.877593264211963,,2.7631020735330303e-11,
1240000,425.8258821964264,-33.08839674293995,9.907555920434788,-0.017917429488152337,4.509269189834595,1.8122180700302124,0.008595817105378956,-34.67546421010047,11.877593264211963,,2.7631020735330303e-11,
1244000,428.6181139945984,-36.778236120939255,10.868045065553298,-0.018521639755926956,4.808028841018677,1.6610476613044738,0.009980586322490126,-35.036794496234506,11.873559431741697,,2.7631020735330303e-11,
1248000,429.9269242286682,-36.02560085058212,10.653014879307133,-0.014539511926472315,4.902254724502564,1.6501290798187256,0.004361486434819995,-35.036794496234506,11.873559431741697,,2.7631020735330303e-11,
1252000,431.1580400466919,-34.06082531809807,9.799961813358582,-0.01569803550653166,4.710972595214844,1.7014158844947815,0.0015136408144608149,-35.036794496234506,11.873559431741697,,2.7631020735330303e-11,
1256000,432.4303369522095,-33.86679124832153,9.427256812927045,-0.015628263897728267,5.197017526626587,1.6961281061172486,0.006918914075475157,-35.036794496234506,11.873559431741697,,2.7631020735330303e-11,
1260000,433.67252945899963,-32.527828484773636,8.354644167095868,-0.014611973066348583,4.96717324256897,1.7204789638519287,0.0021055970496963285,-35.036794496234506,11.873559431741697,,2.7631020735330303e-11,
1264000,434.8776798248291,-33.35069844126701,13.064611517969444,-0.009681266021914858,5.7406017780303955,1.71988343000412,0.003379483471508138,-35.036794496234506,11.873559431741697,,2.7631020735330303e-11,
1268000,436.01448249816895,-32.15475606918335,10.95426130679022,-0.024280337097123274,4.427479553222656,1.7320745706558227,0.004142356703057892,-35.036794496234506,11.873559431741697,,2.7631020735330303e-11,
1272000,437.13008069992065,-33.3778962790966,9.50132563127168,-0.014572572466451671,4.425088953971863,1.688066565990448,0.0004443445184733719,-35.036794496234506,11.873559431741697,,2.7631020735330303e-11,
1276000,438.2593493461609,-33.47727674245834,11.485613797923424,-0.016580377915408385,5.943704986572266,1.7014901399612428,0.0020862589677562936,-35.036794496234506,11.873559431741697,,2.7631020735330303e-11,
1280000,439.36410331726074,-33.798179522156715,12.636680237174712,-0.012556653418112563,5.83449010848999,1.6933017730712892,0.0038701289202435875,-35.036794496234506,11.873559431741697,,2.7631020735330303e-11,
1284000,442.1009247303009,-32.89277425408363,10.334141489513344,-0.01540605980064722,4.359693241119385,1.7201212167739868,0.003843720763688907,-35.094326082617044,12.145110837400278,,2.7631020735330303e-11,
1288000,443.40132904052734,-32.75855112075806,12.096078229673408,-0.02148224698938428,4.370278453826904,1.6910368204116821,0.008447216849774097,-35.094326082617044,12.145110837400278,,2.7631020735330303e-11,
1292000,444.64680457115173,-34.4466158002615,11.679091868460063,-0.020805451710708668,5.560446548461914,1.6328912496566772,0.006589187096222293,-35.094326082617044,12.145110837400278,,2.7631020735330303e-11,
1296000,445.91113662719727,-34.727734714746475,10.151229016241505,-0.01286290000518786,4.713307809829712,1.6011724948883057,0.005197455349843949,-35.094326082617044,12.145110837400278,,2.7631020735330303e-11,
1300000,447.12934136390686,-32.21498467028141,10.973594943473454,-0.017557417207863323,4.26854989528656,1.5485217809677123,0.0037011690088547765,-35.094326082617044,12.145110837400278,,2.7631020735330303e-11,
1304000,448.3506109714508,-36.081435203552246,11.1802420810174,-0.015234810407273435,6.16943769454956,1.629450833797455,0.004746541270287707,-35.094326082617044,12.145110837400278,,2.7631020735330303e-11,
1308000,449.60026836395264,-34.067887753248215,11.402782981637877,-0.016923361829016416,5.761357975006104,1.6630680799484252,0.002158251383661991,-35.094326082617044,12.145110837400278,,2.7631020735330303e-11,
1312000,450.8698272705078,-37.71544101834297,10.218977737898788,-0.01830396099854248,4.652808141708374,1.6557615041732787,0.006550534296547994,-35.094326082617044,12.145110837400278,,2.7631020735330303e-11,
1316000,452.1470341682434,-35.565258741378784,10.819097640798054,-0.019704100344329945,5.688695669174194,1.7037654876708985,0.0021643707412295045,-35.094326082617044,12.145110837400278,,2.7631020735330303e-11,
1320000,453.3926796913147,-33.563580214977264,10.634181732921297,-0.008193109854342762,5.748979616165161,1.6648890614509582,0.004259497573366388,-35.094326082617044,12.145110837400278,,2.7631020735330303e-11,
1324000,456.1826663017273,-36.41021153330803,10.684209014218986,-0.01596889532450585,6.542102956771851,1.6734598755836487,0.00405136034567839,-35.412894582375884,12.376541573564994,,2.7631020735330303e-11,
1328000,457.44768476486206,-30.787122204899788,11.479591158391843,-0.01824434213526551,4.29753348827362,1.7284875512123108,0.006523228884441767,-35.412894582375884,12.376541573564994,,2.7631020735330303e-11,
1332000,458.69511580467224,-36.73576255142689,12.516823406954117,-0.01694808097090572,5.340840768814087,1.6664480566978455,0.002177868660510285,-35.412894582375884,12.376541573564994,,2.7631020735330303e-11,
1336000,459.87955474853516,-34.29012253880501,11.657943843739478,-0.016303810022771436,4.022944545745849,1.5890469312667848,0.007981134559493518,-35.412894582375884,12.376541573564994,,2.7631020735330303e-11,
1340000,461.07956409454346,-32.26730515807867,12.171206541578297,-0.012341320301871761,4.673353958129883,1.621823823451996,0.003909518723958172,-35.412894582375884,12.376541573564994,,2.7631020735330303e-11,
1344000,462.3312463760376,-35.06545616686344,10.681635936507085,-0.015284729076549475,4.596650457382202,1.530738651752472,0.0030119556293357165,-35.412894582375884,12.376541573564994,,2.7631020735330303e-11,
1348000,463.4734137058258,-35.53036426007748,10.514202178082488,-0.017555283816997048,4.633792448043823,1.5252315878868103,0.005615403119008988,-35.412894582375884,12.376541573564994,,2.7631020735330303e-11,
1352000,464.5808336734772,-32.289215229451656,13.028546021439023,-0.020120270411483964,3.9460174560546877,1.5804442286491394,0.005987801548093552,-35.412894582375884,12.376541573564994,,2.7631020735330303e-11,
1356000,465.6900613307953,-35.53618970513344,10.996604628243466,-0.016151340953074377,6.323316669464111,1.5356199741363525,0.004914148653857353,-35.412894582375884,12.376541573564994,,2.7631020735330303e-11,
1360000,466.79793524742126,-34.14743855595589,11.100746839116278,-0.01926849112845943,4.841341733932495,1.5499824047088624,0.0066850694870808965,-35.412894582375884,12.376541573564994,,2.7631020735330303e-11,
1364000,469.3901934623718,-34.17118018865585,12.672622202004588,-0.022698229943402204,4.2745064973831175,1.644335925579071,0.006943772966042161,-35.22593499254435,12.32521799159784,,2.7631020735330303e-11,
1368000,470.5537099838257,-32.72696328163147,9.65461544657215,-0.012254250932019239,4.4881508350372314,1.5375896096229553,0.0025522160825785178,-35.22593499254435,12.32521799159784,,2.7631020735330303e-11,
1372000,471.7238390445709,-37.021388456225395,10.786015656824045,-0.016966623550280956,5.304680728912354,1.60407235622406,0.0009006609781645025,-35.22593499254435,12.32521799159784,,2.7631020735330303e-11,
1376000,473.00271558761597,-32.6792249083519,11.190016272638907,-0.014856183795723866,4.734966230392456,1.6101054906845094,0.005349183635553345,-35.22593499254435,12.32521799159784,,2.7631020735330303e-11,
1380000,474.2688899040222,-34.742832615971565,10.607621371873734,-0.013006863391958135,5.2153076171875,1.6167399406433105,0.003150704778265201,-35.22593499254435,12.32521799159784,,2.7631020735330303e-11,
1384000,475.50197315216064,-33.511914014816284,11.14401811710845,-0.016030724866315717,4.712487077713012,1.5964583039283753,0.0020806383942254315,-35.22593499254435,12.32521799159784,,2.7631020735330303e-11,
1388000,476.7561287879944,-34.35760420560837,11.700315820593593,-0.0171031782142818,5.131001281738281,1.5337976455688476,0.005104093460249715,-35.22593499254435,12.32521799159784,,2.7631020735330303e-11,
1392000,478.0174307823181,-35.19498382508755,10.36449412403334,-0.01292759982869036,5.029465532302856,1.620581603050232,0.0010772701178211718,-35.22593499254435,12.32521799159784,,2.7631020735330303e-11,
1396000,479.32431983947754,-34.74924390017986,12.19876326502493,-0.015667600805405434,4.053337240219117,1.6271775960922241,0.0002722723436889396,-35.22593499254435,12.32521799159784,,2.7631020735330303e-11,
1400000,480.63164043426514,-35.72489579021931,12.329479776828068,-0.019106480385176816,5.770888471603394,1.6173922181129456,0.004406307194672987,-35.22593499254435,12.32521799159784,,2.7631020735330303e-11,
1404000,483.26287055015564,-33.394662752747536,10.653880351866405,-0.01922290575690546,5.073316526412964,1.621049952507019,0.0036832121773622715,-34.98760127555579,11.975583177567334,,2.7631020735330303e-11,
1408000,484.3323345184326,-33.366322949528694,10.916034806991902,-0.017262063170782938,4.405761861801148,1.6523234009742738,0.004448631751350973,-34.98760127555579,11.975583177567334,,2.7631020735330303e-11,
1412000,485.4142997264862,-32.69288021326065,11.31856793159884,-0.020960926514118895,4.9836994171142575,1.6495262145996095,0.00664839267241768,-34.98760127555579,11.975583177567334,,2.7631020735330303e-11,
1416000,486.5082497596741,-33.57050532102585,9.641473659841212,-0.015372048038057962,4.054081535339355,1.61734778881073,0.006988379953196322,-34.98760127555579,11.975583177567334,,2.7631020735330303e-11,
1420000,487.58726739883423,-34.786746099591255,10.147453478574745,-0.01872860991302878,6.208980417251587,1.6828901886940002,0.0067059056273137685,-34.98760127555579,11.975583177567334,,2.7631020735330303e-11,
1424000,488.66546297073364,-32.45560002326965,10.98326224437239,-0.01738133859727531,4.396467924118042,1.6584919929504394,0.014123485467396436,-34.98760127555579,11.975583177567334,,2.7631020735330303e-11,
1428000,489.7649874687195,-34.20287898182869,9.462303325393975,-0.009961980653693914,5.3223292350769045,1.6538841485977174,0.0016237748493438176,-34.98760127555579,11.975583177567334,,2.7631020735330303e-11,
1432000,490.84415793418884,-34.9355663061142,10.327398430869263,-0.018970713671296834,4.657066297531128,1.6778744459152222,0.007487737970892283,-34.98760127555579,11.975583177567334,,2.7631020735330303e-11,
1436000,491.9223210811615,-32.31699548661709,11.079810629119914,-0.016547232179902505,4.173632359504699,1.717841136455536,0.0029197835549712005,-34.98760127555579,11.975583177567334,,2.7631020735330303e-11,
1440000,492.98989248275757,-31.536030516028404,10.90619476111947,-0.010861080558504899,4.386818552017212,1.7026599526405335,0.002769358444493264,-34.98760127555579,11.975583177567334,,2.7631020735330303e-11,
1444000,495.5486762523651,-32.915417805314064,12.775686455508875,-0.01734657495655121,4.643861103057861,1.6451622247695923,0.004752425028360463,-34.88804748561233,11.744457126635997,,2.7631020735330303e-11,
1448000,496.64708161354065,-33.793043583631516,10.270140800939133,-0.01303549803444195,5.6483409881591795,1.6639949321746825,0.002930156645132165,-34.88804748561233,11.744457126635997,,2.7631020735330303e-11,
1452000,497.8809425830841,-37.07044945657253,11.07464416618357,-0.01301218706043441,6.68180251121521,1.618449831008911,0.0018491823345102576,-34.88804748561233,11.744457126635997,,2.7631020735330303e-11,
1456000,499.1988081932068,-32.74485082924366,10.185035431895134,-0.019758452935144534,3.8312188625335692,1.600439465045929,0.005239615272730536,-34.88804748561233,11.744457126635997,,2.7631020735330303e-11,
1460000,500.4954149723053,-36.05272673070431,11.338854173727835,-0.01685296008922137,5.929275608062744,1.5772988200187683,0.003679002223536365,-34.88804748561233,11.744457126635997,,2.7631020735330303e-11,
1464000,501.7641439437866,-34.10437501966953,10.066694238291177,-0.022538744869642004,5.73248143196106,1.6832919359207152,0.009958455428946734,-34.88804748561233,11.744457126635997,,2.7631020735330303e-11,
1468000,503.011173248291,-32.687846794724464,10.870431431039316,-0.02365611913893373,3.5016782522201537,1.6451854586601258,0.006452245638356491,-34.88804748561233,11.744457126635997,,2.7631020735330303e-11,
1472000,504.2591760158539,-34.19440573453903,10.005582280605518,-0.017207013354636657,5.23216757774353,1.6526020050048829,0.007550659870030074,-34.88804748561233,11.744457126635997,,2.7631020735330303e-11,
1476000,505.46099519729614,-33.53446987271309,10.970535274839603,-0.014673227559775093,4.924251127243042,1.628892707824707,0.0061990431568119675,-34.88804748561233,11.744457126635997,,2.7631020735330303e-11,
1480000,506.7099256515503,-34.50799822807312,12.235036889942746,-0.019675855385139586,5.778971004486084,1.69084312915802,0.008054324044496752,-34.88804748561233,11.744457126635997,,2.7631020735330303e-11,
1484000,509.3608613014221,-33.08900240063667,11.197243860061914,-0.020709717812947927,5.119573545455933,1.684188723564148,0.010926733550149947,-34.89202920626849,11.406767952715263,,2.7631020735330303e-11,
1488000,510.6712987422943,-34.169042736291885,9.890401723752626,-0.018984776182099948,5.618242263793945,1.7149097681045533,0.0027177311454724905,-34.89202920626849,11.406767952715263,,2.7631020735330303e-11,
1492000,511.9189546108246,-32.573370426893234,11.518511020958211,-0.016348659642972052,5.661962652206421,1.7492830514907838,0.007364973326213687,-34.89202920626849,11.406767952715263,,2.7631020735330303e-11,
1496000,513.1526372432709,-36.18655636906624,12.07611206434853,-0.019313528463244543,5.534400844573975,1.6914296865463256,0.009960341296391562,-34.89202920626849,11.406767952715263,,2.7631020735330303e-11,
1500000,514.3896481990814,-32.092318549752235,11.419033982520297,-0.022992928172461548,4.600127649307251,1.6816266059875489,0.007428450084989891,-34.89202920626849,11.406767952715263,,2.7631020735330303e-11,
1504000,515.5857236385345,-33.515950337052345,10.971251045140443,-0.018951453982852407,5.097085285186767,1.6161671042442323,0.004134409327525646,-34.89202920626849,11.406767952715263,,2.7631020735330303e-11,
1508000,516.7960865497589,-35.58799220621586,12.151170364382368,-0.016900301731191593,5.109133911132813,1.7026749134063721,0.006022276743897237,-34.89202920626849,11.406767952715263,,2.7631020735330303e-11,
1512000,518.0443999767303,-32.633108243346214,11.010855982018063,-0.020385904628317776,4.684760665893554,1.6873375296592712,0.005605114463250871,-34.89202920626849,11.406767952715263,,2.7631020735330303e-11,
1516000,519.3059771060944,-33.678003013134,8.749648127834883,-0.017223767496645337,3.938857674598694,1.6559354424476624,0.008328460191842168,-34.89202920626849,11.406767952715263,,2.7631020735330303e-11,
1520000,520.5513730049133,-32.53162369132042,10.816622526971305,-0.013639083580579836,5.488255548477173,1.6643078207969666,0.0040227140038041394,-34.89202920626849,11.406767952715263,,2.7631020735330303e-11,
1524000,523.2624747753143,-33.83336761593819,11.870114884856227,-0.0180715760458261,5.69664888381958,1.718816602230072,0.0073622484202496615,-34.67088000336662,11.401875480802453,,2.7631020735330303e-11,
1528000,524.5359828472137,-33.101081892848015,12.544576136595632,-0.01542628685198726,5.426110315322876,1.690795934200287,0.006129922971103952,-34.67088000336662,11.401875480802453,,2.7631020735330303e-11,
1532000,525.7914710044861,-31.93546325713396,10.807425864292657,-0.019470387440174798,5.107462692260742,1.6734755992889405,0.011768960038665632,-34.67088000336662,11.401875480802453,,2.7631020735330303e-11,
1536000,527.0421960353851,-33.184881426393986,11.460653805477998,-0.017696258193813465,4.2988381624221805,1.582487416267395,0.003617180566710765,-34.67088000336662,11.401875480802453,,2.7631020735330303e-11,
1540000,528.2881660461426,-33.52873080968857,9.274911429908627,-0.017635699369944646,4.84249849319458,1.6097089886665343,0.006589959107805044,-34.67088000336662,11.401875480802453,,2.7631020735330303e-11,
1544000,529.5239696502686,-34.57500317692757,11.661081240263831,-0.015469566634856236,6.25625319480896,1.6048225283622741,0.003748489237739605,-34.67088000336662,11.401875480802453,,2.7631020735330303e-11,
1548000,530.8186988830566,-36.14013071358204,12.83779847703599,-0.017383955770172044,5.77257809638977,1.5985141754150392,0.006333046028157696,-34.67088000336662,11.401875480802453,,2.7631020735330303e-11,
1552000,532.0488679409027,-32.45465725660324,10.150367278346327,-0.015337148341350115,6.393914127349854,1.6447428107261657,0.004910475088690802,-34.67088000336662,11.401875480802453,,2.7631020735330303e-11,
1556000,533.2514190673828,-31.85167844593525,10.727920317172675,-0.018192896338179665,4.764943408966064,1.5274426579475402,0.007753778644837439,-34.67088000336662,11.401875480802453,,2.7631020735330303e-11,
1560000,534.4131171703339,-34.39919166266918,11.643934144268725,-0.02061489504110068,4.315035557746887,1.6360177278518677,0.0033738762722350657,-34.67088000336662,11.401875480802453,,2.7631020735330303e-11,
1564000,537.1281526088715,-36.119011387228966,12.326816705719374,-0.015476845937780936,7.280491161346435,1.5824325561523438,0.007667983212741092,-34.61775623774156,10.79019028616617,,2.7631020735330303e-11,
1568000,538.3941254615784,-32.63627967238426,10.167414560844184,-0.019270729892886963,4.235397601127625,1.5917272806167602,0.0074660968559328465,-34.61775623774156,10.79019028616617,,2.7631020735330303e-11,
1572000,539.6796491146088,-33.17020493745804,10.756482637501923,-0.013376834271475601,3.573689866065979,1.5525532007217406,0.0016830181538825429,-34.61775623774156,10.79019028616617,,2.7631020735330303e-11,
1576000,540.950140953064,-35.41134722530842,10.609595742142366,-0.01672443759813902,4.8052284717559814,1.5622817635536195,0.0037186347325332434,-34.61775623774156,10.79019028616617,,2.7631020735330303e-11,
1580000,542.145693063736,-32.20675700902939,10.972439315590348,-0.015437736136838609,4.0094798564910885,1.5641234278678895,0.003951307638311441,-34.61775623774156,10.79019028616617,,2.7631020735330303e-11,
1584000,543.3252458572388,-32.68982583284378,10.763152693264452,-0.026490150658413737,3.6354067802429197,1.5932717442512512,0.013271797577384791,-34.61775623774156,10.79019028616617,,2.7631020735330303e-11,
1588000,544.492926120758,-33.17189110815525,10.077523977727529,-0.022535597136244156,5.138901662826538,1.6165374755859374,0.006074033846380189,-34.61775623774156,10.79019028616617,,2.7631020735330303e-11,
1592000,545.6687502861023,-33.7691550552845,10.976945072580971,-0.01916096909344196,5.949281644821167,1.6008301019668578,0.010919300174806069,-34.61775623774156,10.79019028616617,,2.7631020735330303e-11,
1596000,546.9150619506836,-33.408226653933525,10.730563087295334,-0.015283452379517292,4.576970386505127,1.5896660447120667,0.0013581556013086526,-34.61775623774156,10.79019028616617,,2.7631020735330303e-11,
1600000,548.1696391105652,-31.931696236133575,12.74350929785134,-0.021881958981975914,3.5944637775421144,1.579345202445984,0.0054305085425439435,-34.61775623774156,10.79019028616617,,2.7631020735330303e-11,
1604000,550.7954933643341,-32.215385764837265,12.006857957758777,-0.017018614224158225,5.188774347305298,1.5214086651802063,0.0014114687597611918,-35.200693840160966,11.684388906505216,,2.7631020735330303e-11,
1608000,552.0485486984253,-34.15216091275215,10.953887215268013,-0.011551879307720725,5.997780084609985,1.5648784041404724,9.000993845980077e-05,-35.200693840160966,11.684388906505216,,2.7631020735330303e-11,
1612000,553.3362028598785,-31.696059212088585,10.790011406387965,-0.02100462088175119,4.394063472747803,1.5611106514930726,0.0015184490973915387,-35.200693840160966,11.684388906505216,,2.7631020735330303e-11,
1616000,554.5573146343231,-33.66161847859621,11.42214297698435,-0.020598372318782053,5.0798297882080075,1.5571871280670166,0.009493217566050483,-35.200693840160966,11.684388906505216,,2.7631020735330303e-11,
1620000,555.7813045978546,-33.37088221311569,10.403627368203052,-0.01772093683981808,3.6851423025131225,1.5386919975280762,0.005793318143696524,-35.200693840160966,11.684388906505216,,2.7631020735330303e-11,
1624000,556.9702553749084,-34.8369525372982,12.06530510160842,-0.01592882607970374,7.259580421447754,1.5377150058746338,0.003412127472984139,-35.200693840160966,11.684388906505216,,2.7631020735330303e-11,
1628000,558.2202422618866,-31.913583368062973,11.17021092355643,-0.02285355894733243,4.175902390480042,1.561818039417267,0.002623447364749154,-35.200693840160966,11.684388906505216,,2.7631020735330303e-11,
1632000,559.4619793891907,-33.800211146473885,10.257046472191153,-0.021138066397979927,3.793426537513733,1.5403717279434204,0.006040845288662222,-35.200693840160966,11.684388906505216,,2.7631020735330303e-11,
1636000,560.6901729106903,-33.10802610218525,10.247250841315912,-0.022285575306974437,4.329274964332581,1.5870445132255555,0.011049146231263874,-35.200693840160966,11.684388906505216,,2.7631020735330303e-11,
1640000,561.8987014293671,-32.54406079649925,9.471445827386106,-0.023513767425902186,3.50653760433197,1.5709220886230468,0.008853618576656962,-35.200693840160966,11.684388906505216,,2.7631020735330303e-11,
1644000,564.5871407985687,-34.00357310473919,9.477199354477516,-0.02255473026167607,4.484151864051819,1.6073965311050415,0.005470125123974867,-34.856160392053425,11.904262123558805,,2.7631020735330303e-11,
1648000,565.8509368896484,-32.60744000971317,10.800187541951205,-0.020481942237354823,5.993871879577637,1.5964916229248047,0.008556989392265634,-34.856160392053425,11.904262123558805,,2.7631020735330303e-11,
1652000,567.0673401355743,-34.65485715866089,10.195083813911607,-0.021205879567191,5.073145627975464,1.610384500026703,0.0033590538136195392,-34.856160392053425,11.904262123558805,,2.7631020735330303e-11,
1656000,568.3266434669495,-33.19142058491707,10.884938355447773,-0.020069944337941716,5.43014087677002,1.635614812374115,0.009219852008391172,-34.856160392053425,11.904262123558805,,2.7631020735330303e-11,
1660000,569.5926253795624,-33.292222917079926,9.992108527772762,-0.013258000919129742,5.057862281799316,1.679248583316803,0.003662684788228887,-34.856160392053425,11.904262123558805,,2.7631020735330303e-11,
1664000,570.871780872345,-35.044271141290665,10.570627645975389,-0.020491231697611488,4.739707326889038,1.6711850881576538,0.009092248286818715,-34.856160392053425,11.904262123558805,,2.7631020735330303e-11,
1668000,572.110512971878,-33.48554900288582,12.296696582716063,-0.022727481239475277,3.9141324520111085,1.580205774307251,0.008412362693343311,-34.856160392053425,11.904262123558805,,2.7631020735330303e-11,
1672000,573.3757541179657,-33.767410919070244,9.499715382630392,-0.015887939931824847,4.361139559745789,1.6115008473396302,0.0020957212895154954,-34.856160392053425,11.904262123558805,,2.7631020735330303e-11,
1676000,574.6230936050415,-31.77528640627861,10.983457098842976,-0.01905837573856104,3.5754618406295777,1.6095246195793151,0.006165719803539105,-34.856160392053425,11.904262123558805,,2.7631020735330303e-11,
1680000,575.8825178146362,-35.98646742105484,10.131144232758142,-0.02004339632112533,4.612193012237549,1.573417592048645,0.005030536773847416,-34.856160392053425,11.904262123558805,,2.7631020735330303e-11,
1684000,578.5416331291199,-31.942497625947,10.860704115047508,-0.015881672189571105,4.8710618019104,1.5438497900962829,0.0077702075310517316,-33.377808661200106,10.89896691670937,,2.7631020735330303e-11,
1688000,579.802681684494,-29.75931403040886,10.741715779709454,-0.016394288767594835,3.639989709854126,1.5317164182662963,0.004454562272148799,-33.377808661200106,10.89896691670937,,2.7631020735330303e-11,
1692000,581.0812621116638,-32.71943908929825,12.126687095366991,-0.0168952691629529,4.518928527832031,1.5580982208251952,0.002272986265597865,-33.377808661200106,10.89896691670937,,2.7631020735330303e-11,
1696000,582.2142417430878,-33.566029116511345,11.036854164065982,-0.01855804046057168,4.875137805938721,1.5274047374725341,0.008252207282930612,-33.377808661200106,10.89896691670937,,2.7631020735330303e-11,
1700000,583.4214861392975,-32.53952036798,10.822913626250095,-0.019408014232292815,5.2829255104064945,1.5522189736366272,0.0038672492248005954,-33.377808661200106,10.89896691670937,,2.7631020735330303e-11,
1704000,584.6729390621185,-32.075378745794296,10.233929404509482,-0.01622002787562087,5.357461643218994,1.562468981742859,0.005907861588057095,-33.377808661200106,10.89896691670937,,2.7631020735330303e-11,
1708000,585.9293100833893,-33.7292397916317,11.459017978072499,-0.01817282123025521,5.640126180648804,1.6581106305122375,0.0040966746673802845,-33.377808661200106,10.89896691670937,,2.7631020735330303e-11,
1712000,587.1694734096527,-31.735406890511513,12.185502458474362,-0.02152126553282141,5.284641122817993,1.6274657607078553,0.006108264456619494,-33.377808661200106,10.89896691670937,,2.7631020735330303e-11,
1716000,588.4017822742462,-32.95071355998516,11.117602573262308,-0.023199290513060956,3.913414144515991,1.6332490563392639,0.0060541329331463166,-33.377808661200106,10.89896691670937,,2.7631020735330303e-11,
1720000,589.6363983154297,-32.793196961283684,11.465365960441094,-0.021972734032198772,4.359320616722107,1.538192367553711,0.0070742602023528885,-33.377808661200106,10.89896691670937,,2.7631020735330303e-11,
1724000,592.2230241298676,-33.04233494400978,11.836099534319187,-0.01262918849242851,6.542665672302246,1.4590131759643554,0.005545381898991763,-33.233192699961364,11.487218415397653,,2.7631020735330303e-11,
1728000,593.2040696144104,-34.56195664405823,10.726897781605851,-0.018502436808310384,4.465600395202637,1.4873793244361877,0.0024812599862343633,-33.233192699961364,11.487218415397653,,2.7631020735330303e-11,
1732000,594.2213282585144,-33.47560428082943,10.229830607463677,-0.015746838629245773,4.839119243621826,1.3907910108566284,0.0017864631116389696,-33.233192699961364,11.487218415397653,,2.7631020735330303e-11,
1736000,595.1245756149292,-29.636057302355766,10.820134637398931,-0.02020157780870795,3.4654871940612795,1.3761211037635803,0.006461754871997983,-33.233192699961364,11.487218415397653,,2.7631020735330303e-11,
1740000,596.0559070110321,-32.66687913239002,10.481215172407058,-0.0228377537205815,4.162912058830261,1.4213588953018188,0.006818243837915361,-33.233192699961364,11.487218415397653,,2.7631020735330303e-11,
1744000,597.1033916473389,-34.1937380284071,11.327562004303505,-0.017521043776534385,5.2828301906585695,1.4768789529800415,0.006448317768285072,-33.233192699961364,11.487218415397653,,2.7631020735330303e-11,
1748000,598.2160856723785,-31.46029567718506,11.210707080408122,-0.020008229108527332,5.169701433181762,1.4586509108543395,0.0066145870242035,-33.233192699961364,11.487218415397653,,2.7631020735330303e-11,
1752000,599.3596918582916,-32.26468801498413,12.192437160430083,-0.01236347524123289,4.971671628952026,1.4474536418914794,0.0065191931880544726,-33.233192699961364,11.487218415397653,,2.7631020735330303e-11,
1756000,600.3420495986938,-32.849698290228844,11.65329694190132,-0.019005445505492345,4.768977642059326,1.4569433331489563,0.008789099531713872,-33.233192699961364,11.487218415397653,,2.7631020735330303e-11,
1760000,601.2988498210907,-32.05674800276756,9.388281833959997,-0.017466951215639702,3.7987576723098755,1.4491231322288514,0.0035669973831391035,-33.233192699961364,11.487218415397653,,2.7631020735330303e-11,
1764000,603.3481588363647,-29.417747542262077,9.059899598312626,-0.017012262798845778,4.365716338157654,1.4758894801139832,0.006705608635093086,-32.722933910321444,11.37147456286325,,2.7631020735330303e-11,
1768000,604.3069682121277,-31.524456724524498,9.860048977941885,-0.018568772760219864,4.414743328094483,1.444607436656952,0.001199659266276143,-32.722933910321444,11.37147456286325,,2.7631020735330303e-11,
1772000,605.280003786087,-31.98413534462452,10.233493350292996,-0.018460407074540795,3.7013746738433837,1.454521942138672,0.007611770444782451,-32.722933910321444,11.37147456286325,,2.7631020735330303e-11,
1776000,606.229186296463,-31.650926247239113,10.176754440559183,-0.014568415157497228,5.071580219268799,1.4713196992874145,0.00968003600719385,-32.722933910321444,11.37147456286325,,2.7631020735330303e-11,
1780000,607.2746305465698,-33.834225818514824,10.894401254806846,-0.013660097877029287,4.2029413223266605,1.4108272671699524,0.0069878511654678736,-32.722933910321444,11.37147456286325,,2.7631020735330303e-11,
1784000,608.3631639480591,-32.27282449603081,12.04989929960453,-0.016845415433868638,5.589631223678589,1.3894864678382874,0.0034117982852620798,-32.722933910321444,11.37147456286325,,2.7631020735330303e-11,
1788000,609.4544670581818,-31.61364170908928,9.924125028112442,-0.023326032857410795,3.7378403902053834,1.3650566577911376,0.005362299268017523,-32.722933910321444,11.37147456286325,,2.7631020735330303e-11,
1792000,610.5632219314575,-33.392478197813034,11.404057870758816,-0.016592921843752252,5.57948145866394,1.3640149593353272,0.00503265901561818,-32.722933910321444,11.37147456286325,,2.7631020735330303e-11,
1796000,611.6915609836578,-32.45546227693558,8.870192672276586,-0.022645405020564623,4.242079091072083,1.3439620852470398,0.007305003560613832,-32.722933910321444,11.37147456286325,,2.7631020735330303e-11,
1800000,612.8463096618652,-35.164972603321075,11.68247359603951,-0.017072482733987294,4.013847064971924,1.2141623020172119,0.0032322925195330753,-32.722933910321444,11.37147456286325,,2.7631020735330303e-11,
1804000,615.096682548523,-31.5092601031065,11.242139908775586,-0.011812390650156957,3.618474531173706,1.298144769668579,0.003944927106203977,-32.8957936798688,11.10728218757489,,2.7631020735330303e-11,
1808000,616.2632474899292,-33.12430036067963,10.324037682119522,-0.012956121090799754,6.002167558670044,1.268188512325287,0.009356038626050566,-32.8957936798688,11.10728218757489,,2.7631020735330303e-11,
1812000,617.4128699302673,-33.00367519259453,10.035146156290743,-0.01936274829134348,4.8126678466796875,1.2706714391708374,0.010979103930760159,-32.8957936798688,11.10728218757489,,2.7631020735330303e-11,
1816000,618.5474381446838,-32.79126051068306,11.861719191908906,-0.013896149809472291,6.097711992263794,1.2760711073875428,0.007927709854673592,-32.8957936798688,11.10728218757489,,2.7631020735330303e-11,
1820000,619.6119873523712,-31.74432200193405,10.575267581135197,-0.018964387473650212,4.14971649646759,1.29682457447052,0.008389931426616214,-32.8957936798688,11.10728218757489,,2.7631020735330303e-11,
1824000,620.6925604343414,-32.760172829031944,11.684674437081668,-0.015471876201685487,4.201861715316772,1.3295727014541625,0.005317166143795404,-32.8957936798688,11.10728218757489,,2.7631020735330303e-11,
1828000,621.7932322025299,-32.749766148626804,10.911401679202882,-0.01960363038349904,3.419891595840454,1.248596453666687,0.00590667159849545,-32.8957936798688,11.10728218757489,,2.7631020735330303e-11,
1832000,622.9061453342438,-29.412030696868896,10.42743603319923,-0.015895472058560855,3.886091208457947,1.3256976366043092,0.009038840204244458,-32.8957936798688,11.10728218757489,,2.7631020735330303e-11,
1836000,624.0273082256317,-31.475739359855652,11.009710298053916,-0.022061112542636607,3.7765666246414185,1.2459190845489503,0.0042331535230659915,-32.8957936798688,11.10728218757489,,2.7631020735330303e-11,
1840000,625.1724503040314,-31.202156350016594,11.219736031118208,-0.019373274655081298,4.994173431396485,1.298983061313629,0.007340201144688763,-32.8957936798688,11.10728218757489,,2.7631020735330303e-11,
1844000,627.5599653720856,-31.804642409086227,9.761727322195858,-0.01776227270858364,3.3599419593811035,1.3508567810058594,0.009204960672650486,-33.36449730023742,10.87095993904558,,2.7631020735330303e-11,
1848000,628.7066252231598,-31.78843168914318,10.744646704139491,-0.01856953260209413,3.7694958209991456,1.3619361639022827,0.0014389762999343248,-33.36449730023742,10.87095993904558,,2.7631020735330303e-11,
1852000,629.8480062484741,-32.75692681968212,10.088867594731614,-0.016138976011425044,4.470645499229431,1.3252037525177003,0.0020091695562005187,-33.36449730023742,10.87095993904558,,2.7631020735330303e-11,
1856000,630.9757888317108,-33.26790527999401,10.552301465757832,-0.016112785295583264,4.9952840328216555,1.3368033170700073,0.0028030277868383523,-33.36449730023742,10.87095993904558,,2.7631020735330303e-11,
1860000,632.1023545265198,-33.01030418276787,11.74289498274515,-0.013875063375569851,3.7393412828445434,1.3075512886047362,0.002229211614467275,-33.36449730023742,10.87095993904558,,2.7631020735330303e-11,
1864000,633.1930875778198,-31.246478214859962,10.441594172676252,-0.01574468837492162,4.119059276580811,1.297784113883972,0.0024237803532741963,-33.36449730023742,10.87095993904558,,2.7631020735330303e-11,
1868000,634.3052062988281,-32.38559302687645,10.412857916215229,-0.01715553926816211,4.075280857086182,1.3036351442337035,0.0032366186650468975,-33.36449730023742,10.87095993904558,,2.7631020735330303e-11,
1872000,635.4196012020111,-31.299975261092186,10.260452160575204,-0.022290024345740678,3.4107250213623046,1.3224140048027038,0.007229719561291858,-33.36449730023742,10.87095993904558,,2.7631020735330303e-11,
1876000,636.5394380092621,-33.17193911969662,9.876967176044587,-0.02203892451804128,3.1141860246658326,1.3520107030868531,0.006399358704220504,-33.36449730023742,10.87095993904558,,2.7631020735330303e-11,
1880000,637.6690447330475,-32.9509000480175,10.834447113276347,-0.022584949899464846,4.304004883766174,1.2984447002410888,0.006677477570716306,-33.36449730023742,10.87095993904558,,2.7631020735330303e-11,
1884000,639.9191200733185,-33.211479634046555,12.016617376365977,-0.018925660753622786,4.374830865859986,1.3957863926887513,0.009005111045553349,-33.012986132875085,10.98268308238023,,2.7631020735330303e-11,
1888000,641.0638082027435,-32.244538709521294,11.986645315922853,-0.015374032801017169,4.740168571472168,1.3226892948150635,0.0038004869362339377,-33.012986132875085,10.98268308238023,,2.7631020735330303e-11,
1892000,642.1965730190277,-32.97415216267109,12.434179582154224,-0.019655848041176684,6.457748699188232,1.3555498719215393,0.010203902050852776,-33.012986132875085,10.98268308238023,,2.7631020735330303e-11,
1896000,643.2649259567261,-31.07916398346424,9.24016770162377,-0.022547601283527906,4.0882093667984005,1.3604571342468261,0.004621013411087916,-33.012986132875085,10.98268308238023,,2.7631020735330303e-11,
1900000,644.3825709819794,-31.95187436044216,9.031571363338635,-0.017252309671603072,4.403680753707886,1.3404661417007446,0.005524419044377282,-33.012986132875085,10.98268308238023,,2.7631020735330303e-11,
1904000,645.5084867477417,-33.831190407276154,12.51381802565849,-0.017978027140721765,5.628701686859131,1.3602927565574645,0.005666103844647297,-33.012986132875085,10.98268308238023,,2.7631020735330303e-11,
1908000,646.631294965744,-32.23719295859337,10.725514840550828,-0.01873256028024479,2.8481945514678957,1.3328099489212035,0.004804521245765514,-33.012986132875085,10.98268308238023,,2.7631020735330303e-11,
1912000,647.748687505722,-29.235624313354492,10.858545039603328,-0.020026886747218687,3.995853638648987,1.2926692008972167,0.002745856609719333,-33.012986132875085,10.98268308238023,,2.7631020735330303e-11,
1916000,648.8644177913666,-33.142843037843704,11.530048680328138,-0.015933367188088597,4.065249085426331,1.3142737746238708,0.0040172209846787155,-33.012986132875085,10.98268308238023,,2.7631020735330303e-11,
1920000,649.992650270462,-32.77201050519943,9.64382264189798,-0.016906081377062777,3.78557767868042,1.2975983262062072,0.006876309259678237,-33.012986132875085,10.98268308238023,,2.7631020735330303e-11,
1924000,652.2224333286285,-31.03939089179039,10.890271784938431,-0.022316920559853327,3.61371648311615,1.356167209148407,0.010798784860875443,-32.978270672261715,11.332603608960655,,2.7631020735330303e-11,
1928000,653.3506753444672,-32.781529024243355,11.114175214663318,-0.0193979343669489,4.136450409889221,1.3460100054740907,0.0035314587505126836,-32.978270672261715,11.332603608960655,,2.7631020735330303e-11,
1932000,654.4708139896393,-30.66722397506237,11.402723258527626,-0.019075891960412327,3.8869916915893556,1.3185444951057435,0.0045860294330632104,-32.978270672261715,11.332603608960655,,2.7631020735330303e-11,
1936000,655.4928307533264,-33.06948362290859,9.604915032142435,-0.01742362841358409,4.161181569099426,1.3251458406448364,0.004106126754777506,-32.978270672261715,11.332603608960655,,2.7631020735330303e-11,
1940000,656.4768331050873,-31.264456659555435,8.913474562812603,-0.015152851535473032,3.762631821632385,1.2526374459266663,0.003922043266356923,-32.978270672261715,11.332603608960655,,2.7631020735330303e-11,
1944000,657.4941987991333,-30.479504093527794,9.240036001034227,-0.016700191795825957,4.143680810928345,1.3091970086097717,0.00475018444549633,-32.978270672261715,11.332603608960655,,2.7631020735330303e-11,
1948000,658.486412525177,-30.741371914744377,12.137723956906253,-0.016200670571066444,3.8567260026931764,1.2073322534561157,0.004265844661509632,-32.978270672261715,11.332603608960655,,2.7631020735330303e-11,
1952000,659.4367320537567,-32.41099035739899,9.072467042450173,-0.01678831033362087,4.463440799713135,1.248552405834198,0.007950197299942374,-32.978270672261715,11.332603608960655,,2.7631020735330303e-11,
1956000,660.395103931427,-32.288312673568726,11.801078848989167,-0.018974536242895114,6.236189699172973,1.242828118801117,0.0025831460524319283,-32.978270672261715,11.332603608960655,,2.7631020735330303e-11,
1960000,661.3503139019012,-31.716377526521683,10.262001467917033,-0.014228905798867353,4.039421606063843,1.2498824000358582,0.0020634914864785968,-32.978270672261715,11.332603608960655,,2.7631020735330303e-11,
1964000,663.5741937160492,-32.269498348236084,10.192168455554814,-0.019156151266768617,3.3799137592315676,1.273290252685547,0.007297375136869943,-33.2872659470886,10.931964476161228,,2.7631020735330303e-11,
1968000,664.6999154090881,-31.623314291238785,9.953178621134034,-0.017573274503462022,4.083176136016846,1.3130589842796325,0.0019447432637680312,-33.2872659470886,10.931964476161228,,2.7631020735330303e-11,
1972000,665.8506717681885,-29.31528016924858,9.079839842477538,-0.014303630159702152,3.0930032968521117,1.2925559043884278,0.008545533940196037,-33.2872659470886,10.931964476161228,,2.7631020735330303e-11,
1976000,666.9984436035156,-31.76571725308895,10.603877824941456,-0.011013802633620794,5.159359550476074,1.2555970191955566,0.0046835073211695995,-33.2872659470886,10.931964476161228,,2.7631020735330303e-11,
1980000,668.1525206565857,-34.275203853845596,11.488400398745998,-0.010447375964838912,6.263680267333984,1.2982744097709655,0.005555196793284267,-33.2872659470886,10.931964476161228,,2.7631020735330303e-11,
1984000,669.2834148406982,-30.93480770289898,10.467288421661397,-0.014002864508889701,4.380896759033203,1.3079445719718934,0.010938088004942958,-33.2872659470886,10.931964476161228,,2.7631020735330303e-11,
1988000,670.4382228851318,-32.71083743870258,10.692861391278784,-0.016069949732162046,4.26604323387146,1.3346579313278197,0.004580126334563772,-33.2872659470886,10.931964476161228,,2.7631020735330303e-11,
1992000,671.5077741146088,-31.448140621185303,11.097556175838612,-0.01436796156316995,3.762455368041992,1.2895224213600158,0.006585274758981541,-33.2872659470886,10.931964476161228,,2.7631020735330303e-11,
1996000,672.4856729507446,-33.49980244040489,10.578364513525349,-0.02131151819601662,4.541985559463501,1.3555729508399963,0.006729332567658286,-33.2872659470886,10.931964476161228,,2.7631020735330303e-11,
2000000,673.4691774845123,-29.73788747191429,11.188945296584958,-0.018639674049336464,4.235988974571228,1.311381185054779,0.0063024493821430385,-33.2872659470886,10.931964476161228,,2.7631020735330303e-11,
