global_step,wall_time_s,ep_return_mean,ep_return_std,policy_loss,value_loss,entropy,approx_kl,eval_return_mean,eval_return_std,mean_k,attn_entropy,lagrange_lambda
4000,3.483283519744873,-231.48768782615662,46.86745073927562,-0.0004347112675723963,188.63666076660155,1.5966296195983887,0.00023389983434753958,,,4.0,1.3666224241256715,
8000,6.3091042041778564,-209.05583786964417,37.95872094478647,-0.000751675299387955,157.34625854492188,1.5949334502220154,8.981118835436064e-05,,,4.0,1.3748438715934754,
12000,9.276047945022583,-219.22798204421997,41.00395666066387,-0.0005818238742522297,165.5851623535156,1.5805725932121277,0.0002859272135538049,,,4.0,1.3726333141326905,
16000,12.213635206222534,-213.52732753753662,43.02778141273311,-0.0005356079033710159,99.59252243041992,1.5790940165519713,9.687733516328122e-06,,,4.0,1.3776118874549865,
20000,14.944778680801392,-209.37850403785706,32.089264948966736,-0.0005439771158854967,71.61131935119629,1.5855957984924316,0.0,,,4.0,1.37425377368927,
24000,17.66476035118103,-220.4274036884308,46.350225097547,-0.001391038975202985,75.70735321044921,1.5731085777282714,0.0014624683477450161,,,4.0,1.3734037637710572,
28000,20.353832483291626,-212.99108946323395,37.16510962064704,-0.00021637754302838985,83.86256713867188,1.5588789701461792,6.861526216380281e-05,,,4.0,1.3710128664970398,
32000,23.05411195755005,-209.31545221805573,35.975247809482596,-0.0008235650953757556,75.90003051757813,1.5364460349082947,0.0002248122821862708,,,4.0,1.376385748386383,
36000,25.769378423690796,-219.34029150009155,35.55109512892028,-0.0010795601500843688,81.524365234375,1.528129470348358,5.9020734079240354e-05,,,4.0,1.377142643928528,
40000,28.49033260345459,-216.64927887916565,37.40018069515094,-0.0010491045294330093,61.50703582763672,1.517835259437561,0.0006344719917057539,,,4.0,1.3758214592933655,
44000,32.59806275367737,-222.5010757446289,42.08143214110936,-0.0005667442681030366,51.87544746398926,1.5139139771461487,0.00016863890759608036,-251.54377818107605,50.382854210887494,4.0,1.3773091197013856,
48000,35.42217230796814,-234.24944376945496,53.33205773628302,-0.001196272097411555,59.48985595703125,1.486109733581543,0.00042750393149617596,-251.54377818107605,50.382854210887494,4.0,1.376060712337494,
52000,38.226991415023804,-227.8437695503235,43.74881376648099,-0.0008352739892337535,42.58835296630859,1.475174570083618,8.94124896149151e-05,-251.54377818107605,50.382854210887494,4.0,1.3764408349990844,
56000,41.00658893585205,-231.03144812583923,35.80424518403621,-0.0001951627800298894,51.882510375976565,1.4860212922096252,0.0009325608842967404,-251.54377818107605,50.382854210887494,4.0,1.371710979938507,
60000,43.835750579833984,-209.42408347129822,29.656952667645005,-0.0014544045499836678,55.33129806518555,1.514669406414032,0.0012262635995866854,-251.54377818107605,50.382854210887494,4.0,1.373292827606201,
64000,46.561623096466064,-212.39981627464294,36.43469935998393,-0.001186416305989646,72.70582084655761,1.5033885955810546,0.0007171890643161039,-251.54377818107605,50.382854210887494,4.0,1.3740906834602356,
68000,49.386537313461304,-217.63978147506714,39.67474878587823,-0.0014965157909755389,54.567152404785155,1.5147972106933594,0.00025072173056348013,-251.54377818107605,50.382854210887494,4.0,1.369167411327362,
72000,52.1560640335083,-222.72006678581238,46.672688920672336,-0.001941380308482632,54.345373916625974,1.4652915596961975,0.0010598078413167956,-251.54377818107605,50.382854210887494,4.0,1.351943278312683,
76000,55.0419020652771,-227.27145743370056,41.75168219194132,-0.0020739753024827225,48.07195854187012,1.4556901335716248,0.00043179925896765783,-251.54377818107605,50.382854210887494,4.0,1.353995180130005,
80000,57.93806052207947,-219.76096367835999,36.57821838623963,-0.0004958772150930546,43.14677429199219,1.4606065034866333,0.001649400021415204,-251.54377818107605,50.382854210887494,4.0,1.3477509260177611,
84000,62.021562576293945,-222.05447459220886,40.12036510956892,-0.0026093839696259224,42.32496376037598,1.4427448391914368,0.0008956372261309298,-236.15939988195896,38.55861167365662,4.0,1.3350340485572816,
88000,64.91402912139893,-214.0429174900055,44.84874752605769,-0.00123729918946629,45.30991439819336,1.4220680236816405,0.002647005027392879,-236.15939988195896,38.55861167365662,4.0,1.3192021012306214,
92000,67.81990051269531,-225.9466736316681,42.85341102734459,-0.001186369313334623,47.547292709350586,1.4104498863220214,0.0014748828136362136,-236.15939988195896,38.55861167365662,4.0,1.3062355041503906,
96000,70.66020393371582,-224.6002950668335,50.53864188712782,-0.0025647598215534197,43.74914321899414,1.4492135286331176,0.0018417242274542112,-236.15939988195896,38.55861167365662,4.0,1.3187532782554627,
100000,73.52068138122559,-211.6557183265686,38.99114827600794,-0.0034177176298883618,35.07816753387451,1.4370042204856872,0.0031251893931766974,-236.15939988195896,38.55861167365662,4.0,1.3009855031967164,
104000,76.40551590919495,-219.70067358016968,39.72561236705296,-0.0022115868686232608,51.419808578491214,1.4685170650482178,0.001128119305212749,-236.15939988195896,38.55861167365662,4.0,1.314185333251953,
108000,79.2802186012268,-213.4654289484024,41.83528378730797,-0.0010179447419674582,35.349412727355954,1.4476434469223023,0.0004418317250383552,-236.15939988195896,38.55861167365662,4.0,1.2547081589698792,
112000,82.17091035842896,-221.59048891067505,40.96528760732453,-0.001678157350727516,45.57555923461914,1.4688592314720155,0.0010806638205394848,-236.15939988195896,38.55861167365662,4.0,1.2232473373413086,
116000,85.00815296173096,-216.99790024757385,31.312500497053872,-0.0024828179277052833,25.42637062072754,1.442933702468872,0.00026449795986991374,-236.15939988195896,38.55861167365662,4.0,1.2430289030075072,
120000,87.90880703926086,-217.99269437789917,34.615021454510085,-0.002310207045831092,36.93856430053711,1.4411251068115234,0.002702114242129028,-236.15939988195896,38.55861167365662,4.0,1.2036827087402344,
124000,92.01866292953491,-226.9025890827179,39.136897147330586,-0.004126876309126004,40.278909873962405,1.432156503200531,0.0015214468297393368,-225.78008653223515,33.840476618780166,4.0,1.2438809037208558,
128000,94.82005977630615,-224.4259490966797,38.98383334363911,-0.0028172752904986886,32.10509357452393,1.4114376544952392,0.002111574743835565,-225.78008653223515,33.840476618780166,4.0,1.2153303384780885,
132000,97.72507238388062,-209.8723350763321,42.97994832143553,-0.0025022545995695643,42.492056655883786,1.441550886631012,0.001943798029969912,-225.78008653223515,33.840476618780166,4.0,1.2679583072662353,
136000,100.55903553962708,-215.81236147880554,40.54825638843776,-0.003875701401964804,35.00175800323486,1.387153446674347,0.003516102806393373,-225.78008653223515,33.840476618780166,4.0,1.2612918138504028,
140000,103.44739532470703,-218.65722107887268,47.518641320687685,-0.002138598938821801,63.00600471496582,1.3535497784614563,0.0008766847419501567,-225.78008653223515,33.840476618780166,4.0,1.2864657044410706,
144000,106.31386923789978,-206.9637053012848,44.01477911556613,-0.0038535750430698235,42.154963684082034,1.3765482306480408,0.003168882182178398,-225.78008653223515,33.840476618780166,4.0,1.2525620341300965,
148000,109.1774480342865,-223.97242307662964,45.5803974826954,-0.00222568923240396,31.656483840942382,1.3226060271263123,0.002558053415850736,-225.78008653223515,33.840476618780166,4.0,1.2659675240516663,
152000,112.04754853248596,-223.7565188407898,40.44508538476562,-0.000881386033606768,31.30326919555664,1.3277073979377747,0.0021785425270500125,-225.78008653223515,33.840476618780166,4.0,1.2385728359222412,
156000,114.90731024742126,-225.6112024784088,39.03342262849774,-0.00191611304774415,27.365475463867188,1.314349150657654,0.00294427728804294,-225.78008653223515,33.840476618780166,4.0,1.2747349500656129,
160000,117.7772605419159,-217.408588886261,39.41537350027826,-0.0028871402631047262,23.853872108459473,1.3626882910728455,0.0025939446497165175,-225.78008653223515,33.840476618780166,4.0,1.257749855518341,
164000,121.79851269721985,-222.8014886379242,38.34675763860695,-0.0031801443025857522,20.354426383972168,1.3238125562667846,0.003091503340692725,-248.03259088099003,45.82293796560885,4.0,1.207739818096161,
168000,124.66318678855896,-229.544086933136,43.51779666166295,-0.0030939251692034377,22.358216094970704,1.2914119720458985,0.0029300867338121566,-248.03259088099003,45.82293796560885,4.0,1.1149458527565002,
172000,127.5123381614685,-223.76874542236328,44.598929666844,-0.0032474699473945103,20.719941520690917,1.308066439628601,0.005908301026249929,-248.03259088099003,45.82293796560885,4.0,1.048019027709961,
176000,130.33699226379395,-222.1589913368225,34.01423218746683,-0.002759135905779353,18.021976280212403,1.2960959196090698,0.003556739912892226,-248.03259088099003,45.82293796560885,4.0,1.066805899143219,
180000,133.19316697120667,-220.59948658943176,41.15475680738715,-7.925009463027877e-05,16.228742122650146,1.2399927973747253,0.005378684692550451,-248.03259088099003,45.82293796560885,4.0,1.0454920530319214,
184000,136.05507159233093,-225.57500886917114,36.10953562342235,-0.0014772824657605988,17.911340045928956,1.177515161037445,0.004398824425336595,-248.03259088099003,45.82293796560885,4.0,1.0382792711257935,
188000,138.9438636302948,-213.277446269989,32.88946866702107,-0.002963753584151463,15.606005096435547,1.1777674674987793,0.004106900912088651,-248.03259088099003,45.82293796560885,4.0,1.011064600944519,
192000,141.8040189743042,-216.5214467048645,36.85591003149329,-0.0019109364538453465,24.936628341674805,1.2092541098594665,0.006904249796876716,-248.03259088099003,45.82293796560885,4.0,1.0016426682472228,
196000,144.67750358581543,-217.79174256324768,39.56923255511474,-0.0020174631014815425,17.424491214752198,1.187085473537445,0.0043435894574940905,-248.03259088099003,45.82293796560885,4.0,0.9611589550971985,
200000,147.56254243850708,-216.46923160552979,34.08975324243025,-0.003901806788790552,17.804866313934326,1.1650354743003846,0.00440471621695906,-248.03259088099003,45.82293796560885,4.0,0.9689656853675842,
204000,151.6027889251709,-220.21039867401123,32.348525987530486,-0.004148452644624445,18.28020248413086,1.162780523300171,0.004878911189734936,-228.30707575380802,45.74812899052794,4.0,0.9357311725616455,
208000,154.30237555503845,-213.0801911354065,34.3487111545688,-0.003380770479348305,22.727249336242675,1.2034680843353271,0.004367591330083087,-228.30707575380802,45.74812899052794,4.0,0.9527249813079834,
212000,157.16194415092468,-227.84945034980774,43.72974966635518,-0.002504854936075107,17.272142791748045,1.160370647907257,0.0031916351364925434,-228.30707575380802,45.74812899052794,4.0,0.9036530554294586,
216000,159.85774326324463,-225.95807909965515,39.20780020975241,-0.003115636178525172,18.9012544631958,1.1442612648010253,0.002034091742825694,-228.30707575380802,45.74812899052794,4.0,0.9048002898693085,
220000,162.5262475013733,-214.83759450912476,37.32762891600375,-0.0021704582430344677,18.83157835006714,1.1597520589828492,0.005454603140242398,-228.30707575380802,45.74812899052794,4.0,0.9322202682495118,
224000,165.19759798049927,-207.33005213737488,37.89529969226405,-0.0031787950601428693,16.657731437683104,1.1821579575538634,0.005572810872923583,-228.30707575380802,45.74812899052794,4.0,0.9027474761009217,
228000,167.85196995735168,-212.8788456916809,35.664658726546904,-0.0028706986381439536,16.442588520050048,1.151738429069519,0.00227988144825213,-228.30707575380802,45.74812899052794,4.0,1.010852575302124,
232000,170.53685021400452,-203.05621361732483,31.76030766505885,-0.0029525370574168264,19.335728454589844,1.1823888182640077,0.0012126846377213951,-228.30707575380802,45.74812899052794,4.0,0.9184523105621338,
236000,173.21660137176514,-218.76870775222778,47.004390187440336,-0.002970772173779501,22.663222122192384,1.178001832962036,0.003170043366999986,-228.30707575380802,45.74812899052794,4.0,0.8857410669326782,
240000,176.01785278320312,-219.27345657348633,39.789518295953044,-0.0032132115512698346,23.317623901367188,1.2003854393959046,0.0045352897024713455,-228.30707575380802,45.74812899052794,4.0,0.9465164184570313,
244000,180.10577487945557,-207.5889265537262,34.08315238401309,-0.0031372813089499017,21.29426689147949,1.1704553842544556,0.0038360443024430422,-214.0730617940426,37.60089045532376,4.0,1.0140791416168213,
248000,183.0090355873108,-215.14649772644043,33.94435652012655,-0.004352436000714022,12.44123477935791,1.1273705244064331,0.004946193285286426,-214.0730617940426,37.60089045532376,4.0,0.9858713328838349,
252000,185.8849639892578,-221.70334911346436,44.21249699481651,-0.001624691325996519,29.684463119506837,1.13473984003067,0.004613101675563181,-214.0730617940426,37.60089045532376,4.0,0.9479533195495605,
256000,188.75705242156982,-215.4916214942932,40.420416768351295,-0.00395614966411566,19.42105884552002,1.108112597465515,0.0067752286267932504,-214.0730617940426,37.60089045532376,4.0,0.9928471267223358,
260000,191.62690567970276,-210.5332190990448,31.44373094663034,-0.0026755006482126475,24.002078247070312,1.132346546649933,0.010311924247071147,-214.0730617940426,37.60089045532376,4.0,1.001819372177124,
264000,194.48681640625,-206.43942975997925,31.906432855841746,-0.0033890210129612795,12.789216423034668,1.1548449277877808,0.005549578462572158,-214.0730617940426,37.60089045532376,4.0,0.9342883110046387,
268000,197.34636068344116,-202.7559826374054,35.52117621234313,-0.0021032557396489793,16.65587797164917,1.1444846272468567,0.005672693877868973,-214.0730617940426,37.60089045532376,4.0,1.0078039109706878,
272000,200.2140290737152,-210.6480996608734,35.198168321213494,-0.003705291160770385,11.955812358856202,1.1403160691261292,0.007811873441096395,-214.0730617940426,37.60089045532376,4.0,0.9211571753025055,
276000,203.08847165107727,-209.4592945575714,29.491653468082855,-0.003301296718744773,11.425111961364745,1.1148131489753723,0.004662378062494099,-214.0730617940426,37.60089045532376,4.0,0.9082525372505188,
280000,205.9973042011261,-202.17335033416748,28.701725139873446,-0.003405891085082313,15.087911415100098,1.0977824330329895,0.004050747249488884,-214.0730617940426,37.60089045532376,4.0,0.9557836174964904,
284000,210.01641702651978,-207.39320468902588,40.86884163393523,-0.004794118059643892,14.915754985809325,0.9933321118354798,0.007361185329500586,-206.79727582633495,36.61436211506428,4.0,0.9518110513687134,
288000,212.87911796569824,-207.63666915893555,37.4415308952238,-0.0032819777207138577,16.481329441070557,1.0044590353965759,0.005954594328068196,-206.79727582633495,36.61436211506428,4.0,0.8676988482475281,
292000,215.70149683952332,-215.40023756027222,41.444167944661565,-0.004526882926312581,12.1130802154541,0.9866442441940307,0.005573282996192574,-206.79727582633495,36.61436211506428,4.0,0.8863335251808167,
296000,218.57794857025146,-214.32302570343018,39.10856578969548,-0.0020072676278651614,10.92672963142395,0.9854991436004639,0.008908355135625868,-206.79727582633495,36.61436211506428,4.0,0.8356069087982178,
300000,221.44333148002625,-203.87075233459473,32.09373915156214,-0.004014923625451061,7.702367925643921,1.0100113034248352,0.005301747051998973,-206.79727582633495,36.61436211506428,4.0,0.8814504027366639,
304000,224.31653952598572,-201.2543008327484,31.434856693129273,-0.00363260895657973,9.710568952560426,0.9702935099601746,0.0006521094510790138,-206.79727582633495,36.61436211506428,4.0,0.9186509609222412,
308000,227.19189453125,-210.19596529006958,31.57289774926183,-0.004843004824904096,8.880413389205932,1.0066213607788086,0.004506121878512204,-206.79727582633495,36.61436211506428,4.0,0.8940260291099549,
312000,230.0621931552887,-206.52421236038208,31.99597062783955,-0.003741952849862518,12.960061645507812,0.9958151698112487,0.0063207750325091185,-206.79727582633495,36.61436211506428,4.0,0.954377144575119,
316000,232.946613073349,-209.33766770362854,33.2028478081149,-0.0037254950904753057,11.674908065795899,0.9783410966396332,0.002303297973043905,-206.79727582633495,36.61436211506428,4.0,0.9583876371383667,
320000,235.82552814483643,-209.02865552902222,36.42168565734677,-0.004170431340656533,12.222308444976807,0.9669863045215606,0.006078585816818904,-206.79727582633495,36.61436211506428,4.0,0.9197833061218261,
324000,239.82764196395874,-200.1748422384262,38.921424181907575,-0.005128772882084976,10.871081256866455,0.9416470348834991,0.005136744222448519,-201.85704423487186,34.3859782580373,4.0,0.9411370813846588,
328000,242.691565990448,-205.511323928833,36.05014556877777,-0.004483122837884945,12.647255897521973,0.9646964192390441,0.004386602137470641,-201.85704423487186,34.3859782580373,4.0,0.9475033104419708,
332000,245.52932357788086,-208.46708965301514,40.7743417134074,-0.0027594461185120435,16.37867155075073,0.946095758676529,0.0025950894050765783,-201.85704423487186,34.3859782580373,4.0,0.8896444022655488,
336000,248.38336777687073,-205.94808411598206,42.87160470708935,-0.0032234177046969402,17.503583431243896,0.98546884059906,0.003108694099491305,-201.85704423487186,34.3859782580373,4.0,0.9353989958763123,
340000,251.23160600662231,-198.39090728759766,38.44444197895866,-0.0032157795259651458,13.138178539276122,0.9965581238269806,0.004011234969482769,-201.85704423487186,34.3859782580373,4.0,0.9331452012062073,
344000,254.12839794158936,-201.40723299980164,30.605503597426207,-0.0033158352187795835,13.253767585754394,1.0222867250442504,0.004860944338724948,-201.85704423487186,34.3859782580373,4.0,0.9071251034736634,
348000,256.99498105049133,-201.09154331684113,33.73960158439842,-0.0049924320982148275,12.247002506256104,0.9762684226036071,0.005572659493191167,-201.85704423487186,34.3859782580373,4.0,0.8654031574726104,
352000,259.87887167930603,-200.99686551094055,41.07363304793611,-0.003785805580351731,10.844739246368409,0.9688206315040588,0.008153043747879573,-201.85704423487186,34.3859782580373,4.0,0.8584620654582977,
356000,262.7565634250641,-201.41603589057922,36.26225811241817,-0.003992376831437739,13.594404220581055,1.0121959090232848,0.0055781625531381,-201.85704423487186,34.3859782580373,4.0,0.8538124740123749,
360000,265.6170234680176,-204.63391995429993,43.42052754592335,-0.0016178584969601673,14.924491786956787,1.0090410828590393,0.0049592274881433696,-201.85704423487186,34.3859782580373,4.0,0.9055039167404175,
364000,269.6968629360199,-207.57466769218445,41.04914170531676,-0.0031400585856172112,13.018885517120362,0.9561322629451752,0.007924348754653088,-196.37532714009285,30.53795750255483,4.0,0.9292979180812836,
368000,272.56926798820496,-202.50311875343323,33.237039992734275,-0.004108648724854014,12.244993591308594,0.9903718590736389,0.004964199341338826,-196.37532714009285,30.53795750255483,4.0,0.9725926339626312,
372000,275.44607043266296,-203.03845930099487,37.99838304221086,-0.003394176057151732,11.442203617095947,0.979992151260376,0.005856126235448756,-196.37532714009285,30.53795750255483,4.0,0.9833545327186585,
376000,278.3225483894348,-202.00431084632874,34.38935315066694,-0.002981378944610036,8.898094987869262,0.9430364012718201,0.004619342889171096,-196.37532714009285,30.53795750255483,4.0,0.9647213101387024,
380000,281.1743814945221,-197.6598311662674,35.40241554270211,-0.0030860557083119745,11.848851871490478,0.895227438211441,0.005413535172624206,-196.37532714009285,30.53795750255483,4.0,0.9247678875923157,
384000,284.02881503105164,-198.21515309810638,38.822900199621714,-0.002824675586695502,14.835741329193116,0.9356904447078704,0.0025363292661495507,-196.37532714009285,30.53795750255483,4.0,0.928929227590561,
388000,286.9141745567322,-199.43630242347717,34.66635459481035,-0.00478039900135876,8.622747373580932,0.912178510427475,0.008431528904475271,-196.37532714009285,30.53795750255483,4.0,0.943848603963852,
392000,289.77501606941223,-199.9567619562149,31.507484858059456,-0.0040958884227244585,10.065344190597534,0.9113809764385223,0.007803940019104627,-196.37532714009285,30.53795750255483,4.0,0.9661817669868469,
396000,292.63805866241455,-204.8650152683258,41.804086269360205,-0.005686977780268876,8.249324798583984,0.9192371904850006,0.0099319741333602,-196.37532714009285,30.53795750255483,4.0,0.9405121803283691,
400000,295.5033264160156,-196.11271250247955,41.10339098941877,-0.0023531980554107436,15.020081424713135,0.9115076184272766,0.015445972792804241,-196.37532714009285,30.53795750255483,4.0,0.9467079520225525,
404000,299.5370466709137,-196.71658873558044,39.36035768436361,-0.004831747569221378,11.202670478820801,0.8467716932296753,0.0055347323886429265,-200.8915614783764,38.238724200130775,4.0,0.9831493258476257,
408000,302.378653049469,-200.62535619735718,29.413081978018585,-0.002416776350223948,11.593750858306885,0.8736203372478485,0.009647625172510743,-200.8915614783764,38.238724200130775,4.0,0.9408271312713623,
412000,305.2336528301239,-195.37347316741943,33.18524076905478,-0.0037494207604904517,12.559308433532715,0.9015138506889343,0.0040747483527908916,-200.8915614783764,38.238724200130775,4.0,0.9881450772285462,
416000,308.11668968200684,-197.6917827129364,36.04768307171499,0.00017871806108935573,8.743121480941772,0.9031513392925262,0.0052624976293494385,-200.8915614783764,38.238724200130775,4.0,0.9457961559295655,
420000,310.9881064891815,-193.33392775058746,31.10048004780342,-0.003735499370067075,10.571346187591553,0.903147554397583,0.006001702386730656,-200.8915614783764,38.238724200130775,4.0,0.9294549465179444,
424000,313.8609709739685,-200.10112965106964,34.18143640903757,-0.00404786521374384,10.4940824508667,0.906492006778717,0.0063000237736851265,-200.8915614783764,38.238724200130775,4.0,0.93458092212677,
428000,316.7315595149994,-198.4175364971161,29.669347660773163,-0.003661425932533646,11.993815708160401,0.9462785959243775,0.005751281561097143,-200.8915614783764,38.238724200130775,4.0,0.9136944115161896,
432000,319.60290241241455,-202.23387622833252,35.48707907761253,-0.0038676304497445636,12.220501708984376,0.9417431652545929,0.008632187475450337,-200.8915614783764,38.238724200130775,4.0,0.9205131649971008,
436000,322.44980692863464,-198.39693117141724,37.38327339924556,-0.004500116912027207,12.19052677154541,0.8765222907066346,0.010114003578200937,-200.8915614783764,38.238724200130775,4.0,0.9424785852432251,
440000,325.3223819732666,-203.9278267621994,34.11270115013771,-0.004871190368430689,12.443922138214111,0.8628819048404693,0.006972145740098012,-200.8915614783764,38.238724200130775,4.0,0.9545004546642304,
444000,329.31679129600525,-197.23294079303741,29.56102557236891,-0.00436072682853168,11.292282390594483,0.8252963840961456,0.008071808709452549,-197.77310593426228,34.61595055194362,4.0,0.9765605449676513,
448000,332.1927843093872,-197.96543407440186,35.49877918644083,-0.0022731276273068703,12.948198127746583,0.8414631724357605,0.006423734244890511,-197.77310593426228,34.61595055194362,4.0,0.9327859461307526,
452000,335.0369448661804,-209.64420759677887,42.97737800393906,-0.0053717875500831624,15.496286392211914,0.7887643456459046,0.0038917929438175626,-197.77310593426228,34.61595055194362,4.0,0.9333226084709167,
456000,337.9325566291809,-196.93357682228088,34.10850765432849,-0.002923057122592576,11.092609882354736,0.813636326789856,0.007760459254495799,-197.77310593426228,34.61595055194362,4.0,0.9378256142139435,
460000,340.81773495674133,-194.72925233840942,27.91266502717297,-0.004595875915916014,10.194545650482178,0.7929327070713044,0.007451151239996156,-197.77310593426228,34.61595055194362,4.0,0.9415526568889618,
464000,343.6643772125244,-204.83125615119934,40.230285726445345,-0.003945897730862846,10.62977867126465,0.8294744074344635,0.004711380139633547,-197.77310593426228,34.61595055194362,4.0,0.92779501080513,
468000,346.5590720176697,-200.96343314647675,37.69332432394399,-0.002678679230647063,11.972992134094238,0.796671849489212,0.002314877198659815,-197.77310593426228,34.61595055194362,4.0,0.9356809556484222,
472000,349.3783059120178,-209.49935793876648,35.55773028156397,-0.002922892843877545,14.397952842712403,0.8210315465927124,0.003360761807387469,-197.77310593426228,34.61595055194362,4.0,0.9448263585567475,
476000,352.1933476924896,-210.3261742591858,42.66662588196793,-0.0039644346559071005,18.48671350479126,0.8623567581176758,0.00521406234179933,-197.77310593426228,34.61595055194362,4.0,0.8795721232891083,
480000,355.0394141674042,-189.61759114265442,30.59363494899531,-0.005800460206344726,8.990084266662597,0.8692789375782013,0.006136832048650831,-197.77310593426228,34.61595055194362,4.0,0.9565814852714538,
484000,359.0251588821411,-202.87995862960815,36.853168092614084,-0.006656674490310266,11.148245429992675,0.840823644399643,0.006527778134681306,-201.40234047919512,36.641054361901055,4.0,0.9623510539531708,
488000,361.89976978302,-200.94400703907013,30.07457438778591,-0.0037111282265589905,11.972489643096925,0.8514107823371887,0.005385373305762187,-201.40234047919512,36.641054361901055,4.0,0.9270437598228455,
492000,364.74857807159424,-199.73501801490784,35.28206508246961,-0.004293617208177736,14.707609081268311,0.8576576888561249,0.0062011923757381735,-201.40234047919512,36.641054361901055,4.0,0.9719649195671082,
496000,367.60850167274475,-201.7931468486786,42.31472520623005,-0.004680074473120244,12.619668006896973,0.8770990252494812,0.004754080039992307,-201.40234047919512,36.641054361901055,4.0,0.9772830188274384,
500000,370.44683384895325,-190.37808632850647,30.124535111319002,-0.0033030757736803194,11.299865531921387,0.8973116457462311,0.005415995650847138,-201.40234047919512,36.641054361901055,4.0,0.9825290620326996,
504000,373.36693263053894,-195.03617465496063,40.42681424443559,-0.004148517683924524,14.972150135040284,0.8717832088470459,0.006955899577587843,-201.40234047919512,36.641054361901055,4.0,0.9877934992313385,
508000,376.26938819885254,-201.53639578819275,29.494066316042705,-0.004305696117691693,11.240482521057128,0.8790641963481903,0.004258349520387128,-201.40234047919512,36.641054361901055,4.0,0.9919879317283631,
512000,379.17534136772156,-194.03768658638,33.902507680803396,-0.007619485241981838,6.89094762802124,0.8572597742080689,0.009391030938946643,-201.40234047919512,36.641054361901055,4.0,0.9722375273704529,
516000,382.07415413856506,-189.44493186473846,34.88441005486097,-0.005239886589348331,8.381537389755248,0.8238188624382019,0.01003992003388703,-201.40234047919512,36.641054361901055,4.0,0.9365448653697968,
520000,384.95357513427734,-198.7569398880005,36.89486817149434,-0.004632973834717035,9.055808687210083,0.8695332467556,0.006668128656533856,-201.40234047919512,36.641054361901055,4.0,0.9070943832397461,
524000,389.038170337677,-201.7649632692337,31.306108852718268,-0.0035552255556297817,11.830387115478516,0.8842045485973358,0.006364037674308443,-200.91150076687336,36.89394480019635,4.0,0.8884198427200317,
528000,391.9213230609894,-203.77752923965454,40.14824569942671,-0.003919711846508989,11.208938884735108,0.8504593849182129,0.006031492996029555,-200.91150076687336,36.89394480019635,4.0,0.866892397403717,
532000,394.803181886673,-192.42892384529114,36.108846843014156,-0.005596545060320502,9.653195524215699,0.8426051259040832,0.010656156561958296,-200.91150076687336,36.89394480019635,4.0,0.925126600265503,
536000,397.69366121292114,-192.20946049690247,34.490556008965314,-0.005268162709117519,9.344958066940308,0.8026913940906525,0.005389891314553097,-200.91150076687336,36.89394480019635,4.0,0.8908780992031098,
540000,400.5787618160248,-187.718079328537,32.536902150025334,-0.004577244852048601,7.7440050601959225,0.8392761945724487,0.004865823134236669,-200.91150076687336,36.89394480019635,4.0,0.9001623809337616,
544000,403.4518504142761,-195.98908758163452,35.72676666812794,-0.0031478297182669034,12.158082103729248,0.817248922586441,0.003461027598163735,-200.91150076687336,36.89394480019635,4.0,0.8897402584552765,
548000,406.33193945884705,-193.112633228302,30.78291988679376,0.0019687462290749027,8.680788230895995,0.817459124326706,0.00632967499550432,-200.91150076687336,36.89394480019635,4.0,0.897290700674057,
552000,409.19045066833496,-186.27628636360168,36.42574261559014,-0.004534420490187241,9.600940227508545,0.8045796871185302,0.005569694893900312,-200.91150076687336,36.89394480019635,4.0,0.8453873336315155,
556000,412.0575268268585,-195.3161096572876,33.117403648509146,-0.0035579233414416043,8.480282735824584,0.8016533553600311,0.006614524009637535,-200.91150076687336,36.89394480019635,4.0,0.8834529638290405,
560000,414.92414116859436,-206.84175324440002,42.2512098950147,-0.005262379145172158,13.154226684570313,0.7458117783069611,0.006073327871505174,-200.91150076687336,36.89394480019635,4.0,0.8701138436794281,
564000,418.9711112976074,-197.89135813713074,29.58004897205777,-0.004798996729427074,8.905908727645874,0.7897554814815522,0.0036201703278541998,-194.74142681062222,37.60773947930216,4.0,0.8736175119876861,
568000,421.86046981811523,-195.38126492500305,34.39214645513075,-0.004653191319152627,10.014967346191407,0.8306253790855408,0.007336762817110864,-194.74142681062222,37.60773947930216,4.0,0.8934620916843414,
572000,424.75419902801514,-202.1795208454132,34.48240584013284,-0.0048952818090715056,10.8804292678833,0.8429317951202393,0.006019889132585376,-194.74142681062222,37.60773947930216,4.0,0.9316448271274567,
576000,427.6309835910797,-203.05403518676758,30.459542579702507,-0.005000207327422679,9.839851379394531,0.8526417076587677,0.005938764814287423,-194.74142681062222,37.60773947930216,4.0,0.8839245736598969,
580000,430.50985503196716,-190.66703391075134,33.51039531954402,-0.004416133390041077,9.86461853981018,0.8770479142665863,0.00566450186597649,-194.74142681062222,37.60773947930216,4.0,0.9164960265159607,
584000,433.3977174758911,-191.8692206144333,35.62998759238237,-0.004513480643586654,8.823829841613769,0.782677561044693,0.008959350412090627,-194.74142681062222,37.60773947930216,4.0,0.9296716392040253,
588000,436.2859559059143,-197.80530762672424,36.85995542088131,-0.0053080518666345,7.910829734802246,0.7901517450809479,0.009807743527926505,-194.74142681062222,37.60773947930216,4.0,0.8845960974693299,
592000,439.13143372535706,-192.27452564239502,38.092272540309075,-0.00351852897376137,17.088267040252685,0.8064657747745514,0.008032922708662227,-194.74142681062222,37.60773947930216,4.0,0.9097732901573181,
596000,442.0212240219116,-192.984823346138,32.86625420721339,-0.005542609719869996,9.992921352386475,0.7668728411197663,0.007923834142275155,-194.74142681062222,37.60773947930216,4.0,0.9030825555324554,
600000,444.9010274410248,-193.17691135406494,34.73219753193775,-0.00437294701913693,9.941100883483887,0.7931815683841705,0.0071911458333488555,-194.74142681062222,37.60773947930216,4.0,0.8852531135082244,
604000,448.9447422027588,-190.92608726024628,32.10202072474863,-0.005956431173564247,6.466711044311523,0.7006145179271698,0.006417990078994384,-195.16262505203485,34.59054557374019,4.0,0.8906111598014832,
608000,451.8177511692047,-188.8817126750946,29.735081430749975,-0.004921116843664408,7.403014850616455,0.7176224112510681,0.005918945565645118,-195.16262505203485,34.59054557374019,4.0,0.875203263759613,
612000,454.692049741745,-186.61656093597412,35.33155093369312,-0.007075485971135454,7.883354187011719,0.6957535088062287,0.007264034924252627,-195.16262505203485,34.59054557374019,4.0,0.8704747676849365,
616000,457.5442190170288,-196.38755476474762,34.177298661253005,-0.004714950032997933,9.677874565124512,0.7296261370182038,0.00514178576413542,-195.16262505203485,34.59054557374019,4.0,0.8233436048030853,
620000,460.3827245235443,-202.759033203125,40.4134350085729,-0.006246028906510492,11.789887046813964,0.7325792193412781,0.008298058807849885,-195.16262505203485,34.59054557374019,4.0,0.8341333746910096,
624000,463.2647371292114,-197.38440990447998,40.013418426975036,-0.004480464822612706,12.804952716827392,0.7594229340553283,0.005332138133235275,-195.16262505203485,34.59054557374019,4.0,0.7985280811786651,
628000,466.15843319892883,-198.28834104537964,31.889940955526406,-0.005299700552287234,8.535581350326538,0.6976629614830017,0.0020041613606736064,-195.16262505203485,34.59054557374019,4.0,0.8365835726261139,
632000,469.0453917980194,-192.74297749996185,36.20545218055882,-0.005955783263935288,8.130445194244384,0.7226396024227142,0.004418641384690991,-195.16262505203485,34.59054557374019,4.0,0.8255391359329224,
636000,471.89393949508667,-195.25587105751038,28.881104997663858,-0.005822927813200929,9.407072162628173,0.7255266904830933,0.005441881000568793,-195.16262505203485,34.59054557374019,4.0,0.8471839189529419,
640000,474.77249574661255,-187.95210993289948,29.653467410780202,-0.004264128557251201,9.673817348480224,0.7275957286357879,0.006548981019295752,-195.16262505203485,34.59054557374019,4.0,0.8165863454341888,
644000,478.82769107818604,-192.4524221420288,35.576161711577384,-0.004973715459151773,10.081474781036377,0.7521517932415008,0.00927783591486515,-194.6054544299841,35.2059392781329,4.0,0.7883682429790497,
648000,481.70293641090393,-196.91241931915283,31.612965531477144,-0.004069481006547004,9.071995401382447,0.7438471436500549,0.0022672829627602697,-194.6054544299841,35.2059392781329,4.0,0.8112067937850952,
652000,484.5743284225464,-189.11213731765747,31.93272278072674,-0.0060114747281186705,9.522337007522584,0.7586405873298645,0.0055749633559025735,-194.6054544299841,35.2059392781329,4.0,0.7890953898429871,
656000,487.47771191596985,-198.83571934700012,31.035046522898845,-0.004426032142248015,12.67789945602417,0.7340037286281585,0.0044317030347883705,-194.6054544299841,35.2059392781329,4.0,0.7948643803596497,
660000,490.3630521297455,-193.01453852653503,28.338219415823897,-0.0061437285975553205,8.020986652374267,0.7444091200828552,0.006442711204445661,-194.6054544299841,35.2059392781329,4.0,0.7732127606868744,
664000,493.22698998451233,-192.178471326828,34.004041197736676,-0.004458339963806779,9.632465887069703,0.7550434350967408,0.0058345467667095365,-194.6054544299841,35.2059392781329,4.0,0.7889319658279419,
668000,496.13033270835876,-193.59192824363708,31.384017895014324,-0.005970259615064944,6.481528949737549,0.7935518026351929,0.006750015203452975,-194.6054544299841,35.2059392781329,4.0,0.813025027513504,
672000,499.04637336730957,-188.41972708702087,28.70435820327055,-0.005870924854806425,7.841187429428101,0.8119905650615692,0.004975791354081593,-194.6054544299841,35.2059392781329,4.0,0.7138443768024445,
676000,501.94810962677,-182.30366683006287,27.57806830584121,-0.003519988486776171,7.265728092193603,0.7930423855781555,0.012310934334915747,-194.6054544299841,35.2059392781329,4.0,0.7445583939552307,
680000,504.826078414917,-198.65981149673462,32.79118842688223,-0.004607516235439135,9.655811738967895,0.7884832501411438,0.004777768437905916,-194.6054544299841,35.2059392781329,4.0,0.7806223094463348,
684000,508.88494896888733,-201.59817934036255,34.86976902573821,-0.0030159891785976,13.661060619354249,0.7820932626724243,0.006739676278084516,-189.42587262392044,34.52758083798272,4.0,0.7246412754058837,
688000,511.7526638507843,-192.56323337554932,33.04376232097476,-0.004606278671456199,11.939977645874023,0.7843227982521057,0.0040108275250531735,-189.42587262392044,34.52758083798272,4.0,0.7917475581169129,
692000,514.5369944572449,-190.6042127609253,32.53898285308446,-0.004903551384418581,11.473674774169922,0.7820265531539917,0.007264367642346769,-189.42587262392044,34.52758083798272,4.0,0.7867742836475372,
696000,517.2647018432617,-195.97418868541718,37.323571607224615,-0.00497996156429874,9.51476845741272,0.776533704996109,0.004757644701749086,-189.42587262392044,34.52758083798272,4.0,0.7862326502799988,
700000,520.1337156295776,-194.90886330604553,34.762551078147204,-0.005621346940752137,9.953049278259277,0.7789185047149658,0.007583813494769864,-189.42587262392044,34.52758083798272,4.0,0.7858366906642914,
704000,523.0059213638306,-185.08649337291718,35.97003160275326,-0.00565802297547151,10.367578315734864,0.7580294072628021,0.005264184422412654,-189.42587262392044,34.52758083798272,4.0,0.7986766219139099,
708000,525.9192037582397,-191.21359062194824,34.92819873479534,-0.005176530006574476,10.424143934249878,0.7481630146503448,0.004679709344054572,-189.42587262392044,34.52758083798272,4.0,0.7673080742359162,
712000,528.8001937866211,-189.2937811613083,35.3915563568057,-0.0033247611451661108,12.958529853820801,0.7277661561965942,0.0038661943981423974,-189.42587262392044,34.52758083798272,4.0,0.780008727312088,
716000,531.683756351471,-189.0418827533722,28.483733100025113,-0.0062302558468655175,9.017881870269775,0.7599179685115814,0.0069684967456851155,-189.42587262392044,34.52758083798272,4.0,0.7909144163131714,
720000,534.5791566371918,-191.00239384174347,31.593614690935535,-0.003816151301842119,11.486466598510741,0.7581027865409851,0.006782379189739007,-189.42587262392044,34.52758083798272,4.0,0.7596924245357514,
724000,538.4445245265961,-190.98649728298187,30.969870859962953,-0.004636955265731846,6.123612260818481,0.7678855657577515,0.007548112724907696,-205.0662379860878,38.33914930947598,4.0,0.7597634851932525,
728000,541.1412394046783,-190.67957770824432,30.422367389855314,-0.007410232388569682,6.860435342788696,0.7813300132751465,0.0069302718238905105,-205.0662379860878,38.33914930947598,4.0,0.7397140622138977,
732000,543.8408849239349,-187.6198434829712,29.630919882502642,-0.006945571109031689,6.672983980178833,0.7397277295589447,0.006706454162485898,-205.0662379860878,38.33914930947598,4.0,0.7525030076503754,
736000,546.5420258045197,-182.60164546966553,31.04856190835395,-0.005430913039250296,10.05977144241333,0.7193099141120911,0.006688927800860256,-205.0662379860878,38.33914930947598,4.0,0.7594487547874451,
740000,549.2618842124939,-189.74674439430237,32.65985783148922,-0.005300529186846692,5.375477647781372,0.798493254184723,0.004130856983829289,-205.0662379860878,38.33914930947598,4.0,0.7326993882656098,
744000,551.9889347553253,-188.4944487810135,31.607902916853558,-0.0030250946846402727,10.666633701324463,0.7542615592479706,0.0045487032708479095,-205.0662379860878,38.33914930947598,4.0,0.7362238883972168,
748000,554.7039515972137,-191.26215243339539,33.22619874079543,-0.006402117687587916,7.422954130172729,0.7625490427017212,0.010575356241315604,-205.0662379860878,38.33914930947598,4.0,0.7610308766365051,
752000,557.4286601543427,-187.2949321269989,29.629864129803646,-0.004510449901766434,8.947587966918945,0.7227884113788605,0.002959849426406436,-205.0662379860878,38.33914930947598,4.0,0.7377676844596863,
756000,560.2884948253632,-185.13230395317078,29.458424660621432,-0.004865156847828356,5.9226244449615475,0.7300250649452209,0.002686107893125156,-205.0662379860878,38.33914930947598,4.0,0.7770272254943847,
760000,563.1922607421875,-190.008282661438,34.03592536964704,-0.00533797169212864,9.878814888000488,0.7507452726364136,0.0077507428698397,-205.0662379860878,38.33914930947598,4.0,0.7580506324768066,
764000,567.2146210670471,-189.0303076505661,35.19441215796046,-0.0059518654965796,7.6797826290130615,0.6962951958179474,0.005239071735569034,-193.137222468853,37.4709336795748,4.0,0.71738321185112,
768000,570.0432858467102,-187.69875621795654,25.717637261337977,-0.0038495991222250005,8.09245195388794,0.6878279924392701,0.0037382542211950474,-193.137222468853,37.4709336795748,4.0,0.6673567056655884,
772000,572.9104490280151,-191.25666892528534,34.68022936577828,-0.005759059979036962,7.5592944622039795,0.7007993817329407,0.006634631473571062,-193.137222468853,37.4709336795748,4.0,0.7003829658031464,
776000,575.766233921051,-192.43004190921783,38.682739869257325,-0.005211072824584939,10.817072105407714,0.6979368984699249,0.006291958397244635,-193.137222468853,37.4709336795748,4.0,0.6950091063976288,
780000,578.629097700119,-188.10202074050903,38.26765332522064,-0.005589243083804263,7.412719678878784,0.6920144081115722,0.004057887624211931,-193.137222468853,37.4709336795748,4.0,0.6964818060398101,
784000,581.4970011711121,-190.83335077762604,34.987973733024226,-0.0058473835124944525,10.10943670272827,0.7008052229881286,0.009390083455946297,-193.137222468853,37.4709336795748,4.0,0.6886036992073059,
788000,584.2858214378357,-193.0148937702179,27.803508858861736,-0.004601091202891738,8.267220592498779,0.6827137470245361,0.003394291178691988,-193.137222468853,37.4709336795748,4.0,0.7048010289669037,
792000,587.1512775421143,-185.173237323761,30.860534390170315,-0.0059743917204129636,9.885630130767822,0.6604655265808106,0.006808752435957998,-193.137222468853,37.4709336795748,4.0,0.7288506090641022,
796000,590.0152323246002,-189.84001433849335,33.70300890448522,-0.004727748081088024,8.644611358642578,0.671339464187622,0.005603758530924097,-193.137222468853,37.4709336795748,4.0,0.6545766413211822,
800000,592.9100458621979,-190.3722664117813,34.620543468943595,-0.00447499071666968,12.177600002288818,0.7104366600513459,0.005224913869829262,-193.137222468853,37.4709336795748,4.0,0.6491544842720032,
804000,596.919554233551,-184.38133907318115,25.33697224655548,-0.005599205592142731,6.5430579662323,0.6695710897445679,0.00594287778949365,-198.74989122897387,38.6839973804782,4.0,0.7064568519592285,
808000,599.814145565033,-196.11600482463837,34.56683003280541,-0.006232196993582573,8.231438684463502,0.6696661412715912,0.007790423396198687,-198.74989122897387,38.6839973804782,4.0,0.642782324552536,
812000,602.5840532779694,-201.75887489318848,32.982589796008355,-0.0040883750167367335,8.161840343475342,0.6893267929553986,0.004670674093998972,-198.74989122897387,38.6839973804782,4.0,0.6679169654846191,
816000,605.3032231330872,-191.48566603660583,34.723420214603806,-0.005549208364604574,9.671701431274414,0.6501530170440674,0.009124555207168062,-198.74989122897387,38.6839973804782,4.0,0.6589453339576721,
820000,608.136477470398,-189.49771237373352,34.2971713359209,-0.0044791309487385075,10.789227485656738,0.6667081356048584,0.00500254600844352,-198.74989122897387,38.6839973804782,4.0,0.6360099792480469,
824000,611.0171654224396,-196.9614086151123,32.301461419099766,-0.004937095508445033,9.747486257553101,0.675276780128479,0.005781740136444569,-198.74989122897387,38.6839973804782,4.0,0.6497737109661103,
828000,613.9169528484344,-199.37682902812958,35.419020216487,-0.004499208326063408,9.670954179763793,0.6046684205532074,0.0028139007148177673,-198.74989122897387,38.6839973804782,4.0,0.6340597927570343,
832000,616.7993199825287,-186.7670304775238,32.48211378322532,-0.004361186150150953,7.000509309768677,0.5774075031280518,0.004389430325245502,-198.74989122897387,38.6839973804782,4.0,0.6145218312740326,
836000,619.689647436142,-194.34680140018463,33.44855079844547,-0.002758681047863032,7.584871768951416,0.6206673800945282,0.0018472242460120468,-198.74989122897387,38.6839973804782,4.0,0.6619800448417663,
840000,622.5568945407867,-195.12278866767883,38.6978959942954,-0.0062108849267630715,10.905646133422852,0.6733461439609527,0.0042371322245065455,-198.74989122897387,38.6839973804782,4.0,0.6646278083324433,
844000,626.583699464798,-191.63423669338226,36.62518528893505,-0.0054652925861688965,7.412406015396118,0.6746735870838165,0.0035073523392978425,-199.15828017890453,36.32147740128785,4.0,0.6483567714691162,
848000,629.4535593986511,-192.29377484321594,32.958420519365,-0.003485045418220878,7.507607173919678,0.687259441614151,0.004792437236756086,-199.15828017890453,36.32147740128785,4.0,0.6343644857406616,
852000,632.3168416023254,-196.3639954328537,35.02404074624093,-0.004800887390660735,11.839356899261475,0.6785710752010345,0.0028322183818090705,-199.15828017890453,36.32147740128785,4.0,0.6718026638031006,
856000,635.1967780590057,-194.55771827697754,34.14217445115813,-0.0068293369013504805,7.440930128097534,0.6525423884391784,0.004459577804741777,-199.15828017890453,36.32147740128785,4.0,0.6547836661338806,
860000,638.0716302394867,-193.8863319158554,32.90497495626941,-0.0065368324488711774,7.246242523193359,0.6942607045173645,0.008418951247896378,-199.15828017890453,36.32147740128785,4.0,0.6342216253280639,
864000,640.9432499408722,-202.72708797454834,31.680525129417,-0.0046764852136063515,9.839326810836791,0.7263792455196381,0.0032411953377062376,-199.15828017890453,36.32147740128785,4.0,0.6254110097885132,
868000,643.8236582279205,-192.4525066614151,31.342787644147833,-0.004744839352866137,8.607758903503418,0.6870362877845764,0.005213381597112576,-199.15828017890453,36.32147740128785,4.0,0.607058447599411,
872000,646.6967258453369,-191.00594019889832,35.890702216841,-0.006177688408798243,8.457489490509033,0.6511788070201874,0.004745357303181663,-199.15828017890453,36.32147740128785,4.0,0.655090194940567,
876000,649.5874559879303,-189.81383681297302,30.61955424855189,-0.00487805169137816,6.935723447799683,0.6604219615459442,0.00795620963908732,-199.15828017890453,36.32147740128785,4.0,0.6491146087646484,
880000,652.4515109062195,-193.1211805343628,35.6937540566619,-0.004440824893419659,6.735492897033692,0.6373712897300721,0.004594828002154827,-199.15828017890453,36.32147740128785,4.0,0.6331096291542053,
884000,656.4876306056976,-193.0854880809784,35.40227926366475,-0.00656320066843179,7.607806873321533,0.6489986658096314,0.00560744708054699,-199.62836411595345,33.454605692247654,4.0,0.631087851524353,
888000,659.362943649292,-179.72041809558868,33.41068169568288,-0.006860430860271061,5.229358792304993,0.6727583289146424,0.006549977718231581,-199.62836411595345,33.454605692247654,4.0,0.6405891954898835,
892000,662.2511668205261,-189.03678560256958,28.161072851803834,-0.006068156772603572,5.904911899566651,0.656644195318222,0.0051855005964171145,-199.62836411595345,33.454605692247654,4.0,0.6082366824150085,
896000,665.1266567707062,-186.28079450130463,31.634115836255294,-0.004807221374552117,8.43954906463623,0.6575550317764283,0.003869485523318872,-199.62836411595345,33.454605692247654,4.0,0.640599000453949,
900000,667.9984340667725,-193.80565357208252,31.387513589377395,-0.006193420994949328,5.882780647277832,0.6197804510593414,0.004978930903598666,-199.62836411595345,33.454605692247654,4.0,0.6471592307090759,
904000,670.869033575058,-192.62872767448425,39.6698795218507,-0.005189800451199211,9.874355888366699,0.6879097759723664,0.005989888613112271,-199.62836411595345,33.454605692247654,4.0,0.6420144140720367,
908000,673.7507567405701,-191.9657576084137,31.207353072481517,-0.005325209083035532,7.723954439163208,0.6809983253479004,0.005251284106634557,-199.62836411595345,33.454605692247654,4.0,0.6857748389244079,
912000,676.6359105110168,-196.75869739055634,32.14528448871888,-0.005684465974414099,7.571376800537109,0.6832224071025849,0.005345729074906558,-199.62836411595345,33.454605692247654,4.0,0.6489095151424408,
916000,679.5342581272125,-192.1941204071045,34.69322998222711,-0.007617900402595579,4.791818118095398,0.6977777361869812,0.008794576991039018,-199.62836411595345,33.454605692247654,4.0,0.6386968076229096,
920000,682.4403674602509,-188.33398294448853,25.832102149077816,-0.006208461886582306,6.725420331954956,0.669815331697464,0.005674939675373025,-199.62836411595345,33.454605692247654,4.0,0.649557888507843,
924000,686.384360074997,-189.54650747776031,38.90665018521042,-0.005948808719248788,7.716806650161743,0.6573626697063446,0.006053969687471794,-192.0596273392439,33.021368302462896,4.0,0.6537038326263428,
928000,689.2566604614258,-193.04489874839783,33.58329749374127,-0.005738301165091464,9.608512830734252,0.6454026877880097,0.005059590755263343,-192.0596273392439,33.021368302462896,4.0,0.669391417503357,
932000,692.132651090622,-195.9811064004898,38.79318277387636,-0.004013042334855221,10.88836498260498,0.6474838435649872,0.0032198923174291847,-192.0596273392439,33.021368302462896,4.0,0.6136680543422699,
936000,695.010174036026,-184.8083609342575,29.90593630214188,-0.0073187429117970385,7.164980363845825,0.6328951239585876,0.004978952376404777,-192.0596273392439,33.021368302462896,4.0,0.6261856138706208,
940000,697.8959770202637,-191.08576047420502,35.983890636804844,-0.005558221199704949,9.004207038879395,0.6401449680328369,0.006963931802660228,-192.0596273392439,33.021368302462896,4.0,0.6218611299991608,
944000,700.7710454463959,-189.31389379501343,28.431234648159972,-0.005694164326880369,8.721436166763306,0.6244886219501495,0.007889514746454917,-192.0596273392439,33.021368302462896,4.0,0.6306265473365784,
948000,703.6241643428802,-195.9185221195221,37.38183069377854,-0.006319846818844255,8.11663908958435,0.6046906590461731,0.013818360088393078,-192.0596273392439,33.021368302462896,4.0,0.6383146345615387,
952000,706.5399777889252,-185.12915742397308,32.543966150487,-0.006010005083866332,6.603284311294556,0.6027987599372864,0.012009820016101003,-192.0596273392439,33.021368302462896,4.0,0.6529393196105957,
956000,709.441134929657,-192.02531135082245,32.64586561969751,-0.007768162421261238,9.400037574768067,0.6566912949085235,0.00894821008481086,-192.0596273392439,33.021368302462896,4.0,0.5837371826171875,
960000,712.3033497333527,-193.09030520915985,32.20739900103598,-0.00641438769533611,7.840728902816773,0.6306885838508606,0.003981319779995829,-192.0596273392439,33.021368302462896,4.0,0.6352359473705291,
964000,716.3106219768524,-201.59214639663696,37.05271195209032,-0.005837737804433996,9.429010057449341,0.6300618946552277,0.008263825219241027,-198.53021946549416,33.19187895353998,4.0,0.6575381696224213,
968000,719.0260329246521,-185.39744627475739,30.86366963710626,-0.005705536308077441,8.85881061553955,0.6126212298870086,0.005292907173861749,-198.53021946549416,33.19187895353998,4.0,0.616362851858139,
972000,721.8080198764801,-196.96152877807617,41.23400836904859,-0.005694167109439263,14.023422050476075,0.6522894263267517,0.004955137655449438,-198.53021946549416,33.19187895353998,4.0,0.6239907145500183,
976000,724.5112550258636,-193.5469057559967,27.664744105598658,-0.007650724071543635,6.157013463973999,0.618152379989624,0.009340465996104007,-198.53021946549416,33.19187895353998,4.0,0.6083622992038726,
980000,727.3223829269409,-198.20034337043762,32.247312223608716,-0.004011304407225325,10.199939060211182,0.6577474236488342,0.008197902134619638,-198.53021946549416,33.19187895353998,4.0,0.5767583250999451,
984000,730.034453868866,-193.20821249485016,26.632505438989238,-0.00665947496456405,6.669931840896607,0.6842824697494507,0.004453175676307541,-198.53021946549416,33.19187895353998,4.0,0.557363110780716,
988000,732.6985194683075,-196.85067701339722,31.52676120236636,-0.004709919333613222,8.493161249160767,0.6752291142940521,0.003903109926613979,-198.53021946549416,33.19187895353998,4.0,0.5909246027469635,
992000,735.3697528839111,-197.02552032470703,33.87163231466279,-0.00482910713716409,9.36279034614563,0.6397072553634644,0.0043573615199420605,-198.53021946549416,33.19187895353998,4.0,0.5635830521583557,
996000,738.0337173938751,-194.21435582637787,32.99454077085083,-0.005369437501144913,9.330408668518066,0.6764514565467834,0.004459958724328317,-198.53021946549416,33.19187895353998,4.0,0.5953246712684631,
1000000,740.7135725021362,-188.27005290985107,35.1691158194981,-0.006082327934758158,13.162971591949463,0.6722697079181671,0.004754259978421038,-198.53021946549416,33.19187895353998,4.0,0.553119319677353,
1004000,744.6556122303009,-192.54361307621002,31.898370446479948,-0.00489146331759791,7.13322606086731,0.6783474326133728,0.005299342254875228,-203.8214058354497,31.177933197071564,4.0,0.5674324214458466,
1008000,747.4066834449768,-194.85172414779663,35.5420840046101,-0.005952580126312857,9.651136255264282,0.6535206139087677,0.0043086186211246155,-203.8214058354497,31.177933197071564,4.0,0.5501891314983368,
1012000,750.2756152153015,-199.70735490322113,35.3084530718122,-0.00426998092606663,10.576513576507569,0.6849817991256714,0.003063925758081787,-203.8214058354497,31.177933197071564,4.0,0.5620724201202393,
1016000,753.1161489486694,-200.90097904205322,38.19348780531602,-0.005719231656985358,7.851277112960815,0.7148584306240082,0.008213384309783578,-203.8214058354497,31.177933197071564,4.0,0.5336999654769897,
1020000,755.8070526123047,-193.06942296028137,35.05715167663078,-0.006627689641279489,9.319413900375366,0.7117810130119324,0.005378448671971725,-203.8214058354497,31.177933197071564,4.0,0.5865626096725464,
1024000,758.4984683990479,-197.57942271232605,30.70951298294187,-0.006118449217018984,8.790596342086792,0.6467055201530456,0.005883518944028765,-203.8214058354497,31.177933197071564,4.0,0.5900098979473114,
1028000,761.2265343666077,-197.71202301979065,37.37555086757543,-0.004111390355741484,15.378343486785889,0.6399852514266968,0.008288340392755344,-203.8214058354497,31.177933197071564,4.0,0.597918438911438,
1032000,764.0842368602753,-190.15910053253174,33.30357645904713,-0.0057690597327892945,8.709499740600586,0.6746485114097596,0.005212744650741463,-203.8214058354497,31.177933197071564,4.0,0.6077391922473907,
1036000,766.9698650836945,-195.21959507465363,34.822855627329425,-0.007652650956685303,9.233438539505006,0.6729956865310669,0.006583980363211594,-203.8214058354497,31.177933197071564,4.0,0.5892208337783813,
1040000,769.8515577316284,-197.67795872688293,38.744739797273276,-0.006151914487903376,9.254962635040282,0.6674614548683167,0.008100049044316026,-203.8214058354497,31.177933197071564,4.0,0.5575749218463898,
1044000,774.0079474449158,-200.3638198375702,33.232342702357265,-0.006413128927505262,8.458056735992432,0.6590994894504547,0.009180858079344035,-209.9485037252307,34.86976563540108,4.0,0.5982363402843476,
1048000,776.7319519519806,-197.31174397468567,35.14977198296597,-0.005284285811784972,10.112627983093262,0.6703467667102814,0.005392553632923747,-209.9485037252307,34.86976563540108,4.0,0.6124385952949524,
1052000,779.4304845333099,-197.356791973114,35.734442629596764,-0.006335442152107129,16.784319114685058,0.6730161011219025,0.005664606867823796,-209.9485037252307,34.86976563540108,4.0,0.6299584209918976,
1056000,782.137757062912,-195.37417912483215,28.754568871776076,-0.0067560964060636945,7.805549430847168,0.683532989025116,0.008470797166383548,-209.9485037252307,34.86976563540108,4.0,0.5711483120918274,
1060000,784.8559627532959,-192.9571567773819,29.894755434541377,-0.007218953593478972,7.745449829101562,0.6538604378700257,0.0104438426787965,-209.9485037252307,34.86976563540108,4.0,0.5895787179470062,
1064000,787.5693962574005,-196.6899266242981,34.90376985893898,-0.0053107892425421355,11.21841049194336,0.6818303287029266,0.007988824415951968,-209.9485037252307,34.86976563540108,4.0,0.5341802895069122,
1068000,790.4584379196167,-191.36967062950134,32.84015301126642,-0.00643281286489219,7.700175952911377,0.66749587059021,0.004843895447285229,-209.9485037252307,34.86976563540108,4.0,0.5950417220592499,
1072000,793.2943828105927,-190.13753044605255,32.997435231133785,-0.007335878513132599,7.738719081878662,0.6243199706077576,0.008876084652729332,-209.9485037252307,34.86976563540108,4.0,0.5934824764728546,
1076000,796.1762518882751,-193.76333796977997,35.512744541291895,-0.004397331818239758,10.20291347503662,0.6534878432750701,0.0035418957893853078,-209.9485037252307,34.86976563540108,4.0,0.5593657195568085,
1080000,799.0714936256409,-194.31152296066284,32.43472044082138,-0.007278893074641646,6.8565418243408205,0.6366702675819397,0.008851745640276932,-209.9485037252307,34.86976563540108,4.0,0.5754412710666656,
1084000,803.1192104816437,-197.7300990819931,39.052458340494134,-0.006312534757424148,9.805876350402832,0.6510486483573914,0.0069249981199391185,-212.43550717830658,36.768265488603085,4.0,0.5770232260227204,
1088000,805.9867544174194,-200.8246318101883,38.59506260318267,-0.006073245456442322,8.453186225891113,0.6583252251148224,0.004670927639740263,-212.43550717830658,36.768265488603085,4.0,0.5353875815868377,
1092000,808.8607926368713,-192.26916813850403,31.328512949483148,-0.007198851115070326,6.603373765945435,0.621371191740036,0.009029061335604638,-212.43550717830658,36.768265488603085,4.0,0.5614212870597839,
1096000,811.7296063899994,-193.33702206611633,25.918904609108335,-0.006613576121007369,8.040080451965332,0.6171982109546661,0.005280261308090672,-212.43550717830658,36.768265488603085,4.0,0.5944781005382538,
1100000,814.6048674583435,-193.6969736814499,38.570629544573784,-0.006135652855814832,8.626300716400147,0.6157180368900299,0.008918246231119475,-212.43550717830658,36.768265488603085,4.0,0.5767472207546234,
1104000,817.4724109172821,-191.56288123130798,30.823492717289636,-0.006437314672550798,7.172695827484131,0.6508620858192444,0.005998785241856286,-212.43550717830658,36.768265488603085,4.0,0.5509101510047912,
1108000,820.1815385818481,-194.08303034305573,34.56586087152632,-0.006979082001062764,8.133680772781371,0.655846631526947,0.01004620196049415,-212.43550717830658,36.768265488603085,4.0,0.5464337170124054,
1112000,822.8927125930786,-194.0097725391388,34.53786919849449,-0.00595237083810698,6.4260444164276125,0.6265701949596405,0.005289555983540306,-212.43550717830658,36.768265488603085,4.0,0.5529377698898316,
1116000,825.6015839576721,-188.09815204143524,32.02083435291699,-0.008276747184960876,5.611150407791138,0.5820477843284607,0.0073927360819652675,-212.43550717830658,36.768265488603085,4.0,0.5838223755359649,
1120000,828.3066182136536,-184.36184000968933,31.815353562556812,-0.007475667169472821,7.920714712142944,0.6054801285266876,0.0064797923085279764,-212.43550717830658,36.768265488603085,4.0,0.5371344268321991,
1124000,832.1857469081879,-203.73982894420624,33.79525572027256,-0.007646369127556696,11.759653186798095,0.6495893895626068,0.005667594057740644,-194.22421454638243,37.45586555633774,4.0,0.5431682169437408,
1128000,834.8858647346497,-197.31662344932556,33.97677688737744,-0.006259768086019868,7.293003559112549,0.6263998687267304,0.00500095985767742,-194.22421454638243,37.45586555633774,4.0,0.5881805121898651,
1132000,837.5826284885406,-189.65960359573364,31.791349511434255,-0.00482056451247388,9.619336700439453,0.6505103468894958,0.005134693143190816,-194.22421454638243,37.45586555633774,4.0,0.5542766332626343,
1136000,840.2821021080017,-192.9617908000946,31.522346409551865,-0.006862652075476916,8.280584812164307,0.6637545824050903,0.010427261190488934,-194.22421454638243,37.45586555633774,4.0,0.5233881890773773,
1140000,842.9981796741486,-188.8677567243576,33.13297270886587,-0.008439531271811518,6.6419939517974855,0.7088073849678039,0.008288408565567807,-194.22421454638243,37.45586555633774,4.0,0.5735570847988128,
1144000,845.7170066833496,-199.94507682323456,41.01170420135564,-0.006232400051162834,9.629744672775269,0.7377149045467377,0.004377401051577223,-194.22421454638243,37.45586555633774,4.0,0.5299627363681794,
1148000,848.4088702201843,-187.03193616867065,25.82450571299394,-0.0079738208670169,6.282496976852417,0.7156920850276947,0.01136174509736403,-194.22421454638243,37.45586555633774,4.0,0.5322430431842804,
1152000,851.1303403377533,-194.35347747802734,34.29409590311493,-0.005225968720080942,9.604961824417114,0.6782771646976471,0.005626108991292611,-194.22421454638243,37.45586555633774,4.0,0.5463125169277191,
1156000,853.8643200397491,-191.678337931633,32.49083832692765,-0.004354299784249882,10.526482009887696,0.7240196526050567,0.005311377628512392,-194.22421454638243,37.45586555633774,4.0,0.5316546320915222,
1160000,856.6318507194519,-191.6133439540863,31.867030512183174,-0.005626426885758207,10.59384536743164,0.7242127001285553,0.003945094533264637,-194.22421454638243,37.45586555633774,4.0,0.528339397907257,
1164000,860.5327100753784,-189.97989416122437,36.11656113937162,-0.0064395250411083405,7.233444166183472,0.6976976990699768,0.006411484070122242,-195.5289634913206,34.16207559607978,4.0,0.5768689692020417,
1168000,863.2297787666321,-189.44059538841248,33.13611910695079,-0.006839486316467358,7.462834119796753,0.6786563158035278,0.0063761598449588956,-195.5289634913206,34.16207559607978,4.0,0.5613142430782319,
1172000,865.9189689159393,-190.08344721794128,31.706595673741376,-0.004780031572794563,6.950242042541504,0.7366595983505249,0.004642364329115178,-195.5289634913206,34.16207559607978,4.0,0.482837975025177,
1176000,868.6163029670715,-196.04980874061584,34.96792852898373,-0.006084767588879903,9.131033658981323,0.6780217587947845,0.006385549285914749,-195.5289634913206,34.16207559607978,4.0,0.5176115810871125,
1180000,871.3239183425903,-186.34643578529358,24.52859047248477,-0.007676085823215573,8.436058235168456,0.7261387526988983,0.005474674426659476,-195.5289634913206,34.16207559607978,4.0,0.47488046288490293,
1184000,874.0293660163879,-189.0255320072174,32.09333187870835,-0.00786591789048785,9.863399267196655,0.7201209425926208,0.0057436471455730494,-195.5289634913206,34.16207559607978,4.0,0.5292482554912568,
1188000,876.7672665119171,-195.5653874874115,31.966020827755067,-0.007693211228741959,8.93374605178833,0.6891003489494324,0.009328565716122617,-195.5289634913206,34.16207559607978,4.0,0.5330512344837188,
1192000,879.6178593635559,-188.2548384666443,28.31581663413118,-0.00456181351720204,9.028879594802856,0.7206374049186707,0.0033002861790980553,-195.5289634913206,34.16207559607978,4.0,0.49882338047027586,
1196000,882.495861530304,-191.78536999225616,33.731638582203296,-0.0064056351406810205,8.922537183761596,0.6870656371116638,0.004063151904847473,-195.5289634913206,34.16207559607978,4.0,0.4821956425905228,
1200000,885.3741798400879,-201.668652176857,42.913186406259626,-0.0072791063405262865,10.053476333618164,0.6941081285476685,0.006304570188513025,-195.5289634913206,34.16207559607978,4.0,0.42333169281482697,
1204000,889.3898575305939,-191.95196056365967,36.74956127573691,-0.008584570262581082,5.858074092864991,0.6655826330184936,0.008395357948029415,-193.57802227139473,31.330659184115348,4.0,0.4786060810089111,
1208000,892.3081858158112,-191.91534066200256,30.556198972032057,-0.003644934635143748,11.596070575714112,0.6975166916847229,0.003467006061730604,-193.57802227139473,31.330659184115348,4.0,0.4541689962148666,
1212000,895.2234444618225,-190.44504356384277,36.52123545264579,-0.005194614541561648,9.335408449172974,0.637496143579483,0.004519822396105155,-193.57802227139473,31.330659184115348,4.0,0.4305713832378387,
1216000,898.1412968635559,-191.4983640909195,40.753973112026756,-0.006318860659298231,9.738131904602051,0.72051500082016,0.005764899670844903,-193.57802227139473,31.330659184115348,4.0,0.49682520925998686,
1220000,901.0578050613403,-204.88979482650757,37.220475982100304,-0.005278664419660339,12.180131912231445,0.763298386335373,0.005415445942974983,-193.57802227139473,31.330659184115348,4.0,0.3997955709695816,
1224000,903.893657207489,-200.37061548233032,31.988512457070925,-0.006064360913742917,8.99595890045166,0.6974895596504211,0.004032569873379544,-193.57802227139473,31.330659184115348,4.0,0.4502902179956436,
1228000,906.6289575099945,-207.30652141571045,42.002453703768516,-0.005010690001149953,9.55799970626831,0.7622408449649811,0.004979051830014214,-193.57802227139473,31.330659184115348,4.0,0.4118193030357361,
1232000,909.4058110713959,-203.3131914138794,35.48372193838588,-0.006769751095833876,8.907209300994873,0.7091708719730377,0.007092244894554245,-193.57802227139473,31.330659184115348,4.0,0.42336121797561643,
1236000,912.3147642612457,-198.26900362968445,32.713693686509615,-0.005862315174502619,12.046787071228028,0.726008665561676,0.0028737932903071693,-193.57802227139473,31.330659184115348,4.0,0.43074255585670473,
1240000,915.2172813415527,-188.4469257593155,29.258146654504984,-0.004978553175460654,12.90280065536499,0.7435764372348785,0.003095577436824293,-193.57802227139473,31.330659184115348,4.0,0.4171347349882126,
1244000,919.280270576477,-190.13198161125183,36.428040348294175,-0.006132782598026054,9.81821813583374,0.7361467480659485,0.007467743316354847,-200.16703222692013,37.493415211305624,4.0,0.4824512928724289,
1248000,922.0804972648621,-196.62975025177002,41.181262125959684,-0.005568288319977022,15.369634056091309,0.7917737782001495,0.002267051042872481,-200.16703222692013,37.493415211305624,4.0,0.4003485530614853,
1252000,924.9665780067444,-195.72868466377258,28.532001226673977,-0.006218828445610924,9.543641328811646,0.7933509588241577,0.006377754569984973,-200.16703222692013,37.493415211305624,4.0,0.4496313750743866,
1256000,927.8937904834747,-201.66590189933777,36.52647107332713,-0.007452190902006506,11.055592441558838,0.764713853597641,0.005795713391853497,-200.16703222692013,37.493415211305624,4.0,0.4655025601387024,
1260000,930.7611548900604,-183.35768854618073,28.992115660232017,-0.006789473275964486,7.316123342514038,0.7252179563045502,0.00850857593398544,-200.16703222692013,37.493415211305624,4.0,0.5459459304809571,
1264000,933.6481959819794,-190.7454570531845,31.780999422501544,-0.0061744421898232375,7.066478872299195,0.694378113746643,0.001894427525849718,-200.16703222692013,37.493415211305624,4.0,0.5318095028400421,
1268000,936.5337743759155,-195.25534558296204,29.46646638004694,-0.00605606941607153,9.317635011672973,0.756809538602829,0.004747325231631594,-200.16703222692013,37.493415211305624,4.0,0.5065518975257873,
1272000,939.4229919910431,-188.373544216156,29.87644921131495,-0.007496017591717319,8.850295209884644,0.6982540667057038,0.009344914886945244,-200.16703222692013,37.493415211305624,4.0,0.5285158634185791,
1276000,942.3128771781921,-190.40457606315613,27.12438881578038,-0.007956620303137818,6.46551103591919,0.653362637758255,0.007356804644223303,-200.16703222692013,37.493415211305624,4.0,0.5276345312595367,
1280000,945.199111700058,-196.30431389808655,32.719985266647754,-0.007064611952130972,7.886343288421631,0.6732010662555694,0.003559297590982169,-200.16703222692013,37.493415211305624,4.0,0.5135992646217347,
1284000,949.2509820461273,-193.50798511505127,28.206382599462806,-0.00735590985557053,6.458796739578247,0.6927994132041931,0.012418074207380414,-188.9177033379674,34.60004127927765,4.0,0.5125868082046509,
1288000,952.1427049636841,-191.83670473098755,28.789254243764447,-0.004996874188887901,8.717475748062133,0.6870384812355042,0.00864677449284743,-188.9177033379674,34.60004127927765,4.0,0.5390365481376648,
1292000,955.034765958786,-190.34161615371704,31.779280771248605,-0.005738144281087543,11.05115327835083,0.6705691933631897,0.0035829676058880986,-188.9177033379674,34.60004127927765,4.0,0.516303300857544,
1296000,957.9301612377167,-193.32026147842407,33.076948364955875,-0.006376640987116833,7.478790044784546,0.6906657040119171,0.0053021709246095835,-188.9177033379674,34.60004127927765,4.0,0.45277910530567167,
1300000,960.8329679965973,-193.77800285816193,39.37421922595508,-0.005456542292066402,10.858235740661621,0.6739563345909119,0.002227000700077042,-188.9177033379674,34.60004127927765,4.0,0.43589713275432584,
1304000,963.7205016613007,-188.85217082500458,34.88842312863675,-0.0057702177250757766,11.703845977783203,0.678455913066864,0.006442877296125538,-188.9177033379674,34.60004127927765,4.0,0.4400627940893173,
1308000,966.601725101471,-188.832270860672,37.1017296284617,-0.008183730247896292,10.480346965789796,0.6886781334877015,0.005559710701772325,-188.9177033379674,34.60004127927765,4.0,0.46528205275535583,
1312000,969.4891481399536,-187.15207505226135,35.90755717981173,-0.005557884176261752,10.419143581390381,0.6839783310890197,0.004633153055328876,-188.9177033379674,34.60004127927765,4.0,0.4657408148050308,
1316000,972.394380569458,-194.67499959468842,29.40494637497408,-0.00755293632748848,6.804225492477417,0.693119490146637,0.0058842413476668295,-188.9177033379674,34.60004127927765,4.0,0.44421752691268923,
1320000,975.2956159114838,-198.95885372161865,38.80671238786164,-0.0057597609376534905,9.13259015083313,0.6431389510631561,0.005251679624120387,-188.9177033379674,34.60004127927765,4.0,0.44299898147583006,
1324000,979.3744354248047,-192.23501110076904,34.43041148057751,-0.004736023733625183,9.031366014480591,0.6363102436065674,0.004495917744003286,-192.9295081049204,33.48609334830754,4.0,0.45422629415988924,
1328000,982.278338432312,-197.92218279838562,30.86071861357256,-0.006096537283311232,9.850835180282592,0.6774821877479553,0.005998173332773149,-192.9295081049204,33.48609334830754,4.0,0.4260385870933533,
1332000,985.1730082035065,-195.93620109558105,33.1062055433861,-0.007069736551803851,6.281903266906738,0.7138319194316864,0.006692834367277101,-192.9295081049204,33.48609334830754,4.0,0.48028766810894014,
1336000,987.9009480476379,-189.1669318675995,27.61855916285098,-0.0064892845595410755,7.570613527297974,0.7350371301174163,0.004366906028163342,-192.9295081049204,33.48609334830754,4.0,0.5008153259754181,
1340000,990.635900259018,-191.12877321243286,31.805596066657756,-0.005389255761168776,8.21033501625061,0.7513263523578644,0.011365421651862561,-192.9295081049204,33.48609334830754,4.0,0.4951824188232422,
1344000,993.4839096069336,-193.2200198173523,38.68647795000085,-0.007694273706215116,9.332207298278808,0.722407478094101,0.00639077890664339,-192.9295081049204,33.48609334830754,4.0,0.4376282274723053,
1348000,996.3831713199615,-187.96923780441284,33.84014714046945,-0.007157749661710078,6.058507347106934,0.7053006291389465,0.005036486667813733,-192.9295081049204,33.48609334830754,4.0,0.4439148396253586,
1352000,999.2923321723938,-191.14806044101715,36.53426953234088,-0.006673892816373516,9.300560426712035,0.7140964150428772,0.004249762370872023,-192.9295081049204,33.48609334830754,4.0,0.4748822718858719,
1356000,1002.1796429157257,-196.01987957954407,34.59679569634635,-0.007118568882190912,6.602263259887695,0.680819833278656,0.005377382424921961,-192.9295081049204,33.48609334830754,4.0,0.4452489048242569,
1360000,1004.8907878398895,-190.80987763404846,36.12909702120285,-0.004403842523577684,8.586317586898804,0.6774976491928101,0.0050864453796918285,-192.9295081049204,33.48609334830754,4.0,0.46078643798828123,
1364000,1008.8218996524811,-191.0415952205658,31.687808199861372,-0.00735889614357923,7.522392988204956,0.6682177662849427,0.004359097263659351,-193.81997637450695,32.28170471605564,4.0,0.494847959280014,
1368000,1011.6731297969818,-184.86353242397308,35.87857449635752,-0.005416930202549963,8.482639074325562,0.6631866097450256,0.006014701091102326,-193.81997637450695,32.28170471605564,4.0,0.4997350424528122,
1372000,1014.5340225696564,-183.22443008422852,30.21448423594447,-0.008359965297393402,6.780507898330688,0.6713364124298096,0.00886675429313133,-193.81997637450695,32.28170471605564,4.0,0.5142943441867829,
1376000,1017.4079792499542,-187.00695514678955,33.22913637587233,-0.006514425294784232,9.233547735214234,0.6970011353492737,0.004955261542636436,-193.81997637450695,32.28170471605564,4.0,0.49711582362651824,
1380000,1020.2796590328217,-190.55277454853058,30.305241401615813,-0.005653007120747744,7.638589191436767,0.7015938699245453,0.00615123471361585,-193.81997637450695,32.28170471605564,4.0,0.47292383909225466,
1384000,1023.1119132041931,-191.5772669315338,33.72482751070479,-0.005968475758214487,8.10317096710205,0.6782829880714416,0.005152582272421569,-193.81997637450695,32.28170471605564,4.0,0.5232859671115875,
1388000,1025.8298709392548,-183.34910488128662,30.861919991180383,-0.007558921557695886,6.53337254524231,0.6796929121017456,0.007931795598473457,-193.81997637450695,32.28170471605564,4.0,0.5141778707504272,
1392000,1028.6595933437347,-191.318425655365,30.031239461980277,-0.008081838161684552,5.275480031967163,0.6769234478473664,0.005564217817271133,-193.81997637450695,32.28170471605564,4.0,0.5265634953975677,
1396000,1031.4709434509277,-193.91782867908478,33.985971365941495,-0.0046166803526381806,9.491068935394287,0.6946913301944733,0.005555724399164319,-193.81997637450695,32.28170471605564,4.0,0.4882242649793625,
1400000,1034.1392035484314,-189.27328062057495,30.98569782487425,-0.00555435376490152,8.581214809417725,0.6187599122524261,0.008370332662326608,-193.81997637450695,32.28170471605564,4.0,0.5310527682304382,
1404000,1038.1412930488586,-187.71363615989685,28.609579927510282,-0.007601950944090952,6.534911346435547,0.6418411016464234,0.005936155396373577,-191.16961129754782,30.26353702451688,4.0,0.5046947479248047,
1408000,1041.0201506614685,-190.08571124076843,34.7251260359736,-0.0062698547907639405,7.469229459762573,0.6755296647548675,0.004245219400036149,-191.16961129754782,30.26353702451688,4.0,0.5102890253067016,
1412000,1043.8940238952637,-198.8902711868286,40.72316468899498,-0.004192676346749025,15.669838237762452,0.7615618407726288,0.004726777294495466,-191.16961129754782,30.26353702451688,4.0,0.43636023700237275,
1416000,1046.7597274780273,-193.21687197685242,37.90023429237983,-0.006099421153465912,11.115144348144531,0.6641105949878693,0.005193465747288429,-191.16961129754782,30.26353702451688,4.0,0.45353243947029115,
1420000,1049.589714050293,-190.9846352338791,34.13017133581965,-0.009468177343718765,7.003771257400513,0.6940093398094177,0.009032825226313435,-191.16961129754782,30.26353702451688,4.0,0.40888153612613676,
1424000,1052.4624190330505,-191.6838105916977,33.01877449098996,-0.006346699775895104,6.980717372894287,0.6658393919467926,0.0052673807233416525,-191.16961129754782,30.26353702451688,4.0,0.44285728931427004,
1428000,1055.3413925170898,-192.2238861322403,31.313633602394628,-0.005808423407375818,8.301281595230103,0.6725583910942078,0.005366869681893149,-191.16961129754782,30.26353702451688,4.0,0.39250350296497344,
1432000,1058.2214744091034,-192.87931609153748,29.59120299887078,-0.006992163174164822,7.932152843475341,0.6518095374107361,0.00392815268070752,-191.16961129754782,30.26353702451688,4.0,0.46665855646133425,
1436000,1061.0913503170013,-192.21995866298676,34.10337316708085,-0.004586005416543593,11.255768203735352,0.6107001602649689,0.007953445287421345,-191.16961129754782,30.26353702451688,4.0,0.4459860235452652,
1440000,1064.0084190368652,-197.43557167053223,34.326872667073346,-0.00501527469838039,10.76193609237671,0.6182063400745392,0.008330502128694305,-191.16961129754782,30.26353702451688,4.0,0.4082020342350006,
1444000,1068.0338912010193,-196.44743156433105,33.15954982012708,-0.004733036355037879,8.671535348892212,0.6252221763134003,0.004907213966362178,-197.04152723401785,41.42771381043589,4.0,0.4515450119972229,
1448000,1070.9243535995483,-189.97248208522797,35.16750101889832,-0.0066179597543863265,8.10863299369812,0.6029294610023499,0.005542343366347879,-197.04152723401785,41.42771381043589,4.0,0.40813582241535185,
1452000,1073.8165686130524,-196.87031745910645,38.78541606210834,-0.005423677527423326,12.04730577468872,0.6272992312908172,0.008090379135683178,-197.04152723401785,41.42771381043589,4.0,0.44399990439414977,
1456000,1076.717181444168,-193.73691940307617,30.765445432239435,-0.007077976895961946,5.813085842132568,0.6317525088787079,0.004635335672142293,-197.04152723401785,41.42771381043589,4.0,0.426757749915123,
1460000,1079.6139996051788,-197.017609000206,37.32832738705904,-0.006158415828210551,8.49120807647705,0.616501796245575,0.005836117174476385,-197.04152723401785,41.42771381043589,4.0,0.44042772650718687,
1464000,1082.524561882019,-188.39518880844116,34.20955523744044,-0.005474113768199373,8.881849908828736,0.6370174527168274,0.009495253534987569,-197.04152723401785,41.42771381043589,4.0,0.4620138108730316,
1468000,1085.4014019966125,-190.66299295425415,30.07914149396442,-0.0064631790976661385,5.04261543750763,0.6467098414897918,0.005858196935150772,-197.04152723401785,41.42771381043589,4.0,0.4105681240558624,
1472000,1088.312997341156,-192.34530913829803,42.18991596342013,-0.005091584966129936,14.221456718444824,0.6041581392288208,0.005323221859725891,-197.04152723401785,41.42771381043589,4.0,0.47064881920814516,
1476000,1091.1597673892975,-184.5615940093994,31.76439066770833,-0.006591168073626852,7.580430889129639,0.5793833076953888,0.005759464469156228,-197.04152723401785,41.42771381043589,4.0,0.43655356764793396,
1480000,1094.0249514579773,-195.4858546257019,31.48003927481236,-0.007112002088377878,11.221769618988038,0.595132303237915,0.005342686388758011,-197.04152723401785,41.42771381043589,4.0,0.4507036417722702,
1484000,1098.1167483329773,-185.6540825366974,32.44981915515238,-0.006048009711938596,7.824505615234375,0.6256787300109863,0.003162821250133385,-197.63192684948444,36.18992718289928,4.0,0.45449502766132355,
1488000,1101.0251212120056,-191.4811499118805,31.245709067169575,-0.007136285513639429,9.378490829467774,0.5883078336715698,0.003345719772701461,-197.63192684948444,36.18992718289928,4.0,0.44898354411125185,
1492000,1103.907727241516,-193.71144235134125,32.71090572978825,-0.00606901091802865,9.109753036499024,0.5727503180503846,0.008570207614994918,-197.63192684948444,36.18992718289928,4.0,0.40830193758010863,
1496000,1106.7814950942993,-191.2367035150528,28.2092480715296,-0.006261045880150107,5.306856775283814,0.5453412532806396,0.006040421316012168,-197.63192684948444,36.18992718289928,4.0,0.4397176504135132,
1500000,1109.6620998382568,-190.41018223762512,31.836550215277402,-0.005785620315310857,8.902022314071655,0.508144074678421,0.00781806750347216,-197.63192684948444,36.18992718289928,4.0,0.4510021865367889,
1504000,1112.573353767395,-194.06872034072876,32.109483836782736,-0.005815503055695359,5.44116735458374,0.5342627823352813,0.003138720067644818,-197.63192684948444,36.18992718289928,4.0,0.4326022773981094,
1508000,1115.447928905487,-186.6760207414627,38.24925408805112,-0.003667956432870945,10.857740116119384,0.5062992811203003,0.004315607178024994,-197.63192684948444,36.18992718289928,4.0,0.4456658810377121,
1512000,1118.3339550495148,-188.87067222595215,35.04198180223922,-0.0055494707242274895,10.821728038787843,0.5330143451690674,0.0031769765407467787,-197.63192684948444,36.18992718289928,4.0,0.47273651957511903,
1516000,1121.2251813411713,-185.16904187202454,29.582068755132358,-0.007526174194800372,8.509530639648437,0.5041117191314697,0.005588648362240445,-197.63192684948444,36.18992718289928,4.0,0.4632365792989731,
1520000,1124.1228775978088,-188.24932301044464,37.13570829697544,-0.006183621029369491,9.011545658111572,0.5392880082130432,0.00851964286994189,-197.63192684948444,36.18992718289928,4.0,0.45686775743961333,
1524000,1128.1503038406372,-193.29645371437073,29.317333779973243,-0.006746335936399816,6.819057893753052,0.5299571931362153,0.005855974496807903,-196.78890699148178,36.914974905553755,4.0,0.429691743850708,
1528000,1131.0025751590729,-187.82059001922607,33.57979953002531,-0.006507915323716596,6.449327421188355,0.5615928471088409,0.006810147070791572,-196.78890699148178,36.914974905553755,4.0,0.4203069657087326,
1532000,1133.8850135803223,-178.29821586608887,30.61874554444112,-0.006536557293031375,7.1520599842071535,0.5506091833114624,0.004682678119424966,-196.78890699148178,36.914974905553755,4.0,0.46832120716571807,
1536000,1136.7627148628235,-192.5282564163208,34.211060226498354,-0.005189358513181297,12.502755641937256,0.5896030187606811,0.006686030297384881,-196.78890699148178,36.914974905553755,4.0,0.4253930151462555,
1540000,1139.6421735286713,-197.6823205947876,32.22941587790375,-0.0062098908337453905,10.31981840133667,0.5658311724662781,0.008340563065217221,-196.78890699148178,36.914974905553755,4.0,0.44082330763339994,
1544000,1142.5398035049438,-189.64700090885162,36.56093154161683,-0.006238895196157212,9.174678707122803,0.6023401319980621,0.007164861529367172,-196.78890699148178,36.914974905553755,4.0,0.4672378093004227,
1548000,1145.4182844161987,-191.99163675308228,37.88774612316747,-0.006754155181193111,9.610520076751708,0.6052503108978271,0.011094903619959951,-196.78890699148178,36.914974905553755,4.0,0.4426266521215439,
1552000,1148.304899930954,-182.181028008461,29.415701457463843,-0.00636677588460346,5.671882438659668,0.5812249779701233,0.0035263298705103807,-196.78890699148178,36.914974905553755,4.0,0.46999500393867494,
1556000,1151.1782019138336,-196.70321011543274,36.73614768994251,-0.004238043913307265,11.3789532661438,0.5682685554027558,0.006234731443691998,-196.78890699148178,36.914974905553755,4.0,0.4391154795885086,
1560000,1154.0563871860504,-180.89134418964386,34.163602225940835,-0.004647109994664778,7.905362701416015,0.6382197320461274,0.005425443392635021,-196.78890699148178,36.914974905553755,4.0,0.3702497899532318,
1564000,1158.1044557094574,-199.56436264514923,31.84872577125507,-0.008509805121148628,5.706328248977661,0.6276922047138214,0.01012247817707248,-194.32516773045063,39.152851557848415,4.0,0.4145506680011749,
1568000,1161.0069553852081,-198.44311702251434,32.95223567315796,-0.007769268315440669,6.9063973903656,0.6554092764854431,0.0112215576460585,-194.32516773045063,39.152851557848415,4.0,0.45082666873931887,
1572000,1163.9207048416138,-199.83698225021362,27.450843359104457,-0.005973411535844164,6.791419410705567,0.679227614402771,0.004383031005272642,-194.32516773045063,39.152851557848415,4.0,0.36569292545318605,
1576000,1166.7693576812744,-192.75656235218048,38.925375365022404,-0.006138781414056815,8.972762107849121,0.6747807502746582,0.007748984650243073,-194.32516773045063,39.152851557848415,4.0,0.38436045348644254,
1580000,1169.6420199871063,-191.84398913383484,33.80249378069911,-0.0031798596807445013,8.697889184951782,0.6227411091327667,0.007439289672765881,-194.32516773045063,39.152851557848415,4.0,0.4059451311826706,
1584000,1172.5207698345184,-192.59368324279785,31.648711476800756,-0.006881939204254506,8.341140604019165,0.6542757630348206,0.015678838078553525,-194.32516773045063,39.152851557848415,4.0,0.4161411881446838,
1588000,1175.4029874801636,-183.18856000900269,34.11370294244756,-0.0059644506626451935,8.660928916931152,0.574636948108673,0.006849511073921022,-194.32516773045063,39.152851557848415,4.0,0.46831764876842497,
1592000,1178.278762102127,-198.5956585407257,33.28465222276871,-0.008360166676342474,9.49204592704773,0.5952522337436676,0.010430690787887808,-194.32516773045063,39.152851557848415,4.0,0.4586972028017044,
1596000,1181.1320724487305,-183.5785413980484,35.5842676180515,-0.006324374017150447,6.62086853981018,0.5929211676120758,0.008337990859213029,-194.32516773045063,39.152851557848415,4.0,0.4939609616994858,
1600000,1184.000049829483,-193.76652026176453,37.77589464131959,-0.009327774303344416,7.594895839691162,0.6470180034637452,0.010607096033326036,-194.32516773045063,39.152851557848415,4.0,0.46355798542499543,
1604000,1188.0848596096039,-201.46292448043823,36.994899584297386,-0.00561022483929996,9.057957124710082,0.7001525044441224,0.002726896590863781,-196.77103290706873,35.27699377474709,4.0,0.43189592361450196,
1608000,1190.9852600097656,-193.71147084236145,34.14911708067427,-0.006595398024811061,8.409771633148193,0.7013622760772705,0.006159414411056785,-196.77103290706873,35.27699377474709,4.0,0.4360386490821838,
1612000,1193.867996931076,-184.30111467838287,31.471241786347285,-0.006231171303428695,7.6423064231872555,0.7385366201400757,0.010668041973995668,-196.77103290706873,35.27699377474709,4.0,0.45109444856643677,
1616000,1196.7535965442657,-188.09618413448334,31.092948320472924,-0.008832293503296817,6.498582935333252,0.7768007755279541,0.006532706074882322,-196.77103290706873,35.27699377474709,4.0,0.4391417741775513,
1620000,1199.6945140361786,-182.35971915721893,31.131519239518965,-0.005334323932571916,11.802155208587646,0.746357899904251,0.004547030047979206,-196.77103290706873,35.27699377474709,4.0,0.47749984860420225,
1624000,1202.5863072872162,-196.76973915100098,32.416615767461785,-0.006717623858867761,12.546692180633546,0.8112079679965973,0.009495013928972184,-196.77103290706873,35.27699377474709,4.0,0.38961048424243927,
1628000,1205.4738674163818,-186.04190170764923,33.9847162224877,-0.005927713135412604,7.133022689819336,0.8370416104793549,0.00597516680136323,-196.77103290706873,35.27699377474709,4.0,0.4263322502374649,
1632000,1208.314885854721,-197.00358843803406,32.92294279523772,-0.005438054518386082,7.745435953140259,0.8436723351478577,0.0038220348250433745,-196.77103290706873,35.27699377474709,4.0,0.3514286905527115,
1636000,1211.1980860233307,-197.13871335983276,27.34802548524583,-0.005320277984098798,7.6665239334106445,0.8505565226078033,0.007658002129755914,-196.77103290706873,35.27699377474709,4.0,0.3783687323331833,
1640000,1214.0727889537811,-200.57427501678467,34.487577556159906,-0.005522759154128476,9.410936498641968,0.8638072669506073,0.005557278287597001,-196.77103290706873,35.27699377474709,4.0,0.32054258286952975,
1644000,1218.154335975647,-196.68572545051575,31.911484507877073,-0.006330212007742375,8.4014808177948,0.9017506003379822,0.00751344470656477,-197.33116514980793,30.305055196185307,4.0,0.31149483025074004,
1648000,1220.9774277210236,-192.68396127223969,38.05048567075489,-0.005299233937403169,11.939109325408936,0.7981328964233398,0.005948643908447915,-197.33116514980793,30.305055196185307,4.0,0.42250191867351533,
1652000,1223.855388879776,-192.21306824684143,35.02735465874822,-0.005613331705021452,11.739707374572754,0.7991463899612427,0.004267505693132989,-197.33116514980793,30.305055196185307,4.0,0.37586683630943296,
1656000,1226.7210381031036,-200.59926009178162,35.08486386951188,-0.007422453098309578,7.259508228302002,0.7984186112880707,0.0063031424360815436,-197.33116514980793,30.305055196185307,4.0,0.358057302236557,
1660000,1229.6162416934967,-206.18890142440796,39.448488110576776,-0.006835174421935086,10.30186595916748,0.8390063166618347,0.0061325867020059375,-197.33116514980793,30.305055196185307,4.0,0.3696462392807007,
1664000,1232.4939758777618,-196.00696098804474,32.138518551212854,-0.006766015807942782,8.437735080718994,0.8278748631477356,0.008729626191779971,-197.33116514980793,30.305055196185307,4.0,0.36120647490024566,
1668000,1235.3743703365326,-193.39804577827454,35.9807906672294,-0.007154199813182149,10.06028709411621,0.8277983903884888,0.0042220763891236855,-197.33116514980793,30.305055196185307,4.0,0.41281204521656034,
1672000,1238.2730078697205,-197.36330139636993,32.47252384465658,-0.007953149712799723,8.013370752334595,0.8268380284309387,0.006533845324069265,-197.33116514980793,30.305055196185307,4.0,0.36612028777599337,
1676000,1241.1214435100555,-196.13039779663086,32.297164941104754,-0.006178696709685028,8.431583595275878,0.761943656206131,0.005217670567799359,-197.33116514980793,30.305055196185307,4.0,0.39250312745571136,
1680000,1243.9718387126923,-188.29082703590393,34.784427805171255,-0.0076762965602489965,7.974711465835571,0.697640186548233,0.010340288426959887,-197.33116514980793,30.305055196185307,4.0,0.4394109517335892,
1684000,1247.9323000907898,-197.63996410369873,32.61338381607303,-0.005066517501448509,10.941129589080811,0.7560579061508179,0.005316865345696087,-198.54680382460356,30.599800283047472,4.0,0.4059745520353317,
1688000,1250.8093874454498,-196.43969476222992,37.62976684186826,-0.0035123308838810987,15.459752082824707,0.8022019922733307,0.0020755867026358565,-198.54680382460356,30.599800283047472,4.0,0.38765476942062377,
1692000,1253.7079272270203,-196.86735880374908,36.472175128511225,-0.00754536615234489,10.310401821136475,0.7745293319225312,0.004170300316764042,-198.54680382460356,30.599800283047472,4.0,0.3577492505311966,
1696000,1256.5066802501678,-195.85566234588623,38.00128141513737,-0.005499346504764002,13.306761550903321,0.729732072353363,0.0101705141773758,-198.54680382460356,30.599800283047472,4.0,0.39393179714679716,
1700000,1259.3939716815948,-194.19332790374756,34.65881582900895,-0.007522480744247417,8.342123317718507,0.6963357031345367,0.0113022371660918,-198.54680382460356,30.599800283047472,4.0,0.39494938850402833,
1704000,1262.2464735507965,-200.53984689712524,32.67961426547836,-0.009152866253939785,10.07627820968628,0.7025196492671967,0.009155859930130373,-198.54680382460356,30.599800283047472,4.0,0.3933257609605789,
1708000,1265.1488871574402,-195.13360214233398,39.28997070620811,-0.004527024996622153,10.193661785125732,0.7453534126281738,0.004924520032092339,-198.54680382460356,30.599800283047472,4.0,0.3770757645368576,
1712000,1268.025490283966,-204.4018371105194,36.89879128743249,-0.004971735434917068,8.672123146057128,0.7463126242160797,0.008807645434203249,-198.54680382460356,30.599800283047472,4.0,0.3690748780965805,
1716000,1270.907411813736,-192.91008341312408,40.058737617035696,-0.003695706460935355,15.964661026000977,0.7264666616916656,0.0036059483263695125,-198.54680382460356,30.599800283047472,4.0,0.3388379454612732,
1720000,1273.7939057350159,-199.75325345993042,37.74567592795736,-0.007377211557390595,9.505073595046998,0.6964608907699585,0.010408038087189198,-198.54680382460356,30.599800283047472,4.0,0.381820809841156,
1724000,1277.8211724758148,-193.7845973968506,30.09584852606535,-0.005139566102065141,8.873307228088379,0.6748614311218262,0.01099871932497869,-199.02410893142223,41.36228502620602,4.0,0.39671257734298704,
1728000,1280.696893453598,-191.55392062664032,33.69838960569544,-0.00494703904337559,8.016337871551514,0.6649257719516755,0.007059383007309711,-199.02410893142223,41.36228502620602,4.0,0.3648596674203873,
1732000,1283.597241640091,-194.2630751132965,34.12875509152716,-0.004151490141482306,10.712575531005859,0.6454406619071961,0.005266706160192092,-199.02410893142223,41.36228502620602,4.0,0.35851051807403567,
1736000,1286.4721539020538,-198.13695240020752,30.618241338149684,-0.004410203610546759,9.686119937896729,0.6845148384571076,0.0056497306265325346,-199.02410893142223,41.36228502620602,4.0,0.3598088711500168,
1740000,1289.3545320034027,-199.7617483139038,45.77469433165775,-0.005514880602015193,9.822428512573243,0.7557252883911133,0.001386303044351145,-199.02410893142223,41.36228502620602,4.0,0.3497778296470642,
1744000,1292.2287046909332,-190.7293266057968,30.238641292587367,-0.00682382463803517,6.413183927536011,0.7321841001510621,0.005000191919680219,-199.02410893142223,41.36228502620602,4.0,0.40666734278202055,
1748000,1295.1100854873657,-193.56206226348877,30.327713333296412,-0.0073011700830732775,6.017326736450196,0.7753793597221375,0.006665306910872459,-199.02410893142223,41.36228502620602,4.0,0.37825733721256255,
1752000,1297.9812095165253,-190.82864809036255,30.86057145789242,-0.006823031747558472,6.845226192474366,0.709396916627884,0.008691172651015221,-199.02410893142223,41.36228502620602,4.0,0.3741877764463425,
1756000,1300.8555421829224,-198.10554313659668,37.70547581746978,0.00019200765170772626,9.22046594619751,0.7840050160884857,0.018801947902888118,-199.02410893142223,41.36228502620602,4.0,0.3395122855901718,
1760000,1303.7507679462433,-192.48242223262787,34.19635866780688,-0.006576235008425968,8.297111558914185,0.7675014019012452,0.00458105884026736,-199.02410893142223,41.36228502620602,4.0,0.34099105596542356,
1764000,1307.7722570896149,-187.59194552898407,38.009618481856,-0.008870701641154787,7.840558004379273,0.7365127384662629,0.009406740177655592,-188.565655246377,34.13795021935401,4.0,0.37998284995555875,
1768000,1310.4731087684631,-195.69952726364136,38.27133926081702,-0.006002355333883358,10.017858600616455,0.8278427243232727,0.0052676920779049395,-188.565655246377,34.13795021935401,4.0,0.3577726662158966,
1772000,1313.1692187786102,-194.6700131893158,25.624326964342945,-0.006303288473902935,11.047310256958008,0.848817503452301,0.003854597662575543,-188.565655246377,34.13795021935401,4.0,0.3481337159872055,
1776000,1315.8926107883453,-195.75866031646729,40.27751583374695,-0.004900260885595387,11.88094882965088,0.7794726133346558,0.004749825681210495,-188.565655246377,34.13795021935401,4.0,0.3586951345205307,
1780000,1318.7711017131805,-184.5905660390854,31.865998311378117,-0.008975709353263195,5.539742374420166,0.7425637543201447,0.006567778496537358,-188.565655246377,34.13795021935401,4.0,0.3618257373571396,
1784000,1321.6698133945465,-193.56823062896729,39.995438838710776,-0.006172066268045451,9.251905155181884,0.7373665571212769,0.0055716084629239045,-188.565655246377,34.13795021935401,4.0,0.37176882922649385,
1788000,1324.5750386714935,-194.555837392807,33.96565196359066,-0.006100558216217911,8.382904291152954,0.7380711436271667,0.0027178034739336,-188.565655246377,34.13795021935401,4.0,0.39956678450107574,
1792000,1327.4496521949768,-198.51044607162476,35.39887963059198,-0.006316838371567357,10.441656875610352,0.7905695974826813,0.005755381379276514,-188.565655246377,34.13795021935401,4.0,0.33932243287563324,
1796000,1330.328206062317,-197.85127139091492,36.64577594223682,-0.0075812945525783,9.636571550369263,0.7767754435539246,0.006835756706306739,-188.565655246377,34.13795021935401,4.0,0.33420519828796386,
1800000,1333.20077586174,-193.4823431968689,32.89592720608402,-0.007706784727827998,5.78322434425354,0.7948844492435455,0.009361317771331734,-188.565655246377,34.13795021935401,4.0,0.3734846770763397,
1804000,1337.2352561950684,-196.6125316619873,29.28723354165826,-0.006667020417749825,9.042266798019408,0.7624072909355164,0.006802784226136271,-192.7103181630373,36.782068479701294,4.0,0.37132511734962464,
1808000,1340.1088292598724,-199.24581909179688,30.146882174070907,-0.00837287434780345,7.5586268424987795,0.786428427696228,0.005314938779338263,-192.7103181630373,36.782068479701294,4.0,0.3461042374372482,
1812000,1342.9943311214447,-195.569641828537,27.385073460070387,-0.008033792182182253,6.121783494949341,0.8132265985012055,0.008051155827473799,-192.7103181630373,36.782068479701294,4.0,0.3078493118286133,
1816000,1345.9120700359344,-201.03130555152893,30.45526693401002,-0.007337019454843052,7.4778729438781735,0.7970037698745728,0.011758415095740929,-192.7103181630373,36.782068479701294,4.0,0.34662278592586515,
1820000,1348.7897148132324,-196.61777639389038,29.815569258740865,-0.009622268838187065,6.111236619949341,0.7803999364376069,0.009007264289539307,-192.7103181630373,36.782068479701294,4.0,0.37944205701351164,
1824000,1351.6646208763123,-199.78028297424316,42.30570597780196,-0.00518768046586775,13.27826910018921,0.7889325439929962,0.002380597285809927,-192.7103181630373,36.782068479701294,4.0,0.33132304251194,
1828000,1354.546320438385,-199.61362767219543,30.29445308968213,-0.008408150130572434,7.494952583312989,0.7865406632423401,0.006364555121399463,-192.7103181630373,36.782068479701294,4.0,0.3483605057001114,
1832000,1357.4128873348236,-192.81933641433716,32.50513802569472,-0.007137083893797058,8.362611007690429,0.807452130317688,0.008881198870949448,-192.7103181630373,36.782068479701294,4.0,0.3604006558656693,
1836000,1360.2933235168457,-192.93111658096313,28.288998346993818,-0.007167247561272206,7.656885099411011,0.7964680254459381,0.007888132316293196,-192.7103181630373,36.782068479701294,4.0,0.3536872178316116,
1840000,1363.1638062000275,-191.67448496818542,30.145591387979557,-0.007095649855987496,5.859973192214966,0.7982844769954681,0.005347127094864845,-192.7103181630373,36.782068479701294,4.0,0.35338419675827026,
1844000,1367.2098762989044,-196.34201431274414,33.526177004561944,-0.0061758572920226126,10.896036434173585,0.7440235257148743,0.007037950123737868,-194.37491597235203,31.142698314056116,4.0,0.3473943442106247,
1848000,1370.0908901691437,-197.08026885986328,31.699435846907434,-0.006278927081031682,6.9959104537963865,0.7243305325508118,0.004325608848749352,-194.37491597235203,31.142698314056116,4.0,0.3664818167686462,
1852000,1372.960705280304,-200.42109441757202,31.710797902830592,-0.005880568311937795,8.687035179138183,0.7496563136577606,0.0047261194995371625,-194.37491597235203,31.142698314056116,4.0,0.32213241159915923,
1856000,1375.8263731002808,-191.9308224916458,28.75284382365218,-0.006307323493994765,8.69815173149109,0.7679400563240051,0.005412269242515322,-194.37491597235203,31.142698314056116,4.0,0.3251884937286377,
1860000,1378.6995272636414,-188.95510017871857,32.619324726840425,-0.008689577904064194,6.753028202056885,0.7305361807346344,0.006104803902252298,-194.37491597235203,31.142698314056116,4.0,0.3391872614622116,
1864000,1381.572011232376,-197.29387485980988,40.24339787737972,-0.006437446496294186,8.446588134765625,0.7737105786800385,0.007339114677549041,-194.37491597235203,31.142698314056116,4.0,0.32226738035678865,
1868000,1384.4429965019226,-191.16550838947296,31.336298879253967,-0.007369591621061211,8.668078994750976,0.8027588129043579,0.007391609072413629,-194.37491597235203,31.142698314056116,4.0,0.3532642096281052,
1872000,1387.3207664489746,-192.023118019104,27.29359845833229,-0.0066404645590422366,7.944047689437866,0.8024659574031829,0.005603383817904012,-194.37491597235203,31.142698314056116,4.0,0.31401084661483764,
1876000,1390.1764125823975,-191.02745044231415,33.52331837034619,-0.00528843720583243,10.186692333221435,0.7689624488353729,0.008173738652840257,-194.37491597235203,31.142698314056116,4.0,0.3714911937713623,
1880000,1393.051387310028,-191.73144483566284,32.31683320942816,-0.006071809884626411,9.678343677520752,0.7182390809059143,0.01130122066040835,-194.37491597235203,31.142698314056116,4.0,0.3633480131626129,
1884000,1396.9963705539703,-190.8841518163681,32.81282151869041,-0.007828923518924747,5.413313961029052,0.7261722028255463,0.006544746947474778,-186.65352569520473,33.880880941226295,4.0,0.3876208871603012,
1888000,1399.699101448059,-191.74067902565002,30.725983789399237,-0.009668066159045807,5.214571332931518,0.7246922552585602,0.008171890762945111,-186.65352569520473,33.880880941226295,4.0,0.39718045890331266,
1892000,1402.3982079029083,-187.9914504289627,33.67112490525029,-0.006871663217898494,7.612993812561035,0.7175711452960968,0.004506798231159337,-186.65352569520473,33.880880941226295,4.0,0.3569614440202713,
1896000,1405.102516412735,-187.013237118721,32.951925381954695,-0.007193234151384486,9.54047679901123,0.6970276534557343,0.008527272148057818,-186.65352569520473,33.880880941226295,4.0,0.36345907151699064,
1900000,1407.8069243431091,-191.65992212295532,32.46492157425351,-0.0073482062801097925,6.94499454498291,0.7386437237262726,0.004010753781767562,-186.65352569520473,33.880880941226295,4.0,0.37296718955039976,
1904000,1410.662513256073,-193.8601837158203,36.820888001572534,-0.006733690562658001,8.466745376586914,0.7408154249191284,0.004523003326961772,-186.65352569520473,33.880880941226295,4.0,0.35787237286567686,
1908000,1413.529695034027,-186.4884204864502,35.44413313427449,-0.004446895604671841,10.050230503082275,0.676986575126648,0.006927827722392976,-186.65352569520473,33.880880941226295,4.0,0.3850919932126999,
1912000,1416.436184644699,-190.53519082069397,29.32573555725839,-0.007455319441544516,8.156443405151368,0.7146697878837586,0.008456450549419969,-186.65352569520473,33.880880941226295,4.0,0.3694879859685898,
1916000,1419.322273492813,-190.0927164554596,34.173850985865236,-0.008152484076718558,7.4110266208648685,0.7519087016582489,0.004950144659960643,-186.65352569520473,33.880880941226295,4.0,0.32416137158870695,
1920000,1422.1934294700623,-194.03347861766815,34.80841368620448,-0.005494723854431172,13.361299991607666,0.7520202815532684,0.004384622687939555,-186.65352569520473,33.880880941226295,4.0,0.3461301028728485,
1924000,1426.218998670578,-195.39783263206482,35.92563134510804,-0.009065835366646447,8.725215721130372,0.7028583884239197,0.006527190351548385,-193.54371086508036,32.420576567001426,4.0,0.3757400423288345,
1928000,1429.0925045013428,-191.3347294330597,33.66892464125062,-0.006605246573065671,8.356086492538452,0.6922859787940979,0.005002077588811549,-193.54371086508036,32.420576567001426,4.0,0.3852991372346878,
1932000,1431.951982498169,-190.36817502975464,32.091516511475696,-0.00858795458652697,8.298291683197021,0.6804258823394775,0.00568002755753696,-193.54371086508036,32.420576567001426,4.0,0.36661659777164457,
1936000,1434.8540980815887,-189.08312034606934,26.741485744270864,-0.009578835145259746,7.241251516342163,0.653736162185669,0.012823242601007223,-193.54371086508036,32.420576567001426,4.0,0.3607970714569092,
1940000,1437.7529406547546,-191.48867523670197,30.381852862568774,-0.006593971319807057,7.5871193408966064,0.7049304068088531,0.005327102256705985,-193.54371086508036,32.420576567001426,4.0,0.30098065733909607,
1944000,1440.703910112381,-193.74456870555878,37.60128276179132,-0.00676311910695695,10.027657890319825,0.6407159090042114,0.0053776417549670445,-193.54371086508036,32.420576567001426,4.0,0.3671339750289917,
1948000,1443.5914483070374,-191.1996819972992,33.136090110619,-0.00596557612592985,5.3943461894989015,0.6818077325820923,0.02192233146199336,-193.54371086508036,32.420576567001426,4.0,0.306318798661232,
1952000,1446.4652371406555,-205.2493929862976,34.39030195213403,-0.007868525826527417,7.990288400650025,0.6631786942481994,0.005371210354496725,-193.54371086508036,32.420576567001426,4.0,0.3679278075695038,
1956000,1449.3048548698425,-192.99463534355164,27.30536389692053,-0.007858225424774013,7.112175369262696,0.7035735011100769,0.009420168702490628,-193.54371086508036,32.420576567001426,4.0,0.3589997529983521,
1960000,1452.0157301425934,-196.3992042541504,29.9815488747999,-0.0077429155753925725,7.664742517471313,0.6428226292133331,0.006172734476625941,-193.54371086508036,32.420576567001426,4.0,0.3856984287500381,
1964000,1455.9716119766235,-190.50122141838074,30.216085780625743,-0.006898388641808672,7.431790971755982,0.6714445352554321,0.005566569618725531,-194.20218171179295,34.45637956037834,4.0,0.35876639783382414,
1968000,1458.811838388443,-191.38855171203613,27.649476974297,-0.0074715183737376735,7.727596616744995,0.6619576156139374,0.007274998409363143,-194.20218171179295,34.45637956037834,4.0,0.347766637802124,
1972000,1461.7039091587067,-190.0150167942047,32.83381950330709,-0.00565781599453965,10.763058757781982,0.6853002667427063,0.005540349825906255,-194.20218171179295,34.45637956037834,4.0,0.3364734351634979,
1976000,1464.5911626815796,-193.1543538570404,29.65435291826057,-0.0069355669085245705,7.881040906906128,0.6761939942836761,0.010136587502434846,-194.20218171179295,34.45637956037834,4.0,0.3770940214395523,
1980000,1467.4794402122498,-189.27306234836578,32.12628943039753,-0.006371918561402623,10.626325035095215,0.6758494734764099,0.006546387849065205,-194.20218171179295,34.45637956037834,4.0,0.3599467039108276,
1984000,1470.3660941123962,-177.84324491024017,33.726165576361424,-0.010298469389788779,6.800539636611939,0.6567952811717988,0.010826288885436953,-194.20218171179295,34.45637956037834,4.0,0.39925082921981814,
1988000,1473.2566545009613,-189.00997829437256,31.39146725496241,-0.009276266797756172,9.34526767730713,0.7134284853935242,0.010461433982166169,-194.20218171179295,34.45637956037834,4.0,0.3363118201494217,
1992000,1476.0807857513428,-189.07448863983154,27.697540246548332,-0.007896250067899669,7.257243680953979,0.7242133140563964,0.00705845812917687,-194.20218171179295,34.45637956037834,4.0,0.3620533913373947,
1996000,1478.8109350204468,-183.84182178974152,27.671267621981936,-0.008870995247581347,5.2872124195098875,0.7449829638004303,0.00749252563691698,-194.20218171179295,34.45637956037834,4.0,0.3256074786186218,
2000000,1481.5509996414185,-199.71273601055145,32.77359872636939,-0.004786998340859938,9.323982334136963,0.7355332136154175,0.006489166675601154,-194.20218171179295,34.45637956037834,4.0,0.3233542203903198,
