global_step,wall_time_s,ep_return_mean,ep_return_std,policy_loss,value_loss,entropy,approx_kl,eval_return_mean,eval_return_std,mean_k,attn_entropy,lagrange_lambda
4000,3.4203975200653076,-230.64601707458496,47.34131379356663,-0.00028664729084653117,183.72966461181642,1.5966462969779969,0.00032782906491775067,,,,1.5817116022109985,
8000,6.302206754684448,-209.9675407409668,35.071224255317645,-0.0008501816410863228,156.66473541259765,1.5935768127441405,4.648538628952981e-05,,,,1.591577911376953,
12000,9.052170276641846,-223.0352771282196,40.48280958338827,-0.0005103359254903239,170.54908905029296,1.5778862714767456,0.00022339709459144873,,,,1.5872592091560365,
16000,11.762969732284546,-210.58864951133728,41.553195748830845,-0.0005932483407377731,93.8721076965332,1.5751792430877685,2.4835269257783566e-12,,,,1.595346987247467,
20000,14.4835786819458,-209.24315476417542,36.127671357847504,-0.0008309419229433068,70.76779670715332,1.5794626116752624,2.2351742678949905e-11,,,,1.589240300655365,
24000,17.182631492614746,-223.13715541362762,44.53345091236788,-0.0009734148046263158,76.0763427734375,1.5762116193771363,0.0014417420510823508,,,,1.5894999861717225,
28000,20.0783429145813,-217.84876263141632,35.79880638474858,-0.001109510572762984,80.89203643798828,1.5755786061286927,0.0006089470392907969,,,,1.5830465316772462,
32000,22.970298767089844,-210.59244346618652,34.754695148144854,-0.001179967948744931,75.65942840576172,1.5488787293434143,8.682142688485329e-05,,,,1.5935108065605164,
36000,25.82922887802124,-214.74129962921143,36.460977612653146,-0.0009516704344714633,78.56354904174805,1.5558110475540161,0.00017704287499267223,,,,1.5954856872558594,
40000,28.686036586761475,-210.75044298171997,37.5418595719249,-0.0014412272668948068,72.01588134765625,1.5510859370231629,0.00036447154753598834,,,,1.5921527028083802,
44000,32.900083780288696,-207.39614725112915,38.74718902476528,-0.0015913355297234588,67.47568893432617,1.556090199947357,0.00026806264652350363,-240.0964111238718,44.05706217299498,,1.5958222031593323,
48000,35.74283409118652,-222.05935668945312,42.87308028963398,-0.0012196945519050927,68.41628608703613,1.5336671471595764,0.00034271433235213424,-240.0964111238718,44.05706217299498,,1.596388614177704,
52000,38.50978636741638,-223.01023387908936,42.876262820940426,-0.0007578592105151217,63.380710220336915,1.5480398058891296,0.0005020163480221523,-240.0964111238718,44.05706217299498,,1.5861178278923034,
56000,41.25761318206787,-229.31989932060242,46.16055932425492,-0.00014074725532182698,82.09992904663086,1.5414501905441285,0.0007540665521325235,-240.0964111238718,44.05706217299498,,1.5814094424247742,
60000,44.021138191223145,-226.5979905128479,38.10299880212063,-0.00159218608235836,65.01009864807129,1.5274281740188598,0.0011278055590082658,-240.0964111238718,44.05706217299498,,1.5741835236549377,
64000,46.77307939529419,-229.53962779045105,46.81697878430861,-0.0007287639185572736,73.02993087768554,1.4746350407600404,0.0019572892781967942,-240.0964111238718,44.05706217299498,,1.5648513436317444,
68000,49.69504499435425,-227.903489112854,53.41146482020749,-0.00060431443506479,68.25897560119628,1.5191142559051514,0.0008835005014164691,-240.0964111238718,44.05706217299498,,1.5563585042953492,
72000,52.48256587982178,-220.83237171173096,45.26749822084273,-0.002412444361563182,58.43348236083985,1.5226767897605895,0.0010204382093434105,-240.0964111238718,44.05706217299498,,1.5639420866966247,
76000,55.30087423324585,-227.54975807666779,42.73916198190372,-0.00172467982718566,54.165578079223636,1.5291500091552734,0.00012502240133471787,-240.0964111238718,44.05706217299498,,1.5759693264961243,
80000,58.2293598651886,-239.92665576934814,44.74751034965918,-0.0009008754747046766,48.13887329101563,1.4954757690429688,0.0004235617132508196,-240.0964111238718,44.05706217299498,,1.5458033084869385,
84000,62.262930393218994,-221.9522979259491,40.45887659407075,-0.001534743083505119,74.34677696228027,1.5060428738594056,0.0010313554500268496,-306.85890194028616,88.97955731821709,,1.5677513003349304,
88000,65.21418166160583,-212.58239698410034,35.92976594800463,-0.0005519606245506737,61.358384704589845,1.5140602946281434,0.0008071246444596947,-306.85890194028616,88.97955731821709,,1.5651661157608032,
92000,68.1801986694336,-215.30036854743958,40.85248533463141,-0.0007034448838567186,57.75339813232422,1.4938186407089233,0.0004056171549273291,-306.85890194028616,88.97955731821709,,1.5747617125511169,
96000,71.11643862724304,-222.57379603385925,41.40567075423004,-0.0011964759422614436,61.77882423400879,1.4708618760108947,0.0004938260506508696,-306.85890194028616,88.97955731821709,,1.563255751132965,
100000,74.03901648521423,-222.54013681411743,40.04588492967547,-0.0018237600947614396,53.628288650512694,1.4922428727149963,0.0015135370480129473,-306.85890194028616,88.97955731821709,,1.5593548178672791,
104000,76.98258972167969,-227.88134336471558,44.51559155639952,-0.0010223557852150123,58.8959659576416,1.4756999850273131,0.0014612961081826748,-306.85890194028616,88.97955731821709,,1.557993519306183,
108000,79.89223170280457,-223.65911436080933,40.61656108458903,-0.0026980568707609897,33.2209810256958,1.4815241336822509,0.001365228454465983,-306.85890194028616,88.97955731821709,,1.5486657977104188,
112000,82.80973267555237,-247.23553609848022,54.834057108316536,-0.0008283298128614281,56.94421043395996,1.4472308158874512,0.0005302024204866029,-306.85890194028616,88.97955731821709,,1.5293273210525513,
116000,85.7116379737854,-239.24776434898376,44.81390985022785,-0.0025836646747775306,29.702420043945313,1.440660309791565,0.0014131816238659666,-306.85890194028616,88.97955731821709,,1.5156134486198425,
120000,88.58784031867981,-273.7731454372406,59.3468282748009,-0.0012897060557370387,58.52297744750977,1.4205509543418884,0.0008323453410776005,-306.85890194028616,88.97955731821709,,1.5167502522468568,
124000,92.6248676776886,-263.30021238327026,55.472793944758216,-0.0006641724870229737,48.90695457458496,1.393391978740692,0.0007980342372320593,-422.83446621894836,149.5585762437769,,1.5413265466690063,
128000,95.50740647315979,-261.0675256252289,56.65705304347855,-0.002292139158215534,32.78690814971924,1.3729997038841248,0.001993514551941189,-422.83446621894836,149.5585762437769,,1.5390756130218506,
132000,98.38350462913513,-250.4007387161255,41.037425147875204,-0.0011259803994907891,28.657657814025878,1.3174191236495971,0.002918189358024392,-422.83446621894836,149.5585762437769,,1.466725492477417,
136000,101.26064658164978,-253.99699091911316,59.069715536566676,-0.0021518958967644774,39.752946281433104,1.3396610379219056,0.0005071065718874098,-422.83446621894836,149.5585762437769,,1.5246193528175354,
140000,104.15037131309509,-253.24689650535583,51.852601836008525,-0.00115608026223466,44.62381591796875,1.3612359642982483,0.00024572515540057795,-422.83446621894836,149.5585762437769,,1.5190691947937012,
144000,107.0365297794342,-231.43711495399475,41.44245986329327,-0.001887582372059171,35.31006679534912,1.4091726183891295,0.0016846791470015888,-422.83446621894836,149.5585762437769,,1.474989116191864,
148000,109.87604808807373,-259.3331985473633,61.11253704219324,-0.002004543000482961,46.47829322814941,1.3572222232818603,0.003334817256972511,-422.83446621894836,149.5585762437769,,1.4115052700042725,
152000,112.6043655872345,-231.83048915863037,46.60703973490637,-0.0037820750020522097,27.928206825256346,1.3629103422164917,0.0022602655582886653,-422.83446621894836,149.5585762437769,,1.3808306932449341,
156000,115.46602177619934,-233.85144805908203,41.89851464011536,-0.002597936998625905,29.597804260253906,1.3313071727752686,0.002398201580457682,-422.83446621894836,149.5585762437769,,1.3212858200073243,
160000,118.30271601676941,-228.8193485736847,38.708693703065705,-0.0027594953319530547,26.906554222106934,1.302330994606018,0.0023313199271797203,-422.83446621894836,149.5585762437769,,1.3333999037742614,
164000,122.39106345176697,-229.4488387107849,42.40032922465535,-0.0030436130876575263,15.947802925109864,1.2816170454025269,0.002727033424162073,-269.2570680975914,62.123438169040746,,1.1983752965927124,
168000,125.29099988937378,-230.46863508224487,45.4478854257075,-0.003550873934679344,25.931951904296874,1.1779649138450623,0.004702268362588563,-269.2570680975914,62.123438169040746,,1.0967854857444763,
172000,128.19607186317444,-230.73037433624268,39.88418293835292,-0.0018064203554943425,24.349063110351562,1.2270540595054626,0.002561138915247285,-269.2570680975914,62.123438169040746,,1.1139872431755067,
176000,131.05904841423035,-219.0547502040863,40.494470576266075,-0.003141484775677483,17.199252319335937,1.1569709420204162,0.004875162336975336,-269.2570680975914,62.123438169040746,,1.0525551438331604,
180000,133.95006918907166,-226.92988872528076,44.614530762378884,-0.002675978682469582,19.445822715759277,1.1867220878601075,0.003994329378474504,-269.2570680975914,62.123438169040746,,1.105575954914093,
184000,136.82536387443542,-226.9375398159027,51.218763987683175,-0.002016567579072781,21.881896495819092,1.148866641521454,0.001453479123301804,-269.2570680975914,62.123438169040746,,1.1989289760589599,
188000,139.7241199016571,-212.29386186599731,36.948728328363764,-0.004914740098911974,13.974518775939941,1.1988847255706787,0.0031758128403453155,-269.2570680975914,62.123438169040746,,1.279266893863678,
192000,142.63815450668335,-213.32553672790527,41.488406453119154,-0.0024776173286372937,21.355565547943115,1.1520717144012451,0.005645810161794851,-269.2570680975914,62.123438169040746,,1.3212466835975647,
196000,145.5137174129486,-215.07438278198242,33.828676183010025,-0.002507808168457526,15.226326847076416,1.1620562434196473,0.0047282750951126214,-269.2570680975914,62.123438169040746,,1.2912675261497497,
200000,148.3925597667694,-221.2415246963501,38.486324971966994,-0.004340024284552779,17.64699363708496,1.1531970024108886,0.004163720270618798,-269.2570680975914,62.123438169040746,,1.288353145122528,
204000,152.45175313949585,-212.44049215316772,33.394072889617426,-0.0035762820341236345,16.81644344329834,1.165376877784729,0.0037985322755606224,-213.4208867251873,36.23440304016028,,1.2790803909301758,
208000,155.34714698791504,-214.5939221382141,36.77124212613041,-0.0036368771333946002,14.786301708221435,1.1038459062576294,0.005051958483643837,-213.4208867251873,36.23440304016028,,1.2278207540512085,
212000,158.22996830940247,-223.71349263191223,51.153029305521976,-0.0029221197534352594,24.30622673034668,1.1296560049057007,0.0019184246484655887,-213.4208867251873,36.23440304016028,,1.202406108379364,
216000,161.11531853675842,-223.37695860862732,37.63860698500578,-0.00456204828656821,12.699892044067383,1.0606541156768798,0.0029816594025663446,-213.4208867251873,36.23440304016028,,1.2439147591590882,
220000,164.03075122833252,-227.5950403213501,40.410781407962105,-0.005389430715469601,14.754829406738281,1.0830965638160706,0.004721983440686017,-213.4208867251873,36.23440304016028,,1.1416876912117004,
224000,166.9359405040741,-204.0710792541504,33.57344973649313,-0.005426121196243905,10.181757164001464,1.0676113605499267,0.004165718471631408,-213.4208867251873,36.23440304016028,,1.1648778080940247,
228000,169.82465529441833,-205.0488634109497,35.11473238946628,-0.002588562462925026,15.900285816192627,1.0692203283309936,0.002518347465957049,-213.4208867251873,36.23440304016028,,1.1795647263526916,
232000,172.69330978393555,-204.99404764175415,33.15771253565279,-0.003923581053852132,14.010951232910156,1.0487265706062316,0.0025316604878753424,-213.4208867251873,36.23440304016028,,1.1609751462936402,
236000,175.55090761184692,-210.29656147956848,35.94113958443753,-0.0034489139722039264,16.908560752868652,1.0375924110412598,0.004269588592287654,-213.4208867251873,36.23440304016028,,1.188446581363678,
240000,178.42406249046326,-212.1802020072937,37.512838017826176,-0.003357289758743676,16.43404092788696,1.0306211352348327,0.003639712546253593,-213.4208867251873,36.23440304016028,,1.1169816613197328,
244000,182.44685411453247,-206.50175714492798,31.230896004848432,-0.004817374138549546,10.097805500030518,0.9655337810516358,0.0046045881321964185,-213.67899456620216,30.706627266975413,,1.1621927261352538,
248000,185.3150291442871,-215.6361038684845,44.27370395365354,-0.004721228842157865,11.929436874389648,0.9723911643028259,0.0036335600656457246,-213.67899456620216,30.706627266975413,,1.0144501686096192,
252000,188.17676544189453,-215.19465494155884,33.5760539956991,-0.004751578748847063,13.100982761383056,0.972191572189331,0.0025435189400256305,-213.67899456620216,30.706627266975413,,1.0934596538543702,
256000,191.05729579925537,-209.58646941184998,36.78092467490212,-0.002792690170501988,14.59629545211792,0.9793620228767395,0.004759276565629989,-213.67899456620216,30.706627266975413,,0.9962264180183411,
260000,193.92984223365784,-199.42978084087372,31.27846588838361,-0.005879222030751396,13.518069648742676,0.9763615369796753,0.004519209421627845,-213.67899456620216,30.706627266975413,,1.0947475671768188,
264000,196.79018330574036,-202.71599805355072,37.21414512002165,-0.0039085048153840955,14.776965808868407,0.9935200273990631,0.001824659666900219,-213.67899456620216,30.706627266975413,,1.0719251751899719,
268000,199.67146492004395,-197.67035329341888,38.726516526129465,-0.003204290662348974,12.121873664855958,1.0179972171783447,0.004347931372661451,-213.67899456620216,30.706627266975413,,1.094787561893463,
272000,202.53330087661743,-206.7386829853058,35.88234826493629,-0.005446222427611591,14.185074710845948,0.998313719034195,0.0061396928540974225,-213.67899456620216,30.706627266975413,,1.1028464794158936,
276000,205.39370727539062,-203.50576853752136,35.84366364396668,-0.005051041088144715,9.862022304534912,1.0047067642211913,0.0012312182312598451,-213.67899456620216,30.706627266975413,,0.9951459050178528,
280000,208.2485716342926,-202.03949618339539,35.466481983371246,-0.005062575507210565,9.28001127243042,1.0139748930931092,0.0025862919267189534,-213.67899456620216,30.706627266975413,,0.9930182158946991,
284000,212.2590868473053,-201.4255429506302,40.403906516425685,-0.004241416858509162,14.521863174438476,1.001918411254883,0.0032408108450957427,-203.90370114147663,33.50950286076002,,0.9755983054637909,
288000,215.14661192893982,-206.76751279830933,30.738525612633357,-0.004845062595714505,14.225529670715332,0.9871924340724945,0.003972779857576825,-203.90370114147663,33.50950286076002,,1.014126968383789,
292000,218.02411222457886,-207.46086716651917,38.2928162681633,-0.005587934263361039,14.116309070587159,0.9516170680522918,0.004803507406574992,-203.90370114147663,33.50950286076002,,0.9622010469436646,
296000,220.89895701408386,-204.0183868408203,43.14622788124357,-0.004407829940086217,18.94230909347534,0.9195276916027069,0.004701899527572095,-203.90370114147663,33.50950286076002,,0.9499617934226989,
300000,223.75773453712463,-199.09622955322266,32.38960106076626,-0.005079341567431883,8.703350973129272,0.9297536075115204,0.0033496394171379507,-203.90370114147663,33.50950286076002,,0.9593173325061798,
304000,226.62301969528198,-198.71516013145447,33.7379310121321,-0.004226637652260256,12.626451301574708,0.9468517899513245,0.004351543987286277,-203.90370114147663,33.50950286076002,,0.9695871710777283,
308000,229.49452233314514,-206.33369326591492,33.58873196514441,-0.00609404721111062,12.502744007110596,0.9296636164188385,0.0020820261696644416,-203.90370114147663,33.50950286076002,,1.070686650276184,
312000,232.35793018341064,-206.10539150238037,35.46230052331128,-0.0041378133621377215,18.020920181274413,0.9435211718082428,0.0029655002552317457,-203.90370114147663,33.50950286076002,,1.1008188843727111,
316000,235.22743892669678,-197.86608862876892,34.49023118524366,-0.0038335371176556167,12.819775104522705,0.9073906779289246,0.0019437591690802947,-203.90370114147663,33.50950286076002,,1.0728051662445068,
320000,238.10945010185242,-201.36144256591797,39.746810450728,-0.005030352813812566,19.148568630218506,0.8803952813148499,0.0025399014088713255,-203.90370114147663,33.50950286076002,,1.0545230865478517,
324000,242.10342860221863,-188.3514083623886,36.96995480699683,-0.0042636932612707176,13.881468963623046,0.8618488669395447,0.003381942107807845,-204.31302897632122,32.0115369405726,,1.0469135165214538,
328000,244.98080277442932,-202.14648830890656,45.33704858602624,-0.0033244021758049415,13.53423776626587,0.8114271998405457,0.0019156109019725863,-204.31302897632122,32.0115369405726,,1.0361002206802368,
332000,247.84711503982544,-201.88115870952606,37.996754934796115,-0.005234832831813652,11.360101795196533,0.8168028295040131,0.003606374096489162,-204.31302897632122,32.0115369405726,,0.9409844040870666,
336000,250.74701642990112,-210.41095066070557,38.0618611667201,-0.004913595516234626,10.83885154724121,0.8386737525463104,0.004853927126930402,-204.31302897632122,32.0115369405726,,0.9744142115116119,
340000,253.6522922515869,-198.99083268642426,36.220157484246776,-0.003922779991795888,13.681185150146485,0.8320118486881256,0.002230813253845554,-204.31302897632122,32.0115369405726,,0.9319830656051635,
344000,256.5313448905945,-199.08033204078674,33.67955647299982,-0.00561792513759185,10.963401317596436,0.8154767274856567,0.0028556960275163855,-204.31302897632122,32.0115369405726,,0.9626904606819153,
348000,259.43738770484924,-200.37052154541016,33.420035145957755,-0.0027793305612479726,13.069586563110352,0.8436211824417115,0.0032587261749431494,-204.31302897632122,32.0115369405726,,0.9431296408176422,
352000,262.3336772918701,-202.36123943328857,37.26899673309675,-0.0036410760288902886,10.415641117095948,0.8451362609863281,0.002026590474997647,-204.31302897632122,32.0115369405726,,0.9220663845539093,
356000,265.24359345436096,-195.70071840286255,28.98582768102968,-0.005565688296376425,10.61651840209961,0.8603117883205413,0.00472439175873296,-204.31302897632122,32.0115369405726,,0.8676698446273804,
360000,268.17007970809937,-198.92203736305237,36.76278459697065,-0.004326148812115882,10.881259441375732,0.8372255682945251,0.002493579697329551,-204.31302897632122,32.0115369405726,,0.874706608057022,
364000,272.17452454566956,-200.96485924720764,33.27259144943277,-0.0028603837137440415,9.753101634979249,0.837778115272522,0.0017194613494211808,-204.23606120795012,35.69375717238863,,0.9158377647399902,
368000,275.06132340431213,-195.57876312732697,35.45574516974385,-0.005278462366977088,7.5186079978942875,0.852142721414566,0.002768497297385086,-204.23606120795012,35.69375717238863,,0.8682258069515228,
372000,277.9497184753418,-196.65400207042694,33.114154863776776,-0.004991891055135067,11.605916213989257,0.875333696603775,0.0029393333745247217,-204.23606120795012,35.69375717238863,,0.940000569820404,
376000,280.83333587646484,-199.89821314811707,32.82977906978106,-0.005271597342876078,8.947782707214355,0.8596112549304962,0.0036750075174495577,-204.23606120795012,35.69375717238863,,0.9033878386020661,
380000,283.6949770450592,-195.32053935527802,35.54554933040929,-0.0054948335480876406,12.805887699127197,0.8551217019557953,0.005310659326768175,-204.23606120795012,35.69375717238863,,0.8916567146778107,
384000,286.57318329811096,-202.84549391269684,40.86153070049068,-0.003995305856146558,9.26241226196289,0.7766615152359009,0.0053243307862430814,-204.23606120795012,35.69375717238863,,0.8202629685401917,
388000,289.4347071647644,-206.43478524684906,37.595061410410494,-0.003827421876058601,10.700811195373536,0.7624179363250733,0.0038356433098670093,-204.23606120795012,35.69375717238863,,0.8143252849578857,
392000,292.29777574539185,-201.60293126106262,38.3113558174987,-0.004471379358864702,10.31328763961792,0.7314019680023194,0.0015345864066233395,-204.23606120795012,35.69375717238863,,0.8107562780380249,
396000,295.1599085330963,-205.47993969917297,40.07836266079081,-0.004634618511811528,10.8178870677948,0.7553037762641907,0.003619872759009013,-204.23606120795012,35.69375717238863,,0.818531209230423,
400000,298.03511214256287,-202.61277377605438,32.03423502314858,-0.0042189051786748035,8.921186828613282,0.7471447706222534,0.0017458512797020377,-204.23606120795012,35.69375717238863,,0.8209260404109955,
404000,302.02050042152405,-198.78428053855896,37.384941631976154,-0.0017265286886541276,15.124155521392822,0.7374456226825714,0.003048223147712026,-205.9211567044258,42.554671741100954,,0.7675459921360016,
408000,304.87455677986145,-199.8531687259674,31.886665477992675,-0.00598670135578141,8.348341274261475,0.7501251101493835,0.003885928356636814,-205.9211567044258,42.554671741100954,,0.7961529195308685,
412000,307.7174081802368,-194.81273531913757,29.325730102114253,-0.004049053571730177,11.736217498779297,0.8213590741157532,0.004383008892182261,-205.9211567044258,42.554671741100954,,0.8458741903305054,
416000,310.55799078941345,-198.0691738128662,31.838065850659405,-0.004985159828638036,6.833198070526123,0.8106420695781708,0.002639887253297882,-205.9211567044258,42.554671741100954,,0.9012298107147216,
420000,313.41586995124817,-192.54799699783325,32.4242508466328,-0.004312303175839282,8.541735696792603,0.7695048809051513,0.0014104063011473045,-205.9211567044258,42.554671741100954,,0.8625093758106231,
424000,316.2828679084778,-196.26924693584442,35.402072274939954,-0.004483611750261218,11.851610088348389,0.7606763422489167,0.004265923457569443,-205.9211567044258,42.554671741100954,,0.761703473329544,
428000,319.15485167503357,-196.43780732154846,31.10226556332759,-0.004636031494747428,7.760450124740601,0.7823213815689087,0.0015886996989138424,-205.9211567044258,42.554671741100954,,0.7880216479301453,
432000,322.0289149284363,-196.1311058998108,34.401340805109534,-0.004528130973223554,8.819099569320679,0.7532186388969422,0.003108590456385496,-205.9211567044258,42.554671741100954,,0.7457053959369659,
436000,324.8870458602905,-193.4281964302063,32.83388887157774,-0.005185937171957189,13.055750179290772,0.7370271921157837,0.006501402647700161,-205.9211567044258,42.554671741100954,,0.7601075649261475,
440000,327.7401168346405,-195.27072060108185,33.59617896833508,-0.005128000574031333,7.09229793548584,0.7320373892784119,0.002928561987937428,-205.9211567044258,42.554671741100954,,0.7242463946342468,
444000,331.7119941711426,-196.02844786643982,31.897490401713778,-0.004752017928830554,10.413169479370117,0.7150115966796875,0.002112075415595127,-203.61304534226656,32.90351561206305,,0.7333372473716736,
448000,334.57253670692444,-198.06512653827667,32.89850021320844,-0.0030441792504861897,14.406669616699219,0.6830073595046997,0.00612282862320232,-203.61304534226656,32.90351561206305,,0.6354235649108887,
452000,337.432471036911,-205.61313152313232,33.81768088803452,-0.003435889159484429,10.636107254028321,0.6680052936077118,0.001301254823920317,-203.61304534226656,32.90351561206305,,0.6957573056221008,
456000,340.293429851532,-192.50784361362457,36.02617831270848,-0.005595091101247807,9.021371936798095,0.6535315632820129,0.00620477720668231,-203.61304534226656,32.90351561206305,,0.6388830423355103,
460000,343.14079570770264,-193.54070007801056,35.745176032824645,-0.0026608929183858264,16.269961166381837,0.663215184211731,0.0031788257563991175,-203.61304534226656,32.90351561206305,,0.5696244239807129,
464000,345.9931492805481,-195.70415234565735,42.87815350674898,-0.004600814249521701,14.06959867477417,0.6667980968952179,0.0032836911353903986,-203.61304534226656,32.90351561206305,,0.6169109046459198,
468000,348.8505263328552,-204.50645351409912,36.76536775903457,-0.004415314779306456,10.86144847869873,0.6580414772033691,0.0022045718055451304,-203.61304534226656,32.90351561206305,,0.6070396721363067,
472000,351.7188560962677,-200.31539809703827,33.574794253380745,-0.005374899347157536,9.679119110107422,0.6554176449775696,0.0071975397282900925,-203.61304534226656,32.90351561206305,,0.6769173443317413,
476000,354.5901765823364,-205.37427020072937,35.41908255761852,-0.002452431605779548,13.065870571136475,0.6114427387714386,0.0027808680659703543,-203.61304534226656,32.90351561206305,,0.5846970796585083,
480000,357.4334568977356,-188.0603700876236,29.68092629636626,-0.003748473490122706,8.939204263687134,0.5846032917499542,0.002632909276871942,-203.61304534226656,32.90351561206305,,0.5901648044586182,
484000,361.42466044425964,-202.5179544687271,38.0586306199957,-0.0035472226474861034,10.764317798614503,0.562460196018219,0.0014476097321021396,-210.2975264787674,39.02871602991037,,0.5926355183124542,
488000,364.29408073425293,-198.11306142807007,33.79537544897487,-0.003916854212215793,8.718106460571288,0.5649749040603638,0.003312053545960225,-210.2975264787674,39.02871602991037,,0.5575905084609986,
492000,367.1677722930908,-199.85207557678223,40.808191732281415,-0.004478054535536402,12.235657215118408,0.6300565779209137,0.0032808655814733356,-210.2975264787674,39.02871602991037,,0.5817380905151367,
496000,370.03743410110474,-199.8762722015381,38.73897834624402,-0.0035089099050188643,11.868712615966796,0.6020892500877381,0.003111176488751299,-210.2975264787674,39.02871602991037,,0.5653768599033355,
500000,372.90474700927734,-198.52766942977905,44.21782957838041,-0.005928519267899279,8.08880558013916,0.5916904032230377,0.0052215868575731465,-210.2975264787674,39.02871602991037,,0.5859434485435486,
504000,375.7835009098053,-201.48741257190704,38.2389365088352,-0.0047582378375421895,11.121669673919678,0.6416136205196381,0.0036581004461234746,-210.2975264787674,39.02871602991037,,0.5752220571041107,
508000,378.65484070777893,-202.00699400901794,36.83117658690115,-0.00496334216697143,12.405139923095703,0.6293957829475403,0.0016865036179078974,-210.2975264787674,39.02871602991037,,0.5541280150413513,
512000,381.53219056129456,-201.01010870933533,40.238884406729355,-0.006613378891255728,8.660909509658813,0.6411445021629334,0.004155933513538912,-210.2975264787674,39.02871602991037,,0.6083408534526825,
516000,384.41960620880127,-195.8287228345871,37.885095480912256,-0.00550897583311114,10.079406642913819,0.6494685471057892,0.0028511927986886398,-210.2975264787674,39.02871602991037,,0.5954164266586304,
520000,387.3005528450012,-195.57600212097168,29.656994828560016,-0.005459263954544369,10.038656520843507,0.6061883449554444,0.0053630196116088765,-210.2975264787674,39.02871602991037,,0.575318717956543,
524000,391.32045674324036,-204.8428761959076,42.12201310177269,-0.0037672630090576755,14.0068208694458,0.5749016880989075,0.003714842296903953,-206.8945258706808,41.75657104325684,,0.6000460028648377,
528000,394.1807873249054,-196.67014527320862,34.461125831204654,-0.006078871923498852,9.133550643920898,0.5872339367866516,0.00556276686838828,-206.8945258706808,41.75657104325684,,0.6268413424491882,
532000,397.0409998893738,-191.0653853416443,36.408501719488264,-0.0049237978378466,8.345457983016967,0.5575872123241424,0.003458940863997384,-206.8945258706808,41.75657104325684,,0.556491208076477,
536000,399.9005105495453,-193.13365924358368,30.00296741759393,-0.004497772446678372,8.962911462783813,0.558472353219986,0.004006368587162213,-206.8945258706808,41.75657104325684,,0.6200502574443817,
540000,402.74655628204346,-190.63465452194214,33.63140544336216,-0.004833584768620014,7.571470022201538,0.5846985697746276,0.002846641028687991,-206.8945258706808,41.75657104325684,,0.60192169547081,
544000,405.6134386062622,-196.62059426307678,40.263065204745246,-0.004873439569802329,10.470725631713867,0.5743435204029084,0.004715904939803295,-206.8945258706808,41.75657104325684,,0.618182098865509,
548000,408.47896432876587,-198.8052840232849,37.08526550563707,-0.004491973886033484,11.492358875274657,0.5845102310180664,0.004639396984595834,-206.8945258706808,41.75657104325684,,0.6799515902996063,
552000,411.3407120704651,-190.21281111240387,41.41629461157803,-0.004386334125262991,13.180175590515137,0.6112230300903321,0.003719455614918843,-206.8945258706808,41.75657104325684,,0.6309769749641418,
556000,414.20691442489624,-203.1978554725647,38.81899439353127,-0.005761477032986839,12.035120296478272,0.6710022687911987,0.005416473082732409,-206.8945258706808,41.75657104325684,,0.7264511704444885,
560000,417.0811424255371,-199.6730990409851,37.798978803618525,-0.007011958770764259,7.848762178421021,0.6241118252277374,0.006291290349327028,-206.8945258706808,41.75657104325684,,0.6239552140235901,
564000,421.1489288806915,-194.68429338932037,33.787186410138894,-0.0051766500778806625,10.445443820953368,0.5761914312839508,0.002348642966535408,-200.0638832449913,40.97699899451822,,0.5888975977897644,
568000,424.0300872325897,-204.4189611673355,43.6924583595242,-0.005510534514673049,12.65816135406494,0.5859712541103363,0.0022487069538328795,-200.0638832449913,40.97699899451822,,0.5833613336086273,
572000,426.88984513282776,-198.08994436264038,33.95773695211516,-0.004387377442792051,14.174960803985595,0.5690018177032471,0.0016866831749211997,-200.0638832449913,40.97699899451822,,0.5873587131500244,
576000,429.75517654418945,-202.74903964996338,38.08754798343733,-0.004859935009619232,12.385739135742188,0.5931505918502807,0.003039566054940224,-200.0638832449913,40.97699899451822,,0.5675543546676636,
580000,432.62047147750854,-197.35300743579865,36.27009570344072,-0.005758743647020293,8.003053188323975,0.624052619934082,0.004330767620393694,-200.0638832449913,40.97699899451822,,0.5696928381919861,
584000,435.4824562072754,-187.47417306900024,27.06693576552455,-0.006261971688674173,6.661861419677734,0.5551656424999237,0.0035070981466560625,-200.0638832449913,40.97699899451822,,0.5861824691295624,
588000,438.33669686317444,-195.89657199382782,36.691632834196945,-0.005797617354275042,8.676201963424683,0.5850812375545502,0.006191834941273555,-200.0638832449913,40.97699899451822,,0.6040056228637696,
592000,441.19501519203186,-198.81622874736786,36.09054112355933,-0.003708039832844712,14.207570838928223,0.5901185631752014,0.0016657426927607411,-200.0638832449913,40.97699899451822,,0.5725553035736084,
596000,444.0541298389435,-192.30041372776031,35.69106867552557,-0.006649852207551455,9.824715375900269,0.5925904214382172,0.005056222242225595,-200.0638832449913,40.97699899451822,,0.587077510356903,
600000,446.95076870918274,-198.79167914390564,27.907693139372117,-0.0065116029206352625,8.663588714599609,0.6038657903671265,0.0070608482166038215,-200.0638832449913,40.97699899451822,,0.6218112230300903,
604000,451.02830386161804,-197.4781517982483,32.5237578916816,-0.0048019678813095105,7.971472835540771,0.6013854503631592,0.0034629807656165303,-198.8587462157011,41.24170740689635,,0.553624302148819,
608000,453.9018642902374,-185.26427280902863,34.8473420300935,-0.005414240300810569,9.476181173324585,0.6240356147289277,0.004707937133265672,-198.8587462157011,41.24170740689635,,0.6282624483108521,
612000,456.7967269420624,-186.9970304965973,39.392544955082386,-0.004760529565857752,11.103508567810058,0.5698622226715088,0.0017853116456244766,-198.8587462157011,41.24170740689635,,0.615298616886139,
616000,459.66950130462646,-194.35715246200562,33.27238170495245,-0.0034077382656201747,11.277298164367675,0.6000410258769989,0.0025960835395380855,-198.8587462157011,41.24170740689635,,0.6276964247226715,
620000,462.5483412742615,-197.90089905261993,37.200134156588604,-0.006267667632705276,9.15663194656372,0.6230177104473114,0.005055645783431828,-198.8587462157011,41.24170740689635,,0.6207407653331757,
624000,465.41752576828003,-196.56328988075256,37.14221841264142,-0.004952372816158501,10.199744462966919,0.6432592272758484,0.001763408794613497,-198.8587462157011,41.24170740689635,,0.6004774868488312,
628000,468.2871518135071,-197.83866572380066,35.00435083309394,-0.006915669828032456,6.525227451324463,0.6398372828960419,0.006010952428914607,-198.8587462157011,41.24170740689635,,0.5948917925357818,
632000,471.18664264678955,-188.45385551452637,33.82920436447836,-0.004434131281528008,7.061946821212769,0.6036773443222045,0.0024765999020698315,-198.8587462157011,41.24170740689635,,0.5805686831474304,
636000,474.0585968494415,-188.67810380458832,34.714484588053274,-0.0043884584037587,9.936664009094239,0.6013458788394928,0.004982116937249282,-198.8587462157011,41.24170740689635,,0.5591378748416901,
640000,476.9405446052551,-190.33220791816711,34.915967790369635,-0.005991053619111675,7.451707267761231,0.6257513582706451,0.004628636418686582,-198.8587462157011,41.24170740689635,,0.5452867746353149,
644000,481.01415967941284,-187.08609175682068,30.80177938342375,-0.005110607757931618,8.496053123474121,0.5895014584064484,0.0031950155065084474,-203.80433316528797,40.989126877931,,0.5601550042629242,
648000,483.86639308929443,-190.95488500595093,31.99090601129513,-0.004915475334196095,10.442106342315673,0.5620631039142608,0.004569110576994717,-203.80433316528797,40.989126877931,,0.5481626331806183,
652000,486.75226497650146,-194.1250205039978,35.47020654833448,-0.004175468350682987,10.170501136779786,0.5393687069416047,0.005308229802176356,-203.80433316528797,40.989126877931,,0.5362949371337891,
656000,489.6238601207733,-205.6158403158188,33.92264753455297,-0.004171145764645168,8.439272737503051,0.5004723757505417,0.0014573129856920275,-203.80433316528797,40.989126877931,,0.521692430973053,
660000,492.5063467025757,-198.00520133972168,32.885619218241736,-0.004958498648057396,7.712666273117065,0.5193024456501008,0.0056675032546821495,-203.80433316528797,40.989126877931,,0.531570428609848,
664000,495.3649353981018,-200.40923476219177,39.22171975044357,-0.0043182145595007885,13.220323181152343,0.5249924421310425,0.0014407475759787402,-203.80433316528797,40.989126877931,,0.5196611642837524,
668000,498.14756059646606,-197.43151903152466,32.97565261169901,-0.00558026680443433,8.014789342880249,0.5184854388236999,0.004065340115766336,-203.80433316528797,40.989126877931,,0.5420514345169067,
672000,501.01198410987854,-195.80758619308472,32.39822018338014,-0.006761418339796421,7.008551502227784,0.490810951590538,0.004725406179204583,-203.80433316528797,40.989126877931,,0.5174864947795867,
676000,503.8754458427429,-189.22697281837463,34.66496197292813,-0.004756403186979385,9.7857036113739,0.49652889370918274,0.00539476564410144,-203.80433316528797,40.989126877931,,0.5128318667411804,
680000,506.7425763607025,-200.73981201648712,31.801128530982282,-0.005155651758735358,7.9231383323669435,0.5057925879955292,0.004343693976989016,-203.80433316528797,40.989126877931,,0.4867567151784897,
684000,510.7674515247345,-196.80561637878418,35.67792863048013,-0.006524323412682875,11.104301643371581,0.4930479437112808,0.010520685077334457,-199.77562039345503,37.83258391738692,,0.4876590043306351,
688000,513.6413786411285,-193.241774559021,32.142863161552405,-0.0036390741564876093,8.400469160079956,0.4784073531627655,0.003333794669015333,-199.77562039345503,37.83258391738692,,0.507435429096222,
692000,516.4886956214905,-192.6363468170166,31.417592067596658,-0.005404796280199653,9.021619319915771,0.4491770178079605,0.005188324558626256,-199.77562039345503,37.83258391738692,,0.5301261723041535,
696000,519.3359503746033,-196.14552867412567,37.74151751025855,-0.003136900094725803,10.601238441467284,0.44502889811992646,0.0019238416658481582,-199.77562039345503,37.83258391738692,,0.5537831068038941,
700000,522.2223980426788,-195.539635181427,37.25247502585959,-0.004387500242407682,10.720192241668702,0.4506418228149414,0.003836930760007817,-199.77562039345503,37.83258391738692,,0.49079446494579315,
704000,525.0746791362762,-189.24038100242615,30.92355917003771,-0.004138876086411436,7.822033643722534,0.47495038211345675,0.0026591801175527507,-199.77562039345503,37.83258391738692,,0.5051315724849701,
708000,527.9069240093231,-197.8319343328476,39.803941403673015,-0.004473004859251261,9.97333550453186,0.5152598321437836,0.002503866937709975,-199.77562039345503,37.83258391738692,,0.5199155509471893,
712000,530.7683358192444,-186.84915709495544,33.84913952676526,-0.004234956607765827,7.43799090385437,0.48576822876930237,0.003068557690130547,-199.77562039345503,37.83258391738692,,0.506368625164032,
716000,533.6234247684479,-188.13168060779572,37.13802268630975,-0.004734719024971135,8.87986626625061,0.43631541430950166,0.004029492035721583,-199.77562039345503,37.83258391738692,,0.5046954989433289,
720000,536.5027170181274,-191.0931659936905,39.917312178749214,-0.005431117731689828,9.456456327438355,0.47524588108062743,0.00457278701942414,-199.77562039345503,37.83258391738692,,0.5460990965366364,
724000,540.4798307418823,-195.4659024477005,31.841674129593713,-0.005268335504302257,9.733038949966431,0.49722795784473417,0.006312378845177591,-203.1566530689597,38.10614000691927,,0.523002690076828,
728000,543.3368842601776,-190.09612250328064,27.39699738740651,-0.005292632849266088,7.206974792480469,0.49017623662948606,0.006500002643248681,-203.1566530689597,38.10614000691927,,0.5288909018039704,
732000,546.2032408714294,-195.10754585266113,34.290398689598725,-0.004569431305862981,10.61185941696167,0.5137956798076629,0.002956746092240792,-203.1566530689597,38.10614000691927,,0.4896416515111923,
736000,549.0666539669037,-189.73368871212006,33.93894370735285,-0.0041798337146174095,8.09324083328247,0.48357269167900085,0.003413500117603707,-203.1566530689597,38.10614000691927,,0.5359988987445832,
740000,551.9208767414093,-190.69135570526123,30.07456589702689,-0.0036638707501502666,7.1651833057403564,0.5306452691555024,0.004392562224529684,-203.1566530689597,38.10614000691927,,0.5174548983573913,
744000,554.7778241634369,-188.8604189157486,30.54333895885828,-0.00567657869635152,9.022700881958007,0.5248812377452851,0.004291669584927149,-203.1566530689597,38.10614000691927,,0.5440523087978363,
748000,557.6668372154236,-189.72363114356995,39.338956669876005,-0.004460855781333528,9.411944961547851,0.46797732412815096,0.003915771685152647,-203.1566530689597,38.10614000691927,,0.5171065032482147,
752000,560.5237648487091,-194.67389392852783,34.01291103924092,-0.004236143531898673,14.698415088653565,0.4762064516544342,0.0032033422232295105,-203.1566530689597,38.10614000691927,,0.49058486223220826,
756000,563.3987302780151,-188.90125465393066,40.30001863577837,-0.006634741029857239,7.267993402481079,0.4694791555404663,0.005675272940425202,-203.1566530689597,38.10614000691927,,0.510103851556778,
760000,566.267201423645,-192.0327844619751,37.69043251845514,-0.004851931823650357,10.442548561096192,0.48471239805221555,0.0038239332468947397,-203.1566530689597,38.10614000691927,,0.4580508679151535,
764000,570.2412333488464,-195.88153624534607,44.88661315643568,-0.0036996574772832245,9.711148643493653,0.51923308968544,0.0013305658976993761,-199.71843019872904,40.98045957668185,,0.5075010299682617,
768000,573.0714387893677,-194.42008936405182,32.81171349669813,-0.005027940280657894,13.67010955810547,0.4960486114025116,0.0068718518887180835,-199.71843019872904,40.98045957668185,,0.47945019602775574,
772000,575.9311466217041,-190.81626665592194,37.43197968009895,-0.005588816264333829,7.372214221954346,0.4791440635919571,0.0062890451488783585,-199.71843019872904,40.98045957668185,,0.45625496804714205,
776000,578.791170835495,-190.68848168849945,41.89951884522891,-0.006596214338205719,10.40486125946045,0.4795009821653366,0.009157399168393265,-199.71843019872904,40.98045957668185,,0.4668475389480591,
780000,581.6714057922363,-191.22196745872498,38.38424508316629,-0.005254251506024321,9.36682686805725,0.5121016800403595,0.007370779640041292,-199.71843019872904,40.98045957668185,,0.45322575569152834,
784000,584.5054352283478,-191.42284154891968,33.95543648450571,-0.004501022133821042,12.516118907928467,0.5622388899326325,0.004440993061908927,-199.71843019872904,40.98045957668185,,0.46027992069721224,
788000,587.3440396785736,-193.29978501796722,45.552006114562936,-0.003876664765955251,14.743101215362548,0.5621467709541321,0.004697698114614468,-199.71843019872904,40.98045957668185,,0.45899195671081544,
792000,590.2058329582214,-186.6631134748459,32.76549773609718,-0.005033705528127009,9.463114547729493,0.5565089523792267,0.003411583078559488,-199.71843019872904,40.98045957668185,,0.48987425267696383,
796000,593.0462884902954,-194.50751519203186,35.949909897611654,-0.004747698798310029,12.140504837036133,0.5645943522453308,0.006775875405563664,-199.71843019872904,40.98045957668185,,0.4324457824230194,
800000,595.7202141284943,-197.51587224006653,28.795949169396163,-0.005005862105793013,8.825646686553956,0.6137477397918701,0.004321177823663069,-199.71843019872904,40.98045957668185,,0.4640687435865402,
804000,599.7610247135162,-181.57622396945953,29.729793497812675,-0.005213401163617748,8.185004711151123,0.6087674558162689,0.0037300140887964518,-197.70125667750835,39.884681883480674,,0.48387562930583955,
808000,602.6392786502838,-198.22743380069733,30.27054842428413,-0.006549095449813969,10.365449333190918,0.6083384573459625,0.008673754236505715,-197.70125667750835,39.884681883480674,,0.49750379621982577,
812000,605.5159080028534,-202.77707171440125,36.32375764557527,-0.006979209031444,10.691650772094727,0.6055825769901275,0.005859556887298822,-197.70125667750835,39.884681883480674,,0.5240107357501984,
816000,608.3904364109039,-188.00125467777252,34.15425142124105,-0.004291823823470864,9.801834392547608,0.5737492084503174,0.0035485085914842784,-197.70125667750835,39.884681883480674,,0.48661390542984007,
820000,611.2695560455322,-185.9919776916504,30.564127572936332,-0.006682069147005798,6.952959060668945,0.5958923816680908,0.005649646822091547,-197.70125667750835,39.884681883480674,,0.5168482065200806,
824000,614.1487281322479,-188.61676716804504,34.32324796735908,-0.006111874024927033,8.632242584228516,0.6158989191055297,0.004624293278902769,-197.70125667750835,39.884681883480674,,0.4929017394781113,
828000,617.0311214923859,-199.81876003742218,38.05863328993161,-0.0052114249140334575,8.010275554656982,0.6293732523918152,0.005209927600109942,-197.70125667750835,39.884681883480674,,0.5116546273231506,
832000,619.9142823219299,-189.7645559310913,29.857499309451306,-0.005995834220511221,7.707555723190308,0.5913116931915283,0.005826531919883582,-197.70125667750835,39.884681883480674,,0.5020095080137252,
836000,622.7996442317963,-198.2021905183792,37.81820297212427,-0.006517153738997905,7.507985830307007,0.6268006086349487,0.006440296879736707,-197.70125667750835,39.884681883480674,,0.5085473656654358,
840000,625.6695921421051,-201.6040596961975,36.91243535968882,-0.006548340474876268,8.51211109161377,0.6147123456001282,0.003454431690624915,-197.70125667750835,39.884681883480674,,0.5049257576465607,
844000,629.6361320018768,-194.19428288936615,32.31937266408903,-0.006093802422285077,11.220897769927978,0.6530092895030976,0.004390292841708288,-198.1000071465969,31.98405932747324,,0.49960644245147706,
848000,632.4905908107758,-197.5902178287506,34.94660004712918,-0.004154391372964428,12.823776340484619,0.6314144372940064,0.004142953630071134,-198.1000071465969,31.98405932747324,,0.5285683512687683,
852000,635.3217647075653,-196.65849483013153,37.17049761481287,-0.005695999131227492,8.227461767196655,0.63784539103508,0.00402562950528953,-198.1000071465969,31.98405932747324,,0.5750172913074494,
856000,638.1526145935059,-191.2782951593399,38.942291878019546,-0.006089374281000382,13.31716365814209,0.6728828251361847,0.003668756372644566,-198.1000071465969,31.98405932747324,,0.5770973265171051,
860000,640.9706606864929,-189.27874660491943,31.517718395616317,-0.006795015840480723,7.790134525299072,0.6623055279254914,0.007027769950218499,-198.1000071465969,31.98405932747324,,0.5383607923984528,
864000,643.8238673210144,-197.66156387329102,29.967326619827578,-0.0069285016874783166,9.659305334091187,0.6549897909164428,0.006306263639999088,-198.1000071465969,31.98405932747324,,0.5168575942516327,
868000,646.6576986312866,-192.56749987602234,32.268312133126585,-0.005015711131660883,9.19503378868103,0.6143451869487763,0.004771447847248078,-198.1000071465969,31.98405932747324,,0.5133181273937225,
872000,649.4824903011322,-190.868612408638,33.505568215290836,-0.00612117203262943,8.013752222061157,0.6130692899227143,0.005272515922115417,-198.1000071465969,31.98405932747324,,0.5042802035808563,
876000,652.3265929222107,-194.47577369213104,39.31249698399892,-0.0053608550634235645,11.047805976867675,0.5789054930210114,0.0022152910996422483,-198.1000071465969,31.98405932747324,,0.47060716450214385,
880000,655.1596693992615,-195.36651968955994,37.750437530575624,-0.007612269941872718,7.08548150062561,0.6310559928417205,0.0064888600138947265,-198.1000071465969,31.98405932747324,,0.514293771982193,
884000,659.044052362442,-193.50053811073303,32.61155621587907,-0.008019717297516849,5.862414741516114,0.6345838606357574,0.007943554699731337,-194.7082094848156,28.685573322271328,,0.49973284006118773,
888000,661.8834073543549,-186.50096011161804,30.997520487138587,-0.003445988214613549,11.688400268554688,0.583543312549591,0.004575669986661523,-194.7082094848156,28.685573322271328,,0.4759457498788834,
892000,664.7169978618622,-188.98303198814392,34.262253153574136,-0.005635239631713596,8.654806804656982,0.5848045587539673,0.003825847366184465,-194.7082094848156,28.685573322271328,,0.5393068194389343,
896000,667.553454875946,-189.1796097755432,34.12478863158395,-0.004670112952589988,7.927668619155884,0.5629783987998962,0.003454477578634396,-194.7082094848156,28.685573322271328,,0.4859763950109482,
900000,670.3889894485474,-200.74740934371948,30.297794616048964,-0.005354519442810357,6.215934705734253,0.5426275074481964,0.004306198790979909,-194.7082094848156,28.685573322271328,,0.4307154297828674,
904000,673.2334599494934,-191.34279990196228,30.72579490791024,-0.005316255678034665,7.364353466033935,0.5852848649024963,0.0031844561110095427,-194.7082094848156,28.685573322271328,,0.4629544228315353,
908000,676.0696358680725,-193.08795964717865,33.39059943794337,-0.0051292130343305155,8.97438063621521,0.5751854717731476,0.005570563103538007,-194.7082094848156,28.685573322271328,,0.44808673560619355,
912000,678.9073519706726,-192.4567060470581,34.490328757274575,-0.006966223237104696,6.162823247909546,0.5727529287338257,0.005579141582323555,-194.7082094848156,28.685573322271328,,0.4424897074699402,
916000,681.7605037689209,-194.0344821214676,36.973776500075736,-0.005630021849491929,13.421160125732422,0.5942607939243316,0.002231803677568678,-194.7082094848156,28.685573322271328,,0.446895232796669,
920000,684.5872302055359,-187.84902215003967,29.10086465462828,-0.005503482351390065,8.41654019355774,0.541925722360611,0.005394018567865722,-194.7082094848156,28.685573322271328,,0.43072430193424227,
924000,688.5171294212341,-193.85640168190002,34.025078615365636,-0.005651015802441784,8.412777757644653,0.552527266740799,0.0049674190770019775,-188.87993966042995,35.39195685646418,,0.4141447424888611,
928000,691.3560073375702,-196.15286350250244,36.20659849759582,-0.004139695686831457,11.131912231445312,0.5541742086410523,0.003380335876136087,-188.87993966042995,35.39195685646418,,0.44895508587360383,
932000,694.2064304351807,-198.38958263397217,34.89505980197477,-0.0060988406791972595,6.248826217651367,0.5432896494865418,0.004895183231448752,-188.87993966042995,35.39195685646418,,0.4380776405334473,
936000,697.04953789711,-184.53341376781464,32.91026810467159,-0.005584555612256126,8.207694578170777,0.5641417980194092,0.004834413091884926,-188.87993966042995,35.39195685646418,,0.4549532324075699,
940000,699.8894519805908,-190.52231812477112,32.0074383097085,-0.006471575900136184,10.350908851623535,0.5624695181846618,0.0065989613943578055,-188.87993966042995,35.39195685646418,,0.4170428872108459,
944000,702.7291741371155,-188.51802456378937,31.657510637336834,-0.004829792622321527,7.016982364654541,0.5127356350421906,0.00407890719070565,-188.87993966042995,35.39195685646418,,0.41047738790512084,
948000,705.5805931091309,-195.69115459918976,37.371736892400776,-0.006057286722275146,7.178896236419678,0.5216181576251984,0.008017294647482487,-188.87993966042995,35.39195685646418,,0.3850310891866684,
952000,708.421217918396,-188.08305644989014,37.40769687474278,-0.005637642199949689,12.062209320068359,0.5358897566795349,0.005417651787865907,-188.87993966042995,35.39195685646418,,0.40298444628715513,
956000,711.251531124115,-196.80903792381287,38.07693565550736,-0.005343960573430983,9.162349414825439,0.5272918820381165,0.0070773514453321695,-188.87993966042995,35.39195685646418,,0.40384016633033754,
960000,714.0956122875214,-191.53845477104187,31.080587906157373,-0.006591797197392823,7.199972820281983,0.5706310927867889,0.0033740800382026314,-188.87993966042995,35.39195685646418,,0.4348598629236221,
964000,717.9738259315491,-195.85869693756104,35.25661437121089,-0.006034428831034689,7.395852994918823,0.5440230369567871,0.004516673694908047,-199.75082483887672,38.421040494662876,,0.40142399072647095,
968000,720.7918803691864,-186.79071760177612,32.61324092287085,-0.003988745683260841,9.131224203109742,0.5512462854385376,0.0037413954267588867,-199.75082483887672,38.421040494662876,,0.42058717310428617,
972000,723.5928390026093,-190.34110140800476,37.69941546505135,-0.00575180556438859,11.107476425170898,0.5624143660068512,0.0031806174643765673,-199.75082483887672,38.421040494662876,,0.369513002038002,
976000,726.3976256847382,-193.127037525177,28.370652989962505,-0.005080023935608047,9.15315613746643,0.4897229075431824,0.00438816341602557,-199.75082483887672,38.421040494662876,,0.36617342829704286,
980000,729.1995828151703,-200.99385285377502,33.02559426582918,-0.005388522244369032,9.831898832321167,0.5334314584732056,0.003842714753933274,-199.75082483887672,38.421040494662876,,0.3880667269229889,
984000,732.0205767154694,-191.01555466651917,27.868617985644544,-0.006148272501459967,5.529010486602783,0.5350317120552063,0.006327326258178801,-199.75082483887672,38.421040494662876,,0.3483216971158981,
988000,734.8355801105499,-195.19258785247803,36.168047316524934,-0.006947586702648545,7.9975560188293455,0.5517776370048523,0.006139210646506399,-199.75082483887672,38.421040494662876,,0.3811779320240021,
992000,737.6738739013672,-195.32079410552979,34.303557788432336,-0.004295679947167308,8.616716289520264,0.5230712234973908,0.0018898840197362431,-199.75082483887672,38.421040494662876,,0.36768268048763275,
996000,740.5139355659485,-194.48673820495605,39.263636348521494,-0.004090550498260815,11.732828712463379,0.5880169212818146,0.004156090269680135,-199.75082483887672,38.421040494662876,,0.38444989621639253,
1000000,743.3547558784485,-188.56197357177734,34.47094310390466,-0.005336660979005181,7.650013828277588,0.6357465028762818,0.003939899432744554,-199.75082483887672,38.421040494662876,,0.43298630714416503,
1004000,747.2511556148529,-191.85682249069214,41.473372013042855,-0.006942112611451501,8.453640604019165,0.6570054411888122,0.005462271824944765,-198.7601360231638,36.102394499292934,,0.42815510630607606,
1008000,750.0683839321136,-188.77785384655,34.70934168092444,-0.0056046726295415185,7.895168590545654,0.67771418094635,0.0033149131459262017,-198.7601360231638,36.102394499292934,,0.3904327660799026,
1012000,752.8999254703522,-195.37103033065796,32.70325138102135,-0.004522275934616715,8.48094277381897,0.7026671588420867,0.0018425133981509133,-198.7601360231638,36.102394499292934,,0.3803551584482193,
1016000,755.7263956069946,-199.72817301750183,34.84787797922072,-0.0062268173129608195,8.382689666748046,0.7091709434986114,0.00454362477757968,-198.7601360231638,36.102394499292934,,0.40131614804267884,
1020000,758.561003446579,-189.44319200515747,34.17846778051575,-0.004495759328982452,9.321949768066407,0.7251502096652984,0.0037289062131506735,-198.7601360231638,36.102394499292934,,0.42123032212257383,
1024000,761.3906304836273,-199.5793752670288,35.11833556619282,-0.004554443291698895,12.640109729766845,0.6844164133071899,0.004556691643665544,-198.7601360231638,36.102394499292934,,0.45691815614700315,
1028000,764.2307312488556,-188.5407485961914,32.26212171292028,-0.006713732103817182,9.150482320785523,0.7185428678989411,0.006301253588792566,-198.7601360231638,36.102394499292934,,0.4310866266489029,
1032000,767.0620925426483,-191.6779661178589,32.00494850961916,-0.004874352904308221,7.590256786346435,0.672415167093277,0.00296329336807446,-198.7601360231638,36.102394499292934,,0.4426103711128235,
1036000,769.8623223304749,-196.3299684524536,39.533028315556194,-0.007407643313364432,8.944703102111816,0.6681454896926879,0.005251071488601156,-198.7601360231638,36.102394499292934,,0.44349280893802645,
1040000,772.7551732063293,-194.32310819625854,34.59930006475807,-0.004320564834167939,9.224396133422852,0.7050741672515869,0.0043213029756831835,-198.7601360231638,36.102394499292934,,0.4223782539367676,
1044000,776.6660895347595,-187.78785848617554,31.763723397029942,-0.00555355668455979,10.993230533599853,0.6962686359882355,0.004579691344251291,-196.20462472736835,30.97482322636423,,0.404118674993515,
1048000,779.4701249599457,-188.83068025112152,34.93153416182146,-0.006727042194610888,9.148643636703492,0.703151959180832,0.003929690172662958,-196.20462472736835,30.97482322636423,,0.41388959288597105,
1052000,782.3395478725433,-195.3708325624466,34.526884699026326,-0.0070416404653030115,10.274345588684081,0.6840490162372589,0.006968214714977261,-196.20462472736835,30.97482322636423,,0.4205477923154831,
1056000,785.2009971141815,-187.77814316749573,25.399732033713082,-0.005468016715254631,8.130702209472656,0.7079134345054626,0.006932222820818445,-196.20462472736835,30.97482322636423,,0.4093407064676285,
1060000,788.0563216209412,-181.24660980701447,28.04541365273377,-0.00630909004008087,7.952709007263183,0.6692926049232483,0.0029448018558014153,-196.20462472736835,30.97482322636423,,0.39200722575187685,
1064000,790.9108710289001,-183.55782103538513,30.664384008656643,-0.005022413223826616,11.370867061614991,0.7265026211738587,0.005253118356534592,-196.20462472736835,30.97482322636423,,0.4055228143930435,
1068000,793.7773447036743,-191.56259560585022,28.69711113695183,-0.007667219522874813,7.7261005401611325,0.7512119948863983,0.005152643052861094,-196.20462472736835,30.97482322636423,,0.39832314252853396,
1072000,796.6194000244141,-191.72781658172607,32.449530131020445,-0.005618379722194167,10.2439697265625,0.7352459013462067,0.00574578745290637,-196.20462472736835,30.97482322636423,,0.4003224641084671,
1076000,799.4778273105621,-185.6072483062744,25.170289430653533,-0.007860785454511632,7.189673662185669,0.6875541985034943,0.005572501465212554,-196.20462472736835,30.97482322636423,,0.37951511442661284,
1080000,802.319414138794,-192.30935287475586,33.275428005911536,-0.005741582054489625,8.234970235824585,0.7013164758682251,0.005223277796137449,-196.20462472736835,30.97482322636423,,0.37072294354438784,
1084000,806.2262189388275,-192.87744164466858,37.39255757716514,-0.004601981316227466,9.062903308868409,0.7118529319763184,0.009619940223637968,-191.7700494080782,29.297794247287722,,0.36820868253707884,
1088000,809.0703666210175,-195.31314826011658,34.448128476352395,-0.005164032157355436,9.398945951461792,0.7421739816665649,0.0029780484444927426,-191.7700494080782,29.297794247287722,,0.4345783829689026,
1092000,811.916218996048,-187.25057315826416,31.009705923039554,-0.0072240881025791735,8.593571615219116,0.728768503665924,0.006117180420551449,-191.7700494080782,29.297794247287722,,0.4317207396030426,
1096000,814.7546310424805,-184.18494510650635,31.11507370263218,-0.006556183951285988,7.293915128707885,0.7788564443588257,0.004950495233720531,-191.7700494080782,29.297794247287722,,0.39721629917621615,
1100000,817.5973024368286,-185.0051406621933,32.260776754818494,-0.007746781178439655,6.830557489395142,0.8408444225788116,0.006902263837400824,-191.7700494080782,29.297794247287722,,0.41308162212371824,
1104000,820.443393945694,-190.89173865318298,32.378077517213896,-0.005403799141136289,12.87620210647583,0.8176927924156189,0.0027511792664881795,-191.7700494080782,29.297794247287722,,0.43926515579223635,
1108000,823.2857439517975,-191.73322176933289,32.794474725552206,-0.003997869283115918,10.001427268981933,0.7964324593544007,0.004861765968690967,-191.7700494080782,29.297794247287722,,0.38732011914253234,
1112000,826.1301012039185,-193.48683035373688,32.23484032500177,-0.006500565574038752,7.029653644561767,0.8095056474208832,0.0023149373351455615,-191.7700494080782,29.297794247287722,,0.40199088752269746,
1116000,828.982547044754,-186.50859570503235,33.81534403671138,-0.005353921509658299,10.98165864944458,0.8004190921783447,0.007591613033010314,-191.7700494080782,29.297794247287722,,0.4303982377052307,
1120000,831.8326148986816,-183.26093554496765,28.955968509583126,-0.0043784277713081465,9.534865379333496,0.7531231820583344,0.006003380415495485,-191.7700494080782,29.297794247287722,,0.39044187068939207,
1124000,835.750034570694,-198.91200196743011,33.678956911169834,-0.004896695197249379,11.963205051422118,0.7571496665477753,0.0055757619972961695,-190.88906982541084,34.09821290858595,,0.3824955075979233,
1128000,838.5918307304382,-187.91615545749664,32.425705017750914,-0.004520696712657824,9.694170713424683,0.7273171484470368,0.0040499244816601275,-190.88906982541084,34.09821290858595,,0.379643040895462,
1132000,841.4354574680328,-189.41311168670654,30.90591497526676,-0.007540964432992059,6.828657341003418,0.7405119836330414,0.008044686168432236,-190.88906982541084,34.09821290858595,,0.37714986503124237,
1136000,844.282853603363,-194.33897960186005,35.59678372389819,-0.00854443749599163,8.383065509796143,0.783540815114975,0.008353976521175355,-190.88906982541084,34.09821290858595,,0.3860173046588898,
1140000,847.1228733062744,-188.02685225009918,34.81158142540432,-0.006637763773712013,7.622972583770752,0.7535830497741699,0.012301708912166465,-190.88906982541084,34.09821290858595,,0.42764794528484346,
1144000,849.9583384990692,-194.207745552063,36.02462135444877,-0.005677919471287174,7.861883211135864,0.7210067093372345,0.005674289126181975,-190.88906982541084,34.09821290858595,,0.3939092457294464,
1148000,852.7965064048767,-181.6159406900406,33.01826405651341,-0.007760735336691127,6.2880922794342045,0.6815501391887665,0.007683477262733507,-190.88906982541084,34.09821290858595,,0.4001531213521957,
1152000,855.6370480060577,-197.52116012573242,33.72965839451842,-0.0072304285261779455,8.629894924163818,0.6576609134674072,0.0068349504124683765,-190.88906982541084,34.09821290858595,,0.3737798184156418,
1156000,858.4945957660675,-195.2329819202423,31.85783892851329,-0.0038140475900533487,17.9815975189209,0.669145667552948,0.007226168041738368,-190.88906982541084,34.09821290858595,,0.37333339750766753,
1160000,861.3339657783508,-194.4483734369278,32.088038524209416,-0.004487035251533022,14.869457817077636,0.6585520029067993,0.003971209863084369,-190.88906982541084,34.09821290858595,,0.35690813362598417,
1164000,865.245167016983,-188.86103510856628,34.650105752664935,-0.004606962990791846,9.165146112442017,0.6253084182739258,0.0037460688618011773,-205.65983587503433,39.62957069160587,,0.3711412847042084,
1168000,868.0804493427277,-192.1641161441803,35.63522317601076,-0.006253229076042777,6.827535820007324,0.6345476627349853,0.005396840116009116,-205.65983587503433,39.62957069160587,,0.3370798021554947,
1172000,870.9197924137115,-191.46598279476166,34.21747493534528,-0.00444318910920991,9.300991630554199,0.6361941456794739,0.002015168545146784,-205.65983587503433,39.62957069160587,,0.38669427633285525,
1176000,873.7745046615601,-194.9933009147644,32.69597797334375,-0.00524675325769941,7.610478687286377,0.5959689497947693,0.010548054556051945,-205.65983587503433,39.62957069160587,,0.3489642471075058,
1180000,876.627475976944,-184.9126571416855,33.670955355883095,-0.005705086164642115,7.361905241012574,0.5718965113162995,0.005431501287966966,-205.65983587503433,39.62957069160587,,0.35871124267578125,
1184000,879.4868772029877,-195.38151252269745,34.217567353906205,-0.007852388152542212,7.4816793441772464,0.5826873421669007,0.009597935131751001,-205.65983587503433,39.62957069160587,,0.3732368528842926,
1188000,882.3513100147247,-198.23849153518677,36.12414107329288,-0.0032341655280130333,13.72887887954712,0.5318836808204651,0.001913955689970559,-205.65983587503433,39.62957069160587,,0.3314639389514923,
1192000,885.1935849189758,-189.05434107780457,33.657687156493246,-0.00554829719367742,7.630335998535156,0.5434062242507934,0.0041124999115709215,-205.65983587503433,39.62957069160587,,0.336131227016449,
1196000,887.9809699058533,-192.54757976531982,32.02339821050706,-0.0056102311030651105,6.569673871994018,0.5841289937496186,0.005955685838125646,-205.65983587503433,39.62957069160587,,0.3079184353351593,
1200000,890.8470051288605,-196.63638961315155,36.36524694506889,-0.006490139524141991,6.00826587677002,0.5417557835578919,0.004075061620824272,-205.65983587503433,39.62957069160587,,0.3478595703840256,
1204000,894.7761626243591,-187.01667404174805,33.51928230001601,-0.0046933856412457505,8.130311632156372,0.5655319809913635,0.0031821010916028404,-204.86083115637302,33.9656381358425,,0.3193645000457764,
1208000,897.6310002803802,-189.94736790657043,34.47536575496693,-0.003646005757230686,7.700822639465332,0.5580553233623504,0.005179914545112662,-204.86083115637302,33.9656381358425,,0.3174189209938049,
1212000,900.4836549758911,-190.58634746074677,41.97020578172478,-0.005722999503836057,10.543176555633545,0.549689793586731,0.0039013296214398087,-204.86083115637302,33.9656381358425,,0.3026896119117737,
1216000,903.3336753845215,-186.43863129615784,29.900822840789157,-0.004689855240285379,7.792539405822754,0.5641263663768769,0.007560269572306488,-204.86083115637302,33.9656381358425,,0.36161333620548247,
1220000,906.1912925243378,-198.32327914237976,38.35361119456734,-0.004319128072199719,11.868435859680176,0.5384554088115692,0.0032164384199859343,-204.86083115637302,33.9656381358425,,0.3150908321142197,
1224000,908.8729174137115,-186.70139908790588,29.541313811120016,-0.005808672085714839,6.521251535415649,0.5497714281082153,0.0038958620891790473,-204.86083115637302,33.9656381358425,,0.32332842648029325,
1228000,911.5584332942963,-195.0407977104187,31.458700409284287,-0.006463769267313157,5.904652166366577,0.5375980317592621,0.006641436660196653,-204.86083115637302,33.9656381358425,,0.3302684247493744,
1232000,914.2663893699646,-195.57783818244934,35.84961057137754,-0.003942003893200319,12.523896884918212,0.5481924474239349,0.00289566464745441,-204.86083115637302,33.9656381358425,,0.3521223306655884,
1236000,917.0382645130157,-191.73780179023743,28.481806252851257,-0.006147074271924779,6.6077107906341555,0.5571851193904876,0.005582433263771236,-204.86083115637302,33.9656381358425,,0.3658238470554352,
1240000,919.862958908081,-179.4842232465744,32.49145014862406,-0.006579315585084266,6.555050468444824,0.525283694267273,0.006353249493986368,-204.86083115637302,33.9656381358425,,0.348921874165535,
1244000,923.7602684497833,-191.56484937667847,41.21541961489538,-0.004317055858050978,11.254698276519775,0.5532786607742309,0.005769733060151339,-201.30773590505123,32.08736224488842,,0.35011263787746427,
1248000,926.6004889011383,-192.4472633600235,37.191387051961065,-0.0049977407450787934,8.228015089035035,0.538525128364563,0.006937492522411048,-201.30773590505123,32.08736224488842,,0.3399473547935486,
1252000,929.4407169818878,-193.48084354400635,35.3916980687199,-0.005233996109881733,8.590251970291138,0.5103401958942413,0.004347172926645726,-201.30773590505123,32.08736224488842,,0.30226504504680635,
1256000,932.2833485603333,-196.9376940727234,36.1507020786661,-0.0054889787086285224,9.822686576843262,0.5873692870140076,0.003743859869427979,-201.30773590505123,32.08736224488842,,0.3335659563541412,
1260000,935.1267178058624,-191.80015468597412,36.66704893075523,-0.005513392244931303,9.648768186569214,0.6131537675857544,0.005868153843073198,-201.30773590505123,32.08736224488842,,0.30607558190822604,
1264000,937.9707705974579,-186.8056662082672,26.93327895815331,-0.004465042730560498,7.764301490783692,0.5834030151367188,0.0034875659039244056,-201.30773590505123,32.08736224488842,,0.28817242980003355,
1268000,940.8103532791138,-188.2133470773697,31.79199573032347,-0.004728216427223053,8.330744075775147,0.6097433388233184,0.006039354362292216,-201.30773590505123,32.08736224488842,,0.29458449184894564,
1272000,943.6438426971436,-187.24859952926636,29.590001496212125,-0.005553970155461307,7.170457410812378,0.6137548208236694,0.004245633404934779,-201.30773590505123,32.08736224488842,,0.31930704414844513,
1276000,946.4575231075287,-190.82942509651184,30.1753256717314,-0.006684560164188324,6.404242610931396,0.5834925413131714,0.006217150246084202,-201.30773590505123,32.08736224488842,,0.30362595021724703,
1280000,949.2904567718506,-190.41380643844604,34.838573953690045,-0.005773824250170367,8.251278638839722,0.6197489619255065,0.0028927833598572763,-201.30773590505123,32.08736224488842,,0.287895479798317,
1284000,952.9905734062195,-195.27610397338867,32.464652805414325,-0.005309342405137895,9.312043714523316,0.6483093857765198,0.004635948850773275,-202.29492085427046,32.178700320650115,,0.2689483106136322,
1288000,955.6364352703094,-191.40247201919556,36.48346090273473,-0.005758066681834517,6.6904925346374515,0.6387516617774963,0.005332720282967785,-202.29492085427046,32.178700320650115,,0.3015787899494171,
1292000,958.2770371437073,-186.1438603401184,27.13559543701581,-0.004767328179208619,8.23865098953247,0.6374728083610535,0.0030554639910890915,-202.29492085427046,32.178700320650115,,0.32821057736873627,
1296000,960.920045375824,-191.03426885604858,35.23403616253895,-0.0045364407846548715,11.048439025878906,0.5984880268573761,0.006800135556841269,-202.29492085427046,32.178700320650115,,0.28145297765731814,
1300000,963.5710427761078,-182.32545936107635,36.5091647559616,-0.004098925383451047,10.90582857131958,0.5597939908504486,0.002423565817676732,-202.29492085427046,32.178700320650115,,0.30568553507328033,
1304000,966.2364113330841,-190.5988576412201,37.38211055545865,-0.005689703933739398,9.96559190750122,0.6183830440044403,0.0062542964005842805,-202.29492085427046,32.178700320650115,,0.2999518305063248,
1308000,969.0695607662201,-182.75403690338135,32.409231659841545,-0.005665861270700923,7.287382555007935,0.6311929106712342,0.006404911350691744,-202.29492085427046,32.178700320650115,,0.32969675660133363,
1312000,971.9155130386353,-184.49545216560364,35.5758703946126,-0.007069975860727417,7.225651979446411,0.6173174500465393,0.005729610199341551,-202.29492085427046,32.178700320650115,,0.3287799745798111,
1316000,974.7641544342041,-190.42501497268677,31.34616183212777,-0.005538729948612442,10.722649478912354,0.6022831439971924,0.0038008055358659475,-202.29492085427046,32.178700320650115,,0.32339818477630616,
1320000,977.6107430458069,-189.72788035869598,35.42330731188459,-0.006872125307563692,7.495740032196045,0.6313077807426453,0.009704646885395051,-202.29492085427046,32.178700320650115,,0.300746014714241,
1324000,981.4607951641083,-190.50634384155273,35.76944134570446,-0.005668865248871402,12.365392780303955,0.6391203820705413,0.0050480094275360265,-198.08543204516172,37.337406676669694,,0.34901145100593567,
1328000,984.2150790691376,-193.9816848039627,39.38138915294611,-0.006025381861565015,9.45394787788391,0.5994383096694946,0.003957511311455164,-198.08543204516172,37.337406676669694,,0.28618126213550565,
1332000,986.9631371498108,-193.12648570537567,31.53917318322921,-0.005851394675206479,8.272432327270508,0.6405149519443512,0.003553893152275123,-198.08543204516172,37.337406676669694,,0.32209429144859314,
1336000,989.6678802967072,-186.19604444503784,29.601831949059903,-0.006120775014938173,7.795821189880371,0.6386543154716492,0.010860965494066477,-198.08543204516172,37.337406676669694,,0.35681427717208863,
1340000,992.4985489845276,-182.2501573562622,28.323908720212174,-0.005408460012171545,6.430733394622803,0.5999050140380859,0.005815994656586554,-198.08543204516172,37.337406676669694,,0.330154675245285,
1344000,995.3242573738098,-188.71426606178284,37.47590973066883,-0.006116069598123275,8.73765139579773,0.6266836166381836,0.0048665211943443865,-198.08543204516172,37.337406676669694,,0.32232114374637605,
1348000,998.1135425567627,-182.45390224456787,34.682417172630565,-0.007542222905903983,5.437927913665772,0.6306544363498687,0.004625121771823615,-198.08543204516172,37.337406676669694,,0.34326566755771637,
1352000,1000.8866219520569,-184.21502220630646,31.734926537761467,-0.006371177048422405,8.387801599502563,0.6027734398841857,0.006134390966326464,-198.08543204516172,37.337406676669694,,0.3454362481832504,
1356000,1003.6694030761719,-190.60851442813873,33.562284563780274,-0.006281655469909353,8.872326183319093,0.661468505859375,0.005975274872616865,-198.08543204516172,37.337406676669694,,0.32351047098636626,
1360000,1006.4675529003143,-187.61639857292175,33.71237821378855,-0.007598145286707591,6.704811382293701,0.717966091632843,0.009563269778154781,-198.08543204516172,37.337406676669694,,0.34932064414024355,
1364000,1010.3518016338348,-187.62400472164154,36.949537245509944,-0.005029854516033083,10.534136199951172,0.7007896125316619,0.005797425541095436,-190.5556831508875,30.710361339726163,,0.34005963802337646,
1368000,1013.1164269447327,-191.62058019638062,35.57781365144914,-0.005895061751129127,11.915340328216553,0.6660213828086853,0.004408067609959598,-190.5556831508875,30.710361339726163,,0.31547905802726744,
1372000,1015.9712867736816,-184.40949988365173,39.68802899372479,-0.0059931724012519,9.370163249969483,0.7256416320800781,0.008775938076122359,-190.5556831508875,30.710361339726163,,0.2873471438884735,
1376000,1018.8218502998352,-187.48136174678802,28.10683207340204,-0.005881834338729597,6.02997317314148,0.7146884799003601,0.0044516028099363504,-190.5556831508875,30.710361339726163,,0.3229650557041168,
1380000,1021.6680738925934,-190.69298648834229,33.18629861696135,-0.004308668376489855,8.253155755996705,0.738572072982788,0.0029778983345410738,-190.5556831508875,30.710361339726163,,0.33906425833702086,
1384000,1024.5159904956818,-191.94404554367065,34.7273879390786,-0.005398149196446567,11.13835039138794,0.7640957772731781,0.00422499340493232,-190.5556831508875,30.710361339726163,,0.3342189133167267,
1388000,1027.365648508072,-188.1651097536087,33.17490547262927,-0.0060858871911962705,9.5951904296875,0.7122868180274964,0.004571181784558576,-190.5556831508875,30.710361339726163,,0.31008081138134,
1392000,1030.208832502365,-190.5341796875,30.018998304845645,-0.006119781725574302,5.572197675704956,0.7019347429275513,0.005198684815317422,-190.5556831508875,30.710361339726163,,0.3365003079175949,
1396000,1033.0353734493256,-190.22817206382751,37.098735212789,-0.0061172780195871915,7.315427207946778,0.7291029810905456,0.008052722447862237,-190.5556831508875,30.710361339726163,,0.31074858009815215,
1400000,1035.8647305965424,-186.21098840236664,36.728008566467466,-0.005300512686216586,9.994717597961426,0.693697863817215,0.004955556985378884,-190.5556831508875,30.710361339726163,,0.3253993034362793,
1404000,1039.7789857387543,-190.39571452140808,28.002553652264954,-0.005854069675629426,6.93511996269226,0.7364120483398438,0.00518766175955534,-194.8411637097597,35.935241815742856,,0.31463912427425383,
1408000,1042.6212768554688,-186.3537665605545,37.695075076728074,-0.00589531618422674,7.014381551742554,0.6917852878570556,0.004800409311428666,-194.8411637097597,35.935241815742856,,0.2955521881580353,
1412000,1045.4665701389313,-196.19724822044373,35.589200749147636,-0.005435175453467916,8.797854948043824,0.7092413127422332,0.003825255432476604,-194.8411637097597,35.935241815742856,,0.32489329278469087,
1416000,1048.311651468277,-190.7881691455841,33.283030236064235,-0.00260136549539558,10.257905387878418,0.7104763388633728,0.002426793792983517,-194.8411637097597,35.935241815742856,,0.2796205222606659,
1420000,1051.1537697315216,-191.2496749162674,35.71709357936701,-0.005474824859450234,13.004648780822754,0.6989546954631806,0.005565422820004962,-194.8411637097597,35.935241815742856,,0.3060549944639206,
1424000,1053.9994759559631,-185.55395901203156,32.8802848664736,-0.007827552620166323,5.748117113113404,0.6600060820579529,0.007357416372164183,-194.8411637097597,35.935241815742856,,0.2920643538236618,
1428000,1056.8505156040192,-191.8777778148651,35.327585674547926,-0.004948450486719125,10.719049739837647,0.7158847451210022,0.0053660164397831165,-194.8411637097597,35.935241815742856,,0.30970244109630585,
1432000,1059.695568561554,-191.41558694839478,29.628933856286096,-0.006956779227281551,7.106565237045288,0.7513852536678314,0.004049155253596837,-194.8411637097597,35.935241815742856,,0.2963816672563553,
1436000,1062.5514616966248,-187.82426512241364,31.858584169140304,-0.004709824005607511,8.398894643783569,0.7534240484237671,0.009000294143334031,-194.8411637097597,35.935241815742856,,0.29552720189094545,
1440000,1065.3699872493744,-188.16392588615417,37.57189411936787,-0.005400038920730932,9.043655157089233,0.7276827931404114,0.002559803778422065,-194.8411637097597,35.935241815742856,,0.2779047340154648,
1444000,1069.2870769500732,-187.74325799942017,25.87744393510464,-0.0039005526748175255,8.730339431762696,0.7448517918586731,0.005093442101497203,-194.73237827420235,32.431643065279985,,0.30893194675445557,
1448000,1072.1279814243317,-185.0732786655426,34.454091761591656,-0.008557766761009899,6.1209022998809814,0.7010841310024262,0.009579199990878529,-194.73237827420235,32.431643065279985,,0.2931231677532196,
1452000,1074.9575490951538,-185.0022896528244,34.474626890918984,-0.004092027630230177,8.460577774047852,0.6958353161811829,0.002640401775754686,-194.73237827420235,32.431643065279985,,0.27480230629444125,
1456000,1077.804521560669,-187.09406185150146,32.633797447939195,-0.007475188732147231,5.605719804763794,0.7034874379634857,0.011460766900175567,-194.73237827420235,32.431643065279985,,0.2738515645265579,
1460000,1080.6505229473114,-192.05211794376373,36.48592341711104,-0.006101736562559345,9.92812385559082,0.7191463232040405,0.0017913491019475813,-194.73237827420235,32.431643065279985,,0.30207585692405703,
1464000,1083.4910583496094,-189.45808792114258,31.98651072764433,-0.005127317664368825,7.251095628738403,0.719063264131546,0.0041205285500424795,-194.73237827420235,32.431643065279985,,0.2969423085451126,
1468000,1086.3353850841522,-180.27666997909546,26.442480512362533,-0.005445994244267549,6.747097539901733,0.7254529535770416,0.0042881553750097725,-194.73237827420235,32.431643065279985,,0.25977314412593844,
1472000,1089.1777148246765,-196.43474745750427,42.94778449175872,-0.006051024128527693,11.138514518737793,0.6989331424236298,0.007391935946652772,-194.73237827420235,32.431643065279985,,0.2796202838420868,
1476000,1092.0304176807404,-184.81373369693756,32.066225182397545,-0.00647310011461375,5.433424472808838,0.667147421836853,0.0065613867831416425,-194.73237827420235,32.431643065279985,,0.28710080981254577,
1480000,1094.8784906864166,-194.39696395397186,31.831129494950886,-0.006258239926925491,5.724548816680908,0.7224461674690247,0.005717564083170146,-194.73237827420235,32.431643065279985,,0.2707442998886108,
1484000,1098.7790908813477,-183.37281382083893,32.60684998281997,-0.00661337990111982,6.930921506881714,0.7040199339389801,0.004529847286175936,-196.62331650406122,38.58247723724676,,0.2564212679862976,
1488000,1101.6237041950226,-192.75608015060425,33.70300558270566,-0.0056537494325699985,9.053108406066894,0.7348438858985901,0.006269933764551183,-196.62331650406122,38.58247723724676,,0.28008360862731935,
1492000,1104.4351110458374,-189.32192134857178,27.20314443296694,-0.006983510013048822,7.065063714981079,0.7041773498058319,0.004199749643157702,-196.62331650406122,38.58247723724676,,0.28045114278793337,
1496000,1107.2958245277405,-185.27676403522491,32.30417569148424,-0.006364295507936424,7.766517114639282,0.7119165599346161,0.0054803605016786605,-196.62331650406122,38.58247723724676,,0.3005034655332565,
1500000,1110.1147408485413,-188.4947065114975,35.35534335651276,-0.006808308743871727,7.606519269943237,0.7012887835502625,0.011472407934876827,-196.62331650406122,38.58247723724676,,0.29843594431877135,
1504000,1112.9395725727081,-189.77632117271423,29.125793118425836,-0.005939330294728285,7.443258285522461,0.7445223748683929,0.008318855473771692,-196.62331650406122,38.58247723724676,,0.29466631412506106,
1508000,1115.817146539688,-184.08180117607117,35.16616561195165,-0.0059521483071147685,10.07956600189209,0.719136220216751,0.006311106391920474,-196.62331650406122,38.58247723724676,,0.29669496715068816,
1512000,1118.705671787262,-181.53948092460632,35.176146124838844,-0.007001195922493953,5.651366710662842,0.6910254061222076,0.004909629072062671,-196.62331650406122,38.58247723724676,,0.30429897606372835,
1516000,1121.5620424747467,-188.13624334335327,35.51630981810804,-0.005614532464824152,8.084166097640992,0.7182350277900695,0.011287486692890526,-196.62331650406122,38.58247723724676,,0.2978572517633438,
1520000,1124.4040384292603,-182.53810620307922,33.69395970411037,-0.005694496912726521,6.753061962127686,0.7208297729492188,0.004684863977987952,-196.62331650406122,38.58247723724676,,0.2903731554746628,
1524000,1128.3162670135498,-183.33750331401825,28.39211671672027,-0.006457751383849786,10.292541122436523,0.7477169036865234,0.009778386587277055,-190.04168648272753,33.16710131573717,,0.28840190172195435,
1528000,1131.1745972633362,-181.36157965660095,25.275552946472203,-0.006470281019030732,6.13770899772644,0.7335983276367187,0.0032118558090878935,-190.04168648272753,33.16710131573717,,0.2857633113861084,
1532000,1134.0319888591766,-182.57784140110016,32.43050823473698,-0.005167255234516532,10.025998592376709,0.783994734287262,0.007195294433040544,-190.04168648272753,33.16710131573717,,0.26022050380706785,
1536000,1136.8842718601227,-185.60036444664001,37.46908743394978,-0.0052739729660874705,8.091987609863281,0.7587454557418823,0.006182285907561891,-190.04168648272753,33.16710131573717,,0.28017852604389193,
1540000,1139.7353360652924,-191.63604545593262,29.231546736676282,-0.0048549189938542625,7.550886917114258,0.7559168338775635,0.004619748440105464,-190.04168648272753,33.16710131573717,,0.26737490892410276,
1544000,1142.5848093032837,-191.74078798294067,34.00005677765901,-0.005690310117400621,9.517437267303468,0.776678490638733,0.004310657185851596,-190.04168648272753,33.16710131573717,,0.29949446618556974,
1548000,1145.4335646629333,-188.36136376857758,31.033355365237863,-0.005886337836428268,8.141646146774292,0.7855495035648346,0.009695399925112725,-190.04168648272753,33.16710131573717,,0.26136173605918883,
1552000,1148.2835357189178,-184.3268826007843,27.293251478374835,-0.008690172709214194,5.077909851074219,0.778403776884079,0.006264929770259187,-190.04168648272753,33.16710131573717,,0.2841701090335846,
1556000,1151.138106584549,-196.1313169002533,38.18739640625251,-0.007651028828695417,10.251098823547363,0.7704727709293365,0.004086889923382841,-190.04168648272753,33.16710131573717,,0.28444900512695315,
1560000,1153.9815783500671,-180.35536301136017,29.685288249454526,-0.008459661232229987,6.719162368774414,0.7326911389827728,0.006216957693686709,-190.04168648272753,33.16710131573717,,0.2808356642723083,
1564000,1157.902151107788,-190.9767256975174,34.49925536737033,-0.00633511909112956,7.601672077178955,0.7591562271118164,0.008253685443196445,-187.23382599651814,33.401136869152886,,0.2878945082426071,
1568000,1160.7483673095703,-196.86343383789062,26.759071613666947,-0.004865684410246729,6.615901184082031,0.7674951553344727,0.003995634229814993,-187.23382599651814,33.401136869152886,,0.30305288434028627,
1572000,1163.5954008102417,-189.67572903633118,31.394000654160084,-0.0055784757271176485,5.95368070602417,0.7613874733448028,0.003146036861929957,-187.23382599651814,33.401136869152886,,0.29813228249549867,
1576000,1166.4571621418,-187.47127866744995,33.82252288189065,-0.00697864827544743,5.2925232410430905,0.7800656318664551,0.008667581285350034,-187.23382599651814,33.401136869152886,,0.2910828560590744,
1580000,1169.328238248825,-187.31286466121674,34.977484840244216,-0.006172505088926606,6.8592188358306885,0.7871936917304992,0.00435737018706277,-187.23382599651814,33.401136869152886,,0.2946664929389954,
1584000,1172.1850109100342,-191.44229018688202,32.873708264949784,-0.00473469588901203,11.048667049407959,0.8281864047050476,0.00311907007463752,-187.23382599651814,33.401136869152886,,0.2862370163202286,
1588000,1175.0404155254364,-187.76729917526245,30.28779944534015,-0.0059346074506950956,6.9431281089782715,0.7678714871406556,0.004927663554757622,-187.23382599651814,33.401136869152886,,0.2855231761932373,
1592000,1177.8920991420746,-194.4597579240799,30.954184716096034,-0.0075520020785431186,6.3457831859588625,0.7858447313308716,0.003080760213197209,-187.23382599651814,33.401136869152886,,0.2708463042974472,
1596000,1180.7611751556396,-188.36373615264893,36.54939891251431,-0.006030559887643783,6.586396503448486,0.7496231079101563,0.005176249146461487,-187.23382599651814,33.401136869152886,,0.26512121856212617,
1600000,1183.6024117469788,-188.63527166843414,33.12376535092717,-0.006465623366491258,7.203271865844727,0.7561143577098847,0.00594056213627725,-187.23382599651814,33.401136869152886,,0.25073464065790174,
1604000,1187.5451571941376,-190.83203649520874,33.35303133874756,-0.006104441769731572,7.075982522964478,0.7803597629070282,0.010882297071783498,-195.3045989573002,34.301872575555706,,0.28685595095157623,
1608000,1190.3939135074615,-194.9602882862091,34.97910776965682,-0.005529181685609163,8.368828010559081,0.7899654030799865,0.006114177806070075,-195.3045989573002,34.301872575555706,,0.3048378199338913,
1612000,1193.2445616722107,-183.86033987998962,31.243510451439022,-0.0054734254864355235,8.210882711410523,0.80304434299469,0.004586821824341314,-195.3045989573002,34.301872575555706,,0.2956548869609833,
1616000,1196.09556889534,-191.76289439201355,33.10255553576262,-0.006430746899684881,7.11469521522522,0.7854395091533661,0.004023498777455359,-195.3045989573002,34.301872575555706,,0.3068721115589142,
1620000,1198.937888622284,-186.76151645183563,30.872627384907755,-0.0052063499624297686,9.145426893234253,0.7758770763874054,0.0032081138517241923,-195.3045989573002,34.301872575555706,,0.314208859205246,
1624000,1201.7868473529816,-199.6455638408661,42.81988039257971,-0.004699588075202587,10.092240905761718,0.7337589681148529,0.005890661088051275,-195.3045989573002,34.301872575555706,,0.2662258446216583,
1628000,1204.6306517124176,-185.97847938537598,32.97734570815423,-0.00478865080346198,7.821098327636719,0.7396120667457581,0.0035259945841971787,-195.3045989573002,34.301872575555706,,0.3033250331878662,
1632000,1207.4689242839813,-190.11304819583893,37.111567316721775,-0.006119105414021675,9.224883031845092,0.7440642178058624,0.002346676274396797,-195.3045989573002,34.301872575555706,,0.27986014187335967,
1636000,1210.348004102707,-195.6160876750946,33.760687141070356,-0.005264698147540869,8.181117725372314,0.8244806170463562,0.004414232895942405,-195.3045989573002,34.301872575555706,,0.2940352350473404,
1640000,1213.2261986732483,-187.56372928619385,32.55080556419264,-0.0028017163714977754,9.329139280319215,0.7758696377277374,0.004052128962939605,-195.3045989573002,34.301872575555706,,0.2508655712008476,
1644000,1217.1683735847473,-191.972798705101,33.30125138805752,-0.005047835936847456,9.104633855819703,0.7758492648601532,0.0056032764143310486,-191.96318940073252,36.55273608773409,,0.29891758859157563,
1648000,1220.0443179607391,-187.91482949256897,31.943720033693648,-0.0061567271350261524,8.02820839881897,0.7399408221244812,0.0046199768738588885,-191.96318940073252,36.55273608773409,,0.3165182888507843,
1652000,1222.9209949970245,-185.0773525238037,30.35605977402295,-0.004561729269529025,5.96140604019165,0.6704501867294311,0.00022319307608995587,-191.96318940073252,36.55273608773409,,0.28539426922798156,
1656000,1225.7917046546936,-198.0572235584259,31.826702906801764,-0.0077918866113759755,5.23196702003479,0.6924960851669312,0.005757061258191243,-191.96318940073252,36.55273608773409,,0.2584382057189941,
1660000,1228.6354138851166,-194.64033794403076,34.79750435988595,-0.00592832033250783,5.9344947814941404,0.6947220146656037,0.004048719589714889,-191.96318940073252,36.55273608773409,,0.291215318441391,
1664000,1231.49307513237,-190.02852368354797,30.224944630302605,-0.004143680530755489,8.208168458938598,0.6757418692111969,0.006519235348794616,-191.96318940073252,36.55273608773409,,0.2645171105861664,
1668000,1234.363264799118,-191.60032415390015,34.08043985995327,-0.006352494603333358,9.366885328292847,0.6523702204227447,0.005823761271312833,-191.96318940073252,36.55273608773409,,0.2838233083486557,
1672000,1237.2499935626984,-188.13179528713226,31.80151697788852,-0.004767987963200238,7.36545352935791,0.5969015300273895,0.0029538777999114528,-191.96318940073252,36.55273608773409,,0.2452629029750824,
1676000,1240.1188960075378,-189.83172011375427,30.44008709825263,-0.004803094395436247,6.697677087783814,0.6435936033725739,0.0032916800671955572,-191.96318940073252,36.55273608773409,,0.23671585321426392,
1680000,1242.9638555049896,-180.99154782295227,34.50997863833615,-0.004632770098512995,8.345909023284912,0.6555787861347199,0.0037670958758099005,-191.96318940073252,36.55273608773409,,0.24965121299028398,
1684000,1246.8526539802551,-187.3560447692871,35.14700411210527,-0.0060846114895927615,7.093382215499878,0.6734491944313049,0.0047686820797777415,-194.23491147905588,31.50714687960909,,0.23937217593193055,
1688000,1249.6957094669342,-196.84584867954254,36.63198587654461,-0.004185302219664067,9.688218593597412,0.7104357957839966,0.002896876483563271,-194.23491147905588,31.50714687960909,,0.23572816103696823,
1692000,1252.5321300029755,-192.64400386810303,38.73889295130848,-0.005849841175445647,7.421063947677612,0.6553298592567444,0.0026519651502070474,-194.23491147905588,31.50714687960909,,0.2315131589770317,
1696000,1255.381607055664,-188.10485243797302,36.49915875532924,-0.004016300095478087,11.01570692062378,0.700690072774887,0.00529453378985636,-194.23491147905588,31.50714687960909,,0.2524223983287811,
1700000,1258.2296664714813,-189.69586217403412,37.245716182387724,-0.004400432419497502,8.591489315032959,0.6683554828166962,0.003497370165792146,-194.23491147905588,31.50714687960909,,0.23507925271987914,
1704000,1261.0674741268158,-196.2617893218994,39.239626037106426,-0.004922748743866912,10.833269023895264,0.6725643277168274,0.003718170481811711,-194.23491147905588,31.50714687960909,,0.2337230011820793,
1708000,1263.9169323444366,-185.11707639694214,30.575730588157235,-0.004783872739411876,8.866375875473022,0.7134420871734619,0.004193774564191699,-194.23491147905588,31.50714687960909,,0.23481585532426835,
1712000,1266.775752544403,-200.62353610992432,34.98661394291843,-0.005605197072106627,7.0406941890716555,0.7252084791660309,0.005074429132665198,-194.23491147905588,31.50714687960909,,0.22806258201599122,
1716000,1269.619788646698,-188.4234127998352,36.61119005067843,-0.0060761295847284735,7.748597574234009,0.7963379681110382,0.00601883030612953,-194.23491147905588,31.50714687960909,,0.22688990831375122,
1720000,1272.4455189704895,-189.69402766227722,37.675777437008584,-0.005744943979506622,9.96178731918335,0.8117116034030915,0.003080882025824394,-194.23491147905588,31.50714687960909,,0.22921980619430543,
1724000,1276.3391697406769,-192.45866441726685,28.369703095447456,-0.005540027269162228,7.379623889923096,0.8076704621315003,0.005641161999665201,-189.64564868807793,33.388091053539156,,0.21539074331521987,
1728000,1279.185760974884,-196.96096754074097,35.06280964594743,-0.004260526951324816,6.294583082199097,0.8033073782920838,0.0031523594258275446,-189.64564868807793,33.388091053539156,,0.24275283217430116,
1732000,1282.0601365566254,-188.25361478328705,30.77946588066145,-0.00681117564936482,5.670093822479248,0.7712240517139435,0.0057568189380690525,-189.64564868807793,33.388091053539156,,0.22646035104990006,
1736000,1284.9361820220947,-189.04454219341278,30.619463251216732,-0.003962993758497757,6.480286169052124,0.7560454607009888,0.006751265982165933,-189.64564868807793,33.388091053539156,,0.22120313495397567,
1740000,1287.810659646988,-189.6929075717926,39.05456073523616,-0.004174974605053094,7.883160400390625,0.7829923927783966,0.00633058911251525,-189.64564868807793,33.388091053539156,,0.22020756006240844,
1744000,1290.6784806251526,-193.09469306468964,30.343080688638334,-0.004337441154600441,8.943744468688966,0.7999817550182342,0.00681517871314039,-189.64564868807793,33.388091053539156,,0.2288125917315483,
1748000,1293.5217471122742,-192.08341026306152,34.92120323203572,-0.004517044579299778,8.819771146774292,0.841329711675644,0.00349411306646652,-189.64564868807793,33.388091053539156,,0.22141044735908508,
1752000,1296.355610370636,-181.30758810043335,31.132167482774374,-0.003841493154487885,7.248842573165893,0.8025209009647369,0.005657052545032215,-189.64564868807793,33.388091053539156,,0.23892959207296371,
1756000,1299.1982111930847,-188.04846119880676,27.258700073901373,-0.007468877185136069,4.860842156410217,0.7900525391101837,0.004017929916968565,-189.64564868807793,33.388091053539156,,0.24237752556800843,
1760000,1302.0429904460907,-187.85143065452576,32.67150557016359,-0.005180522824637634,6.781752967834473,0.7639764726161957,0.0054130190241461484,-189.64564868807793,33.388091053539156,,0.2061202958226204,
1764000,1305.948558330536,-180.68626654148102,32.54091847906172,-0.005569708470332757,6.611335420608521,0.7825970470905304,0.0016228271648287772,-189.90282042324543,28.99872395250277,,0.2055141106247902,
1768000,1308.8035728931427,-183.33390164375305,34.96898128298861,-0.005697255705638504,7.845829629898072,0.7824818253517151,0.009002662776038051,-189.90282042324543,28.99872395250277,,0.23502910137176514,
1772000,1311.6586339473724,-191.49033224582672,29.84331110734995,-0.004509410974259176,8.217818641662598,0.8550243496894836,0.003886688727652654,-189.90282042324543,28.99872395250277,,0.22487176954746246,
1776000,1314.5237715244293,-194.24686932563782,37.21759645374999,-0.005383234193005304,8.100701379776002,0.8646961033344269,0.0038579206822905833,-189.90282042324543,28.99872395250277,,0.2316962242126465,
1780000,1317.3776700496674,-186.312317609787,31.033118108630823,-0.00590673218946911,7.935413980484009,0.8377777695655823,0.005301959519895405,-189.90282042324543,28.99872395250277,,0.23268744796514512,
1784000,1320.24756026268,-191.9652283191681,35.13431245446126,-0.005456543474147718,5.584253311157227,0.8349118888378143,0.0029080725326203092,-189.90282042324543,28.99872395250277,,0.21761513501405716,
1788000,1323.1175248622894,-186.23255062103271,32.6457223968286,-0.004460046996828204,9.279310035705567,0.8305256366729736,0.0030741422931896524,-189.90282042324543,28.99872395250277,,0.22672567814588546,
1792000,1325.9513006210327,-193.11718475818634,34.212888665068995,-0.004296285263495525,11.03150749206543,0.8320923149585724,0.003357429686371116,-189.90282042324543,28.99872395250277,,0.21480366289615632,
1796000,1328.7992475032806,-196.4434096813202,31.590497135264084,-0.005229227183464325,7.099772882461548,0.8405798435211181,0.002900224226323189,-189.90282042324543,28.99872395250277,,0.2199205458164215,
1800000,1331.6576223373413,-190.15702831745148,33.60073264237294,-0.0035995270986264316,7.1124903678894045,0.7963837802410125,0.006108309680401991,-189.90282042324543,28.99872395250277,,0.250860795378685,
1804000,1335.5486245155334,-188.0409665107727,27.706107774856097,-0.004906843717209952,8.614123487472535,0.7575614213943481,0.004382470250129699,-187.84237052500248,30.703284971404592,,0.23007965981960296,
1808000,1338.3858070373535,-187.2715265750885,30.121994487444947,-0.0062222959031350555,8.576344203948974,0.8049092650413513,0.004665676227887161,-187.84237052500248,30.703284971404592,,0.24214426726102828,
1812000,1341.2144742012024,-191.08745455741882,31.289040444922698,-0.007650489524627701,7.768601989746093,0.8310297131538391,0.005364163161022617,-187.84237052500248,30.703284971404592,,0.22114961445331574,
1816000,1344.0623738765717,-191.27791213989258,33.09074184239178,-0.006283070664387225,8.367328310012818,0.7794658899307251,0.005942911504379778,-187.84237052500248,30.703284971404592,,0.23224616348743438,
1820000,1346.9198486804962,-189.20533895492554,29.439206040118385,-0.004340971118770654,12.388697147369385,0.8293629646301269,0.000951945518318098,-187.84237052500248,30.703284971404592,,0.24777051955461502,
1824000,1349.8243098258972,-192.46798706054688,34.495498262204194,-0.0054823614425647095,10.554399013519287,0.7859418630599976,0.005158442092943005,-187.84237052500248,30.703284971404592,,0.22410165667533874,
1828000,1352.6864385604858,-190.35354256629944,30.421225339012395,-0.0062696271869354,7.80356731414795,0.8273317098617554,0.0080735883442685,-187.84237052500248,30.703284971404592,,0.22876382917165755,
1832000,1355.5422675609589,-192.13962590694427,37.93923527148287,-0.005976903665422828,9.647908878326415,0.7994883418083191,0.0046128590707667175,-187.84237052500248,30.703284971404592,,0.26758665442466734,
1836000,1358.3826413154602,-186.13816249370575,30.814707711626763,-0.007812809013761602,6.764026641845703,0.8167270958423615,0.008235131530091167,-187.84237052500248,30.703284971404592,,0.2424210324883461,
1840000,1361.2235081195831,-184.21506190299988,28.605809220296475,-0.006721749231684981,7.034580326080322,0.8087547302246094,0.006549626227933913,-187.84237052500248,30.703284971404592,,0.24669788926839828,
1844000,1365.1274464130402,-189.52119421958923,28.19868945756977,-0.00584600045671686,6.787852478027344,0.7480744063854218,0.003922636758846565,-183.28542424738407,25.125769724844037,,0.2342829868197441,
1848000,1367.967811346054,-190.95398902893066,30.643265376179745,-0.006832846534748782,6.287152481079102,0.7842235207557678,0.004882371937856078,-183.28542424738407,25.125769724844037,,0.23200977295637132,
1852000,1370.8086731433868,-186.64466559886932,30.452593956342,-0.005540599604990959,7.9818775177001955,0.7987193703651428,0.0035868008815838513,-183.28542424738407,25.125769724844037,,0.2313172847032547,
1856000,1373.6597301959991,-181.24367690086365,31.051722210983797,-0.00515631227816149,8.635222339630127,0.8169838190078735,0.003034871242241932,-183.28542424738407,25.125769724844037,,0.2051761344075203,
1860000,1376.5027651786804,-182.8265299797058,37.28692351202213,-0.006064714861102405,6.49891037940979,0.8412418067455292,0.005305446026613936,-183.28542424738407,25.125769724844037,,0.22242984175682068,
1864000,1379.335842370987,-190.3731449842453,36.66540681289007,-0.004704710520765154,9.145346069335938,0.8407710790634155,0.0045032581929117296,-183.28542424738407,25.125769724844037,,0.21900632977485657,
1868000,1382.177233695984,-185.0918619632721,32.913025621345916,-0.006410550470308696,9.561303186416627,0.8650893568992615,0.007339420730713755,-183.28542424738407,25.125769724844037,,0.22958034873008729,
1872000,1385.019276380539,-187.06546211242676,31.455561726173308,-0.005568798328749835,7.7521501064300535,0.8337371826171875,0.003733041939267423,-183.28542424738407,25.125769724844037,,0.2057606488466263,
1876000,1387.8722903728485,-186.0751256942749,30.044376824072504,-0.006334230421111009,10.204379272460937,0.8101332485675812,0.0030136715172387695,-183.28542424738407,25.125769724844037,,0.21360031068325042,
1880000,1390.7125613689423,-187.87918901443481,30.13471261703269,-0.0055151199724835735,8.140350341796875,0.8619103729724884,0.004265910519461613,-183.28542424738407,25.125769724844037,,0.18511923551559448,
1884000,1394.6077342033386,-186.60526394844055,30.072056493350907,-0.0063078822887812965,9.901540756225586,0.8326554656028747,0.0058013380968477525,-188.2010439261794,25.220924211882128,,0.20564910471439363,
1888000,1397.4456858634949,-189.0447268486023,30.193436344236076,-0.005626628129743061,9.43204836845398,0.828460294008255,0.00713014027569443,-188.2010439261794,25.220924211882128,,0.21139125227928163,
1892000,1400.283329963684,-186.81500029563904,27.760551443916732,-0.005284371552988887,5.63200364112854,0.8067994534969329,0.005356096889590845,-188.2010439261794,25.220924211882128,,0.20089752227067947,
1896000,1403.1220033168793,-181.67275834083557,33.97729601507923,-0.006840401005931196,6.453029346466065,0.7648569285869599,0.007818602230710337,-188.2010439261794,25.220924211882128,,0.2154012516140938,
1900000,1405.932312488556,-188.18139362335205,32.6515736603247,-0.0060342802167870245,10.292900562286377,0.7480781316757202,0.004630489668343218,-188.2010439261794,25.220924211882128,,0.2158788338303566,
1904000,1408.7697067260742,-190.4319303035736,35.12221983900357,-0.005069693425088184,7.090851545333862,0.7366163194179535,0.004568620863060246,-188.2010439261794,25.220924211882128,,0.2253207892179489,
1908000,1411.595641374588,-187.0712513923645,33.21207041609029,-0.008150871769835533,6.720465421676636,0.7332467079162598,0.010793004409565298,-188.2010439261794,25.220924211882128,,0.22598863691091536,
1912000,1414.4287412166595,-193.15880715847015,31.34875380343528,-0.006714989201476218,6.980408382415772,0.7194769144058227,0.008034608679668409,-188.2010439261794,25.220924211882128,,0.20377274602651596,
1916000,1417.2642159461975,-189.60011065006256,36.18562390967575,-0.006079560455400567,7.493771505355835,0.7099013984203338,0.00892903320491314,-188.2010439261794,25.220924211882128,,0.20092816799879074,
1920000,1420.066118478775,-188.0536208152771,28.841136608095933,-0.007627150569731988,5.679210424423218,0.7056139707565308,0.003983756923116743,-188.2010439261794,25.220924211882128,,0.21775391548871995,
1924000,1423.9433920383453,-186.52268719673157,36.251085971583265,-0.006244861171425598,9.048358011245728,0.7438929080963135,0.008805981603606305,-182.37766312807798,27.947360475496538,,0.2164101004600525,
1928000,1426.775809288025,-189.76407766342163,28.651966128010898,-0.0043758127057226485,6.737883377075195,0.7654989421367645,0.005870177053070335,-182.37766312807798,27.947360475496538,,0.1698652133345604,
1932000,1429.5662534236908,-190.4650857448578,31.928389720181176,-0.006709353754762582,6.106707620620727,0.7571962535381317,0.004880895831806509,-182.37766312807798,27.947360475496538,,0.18005151450634002,
1936000,1432.3735246658325,-183.7481985092163,28.606152538850225,-0.005746080697979749,6.832282304763794,0.7480605363845825,0.00477488766754206,-182.37766312807798,27.947360475496538,,0.21369320005178452,
1940000,1435.2061741352081,-188.75488710403442,36.28469184439496,-0.005502068353661649,12.890632247924804,0.749252587556839,0.0074006204785158295,-182.37766312807798,27.947360475496538,,0.18691168129444122,
1944000,1438.0372052192688,-185.65438878536224,32.45309679387222,-0.005755716066031269,8.157186126708984,0.7310077548027039,0.004372703178320059,-182.37766312807798,27.947360475496538,,0.21030224114656448,
1948000,1440.8670480251312,-183.57857131958008,33.18701761504841,-0.005960934802812234,9.00089659690857,0.7292580246925354,0.0047323178849183025,-182.37766312807798,27.947360475496538,,0.19744362384080888,
1952000,1443.687903881073,-195.71086430549622,40.44774170988726,-0.004951769707491627,11.877795219421387,0.7282227396965026,0.002155512240676538,-182.37766312807798,27.947360475496538,,0.20901798456907272,
1956000,1446.526808977127,-183.06518745422363,28.39291812161088,-0.004888516429423673,7.122249126434326,0.7323379874229431,0.0036051950242836027,-182.37766312807798,27.947360475496538,,0.20732579678297042,
1960000,1449.3649034500122,-184.19106137752533,30.84463525743124,-0.0054350866520156416,8.244441175460816,0.7386751413345337,0.004038634526543339,-182.37766312807798,27.947360475496538,,0.21501995623111725,
1964000,1453.250893831253,-184.03465366363525,31.976248789350898,-0.007582988369589061,6.103926753997802,0.7197079122066498,0.004136008454409179,-186.6169185563922,29.308068611045126,,0.20585689097642898,
1968000,1456.085663318634,-184.7887805700302,26.87267646984221,-0.005541462065031056,6.407960987091064,0.7626768946647644,0.004740180352819157,-186.6169185563922,29.308068611045126,,0.21136103719472885,
1972000,1458.917136669159,-180.23672938346863,26.39904654376013,-0.00739969699069234,5.434000015258789,0.801052588224411,0.007909738062725723,-186.6169185563922,29.308068611045126,,0.19581813663244246,
1976000,1461.6528477668762,-187.56490242481232,27.80019520765498,-0.006142133519907172,5.9014809131622314,0.801575654745102,0.003560526309593115,-186.6169185563922,29.308068611045126,,0.19500221759080888,
1980000,1464.4909327030182,-183.14389634132385,32.3174086549023,-0.006396221706954197,6.066595363616943,0.7688488245010376,0.005681024075640995,-186.6169185563922,29.308068611045126,,0.18676525503396987,
1984000,1467.334221124649,-180.50668799877167,33.32396792914198,-0.005424652808035457,7.379177474975586,0.7628253281116486,0.005301241684355773,-186.6169185563922,29.308068611045126,,0.20323486030101776,
1988000,1470.1792147159576,-187.20608925819397,34.11569810054101,-0.005447554470350324,7.2367072105407715,0.7749135851860046,0.006049624059232883,-186.6169185563922,29.308068611045126,,0.19559343606233598,
1992000,1473.0290999412537,-186.75417518615723,30.337359346011606,-0.006483549572216774,7.891517543792725,0.8167967319488525,0.006794838308201534,-186.6169185563922,29.308068611045126,,0.21769025474786757,
1996000,1475.8503830432892,-178.98553276062012,28.274171853906772,-0.005189846947013088,5.331395053863526,0.7762224078178406,0.00294976752282432,-186.6169185563922,29.308068611045126,,0.19055427610874176,
2000000,1478.6603090763092,-194.02786195278168,33.11424762208597,-0.006702995996611704,6.512521123886108,0.778147679567337,0.0033263722279808228,-186.6169185563922,29.308068611045126,,0.2009683981537819,
