global_step,wall_time_s,ep_return_mean,ep_return_std,policy_loss,value_loss,entropy,approx_kl,eval_return_mean,eval_return_std,mean_k,attn_entropy,lagrange_lambda
4000,8.90373969078064,-722.0027270317078,100.53065814185307,-0.0002474651492647695,524.2959808349609,1.6026207208633423,2.7081448558116673e-05,,,,2.285767078399658,
8000,17.037365674972534,-702.0887589454651,88.3517674535085,-0.0003498983484355733,440.90052185058596,1.592362153530121,9.79334097794826e-07,,,,2.293761873245239,
12000,25.187506198883057,-709.370099067688,99.04726521440138,-0.0006265691563598352,476.495947265625,1.5829957723617554,0.00013347974715604004,,,,2.3176806688308718,
16000,33.37262749671936,-690.6804103851318,74.58083741492396,-0.00034293381712160456,427.7061828613281,1.579910695552826,0.00010063609631227877,,,,2.3210256338119506,
20000,41.4847297668457,-675.9953031539917,76.88022574590873,-0.000256694998264706,331.7518768310547,1.585563838481903,9.37511610294095e-05,,,,2.3134313583374024,
24000,49.66797423362732,-693.98304271698,79.124649829085,-0.00028196132699425113,374.3145477294922,1.5733033657073974,0.00015069513269797273,,,,2.319189214706421,
28000,57.832669258117676,-696.0554847717285,85.42046463132492,-0.000500186769844646,336.33119506835936,1.5712954163551331,4.226110704621533e-05,,,,2.309424042701721,
32000,65.9885241985321,-686.8703632354736,72.54036969895795,-0.0006704948603875494,233.98753051757814,1.565740168094635,4.050722610675628e-05,,,,2.3115883111953734,
36000,74.2180027961731,-686.1837997436523,74.68776104356247,-0.0002939098921620698,207.53935546875,1.5518363475799561,0.0001473358917337464,,,,2.311771512031555,
40000,82.49810743331909,-710.9284000396729,103.4408523139023,-0.0004062160343650589,178.0750701904297,1.562637734413147,3.296391514595598e-06,,,,2.3143292903900146,
44000,93.23192811012268,-696.4563455581665,106.88942274689103,-7.614018737083228e-05,177.41876525878905,1.5697657823562623,0.0,-699.4498497247696,76.12214561379398,,2.3116222620010376,
48000,101.53475999832153,-672.8570470809937,78.6860903905106,-0.00038984241150803457,141.00763092041015,1.570294725894928,0.00011019029888727494,-699.4498497247696,76.12214561379398,,2.310365104675293,
52000,109.86367344856262,-715.4993152618408,83.98176505559299,-0.0005668755928442514,156.50774154663085,1.581201982498169,0.0002294244470504081,-699.4498497247696,76.12214561379398,,2.2962806940078737,
56000,118.0380642414093,-687.5928544998169,103.24261797977724,-0.00032643274102399643,135.66596755981445,1.5756173253059387,3.9388161349052096e-05,-699.4498497247696,76.12214561379398,,2.30633225440979,
60000,126.18016290664673,-725.3034563064575,90.57708342687135,-0.0005091175380027124,135.4998863220215,1.5770203232765199,0.00012275752496134772,-699.4498497247696,76.12214561379398,,2.2752393960952757,
64000,134.34317064285278,-729.4157962799072,95.99174868502685,-0.001050565962970662,89.41736640930176,1.5617069244384765,0.0001321256341956012,-699.4498497247696,76.12214561379398,,2.26274631023407,
68000,142.4752447605133,-695.8228225708008,76.24480411466219,-0.0003753093415677089,87.06928215026855,1.5388240098953248,0.00017924490981870988,-699.4498497247696,76.12214561379398,,2.271970009803772,
72000,150.6240792274475,-711.0138092041016,85.28258551646344,-8.815425954891153e-05,81.93879165649415,1.5489923000335692,0.0,-699.4498497247696,76.12214561379398,,2.221331739425659,
76000,158.75262141227722,-714.9601345062256,83.75072533431766,-0.00030978152200988873,109.3890480041504,1.5545019268989564,0.00015718280515072402,-699.4498497247696,76.12214561379398,,2.2889793634414675,
80000,166.87127113342285,-703.6273393630981,86.54434667282355,-0.00022813154018752613,99.53857612609863,1.5446062803268432,2.7756252166000195e-05,-699.4498497247696,76.12214561379398,,2.289582848548889,
84000,177.49180936813354,-703.3582372665405,86.1516799493799,-0.00034318750097490637,92.0956039428711,1.5439606189727784,0.00015631739100112617,-771.8439624905586,90.97026981609469,,2.3004168272018433,
88000,185.61441922187805,-713.5687084197998,85.19021264405308,-0.0006257279610631273,89.09165458679199,1.5308027744293213,0.0002852152453221318,-771.8439624905586,90.97026981609469,,2.3044815063476562,
92000,193.72767615318298,-744.9952754974365,104.96711115318413,-0.0006781199433413931,89.95717506408691,1.4584376335144043,0.0015187970006760865,-771.8439624905586,90.97026981609469,,2.24215943813324,
96000,201.84208059310913,-812.994044303894,136.60277635624382,-0.0004159437861720683,76.45083160400391,1.3880609273910522,0.0,-771.8439624905586,90.97026981609469,,2.1739829778671265,
100000,210.1153540611267,-791.3382558822632,152.51631285845568,-0.0003304024024982866,92.17098770141601,1.3899934887886047,0.000502967588181491,-771.8439624905586,90.97026981609469,,2.217558670043945,
104000,218.46009945869446,-808.6754369735718,163.39229662534353,-0.0004497376461028324,96.65612602233887,1.4119068741798402,0.0005548193355765174,-771.8439624905586,90.97026981609469,,2.168701672554016,
108000,226.7520580291748,-731.3971319198608,90.09951827267814,-0.0002439506096507671,73.5285779953003,1.4798870921134948,0.0002322564860151033,-771.8439624905586,90.97026981609469,,2.2582940816879273,
112000,234.851793050766,-744.7288551330566,99.92632439189818,-0.0009844151880630924,51.60722618103027,1.4317536234855652,0.0010275207767360072,-771.8439624905586,90.97026981609469,,2.2284926652908323,
116000,242.94720363616943,-732.2797060012817,102.67640001885052,-0.0004748261300119294,63.7867790222168,1.4835056900978087,0.0003778397386243748,-771.8439624905586,90.97026981609469,,2.279012846946716,
120000,251.0456030368805,-767.6930360794067,125.47918274031176,-0.0008949994764747337,62.142831802368164,1.4944336414337158,0.00030660447506428086,-771.8439624905586,90.97026981609469,,2.281400227546692,
124000,261.79296875,-751.7083253860474,127.34225482581309,-0.000734447996355203,75.06710472106934,1.4792052507400513,0.00027083703519019674,-1381.4918789565563,459.7844584539063,,2.2832993030548097,
128000,270.03632140159607,-690.672721862793,85.34766936469073,-0.0005772232134671152,74.07359390258789,1.4963920712471008,0.00047438929505005945,-1381.4918789565563,459.7844584539063,,2.307934045791626,
132000,278.2272524833679,-729.6245203018188,87.72996866074955,-0.0007053199289948964,64.80388870239258,1.4460573554039002,0.0004912744901957921,-1381.4918789565563,459.7844584539063,,2.3059984922409056,
136000,286.41170024871826,-718.0013875961304,92.05504986815609,-0.0006275770668580094,71.25790290832519,1.4522619605064393,0.0005288307671435178,-1381.4918789565563,459.7844584539063,,2.297364616394043,
140000,294.60223412513733,-747.6839094161987,113.875523194314,-0.0005747716070358067,72.95740509033203,1.3764077782630921,0.0005554009298114893,-1381.4918789565563,459.7844584539063,,2.244417691230774,
144000,302.7960786819458,-738.7316732406616,102.52261894262396,-0.0004981204557819475,62.14584846496582,1.3896787643432618,3.821699551190272e-05,-1381.4918789565563,459.7844584539063,,2.308610033988953,
148000,310.98405480384827,-737.2429628372192,123.74897896107122,-0.00020396145844889802,70.50317611694337,1.4324508666992188,0.0009224255786005719,-1381.4918789565563,459.7844584539063,,2.3136343717575074,
152000,319.2010793685913,-709.0189027786255,82.13815187369295,-0.000952253568815653,50.074694061279295,1.4355426669120788,0.0006335615075707568,-1381.4918789565563,459.7844584539063,,2.3071850538253784,
156000,327.3789393901825,-696.4956283569336,76.60668026924125,-0.001257145981634189,39.35825119018555,1.4257885575294496,0.0009067922778970894,-1381.4918789565563,459.7844584539063,,2.2822949409484865,
160000,335.57817482948303,-697.6922359466553,74.67030226690522,-0.000653787000720818,63.3300365447998,1.4342437148094178,0.0005099650765866201,-1381.4918789565563,459.7844584539063,,2.310448980331421,
164000,346.05191588401794,-699.5885667800903,88.52840887658802,-0.0008187017822274267,58.101219177246094,1.426295018196106,0.0003835714255304379,-858.2872506082058,137.1574682030687,,2.3061774730682374,
168000,354.2543828487396,-693.4352607727051,71.19287370321366,-0.0005856999757088311,50.648501014709474,1.4383059740066528,0.00026158700329688146,-858.2872506082058,137.1574682030687,,2.312459111213684,
172000,362.453063249588,-674.648365020752,72.14775218664275,-0.0006477511499712208,58.49989280700684,1.4759841203689574,0.0006427540545701049,-858.2872506082058,137.1574682030687,,2.293946123123169,
176000,370.63292145729065,-698.4271445274353,98.49916580649915,-0.0007579850652061016,62.07802772521973,1.457896077632904,0.0010488116836447014,-858.2872506082058,137.1574682030687,,2.283588743209839,
180000,378.82657408714294,-693.6444854736328,91.75608423915355,-0.0006328233003729755,52.9118371963501,1.4078038930892944,0.0009352750748803373,-858.2872506082058,137.1574682030687,,2.2949249267578127,
184000,387.02517771720886,-681.4864988327026,77.7858280658294,-0.00041422869138489914,64.8674472808838,1.39277845621109,0.0008990381873445585,-858.2872506082058,137.1574682030687,,2.3044090270996094,
188000,395.24009370803833,-691.507875919342,89.26683535413109,-0.0006826610720054305,48.66519393920898,1.4144453883171082,0.0005514559030440847,-858.2872506082058,137.1574682030687,,2.3012121438980104,
192000,403.4195034503937,-684.3998641967773,86.8943072718911,-0.0014344866869505425,73.94601631164551,1.426625144481659,0.0004804439678991912,-858.2872506082058,137.1574682030687,,2.2956473588943482,
196000,411.60984778404236,-678.7632846832275,71.55907771190638,-0.0009389196865570604,74.00367240905761,1.4385262846946716,0.0007499059108279956,-858.2872506082058,137.1574682030687,,2.3012298822402952,
200000,419.83266973495483,-692.241711139679,101.23387913181611,-0.0009860327898980614,70.15094299316407,1.474475085735321,0.0009174949442579683,-858.2872506082058,137.1574682030687,,2.273692560195923,
204000,430.32314801216125,-682.8723945617676,95.96979943461858,-0.0016016947858540575,54.37936954498291,1.489309811592102,0.00030204602226149293,-763.3205625712872,107.68512476051465,,2.2755163431167604,
208000,438.46930718421936,-715.552848815918,92.23433418832536,-0.0005811886809418354,78.27335586547852,1.4612589836120606,0.0009782942732272204,-763.3205625712872,107.68512476051465,,2.307603430747986,
212000,446.6601576805115,-694.8565492630005,90.2559486006621,-0.0010784268888382798,56.132279586791995,1.4384078502655029,0.0007575881059892709,-763.3205625712872,107.68512476051465,,2.310498309135437,
216000,454.8403420448303,-719.1220998764038,105.3246144453633,-0.00175177279411578,70.24531936645508,1.4213641047477723,0.002337485997350694,-763.3205625712872,107.68512476051465,,2.2493791818618774,
220000,463.03400444984436,-736.3916101455688,96.73225617146456,-0.0007571569584640337,75.61932334899902,1.4902987003326416,0.0003639070026110858,-763.3205625712872,107.68512476051465,,2.253902626037598,
224000,471.23939180374146,-726.976146697998,90.97502782272235,-0.0007110301333110858,65.97577476501465,1.4885398507118226,0.0014416140707908197,-763.3205625712872,107.68512476051465,,2.162619137763977,
228000,479.42520022392273,-764.2968120574951,118.14116065713063,-0.0010527619548665879,58.210401916503905,1.4838292121887207,0.002009124026517384,-763.3205625712872,107.68512476051465,,2.1668185710906984,
232000,487.62264704704285,-744.9824342727661,101.81734192055158,-0.0013949965874781255,88.04221839904785,1.4340927600860596,0.0006459897140302928,-763.3205625712872,107.68512476051465,,2.1429303169250487,
236000,495.82750487327576,-717.2074003219604,94.67107589892844,-0.00027279210520403385,81.26944274902344,1.4254117965698243,0.0006432780166505836,-763.3205625712872,107.68512476051465,,2.196295738220215,
240000,504.0535373687744,-704.2299909591675,86.84915498000052,-0.0010953307737363361,50.54523754119873,1.4365729451179505,0.0005246811850156518,-763.3205625712872,107.68512476051465,,2.212268567085266,
244000,514.5910058021545,-702.0593032836914,95.10223773861625,-0.0010740579048870158,63.23777732849121,1.4652012586593628,0.0018368610340985469,-840.8815375268459,151.7481623259013,,2.2207721948623655,
248000,522.7748277187347,-689.2527189254761,81.4739741174716,-0.0009429820408985989,81.30946769714356,1.4509129643440246,0.0006132429053832377,-840.8815375268459,151.7481623259013,,2.188517355918884,
252000,530.9571669101715,-687.1727361679077,95.31875249888957,-0.0010336826327062454,113.46267166137696,1.45083487033844,0.0021104373438089784,-840.8815375268459,151.7481623259013,,2.219615077972412,
256000,539.1461334228516,-702.7819786071777,71.5965213013131,-0.0013832243731012994,83.52574310302734,1.432390809059143,0.0014808601146796719,-840.8815375268459,151.7481623259013,,2.2278647899627684,
260000,547.3479156494141,-698.5504784584045,92.34202846055747,-0.0013234579378816557,78.15143737792968,1.457054603099823,0.0013469470373820513,-840.8815375268459,151.7481623259013,,2.1916263580322264,
264000,555.5421545505524,-709.471031665802,98.63984840592332,-0.0013665799108566689,60.27378692626953,1.441280448436737,0.0005700290832464816,-840.8815375268459,151.7481623259013,,2.166418933868408,
268000,563.7310540676117,-698.9650144577026,85.9997759621562,-0.0019879643150100936,54.144218826293944,1.443729543685913,0.0010127471596448842,-840.8815375268459,151.7481623259013,,2.1803239822387694,
272000,571.9212136268616,-743.7969446182251,97.89308335667849,-0.0006996753701823622,70.59528465270996,1.4401834607124329,0.0012308484496315942,-840.8815375268459,151.7481623259013,,2.1627104759216307,
276000,580.1010944843292,-702.3688726425171,94.07917491455291,-0.0014205102123959535,59.58091697692871,1.4472034335136414,0.0004667504501254971,-840.8815375268459,151.7481623259013,,2.223332333564758,
280000,588.2891187667847,-696.9778528213501,95.44211125877376,-0.001051321975489028,93.0420135498047,1.4432844877243043,0.0010228047449685085,-840.8815375268459,151.7481623259013,,2.23194305896759,
284000,598.7652368545532,-722.8028984069824,93.2433276777555,-0.0015901045271898618,44.689331245422366,1.4024148106575012,0.00037890320123796785,-761.4258850812912,105.79044352539887,,2.176613712310791,
288000,606.9675741195679,-724.3371963500977,88.91554340143834,-0.0027287528376715776,51.724131393432614,1.3649264693260192,0.0016149318332900286,-761.4258850812912,105.79044352539887,,2.131361794471741,
292000,615.1748998165131,-757.4229669570923,109.28192228386004,-0.0005435854286576003,99.11463470458985,1.3490095019340516,0.0017836185637861491,-761.4258850812912,105.79044352539887,,2.11729896068573,
296000,623.3869030475616,-756.5445747375488,97.12194386675932,-0.002045817105371173,60.294943237304686,1.2988417148590088,0.0017549559305383203,-761.4258850812912,105.79044352539887,,2.084600234031677,
300000,631.5766716003418,-800.7623615264893,116.37213944987589,-0.001957506387775787,66.59147338867187,1.260306465625763,0.00023065540226525628,-761.4258850812912,105.79044352539887,,2.05101797580719,
304000,639.7798547744751,-793.4015474319458,119.19109472008768,-0.0015598571523636195,49.53878765106201,1.239890468120575,0.0008508087051789959,-761.4258850812912,105.79044352539887,,2.0464624166488647,
308000,647.9381477832794,-757.1470050811768,101.16814317929257,-0.00043545872214902916,82.92406272888184,1.262625777721405,0.00075119569155504,-761.4258850812912,105.79044352539887,,2.0031374216079714,
312000,656.1138191223145,-757.812385559082,95.91928426241454,-0.0018895545525010604,42.56183414459228,1.3016292452812195,0.0014834035777312239,-761.4258850812912,105.79044352539887,,2.0668970584869384,
316000,664.3143901824951,-737.0084447860718,105.76108748096468,-0.0014153890993038765,89.70819664001465,1.2746067643165588,0.0005798210399371006,-761.4258850812912,105.79044352539887,,2.0308436155319214,
320000,672.5266582965851,-741.7454357147217,95.67713864205301,-0.0006139311809674863,78.19524536132812,1.2960344195365905,0.0007012991525504428,-761.4258850812912,105.79044352539887,,2.018764305114746,
324000,683.0160930156708,-732.5625267028809,85.16724055089173,-0.0008469022139713011,65.55215377807617,1.3164541840553283,0.0008995925566802398,-748.901091426611,128.5432192349419,,2.0552570104598997,
328000,691.2373402118683,-715.8040361404419,87.41634988553619,-0.0012893160688763673,59.8944751739502,1.3329862833023072,0.0007724785711616278,-748.901091426611,128.5432192349419,,2.0826574087142946,
332000,699.4815423488617,-728.8551206588745,89.67218708374696,-0.0011933895274802708,94.22388191223145,1.352134680747986,0.0008830450786626809,-748.901091426611,128.5432192349419,,2.09907648563385,
336000,707.6980772018433,-689.7839050292969,88.80767443123996,-0.0012904928235511815,74.44197731018066,1.3265985131263733,0.0006975607277236229,-748.901091426611,128.5432192349419,,2.022359323501587,
340000,715.8931691646576,-736.6915712356567,71.27359525180931,-0.0017453430492700762,73.30355720520019,1.323862612247467,0.0013902772613704096,-748.901091426611,128.5432192349419,,2.079290246963501,
344000,724.0892248153687,-772.8079042434692,116.03594049319433,-0.0010225677914275978,74.5299617767334,1.3169678688049316,0.0007438207507366318,-748.901091426611,128.5432192349419,,2.051328349113464,
348000,732.2767741680145,-755.045895576477,114.18004606994015,-0.0012332292952342172,74.49067535400391,1.2998830556869507,0.0011416623005934602,-748.901091426611,128.5432192349419,,1.9944106101989747,
352000,740.503977060318,-760.9187211990356,118.73886260697643,-0.0014028146618899617,85.50283126831054,1.2927064418792724,0.0009524238514131867,-748.901091426611,128.5432192349419,,2.009192371368408,
356000,748.698840379715,-760.0682878494263,120.85526716610235,-0.001212542523542659,69.6735450744629,1.32591632604599,0.0009499307852820493,-748.901091426611,128.5432192349419,,2.0706294536590577,
360000,756.9040336608887,-785.9772596359253,99.48821192482534,-0.0007516789097426369,72.4748519897461,1.3161176443099976,0.001363110645402532,-748.901091426611,128.5432192349419,,2.0189085960388184,
364000,767.4082632064819,-766.3228282928467,114.79796411300698,-0.0011462332030156563,57.80506896972656,1.311172366142273,0.0009373237837280613,-948.8025330901146,203.96533028971174,,2.034095525741577,
368000,775.6248729228973,-726.1459951400757,110.30309667633294,-0.0014772885859372308,69.33453636169433,1.301279067993164,0.0018860671223083103,-948.8025330901146,203.96533028971174,,1.9992350101470948,
372000,783.8306093215942,-779.9592638015747,113.81132794956358,-0.0014076264115089221,63.45736465454102,1.221944808959961,0.0017980933998769765,-948.8025330901146,203.96533028971174,,2.0099486351013183,
376000,792.0338869094849,-782.317195892334,108.75619327221334,-0.0011509298455348426,63.94825210571289,1.1681347846984864,0.0016941467731570238,-948.8025330901146,203.96533028971174,,1.9619313597679138,
380000,800.2376952171326,-766.1963949203491,89.89173758018302,-0.0012155440804200168,70.50985870361328,1.1706547617912293,0.0004694870911407634,-948.8025330901146,203.96533028971174,,1.9277729868888855,
384000,808.4100298881531,-781.4745569229126,130.07071850482137,-0.0009739857254899675,68.57339172363281,1.1898534178733826,0.0017185271630296485,-948.8025330901146,203.96533028971174,,1.9409679293632507,
388000,816.6080904006958,-727.3178043365479,105.10859744451425,-0.0015398170260013445,62.850281143188475,1.259321105480194,0.0012224254249758814,-948.8025330901146,203.96533028971174,,1.9794596791267396,
392000,824.8072431087494,-707.7413311004639,81.38398636525741,-0.0008984532759253039,43.31165828704834,1.2503370642662048,0.0008648378825455438,-948.8025330901146,203.96533028971174,,1.9794192910194397,
396000,832.9981560707092,-732.0451622009277,87.89599709864599,-0.0009822962069653495,58.45958023071289,1.237944984436035,0.000596288673000045,-948.8025330901146,203.96533028971174,,1.8958400368690491,
400000,841.2116408348083,-729.7457036972046,94.44662138884496,-0.0019766340748949675,51.22234325408935,1.2201969504356385,0.002193564666231396,-948.8025330901146,203.96533028971174,,1.8824491143226623,
404000,851.7812666893005,-767.4803857803345,97.09492758105456,-0.0009584216496259402,71.27166328430175,1.2294289708137511,0.0009088587729105147,-774.0133256316185,138.67160288818206,,1.8108014941215516,
408000,859.9717893600464,-745.0401649475098,98.80903790559115,-0.0008628134737252102,57.52297039031983,1.2217641472816467,0.0007658639638975729,-774.0133256316185,138.67160288818206,,1.8079052448272706,
412000,868.1645846366882,-756.0568513870239,108.29415756078616,-0.001822903905141482,45.775252723693846,1.2446539640426635,0.0024025159664452095,-774.0133256316185,138.67160288818206,,1.7960864782333374,
416000,876.3620383739471,-753.3042345046997,95.1071168713462,-0.0010621738963333626,46.98675327301025,1.2564653873443603,0.0009384777959591473,-774.0133256316185,138.67160288818206,,1.843893837928772,
420000,884.5715479850769,-725.17591381073,94.92875028950856,-0.0011274704787355816,47.164560317993164,1.2580222845077516,0.00048192904214374723,-774.0133256316185,138.67160288818206,,1.7772761940956117,
424000,892.7763485908508,-739.0260877609253,96.45258220716184,-0.0019951789938302154,43.78769950866699,1.2609566688537597,0.002335919768510697,-774.0133256316185,138.67160288818206,,1.7500214219093322,
428000,900.9694783687592,-792.2335224151611,94.88667436098733,-0.001641455899962846,52.40674724578857,1.155174970626831,0.00185652538375507,-774.0133256316185,138.67160288818206,,1.6996760725975038,
432000,909.1528942584991,-745.1990594863892,102.75928453198172,-0.0021623728935761923,43.40198097229004,1.1532369613647462,0.0015528473448551572,-774.0133256316185,138.67160288818206,,1.7047372221946717,
436000,917.3477675914764,-767.311354637146,140.03156258838584,-0.0011450815856999697,62.288430786132814,1.1222862601280212,0.002785557007882744,-774.0133256316185,138.67160288818206,,1.652053999900818,
440000,925.5422582626343,-741.0754270553589,109.1293407183174,-0.0012018252685860099,46.92938003540039,1.148432445526123,0.0007316057091702799,-774.0133256316185,138.67160288818206,,1.7711512923240662,
444000,936.0372929573059,-730.4060306549072,117.44454905387126,-0.001499179179586152,58.35350341796875,1.1870120406150817,0.0013599705782326055,-733.0967069864273,121.7100411615055,,1.6632508039474487,
448000,944.2296130657196,-768.6937952041626,140.47338353385356,-0.0008908388211178675,80.27116508483887,1.155058705806732,0.0005675833197283265,-733.0967069864273,121.7100411615055,,1.5505280256271363,
452000,952.416344165802,-717.9556827545166,105.00412034659125,-0.0020162446536123647,37.570729637145995,1.1775697827339173,0.0018036055726794674,-733.0967069864273,121.7100411615055,,1.6583417534828186,
456000,960.6347222328186,-718.4673519134521,110.06338119498086,-0.001178083063355473,49.96273708343506,1.1991491794586182,0.0015636516684705004,-733.0967069864273,121.7100411615055,,1.714413547515869,
460000,968.8280553817749,-727.6865758895874,109.9072734921213,-0.0020398322756712607,49.47518692016602,1.2503281712532044,0.001824462311245356,-733.0967069864273,121.7100411615055,,1.6307534575462341,
464000,977.0148665904999,-683.8588399887085,80.40252763791493,-0.0012768089606737087,36.54929161071777,1.191614317893982,0.0014885972719639539,-733.0967069864273,121.7100411615055,,1.6347568392753602,
468000,985.2137486934662,-720.1114521026611,114.70794499689674,-0.00148044807620078,45.444830322265624,1.2760797023773194,0.00011314417798227172,-733.0967069864273,121.7100411615055,,1.5185421705245972,
472000,993.4147455692291,-711.4857969284058,92.64357225693209,-0.001807558023623046,40.258123779296874,1.251756727695465,0.0004556982987899888,-733.0967069864273,121.7100411615055,,1.5106273651123048,
476000,1001.6263723373413,-742.5140600204468,120.74326595222811,-0.0019008913360497371,75.87173957824707,1.216151511669159,0.001402959827741143,-733.0967069864273,121.7100411615055,,1.4923194169998169,
480000,1009.8271162509918,-715.3756704330444,111.8363472429641,-0.0007950778946954173,54.062918472290036,1.2108078837394713,0.0002762908836302813,-733.0967069864273,121.7100411615055,,1.548606276512146,
484000,1020.333606004715,-680.270923614502,69.12688222561833,-0.0015120316487251984,47.3835506439209,1.264147436618805,0.0022260412253672255,-739.3670552074909,127.65278337069954,,1.6632036447525025,
488000,1028.517187833786,-724.0191984176636,110.24198858208713,-0.00122982045067086,49.917230224609376,1.2035090327262878,0.0017978937656152993,-739.3670552074909,127.65278337069954,,1.5559762597084046,
492000,1036.6138324737549,-706.1271476745605,91.90835435632124,-0.0014146522351462742,43.49936046600342,1.1686661005020142,0.002507842146791517,-739.3670552074909,127.65278337069954,,1.5609958171844482,
496000,1044.6682028770447,-689.1985454559326,107.52586678370288,-0.0010125038780630646,48.78146190643311,1.2018800139427186,0.0013963302494570007,-739.3670552074909,127.65278337069954,,1.5728773951530457,
500000,1052.7048127651215,-716.831992149353,100.27861251328372,-0.0015670628081861705,57.64495429992676,1.2332019686698914,0.0010392198566890666,-739.3670552074909,127.65278337069954,,1.5621552467346191,
504000,1060.7493665218353,-693.2464065551758,80.22216838736402,-0.0019423378931436087,46.13945064544678,1.2127673983573914,0.0009463241398383005,-739.3670552074909,127.65278337069954,,1.5525270104408264,
508000,1068.7890086174011,-721.9434909820557,90.36144212601312,-0.001312347898613897,48.66555900573731,1.2369276762008667,0.0009980579999907314,-739.3670552074909,127.65278337069954,,1.494250440597534,
512000,1076.9521462917328,-718.2892851829529,120.48269726039523,-0.001779235053186623,41.85717964172363,1.176537311077118,0.0012752501616875467,-739.3670552074909,127.65278337069954,,1.459517276287079,
516000,1085.150107383728,-704.509726524353,80.26250572015294,-0.0016983450886715267,49.503611183166505,1.309704887866974,0.001843373390171716,-739.3670552074909,127.65278337069954,,1.5171647667884827,
520000,1093.3680181503296,-709.8089685440063,103.01946177111424,-0.0017566051841325426,60.084909439086914,1.3069843411445619,0.002278574029332958,-739.3670552074909,127.65278337069954,,1.5136780977249145,
524000,1103.8775386810303,-727.8699979782104,104.1218498630193,-0.0024180967264886277,50.09026203155518,1.3164373278617858,0.0013017823213158474,-739.1355971992016,137.6917285767402,,1.4814234018325805,
528000,1112.0881023406982,-696.7515802383423,95.386737790916,-0.0019187330766678556,45.70192451477051,1.3376115679740905,0.0015739516282337717,-739.1355971992016,137.6917285767402,,1.6489530444145202,
532000,1120.2868931293488,-688.0349035263062,67.64200198843596,-0.0028268930144452753,29.946397399902345,1.2456074118614198,0.002808086202276172,-739.1355971992016,137.6917285767402,,1.5807358145713806,
536000,1128.4716200828552,-698.8946084976196,93.42508967735156,-0.0017657880269689396,35.5738603591919,1.2709732890129088,0.0012804255980881861,-739.1355971992016,137.6917285767402,,1.557001793384552,
540000,1136.5714008808136,-684.6405591964722,88.98626532646571,-0.0020132965313193196,37.585133934020995,1.2255115985870362,0.0014325308718835083,-739.1355971992016,137.6917285767402,,1.5538549423217773,
544000,1144.6280047893524,-692.5263776779175,80.67193495278637,-0.0024606610164628505,33.32228088378906,1.2239548087120056,0.0013600199912107368,-739.1355971992016,137.6917285767402,,1.5340896368026733,
548000,1152.8183410167694,-680.7184710502625,86.63986186066916,-0.002530079910315175,35.87530651092529,1.2281312465667724,0.0018956918211479267,-739.1355971992016,137.6917285767402,,1.6306115627288817,
552000,1160.9949045181274,-689.3496255874634,89.09800643294948,-0.00260263416013915,34.76175518035889,1.190069818496704,0.0016171304122932994,-739.1355971992016,137.6917285767402,,1.7458642363548278,
556000,1169.1816794872284,-689.7099170684814,70.4391659365759,-0.0027882583377261128,35.72406139373779,1.1458136320114136,0.0009356191961948479,-739.1355971992016,137.6917285767402,,1.7013920783996581,
560000,1177.3802464008331,-698.7656774520874,89.35027876499433,-0.0027775696146224325,31.710575294494628,1.145682978630066,0.0009877361968392505,-739.1355971992016,137.6917285767402,,1.6593555688858033,
564000,1187.9813120365143,-724.0070066452026,92.57065866573602,-0.001973960309522216,50.843102073669435,1.1390247821807862,0.0011862344890687382,-759.2292848825455,126.39311641001878,,1.6255996704101563,
568000,1196.2007830142975,-681.8656539916992,94.46415992260332,-0.0025494626003395027,33.2035831451416,1.1626577854156495,0.002817334810970351,-759.2292848825455,126.39311641001878,,1.6014342427253723,
572000,1204.3914527893066,-711.3851919174194,119.03350852629713,-0.0018158565506261048,45.06010837554932,1.127994704246521,0.0007928813342005014,-759.2292848825455,126.39311641001878,,1.565646731853485,
576000,1212.5804026126862,-693.6756763458252,96.2929214358284,-0.0018356101666189063,42.499430656433105,1.108827781677246,0.00224072857745341,-759.2292848825455,126.39311641001878,,1.543233048915863,
580000,1220.7855854034424,-708.1452732086182,107.19801564843668,-0.003021261257701546,30.887621116638183,1.1748974680900575,0.001861189171904698,-759.2292848825455,126.39311641001878,,1.4116987466812134,
584000,1228.9469497203827,-679.3473777770996,77.494437932747,-0.0033424614641505814,39.178180885314944,1.177465569972992,0.0022468426774139515,-759.2292848825455,126.39311641001878,,1.4987140417098999,
588000,1237.138323545456,-693.1340947151184,90.45581743050079,-0.0016030375198849089,52.3301513671875,1.1581404566764832,0.0015728590740764048,-759.2292848825455,126.39311641001878,,1.4447143912315368,
592000,1245.3458487987518,-679.5364217758179,75.89345840956848,-0.0027386085219526456,31.778466415405273,1.215274488925934,0.0015361509729700628,-759.2292848825455,126.39311641001878,,1.5439387798309325,
596000,1253.5342223644257,-686.4006056785583,77.1288279774697,-0.0027417100068026557,32.939755058288576,1.2208659887313842,0.0024287572284132086,-759.2292848825455,126.39311641001878,,1.6092686891555785,
600000,1261.745536327362,-670.3090944290161,82.13904144601803,-0.0028356465366669026,37.28009185791016,1.2248187899589538,0.0023510716375312766,-759.2292848825455,126.39311641001878,,1.6159524321556091,
604000,1272.2366449832916,-701.120885848999,93.04295508831532,-0.00215419467666651,36.8865442276001,1.1817739129066467,0.0027910295462546253,-703.0391620397568,114.91552154537258,,1.5494336247444154,
608000,1280.4362478256226,-684.1814823150635,92.70524595624435,-0.0022050233384167672,32.25095806121826,1.0894048810005188,0.0018773009767755866,-703.0391620397568,114.91552154537258,,1.4862884521484374,
612000,1288.59685587883,-703.1761102676392,82.33848178623772,-0.0028998206060690144,30.646244621276857,1.1312840461730957,0.0030380398326087742,-703.0391620397568,114.91552154537258,,1.4110714316368103,
616000,1296.7914147377014,-710.9513139724731,74.08980335168637,-0.002593162472708954,32.056345272064206,1.1503177881240845,0.0020282946701627226,-703.0391620397568,114.91552154537258,,1.3798930883407592,
620000,1304.9597790241241,-725.6221265792847,90.24361283681651,-0.0028882254185931154,32.24279918670654,1.070046603679657,0.002252883612110357,-703.0391620397568,114.91552154537258,,1.3796271681785583,
624000,1313.1767055988312,-706.4533853530884,97.39993442257294,-0.00222209000672835,42.724664497375485,1.1415877103805543,0.0016518416930921375,-703.0391620397568,114.91552154537258,,1.391512966156006,
628000,1321.3580300807953,-699.6577892303467,90.8342877409644,-0.002406991792609858,49.036756134033205,1.1412979006767272,0.0021005328599979613,-703.0391620397568,114.91552154537258,,1.386037814617157,
632000,1329.5603284835815,-715.9154844284058,101.43920886672029,-0.0020624088846379783,52.09418926239014,1.1573987007141113,0.0014673590725481855,-703.0391620397568,114.91552154537258,,1.3939841032028197,
636000,1337.7607553005219,-685.2814965248108,94.63346696553636,-0.0023809599433249674,35.719231605529785,1.1552335143089294,0.0028990116038282096,-703.0391620397568,114.91552154537258,,1.4060380339622498,
640000,1345.9774930477142,-700.0025882720947,83.72482636885955,-0.003050743320801608,29.26074800491333,1.2021225452423097,0.003355121216736734,-703.0391620397568,114.91552154537258,,1.38809894323349,
644000,1356.5040714740753,-719.1339836120605,91.85792968904907,-0.0028490319346698547,48.509735870361325,1.2397587895393372,0.002480465339613147,-800.5225308537483,127.76630628284212,,1.4203591108322144,
648000,1364.6873540878296,-755.7011137008667,87.21557147161774,-0.0020312935921829476,38.65611591339111,1.1710097193717957,0.0026983572622218065,-800.5225308537483,127.76630628284212,,1.389024555683136,
652000,1372.8897550106049,-770.8854217529297,116.30792266530138,-0.0025995139142808376,46.18172340393066,1.161997377872467,0.0033361809336735606,-800.5225308537483,127.76630628284212,,1.4232948422431946,
656000,1381.1133737564087,-755.6290655136108,129.24988271285778,-0.0019182787398070555,56.64360885620117,1.1439240217208861,0.0013554544466314877,-800.5225308537483,127.76630628284212,,1.4214568257331848,
660000,1389.3180618286133,-720.8652443885803,99.64413282341832,-0.003006536734911314,41.91358108520508,1.198152482509613,0.001930515529238619,-800.5225308537483,127.76630628284212,,1.5254999041557311,
664000,1397.4994959831238,-700.53821849823,90.27099160205255,-0.003108837143906129,46.51259231567383,1.2085455417633058,0.0035558569245040415,-800.5225308537483,127.76630628284212,,1.5785277247428895,
668000,1405.7071073055267,-714.1073112487793,93.94529457950736,-0.0035637832907183696,42.70929222106933,1.2533849954605103,0.003210549280629493,-800.5225308537483,127.76630628284212,,1.5761405944824218,
672000,1413.9153661727905,-723.410322189331,87.49772617722341,-0.003169178971332087,35.65954723358154,1.2163027763366698,0.0023331803548305,-800.5225308537483,127.76630628284212,,1.604161834716797,
676000,1422.1667578220367,-718.6934299468994,73.07692283687862,-0.0031827497871127265,30.29219913482666,1.1988482236862184,0.0022217151648753044,-800.5225308537483,127.76630628284212,,1.5694002270698548,
680000,1430.402402639389,-742.0058364868164,92.81992065672402,-0.002358688827177202,42.64812107086182,1.2173907041549683,0.0026753191064926795,-800.5225308537483,127.76630628284212,,1.5552850723266602,
684000,1441.0010838508606,-704.368824005127,102.48156265198277,-0.003054119734326477,40.79560146331787,1.199379575252533,0.001995616169355352,-841.6228703260422,126.6175153147251,,1.560584342479706,
688000,1449.295175075531,-695.8554525375366,72.99533259712938,-0.003975943854505548,31.616679000854493,1.221519362926483,0.004129712426220067,-841.6228703260422,126.6175153147251,,1.495635974407196,
692000,1457.5484266281128,-709.7277450561523,111.62700335086691,-0.0035866434747198195,39.796082496643066,1.1979392886161804,0.004668263669009321,-841.6228703260422,126.6175153147251,,1.5392005801200868,
696000,1465.806282043457,-708.4621200561523,85.30372503065718,-0.004023338162961121,33.22958698272705,1.1921918749809266,0.0026728333646509174,-841.6228703260422,126.6175153147251,,1.5606761693954467,
700000,1474.0921416282654,-728.5176658630371,90.65391394891957,-0.0033204179318272685,39.852197265625,1.1307496190071107,0.002186511683976278,-841.6228703260422,126.6175153147251,,1.4866076588630677,
704000,1482.3968069553375,-717.0165395736694,94.28610458518918,-0.0028751924540847185,44.59051380157471,1.1782201528549194,0.0018389439239399508,-841.6228703260422,126.6175153147251,,1.5543399810791017,
708000,1490.746951341629,-720.0807523727417,96.20781365208614,-0.003253477034469476,44.6971435546875,1.2326430320739745,0.0016707435893185906,-841.6228703260422,126.6175153147251,,1.4142114043235778,
712000,1499.0231149196625,-712.9789657592773,113.33764077187405,-0.0031199435668337826,50.9969066619873,1.2536192417144776,0.0037342555671930457,-841.6228703260422,126.6175153147251,,1.3887579202651978,
716000,1507.247020483017,-720.0457468032837,91.39034192589902,-0.003318913444469196,35.62900390625,1.2273356914520264,0.002295178163563838,-841.6228703260422,126.6175153147251,,1.4721590638160706,
720000,1515.517770767212,-718.2068023681641,94.48680425388326,-0.0031819097675227946,36.30079040527344,1.1974524974822998,0.0023364530294202267,-841.6228703260422,126.6175153147251,,1.3410144448280334,
724000,1526.1194531917572,-736.6875720024109,109.71398624459275,-0.002868363876400171,47.40400066375732,1.1897255778312683,0.002860945847351104,-756.0573758482933,133.29192003994444,,1.4695215344429016,
728000,1534.375107049942,-724.8618793487549,86.60951185951811,-0.002690359589876579,44.577939414978026,1.1608604311943054,0.0028727711941270774,-756.0573758482933,133.29192003994444,,1.3771624207496642,
732000,1542.6224565505981,-714.8603963851929,98.06649433219759,-0.004355688886096077,31.12701473236084,1.1757502675056457,0.003984841841156594,-756.0573758482933,133.29192003994444,,1.4482417702674866,
736000,1550.8800201416016,-679.6484084129333,81.85805602420541,-0.002586977017500125,45.8145034790039,1.1794259428977967,0.002811085617092135,-756.0573758482933,133.29192003994444,,1.4578750252723693,
740000,1559.1587998867035,-722.6343402862549,90.38558128120792,-0.0030476600088489513,39.740144920349124,1.1464158058166505,0.0018835588154615835,-756.0573758482933,133.29192003994444,,1.3377713441848755,
744000,1567.3969044685364,-687.0701942443848,94.1773738171433,-0.0019096040391790136,61.09738388061523,1.1011826276779175,0.0037579207448288797,-756.0573758482933,133.29192003994444,,1.2951188564300538,
748000,1575.600379228592,-711.8797626495361,83.83732710815907,-0.0025577905990260773,41.94625339508057,1.0668432354927062,0.0033008438511751615,-756.0573758482933,133.29192003994444,,1.2630639553070069,
752000,1583.8220262527466,-697.0159339904785,87.35036026460949,-0.0023544114709754373,41.62931461334229,1.1236358880996704,0.0029816307682000833,-756.0573758482933,133.29192003994444,,1.4434084177017212,
756000,1592.0906248092651,-670.9383764266968,92.54595485469981,-0.003298369702883086,48.825857925415036,1.1230152130126954,0.0036401577410288153,-756.0573758482933,133.29192003994444,,1.4012027263641358,
760000,1600.3921508789062,-705.1212210655212,88.4871095428161,-0.0038478894458773283,39.8446102142334,1.128752624988556,0.00153741660178639,-756.0573758482933,133.29192003994444,,1.509558880329132,
764000,1610.9511580467224,-687.4037828445435,97.11610745397648,-0.0037142835294361022,39.02973899841309,1.0896851062774657,0.0036359235949930736,-709.5213064849377,127.47881107680988,,1.2944758892059327,
768000,1619.028446674347,-673.0703630447388,88.41865729747734,-0.0033407631359684943,32.41436214447022,1.1358375549316406,0.0029754509072517977,-709.5213064849377,127.47881107680988,,1.354893445968628,
772000,1627.0943772792816,-687.6118593215942,89.73717888180897,-0.0024366220196049503,49.24156112670899,1.1443330764770507,0.0031044653442222625,-709.5213064849377,127.47881107680988,,1.3972954154014587,
776000,1635.1800582408905,-684.0362138748169,87.2542165661681,-0.003080826399071768,31.133584594726564,1.1877540588378905,0.0035189140733564274,-709.5213064849377,127.47881107680988,,1.4599231839179994,
780000,1643.2794375419617,-678.6688461303711,91.96776591619637,-0.003354714303277451,34.22000904083252,1.2187492609024049,0.003713766332444113,-709.5213064849377,127.47881107680988,,1.4763057708740235,
784000,1651.4273436069489,-674.8185834884644,88.60262421573691,-0.003613841809293561,40.996721267700195,1.22298743724823,0.002959880311391316,-709.5213064849377,127.47881107680988,,1.4113337874412537,
788000,1659.6897203922272,-685.6860513687134,72.55615054332127,-0.003069058552539605,46.998312377929686,1.2304185271263122,0.0022949375761284864,-709.5213064849377,127.47881107680988,,1.5353901505470275,
792000,1667.98415017128,-669.2159743309021,79.58449353887262,-0.002227745731749264,40.473006057739255,1.2721622228622436,0.0029348412324519207,-709.5213064849377,127.47881107680988,,1.6403152704238892,
796000,1676.2411849498749,-679.8486332893372,85.54415891496127,-0.0032453649808886096,36.80528583526611,1.2291761994361878,0.0021749806001025718,-709.5213064849377,127.47881107680988,,1.6289316415786743,
800000,1684.5240287780762,-668.0962805747986,84.1614071356065,-0.0032234761308645777,48.5949047088623,1.2156105041503906,0.0030068534368183466,-709.5213064849377,127.47881107680988,,1.5543514966964722,
804000,1695.1493937969208,-671.7306528091431,92.84227640724063,-0.0025741602263491536,53.07079925537109,1.222115397453308,0.0022590745575143956,-656.446603089571,91.66691618377178,,1.4908161640167237,
808000,1703.4336550235748,-662.3349523544312,81.53675878850419,-0.0025948550967344274,53.60667381286621,1.2438709497451783,0.001661422965175019,-656.446603089571,91.66691618377178,,1.5546921133995055,
812000,1711.6027038097382,-658.2693853378296,84.51126020062776,-0.002714689787787705,87.99681701660157,1.2138480305671693,0.0020888050447780858,-656.446603089571,91.66691618377178,,1.5172584772109985,
816000,1719.6725690364838,-661.0604076385498,69.44748846428487,-0.0029978016584451873,31.99259510040283,1.210933518409729,0.00156159302132437,-656.446603089571,91.66691618377178,,1.4838605761528014,
820000,1727.8326976299286,-671.900228023529,105.10214783570285,-0.0033358268365652143,54.948294448852536,1.2431531071662902,0.003947305213660002,-656.446603089571,91.66691618377178,,1.6172083139419555,
824000,1735.919450044632,-649.5940656661987,77.48067569872676,-0.002655580574462313,58.088100051879884,1.2818398833274842,0.0023530198406660928,-656.446603089571,91.66691618377178,,1.546780288219452,
828000,1743.988843202591,-653.8323564529419,107.44824109216616,-0.0022950236624261766,48.93102340698242,1.2521615028381348,0.0008168788197508547,-656.446603089571,91.66691618377178,,1.5480096697807313,
832000,1752.061583995819,-668.7186603546143,76.37206965640073,-0.003975368790658429,45.88707866668701,1.243532085418701,0.003081085777375847,-656.446603089571,91.66691618377178,,1.5703893065452577,
836000,1760.208044052124,-664.2603058815002,78.96685811565686,-0.002790337020802891,49.14407653808594,1.2378774404525756,0.0032606423803372307,-656.446603089571,91.66691618377178,,1.6380191326141358,
840000,1768.2965281009674,-653.2061109542847,70.58419233145166,-0.0024890215993122133,60.9919937133789,1.2737617254257203,0.0027658604221651338,-656.446603089571,91.66691618377178,,1.6347741961479187,
844000,1778.7445228099823,-687.6023874282837,83.22780345160126,-0.003097827616147697,57.05367927551269,1.30451956987381,0.0012840337363741127,-680.5916149020195,75.2549437295671,,1.4977392315864564,
848000,1786.8356037139893,-699.8330283164978,102.52721186372234,-0.0038257306304682716,43.918714714050296,1.255458116531372,0.0021332575932319743,-680.5916149020195,75.2549437295671,,1.5109680891036987,
852000,1794.947429895401,-708.8110566139221,94.05205931827406,-0.0023436401469710154,45.09794673919678,1.3051015853881835,0.0018167501300534682,-680.5916149020195,75.2549437295671,,1.4288812518119811,
856000,1803.166912317276,-709.3187055587769,87.50141666758573,-0.0017695097491571942,58.15125579833985,1.2826765418052672,0.001973363600748901,-680.5916149020195,75.2549437295671,,1.5290651082992555,
860000,1811.4412014484406,-685.5144777297974,91.03905057394455,-0.0024257844137027806,53.30115165710449,1.3142318248748779,0.0010533692164317488,-680.5916149020195,75.2549437295671,,1.5473012685775758,
864000,1819.7314376831055,-703.6027870178223,92.19941955492288,-0.002308935616242991,61.1092342376709,1.3040901660919189,0.0021027826849604027,-680.5916149020195,75.2549437295671,,1.4832107424736023,
868000,1827.974978685379,-672.9476089477539,90.62089718555863,-0.0029771418421684183,39.61597805023193,1.3043484926223754,0.0020443681547476444,-680.5916149020195,75.2549437295671,,1.5265026211738586,
872000,1836.2397770881653,-683.2085266113281,64.55143752875135,-0.0024934516891759627,54.503922653198245,1.3234628200531007,0.0026016808769782074,-680.5916149020195,75.2549437295671,,1.5542156934738158,
876000,1844.5186274051666,-676.1538391113281,72.98220748647296,-0.002891514104170145,67.73065490722657,1.3141890168190002,0.001882979022775544,-680.5916149020195,75.2549437295671,,1.5182050466537476,
880000,1852.8052334785461,-695.7679824829102,106.54427103707836,-0.0019820438381866977,59.90968551635742,1.2872903108596803,0.00285477947199253,-680.5916149020195,75.2549437295671,,1.4467942357063293,
884000,1863.4273607730865,-685.5375261306763,79.94170780096361,-0.0031154180414741718,38.30437602996826,1.2381373047828674,0.0018976447579916566,-689.075471162796,99.75639445561495,,1.386331272125244,
888000,1871.6886847019196,-706.4825315475464,81.16045853949814,-0.003500758254202108,37.786474609375,1.2436222076416015,0.002716107263540235,-689.075471162796,99.75639445561495,,1.322058093547821,
892000,1879.9143114089966,-690.5877718925476,93.08165764889827,-0.0024227655076149547,52.38948974609375,1.2040509104728698,0.0027782710842632953,-689.075471162796,99.75639445561495,,1.3218674540519715,
896000,1888.082935810089,-706.9195566177368,89.12481721217591,-0.0024889803662663467,53.61233329772949,1.214076006412506,0.0029446108653986224,-689.075471162796,99.75639445561495,,1.2502057790756225,
900000,1896.269962310791,-701.6231203079224,78.46095380149265,-0.0031713199365185573,64.1221076965332,1.203106129169464,0.0021809511563333217,-689.075471162796,99.75639445561495,,1.3107394456863404,
904000,1904.4678394794464,-676.7668590545654,84.18003783161444,-0.003893443342996772,34.7855146408081,1.1969101190567017,0.00312799911480397,-689.075471162796,99.75639445561495,,1.294904899597168,
908000,1912.671205997467,-680.8927516937256,88.1301590943731,-0.001843090059555852,43.764091873168944,1.1896294116973878,0.0009577377597452142,-689.075471162796,99.75639445561495,,1.3723976731300354,
912000,1920.8574187755585,-696.4955158233643,104.81456774977666,-0.0022563475293573276,72.81612510681153,1.1812113881111146,0.002841739221912576,-689.075471162796,99.75639445561495,,1.328762173652649,
916000,1929.061357498169,-719.7551259994507,82.28194188068989,-0.003208136227369973,61.24687538146973,1.1969835877418518,0.0022710816163453275,-689.075471162796,99.75639445561495,,1.402909016609192,
920000,1937.243593454361,-715.751389503479,129.03170638862363,-0.0016002728885311512,71.35068206787109,1.196388590335846,0.0017943388724233956,-689.075471162796,99.75639445561495,,1.4703837513923645,
924000,1947.6292567253113,-738.2097759246826,145.66769887233693,-0.002291620996004595,61.54001426696777,1.2353448748588562,0.0005212683376157656,-698.0879527330399,67.21127921776862,,1.3398106098175049,
928000,1955.8257522583008,-689.7557172775269,74.18677325059437,-0.0026537317202310006,61.39638977050781,1.2496822237968446,0.0020593655690318013,-698.0879527330399,67.21127921776862,,1.3455453276634217,
932000,1964.0504477024078,-715.7752676010132,109.4754724874484,-0.001979830529055704,56.700492477416994,1.2797305941581727,0.0025024109025252985,-698.0879527330399,67.21127921776862,,1.298703932762146,
936000,1972.2525537014008,-696.5219869613647,80.52943494468539,-0.003471643975392613,57.79408683776855,1.2727252840995789,0.003714372152171563,-698.0879527330399,67.21127921776862,,1.3065375924110412,
940000,1980.4614272117615,-724.3960828781128,99.9715491485998,-0.0024098568108554376,87.96888656616211,1.277869749069214,0.0022508503680001013,-698.0879527330399,67.21127921776862,,1.1861949563026428,
944000,1988.6738917827606,-726.9593200683594,96.40949625131014,-0.002621413427948327,50.37851791381836,1.2639053463935852,0.0018906664586199162,-698.0879527330399,67.21127921776862,,1.1923671245574952,
948000,1996.9049110412598,-728.7944660186768,99.57520845579064,-0.003862332145450642,65.75910110473633,1.220323371887207,0.003446746393737461,-698.0879527330399,67.21127921776862,,1.294005000591278,
952000,2005.1077671051025,-716.3860893249512,96.38684437970761,-0.0031048135700402213,52.787017822265625,1.217129921913147,0.004146422402118333,-698.0879527330399,67.21127921776862,,1.2994641184806823,
956000,2013.2945268154144,-712.3756284713745,113.46251419308147,-0.001719446600608837,74.63319549560546,1.2945730090141296,0.0013420599589201942,-698.0879527330399,67.21127921776862,,1.3109405517578125,
960000,2021.5077834129333,-697.1701574325562,84.10754838768791,-0.0017514092898540667,44.41990699768066,1.3108937859535217,0.00181153759496131,-698.0879527330399,67.21127921776862,,1.3182337284088135,
964000,2031.8800904750824,-725.8668308258057,87.4172791774961,-0.0028700836480517466,65.98577728271485,1.284655499458313,0.0030634799014078507,-718.5730308890343,82.00792573202332,,1.368811011314392,
968000,2040.091826915741,-710.4941492080688,116.43919843758654,-0.0017261457569427209,78.13341484069824,1.3049039602279664,0.0012203773532916574,-718.5730308890343,82.00792573202332,,1.3551771879196166,
972000,2048.291509628296,-732.5513849258423,96.40629136506041,-0.001286641568078828,81.06120147705079,1.2861318707466125,0.0015900346619891926,-718.5730308890343,82.00792573202332,,1.2380159974098206,
976000,2056.4634053707123,-702.2063474655151,97.85047741247641,-0.0016659603531782529,69.42781562805176,1.3350856065750123,0.001773735653841868,-718.5730308890343,82.00792573202332,,1.3717032432556153,
980000,2064.6008956432343,-689.9392795562744,81.08930814299008,-0.0033035100424506857,58.59131088256836,1.360637378692627,0.004125336689913339,-718.5730308890343,82.00792573202332,,1.32337543964386,
984000,2072.7611758708954,-708.2750310897827,76.99715816315116,-0.0036908685275508723,38.81433811187744,1.3170742630958556,0.002216497139306739,-718.5730308890343,82.00792573202332,,1.2727306246757508,
988000,2080.951678752899,-711.3233127593994,82.13487286088633,-0.002777606247924247,74.59871253967285,1.3162083745002746,0.0037744904756934093,-718.5730308890343,82.00792573202332,,1.2921586871147155,
992000,2089.1516711711884,-701.8570594787598,83.80623642220684,-0.0020379094153953115,106.69282302856445,1.3322239518165588,0.0025441124362793445,-718.5730308890343,82.00792573202332,,1.2670225381851197,
996000,2097.3473069667816,-672.027850151062,68.91529652154489,-0.0020703916506997545,77.5052505493164,1.3307448267936706,0.002431992591746773,-718.5730308890343,82.00792573202332,,1.316976547241211,
1000000,2105.5599064826965,-698.800368309021,83.94463985799554,-0.0033219457769300574,70.72611656188965,1.3337597370147705,0.002355182880688522,-718.5730308890343,82.00792573202332,,1.3529836773872375,
1004000,2115.950894355774,-717.5655164718628,85.45054009083698,-0.0014230439755119838,67.83394851684571,1.3361607432365417,0.0007998676250281278,-722.8825915753841,86.70223646040306,,1.3133333921432495,
1008000,2124.145937681198,-700.1310186386108,99.18473226265931,-0.0025648399498313878,71.38934440612793,1.3341222167015077,0.002750180307969763,-722.8825915753841,86.70223646040306,,1.345146107673645,
1012000,2132.3104095458984,-731.2610778808594,107.58073381147807,-0.0020427610588182434,73.80276336669922,1.3274212956428528,0.0018194297060836195,-722.8825915753841,86.70223646040306,,1.207405650615692,
1016000,2140.4960289001465,-715.562554359436,88.90620571293596,-0.0011870656349152852,96.03530731201172,1.3041224718093871,0.0015213405458780471,-722.8825915753841,86.70223646040306,,1.2099886298179627,
1020000,2148.725888490677,-752.511344909668,109.34025124200544,-0.0021671336574363488,74.22017288208008,1.2946139454841614,0.001209579604813682,-722.8825915753841,86.70223646040306,,1.2180940628051757,
1024000,2156.9418852329254,-724.95143699646,93.30527224317343,-0.0020681028700394676,72.55141067504883,1.2847562313079834,0.0025384635705268054,-722.8825915753841,86.70223646040306,,1.1803892612457276,
1028000,2165.1415660381317,-766.592586517334,102.96703236587587,-0.0019697124760519992,80.7632553100586,1.3275378346443176,0.001786827996324672,-722.8825915753841,86.70223646040306,,1.1375345230102538,
1032000,2173.3454847335815,-719.7775077819824,89.6579510637689,-0.002301772385884149,59.36451873779297,1.300902783870697,0.0017312681653614437,-722.8825915753841,86.70223646040306,,1.230320429801941,
1036000,2181.4585993289948,-729.0203313827515,97.99801991006711,-0.0022594813555478765,44.64791297912598,1.2913864254951477,0.0024862617146767184,-722.8825915753841,86.70223646040306,,1.197800886631012,
1040000,2189.5988171100616,-692.2483386993408,83.94003343760625,-0.0022498073117652507,62.65454864501953,1.2308746457099915,0.0018339398420260666,-722.8825915753841,86.70223646040306,,1.098333728313446,
1044000,2199.9217431545258,-720.0398168563843,125.9013898915857,-0.0019503115140250937,85.0371250152588,1.1836286902427673,0.001740254950709641,-749.8184779584408,131.13942822568285,,1.068379020690918,
1048000,2208.055517911911,-758.2665710449219,110.97229291117596,-0.002425599779623244,83.49114036560059,1.1875309109687806,0.0016732039020280532,-749.8184779584408,131.13942822568285,,1.032120680809021,
1052000,2216.2570588588715,-754.4060010910034,118.8986952628842,-0.001353107931829678,73.39043502807617,1.1818113923072815,0.0015596283476043027,-749.8184779584408,131.13942822568285,,1.0716362953186036,
1056000,2224.460463285446,-742.4872856140137,128.92466556791797,-0.0013463889247116612,80.51044120788575,1.1577836751937867,0.0018033612788713072,-749.8184779584408,131.13942822568285,,1.108833086490631,
1060000,2232.6520392894745,-693.6621370315552,76.56102821582822,-0.00195591761063163,65.91340065002441,1.2215680837631226,0.002592777801328339,-749.8184779584408,131.13942822568285,,1.0826244711875916,
1064000,2240.85493183136,-721.3237829208374,97.6325514194974,-0.001356798727889963,63.10775604248047,1.2611862778663636,0.0003663068311677009,-749.8184779584408,131.13942822568285,,1.051662802696228,
1068000,2249.0217452049255,-732.635498046875,84.25368163709605,-0.001178351833213398,63.10456771850586,1.2833913564682007,0.0019537041458534076,-749.8184779584408,131.13942822568285,,1.0765303134918214,
1072000,2257.1416988372803,-737.7159748077393,99.20370402593905,-0.0012458684347899762,68.70106239318848,1.2179380178451538,0.0007615936134243384,-749.8184779584408,131.13942822568285,,1.0807538866996764,
1076000,2265.3701224327087,-757.962794303894,107.32312102359838,-0.0021699336220432743,63.91013031005859,1.212066400051117,0.0031895982130663468,-749.8184779584408,131.13942822568285,,0.9602993547916412,
1080000,2273.5853745937347,-734.110447883606,98.82527108427871,-0.0021007095815730238,64.49764556884766,1.2486024856567384,0.0019453087326061602,-749.8184779584408,131.13942822568285,,0.9900379240512848,
1084000,2284.022104740143,-745.9895153045654,110.1760814850101,-0.0020247620668961018,64.99957084655762,1.2161048650741577,0.0025001157613587567,-797.5038685202599,101.28594233823841,,0.9778792858123779,
1088000,2292.2371270656586,-708.7590665817261,84.48181794029183,-0.0017076680588749226,72.52411041259765,1.2278393864631654,0.0008966170683706864,-797.5038685202599,101.28594233823841,,1.071992039680481,
1092000,2300.4440248012543,-730.547194480896,106.20689142070115,-0.0024758280062815,84.2420810699463,1.186087930202484,0.0020282455210884455,-797.5038685202599,101.28594233823841,,1.002854770421982,
1096000,2308.6636295318604,-720.9824113845825,95.83054689862824,-0.00222241210469899,58.24598350524902,1.1839606285095214,0.00152149849669998,-797.5038685202599,101.28594233823841,,0.9912298917770386,
1100000,2316.877126455307,-712.1202025413513,89.89614942464439,-0.0023839986510574727,68.8742847442627,1.2274879932403564,0.002403225719172042,-797.5038685202599,101.28594233823841,,1.0682199478149415,
1104000,2325.0512838363647,-709.8386669158936,90.67800311873917,-0.0022539980567332085,87.95141067504883,1.2824388504028321,0.0020260544784832745,-797.5038685202599,101.28594233823841,,1.1204537272453308,
1108000,2333.1906476020813,-751.927565574646,104.7098445507763,-0.002117808417397704,79.02052154541016,1.2923153042793274,0.00033085046145426845,-797.5038685202599,101.28594233823841,,1.108094537258148,
1112000,2341.353566646576,-749.1750345230103,98.58936818077362,-0.0016518852961986852,86.72547760009766,1.2860271453857421,0.00038023101806174966,-797.5038685202599,101.28594233823841,,0.965110445022583,
1116000,2349.5199131965637,-730.8515424728394,105.54383053779002,-0.0022713169532750433,50.27680625915527,1.2845978736877441,0.0023337125738180477,-797.5038685202599,101.28594233823841,,0.9493035852909089,
1120000,2357.689628839493,-743.2590065002441,87.46800769680826,-0.001532708625774859,55.89230155944824,1.2961857199668885,0.0018357481705606915,-797.5038685202599,101.28594233823841,,0.9600212633609772,
1124000,2368.0289311408997,-746.3796730041504,103.25121959255561,-0.002697031737421618,79.77136497497558,1.309647786617279,0.001647650634185993,-781.531955063343,127.12191809037436,,0.9835548520088195,
1128000,2376.174902200699,-766.6875066757202,119.85459823391133,-0.0020425992603995803,68.03540878295898,1.3063584446907044,0.0008871681952102195,-781.531955063343,127.12191809037436,,0.9108300328254699,
1132000,2384.3109312057495,-766.9072723388672,118.18754089386975,-0.0017288815424544523,67.62192268371582,1.304131031036377,0.0032059768869658,-781.531955063343,127.12191809037436,,0.9603827357292175,
1136000,2392.463875055313,-760.5507593154907,91.91137956351126,-0.0012727441256187078,59.12508697509766,1.3104517459869385,0.0017629270354518668,-781.531955063343,127.12191809037436,,0.9415235698223114,
1140000,2400.6124336719513,-724.5975065231323,90.35345058138184,-0.0016202507523703335,63.26199378967285,1.2884467005729676,0.001459675484142886,-781.531955063343,127.12191809037436,,0.9041000068187713,
1144000,2408.7427604198456,-715.3364391326904,91.04946110159219,-0.0016920948991076656,72.69971046447753,1.2921331763267516,0.0008810140894008056,-781.531955063343,127.12191809037436,,1.0059305906295777,
1148000,2416.9083149433136,-726.6135520935059,85.05594908895905,-0.001945025593954286,54.12122993469238,1.3062729954719543,0.0018650652858001938,-781.531955063343,127.12191809037436,,0.9569624185562133,
1152000,2425.062512397766,-702.9215860366821,83.68745974246004,-0.0022028516832506284,60.74978790283203,1.3108304023742676,0.0022153003455969156,-781.531955063343,127.12191809037436,,1.0593520164489747,
1156000,2433.2067427635193,-713.1936321258545,94.37021801940395,-0.0017004556111666958,74.35630302429199,1.314436638355255,0.0013645350452861748,-781.531955063343,127.12191809037436,,0.9612063348293305,
1160000,2441.3510115146637,-712.7696990966797,95.89634882852526,-0.002343320853387315,64.14631881713868,1.3184847712516785,0.0030576791716157457,-781.531955063343,127.12191809037436,,1.0542381048202514,
1164000,2451.6926040649414,-732.8488149642944,109.60706808646924,-0.002560128600026168,80.56222457885742,1.3051149129867554,0.0016060412767789467,-754.0934345424175,110.46835152423769,,1.0136869192123412,
1168000,2459.826378107071,-718.1270771026611,89.12470191377189,-0.002512959191730868,50.76796264648438,1.3284052610397339,0.002572988442921398,-754.0934345424175,110.46835152423769,,1.0146619200706481,
1172000,2467.966364145279,-755.6107120513916,143.13348508030367,-0.0018933650749774378,78.83608703613281,1.3223496913909911,0.0004939686219828827,-754.0934345424175,110.46835152423769,,0.9755402565002441,
1176000,2476.102515935898,-726.5662355422974,105.14781181527349,-0.0018470439290977137,68.12504615783692,1.3227569103240966,0.0016588060019614658,-754.0934345424175,110.46835152423769,,0.9278070271015167,
1180000,2484.2369306087494,-711.2443704605103,96.43601044198881,-0.0026133571502675148,72.6921401977539,1.3235767483711243,0.004327493201708421,-754.0934345424175,110.46835152423769,,0.9137180507183075,
1184000,2492.3612625598907,-732.6619462966919,119.65728131002138,-0.0012976085723398257,103.6913230895996,1.3169689893722534,0.0009186709110508672,-754.0934345424175,110.46835152423769,,0.9261123478412628,
1188000,2500.505434989929,-741.7408728599548,105.31442158961173,-0.0025899780166413035,68.73751258850098,1.3342557430267334,0.0023210029878925286,-754.0934345424175,110.46835152423769,,0.9510242998600006,
1192000,2508.6480281352997,-708.1241903305054,77.7916547511761,-0.0014560760436603815,61.50992851257324,1.2886215806007386,0.0011261671890194225,-754.0934345424175,110.46835152423769,,0.984520411491394,
1196000,2516.7753987312317,-688.1472177505493,69.88940266671968,-0.0020150425829925213,97.62465438842773,1.3194807171821594,0.0008841975361962518,-754.0934345424175,110.46835152423769,,1.123682963848114,
1200000,2524.928282022476,-695.5152702331543,84.78123189473287,-0.0027257335883332347,66.40127296447754,1.3067020177841187,0.0024962560575028546,-754.0934345424175,110.46835152423769,,1.0718515992164612,
1204000,2535.2727494239807,-716.288610458374,113.80533793627562,-0.0022403520006725407,80.82345199584961,1.316783607006073,0.0009285860976087967,-796.5720926225185,173.72620267934002,,1.1611576676368713,
1208000,2543.318974018097,-702.7205209732056,89.05744623714313,-0.002552475646371022,70.30727844238281,1.3267021656036377,0.0023536520362249735,-796.5720926225185,173.72620267934002,,1.1144872546195983,
1212000,2551.3135092258453,-698.1460785865784,98.25935954713952,-0.0023537802673333054,95.19663925170899,1.370426106452942,0.002159990729899919,-796.5720926225185,173.72620267934002,,1.14507657289505,
1216000,2559.2996094226837,-705.5973329544067,92.20279253957028,-0.003632233387480177,68.65852012634278,1.3490168571472168,0.002659833892084862,-796.5720926225185,173.72620267934002,,1.0963589072227478,
1220000,2567.4521193504333,-695.9472646713257,72.56406357781249,-0.0016440903314038913,54.955912017822264,1.369388461112976,0.0028712531697237865,-796.5720926225185,173.72620267934002,,1.1795284152030945,
1224000,2575.6109952926636,-708.6563100814819,91.85864274841153,-0.002379316978758045,49.11571369171143,1.35324068069458,0.0019682046564412302,-796.5720926225185,173.72620267934002,,1.1759232878684998,
1228000,2583.667951822281,-707.4365816116333,90.72850557272957,-0.0026120084257952314,49.58289070129395,1.280827534198761,0.0025104323231498692,-796.5720926225185,173.72620267934002,,1.101133680343628,
1232000,2591.7102699279785,-713.9444446563721,86.89494164963246,-0.0020078190080433877,45.20359935760498,1.282212007045746,0.0013327226027031402,-796.5720926225185,173.72620267934002,,1.0770421981811524,
1236000,2599.8757026195526,-718.4646654129028,89.12201955952881,-0.0024568474461945434,47.49173240661621,1.2928648591041565,0.005943453591316939,-796.5720926225185,173.72620267934002,,1.0333151936531066,
1240000,2608.0370383262634,-727.6083135604858,103.25904641132573,-0.0014562006236326752,61.2365062713623,1.3043985962867737,0.003371903026709333,-796.5720926225185,173.72620267934002,,1.0815188765525818,
1244000,2618.45791721344,-739.0031566619873,104.54976953694242,-0.001776660225276494,66.53737602233886,1.2503886103630066,0.0006579847724424326,-877.3022998273373,212.2279102816957,,1.0741297960281373,
1248000,2626.6312170028687,-786.12815284729,145.43248344606332,-0.002020336341171003,64.19245834350586,1.2616716384887696,0.0010197681493397503,-877.3022998273373,212.2279102816957,,1.112564480304718,
1252000,2634.788674354553,-738.5254607200623,104.57043119776135,-0.0016411709307964095,61.119070816040036,1.2787189245224,0.002694825861544814,-877.3022998273373,212.2279102816957,,1.002606749534607,
1256000,2642.957991361618,-718.6145305633545,110.99131844329952,-0.001855883108704237,64.31948623657226,1.3261810421943665,0.0023448281601304187,-877.3022998273373,212.2279102816957,,1.090311050415039,
1260000,2651.0969021320343,-734.3740015029907,108.30179665936,-0.0014189980185401296,64.09259757995605,1.3130220293998718,0.0016542707715416327,-877.3022998273373,212.2279102816957,,1.088793647289276,
1264000,2659.2326493263245,-718.7897415161133,89.55893689904526,-0.0023354436000808223,43.033014106750485,1.3177221179008485,0.0014418860511796084,-877.3022998273373,212.2279102816957,,1.1350845575332642,
1268000,2667.3745362758636,-730.1119499206543,102.57466616954858,-0.0030900230971553032,50.8142391204834,1.2599180579185485,0.0028247937171739677,-877.3022998273373,212.2279102816957,,1.2196273922920227,
1272000,2675.4997370243073,-758.2103223800659,118.44485288273891,-0.00241454690556564,64.850590133667,1.2206016778945923,0.001603525246900972,-877.3022998273373,212.2279102816957,,1.1194567441940309,
1276000,2683.6594183444977,-731.8248491287231,105.13315308810549,-0.0035819274932145984,36.18899345397949,1.2754290461540223,0.00239532050882314,-877.3022998273373,212.2279102816957,,1.1892662286758422,
1280000,2691.815038919449,-737.0370817184448,102.14648858898694,-0.001031439360678643,60.040127182006835,1.2947514295578002,0.0012348942022072152,-877.3022998273373,212.2279102816957,,1.1638535618782044,
1284000,2702.1731691360474,-699.1539278030396,95.96872122551464,-0.0021258132209768465,47.538129043579104,1.3084444046020507,0.0015236943284204995,-720.9856404066086,98.01513988897266,,1.187654685974121,
1288000,2710.3149812221527,-714.8570613861084,84.78692377064576,-0.002291768583352738,49.36411399841309,1.3060599088668823,0.0026058613441418852,-720.9856404066086,98.01513988897266,,1.2145128846168518,
1292000,2718.426944255829,-723.2009572982788,98.64887958885055,-0.0026171130105310247,63.30015411376953,1.2806156158447266,0.0016687468363670633,-720.9856404066086,98.01513988897266,,1.1193795084953309,
1296000,2726.5718364715576,-688.6910057067871,82.90101724587252,-0.0024839886643846397,55.26822471618652,1.2877236127853393,0.002118835558202914,-720.9856404066086,98.01513988897266,,1.203323745727539,
1300000,2734.7078380584717,-698.4120831489563,99.97571299597314,-0.002360277752353168,75.62580146789551,1.2975702285766602,0.002050472768625089,-720.9856404066086,98.01513988897266,,1.1667730331420898,
1304000,2742.8558049201965,-685.6307497024536,77.59375638223307,-0.0025993279063058596,39.4770866394043,1.265151357650757,0.0017477485797135373,-720.9856404066086,98.01513988897266,,1.2486366391181947,
1308000,2751.0023646354675,-709.4623889923096,101.34003918003715,-0.0025047733000731045,50.63453483581543,1.263999354839325,0.0005680229057689167,-720.9856404066086,98.01513988897266,,1.1719491720199584,
1312000,2759.149351835251,-724.6606512069702,77.36874699053475,-0.0027811398001309938,53.688660049438475,1.2556546211242676,0.0025124408607759205,-720.9856404066086,98.01513988897266,,1.1656382441520692,
1316000,2767.303043603897,-691.2682886123657,91.07885939763021,-0.0025084932809695815,63.1016170501709,1.304659903049469,0.0019570538694097194,-720.9856404066086,98.01513988897266,,1.120154857635498,
1320000,2775.456486225128,-699.4187631607056,92.47905734484385,-0.002521413138815376,50.502207565307614,1.2833846807479858,0.001549749620608054,-720.9856404066086,98.01513988897266,,1.0972492814064025,
1324000,2785.857319831848,-729.8876004219055,89.78537292724715,-0.0026301161648396134,45.71559314727783,1.2559159755706788,0.002734662587987269,-719.4521383941174,103.3883888847281,,1.095313799381256,
1328000,2794.008377790451,-703.7895956039429,81.06696058116698,-0.0027464991968202735,39.428561973571775,1.2653844475746154,0.003343460790347308,-719.4521383941174,103.3883888847281,,1.1092864513397216,
1332000,2802.141696214676,-721.8567247390747,100.6672477208049,-0.0026954763356673793,47.52773551940918,1.236332321166992,0.0013711540610529481,-719.4521383941174,103.3883888847281,,1.081959307193756,
1336000,2810.2819917201996,-779.1918420791626,108.61516687025785,-0.0025677423974265422,50.43374671936035,1.2155381083488463,0.0016642013477394357,-719.4521383941174,103.3883888847281,,0.975000661611557,
1340000,2818.4337363243103,-708.588231086731,75.3322365135394,-0.0024312584440340235,31.47784366607666,1.2157524824142456,0.0013902749415137805,-719.4521383941174,103.3883888847281,,1.067185378074646,
1344000,2826.5707161426544,-731.3092575073242,111.65586399659651,-0.0026214845603099945,47.322138977050784,1.2474506855010987,0.0021993498886610395,-719.4521383941174,103.3883888847281,,0.967492425441742,
1348000,2834.715473651886,-705.7383117675781,102.092527025817,-0.00241167956390802,49.377465057373044,1.2686968564987182,0.0018791627511770327,-719.4521383941174,103.3883888847281,,1.0347278356552123,
1352000,2842.8597695827484,-692.9265208244324,91.03350515839084,-0.002752130785801654,50.78364906311035,1.2658124446868897,0.0048965198354950805,-719.4521383941174,103.3883888847281,,1.0811366200447083,
1356000,2851.0108149051666,-699.4907178878784,95.17675587002333,-0.00251284082202865,63.72517204284668,1.307245099544525,0.002410264214267954,-719.4521383941174,103.3883888847281,,1.023630940914154,
1360000,2859.162168741226,-712.490364074707,87.98224414121091,-0.0036734892098077678,48.62326545715332,1.2541439890861512,0.005206784751499072,-719.4521383941174,103.3883888847281,,1.011403775215149,
1364000,2869.5791730880737,-708.0436601638794,87.76220526758036,-0.0023686157140765827,54.22355690002441,1.2711835622787475,0.0022496519377455115,-729.6867210566998,106.51470751940555,,1.013094437122345,
1368000,2877.7498388290405,-704.2050380706787,95.46539032932468,-0.003362179908979179,52.73400459289551,1.276617705821991,0.0022726292489096524,-729.6867210566998,106.51470751940555,,0.96898632645607,
1372000,2885.923778772354,-691.6433897018433,76.06485117289085,-0.0025805072794512717,49.753203582763675,1.2455735445022582,0.003360089464229521,-729.6867210566998,106.51470751940555,,1.0256459832191467,
1376000,2894.073494195938,-698.2264504432678,83.37449920297396,-0.0022057707582910703,67.0988208770752,1.2597013711929321,0.0022551045345608144,-729.6867210566998,106.51470751940555,,1.0164573073387146,
1380000,2902.2246232032776,-685.313045501709,73.02946406950431,-0.0019096351134358259,55.61403617858887,1.2712591171264649,0.0007582761878923816,-729.6867210566998,106.51470751940555,,1.0962160229682922,
1384000,2910.370402097702,-701.6009063720703,84.2956987919903,-0.0023080367097354504,38.13019981384277,1.237509846687317,0.002171123694279231,-729.6867210566998,106.51470751940555,,0.9941184103488923,
1388000,2918.4935705661774,-672.5937595367432,77.40440516327321,-0.0027676512632751837,46.16826477050781,1.1895159840583802,0.001485033060521046,-729.6867210566998,106.51470751940555,,0.9943195819854737,
1392000,2926.6390047073364,-682.932656288147,88.1563966185353,-0.0036329587865620906,43.522153282165526,1.2782026767730712,0.0041150568926241245,-729.6867210566998,106.51470751940555,,1.0473467111587524,
1396000,2934.7588217258453,-680.600172996521,85.54557509926626,-0.0036396704784128707,37.086443710327146,1.2619049072265625,0.00480962855508551,-729.6867210566998,106.51470751940555,,0.9408449649810791,
1400000,2942.904615879059,-701.8472528457642,91.90921889251537,-0.0032074057095063504,37.81984386444092,1.2223212122917175,0.0041194904915755615,-729.6867210566998,106.51470751940555,,1.0560785412788392,
1404000,2953.312952518463,-693.0351266860962,90.20844287477962,-0.002510210024386961,40.799888610839844,1.2003328561782838,0.002506287469528612,-731.6384583711624,99.17702040701867,,1.034644114971161,
1408000,2961.455254793167,-694.2338557243347,91.29332570842922,-0.0031960077317586765,38.650211334228516,1.1695110082626343,0.0018090685502102134,-731.6384583711624,99.17702040701867,,1.0790615797042846,
1412000,2969.60134601593,-680.0027961730957,77.44327436090673,-0.0024055637462298664,31.041901969909667,1.1853345155715942,0.004941167994402362,-731.6384583711624,99.17702040701867,,1.0820818781852721,
1416000,2977.719700574875,-715.5714015960693,104.1424320132024,-0.0027437757165171385,34.64328231811523,1.220492696762085,0.001523145917217339,-731.6384583711624,99.17702040701867,,1.0445849180221558,
1420000,2985.8492283821106,-697.1709203720093,85.09348985652728,-0.002893035573884717,33.62049732208252,1.226011836528778,0.001914100645808503,-731.6384583711624,99.17702040701867,,1.11814786195755,
1424000,2993.981151819229,-682.6464514732361,92.89910825864443,-0.0037435505849620298,28.654561233520507,1.2508993864059448,0.003271799723734148,-731.6384583711624,99.17702040701867,,1.0637598752975463,
1428000,3002.1168944835663,-676.6533660888672,89.99300571078506,-0.002104813461424726,46.59125461578369,1.2234936594963073,0.005033671262208372,-731.6384583711624,99.17702040701867,,1.0334098935127258,
1432000,3010.252296447754,-682.321307182312,85.83750239082975,-0.003773568636349722,36.0611795425415,1.2428483963012695,0.0020180360887510408,-731.6384583711624,99.17702040701867,,1.068377637863159,
1436000,3018.394905567169,-649.1759943962097,72.98707949397351,-0.0034181453370256245,38.75648078918457,1.263659131526947,0.0020592010259861127,-731.6384583711624,99.17702040701867,,1.1145791172981263,
1440000,3026.56151676178,-674.3525009155273,86.16539281297047,-0.004114059707149842,34.01875667572021,1.2331031560897827,0.0031935669306355275,-731.6384583711624,99.17702040701867,,1.1153117299079895,
1444000,3036.94442653656,-662.5189847946167,70.03868501450354,-0.0030668866088769064,35.65950965881348,1.2190999746322633,0.0021016276107790554,-676.4505248367786,92.59719518902014,,1.1928332209587098,
1448000,3045.0743267536163,-674.134539604187,86.88790169458493,-0.0028611607539545114,60.659925079345705,1.2274961113929748,0.0032059955527850904,-676.4505248367786,92.59719518902014,,1.0612769961357116,
1452000,3053.221735715866,-633.2864518165588,80.41672433755754,-0.002661670146509998,43.03740119934082,1.256525993347168,0.0027160155936144293,-676.4505248367786,92.59719518902014,,1.0513114929199219,
1456000,3061.370274066925,-671.148992061615,90.70007453645874,-0.003431130779790692,40.3459114074707,1.1810423493385316,0.0022245979779787818,-676.4505248367786,92.59719518902014,,1.0435614466667176,
1460000,3069.508491754532,-667.2786302566528,93.40144849732141,-0.002394996962121887,49.06801490783691,1.203358769416809,0.0017574639176018536,-676.4505248367786,92.59719518902014,,1.0087032198905945,
1464000,3077.6555705070496,-668.9726152420044,70.85657853766078,-0.0034340700929363587,33.69998760223389,1.2145317792892456,0.0028596450138138607,-676.4505248367786,92.59719518902014,,1.1126328229904174,
1468000,3085.797144651413,-674.6663084030151,89.72707013990029,-0.002656882981396258,43.75599555969238,1.2318529844284059,0.002347504863360278,-676.4505248367786,92.59719518902014,,1.04005606174469,
1472000,3093.946417093277,-678.1314554214478,83.64247124299875,-0.0025459068805794515,52.00442886352539,1.2477730512619019,0.0018086564195982646,-676.4505248367786,92.59719518902014,,1.0103734135627747,
1476000,3102.1012995243073,-676.5798788070679,85.99830601528282,-0.004099568474649651,32.70608005523682,1.2281842470169066,0.00238615021626174,-676.4505248367786,92.59719518902014,,1.0476368427276612,
1480000,3110.2381896972656,-685.4028415679932,78.62498889016207,-0.004435401989923093,25.353934478759765,1.19048730134964,0.002991885798110161,-676.4505248367786,92.59719518902014,,1.0549712538719178,
1484000,3120.670117855072,-686.6213603019714,89.67857159618983,-0.003324585614997666,35.31542739868164,1.1775562644004822,0.0035357997025130317,-736.720145791769,108.02050456723163,,1.0932968616485597,
1488000,3128.862769842148,-704.6999931335449,97.03576726918016,-0.0029740904576804894,37.88029441833496,1.1448911786079408,0.0018278263216100932,-736.720145791769,108.02050456723163,,1.0431745052337646,
1492000,3137.0277156829834,-711.1763439178467,83.60585526556773,-0.0032772101629525707,51.97147216796875,1.124998676776886,0.001478815553127788,-736.720145791769,108.02050456723163,,1.0397616863250732,
1496000,3145.1597712039948,-700.0483465194702,98.98302401706303,-0.0030202924296803602,43.59737415313721,1.1078989386558533,0.002366418388555758,-736.720145791769,108.02050456723163,,1.0370270252227782,
1500000,3153.3159153461456,-693.4362277984619,95.97677735327005,-0.003004389341687741,41.986090660095215,1.1193020820617676,0.0021557421842784003,-736.720145791769,108.02050456723163,,0.9942515254020691,
1504000,3161.471474170685,-712.5786352157593,80.16041943639257,-0.0024814849770573135,44.74159698486328,1.1008708953857422,0.002513747720513493,-736.720145791769,108.02050456723163,,0.9705267071723938,
1508000,3169.6338183879852,-727.1830787658691,90.5089354808888,-0.0026402703514128768,58.99162139892578,1.0908415913581848,0.0007400667993739951,-736.720145791769,108.02050456723163,,1.0065569043159486,
1512000,3177.8004875183105,-694.3854742050171,82.47328661302257,-0.003952728178284204,31.921077919006347,1.1092262864112854,0.0021393724658992142,-736.720145791769,108.02050456723163,,0.9975355327129364,
1516000,3185.967220544815,-693.9073424339294,79.56771828995689,-0.0023736646114266512,38.17692604064941,1.154573428630829,0.0033871028281282634,-736.720145791769,108.02050456723163,,0.9501267552375794,
1520000,3194.1368906497955,-713.0999641418457,95.16814404070479,-0.0025358931247799533,41.54246444702149,1.1541249990463256,0.003906743880361318,-736.720145791769,108.02050456723163,,0.9586132109165192,
1524000,3204.5678045749664,-713.53076171875,97.15522237719372,-0.0024928831090995198,50.433977127075195,1.1173412203788757,0.001120785274542868,-771.6268345713615,94.20786587550225,,0.9214287340641022,
1528000,3212.751183986664,-710.6671323776245,91.3374561124455,-0.0027001817410345907,40.39840316772461,1.2045100212097168,0.002202176999766392,-771.6268345713615,94.20786587550225,,0.833731734752655,
1532000,3220.9270713329315,-696.7452077865601,88.42489095257167,-0.0015493047473185584,62.97226104736328,1.256643533706665,0.003725501411827281,-771.6268345713615,94.20786587550225,,0.8479154050350189,
1536000,3229.118515729904,-712.4513893127441,87.3778718947726,-0.001980829817010132,91.43244934082031,1.2942713975906373,0.0034337291464908047,-771.6268345713615,94.20786587550225,,0.7953990876674653,
1540000,3237.2916457653046,-704.2463607788086,99.86741645115626,-0.0017987124848974467,68.76358604431152,1.2957690358161926,0.0004847648755458067,-771.6268345713615,94.20786587550225,,0.7053033769130707,
1544000,3245.4459257125854,-700.8800268173218,86.7819167861115,-0.002799316056383194,47.40534286499023,1.324889063835144,0.0018564874771982431,-771.6268345713615,94.20786587550225,,0.7355812609195709,
1548000,3253.5874211788177,-710.1316566467285,124.73749330487703,-0.002082277077697636,66.61247329711914,1.2978177309036254,0.0006054748184396886,-771.6268345713615,94.20786587550225,,0.7678736090660095,
1552000,3261.746279478073,-697.9965572357178,98.60446914161456,-0.002241268292093679,48.49828262329102,1.2540895700454713,0.0019849029408457674,-771.6268345713615,94.20786587550225,,0.7630200266838074,
1556000,3269.898623228073,-685.2202978134155,81.18190855760638,-0.0022329146738242047,37.99925708770752,1.2465843081474304,0.0012642070206250855,-771.6268345713615,94.20786587550225,,0.7598052620887756,
1560000,3278.0596582889557,-721.7616243362427,104.5909903829584,-0.0020795814979355674,68.15871391296386,1.253592610359192,0.0022636244751823463,-771.6268345713615,94.20786587550225,,0.6003284275531768,
1564000,3288.5565507411957,-698.7768263816833,89.40433556310697,-0.002667817057808852,43.486664390563966,1.1695210218429566,0.0018719886778853835,-785.0463822484016,161.22272688143585,,0.7661305010318756,
1568000,3296.7633628845215,-706.2020254135132,93.52045571564618,-0.0039538432663150935,40.34988594055176,1.1979471683502196,0.0018261522685643517,-785.0463822484016,161.22272688143585,,0.7639796078205109,
1572000,3304.959629058838,-731.5213241577148,99.19793371709275,-0.0022495103758604527,34.93503532409668,1.1849003434181213,0.0036412466084584593,-785.0463822484016,161.22272688143585,,0.7305072486400604,
1576000,3313.1815736293793,-695.0416173934937,99.26607974657345,-0.002139645654397704,52.75794219970703,1.2233679175376893,0.0027889135817531496,-785.0463822484016,161.22272688143585,,0.7825258314609528,
1580000,3321.3848237991333,-662.4432406425476,81.39600331910778,-0.0020593000831431673,43.60585746765137,1.2959229946136475,0.0016898767109232715,-785.0463822484016,161.22272688143585,,0.8478305220603943,
1584000,3329.6034870147705,-690.5955810546875,95.58898032633999,-0.0032167480578258354,33.83302459716797,1.2625200510025025,0.0014221639270544984,-785.0463822484016,161.22272688143585,,0.8366824328899384,
1588000,3337.8231585025787,-686.4155240058899,92.83282069275005,-0.002596268181844308,50.918308639526366,1.2371994137763977,0.00245983482527663,-785.0463822484016,161.22272688143585,,0.8164316892623902,
1592000,3346.0247638225555,-697.1820282936096,84.45714464516136,-0.003183455989696071,38.46270351409912,1.185139012336731,0.0019357818570230555,-785.0463822484016,161.22272688143585,,0.8254296481609344,
1596000,3354.2123115062714,-696.0790224075317,88.85142633704002,-0.004011079504775505,32.45207595825195,1.1276283144950867,0.0035902713163523,-785.0463822484016,161.22272688143585,,0.8099835455417633,
1600000,3362.4196076393127,-700.7889385223389,89.37652951928234,-0.0029462579229924124,46.80592498779297,1.1207602143287658,0.0017368611646816135,-785.0463822484016,161.22272688143585,,0.8004362404346466,
1604000,3372.8752641677856,-704.2562990188599,86.02737563262032,-0.0028185505728082205,36.69935302734375,1.0960927844047545,0.002195796827436425,-718.6451695263386,104.48510809286955,,0.8201845645904541,
1608000,3381.0887463092804,-703.2177014350891,92.09748528227853,-0.0031399634145587996,41.6922664642334,1.113337779045105,0.0013951342632935848,-718.6451695263386,104.48510809286955,,0.8247221946716309,
1612000,3389.3073585033417,-704.1960725784302,87.71339854817559,-0.0027453104245166006,38.09436531066895,1.1211134552955628,0.0031499282864388078,-718.6451695263386,104.48510809286955,,0.8375149488449096,
1616000,3397.569096803665,-709.0305514335632,113.91110926224547,-0.002884035925419681,54.580549240112305,1.1398731350898743,0.0023281182802553867,-718.6451695263386,104.48510809286955,,0.7686107516288757,
1620000,3405.7502541542053,-677.6547403335571,95.5567000921605,-0.0023368055945805375,54.10044288635254,1.1316003441810607,0.0018778924582875333,-718.6451695263386,104.48510809286955,,0.8253524541854859,
1624000,3413.9155509471893,-718.294575214386,124.02490093057921,-0.0019437915372545688,73.73453140258789,1.2054060220718383,0.001904405260575004,-718.6451695263386,104.48510809286955,,0.7338877022266388,
1628000,3422.062956094742,-727.6609210968018,102.22074868020188,-0.002973397008250078,45.43365745544433,1.2261821269989013,0.0042377707548439504,-718.6451695263386,104.48510809286955,,0.8073733687400818,
1632000,3430.2189869880676,-721.7491092681885,110.23626770618614,-0.0034569271961227164,42.40076808929443,1.2324533820152284,0.004449437648174381,-718.6451695263386,104.48510809286955,,0.7718323528766632,
1636000,3438.357843399048,-733.9438514709473,89.27792164949621,-0.0030464050783193695,43.049279594421385,1.3208543062210083,0.0026678832599427603,-718.6451695263386,104.48510809286955,,0.6940131187438965,
1640000,3446.5013024806976,-736.887622833252,111.65444273538355,-0.0028411003478492347,65.32344589233398,1.3519692540168762,0.001839886351081077,-718.6451695263386,104.48510809286955,,0.7784554302692414,
1644000,3456.9208023548126,-690.8273038864136,83.27537633125284,-0.003556087042282563,36.153975296020505,1.329739761352539,0.0038162440924073503,-903.0863647460938,225.48344791326633,,0.7940769255161285,
1648000,3465.060909986496,-716.2045812606812,110.009329531031,-0.0028991932383505615,49.74993629455567,1.3191200017929077,0.002159945131279528,-903.0863647460938,225.48344791326633,,0.7107695519924164,
1652000,3473.210474252701,-694.2206287384033,82.28912393940243,-0.002384389715249835,71.11010246276855,1.2897708415985107,0.0015963370722602121,-903.0863647460938,225.48344791326633,,0.8136405944824219,
1656000,3481.362710952759,-701.7514142990112,88.64320938675677,-0.002370662255639466,57.865983963012695,1.3352480053901672,0.001531161413731752,-903.0863647460938,225.48344791326633,,0.8416143417358398,
1660000,3489.50195145607,-730.2498579025269,104.31693827950225,-0.003982380887027759,52.555104446411136,1.3488335728645324,0.003806145166551378,-903.0863647460938,225.48344791326633,,0.8139180243015289,
1664000,3497.647920846939,-691.3416786193848,83.11962755565666,-0.003043918957545788,53.05534629821777,1.355310893058777,0.0022185176349400317,-903.0863647460938,225.48344791326633,,0.7520344674587249,
1668000,3505.791309118271,-693.8993082046509,82.57411633884546,-0.0038259288581709685,66.89156074523926,1.3782524943351746,0.0024644140466698605,-903.0863647460938,225.48344791326633,,0.7235690414905548,
1672000,3513.946432352066,-714.9189109802246,89.91326459708844,-0.0034709346764818074,53.56895980834961,1.3341784477233887,0.0027213515618738416,-903.0863647460938,225.48344791326633,,0.8335859477519989,
1676000,3522.1127309799194,-697.6865377426147,82.33015920479139,-0.0041927549334553225,56.03139762878418,1.290412175655365,0.003619523962028337,-903.0863647460938,225.48344791326633,,0.8434223532676697,
1680000,3530.252710342407,-696.7894983291626,86.73835584264211,-0.0025606705230214466,68.21043243408204,1.3044198989868163,0.0044758114730939266,-903.0863647460938,225.48344791326633,,0.7929968953132629,
1684000,3540.617982149124,-722.351616859436,80.84614944136176,-0.003314055547661532,86.25298461914062,1.2790634632110596,0.003280520872795023,-760.3346363902092,155.810876724546,,0.8541447043418884,
1688000,3548.766386985779,-737.5135383605957,111.92696547890395,-0.0035377334684599136,57.47072410583496,1.3257493734359742,0.0022153499161504443,-760.3346363902092,155.810876724546,,0.7817856132984161,
1692000,3556.910223007202,-713.4055671691895,107.74051436739174,-0.0027830982822925066,80.16911659240722,1.3538959622383118,0.004541571013396606,-760.3346363902092,155.810876724546,,0.8113865673542022,
1696000,3565.0550994873047,-703.2312889099121,87.86876379594933,-0.0031391135006755277,57.65695495605469,1.2930883049964905,0.0027413682080805303,-760.3346363902092,155.810876724546,,0.7008463859558105,
1700000,3573.2068271636963,-676.5821685791016,83.85760619829858,-0.0027235974119199646,45.81052131652832,1.3410612225532532,0.0022858238276094235,-760.3346363902092,155.810876724546,,0.7506029665470123,
1704000,3581.3482851982117,-693.9610786437988,111.71036436831764,-0.0020235421378165695,96.56165390014648,1.3543007135391236,0.0023201873955258634,-760.3346363902092,155.810876724546,,0.7670745253562927,
1708000,3589.4879744052887,-695.3217525482178,94.23699358007438,-0.002482626064544746,68.35303497314453,1.3213206648826599,0.0017353365644327656,-760.3346363902092,155.810876724546,,0.6997739493846893,
1712000,3597.634248971939,-691.3801431655884,97.03187706653189,-0.003754789172904438,69.45894012451171,1.3144262313842774,0.002943341262289323,-760.3346363902092,155.810876724546,,0.7467579960823059,
1716000,3605.771420955658,-694.2065014839172,93.09530546172527,-0.002504557805717944,59.823077011108396,1.3770234346389771,0.0017500803700095436,-760.3346363902092,155.810876724546,,0.8253888010978698,
1720000,3613.916456222534,-694.5758619308472,87.06177951227782,-0.0028428054974646956,81.03817405700684,1.3557246327400208,0.0017007163539334957,-760.3346363902092,155.810876724546,,0.7465587794780731,
1724000,3624.3528757095337,-671.6858749389648,68.26218176492206,-0.0030253108580557964,53.204375457763675,1.2975024223327636,0.0028407357225660236,-666.5091800093651,95.30373882245303,,0.858944433927536,
1728000,3632.492316007614,-669.2800240516663,83.3379880388762,-0.0038807888030230053,47.677952194213866,1.282694435119629,0.001989583461545408,-666.5091800093651,95.30373882245303,,0.8248408317565918,
1732000,3640.6311519145966,-719.6292161941528,83.65946236353074,-0.004118329952082877,38.70608119964599,1.2827847480773926,0.0028237252961844208,-666.5091800093651,95.30373882245303,,0.7934702694416046,
1736000,3648.76748418808,-733.4175987243652,91.31263203941634,-0.0042128858383123635,45.474524688720706,1.239707887172699,0.0038789604749569356,-666.5091800093651,95.30373882245303,,0.8105678975582122,
1740000,3656.9028890132904,-706.9849338531494,87.30682648213528,-0.0034157325914760507,41.8474796295166,1.2686889529228211,0.0021753371227532627,-666.5091800093651,95.30373882245303,,0.8600829780101776,
1744000,3665.0442485809326,-736.3081932067871,131.34700075966543,-0.0032973296822650156,79.26533813476563,1.2418015956878663,0.002797389100305736,-666.5091800093651,95.30373882245303,,0.8070686101913452,
1748000,3673.1705219745636,-712.9561161994934,82.87052072946892,-0.0032486291832950266,54.782226181030275,1.286748504638672,0.005505349719896913,-666.5091800093651,95.30373882245303,,0.7867425799369812,
1752000,3681.329817533493,-722.9815912246704,84.66960088754203,-0.003605728243089601,32.36071357727051,1.2622986793518067,0.004409521325258581,-666.5091800093651,95.30373882245303,,0.8434028387069702,
1756000,3689.4713940620422,-731.8550367355347,129.4838451070188,-0.0036824415504234766,41.68385944366455,1.2865513920783997,0.00275607917283196,-666.5091800093651,95.30373882245303,,0.785330879688263,
1760000,3697.608969926834,-730.4165954589844,90.89141367630798,-0.0030672410320644163,46.185957717895505,1.2089779376983643,0.004409249557026973,-666.5091800093651,95.30373882245303,,0.7985818803310394,
1764000,3707.985464334488,-679.1309642791748,66.30085528848242,-0.0038557730838656213,34.923662948608396,1.2473266482353211,0.004455691343173385,-788.4022454917431,88.15456858080121,,0.7729876458644866,
1768000,3716.136421442032,-717.8212394714355,98.72367148832924,-0.003054223981763471,57.642174911499026,1.1672937750816346,0.00431736366590485,-788.4022454917431,88.15456858080121,,0.8141480326652527,
1772000,3724.287680864334,-711.4800281524658,81.53672136114419,-0.0041508378004655455,47.06888275146484,1.1593143939971924,0.006852233607787639,-788.4022454917431,88.15456858080121,,0.8326683402061462,
1776000,3732.42511510849,-694.2447853088379,83.23856008349676,-0.002705495861902207,41.792971801757815,1.1539724111557006,0.002912270149235496,-788.4022454917431,88.15456858080121,,0.8069710552692413,
1780000,3740.5858957767487,-720.3165245056152,114.81799593232205,-0.0029029244784033017,44.01178665161133,1.1742891907691955,0.004764913220424205,-788.4022454917431,88.15456858080121,,0.6821121096611023,
1784000,3748.753650903702,-715.0788683891296,104.16786764087205,-0.0035472601207050757,47.52500267028809,1.1434526920318604,0.0029230494838557775,-788.4022454917431,88.15456858080121,,0.7541632056236267,
1788000,3756.9117560386658,-706.5256147384644,89.99266051105005,-0.005200969224174834,31.624539375305176,1.1034385085105896,0.006307393597594152,-788.4022454917431,88.15456858080121,,0.7574164211750031,
1792000,3765.059766769409,-726.8444805145264,91.43026403191848,-0.0029465107569316197,46.40295295715332,1.0876410007476807,0.002834513783454895,-788.4022454917431,88.15456858080121,,0.7822980999946594,
1796000,3773.209271669388,-676.7254781723022,76.39903244231748,-0.0033133730092085754,35.33714427947998,1.0776448607444764,0.0028183607040749513,-788.4022454917431,88.15456858080121,,0.8496999621391297,
1800000,3781.36634349823,-724.0285310745239,110.9535347154085,-4.872674541545052e-05,48.41553916931152,1.0672545194625855,0.009241501177971578,-788.4022454917431,88.15456858080121,,0.7729983627796173,
1804000,3791.774513721466,-715.5632100105286,87.68284715339307,0.00010971806416648633,64.2424747467041,1.0467463731765747,0.015952399466186762,-732.446723729372,106.3215253136234,,0.8675577998161316,
1808000,3800.0028023719788,-707.3762893676758,101.00951126783943,-0.0023816899147738545,44.671403121948245,1.0626888632774354,0.007114346814341843,-732.446723729372,106.3215253136234,,0.8174945116043091,
1812000,3808.202971935272,-683.0056715011597,80.1305619711973,-0.0031641765097932375,49.793280029296874,1.1190258264541626,0.00240393090589599,-732.446723729372,106.3215253136234,,0.8284197151660919,
1816000,3816.4285938739777,-705.4801721572876,80.84594629553354,-0.00394778753848124,29.288194847106933,1.1190842628479003,0.0037840157840400845,-732.446723729372,106.3215253136234,,0.8565234303474426,
1820000,3824.647387266159,-695.5166997909546,95.37625012121532,-0.0023583917510501705,44.837588500976565,1.1289407014846802,0.002713369636641194,-732.446723729372,106.3215253136234,,0.7893496870994567,
1824000,3832.8771607875824,-699.5327749252319,89.00343781576885,-0.0033463089066499306,38.974886894226074,1.1279370546340943,0.004604408401064575,-732.446723729372,106.3215253136234,,0.8284891188144684,
1828000,3841.0894796848297,-712.469274520874,101.9283940697563,-0.002677841471095732,49.34788055419922,1.1571202158927918,0.0020872141685686074,-732.446723729372,106.3215253136234,,0.8135508358478546,
1832000,3849.2550432682037,-699.9941921234131,85.46750625410917,-0.002742786091665028,37.96167678833008,1.1261617541313171,0.0029778496165139058,-732.446723729372,106.3215253136234,,0.7682729065418243,
1836000,3857.4740965366364,-726.5993528366089,115.21526374445361,-0.003452573859908936,48.29462013244629,1.0922712564468384,0.0031297035166062415,-732.446723729372,106.3215253136234,,0.7890504360198974,
1840000,3865.67867231369,-706.1832036972046,100.45136510266515,-0.0035132216266356765,43.2948600769043,1.09430171251297,0.0016767392517067492,-732.446723729372,106.3215253136234,,0.8365840494632721,
1844000,3876.0585606098175,-703.2157564163208,133.72437488782813,-0.0027542991992861587,60.21470413208008,1.0995006084442138,0.0035529754325592357,-703.9405787885189,108.67163235229546,,0.8481448471546174,
1848000,3884.277525663376,-741.6071195602417,90.49745572738424,-0.004431920056386485,43.24193649291992,1.0978339195251465,0.004082443911465816,-703.9405787885189,108.67163235229546,,0.8174380481243133,
1852000,3892.4943408966064,-689.422534942627,82.27427214067612,-0.003835310026304839,42.715157699584964,1.1155611753463746,0.003616829006932676,-703.9405787885189,108.67163235229546,,0.9671872437000275,
1856000,3900.7089216709137,-689.4065794944763,91.39788016693419,-0.003864973775149938,40.731872367858884,1.0789012789726258,0.0038517064123880116,-703.9405787885189,108.67163235229546,,0.8709497451782227,
1860000,3908.9307198524475,-711.5922966003418,110.46878486038689,-0.003758095127995986,41.62856559753418,1.053664994239807,0.003162246336151542,-703.9405787885189,108.67163235229546,,0.8197674334049225,
1864000,3917.1583380699158,-702.764045715332,92.34466629189149,-0.0029460106257756637,38.98178844451904,1.0943254828453064,0.005504775404309293,-703.9405787885189,108.67163235229546,,0.8931551098823547,
1868000,3925.3746116161346,-704.9940724372864,109.34801513719871,-0.0039056107210005296,44.79413375854492,1.068951630592346,0.004199298296589405,-703.9405787885189,108.67163235229546,,0.8968583345413208,
1872000,3933.5762395858765,-696.4538726806641,96.88405427736106,-0.004067528818811628,36.4551778793335,1.07873193025589,0.002605849178507924,-703.9405787885189,108.67163235229546,,0.9428395628929138,
1876000,3941.780582666397,-718.7275195121765,116.68644707301638,-0.0030428738460857472,59.918378067016604,1.0343830347061158,0.0018843075493350625,-703.9405787885189,108.67163235229546,,0.9126084446907043,
1880000,3949.9472312927246,-720.3628616333008,109.34390162528318,-0.0038880238361501895,52.99569549560547,1.0809675574302673,0.003353785705791479,-703.9405787885189,108.67163235229546,,0.8904351890087128,
1884000,3960.312119960785,-699.8577938079834,108.32445508489474,-0.0034385197601902286,48.70030899047852,1.0242698788642883,0.003840757641592063,-717.2566150724888,119.64147909065191,,1.0173551559448242,
1888000,3968.5162122249603,-708.1752700805664,105.14589610219247,-0.0032947820913589833,49.53477668762207,1.1006293416023254,0.0027343773434404415,-717.2566150724888,119.64147909065191,,0.9744412899017334,
1892000,3976.70036649704,-690.2804279327393,86.26496784229262,-0.004200554532309375,44.28389358520508,1.148883593082428,0.002665286913009668,-717.2566150724888,119.64147909065191,,0.9976411998271942,
1896000,3984.9668588638306,-691.4859628677368,89.64026501074554,-0.0033078398663395348,52.03827095031738,1.1630277752876281,0.0018878002335938281,-717.2566150724888,119.64147909065191,,0.873970115184784,
1900000,3993.15820646286,-698.8188047409058,84.3125413517993,-0.004377704436502761,36.608127403259275,1.1657075881958008,0.004684737003602413,-717.2566150724888,119.64147909065191,,0.9391824185848237,
1904000,4001.360517024994,-722.0656728744507,101.16051374744977,-0.003740378289561108,48.1001220703125,1.1571158289909362,0.0015548450031007467,-717.2566150724888,119.64147909065191,,0.8452713787555695,
1908000,4009.5511684417725,-708.9113311767578,99.28706868223469,-0.00299846889509352,51.87863655090332,1.168388044834137,0.0033481581835076214,-717.2566150724888,119.64147909065191,,0.8888197004795074,
1912000,4017.7521703243256,-716.0228576660156,93.48038520743401,-0.0032305308254823918,53.09985427856445,1.1529312610626221,0.002726588994885493,-717.2566150724888,119.64147909065191,,0.944285660982132,
1916000,4025.9779827594757,-714.6297812461853,111.47796628913916,-0.00520119527587668,37.215229988098145,1.1286230683326721,0.005080300267630599,-717.2566150724888,119.64147909065191,,0.8902905225753784,
1920000,4034.2085993289948,-698.385576248169,75.49902650287179,-0.0030390181546099625,42.01229057312012,1.098401165008545,0.0027710762561764745,-717.2566150724888,119.64147909065191,,0.9400498926639557,
1924000,4044.6542403697968,-708.0499515533447,92.580933452423,-0.0026291533754265297,51.19825973510742,1.1282069206237793,0.005215459340640027,-735.8182734549046,113.35546463973617,,0.8780529916286468,
1928000,4052.882511615753,-690.1654529571533,91.86083679686051,-0.0025010011764631914,64.1804298400879,1.1441627025604248,0.0019995407462314097,-735.8182734549046,113.35546463973617,,0.9136981904506684,
1932000,4061.093267917633,-677.2311363220215,73.40591199712915,-0.004752955295223238,37.10476303100586,1.2039502143859864,0.0036845539260708994,-735.8182734549046,113.35546463973617,,0.9059347748756409,
1936000,4069.310079097748,-668.9036502838135,77.14265302786156,-0.004701464310676484,45.346120834350586,1.1838509917259217,0.00470206606623833,-735.8182734549046,113.35546463973617,,0.9105570435523986,
1940000,4077.5273873806,-679.0665435791016,70.20807409586978,-0.004411125932897697,40.71988372802734,1.2093604326248169,0.005634043621830643,-735.8182734549046,113.35546463973617,,0.9055922627449036,
1944000,4085.7539942264557,-693.9260997772217,89.77874104602006,-0.0037188806149254907,56.04780197143555,1.115701937675476,0.0031647047746227843,-735.8182734549046,113.35546463973617,,0.8160102844238282,
1948000,4093.9590332508087,-687.0998039245605,84.13191347706915,-0.004622360839198025,46.05123291015625,1.1081101894378662,0.0035779871005409717,-735.8182734549046,113.35546463973617,,0.918494713306427,
1952000,4102.167353630066,-683.0601768493652,77.7468167964295,-0.0034153371717548175,58.088396072387695,1.1938497185707093,0.003479468636214733,-735.8182734549046,113.35546463973617,,0.9387663304805756,
1956000,4110.381790161133,-661.2122530937195,83.64246760567542,-0.0032882724230876015,54.8747444152832,1.2186859011650086,0.0058016452356241645,-735.8182734549046,113.35546463973617,,0.9415629088878632,
1960000,4118.540508031845,-676.3387880325317,83.98114777084176,-0.0037760610560265474,60.90381088256836,1.2318983197212219,0.003903072761255322,-735.8182734549046,113.35546463973617,,0.8889821887016296,
1964000,4128.97970700264,-656.9128575325012,81.00520334056844,-0.005142217337309063,48.02499618530273,1.166731560230255,0.004885765667131637,-711.8927569389343,87.2715471822676,,0.8916172921657562,
1968000,4137.1516880989075,-692.4395084381104,95.7289752613866,-0.0038811872991113107,67.56570549011231,1.2106877207756042,0.004026017436990515,-711.8927569389343,87.2715471822676,,0.8967639803886414,
1972000,4145.330972194672,-692.5212483406067,92.8441741135669,-0.0038915731617404246,46.757847213745116,1.2544404506683349,0.00401012730598449,-711.8927569389343,87.2715471822676,,0.8477013766765594,
1976000,4153.4775557518005,-702.2919282913208,107.61545594700853,-0.0035841266864832023,67.26268196105957,1.2315018057823182,0.002938111277413569,-711.8927569389343,87.2715471822676,,0.8198106169700623,
1980000,4161.683644771576,-692.3287382125854,92.52448377328903,-0.004841991009966762,49.71162719726563,1.2493098855018616,0.0049203925725693765,-711.8927569389343,87.2715471822676,,0.877839344739914,
1984000,4169.896287679672,-707.164571762085,105.5759459948933,-0.003519036481156945,64.32441329956055,1.2615867137908936,0.0013465117368736124,-711.8927569389343,87.2715471822676,,0.8281491160392761,
1988000,4178.114581108093,-686.450385093689,68.67089222141915,-0.003753315144878222,43.54604911804199,1.2282225489616394,0.004856069980499656,-711.8927569389343,87.2715471822676,,0.8262339234352112,
1992000,4186.323963403702,-716.2062911987305,87.51450039580475,-0.004311035394183449,39.43182563781738,1.2251312851905822,0.00704906505998224,-711.8927569389343,87.2715471822676,,0.7232037603855133,
1996000,4194.5251269340515,-701.0514116287231,95.08184362891478,-0.0026440107125868194,66.01835975646972,1.1980321645736693,0.003175998025108129,-711.8927569389343,87.2715471822676,,0.7472504675388336,
2000000,4202.737425327301,-698.5608320236206,92.1056528973264,-0.004772634223491589,38.73839206695557,1.214554452896118,0.00463567761471495,-711.8927569389343,87.2715471822676,,0.8019102811813354,
