global_step,wall_time_s,ep_return_mean,ep_return_std,policy_loss,value_loss,entropy,approx_kl,eval_return_mean,eval_return_std,mean_k,attn_entropy,lagrange_lambda
4000,3.66593599319458,-229.33086228370667,42.929162091576416,-0.001060159386736359,191.66830749511718,1.601965594291687,0.0002167845992516959,,,2.2243334293365478,1.5731016159057618,0.6774875330924989
8000,6.7964067459106445,-246.02758479118347,53.55652957723204,-0.00042500846011535033,219.97712097167968,1.595162320137024,0.00034606720291776585,,,1.471208381652832,1.5024045705795288,0.9204333853721623
12000,9.955623626708984,-223.0989954471588,44.4361720011276,-0.0011100998206529766,160.77241058349608,1.5899014592170715,0.00042600633043008427,,,1.1786250114440917,1.4806787014007567,0.9460875678062446
16000,13.129868030548096,-223.04281568527222,40.85892532295641,-0.0008145659769070335,139.353955078125,1.5792704939842224,0.00011814213394245598,,,1.0909375429153443,1.4267169952392578,0.8892334163188942
20000,16.18224287033081,-218.92030668258667,34.873101968173245,-0.0005389446603658143,105.47174987792968,1.5680035829544068,0.00035237950942246243,,,1.0490833520889282,1.425831127166748,0.8012021791934976
24000,19.326305389404297,-212.95332217216492,36.7617799459051,-0.0005448544696264434,61.737535858154295,1.5672708392143249,0.000381909105340128,,,1.0267083525657654,1.4368960738182068,0.6950105226039892
28000,22.462088108062744,-224.75024342536926,48.6928022112072,-0.000712515004852321,70.28612022399902,1.5649696350097657,0.0005161971866073145,,,1.013645887374878,1.3412542343139648,0.581500126123429
32000,25.57770347595215,-218.7905309200287,41.830912469994054,-0.001109530305257067,58.04446220397949,1.5645962357521057,0.0003716525428899331,,,1.010770845413208,1.3812965035438538,0.46319388866424627
36000,28.748578310012817,-219.2245296239853,38.80079005931121,-0.0008080816769734156,76.8115623474121,1.555435311794281,0.0016268719991785474,,,1.0093958735466004,1.3670786619186401,0.34331473588943545
40000,31.906403303146362,-236.3964078426361,49.527158241873394,-0.0009506324582616799,60.25998115539551,1.4977940440177917,0.0005458155887026805,,,1.0052708506584167,1.3489595890045165,0.22221475124359222
44000,37.114619731903076,-235.88584566116333,45.57204872867984,-0.0011825982302980265,42.404689407348634,1.4653090715408326,0.0008534341410268098,-289.7115054503083,43.979831202916735,1.0038541913032533,1.34922513961792,0.0998605978488931
48000,40.35582447052002,-240.5496380329132,50.96293329172177,-0.002054108964057377,45.656512069702146,1.4906899809837342,0.0025757529452675953,-289.7115054503083,43.979831202916735,1.004520845413208,1.3793398976325988,0.0
52000,43.51638436317444,-229.8838107585907,42.213387522068345,-0.0023236761897351245,40.23924026489258,1.4594067215919495,0.0010285750602633925,-289.7115054503083,43.979831202916735,1.004979181289673,1.3954688549041747,0.0
56000,46.501614570617676,-241.4988067150116,45.13611020513558,-0.001806633480009623,49.09569129943848,1.4531235694885254,0.0004803571355296299,-289.7115054503083,43.979831202916735,1.0056042075157166,1.372144305706024,0.0
60000,49.58672022819519,-216.57927989959717,39.15680940961045,-0.0015699278850661359,40.69334697723389,1.4393136382102967,0.004691372223896905,-289.7115054503083,43.979831202916735,1.0067500352859498,1.3595842838287353,0.0
64000,52.792457818984985,-222.36129665374756,39.15586572012919,-0.0013537620891383995,52.628203582763675,1.4884399056434632,0.0009548325440846383,-289.7115054503083,43.979831202916735,1.0054375171661376,1.3652298092842101,0.0
68000,55.89720845222473,-212.9748260974884,43.328173082411844,-0.0005048364510003012,48.6238094329834,1.4728246450424194,0.0009584356914274395,-289.7115054503083,43.979831202916735,1.0065000176429748,1.3866737723350524,0.0
72000,59.10096526145935,-225.40670084953308,41.428845387642326,-0.002073183477477869,49.97967948913574,1.470102572441101,0.001836372708203271,-289.7115054503083,43.979831202916735,1.0065416812896728,1.3438260078430175,0.0
76000,62.26272892951965,-225.7320592403412,34.80727782282968,-0.002623026705623488,34.71066551208496,1.4694648385047913,0.0015944733459036797,-289.7115054503083,43.979831202916735,1.005958342552185,1.3583462953567504,0.0
80000,65.4117910861969,-218.74835228919983,44.02710733842848,-0.0032923891441896556,48.74107360839844,1.4354228854179383,0.0050877362373284996,-289.7115054503083,43.979831202916735,1.0065208435058595,1.327740204334259,0.0
84000,70.57848930358887,-223.46374702453613,34.76939022963655,-0.0006156378467494505,48.77097778320312,1.402144479751587,0.0006964378873817623,-251.02674517780542,50.6150759176997,1.005625021457672,1.3593812823295592,0.0
88000,73.71970248222351,-223.1792049407959,40.479181204797484,-0.001379821842056117,51.919184875488284,1.3738687872886657,0.003067975846352056,-251.02674517780542,50.6150759176997,1.0085416913032532,1.3054331064224243,0.0
92000,76.88992643356323,-215.99239897727966,38.72489112356351,-0.0018945407264254754,35.95067253112793,1.4202293872833252,0.0017191569699207322,-251.02674517780542,50.6150759176997,1.0056875228881836,1.3731690406799317,0.0
96000,80.22485637664795,-226.6004192829132,52.853856327179216,-0.0005790877177787479,50.04971466064453,1.377548885345459,0.0029469392669852824,-251.02674517780542,50.6150759176997,1.0056875228881836,1.3493045806884765,0.0
100000,83.37174391746521,-225.551611661911,40.483970161631845,-0.0012297488283365965,35.8011510848999,1.3715161681175232,0.002748806989984587,-251.02674517780542,50.6150759176997,1.0056875109672547,1.3260316014289857,0.0
104000,86.50825381278992,-224.71790266036987,44.36325726627829,-0.0016282199465422309,25.181293296813966,1.4010092973709107,0.004995970550226048,-251.02674517780542,50.6150759176997,1.005916666984558,1.3593129873275758,0.0
108000,89.63084816932678,-230.4313371181488,46.09929597616844,-0.0029855569820938397,26.147634315490723,1.3522408604621887,0.0030676996173497175,-251.02674517780542,50.6150759176997,1.0050833344459533,1.3532769083976746,0.0
112000,92.77419900894165,-220.9507555961609,33.115036464562756,-0.0016741358891522395,17.666322040557862,1.3648281931877135,0.004196518554817885,-251.02674517780542,50.6150759176997,1.0084583520889283,1.3621680021286011,0.0
116000,95.91717457771301,-233.6187973022461,40.27487336098593,0.0003752131218789145,35.30909194946289,1.4024586796760559,0.0009996556371334008,-251.02674517780542,50.6150759176997,1.00600004196167,1.3094552516937257,0.0
120000,99.12405729293823,-230.76196765899658,37.859954575942105,-0.0019807483246040646,25.168936729431152,1.3972344279289246,0.005065749512141338,-251.02674517780542,50.6150759176997,1.0058541893959045,1.2978720307350158,0.0
124000,104.25349164009094,-239.4157271385193,40.973828730295224,-0.003734375457861461,20.894975566864012,1.399237370491028,0.004944673139834777,-306.7688663750887,85.20717105761679,1.005791676044464,1.3676945090293884,0.0
128000,107.44656014442444,-234.10252046585083,39.549237448053304,-0.00170117241771095,32.99677219390869,1.3945318698883056,0.003116560389753431,-306.7688663750887,85.20717105761679,1.006333351135254,1.2972654223442077,0.0
132000,110.59142398834229,-222.49396324157715,44.357028220398,-0.0028012536953610835,21.5629976272583,1.3508249878883363,0.00500451143598184,-306.7688663750887,85.20717105761679,1.0082916736602783,1.3561366677284241,0.0
136000,113.74538898468018,-235.42299818992615,50.02264140147238,-0.002578666463523405,30.604058456420898,1.3831276774406434,0.002366318141866941,-306.7688663750887,85.20717105761679,1.0054792046546936,1.3036813259124755,0.0
140000,116.78790593147278,-219.97652292251587,36.83674686806725,-0.00034167493340646614,33.265903091430665,1.4187364101409912,0.002906932623591274,-306.7688663750887,85.20717105761679,1.0081250071525574,1.3482452392578126,0.0
144000,119.93631792068481,-212.64984226226807,36.694800053801195,-0.0024372452782699837,23.000514411926268,1.4222497582435607,0.004066270351177082,-306.7688663750887,85.20717105761679,1.0087708592414857,1.3512894749641418,0.0
148000,123.09082746505737,-217.91813707351685,38.46779717531472,-0.003209239582065493,26.151875305175782,1.4199374079704286,0.004407460085349158,-306.7688663750887,85.20717105761679,1.0063125133514403,1.3380860328674316,0.0
152000,126.17780685424805,-230.08059549331665,39.72233988548664,-0.0033044115960365163,22.906824111938477,1.3991392374038696,0.005721766079659574,-306.7688663750887,85.20717105761679,1.006125020980835,1.334365999698639,0.0
156000,129.30458784103394,-226.52295446395874,42.438097554529186,-0.0020356735898531043,38.24133949279785,1.402788770198822,0.00324566361377947,-306.7688663750887,85.20717105761679,1.0071666836738586,1.3526200890541076,0.0
160000,132.4222092628479,-233.3544511795044,35.20851761729872,-0.0015722357915365138,27.4414981842041,1.4105236053466796,0.003758154129900504,-306.7688663750887,85.20717105761679,1.0054166913032532,1.295329713821411,0.0
164000,137.43483066558838,-232.85146474838257,43.8593691482238,-0.0011115286106360145,25.095825958251954,1.3664461970329285,0.00252291627402883,-270.3014105632901,39.98847716194608,1.005791687965393,1.3131811380386353,0.0
168000,140.56210350990295,-233.56550979614258,45.18993309910892,-0.0012077639330527745,44.62161064147949,1.415399432182312,0.0037095300329383464,-270.3014105632901,39.98847716194608,1.0058541893959045,1.2488778114318848,0.0
172000,143.68919324874878,-218.60248827934265,38.466073322728434,-0.0025105653578066265,26.934031295776368,1.3473315715789795,0.004157268991548335,-270.3014105632901,39.98847716194608,1.006166696548462,1.3167248010635375,0.0
176000,146.8503053188324,-236.25882649421692,49.26958247187292,-0.0009506173941190354,40.158884811401364,1.390015470981598,0.0018741717183729633,-270.3014105632901,39.98847716194608,1.007854199409485,1.3076441526412963,0.0
180000,149.98198628425598,-224.98879027366638,33.890188675862206,-0.002856423727644142,28.18321418762207,1.4229540586471559,0.004724872787483037,-270.3014105632901,39.98847716194608,1.0085417032241821,1.2937533259391785,0.0
184000,153.13841009140015,-217.46750473976135,41.69931921709847,-0.0008448415121165454,31.883373260498047,1.358078694343567,0.005413580354070291,-270.3014105632901,39.98847716194608,1.0058125257492065,1.2918193221092225,0.0
188000,156.33765292167664,-225.51739859580994,39.61894659876962,-0.0020565915750921705,32.78880214691162,1.354343020915985,0.0015855594701861264,-270.3014105632901,39.98847716194608,1.0068750381469727,1.3616666316986084,0.0
192000,159.52938079833984,-229.66840982437134,30.127832786870588,-0.0013417004403891042,28.519936943054198,1.3487407684326171,0.005042537761619314,-270.3014105632901,39.98847716194608,1.0081458568572998,1.3188135981559754,0.0
196000,162.70078468322754,-227.8952841758728,39.767577726294974,-0.002151366663747467,36.86753387451172,1.3174522757530212,0.004249101068126038,-270.3014105632901,39.98847716194608,1.0056666731834412,1.3074586510658264,0.0
200000,165.86532282829285,-224.3751609325409,44.12752557241715,-0.0015523039503023029,41.65792999267578,1.3029502511024476,0.0034475124964956196,-270.3014105632901,39.98847716194608,1.0076875329017638,1.3120026588439941,0.0
204000,170.81423783302307,-216.2261836528778,39.169375229643514,-0.0011240509178605863,32.04071483612061,1.3533897995948792,0.006919038476189599,-220.87067306786776,34.313226556216435,1.0081458330154418,1.2509434223175049,0.0
208000,173.94800734519958,-207.44080996513367,35.98600318975465,-0.0017901471328514162,42.1651725769043,1.357980990409851,0.00908866295358166,-220.87067306786776,34.313226556216435,1.0070000171661377,1.2618608474731445,0.0
212000,177.02833151817322,-218.9058485031128,39.62742806882871,-0.0006694369796605315,30.945566940307618,1.3373074650764465,0.0037881211610510945,-220.87067306786776,34.313226556216435,1.007354187965393,1.1906747460365295,0.0
216000,180.12035536766052,-220.63368463516235,32.65673379686388,-0.0018702668348851148,34.889268493652345,1.3584200620651246,0.0058286296931328255,-220.87067306786776,34.313226556216435,1.0067291736602784,1.1772162079811097,0.0
220000,183.28526759147644,-225.04209518432617,38.56802366421695,-0.0017824567774368915,25.850286293029786,1.2896117925643922,0.012162327204714529,-220.87067306786776,34.313226556216435,1.0077708601951598,1.1183361291885376,0.0
224000,186.45714735984802,-229.0236325263977,42.20606310258649,-0.0014870576247631106,32.00757961273193,1.2680591225624085,0.00745160715887323,-220.87067306786776,34.313226556216435,1.0066666960716248,1.1164793372154236,0.0
228000,189.60921335220337,-230.98392486572266,44.192076870461335,-0.003649662133284437,32.671224403381345,1.2784926533699035,0.004418349808838684,-220.87067306786776,34.313226556216435,1.0046041846275329,1.0921741247177124,0.0
232000,192.80013036727905,-231.06762742996216,58.737976902991626,-0.001052743427499081,36.83652458190918,1.2336653351783753,0.006053101306315511,-220.87067306786776,34.313226556216435,1.0093125224113464,1.0737187266349792,0.0
236000,195.97332191467285,-241.1016960144043,50.06723290533685,-0.0013622089012642392,39.52493171691894,1.2085487723350525,0.0031988262315280737,-220.87067306786776,34.313226556216435,1.0064375281333924,1.0718119263648986,0.0
240000,199.0077841281891,-227.61157274246216,43.10140720816127,-0.001371192774240626,31.858841133117675,1.2449192881584168,0.0050490967347286645,-220.87067306786776,34.313226556216435,1.0078333616256714,1.1196116209030151,0.0
244000,203.9113039970398,-229.5540325641632,34.453475396746704,-0.001258041471010074,21.845776557922363,1.2382618308067321,0.007038844854105264,-222.86117296665907,40.29546053525764,1.0077083587646485,1.0694350838661193,0.0
248000,207.08308100700378,-235.83124256134033,40.35707248991113,-0.0012796188457286917,26.94116973876953,1.1056485295295715,0.004208795390150044,-222.86117296665907,40.29546053525764,1.0087291836738586,1.057351040840149,0.0
252000,210.2066309452057,-226.59988379478455,38.09544770207185,-0.002063905305544722,24.902801704406738,1.1878149032592773,0.00873825458693318,-222.86117296665907,40.29546053525764,1.00895836353302,1.0263315916061402,0.0
256000,213.34896850585938,-231.41484117507935,41.940832063746434,-0.0021281398185237776,25.41505069732666,1.1938969850540162,0.0053415002534165975,-222.86117296665907,40.29546053525764,1.0075000286102296,0.8502184212207794,0.0
260000,216.50062537193298,-226.11267113685608,42.58104803135581,-0.0023357998576102545,25.611747169494627,1.2570932984352112,0.005286261669243686,-222.86117296665907,40.29546053525764,1.0131041884422303,0.9503655552864074,0.0
264000,219.61775517463684,-229.14583325386047,31.88106223388243,-0.003378627129131928,25.33216552734375,1.273018729686737,0.006349520778167061,-222.86117296665907,40.29546053525764,1.007770848274231,0.904762727022171,0.0
268000,222.7302050590515,-224.85612273216248,40.367712436261144,-0.00016114266763906927,26.473206329345704,1.2170783638954163,0.009856375446543098,-222.86117296665907,40.29546053525764,1.0102500200271607,0.853467059135437,0.0
272000,225.87354636192322,-216.88748240470886,31.858260767317756,-0.0013015498756431044,25.07249755859375,1.227313268184662,0.008040250174235552,-222.86117296665907,40.29546053525764,1.0150625228881835,0.9052304863929749,0.0
276000,229.02747011184692,-217.12993621826172,42.41586557333275,-0.0015277005368261598,29.113557434082033,1.1867377758026123,0.005951542546972633,-222.86117296665907,40.29546053525764,1.010062539577484,0.9005988717079163,0.0
280000,232.2086021900177,-226.6555449962616,40.172452099894784,0.0018457590718753635,22.245091438293457,1.1945279479026794,0.008287293143803253,-222.86117296665907,40.29546053525764,1.0084792017936706,0.8103072941303253,0.0
284000,237.7132019996643,-241.5979037284851,46.14674733598669,-0.002041442721383646,33.92208614349365,1.1359919667243958,0.004868240127689205,-233.79987446963787,39.8240807381106,1.0092292070388793,0.6994191229343414,0.0
288000,240.90413331985474,-230.07623434066772,41.58389527639449,-0.0012534113362562493,38.32919197082519,1.1430993318557738,0.0044563198534888215,-233.79987446963787,39.8240807381106,1.0092917084693909,0.7142396748065949,0.0
292000,244.09466552734375,-229.72288966178894,38.33302774915545,-0.0011419314178056084,34.9271297454834,1.103307056427002,0.003554959432221949,-233.79987446963787,39.8240807381106,1.0086875200271606,0.6997162342071533,0.0
296000,247.2867410182953,-227.85615754127502,47.197605856921186,-0.002555340874823742,32.10192451477051,1.0387943029403686,0.004690428223693743,-233.79987446963787,39.8240807381106,1.008791697025299,0.6666650116443634,0.0
300000,250.41075372695923,-230.9225025177002,34.37180060398308,-0.0016785687963420059,21.955126190185545,1.0335732460021974,0.0035777815559413285,-233.79987446963787,39.8240807381106,1.0098541975021362,0.5803426861763,0.0
304000,253.55350136756897,-229.09793066978455,40.772764074752175,-0.0016594747350609396,36.466144752502444,1.0157699584960938,0.007448317436501384,-233.79987446963787,39.8240807381106,1.0104375243186952,0.6416914999485016,0.0
308000,256.6569893360138,-225.20115280151367,38.895819680087534,-0.00068803545073024,32.70048828125,1.0655619621276855,0.0016200887359445915,-233.79987446963787,39.8240807381106,1.0073125123977662,0.5751467704772949,0.0
312000,259.7846462726593,-217.055029630661,36.86333491268527,-0.0022622126401984134,25.262552070617676,1.007750642299652,0.004965725880174432,-233.79987446963787,39.8240807381106,1.010020875930786,0.595262610912323,0.0
316000,262.9224855899811,-228.80661916732788,39.153954054498186,-0.005073656712193042,28.678288841247557,1.0867265939712525,0.006995656405342743,-233.79987446963787,39.8240807381106,1.007729208469391,0.5048179626464844,0.0
320000,266.07779145240784,-218.3905966281891,42.73503589399758,-0.004198558695497923,37.404913330078124,1.1060787081718444,0.003974855208070949,-233.79987446963787,39.8240807381106,1.0131875157356263,0.5352134764194488,0.0
324000,271.19340658187866,-214.37941884994507,33.871684200138475,-0.0035626061906441466,31.17757797241211,1.1139571070671082,0.0045564882108010355,-216.07179355621338,27.220411127479586,1.0095833539962769,0.46925734877586367,0.0
328000,274.405748128891,-216.54245901107788,40.13311808594429,-0.003578614696743898,33.297386169433594,1.0396788597106934,0.004577261805388843,-216.07179355621338,27.220411127479586,1.0093750357627869,0.5146141767501831,0.0
332000,277.55329847335815,-211.33467411994934,35.701099432389775,-0.00039772781728970586,24.347892379760744,0.9948089957237244,0.002014028758276254,-216.07179355621338,27.220411127479586,1.0140000224113463,0.5523980140686036,0.0
336000,280.67402386665344,-223.3648054599762,32.447342568016936,-0.0026701226270233747,37.36361083984375,1.0578224897384643,0.0036800337838940322,-216.07179355621338,27.220411127479586,1.0107500314712525,0.45474976003170015,0.0
340000,283.79448890686035,-217.00953483581543,32.29298148781525,-0.003312338715477381,39.61101455688477,1.0310926556587219,0.0055678064585663375,-216.07179355621338,27.220411127479586,1.0093333721160889,0.39539331793785093,0.0
344000,286.944997549057,-208.69570970535278,30.14662424498042,-0.001590878830756992,37.96364822387695,1.076304292678833,0.0038454443332739175,-216.07179355621338,27.220411127479586,1.0127708673477174,0.48258398175239564,0.0
348000,290.12341594696045,-213.84191608428955,41.47061897317559,-0.0015043001243611799,30.401981544494628,1.0792051553726196,0.004765221926209051,-216.07179355621338,27.220411127479586,1.0121875286102295,0.49010179936885834,0.0
352000,293.2401759624481,-207.66796684265137,42.93595731771389,-0.0018542189573054202,33.57517509460449,1.0191679894924164,0.0032455554406624286,-216.07179355621338,27.220411127479586,1.0085416793823243,0.3956084936857224,0.0
356000,296.33932280540466,-207.16519975662231,35.64536860039227,-0.002895106134383241,29.64016933441162,0.962662398815155,0.00464299282466527,-216.07179355621338,27.220411127479586,1.0093125224113464,0.4163165032863617,0.0
360000,299.48685121536255,-226.64426040649414,40.11959269294995,-0.0014580058159481268,38.63381080627441,0.945746773481369,0.002396136923925951,-216.07179355621338,27.220411127479586,1.0083750128746032,0.28357378840446473,0.0
364000,304.6158378124237,-215.4890615940094,40.619686352580565,-0.0025279389876232015,31.55021800994873,0.9587909877300262,0.0037838783449842595,-211.2638682126999,47.778465694685714,1.0113333582878112,0.35895055532455444,0.0
368000,307.8724834918976,-215.60992467403412,38.111593251584665,-0.003353571257321164,31.88936252593994,1.0031184315681458,0.005306790451868437,-211.2638682126999,47.778465694685714,1.0079583644866943,0.3709752708673477,0.0
372000,311.0255239009857,-220.33514499664307,42.01745368312234,-0.003382205702655483,40.063367462158205,1.0237918138504027,0.0035822829080643715,-211.2638682126999,47.778465694685714,1.0088333487510681,0.34278331100940707,0.0
376000,314.22341537475586,-215.79428386688232,42.59588572863402,-0.0015121730753890005,37.34596633911133,1.0266060709953309,0.004078250116435811,-211.2638682126999,47.778465694685714,1.0096666932106018,0.30333552360534666,0.0
380000,317.45284962654114,-217.2265305519104,32.857910993564985,-0.0035424989509920124,33.55149040222168,1.08454772233963,0.005927985344897024,-211.2638682126999,47.778465694685714,1.0071666955947876,0.30655809938907624,0.0
384000,320.689368724823,-207.4397405385971,34.93217163433185,-0.0025686736655188723,39.49828758239746,1.0816354870796203,0.003586771839763969,-211.2638682126999,47.778465694685714,1.009500014781952,0.37788755893707277,0.0
388000,323.8544065952301,-206.70639514923096,30.676167371080265,-0.003723639081727015,38.24110412597656,1.1589341640472413,0.003834159905090928,-211.2638682126999,47.778465694685714,1.0102083683013916,0.34512598216533663,0.0
392000,327.0291028022766,-204.98511028289795,34.58255652743304,-0.004614164904342033,27.226883316040038,1.1768447995185851,0.004719788249349222,-211.2638682126999,47.778465694685714,1.007437539100647,0.33194048404693605,0.0
396000,330.18733859062195,-215.77549481391907,35.0895649235022,-0.0037566014027106574,37.71008644104004,1.1764228224754334,0.003142142367141787,-211.2638682126999,47.778465694685714,1.0083750367164612,0.3320139467716217,0.0
400000,333.33985686302185,-204.27312636375427,34.444294213172334,-0.0030874336720444263,29.75675678253174,1.1618393182754516,0.0035767705616308377,-211.2638682126999,47.778465694685714,1.0091458559036255,0.3163568079471588,0.0
404000,338.3633236885071,-206.00067925453186,35.61940621976568,-0.0029205585829913615,40.940777969360354,1.123562741279602,0.005349512286920799,-202.16866403073072,33.86657299710108,1.0105208516120912,0.33667756617069244,0.0
408000,341.5466413497925,-209.26077604293823,32.52793724303323,-0.005127731601896812,28.307958984375,1.1852970600128174,0.004908258595969528,-202.16866403073072,33.86657299710108,1.0113958716392517,0.2891720950603485,0.0
412000,344.69419836997986,-205.84849643707275,33.06812486145169,-0.004761242240783758,29.984175300598146,1.1284687280654908,0.003698463409091346,-202.16866403073072,33.86657299710108,1.0123958587646484,0.3171726316213608,0.0
416000,347.78456115722656,-206.2260344028473,37.9080137653279,-0.004134033578884555,40.2629035949707,1.1694612145423888,0.0053391167894005775,-202.16866403073072,33.86657299710108,1.0113750457763673,0.3406397819519043,0.0
420000,350.95190501213074,-206.68181943893433,34.809905786737964,-0.0013880955302738585,42.34963150024414,1.168521773815155,0.003933287831023336,-202.16866403073072,33.86657299710108,1.0108125329017639,0.2955543875694275,0.0
424000,354.117830991745,-204.5495285987854,28.082266019918748,-0.004113331655389629,28.51796760559082,1.2201710939407349,0.00536147432285361,-202.16866403073072,33.86657299710108,1.010437548160553,0.30978656113147734,0.0
428000,357.29757618904114,-205.1394464969635,36.96693976589321,-0.0033420138439396395,35.90872459411621,1.219980573654175,0.004372030112426728,-202.16866403073072,33.86657299710108,1.0075833678245545,0.28323725461959837,0.0
432000,360.4502558708191,-211.6741759777069,40.08456964449738,-0.0020664318662966252,43.745582580566406,1.2023343443870544,0.005388299841433764,-202.16866403073072,33.86657299710108,1.0088541865348817,0.27897711396217345,0.0
436000,363.5911843776703,-203.3841428756714,30.34333186191278,-0.0029275634355144576,39.98132858276367,1.2293334364891053,0.004339117504423484,-202.16866403073072,33.86657299710108,1.0110625267028808,0.27963648438453675,0.0
440000,366.7872426509857,-214.9078254699707,40.34460253611053,-0.004349281897884793,34.76175785064697,1.233857846260071,0.003499932470731437,-202.16866403073072,33.86657299710108,1.0113333821296693,0.26291070878505707,0.0
444000,371.8528845310211,-219.62921571731567,32.97117476985023,-0.003980965596565511,38.7837718963623,1.2097551584243775,0.005333950999920489,-212.14717139303684,42.07810746741461,1.010645866394043,0.3011979222297668,0.0
448000,375.0960488319397,-203.19813525676727,31.545145776220615,-0.003978936006842559,30.385022163391113,1.235783004760742,0.0057059225451666865,-212.14717139303684,42.07810746741461,1.0083541989326477,0.29358350932598115,0.0
452000,378.19719767570496,-207.95053482055664,43.189005095261905,-0.0035885318102373276,41.39127464294434,1.254069173336029,0.0034296315690880872,-212.14717139303684,42.07810746741461,1.0087708592414857,0.23968094289302827,0.0
456000,381.3559105396271,-209.27391719818115,38.583799481721485,-0.0020070639642653988,40.406389236450195,1.2359546303749085,0.004268788365880028,-212.14717139303684,42.07810746741461,1.0107083559036254,0.2638121277093887,0.0
460000,384.51154470443726,-223.93072152137756,43.86151068036407,-0.0007663694625080098,39.418959045410155,1.258178961277008,0.001026795178768225,-212.14717139303684,42.07810746741461,1.008750033378601,0.22305330485105515,0.0
464000,387.62724924087524,-204.48421239852905,33.49538241039218,-0.0037576361748506313,30.133702087402344,1.2428345918655395,0.004659406992141157,-212.14717139303684,42.07810746741461,1.0119375348091126,0.220060858130455,0.0
468000,390.8123540878296,-210.48391556739807,38.11617176875281,-0.0028395773899319464,43.0558364868164,1.2212050557136536,0.008451836151652969,-212.14717139303684,42.07810746741461,1.0108958721160888,0.2423292428255081,0.0
472000,394.0580003261566,-203.50599145889282,37.06473016836655,-0.002316779055581719,32.95557479858398,1.252014148235321,0.002520701172761619,-212.14717139303684,42.07810746741461,1.0071666836738586,0.2389380678534508,0.0
476000,397.2451455593109,-204.8099319934845,32.46724780657877,-0.003062887752093957,29.793041038513184,1.2308457136154174,0.0043409153848188,-212.14717139303684,42.07810746741461,1.0075417041778565,0.27307955026626585,0.0
480000,400.41369366645813,-211.68169903755188,34.75250362328542,-0.004879549701581709,20.65824165344238,1.200382912158966,0.0036984620790462943,-212.14717139303684,42.07810746741461,1.0116666793823241,0.21349854916334152,0.0
484000,405.49460315704346,-223.610769033432,55.824883297201,-0.0013620381665532476,44.12697334289551,1.1517747163772583,0.0015273651384632102,-206.96893440186977,34.10817459605797,1.0078541874885558,0.17977214604616165,0.0
488000,408.7215950489044,-207.02560472488403,33.74064104895567,-0.003588153454256826,34.00946674346924,1.1632055997848512,0.0048629393626470115,-206.96893440186977,34.10817459605797,1.008916687965393,0.21017611920833587,0.0
492000,411.87272357940674,-209.12242341041565,36.863963601438954,-0.004006024832824551,26.90220527648926,1.1731652736663818,0.003045184537768364,-206.96893440186977,34.10817459605797,1.0102083563804627,0.19820668250322343,0.0
496000,414.94176840782166,-200.2948715686798,29.31998627220434,-0.003850923400023021,32.989773750305176,1.1337090492248536,0.002999038636335172,-206.96893440186977,34.10817459605797,1.01052086353302,0.18789375126361846,0.0
500000,418.01184368133545,-209.39965391159058,40.68807400709946,-0.0032082504680147395,36.058074378967284,1.1603182315826417,0.005662226982531137,-206.96893440186977,34.10817459605797,1.0092291831970215,0.2004018619656563,0.0
504000,421.16891288757324,-208.43849110603333,35.383751815511516,-0.00471166844254185,31.33976993560791,1.1713572978973388,0.004621890559792519,-206.96893440186977,34.10817459605797,1.0105833649635314,0.18164976239204406,0.0
508000,424.28212690353394,-214.71427488327026,32.298362055020476,-0.0036554948546836386,34.51653499603272,1.1604549527168273,0.002504927834525006,-206.96893440186977,34.10817459605797,1.0064791798591615,0.1669798508286476,0.0
512000,427.3782820701599,-219.53473782539368,50.738014679654604,-0.0016673682119289878,44.27734031677246,1.1798872351646423,0.0010605739589664154,-206.96893440186977,34.10817459605797,1.0077500343322754,0.1694948598742485,0.0
516000,430.5251681804657,-216.82731580734253,44.83361878116142,-0.001994499850115972,31.282762718200683,1.1962806463241578,0.004488449354539625,-206.96893440186977,34.10817459605797,1.0082500100135803,0.15448491126298905,0.0
520000,433.64689087867737,-210.8883626461029,37.829235910235546,-0.0038520871457876638,27.14292335510254,1.1313672304153441,0.002454327951272717,-206.96893440186977,34.10817459605797,1.00760418176651,0.1552157297730446,0.0
524000,438.70104908943176,-204.46124267578125,38.90847139599175,-0.005351276673900429,23.053089904785157,1.1221441149711608,0.005025009161909111,-210.76037368178368,37.38188454313069,1.0098750352859498,0.16119767278432845,0.0
528000,441.8927912712097,-210.31809902191162,37.026281606816795,-0.003344755528814858,23.24994239807129,1.1202075719833373,0.003442380906199105,-210.76037368178368,37.38188454313069,1.0100625276565551,0.23332863599061965,0.0
532000,445.08695101737976,-209.55277681350708,36.303042961661184,-0.0045783722700434735,22.929104614257813,1.1296278715133667,0.0040437659990857355,-210.76037368178368,37.38188454313069,1.0095208525657653,0.20394384115934372,0.0
536000,448.21476793289185,-211.94075274467468,34.47977692541361,-0.0035646013893710915,22.901364517211913,1.1687946915626526,0.002923659686348401,-210.76037368178368,37.38188454313069,1.0089375257492066,0.19397978037595748,0.0
540000,451.3608922958374,-208.86858367919922,34.86065002739277,-0.006180697397212498,17.792404079437254,1.1693919777870179,0.0067153316034819,-210.76037368178368,37.38188454313069,1.0100208520889282,0.1950186550617218,0.0
544000,454.4995605945587,-204.43356847763062,37.502657542135125,-0.003935824286600109,25.241251373291014,1.1212655544281005,0.005264753440860659,-210.76037368178368,37.38188454313069,1.0093333721160889,0.17878760695457457,0.0
548000,457.65174078941345,-206.27165603637695,32.29935236270863,-0.004006129709887318,27.744998931884766,1.1342331051826477,0.0039937911613378676,-210.76037368178368,37.38188454313069,1.0081250190734863,0.1851418673992157,0.0
552000,460.87057280540466,-204.74911665916443,33.16141018563859,-0.0031152397859841585,26.04725284576416,1.0800031065940856,0.00655235187150538,-210.76037368178368,37.38188454313069,1.010604202747345,0.18522400557994842,0.0
556000,464.0488634109497,-206.95380544662476,46.2258097735963,-0.0025440161261940375,23.770438575744627,1.067247486114502,0.003456599266428384,-210.76037368178368,37.38188454313069,1.0106250286102294,0.1947808802127838,0.0
560000,467.29440927505493,-206.73517489433289,33.68836991664358,-0.003393586019956274,28.142621421813963,1.0584075927734375,0.004440226937003899,-210.76037368178368,37.38188454313069,1.0101458549499511,0.18129353523254393,0.0
564000,472.4408721923828,-205.56829810142517,37.674097319631215,-0.0031630194149329326,28.657746505737304,1.0936842441558838,0.0036443840101128442,-208.70308528095484,40.45902665648949,1.0104583740234374,0.1617613524198532,0.0
568000,475.6834545135498,-206.66910445690155,57.24727786562708,-0.0019030842638130708,49.88596076965332,1.0045009553432465,0.0025159439363051208,-208.70308528095484,40.45902665648949,1.0101041913032531,0.22099974751472473,0.0
572000,478.8515429496765,-203.8185679912567,37.47568171820454,-0.0035480680970067626,27.547428321838378,0.9827374279499054,0.006819103186717257,-208.70308528095484,40.45902665648949,1.0107917070388794,0.2194364696741104,0.0
576000,482.00504994392395,-202.7688591480255,37.37192225801888,-0.0010593237275315914,38.21032066345215,0.9999966502189637,0.007647273121983744,-208.70308528095484,40.45902665648949,1.008229172229767,0.1995452105998993,0.0
580000,485.1236011981964,-198.18085134029388,30.715229292959513,-0.003504042206986924,31.707574081420898,1.015735924243927,0.002353029069490731,-208.70308528095484,40.45902665648949,1.0114166855812072,0.1869279995560646,0.0
584000,488.2206084728241,-206.28627347946167,35.10301663046155,0.0018775597942294552,46.82301025390625,0.9518904209136962,0.006117857317440212,-208.70308528095484,40.45902665648949,1.0127916932106018,0.26018079519271853,0.0
588000,491.39019870758057,-201.91267108917236,38.02416221699051,-0.0008423564402619376,31.442547416687013,1.0018776893615722,0.009498416900169105,-208.70308528095484,40.45902665648949,1.0116666913032533,0.23887657076120378,0.0
592000,494.49085664749146,-196.3029236793518,36.830829717792035,-0.0034887080983025953,35.775475120544435,0.9036463022232055,0.004555289883865043,-208.70308528095484,40.45902665648949,1.0110833644866943,0.2273948535323143,0.0
596000,497.5753173828125,-194.85732436180115,27.812643778091356,-0.0018755655437416863,46.77198524475098,0.9357847452163697,0.003631516030145576,-208.70308528095484,40.45902665648949,1.012708342075348,0.2594034016132355,0.0
600000,500.75501537323,-206.44737100601196,37.54347802786027,-0.0033802252168243286,39.01162872314453,1.024418830871582,0.004621546037378721,-208.70308528095484,40.45902665648949,1.0095416903495789,0.1948246940970421,0.0
604000,505.6875727176666,-193.56352138519287,33.40906119501976,-0.0020122073707170784,27.994406127929686,1.014443325996399,0.005294353523640894,-212.1003859192133,37.76546918425429,1.0103541970252992,0.1717005640268326,0.0
608000,508.85388803482056,-207.40962779521942,38.98764577568429,-0.0023608916869306993,38.44210548400879,0.9932851195335388,0.003042352240299806,-212.1003859192133,37.76546918425429,1.008583390712738,0.18340256214141845,0.0
612000,512.0413866043091,-205.83033871650696,35.08975251276836,-0.002750066888256697,34.99029769897461,1.041419517993927,0.007830907159950584,-212.1003859192133,37.76546918425429,1.0116666913032533,0.1943398803472519,0.0
616000,515.2307312488556,-201.39235043525696,35.447981923612055,-0.0028553058960824273,30.948226165771484,1.076454770565033,0.008339177514426411,-212.1003859192133,37.76546918425429,1.0121458649635315,0.22908975630998613,0.0
620000,518.3674206733704,-199.40303230285645,35.542123724847904,-0.002503372334467713,49.52955589294434,1.0613637089729309,0.0013735209744481836,-212.1003859192133,37.76546918425429,1.0095833659172058,0.17750765681266784,0.0
624000,521.5207350254059,-210.08237624168396,39.98436762593172,-0.003693750794627704,35.39865303039551,1.084136974811554,0.00574228975456208,-212.1003859192133,37.76546918425429,1.0130208730697632,0.2242387741804123,0.0
628000,524.7056088447571,-202.46762704849243,43.87563109914632,-0.0022444062647991813,37.927510833740236,1.04312424659729,0.004923420227714814,-212.1003859192133,37.76546918425429,1.009291696548462,0.21491831243038179,0.0
632000,527.8256316184998,-208.22275614738464,39.18198017995411,-0.0018626877448696178,31.164216232299804,0.9794362306594848,0.0022869160602567717,-212.1003859192133,37.76546918425429,1.0089375376701355,0.21581632345914842,0.0
636000,530.9725694656372,-201.9216046333313,36.926198045733656,-0.002000951557420194,35.410672950744626,0.9997370719909668,0.004376369196688756,-212.1003859192133,37.76546918425429,1.0102917075157165,0.24235281348228455,0.0
640000,534.102460861206,-205.5548849105835,38.00943456300947,-0.0020019973570015283,35.27187271118164,0.9699431121349334,0.003956068970728666,-212.1003859192133,37.76546918425429,1.0112708449363708,0.20252494513988495,0.0
644000,539.0647974014282,-201.97434401512146,42.986947986835574,-0.0010070556440041401,43.491936111450194,0.9271246671676636,0.004571487888460979,-218.08055618405342,45.33108178081619,1.010687518119812,0.1812213972210884,0.0
648000,542.2389073371887,-203.48175740242004,36.95995060781198,-0.004894352462724782,29.675834083557127,0.9979298055171967,0.01352290833601728,-218.08055618405342,45.33108178081619,1.01266667842865,0.22301896065473556,0.0
652000,545.3263254165649,-205.01260888576508,36.693584467075475,-0.0020088531891815364,44.120235443115234,0.9819003820419312,0.00406861815135926,-218.08055618405342,45.33108178081619,1.0125208854675294,0.20501992106437683,0.0
656000,548.3811786174774,-204.12365317344666,41.077092502026005,-0.004055730471736752,34.854112434387204,1.0254652619361877,0.006960520395659841,-218.08055618405342,45.33108178081619,1.0107083678245545,0.22172595113515853,0.0
660000,551.5010452270508,-205.4413343667984,38.24393714781864,-0.0033285479572441544,34.42013702392578,1.0494747519493104,0.0034124128054827453,-218.08055618405342,45.33108178081619,1.0136250257492065,0.2054550677537918,0.0
664000,554.697342634201,-203.0282278060913,40.93375840902741,-0.003729357280826662,30.92237319946289,1.0506728529930114,0.00378113329061307,-218.08055618405342,45.33108178081619,1.0106250166893005,0.18708536028862,0.0
668000,557.7268559932709,-199.78568637371063,37.407777871851614,-0.004648434829141479,31.58521385192871,1.029533612728119,0.007242725661490113,-218.08055618405342,45.33108178081619,1.010604202747345,0.21571824997663497,0.0
672000,560.9124603271484,-198.81958544254303,35.17859583224463,-0.004179436598496978,29.697680282592774,1.032667076587677,0.005377169686835259,-218.08055618405342,45.33108178081619,1.0089792251586913,0.2171751454472542,0.0
676000,564.0413653850555,-204.3092324733734,52.04084315250386,-0.0030606786225689576,33.152464866638184,0.97172110080719,0.00464589255861938,-218.08055618405342,45.33108178081619,1.0126041769981384,0.1866793856024742,0.0
680000,567.1772229671478,-198.28848147392273,35.343440059961495,-0.00564797291517607,27.577754783630372,0.9759795844554902,0.005845219385810197,-218.08055618405342,45.33108178081619,1.0146875262260437,0.2277161583304405,0.0
684000,572.1802415847778,-204.79077696800232,39.95183815398974,-0.0027336389233823867,32.61581611633301,1.0282734394073487,0.004509808274451643,-200.3537703678012,36.94708973645684,1.0073333740234376,0.1643341526389122,0.0
688000,575.3759524822235,-200.48780465126038,39.70865672206525,-0.002850295836105943,36.48991527557373,0.9889838516712188,0.0053488845504034545,-200.3537703678012,36.94708973645684,1.0123541951179504,0.19261184483766555,0.0
692000,578.57617020607,-191.34047389030457,27.520572251458926,-0.003619425532815512,29.32277660369873,0.9578483700752258,0.004501084989169612,-200.3537703678012,36.94708973645684,1.0161875128746032,0.24382037073373794,0.0
696000,581.7263371944427,-190.5814814567566,36.92924623690825,-0.0027673755947034808,29.5419828414917,1.001805168390274,0.006112523772753775,-200.3537703678012,36.94708973645684,1.0117916822433473,0.18389305770397185,0.0
700000,584.869535446167,-198.13599157333374,29.97658787375171,-0.0024350054482056294,35.877451515197755,0.9269274950027466,0.0024108302241074853,-200.3537703678012,36.94708973645684,1.0128541827201842,0.1966615229845047,0.0
704000,588.0730195045471,-194.0928831100464,32.02880642321172,-0.004180483297386672,29.507645416259766,1.015217924118042,0.004387511956156232,-200.3537703678012,36.94708973645684,1.010270857810974,0.15041350573301315,0.0
708000,591.2164421081543,-199.5828821659088,35.455936117207315,-0.0020580167503794653,35.868910789489746,0.9323410272598267,0.002712523425361724,-200.3537703678012,36.94708973645684,1.013312530517578,0.17117435932159425,0.0
712000,594.4151496887207,-208.76320219039917,38.15608793303017,-0.0032587227920885197,31.771673583984374,1.0839258909225464,0.004660981066990644,-200.3537703678012,36.94708973645684,1.0108750224113465,0.15588516891002654,0.0
716000,597.5730535984039,-211.46872448921204,42.42097192166206,-0.0032367091655032708,27.014128112792967,1.0690604090690612,0.004130235587945208,-200.3537703678012,36.94708973645684,1.0130000233650207,0.183472703397274,0.0
720000,600.7346379756927,-198.92691373825073,35.951249415225234,-0.004402141920581926,29.020964241027833,1.1018007159233094,0.0017866576647065813,-200.3537703678012,36.94708973645684,1.0096875190734864,0.1452056959271431,0.0
724000,605.7598268985748,-211.86463379859924,40.32191343746166,-0.003646986190506141,26.721167182922365,1.0748881936073302,0.003385789299500175,-201.53536791354418,39.51442556395982,1.0139583706855775,0.17700171321630478,0.0
728000,608.9142651557922,-208.1701636314392,38.03794816593153,-0.004944854286441114,28.786235809326172,1.1278072953224183,0.005814053668291308,-201.53536791354418,39.51442556395982,1.0112083554267883,0.16686030626296997,0.0
732000,612.1382219791412,-202.07695770263672,35.86056562386112,-0.002957789634820074,31.496752738952637,1.0436031460762023,0.008321415376849472,-201.53536791354418,39.51442556395982,1.0117083549499513,0.15463546067476272,0.0
736000,615.2790598869324,-201.07630681991577,36.557548108907945,-0.004507094156724634,31.770265769958495,1.0607517838478089,0.006368087558075786,-201.53536791354418,39.51442556395982,1.0152708530426025,0.16743449121713638,0.0
740000,618.4403555393219,-197.27810561656952,36.9201733512892,-0.004665768952327199,27.62078151702881,1.06222505569458,0.003348110252409242,-201.53536791354418,39.51442556395982,1.0116875410079955,0.12160842567682266,0.0
744000,621.5685613155365,-202.3142592906952,32.19038484023706,-0.0034610936912940816,26.51185188293457,1.0551825881004333,0.005037994886515662,-201.53536791354418,39.51442556395982,1.010479211807251,0.10602090433239937,0.0
748000,624.7308750152588,-200.31602549552917,32.937839491323984,-0.004048402755870484,28.493952369689943,1.0372336268424989,0.006045944872312248,-201.53536791354418,39.51442556395982,1.0146041870117188,0.15515563488006592,0.0
752000,627.8759603500366,-202.46084547042847,31.927872743128663,-0.0032302726387570145,23.662882614135743,1.0859108567237854,0.0056624300865223635,-201.53536791354418,39.51442556395982,1.01072918176651,0.13160180449485778,0.0
756000,630.9976241588593,-205.12413442134857,39.56237084558957,-0.003588125059468439,36.94164333343506,1.022270965576172,0.004766014195047319,-201.53536791354418,39.51442556395982,1.0116666793823241,0.173914398252964,0.0
760000,634.1739327907562,-202.22612595558167,29.27998189359498,-0.0038445969286840407,26.408489418029784,1.034387993812561,0.0030419784190598874,-201.53536791354418,39.51442556395982,1.0122708678245544,0.16116368323564528,0.0
764000,639.223525762558,-212.9432544708252,39.73960066868279,-0.00295416312328598,29.342170333862306,1.0929945707321167,0.0038409195214626378,-200.08676133304834,38.17318199398837,1.0126458525657653,0.15117532908916473,0.0
768000,642.4188709259033,-203.79757583141327,39.0438510804804,-0.003866555340937339,29.030034828186036,1.0479968667030335,0.008651244128122926,-200.08676133304834,38.17318199398837,1.0097708702087402,0.1469677582383156,0.0
772000,645.6623179912567,-201.8340060710907,42.38487985180678,-0.004653309315290244,32.289958000183105,1.0496814012527467,0.0016843157456605696,-200.08676133304834,38.17318199398837,1.0099166989326478,0.1184285931289196,0.0
776000,648.8742971420288,-203.18815302848816,40.393015292796825,-0.004189470762503334,30.49201316833496,1.1013521909713746,0.0038285616883513285,-200.08676133304834,38.17318199398837,1.0115416884422301,0.1571511968970299,0.0
780000,652.0373020172119,-212.37802386283875,42.70877418189806,-0.003844742760702502,25.853488731384278,1.0735213994979858,0.004244554479373619,-200.08676133304834,38.17318199398837,1.0143541932106017,0.17479459643363954,0.0
784000,655.2278609275818,-198.0714305639267,33.80106405479796,-0.004709865671429725,29.391343688964845,1.0591148734092712,0.003968782554147765,-200.08676133304834,38.17318199398837,1.0118541836738586,0.1379012167453766,0.0
788000,658.4164686203003,-199.55438804626465,33.96437107913869,-0.0048113067401573065,25.673505592346192,1.04866623878479,0.004591803974471986,-200.08676133304834,38.17318199398837,1.0113125085830688,0.1641040101647377,0.0
792000,661.5778741836548,-197.27406859397888,26.078850746881887,-0.00309112140448633,26.240444946289063,1.0346717596054078,0.00841592918150127,-200.08676133304834,38.17318199398837,1.0120625257492066,0.1605113074183464,0.0
796000,664.7692122459412,-194.00792574882507,35.9137681339369,-0.003983198871719651,21.9811128616333,1.0763761043548583,0.003265068597102072,-200.08676133304834,38.17318199398837,1.0148958683013916,0.17685769200325013,0.0
800000,667.9786541461945,-203.5492480993271,38.456842019303025,-0.0015714598848717287,34.311919593811034,1.0805859923362733,0.003741827415069565,-200.08676133304834,38.17318199398837,1.0163333654403686,0.1303333595395088,0.0
804000,672.995861530304,-203.68367207050323,41.88368914541237,-0.004206597225856967,28.275054740905762,1.060580050945282,0.0017416091344784946,-202.01555233448744,37.13958521012585,1.0140833616256715,0.13786050230264663,0.0
808000,676.1242463588715,-196.4773223400116,30.1431930820638,-0.00446450474410085,22.05040798187256,1.0428589820861816,0.0029242722088383744,-202.01555233448744,37.13958521012585,1.012125027179718,0.13924536406993865,0.0
812000,679.2856967449188,-199.6467386484146,41.693271661626824,-0.0030348376370966435,28.202016639709473,1.055585515499115,0.0027897759922780097,-202.01555233448744,37.13958521012585,1.0114583611488341,0.18848289549350739,0.0
816000,682.535728931427,-199.49307823181152,32.59990246373264,-0.003782012785086408,24.102771949768066,1.0338415503501892,0.004720826901029795,-202.01555233448744,37.13958521012585,1.0154792070388794,0.1596234679222107,0.0
820000,685.7071862220764,-205.34203958511353,42.01864246767017,-0.004237570232362486,26.126291275024414,1.0590624332427978,0.003380022803321481,-202.01555233448744,37.13958521012585,1.0132500052452087,0.19457578808069229,0.0
824000,688.9224812984467,-209.3730115890503,33.30804464314925,-0.002222590724704787,25.31807174682617,1.0204121828079225,0.0033983023837208747,-202.01555233448744,37.13958521012585,1.0138750314712524,0.17994749248027803,0.0
828000,692.1735906600952,-195.9583830833435,33.10208154925506,-0.0029043674861895853,28.50130500793457,1.0298828125,0.007612850231816992,-202.01555233448744,37.13958521012585,1.0150833606719971,0.18705259561538695,0.0
832000,695.2833287715912,-204.09918236732483,32.47866330773867,-0.0039814881172787865,23.90763740539551,1.0080389499664306,0.004783777895499952,-202.01555233448744,37.13958521012585,1.018416690826416,0.17704873979091645,0.0
836000,698.2845776081085,-211.26877689361572,35.119018633921705,-0.003583939752934384,25.353167152404787,1.0252416014671326,0.006753077573375776,-202.01555233448744,37.13958521012585,1.01402086019516,0.20245039612054824,0.0
840000,701.3335556983948,-198.7600747346878,37.470841999480214,-0.0028459091183322014,29.60645923614502,1.0316498398780822,0.004077977519045817,-202.01555233448744,37.13958521012585,1.0094375371932984,0.19101516604423524,0.0
844000,706.5353388786316,-199.81169366836548,35.84476017742777,-0.0026207953360426472,22.41357002258301,1.0767075657844543,0.0031399188679642974,-211.39424816519022,35.937056995054775,1.0117083549499513,0.17529510855674743,0.0
848000,709.6884663105011,-200.245014667511,30.66637996725955,-0.003269792590435827,23.091421699523927,1.024559533596039,0.004442943591857329,-211.39424816519022,35.937056995054775,1.0139583587646483,0.20742061287164687,0.0
852000,712.8998212814331,-212.93848824501038,39.5350556260772,-0.004300344201328699,20.551464080810547,1.0432620167732238,0.003962994669564068,-211.39424816519022,35.937056995054775,1.016812515258789,0.17205606400966644,0.0
856000,716.1029515266418,-222.57192707061768,51.53405742490357,-0.003220651502488181,26.89144229888916,1.0938363909721374,0.0017357147342409007,-211.39424816519022,35.937056995054775,1.0143958806991578,0.18459093123674392,0.0
860000,719.243771314621,-211.5725452899933,39.07544483977631,-0.003720556810731068,24.52756576538086,1.0596262335777282,0.004938884498551488,-211.39424816519022,35.937056995054775,1.016770851612091,0.16868235319852828,0.0
864000,722.4129686355591,-212.6712065935135,40.93672016385939,-0.003944782084909093,29.0710205078125,1.084117341041565,0.0013727164619922404,-211.39424816519022,35.937056995054775,1.0121667027473449,0.1957144021987915,0.0
868000,725.4426362514496,-205.59839367866516,43.217791259540256,-0.002780445484768279,23.675497245788574,1.0748712778091432,0.0028601706842891874,-211.39424816519022,35.937056995054775,1.0180208563804627,0.20217601358890533,0.0
872000,728.5927491188049,-219.99304819107056,41.53781934680821,-0.0028712286410154777,25.95649528503418,1.0370643973350524,0.0038579916887101716,-211.39424816519022,35.937056995054775,1.009041702747345,0.16826591789722442,0.0
876000,731.7502012252808,-208.7197880744934,34.26009871210431,-0.006307189345534425,19.248307323455812,1.006694757938385,0.004180112056201324,-211.39424816519022,35.937056995054775,1.0183958530426025,0.1702522873878479,0.0
880000,734.9177284240723,-208.3325698375702,32.10704695885165,-0.003395875841670204,24.549262619018556,1.0023648679256438,0.00618422038423887,-211.39424816519022,35.937056995054775,1.0161875367164612,0.15208597034215926,0.0
884000,739.8359508514404,-206.23781549930573,37.75341557550247,-0.002510630787583068,19.035338973999025,1.0240993738174438,0.008799584512598813,-208.10585929453373,35.347310621602055,1.0149791955947876,0.16309038251638414,0.0
888000,743.0614087581635,-216.60355305671692,39.78761784483967,-0.0044128124429335,24.656393623352052,1.001645290851593,0.0031957923114532606,-208.10585929453373,35.347310621602055,1.0135000467300415,0.17753702402114868,0.0
892000,746.2059421539307,-207.47813177108765,37.40645874574336,-0.002447290704731131,26.26799964904785,1.0246246337890625,0.0065767048625275494,-208.10585929453373,35.347310621602055,1.0160417079925537,0.17726696282625198,0.0
896000,749.2083854675293,-212.94433760643005,37.428468007186616,-0.0030846295418996304,22.937863731384276,0.986633574962616,0.0055676689196843656,-208.10585929453373,35.347310621602055,1.0159375190734863,0.15841659903526306,0.0
900000,752.3997128009796,-221.95423221588135,44.09225104630522,-0.004390393676931126,23.540448951721192,1.0124600768089294,0.00583587380242534,-208.10585929453373,35.347310621602055,1.017229187488556,0.17553129196166992,0.0
904000,755.53005027771,-209.6400864124298,33.157048657309026,-0.0036945313052683558,22.521535873413086,0.9808796942234039,0.0037471366216777825,-208.10585929453373,35.347310621602055,1.017062509059906,0.1558150202035904,0.0
908000,758.7103035449982,-223.9327745437622,37.61197470255061,-0.0037299963552868574,25.961486625671387,0.9662724256515502,0.003944307165511418,-208.10585929453373,35.347310621602055,1.0158333420753478,0.15321452766656876,0.0
912000,761.838751077652,-208.08063387870789,33.07955328075922,-0.003720538114430383,27.72763843536377,0.9496182382106781,0.00359215782082174,-208.10585929453373,35.347310621602055,1.0184375286102294,0.180997571349144,0.0
916000,764.8947930335999,-206.34408581256866,37.48448572108184,-0.003332776890601963,22.605564880371094,0.9532450616359711,0.005501030967570842,-208.10585929453373,35.347310621602055,1.0209792017936707,0.1626543626189232,0.0
920000,768.0255801677704,-199.7880871295929,36.369934327185085,-0.004333237845276017,23.403891944885252,0.9576212048530579,0.0038896940124686806,-208.10585929453373,35.347310621602055,1.0224791884422302,0.14015914797782897,0.0
924000,772.8849022388458,-201.50029933452606,35.26822268593691,-0.00409479873633245,22.836810493469237,0.9619593024253845,0.0035607573168817907,-205.04092992842197,41.65652759312141,1.017062520980835,0.15442702174186707,0.0
928000,776.0264513492584,-198.03690457344055,30.90993686642029,-0.004824737753369846,23.862225151062013,0.9559833347797394,0.0037957319291308522,-205.04092992842197,41.65652759312141,1.0166250228881837,0.11840386167168618,0.0
932000,779.2172520160675,-200.13207983970642,34.39939969430894,-0.003560245712287724,25.77769718170166,0.8981016337871551,0.0024953889747848733,-205.04092992842197,41.65652759312141,1.0162291765213012,0.12893228530883788,0.0
936000,782.4786672592163,-207.27167165279388,35.44304521975269,-0.0025007679760165047,24.778296661376952,0.9208510994911194,0.0021435350005049258,-205.04092992842197,41.65652759312141,1.0181666731834411,0.11883835047483444,0.0
940000,785.6020228862762,-200.32646453380585,38.88569587694685,-0.0022771827090764417,28.453601455688478,0.9010701239109039,0.0031883564087365813,-205.04092992842197,41.65652759312141,1.0172083616256713,0.13031068742275237,0.0
944000,788.7457346916199,-205.58629250526428,45.04886280865812,-0.005391735954981413,22.977540969848633,0.949286824464798,0.0051427226513624195,-205.04092992842197,41.65652759312141,1.018208348751068,0.145675890147686,0.0
948000,791.9332320690155,-199.38876295089722,36.11845625005509,-0.0026969512371579187,24.71896266937256,0.9673998296260834,0.007501519727520644,-205.04092992842197,41.65652759312141,1.028458344936371,0.17000934928655625,0.0
952000,795.105357170105,-207.37344431877136,37.456727058883594,-0.0036874463170534,26.741344261169434,0.9287073493003846,0.004719461295462679,-205.04092992842197,41.65652759312141,1.0200208663940429,0.12383651360869408,0.0
956000,798.2873470783234,-204.83442723751068,41.84983251609289,-0.004045613294874783,25.87235336303711,0.9548068523406983,0.005628767164307646,-205.04092992842197,41.65652759312141,1.0227708697319031,0.11063343584537506,0.0
960000,801.4892840385437,-194.37088537216187,40.351018201189696,-0.003679839688265929,33.402936935424805,0.9121093332767487,0.0016516414543730207,-205.04092992842197,41.65652759312141,1.020187544822693,0.1368402823805809,0.0
964000,806.5303635597229,-196.4704611301422,32.49126287854355,-0.004375139449257404,24.863336181640626,0.9264739573001861,0.003224349062656984,-198.20527398586273,43.93072836298815,1.0221666932106017,0.13876781463623047,0.0
968000,809.7608354091644,-206.44861721992493,38.481131601817076,-0.0032301162158546505,22.672980308532715,0.9430043339729309,0.004219186148839071,-198.20527398586273,43.93072836298815,1.0317916750907898,0.13077733665704727,0.0
972000,812.9457414150238,-203.88378059864044,35.45603967085284,-0.004080305485877034,24.992341995239258,0.9679861545562745,0.002981953782727942,-198.20527398586273,43.93072836298815,1.0225000143051148,0.11500327959656716,0.0
976000,816.1107285022736,-204.60319185256958,39.611134226250954,-0.004221346903068479,19.2545126914978,0.9816445231437683,0.001800139609258622,-198.20527398586273,43.93072836298815,1.0200416803359986,0.12220502570271492,0.0
980000,819.2387781143188,-199.69845628738403,36.59551284073724,-0.0032015293909353204,26.49036235809326,0.9528890967369079,0.007619276409968734,-198.20527398586273,43.93072836298815,1.0150416851043702,0.10557904541492462,0.0
984000,822.4510614871979,-211.3694043159485,43.509939206043725,-0.004378059765440412,32.414964866638186,0.9695602118968963,0.00593777468893677,-198.20527398586273,43.93072836298815,1.0195833563804626,0.13220777809619905,0.0
988000,825.656341791153,-198.63851857185364,38.659487186254445,-0.004551690247899387,31.54984607696533,0.9463669180870056,0.0035320783586939796,-198.20527398586273,43.93072836298815,1.0155000329017638,0.14016330540180205,0.0
992000,828.8431186676025,-203.75824880599976,37.29325635668174,-0.0044822707193816315,25.6096284866333,0.9925093173980712,0.0044572090351721275,-198.20527398586273,43.93072836298815,1.0199166893959046,0.10629622861742974,0.0
996000,832.01939702034,-201.6244866847992,40.118790785674314,-0.005077611144952243,24.51913070678711,0.9651402950286865,0.005780706275254488,-198.20527398586273,43.93072836298815,1.0178542017936707,0.11437968313694,0.0
1000000,835.1895802021027,-198.5113754272461,40.86737600311202,-0.004333831064286642,25.57581195831299,0.9472766637802124,0.005269443089491688,-198.20527398586273,43.93072836298815,1.0169583678245544,0.14164158403873445,0.0
1004000,840.2779350280762,-202.3090305328369,37.73849139896244,-0.00489060406544013,30.58286018371582,0.9594094574451446,0.004710530051670503,-195.69940843433142,32.81197665754184,1.0129166960716247,0.0905569463968277,0.0
1008000,843.4919691085815,-202.92691087722778,35.20666994015235,-0.00451541523943888,31.916968727111815,0.9433905780315399,0.003701603207446169,-195.69940843433142,32.81197665754184,1.0177708625793458,0.10383135303854943,0.0
1012000,846.7175216674805,-208.55345010757446,43.50185190393394,-0.004081379348644987,29.196784019470215,0.9357353806495666,0.006064428130048327,-195.69940843433142,32.81197665754184,1.021708357334137,0.13031239062547684,0.0
1016000,849.8604397773743,-192.78687620162964,31.994810377206722,-0.0045192311212304045,24.487290382385254,0.9621311843395233,0.00385541208943323,-195.69940843433142,32.81197665754184,1.029020857810974,0.10547575578093529,0.0
1020000,853.0574514865875,-202.48505234718323,38.152371844052624,-0.003534491292521125,28.232263374328614,0.9638282477855682,0.002976335137645947,-195.69940843433142,32.81197665754184,1.0183958411216736,0.09149179980158806,0.0
1024000,856.3154821395874,-208.67539370059967,40.441862794794815,-0.002182395974523388,32.52221832275391,0.9662539243698121,0.00645831628353335,-195.69940843433142,32.81197665754184,1.030333364009857,0.12042251229286194,0.0
1028000,859.4445886611938,-199.7641453742981,36.44726010687554,-0.004297942968696589,21.58154640197754,0.9701607406139374,0.003696256116381846,-195.69940843433142,32.81197665754184,1.0198333740234375,0.12183377742767335,0.0
1032000,862.4789717197418,-196.37472558021545,37.86223720030723,-0.003592992048652377,27.18860282897949,1.011128580570221,0.0059634300647303465,-195.69940843433142,32.81197665754184,1.0286250114440918,0.1591011106967926,0.0
1036000,865.4713139533997,-193.92220973968506,34.13960517986486,-0.003858171711908653,22.08085536956787,1.0480480670928956,0.0062976344837807115,-195.69940843433142,32.81197665754184,1.029520845413208,0.11092574745416642,0.0
1040000,868.4611067771912,-195.29657340049744,34.89903925622745,-0.005921625251357909,21.90708656311035,1.002059382200241,0.005491445997540723,-195.69940843433142,32.81197665754184,1.0272083759307862,0.09228476285934448,0.0
1044000,873.6104333400726,-198.23014378547668,32.43347976754299,-0.004415889616939239,24.939694595336913,1.0126083493232727,0.0036954994313418863,-199.69455362856388,38.63375653446251,1.0192500114440919,0.12955075055360793,0.0
1048000,876.5758707523346,-194.31440556049347,35.852901420633046,-0.004021632266812958,27.705662727355957,1.0300694227218627,0.0065505667007528245,-199.69455362856388,38.63375653446251,1.0225416898727417,0.10385324954986572,0.0
1052000,879.5054035186768,-195.08630561828613,35.59588612630061,-0.005447396924137138,25.413265991210938,1.0180078148841858,0.004833903384860605,-199.69455362856388,38.63375653446251,1.0239583492279052,0.08833208829164504,0.0
1056000,882.4590735435486,-200.6564269065857,33.11186256998396,-0.003942048858152703,25.084157943725586,1.0400113224983216,0.0034919758792966602,-199.69455362856388,38.63375653446251,1.0216041803359985,0.12305575609207153,0.0
1060000,885.3612163066864,-201.54275572299957,35.36837434199745,-0.003331712514045648,31.305223083496095,1.0317567467689515,0.0029931161581771447,-199.69455362856388,38.63375653446251,1.0241041898727417,0.14579656571149827,0.0
1064000,888.2764103412628,-197.55190205574036,34.245504429734765,-0.004751200543250888,30.850559043884278,1.0383787512779237,0.007069810182292713,-199.69455362856388,38.63375653446251,1.030958342552185,0.13259572684764862,0.0
1068000,891.2079484462738,-201.86290323734283,37.200968204840656,-0.005087489327706862,26.9725040435791,1.023762822151184,0.004149586911080405,-199.69455362856388,38.63375653446251,1.0276875257492066,0.1177188478410244,0.0
1072000,894.1355843544006,-194.63352501392365,36.33281432653315,-0.0026625170808983966,28.111429595947264,1.0118636965751648,0.004074616322759539,-199.69455362856388,38.63375653446251,1.0296250224113463,0.1381917342543602,0.0
1076000,897.2681050300598,-197.42625403404236,34.57659436383621,-0.0048050593046355065,24.686852836608885,0.9638614892959595,0.004128170578042045,-199.69455362856388,38.63375653446251,1.019770860671997,0.12497968897223473,0.0
1080000,900.4590864181519,-187.13377928733826,37.05674988453169,-0.004160784776468062,23.159920501708985,0.950269627571106,0.005439800303429365,-199.69455362856388,38.63375653446251,1.028979194164276,0.12394466921687126,0.0
1084000,905.4184799194336,-192.79670655727386,35.410472585668664,-0.004006575052335393,28.268312644958495,0.9243800818920136,0.0018538879870902748,-192.1426134854555,34.820979909216824,1.0393333673477172,0.10924927890300751,0.0
1088000,908.5894114971161,-194.6842498779297,35.126987392620386,-0.0047250528194126675,27.96074275970459,0.9109890818595886,0.004449231104808859,-192.1426134854555,34.820979909216824,1.0398333549499512,0.11619377732276917,0.0
1092000,911.8198974132538,-189.0594221353531,41.18530304085651,-0.004728564801916945,23.998142814636232,0.9163322806358337,0.005777887944714166,-192.1426134854555,34.820979909216824,1.0394583582878112,0.09491118416190147,0.0
1096000,914.787611246109,-194.7179229259491,40.654779572779915,-0.003906995650322642,21.445206069946288,0.9458437442779541,0.00361529146302928,-192.1426134854555,34.820979909216824,1.0339791893959045,0.10132788121700287,0.0
1100000,917.8497843742371,-211.81890308856964,44.23034103753717,-0.0028572247305419297,33.416728019714355,0.9306108713150024,0.007104971131775528,-192.1426134854555,34.820979909216824,1.0241250395774841,0.11520298942923546,0.0
1104000,920.9539930820465,-204.26548409461975,36.56462116471153,-0.00489081701671239,25.943362045288087,0.9432967007160187,0.005422683758661151,-192.1426134854555,34.820979909216824,1.0338333606719972,0.09997991845011711,0.0
1108000,924.0822219848633,-197.30069160461426,33.28325445017216,-0.0024815137876430526,23.826285934448244,0.9229731678962707,0.005284229107201099,-192.1426134854555,34.820979909216824,1.0348958373069763,0.11429011672735215,0.0
1112000,927.2698469161987,-197.94867134094238,37.48617184778443,-0.005332074518082664,21.295037269592285,0.9394109725952149,0.004169219906907528,-192.1426134854555,34.820979909216824,1.0352500200271606,0.11213426515460015,0.0
1116000,930.4311158657074,-200.83770167827606,35.90514389884424,-0.004760034562787041,19.857914447784424,0.9291700839996337,0.004920811939518899,-192.1426134854555,34.820979909216824,1.0371041893959045,0.12693732529878615,0.0
1120000,933.5943784713745,-192.35333502292633,41.76341909904734,-0.00330190013628453,27.292703247070314,0.9091511964797974,0.004899998829205288,-192.1426134854555,34.820979909216824,1.0426041722297668,0.12488085702061653,0.0
1124000,938.6082887649536,-198.09635972976685,42.05608694369338,-0.004537268485000823,25.535551452636717,0.9428405225276947,0.0051787000382319094,-194.54215072095394,39.051117308488344,1.0330833673477173,0.10367347225546837,0.0
1128000,941.8035328388214,-203.551495552063,30.799015675672926,-0.0051788635217235425,23.4835412979126,0.8753130912780762,0.006019234238192439,-194.54215072095394,39.051117308488344,1.0393125295639039,0.10818194150924683,0.0
1132000,944.9959852695465,-197.2271237373352,36.41271613841892,-0.003901967570072884,26.409683227539062,0.9000866830348968,0.005187842657323927,-194.54215072095394,39.051117308488344,1.0434792041778564,0.12323084324598313,0.0
1136000,948.2144820690155,-203.05300736427307,32.21812461432027,-0.0057122366677504035,24.65983180999756,0.9387314856052399,0.004834207647945732,-194.54215072095394,39.051117308488344,1.03104168176651,0.09607813954353332,0.0
1140000,951.5066485404968,-193.8997507095337,31.776276888739417,-0.004331411324892542,22.681180953979492,0.9408101618289948,0.002837860433282913,-194.54215072095394,39.051117308488344,1.0316458582878112,0.10017731338739395,0.0
1144000,954.673944234848,-190.20756947994232,38.27922523267512,-0.0035425171718088677,21.5033296585083,0.9035479605197907,0.007355798294884153,-194.54215072095394,39.051117308488344,1.0365417003631592,0.11190627291798591,0.0
1148000,957.8494954109192,-190.7703708410263,32.296642732571875,-0.003571063157869503,26.892744064331055,0.9108518242835999,0.00748879138554912,-194.54215072095394,39.051117308488344,1.030791687965393,0.11516956835985184,0.0
1152000,961.0102913379669,-207.14185309410095,38.67668036774208,-0.003760426864027977,25.64150047302246,0.8962746381759643,0.003811081836465746,-194.54215072095394,39.051117308488344,1.0329583764076233,0.1208900786936283,0.0
1156000,964.1804978847504,-197.70892584323883,34.60202100419897,-0.004665788559941575,26.11895866394043,0.9137247443199158,0.00437367545091547,-194.54215072095394,39.051117308488344,1.0366250276565552,0.09578656554222106,0.0
1160000,967.3888094425201,-202.09161901474,44.27185233034582,-0.0027044303620641585,31.211750793457032,0.9088503777980804,0.005665382540610153,-194.54215072095394,39.051117308488344,1.036020851135254,0.11401740685105324,0.0
1164000,972.3868281841278,-207.47789192199707,40.529324978488035,-0.004030115532077616,27.5918062210083,0.8620668828487397,0.0025651814474258574,-199.97866114974022,40.739386974030886,1.0344166874885559,0.12974462211132048,0.0
1168000,975.591824054718,-197.68556213378906,36.07244738124498,-0.003869621244302834,24.234822273254395,0.9009228527545929,0.0048352338839322325,-199.97866114974022,40.739386974030886,1.0363958597183227,0.11621701791882515,0.0
1172000,978.7782130241394,-207.2301893234253,48.08608293218718,-0.004043607290077489,25.92292175292969,0.9102381825447082,0.001592559639357205,-199.97866114974022,40.739386974030886,1.037041699886322,0.11087099090218544,0.0
1176000,981.943696975708,-207.18406319618225,34.82962730001285,-0.0022896388596564065,27.124932861328126,0.8825431525707245,0.005761914874892682,-199.97866114974022,40.739386974030886,1.0345000505447388,0.11361576840281487,0.0
1180000,985.1792621612549,-197.43397736549377,31.09319514087983,-0.004614101998595288,28.617075157165527,0.9116103529930115,0.005639961588894948,-199.97866114974022,40.739386974030886,1.0297916769981383,0.10497501492500305,0.0
1184000,988.3496260643005,-200.43089032173157,39.26256345026986,-0.003922505422087852,24.13485794067383,0.9108927428722382,0.004438320072949864,-199.97866114974022,40.739386974030886,1.0226250410079956,0.091550911962986,0.0
1188000,991.5621190071106,-205.94142365455627,36.1553985606126,-0.005744984445664158,25.376667785644532,0.8765720367431641,0.0022232332601561213,-199.97866114974022,40.739386974030886,1.0267916679382325,0.10733994022011757,0.0
1192000,994.6942303180695,-206.39980459213257,38.80659561216932,-0.004563104906264925,23.39923973083496,0.8559568345546722,0.001966015338257421,-199.97866114974022,40.739386974030886,1.0239583611488343,0.13202276080846786,0.0
1196000,997.8898251056671,-199.06786489486694,38.34085734258708,-0.0019416502222156851,26.162477684020995,0.8384229302406311,0.0032913822564296425,-199.97866114974022,40.739386974030886,1.0315625190734863,0.08737381920218468,0.0
1200000,1001.006756067276,-206.11412000656128,39.398168456775444,-0.00382823182590073,26.36643714904785,0.8903311848640442,0.0026412641687784343,-199.97866114974022,40.739386974030886,1.0266250371932983,0.09459993466734887,0.0
1204000,1006.0702381134033,-210.4384834766388,32.80064381938418,-0.0043465185367495,20.21465253829956,0.8803661346435547,0.0037273669935530052,-210.62651504576206,42.26538165952047,1.0316875219345092,0.11190359443426132,0.0
1208000,1009.2331202030182,-206.25518488883972,43.89967506495923,-0.0032209358701948076,28.907419395446777,0.8912197709083557,0.004550799012940842,-210.62651504576206,42.26538165952047,1.0310208439826964,0.0993686355650425,0.0
1212000,1012.3724565505981,-200.86125898361206,33.22472148931786,-0.0054622368101263415,20.596000480651856,0.9154295027256012,0.005063572731160093,-210.62651504576206,42.26538165952047,1.0267083764076232,0.10680164694786072,0.0
1216000,1015.5205519199371,-201.55830144882202,40.35652736862472,-0.004925681374152191,21.485096740722657,0.8617069780826568,0.005646450648782775,-210.62651504576206,42.26538165952047,1.030625009536743,0.10614003166556359,0.0
1220000,1018.6951513290405,-203.2501723766327,38.98967222291521,-0.003537174459779635,19.814619255065917,0.8295861482620239,0.0023980613565072416,-210.62651504576206,42.26538165952047,1.0297916889190675,0.13991996347904206,0.0
1224000,1021.8390910625458,-209.37678003311157,42.881856919730595,-0.0028146484211902132,25.354934883117675,0.8345042526721954,0.005672338436124846,-210.62651504576206,42.26538165952047,1.029062533378601,0.11365456059575081,0.0
1228000,1024.9969222545624,-205.73434686660767,33.83373531898767,-0.004193242490873672,20.603096961975098,0.8534435510635376,0.004402184096397832,-210.62651504576206,42.26538165952047,1.0270416855812072,0.10280608907341957,0.0
1232000,1028.178312778473,-197.00741136074066,37.48007247825662,-0.00627759538765531,16.465804195404054,0.8292617738246918,0.00438882524613291,-210.62651504576206,42.26538165952047,1.046333372592926,0.1055658794939518,0.0
1236000,1031.318897485733,-212.92913961410522,39.52624998745126,-0.0023463031102437526,22.370615005493164,0.8076475739479065,0.007169530785176903,-210.62651504576206,42.26538165952047,1.0290833592414856,0.10346161872148514,0.0
1240000,1034.4220719337463,-210.35385155677795,36.98426851257337,-0.00425445910950657,25.569263648986816,0.81005859375,0.004544274484214838,-210.62651504576206,42.26538165952047,1.0377708554267884,0.09079859852790832,0.0
1244000,1039.398410320282,-212.4748672246933,38.876343954992095,-0.004262890954851173,21.661333656311037,0.8020449757575989,0.004523185134166852,-208.5891920030117,40.67073995638315,1.039187526702881,0.10475225523114204,0.0
1248000,1042.5776917934418,-213.2541470527649,43.96106471706926,-0.002888855522905942,22.059861373901366,0.8185000658035279,0.004350833754870109,-208.5891920030117,40.67073995638315,1.0382916927337646,0.08550627753138543,0.0
1252000,1045.7506279945374,-207.63956427574158,38.50447895643316,-0.0042502913871430795,23.586558532714843,0.8051222443580628,0.006619686092017218,-208.5891920030117,40.67073995638315,1.0333333492279053,0.0906919151544571,0.0
1256000,1048.9371619224548,-222.88046002388,48.413421833240356,-0.0004163424760918133,31.066066360473634,0.799282717704773,0.002638905064668506,-208.5891920030117,40.67073995638315,1.0418125152587892,0.10784845203161239,0.0
1260000,1052.1061267852783,-216.1669430732727,38.955379935529585,-0.005897696306055878,23.23421974182129,0.8061485469341279,0.006894761950388783,-208.5891920030117,40.67073995638315,1.035354208946228,0.09595988988876343,0.0
1264000,1055.3216485977173,-206.58435714244843,36.15699692854816,-0.0040349559878450235,26.878010749816895,0.7936131000518799,0.0033011348801665007,-208.5891920030117,40.67073995638315,1.0336458563804627,0.06568765640258789,0.0
1268000,1058.4724714756012,-205.7458198070526,32.97804986726416,-0.004196481057442724,26.87854995727539,0.7285035669803619,0.006493024399969727,-208.5891920030117,40.67073995638315,1.0383542060852051,0.09417954087257385,0.0
1272000,1061.5704147815704,-200.35174131393433,41.81190426426798,-0.004325137741398066,31.863683128356932,0.7214590430259704,0.003784307831665501,-208.5891920030117,40.67073995638315,1.035687518119812,0.07121030911803246,0.0
1276000,1064.7031857967377,-195.70236611366272,32.318302449999386,-0.0031210466811899098,23.772245407104492,0.6851280391216278,0.003496706602163613,-208.5891920030117,40.67073995638315,1.0342500329017639,0.10343696251511574,0.0
1280000,1067.9536385536194,-207.95914936065674,43.05750670587552,-0.00365678058587946,27.93639717102051,0.7233582615852356,0.004938706332904985,-208.5891920030117,40.67073995638315,1.0349583745002746,0.0857686348259449,0.0
1284000,1072.9919531345367,-206.5664768218994,39.036697596993015,-0.005731116511742585,21.782582664489745,0.7554457306861877,0.004848826886154711,-211.24520109593868,34.02775309738431,1.0411250352859498,0.09722452834248543,0.0
1288000,1076.0947577953339,-204.24523520469666,41.56451387534922,-0.002991274939267896,29.669053840637208,0.7118370771408081,0.00818321022670716,-211.24520109593868,34.02775309738431,1.0475208640098572,0.10049449428915977,0.0
1292000,1079.1974301338196,-204.3732841014862,40.95087707543375,-0.005304273840738461,26.654107284545898,0.7330290675163269,0.004505108878947795,-211.24520109593868,34.02775309738431,1.0433542013168335,0.09705521762371064,0.0
1296000,1082.3835327625275,-194.93955659866333,39.36458470023623,-0.0025370967283379286,29.370572662353517,0.6849870145320892,0.009697178634814918,-211.24520109593868,34.02775309738431,1.0459375143051148,0.10094325914978981,0.0
1300000,1085.5420541763306,-195.9737035036087,39.16856628204686,-0.004527418815996498,24.69797306060791,0.7084247767925262,0.008301502888207324,-211.24520109593868,34.02775309738431,1.0559791803359986,0.1002267524600029,0.0
1304000,1088.7042169570923,-206.19429755210876,37.5649651306078,-0.00540976326155942,25.82401809692383,0.7555730700492859,0.004384866240434349,-211.24520109593868,34.02775309738431,1.0471250295639039,0.1007291853427887,0.0
1308000,1091.8435850143433,-192.31666696071625,37.56265526404596,-0.004878546266263583,21.08275947570801,0.7262126088142395,0.009575398126617073,-211.24520109593868,34.02775309738431,1.0500625133514405,0.0901709847152233,0.0
1312000,1095.0304424762726,-191.52925062179565,36.30383089860385,-0.0047100144875003025,26.35156536102295,0.7407459080219269,0.0022073803876992313,-211.24520109593868,34.02775309738431,1.0440208554267882,0.09564946293830871,0.0
1316000,1098.1802515983582,-208.003972530365,37.048123710003665,-0.003370236689806916,31.133614349365235,0.816912442445755,0.004032515626749955,-211.24520109593868,34.02775309738431,1.0467291951179505,0.08740338534116746,0.0
1320000,1101.1860964298248,-200.97469854354858,31.894114398477473,-0.004978816673974507,23.95677661895752,0.7895598709583282,0.009644634870346636,-211.24520109593868,34.02775309738431,1.0395000338554383,0.08552447035908699,0.0
1324000,1106.0325980186462,-204.05010080337524,35.17722655159422,-0.004561339097563177,24.216258811950684,0.7991999924182892,0.011608996661379933,-200.28595513105392,28.83066534020748,1.0488750338554382,0.08519364446401596,0.0
1328000,1109.1980619430542,-206.77827978134155,40.099647554996736,-0.004133040829765377,28.183902740478516,0.8035304486751557,0.004785955650731921,-200.28595513105392,28.83066534020748,1.0489166855812073,0.07294152304530144,0.0
1332000,1112.1261887550354,-203.87931847572327,39.34720437160726,-0.0032635921175824477,23.40662040710449,0.7854187369346619,0.0038085475738625974,-200.28595513105392,28.83066534020748,1.046875035762787,0.0737394280731678,0.0
1336000,1115.0795013904572,-205.14942812919617,38.237204083551546,-0.0050934859027620405,28.312535285949707,0.8032566845417023,0.007220978185068816,-200.28595513105392,28.83066534020748,1.0417291879653932,0.07916188091039658,0.0
1340000,1118.0491344928741,-201.5790991783142,34.23698326790544,-0.004472458121017553,27.451806259155273,0.8260621070861817,0.0038926648441702126,-200.28595513105392,28.83066534020748,1.0412083625793458,0.07301599234342575,0.0
1344000,1121.2366921901703,-197.2173445224762,37.86859747605951,-0.0044960086670471355,24.517821311950684,0.8138578653335571,0.005663019366329536,-200.28595513105392,28.83066534020748,1.0431041955947875,0.08996381610631943,0.0
1348000,1124.3305847644806,-199.29394125938416,36.43715755305881,-0.005195085785817355,20.400943756103516,0.805849826335907,0.0077107221470214425,-200.28595513105392,28.83066534020748,1.0429166913032533,0.07293523102998734,0.0
1352000,1127.2979044914246,-207.3709088563919,37.36859135094725,-0.004802733127144165,25.776650428771973,0.8297706961631774,0.009637868171557784,-200.28595513105392,28.83066534020748,1.0538125038146973,0.09291328936815262,0.0
1356000,1130.3582258224487,-202.77244639396667,39.74488996363969,-0.004393780333339236,27.18781986236572,0.8636642336845398,0.004709186730906367,-200.28595513105392,28.83066534020748,1.0515416860580444,0.08771872296929359,0.0
1360000,1133.431625366211,-194.86432719230652,31.68974732578995,-0.005416492130825646,21.1701509475708,0.8194487035274506,0.003980025072814896,-200.28595513105392,28.83066534020748,1.0475000381469726,0.08983240202069283,0.0
1364000,1138.3588106632233,-204.73865282535553,43.00437280480692,-0.005385799557643622,24.7586950302124,0.8617857754230499,0.006021043553482741,-197.30738985538483,37.64742324255742,1.046875035762787,0.10268455371260643,0.0
1368000,1141.4979910850525,-206.98770999908447,38.803808407207896,-0.004808234938536771,20.404741287231445,0.825147169828415,0.006399601965676993,-197.30738985538483,37.64742324255742,1.0477291941642761,0.07597976252436638,0.0
1372000,1144.7025482654572,-204.9307519197464,40.929865213574544,-0.0054875232788617724,24.478194427490234,0.8171426892280579,0.0032553182914853095,-197.30738985538483,37.64742324255742,1.0472917079925537,0.06630981639027596,0.0
1376000,1147.9292285442352,-189.8464114665985,37.072360441193794,-0.004005852548289113,21.591949462890625,0.8216932237148284,0.0032596901270153466,-197.30738985538483,37.64742324255742,1.039270853996277,0.06901655122637748,0.0
1380000,1151.1107652187347,-200.18443596363068,37.96052210549561,-0.005743515286303591,25.629967880249023,0.8357321262359619,0.007505011081229895,-197.30738985538483,37.64742324255742,1.0519166946411134,0.09709131866693496,0.0
1384000,1154.257607460022,-205.08988797664642,40.77007949332363,-0.0061905184582428776,25.77079792022705,0.8452954530715943,0.00618512270739302,-197.30738985538483,37.64742324255742,1.0343541979789734,0.07826688811182976,0.0
1388000,1157.4191534519196,-194.05832016468048,31.31284924783242,-0.004792640470986953,19.640582942962645,0.839840579032898,0.008161485963501035,-197.30738985538483,37.64742324255742,1.0536875247955322,0.08374988660216331,0.0
1392000,1160.5872857570648,-198.26316666603088,33.79591910720163,-0.005320018855854869,24.18162841796875,0.8294166684150696,0.004852653469424695,-197.30738985538483,37.64742324255742,1.0429791808128357,0.08707675933837891,0.0
1396000,1163.742877483368,-194.97882986068726,35.721021596683514,-0.003724997377139516,27.18933162689209,0.8489385962486267,0.00700006780680269,-197.30738985538483,37.64742324255742,1.051437532901764,0.09413720965385437,0.0
1400000,1166.7401685714722,-206.51316618919373,40.183847862473975,-0.003908714838325977,31.940061378479005,0.8379636287689209,0.007823885040124878,-197.30738985538483,37.64742324255742,1.046708345413208,0.09524333998560905,0.0
1404000,1171.5810585021973,-196.69788193702698,34.195333616180825,-0.005804040962539147,29.04014015197754,0.8513019502162933,0.006119373976252973,-198.37261659651995,32.734201436599314,1.0490417003631591,0.09468419849872589,0.0
1408000,1174.679009437561,-201.12111639976501,37.13229808527106,0.0014638629829278216,24.88365592956543,0.8769410133361817,0.005355433549266308,-198.37261659651995,32.734201436599314,1.0392292022705079,0.08383452296257018,0.0
1412000,1177.656977891922,-197.16510009765625,33.95392691752499,-0.006193345204519573,22.212563705444335,0.8730080485343933,0.006147316609713016,-198.37261659651995,32.734201436599314,1.0505416870117188,0.09137652665376664,0.0
1416000,1180.5952725410461,-208.15016674995422,40.64296649798475,-0.004072223509729156,27.30487060546875,0.8988972485065461,0.004984679003246129,-198.37261659651995,32.734201436599314,1.0338541984558105,0.07745129838585854,0.0
1420000,1183.585286617279,-199.90255641937256,38.3484909188164,-0.0041471169897704385,25.939861679077147,0.8768601000308991,0.003365368687082082,-198.37261659651995,32.734201436599314,1.0361250162124633,0.08991794362664222,0.0
1424000,1186.5724720954895,-203.6786458492279,39.04108908913162,-0.0065918210995732805,25.39536323547363,0.9005791366100311,0.0060215721081476655,-198.37261659651995,32.734201436599314,1.0321041941642761,0.06315877363085746,0.0
1428000,1189.7327132225037,-192.0172984600067,37.92648913125571,0.0021655031581758522,26.6567720413208,0.8831193566322326,0.018867404363118113,-198.37261659651995,32.734201436599314,1.0409166932106018,0.09016037285327912,0.0
1432000,1192.687888622284,-197.609778881073,31.422380446843132,-0.004991094148135744,21.67364082336426,0.8822043240070343,0.0024967026372905822,-198.37261659651995,32.734201436599314,1.0278125286102295,0.0634641855955124,0.0
1436000,1195.6223793029785,-193.01294946670532,36.72169198094091,-0.005392909374495503,21.84602279663086,0.8634280025959015,0.005198549048509448,-198.37261659651995,32.734201436599314,1.0566875219345093,0.08361559212207795,0.0
1440000,1198.5223541259766,-207.36969304084778,40.98995659868687,-0.005304070410784334,21.51643352508545,0.8513439357280731,0.004260851838625968,-198.37261659651995,32.734201436599314,1.040333366394043,0.0818033128976822,0.0
1444000,1203.4125037193298,-202.05474400520325,35.86064637916166,-0.004583185055525974,27.673958587646485,0.840224540233612,0.010722560534486548,-203.72534501552582,35.8376142806174,1.034583365917206,0.08639954850077629,0.0
1448000,1206.6308436393738,-205.83782577514648,38.31485109964898,-0.005840652360348031,29.08325080871582,0.8409885704517365,0.005878672550898046,-203.72534501552582,35.8376142806174,1.0330625176429749,0.07040372341871262,0.0
1452000,1209.8014194965363,-198.9122576713562,40.03789568132862,-0.005716890146868536,23.129289054870604,0.8228028118610382,0.004683463659603149,-203.72534501552582,35.8376142806174,1.0377500414848329,0.09390704557299615,0.0
1456000,1213.004826784134,-200.23211574554443,34.78118138231457,-0.00713539558055345,19.58776435852051,0.8186797320842742,0.0045861777471145615,-203.72534501552582,35.8376142806174,1.0383542060852051,0.08014113679528237,0.0
1460000,1216.1751375198364,-198.9570838212967,35.882202960732464,-0.004801398067502305,21.812017822265624,0.8179748296737671,0.007843990961555391,-203.72534501552582,35.8376142806174,1.032437539100647,0.07691745907068252,0.0
1464000,1219.3294942378998,-200.6122908592224,33.48959112168063,-0.0053268024108547255,25.133063316345215,0.8248697936534881,0.005657038860954344,-203.72534501552582,35.8376142806174,1.041895854473114,0.09123874604701995,0.0
1468000,1222.615983247757,-210.27946996688843,41.89455251216395,-0.005375426224782131,27.229094886779784,0.7981357991695404,0.0069843770936131476,-203.72534501552582,35.8376142806174,1.0429166913032533,0.08053800016641617,0.0
1472000,1225.767576932907,-206.62018167972565,36.531471843791955,-0.003512207198946271,25.6174674987793,0.8104616641998291,0.0029788202373310924,-203.72534501552582,35.8376142806174,1.028375005722046,0.07978999838232995,0.0
1476000,1228.9068813323975,-202.86259758472443,38.559683438371486,-0.00516695435908332,21.02300395965576,0.8409023642539978,0.002843773685162887,-203.72534501552582,35.8376142806174,1.0433333396911622,0.06990115717053413,0.0
1480000,1232.0554473400116,-196.19539713859558,30.35251568067125,-0.005391460815735627,21.40017967224121,0.7826442241668701,0.004785960487788543,-203.72534501552582,35.8376142806174,1.0256667017936707,0.08027559667825698,0.0
1484000,1236.9669592380524,-201.8148559331894,33.93240428251745,-0.005495243851328269,27.077676582336426,0.7703775882720947,0.009342869045212865,-202.7063091620803,34.76967802098252,1.0268958687782288,0.08617127835750579,0.0
1488000,1240.1653809547424,-198.1255487203598,40.69517319085473,-0.00683216933393851,17.77682819366455,0.7926449596881866,0.006490832124836743,-202.7063091620803,34.76967802098252,1.037500011920929,0.06842533126473427,0.0
1492000,1243.300822019577,-200.00407099723816,37.60420719421617,-0.004074130600929493,25.399604988098144,0.7986948668956757,0.003963441046653316,-202.7063091620803,34.76967802098252,1.0347291827201843,0.07897964790463448,0.0
1496000,1246.444674730301,-204.13863921165466,38.98409681156786,-0.006055888907576445,23.026687622070312,0.7746837079524994,0.005717356619425118,-202.7063091620803,34.76967802098252,1.0331666946411133,0.05852373614907265,0.0
1500000,1249.6128582954407,-204.06991171836853,33.74298614529012,-0.0047550786026477,23.87636489868164,0.7809987545013428,0.0074039485538378354,-202.7063091620803,34.76967802098252,1.0392083525657654,0.06990418881177902,0.0
1504000,1252.7356140613556,-203.82672929763794,30.933392447513967,-0.006411655395640992,21.174371910095214,0.8033943057060242,0.003919067129027098,-202.7063091620803,34.76967802098252,1.030541682243347,0.0731937237083912,0.0
1508000,1255.928470134735,-205.5151731967926,34.90048906348504,-0.005491213033383247,19.36031789779663,0.7875782787799835,0.0052140755695290865,-202.7063091620803,34.76967802098252,1.035687506198883,0.07292950376868249,0.0
1512000,1259.1790926456451,-201.57395613193512,39.798621501324135,-0.0050913555212900976,19.06643991470337,0.7563202261924744,0.004726981779094785,-202.7063091620803,34.76967802098252,1.0381458401679993,0.07767298817634583,0.0
1516000,1262.4122970104218,-202.46923446655273,39.04128050631954,-0.00542409691697685,22.431173515319824,0.736253970861435,0.009060524828964845,-202.7063091620803,34.76967802098252,1.0385000228881835,0.07025626823306083,0.0
1520000,1265.5555348396301,-202.07489383220673,37.91849422215441,-0.005999074672581628,17.951330947875977,0.7616762220859528,0.006450768280774355,-202.7063091620803,34.76967802098252,1.03745836019516,0.07935230806469917,0.0
1524000,1270.4930996894836,-192.26989948749542,36.29877828318489,-0.005935905082151294,24.7859130859375,0.8025135517120361,0.005464701366145163,-205.71015302091837,33.40399290923403,1.0498541831970214,0.054869454726576804,0.0
1528000,1273.6747081279755,-195.0983805656433,33.498964566991276,-0.005079968903737608,21.2256778717041,0.8402179718017578,0.006477545149391517,-205.71015302091837,33.40399290923403,1.044562530517578,0.08265063092112541,0.0
1532000,1276.8150324821472,-196.80844044685364,36.238266644708766,-0.0050069447082933035,21.120120239257812,0.8298035740852356,0.006018110699369572,-205.71015302091837,33.40399290923403,1.0343958616256714,0.07780044227838516,0.0
1536000,1279.9679656028748,-195.76176476478577,31.409866666650977,-0.005199447398626944,19.75699701309204,0.7925396919250488,0.0060073989676311616,-205.71015302091837,33.40399290923403,1.0491250276565551,0.05908588841557503,0.0
1540000,1283.1280374526978,-201.88424468040466,28.980360118582244,-0.005699251536907468,19.77575464248657,0.8154315710067749,0.006742435990599915,-205.71015302091837,33.40399290923403,1.035562527179718,0.06835624128580094,0.0
1544000,1286.2618114948273,-209.84919929504395,33.38692041175278,-0.00568192659993656,20.657718467712403,0.8421636402606965,0.0045227192982565615,-205.71015302091837,33.40399290923403,1.0395833611488343,0.06489480137825013,0.0
1548000,1289.4465854167938,-199.80462050437927,35.425086795656,-0.005849024833150906,20.019747924804687,0.82697092294693,0.0023458062467398124,-205.71015302091837,33.40399290923403,1.021916687488556,0.06811440736055374,0.0
1552000,1292.6145486831665,-198.62615036964417,36.70750056210809,-0.006406225272803568,20.872722625732422,0.8357006847858429,0.005565046280389651,-205.71015302091837,33.40399290923403,1.033062505722046,0.0688615769147873,0.0
1556000,1295.7311918735504,-204.41292762756348,37.68590031339722,-0.0026581911370158195,21.575397872924803,0.8216240465641022,0.008285776164848357,-205.71015302091837,33.40399290923403,1.0420833587646485,0.07825412526726723,0.0
1560000,1298.8491411209106,-208.90766191482544,41.488068073076555,-0.004741424704843666,27.18102397918701,0.8333772957324982,0.006641162993037142,-205.71015302091837,33.40399290923403,1.0540833592414856,0.07869379445910454,0.0
1564000,1303.8622364997864,-214.5298821926117,44.51957147245668,-0.005723142695933348,19.491343593597414,0.8034601986408234,0.004996530059725046,-208.5983643680811,41.341075544451385,1.0292500257492065,0.06299621984362602,0.0
1568000,1307.0572428703308,-205.2217719554901,37.44540896785167,-0.005398743320256472,20.617375373840332,0.8561984002590179,0.0022995344261289574,-208.5983643680811,41.341075544451385,1.0419375061988831,0.07474152818322181,0.0
1572000,1310.2177710533142,-200.86238586902618,34.53381935868497,-0.007269619847647846,18.334184551239012,0.8474889636039734,0.0068460890150163324,-208.5983643680811,41.341075544451385,1.0330625176429749,0.06751631572842598,0.0
1576000,1313.35071849823,-200.37374472618103,37.26257420828536,-0.005259227787610144,22.178722763061522,0.8705974221229553,0.004619298448233167,-208.5983643680811,41.341075544451385,1.0370208382606507,0.07386404126882554,0.0
1580000,1316.4660851955414,-200.16578793525696,29.83547470624026,-0.007318227918585762,15.962092208862305,0.8442557632923127,0.00856031229486689,-208.5983643680811,41.341075544451385,1.035687518119812,0.08629965633153916,0.0
1584000,1319.6140367984772,-205.1457724571228,30.9511590944735,-0.004456814554578159,26.682155227661134,0.8279708623886108,0.0069355995336081834,-208.5983643680811,41.341075544451385,1.0376250386238097,0.08907508403062821,0.0
1588000,1322.7726516723633,-199.10419464111328,34.87938413393272,-0.004563541196694132,25.569353103637695,0.8377388119697571,0.006530183227732777,-208.5983643680811,41.341075544451385,1.0398333430290223,0.0887863039970398,0.0
1592000,1325.96182513237,-190.66005432605743,32.054885435796216,-0.007416257000295445,19.904601287841796,0.8353156507015228,0.005634996085427701,-208.5983643680811,41.341075544451385,1.0374375224113463,0.06410494223237037,0.0
1596000,1329.1521785259247,-194.58817636966705,31.850267629351936,-0.007343584274349268,20.730442237854003,0.8727748453617096,0.004349964857101441,-208.5983643680811,41.341075544451385,1.0394166946411132,0.0617671187967062,0.0
1600000,1332.317747592926,-204.49872469902039,35.0609642171024,-0.005701387685985537,21.0460636138916,0.8465165138244629,0.00468831451726146,-208.5983643680811,41.341075544451385,1.0571666836738587,0.08027369529008865,0.0
1604000,1337.3122808933258,-207.67448794841766,39.489380596161354,-0.0050569773273309694,20.92050724029541,0.8319883525371552,0.0029913003090769053,-198.88643027842045,38.243955594042795,1.0467292070388794,0.08277824446558953,0.0
1608000,1340.546255350113,-191.3551388978958,34.42601776684023,-0.004246560487081297,22.57038097381592,0.839275848865509,0.004747380834305659,-198.88643027842045,38.243955594042795,1.0475625276565552,0.07672473639249802,0.0
1612000,1343.7098381519318,-191.20029985904694,38.0163859450691,-0.003891381516586989,24.31483745574951,0.8558847367763519,0.009896530135301873,-198.88643027842045,38.243955594042795,1.0331666946411133,0.07519621551036834,0.0
1616000,1346.8314838409424,-192.2756004333496,30.141331475596587,-0.004621578947990201,24.444586181640624,0.8634523391723633,0.004403358019771986,-198.88643027842045,38.243955594042795,1.0448125004768372,0.08572994396090508,0.0
1620000,1349.9796965122223,-197.77448225021362,35.22644656445167,-0.0056479405975551344,20.047438049316405,0.8502213478088378,0.00373206804797519,-198.88643027842045,38.243955594042795,1.0555833458900452,0.06514507159590721,0.0
1624000,1353.139526128769,-195.75613069534302,36.26747775143851,-0.005938429857997108,15.2760910987854,0.8593525350093841,0.0031943716487148775,-198.88643027842045,38.243955594042795,1.0394583582878112,0.06446531265974045,0.0
1628000,1356.3049201965332,-198.55352520942688,38.41258043500466,-0.006887606043892447,23.575487327575683,0.842156958580017,0.005213289824314416,-198.88643027842045,38.243955594042795,1.0389791965484618,0.08243734687566757,0.0
1632000,1359.4503836631775,-205.35979413986206,37.24030926544684,-0.0029882519018428868,26.94093475341797,0.8424769759178161,0.007217905344441533,-198.88643027842045,38.243955594042795,1.0385416746139526,0.08470554202795029,0.0
1636000,1362.5435926914215,-199.47579514980316,34.125891237575765,-0.0060317690244119145,21.081042289733887,0.8352739095687867,0.005686688213609159,-198.88643027842045,38.243955594042795,1.0438541889190673,0.07814588174223899,0.0
1640000,1365.7256774902344,-195.959876537323,28.9470658433237,-0.008440029302437323,19.589393424987794,0.8186754703521728,0.007427530532004312,-198.88643027842045,38.243955594042795,1.043291687965393,0.07109611555933952,0.0
1644000,1370.7856831550598,-197.16794312000275,36.81850735273744,-0.005305559170665219,26.75040340423584,0.8102618336677552,0.007662852131761611,-209.3296064659953,41.67519593166266,1.029187524318695,0.0636404164135456,0.0
1648000,1373.9597926139832,-201.90372037887573,36.58600975552439,-0.003399288638320286,25.04139862060547,0.7832610547542572,0.003934967058012262,-209.3296064659953,41.67519593166266,1.0383541941642762,0.06333491653203964,0.0
1652000,1377.1843655109406,-197.46756672859192,38.32975380217112,-0.006825245564687066,17.353820037841796,0.7717253923416137,0.006895965896546841,-209.3296064659953,41.67519593166266,1.0498542070388794,0.07436772659420968,0.0
1656000,1380.3351566791534,-198.127587556839,35.96410308719863,-0.006908874106011353,20.323222351074218,0.7705724537372589,0.005548697320045903,-209.3296064659953,41.67519593166266,1.0325000286102295,0.06319263502955437,0.0
1660000,1383.4839792251587,-202.05362570285797,38.612015602749516,-0.004641777681536041,21.866248321533202,0.8145310997962951,0.00750116613926366,-209.3296064659953,41.67519593166266,1.0492291927337647,0.06280279755592347,0.0
1664000,1386.6667411327362,-201.7544585466385,41.70596388529798,-0.008055960954516194,17.985439395904542,0.8198394656181336,0.005218744040757883,-209.3296064659953,41.67519593166266,1.0554791808128356,0.05488634929060936,0.0
1668000,1389.828881263733,-201.9773290157318,35.58907815771602,-0.001566343916056212,23.463857078552245,0.7566007792949676,0.011468466417863966,-209.3296064659953,41.67519593166266,1.0470000147819518,0.07033501714468002,0.0
1672000,1392.9987065792084,-202.1639404296875,34.71784740779866,-0.00607359464338515,21.062861824035643,0.7718474805355072,0.0056188690010458234,-209.3296064659953,41.67519593166266,1.067437517642975,0.06584340780973434,0.0
1676000,1396.1500663757324,-208.9079029560089,45.13267222435186,-0.0042219018534524365,21.759612846374512,0.7545232534408569,0.0037231673835776747,-209.3296064659953,41.67519593166266,1.0577292084693908,0.05604869574308395,0.0
1680000,1399.3231363296509,-205.04432547092438,36.93540338757834,-0.006372312968596816,14.840022087097168,0.7703827679157257,0.007870403944980352,-209.3296064659953,41.67519593166266,1.0761250257492065,0.07181964740157128,0.0
1684000,1404.1682443618774,-209.10549402236938,40.013942979043414,-0.006315858158632182,23.1032564163208,0.7870187342166901,0.00407416116213426,-208.70970909297466,40.20432138184634,1.0532708644866944,0.0641376219689846,0.0
1688000,1407.4203553199768,-202.4855877161026,37.62412821002714,-0.006572418721043504,19.839922142028808,0.7584621906280518,0.00656678932136856,-208.70970909297466,40.20432138184634,1.0750208616256713,0.07679794132709503,0.0
1692000,1410.543091058731,-201.98231184482574,41.84331019874845,-0.004695953229384031,20.51203441619873,0.7709052264690399,0.007280200941022485,-208.70970909297466,40.20432138184634,1.0585000276565553,0.06079576015472412,0.0
1696000,1413.7056014537811,-208.88247776031494,41.181902845710205,-0.004903124066186137,20.525663375854492,0.761335676908493,0.005792193440720439,-208.70970909297466,40.20432138184634,1.06870836019516,0.06440307572484016,0.0
1700000,1416.9262390136719,-212.98714756965637,44.77354704183975,-0.005383571502170526,23.06572265625,0.765946877002716,0.006847324757836759,-208.70970909297466,40.20432138184634,1.0660625219345092,0.07197109162807465,0.0
1704000,1420.2045962810516,-217.39453768730164,42.73650268056778,-0.007449628968606703,23.539540672302245,0.7735677123069763,0.007169633079320193,-208.70970909297466,40.20432138184634,1.068708348274231,0.05281394086778164,0.0
1708000,1423.3665027618408,-206.44981288909912,36.05666655941381,-0.005227663947152905,21.602021980285645,0.7630488276481628,0.007701400539372116,-208.70970909297466,40.20432138184634,1.0592083573341369,0.06877987906336784,0.0
1712000,1426.564561367035,-202.3676540851593,38.83314873918558,-0.006586416525533423,20.529551124572755,0.7358319342136384,0.011868660245090723,-208.70970909297466,40.20432138184634,1.0641250014305115,0.06698226854205132,0.0
1716000,1429.7045285701752,-202.11477541923523,30.475692573122515,-0.006923037122760434,17.812167167663574,0.7565511167049408,0.005354812974110246,-208.70970909297466,40.20432138184634,1.051395845413208,0.05673050880432129,0.0
1720000,1432.8722908496857,-205.12090063095093,34.863292016562845,-0.008777183409256395,15.760372257232666,0.7843153417110443,0.006862479954725132,-208.70970909297466,40.20432138184634,1.0498125195503234,0.05669290646910667,0.0
1724000,1437.7706801891327,-211.97632384300232,36.107544695849896,-0.005887688111397438,17.980295276641847,0.7771987318992615,0.006430223991628736,-212.4288031309843,37.79249121899456,1.0536666750907897,0.054811925068497656,0.0
1728000,1440.9284372329712,-214.5587079524994,42.97009836992495,-0.005975324276369065,23.132746124267577,0.74433354139328,0.0086382377310656,-212.4288031309843,37.79249121899456,1.0588541984558106,0.05668917037546635,0.0
1732000,1444.1237449645996,-197.56354880332947,42.2969853996839,-0.0046503971760103015,18.796730995178223,0.7411695539951324,0.009518586460035294,-212.4288031309843,37.79249121899456,1.0745833754539489,0.0745690256357193,0.0
1736000,1447.3445842266083,-206.6050136089325,34.05185949619393,-0.0062531072529964146,20.12038516998291,0.7803159117698669,0.008254794357344507,-212.4288031309843,37.79249121899456,1.052750015258789,0.05986301600933075,0.0
1740000,1450.493148803711,-211.34411096572876,38.38953233549967,-0.005994454871688504,20.35780200958252,0.8308141887187958,0.01157754184678197,-212.4288031309843,37.79249121899456,1.0733958721160888,0.06748880371451378,0.0
1744000,1453.6564722061157,-205.11881566047668,37.84369413567788,-0.0053394649206893515,20.981269454956056,0.809160840511322,0.01458884816383943,-212.4288031309843,37.79249121899456,1.0715208768844604,0.06449100524187087,0.0
1748000,1456.9027695655823,-203.62020206451416,30.796542772120986,-0.005525103840045631,16.20692596435547,0.8320540010929107,0.005694356712047011,-212.4288031309843,37.79249121899456,1.052791678905487,0.07137957587838173,0.0
1752000,1460.0533936023712,-210.70036029815674,38.6963942545895,-0.004650782566750422,21.618938446044922,0.8272140443325042,0.004022941050993723,-212.4288031309843,37.79249121899456,1.0590208768844604,0.06275849416851997,0.0
1756000,1463.2119085788727,-205.53469038009644,35.12678915743308,-0.006321445301000495,13.384727287292481,0.8168422043323517,0.008789680188056082,-212.4288031309843,37.79249121899456,1.076270842552185,0.05747632384300232,0.0
1760000,1466.3707957267761,-211.79993152618408,34.90162244967972,-0.0020218719728291035,26.062602233886718,0.8155256152153015,0.00606247034156695,-212.4288031309843,37.79249121899456,1.0606250166893005,0.06429370343685151,0.0
1764000,1471.2403326034546,-203.14034593105316,33.56774586117258,-0.003795054698275635,22.511561393737793,0.8060382664203644,0.005308231571689248,-215.3037969842553,37.630475444148985,1.0873541951179504,0.06242344528436661,0.0
1768000,1474.4077816009521,-215.65216875076294,39.589972881294734,-0.004392317088058917,24.94265365600586,0.7742099046707154,0.003456597257172689,-215.3037969842553,37.630475444148985,1.0567500114440918,0.05956251211464405,0.0
1772000,1477.551831960678,-209.37094175815582,44.66976649574398,-0.004669483809266239,23.39935894012451,0.7790904223918915,0.0048002653173170986,-215.3037969842553,37.630475444148985,1.0955416798591613,0.08190181776881218,0.0
1776000,1480.6690566539764,-213.89145803451538,44.43636504480294,-0.005797649332089349,23.77322483062744,0.799150264263153,0.006930760364048183,-215.3037969842553,37.630475444148985,1.0708958625793457,0.06134237125515938,0.0
1780000,1483.7623839378357,-214.2958152294159,42.48666715700959,-0.005548000510316342,21.007043266296385,0.7850819230079651,0.008988417452201247,-215.3037969842553,37.630475444148985,1.0768333792686462,0.0618767861276865,0.0
1784000,1486.8022153377533,-209.52870631217957,34.7115461518172,-0.00418083849363029,20.86382141113281,0.8047669768333435,0.008378067752346396,-215.3037969842553,37.630475444148985,1.0968541979789734,0.08126269578933716,0.0
1788000,1489.8737299442291,-208.1359966993332,38.92238585757355,-0.00462110204534838,21.5289249420166,0.8094171762466431,0.006809708685614169,-215.3037969842553,37.630475444148985,1.0632916927337646,0.055708872899413106,0.0
1792000,1493.0464329719543,-206.43222737312317,32.301834510740214,-0.006641000890522264,13.958331680297851,0.8304604649543762,0.004181024176068604,-215.3037969842553,37.630475444148985,1.0921666860580443,0.06120276413857937,0.0
1796000,1496.3274483680725,-200.05352592468262,34.685612923007476,-0.006292268965626136,15.088611316680907,0.8466344714164734,0.009971759503241629,-215.3037969842553,37.630475444148985,1.077208364009857,0.06884738355875016,0.0
1800000,1499.5085644721985,-210.77758622169495,39.53978208543174,-0.005522359526366927,20.459079933166503,0.83236083984375,0.005916513386182487,-215.3037969842553,37.630475444148985,1.077791678905487,0.06554130464792252,0.0
1804000,1504.328003168106,-217.37186467647552,40.245779172847435,-0.004853808065672638,23.40437870025635,0.8339648544788361,0.007664225203916431,-216.38823513686657,41.64021229218155,1.0915833473205567,0.061127062514424325,0.0
1808000,1507.53413772583,-211.5843369960785,36.067901461118986,-0.006307515647495166,21.011829376220703,0.8473284900188446,0.008899903134442866,-216.38823513686657,41.64021229218155,1.0877291917800904,0.0570625189691782,0.0
1812000,1510.6952390670776,-210.83607387542725,34.459866896356736,-0.0050238873052876444,18.007370281219483,0.8574389219284058,0.011929564794991165,-216.38823513686657,41.64021229218155,1.0880000352859498,0.07176496535539627,0.0
1816000,1513.822870016098,-205.82316064834595,37.11144173131662,-0.006612099152698647,16.936742305755615,0.8768596231937409,0.006041133165126666,-216.38823513686657,41.64021229218155,1.0719375252723693,0.05603159107267856,0.0
1820000,1516.951942205429,-212.07317399978638,37.155704643720064,-0.005305920157115907,18.641457176208498,0.8892321825027466,0.00931760824751109,-216.38823513686657,41.64021229218155,1.095020842552185,0.05805041827261448,0.0
1824000,1520.1181342601776,-207.86538290977478,34.51019058316475,-0.005873029498434335,19.0258508682251,0.874423623085022,0.007272691326215863,-216.38823513686657,41.64021229218155,1.0820208668708802,0.053224502503871916,0.0
1828000,1523.2328250408173,-207.66169953346252,43.42926239138129,-0.006514146960398648,16.696351718902587,0.8648119807243347,0.008351312635932117,-216.38823513686657,41.64021229218155,1.0721875190734864,0.07092812582850457,0.0
1832000,1526.4249522686005,-201.97490453720093,37.649478723292454,-0.004461652708414476,24.7800386428833,0.8501291155815125,0.009100278932601213,-216.38823513686657,41.64021229218155,1.0803542137145996,0.047740733996033666,0.0
1836000,1529.5831990242004,-204.35808658599854,36.911881258381044,-0.005433263912027542,19.561429691314697,0.8689700245857239,0.005744921031873673,-216.38823513686657,41.64021229218155,1.0648958444595338,0.0568789716809988,0.0
1840000,1532.7517409324646,-210.74972796440125,31.889221134245073,-0.006179117313877214,19.11663751602173,0.849816620349884,0.006459957354309154,-216.38823513686657,41.64021229218155,1.085229182243347,0.057316135987639426,0.0
1844000,1538.1236374378204,-224.27218747138977,46.443037700427034,-0.005268805475498084,19.499498271942137,0.8096601247787476,0.0038115031202323735,-215.29269144684076,39.44164910554245,1.0861875295639039,0.04383533634245396,0.0
1848000,1541.3091011047363,-209.18798232078552,39.25419709035871,-0.0023619958708877677,15.459895992279053,0.7939741909503937,0.01228373582707718,-215.29269144684076,39.44164910554245,1.0942708492279052,0.06053679920732975,0.0
1852000,1544.456960439682,-205.36739563941956,31.0873130051331,-0.004539554513758049,18.034002208709715,0.8215953588485718,0.0032462791074067353,-215.29269144684076,39.44164910554245,1.0964375376701354,0.05297054536640644,0.0
1856000,1547.5852975845337,-208.46457874774933,40.39440747649667,-0.003951909400348086,23.668432426452636,0.8276007533073425,0.006022285274229944,-215.29269144684076,39.44164910554245,1.1111875295639038,0.059430763497948645,0.0
1860000,1550.7539541721344,-212.01320827007294,40.55943433448558,-0.006205575123749441,19.82381649017334,0.8295176863670349,0.006297081406228244,-215.29269144684076,39.44164910554245,1.110354197025299,0.05528343804180622,0.0
1864000,1553.9302761554718,-206.17801427841187,39.49846859452188,-0.0061974585463758555,20.62260684967041,0.8291423797607422,0.012538919554936,-215.29269144684076,39.44164910554245,1.1228958725929261,0.05146217532455921,0.0
1868000,1557.092541694641,-208.28182673454285,45.10423165867687,-0.0016873779844900128,24.477195930480956,0.8381290972232819,0.006042060256004333,-215.29269144684076,39.44164910554245,1.130020844936371,0.04515723921358585,0.0
1872000,1560.2237474918365,-211.86744475364685,42.09132780026918,-0.003191923756094184,21.27066707611084,0.8394202291965485,0.008016090421006084,-215.29269144684076,39.44164910554245,1.1367916941642762,0.05436479225754738,0.0
1876000,1563.4187369346619,-204.1757369041443,38.186787793787914,-0.0057821156173304186,17.68427495956421,0.8227371275424957,0.00436059016501531,-215.29269144684076,39.44164910554245,1.132729208469391,0.043009663373231886,0.0
1880000,1566.5238509178162,-198.87357020378113,37.36154891511443,-0.006116242585267173,17.24922409057617,0.8223743438720703,0.007445061145699583,-215.29269144684076,39.44164910554245,1.140291678905487,0.057674767822027205,0.0
1884000,1571.4890673160553,-201.40609395503998,35.293392452994254,-0.00569174881093204,17.82598114013672,0.838193666934967,0.004386800050269812,-208.73115625977516,37.15110136153504,1.1249791979789734,0.06265721768140793,0.0
1888000,1574.7503530979156,-205.05867743492126,39.15242708975669,-0.005473363431519829,22.78089485168457,0.8244007289409637,0.004305094564915635,-208.73115625977516,37.15110136153504,1.1489791870117188,0.04314898923039436,0.0
1892000,1577.9287548065186,-196.12013351917267,33.28443611587073,-0.00622573108994402,17.647329139709473,0.8369512617588043,0.010932907811366022,-208.73115625977516,37.15110136153504,1.1450833678245544,0.060618366301059726,0.0
1896000,1581.1146259307861,-200.81116366386414,40.715618829337096,-0.005761254046228714,21.697273445129394,0.7995871067047119,0.005098462663590908,-208.73115625977516,37.15110136153504,1.174875020980835,0.052932055294513704,0.0
1900000,1584.2893269062042,-201.43419814109802,32.51612836071409,-0.005351115329540334,21.819358253479002,0.8395265340805054,0.008425214135786518,-208.73115625977516,37.15110136153504,1.165333342552185,0.050638971477746965,0.0
1904000,1587.2906351089478,-193.528395652771,35.66486346462182,-0.004519488938967697,18.979374885559082,0.7998704731464386,0.006642986985389144,-208.73115625977516,37.15110136153504,1.1613125443458556,0.05718586109578609,0.0
1908000,1590.4674363136292,-211.16861367225647,45.022027638845366,-0.006071775156306103,18.253125190734863,0.8057306706905365,0.010364322317764163,-208.73115625977516,37.15110136153504,1.1556666851043702,0.049353471770882604,0.0
1912000,1593.5116720199585,-210.20646023750305,41.30763306857205,-0.004641111256205477,19.375107860565187,0.820161098241806,0.008563138381578028,-208.73115625977516,37.15110136153504,1.1755208730697633,0.0431744497269392,0.0
1916000,1596.6489923000336,-203.790753364563,39.91421662849621,-0.004712077744625276,16.501025009155274,0.8189289569854736,0.0030921077413950115,-208.73115625977516,37.15110136153504,1.2069166779518128,0.04428266808390617,0.0
1920000,1599.8765740394592,-198.2208604812622,34.15563428947542,-0.006369903659469855,18.189603805541992,0.7993522644042969,0.006448398059001192,-208.73115625977516,37.15110136153504,1.1830833673477172,0.05833622552454472,0.0
1924000,1604.8105113506317,-199.0384533405304,32.079720004307276,-0.004954111921324511,19.37211694717407,0.7819524228572845,0.012238301755860447,-205.50926316529512,34.95277739880892,1.2139375329017639,0.06548265889286994,0.0
1928000,1608.0408062934875,-208.22888779640198,36.03011426579882,-0.006044981745071709,20.44358386993408,0.7691389441490173,0.004429951793281361,-205.50926316529512,34.95277739880892,1.2326042175292968,0.040268956869840625,0.0
1932000,1611.208519935608,-206.01372528076172,39.0994373980766,-0.00387136237550294,25.38054256439209,0.7698811829090119,0.0042330579715780916,-205.50926316529512,34.95277739880892,1.1786250233650208,0.032685926929116246,0.0
1936000,1614.3581948280334,-203.95415878295898,34.92300754796308,-0.007593731566430506,16.005591678619385,0.7670794904232026,0.009035070543177426,-205.50926316529512,34.95277739880892,1.1990833640098573,0.03591134250164032,0.0
1940000,1617.5369701385498,-204.005530834198,34.58734418034759,-0.007679403939982876,14.488747501373291,0.7628158390522003,0.004587386178900488,-205.50926316529512,34.95277739880892,1.2200000286102295,0.03322161994874477,0.0
1944000,1620.7127268314362,-205.62853384017944,38.40935806169443,-0.006284068638342433,20.082575035095214,0.7700051009654999,0.0030933121219277383,-205.50926316529512,34.95277739880892,1.236625039577484,0.04731030128896237,0.0
1948000,1623.877377986908,-200.65405297279358,39.979905452387676,-0.00616146280663088,17.23284206390381,0.7333685517311096,0.01136185354553163,-205.50926316529512,34.95277739880892,1.2190833687782288,0.05195751339197159,0.0
1952000,1627.0565083026886,-215.36815690994263,44.510958209050365,-0.0063191745241056195,21.831354522705077,0.7642254531383514,0.007621555356308818,-205.50926316529512,34.95277739880892,1.1827500104904174,0.03752882368862629,0.0
1956000,1630.2063779830933,-207.25491428375244,40.81575805402068,-0.0034011601674137637,22.304995918273924,0.7313314855098725,0.006800169101916253,-205.50926316529512,34.95277739880892,1.2156875252723693,0.04560244604945183,0.0
1960000,1633.355199098587,-194.15012288093567,31.78819411546275,-0.006969707756798016,16.992160701751708,0.7380127668380737,0.004776552970633929,-205.50926316529512,34.95277739880892,1.2142708420753479,0.037222910299897195,0.0
1964000,1638.2069606781006,-216.01568722724915,39.32643292588032,-0.006856255975435488,16.95479917526245,0.6897117972373963,0.011027097178157419,-209.32942587137222,30.366380940243513,1.2273125290870666,0.02930192220956087,0.0
1968000,1641.300631761551,-200.73705554008484,32.36383622449691,-0.004880826269800309,19.50046501159668,0.698569655418396,0.00644735058885999,-209.32942587137222,30.366380940243513,1.2461042046546935,0.03366253040730953,2.7083158493041992e-05
1972000,1644.2967503070831,-200.5814917087555,40.3555135461299,-0.0065707872621715065,17.782093715667724,0.7234093606472015,0.009200726193375886,-209.32942587137222,30.366380940243513,1.2257292032241822,0.03300424739718437,0.0004916810989379882
1976000,1647.2613093852997,-210.19001030921936,49.9100625180247,-0.006386303849285469,22.72641773223877,0.7062204658985138,0.005655620666220784,-209.32942587137222,30.366380940243513,1.2363333463668824,0.03469807431101799,0.0
1980000,1650.4934062957764,-204.02900648117065,26.409941092683077,-0.0019079172634519637,18.45779342651367,0.6864231824874878,0.006237532733939588,-209.32942587137222,30.366380940243513,1.2259583592414856,0.04144215136766434,0.0
1984000,1653.6843254566193,-204.2003732919693,30.50629938280162,0.017017226979805854,23.36183567047119,0.7032278597354888,0.05175118267070502,-209.32942587137222,30.366380940243513,1.2060417056083679,0.035596764087677,0.0
1988000,1656.8761670589447,-217.14708876609802,38.21774186522148,-0.007473268487956375,15.786568355560302,0.7229327321052551,0.008546834380831569,-209.32942587137222,30.366380940243513,1.2320417046546936,0.03391731195151806,0.0
1992000,1660.056681394577,-208.98818492889404,40.72413299034327,-0.005474461335688829,23.371351432800292,0.6959160447120667,0.008627718989737332,-209.32942587137222,30.366380940243513,1.215250027179718,0.04253377802670002,0.0
1996000,1663.2244336605072,-216.64848685264587,38.12037853212414,-0.004676037398166954,23.031281852722167,0.6767914533615113,0.004221956781111658,-209.32942587137222,30.366380940243513,1.2530000329017639,0.042109500244259836,0.000339585542678833
2000000,1666.3596851825714,-214.8974962234497,34.19671898390333,-0.00478537602321012,16.662291526794434,0.6608331680297852,0.004495189466979355,-209.32942587137222,30.366380940243513,1.2390625119209289,0.03801849894225597,0.001618765592575074
