global_step,wall_time_s,ep_return_mean,ep_return_std,policy_loss,value_loss,entropy,approx_kl,eval_return_mean,eval_return_std,mean_k,attn_entropy,lagrange_lambda
4000,3.533267021179199,-236.93303990364075,36.6549530145981,-0.0002624758765378488,227.31494140625,1.6028905868530274,2.617970130813774e-06,,,,1.560628056526184,
8000,6.42455267906189,-239.3381383419037,52.4398531564315,-0.0007117843415073821,189.3020477294922,1.5971649527549743,0.0,,,,1.575367510318756,
12000,9.241599082946777,-229.35287714004517,37.08756482365773,-0.0005122987484890374,175.50689392089845,1.59321848154068,4.3221633993274775e-05,,,,1.581447994709015,
16000,12.111809253692627,-223.85275053977966,39.78830050048595,-0.0001434825682455454,132.96754608154296,1.572594201564789,2.7774610111619414e-05,,,,1.578953456878662,
20000,14.971731424331665,-220.1896812915802,42.57807376205285,-0.0005225441898570882,91.42966003417969,1.5645918488502502,4.3907968483836156e-05,,,,1.5860500574111938,
24000,17.84586524963379,-209.70224833488464,41.88872312218692,-0.0019898888595053068,79.07647705078125,1.5382267475128173,0.0021418869742774404,,,,1.589774775505066,
28000,20.713534355163574,-219.07905411720276,43.26728117168735,-0.0006460840840299298,74.38855590820313,1.5040265202522278,0.00012246517214225538,,,,1.587062931060791,
32000,23.567994356155396,-220.44826865196228,34.544242633285094,-0.0017810386669783185,69.12574768066406,1.5084097146987916,0.0005035880395674541,,,,1.5888512849807739,
36000,26.343179941177368,-223.65911602973938,53.94980851348756,-0.0009040377609101924,69.78749389648438,1.5119670629501343,0.0005564991479332093,,,,1.5833876490592957,
40000,29.048943281173706,-218.63697052001953,31.81872071427631,-0.0007687238309517675,73.25049209594727,1.516586184501648,0.0008154389641131272,,,,1.571740186214447,
44000,32.98280620574951,-207.84628129005432,37.13081986643419,-0.0007636325382966546,68.96373405456544,1.5256164431571961,0.00020197325829940382,-242.98087340593338,44.19927588809947,,1.583161759376526,
48000,35.71069622039795,-212.77063703536987,40.30208433979322,-0.0011430568198411706,65.14140968322754,1.5403666257858277,0.0010242199630738468,-242.98087340593338,44.19927588809947,,1.5796501994132996,
52000,38.556591272354126,-227.6390209197998,39.76402684556199,-0.0016645251447334531,48.390227508544925,1.5183355808258057,0.00020248365181032568,-242.98087340593338,44.19927588809947,,1.559416913986206,
56000,41.42694664001465,-226.1181104183197,42.89822588554279,-0.0014429829164750885,51.24249801635742,1.512026584148407,0.00036470092971770953,-242.98087340593338,44.19927588809947,,1.5573976397514344,
60000,44.16851830482483,-225.84877586364746,41.68989408811533,-0.0016015138297419186,47.578560256958006,1.4825190782546998,0.00021995930430906974,-242.98087340593338,44.19927588809947,,1.5539174675941467,
64000,46.899487257003784,-235.40617728233337,32.43050813546419,-0.0012129582142030415,56.8135383605957,1.4366850137710572,0.000194313379315042,-242.98087340593338,44.19927588809947,,1.554591965675354,
68000,49.632060289382935,-219.1214098930359,42.649387889006604,-0.0017577482321260885,48.85576477050781,1.5026049852371215,0.0007414165251020677,-242.98087340593338,44.19927588809947,,1.5659055352210998,
72000,52.337836027145386,-236.4756941795349,52.06021090363628,-0.001514992504031376,65.11809005737305,1.507258689403534,1.0058284205527456e-10,-242.98087340593338,44.19927588809947,,1.557226049900055,
76000,55.06167387962341,-231.30451774597168,39.10122623020538,-0.0014984946758486383,30.257701301574706,1.4402410984039307,0.0017057546865544282,-242.98087340593338,44.19927588809947,,1.5802056431770324,
80000,57.782485246658325,-246.34054327011108,53.68503850210798,-0.0020598555323279475,38.164323043823245,1.4466315269470216,0.0002036359940102539,-242.98087340593338,44.19927588809947,,1.5360485434532165,
84000,61.676827907562256,-249.7730255126953,51.216811816002775,-0.0008499673530726782,53.89874382019043,1.4255176901817321,0.000303056619702452,-339.0719259902835,89.9585308839063,,1.501174533367157,
88000,64.52590298652649,-237.59551882743835,36.98794360854828,-0.0007810642468029982,48.92529144287109,1.4675018906593322,0.000472224688201095,-339.0719259902835,89.9585308839063,,1.4566142797470092,
92000,67.38413977622986,-236.8075623512268,43.86105809179894,-0.0011732304549999296,36.39774341583252,1.4499402523040772,0.0007274804844200844,-339.0719259902835,89.9585308839063,,1.4532074689865113,
96000,70.26424908638,-236.39607334136963,51.54496838697831,-0.0015712909689173048,45.01649131774902,1.4822161316871643,2.6365927032534486e-05,-339.0719259902835,89.9585308839063,,1.470702052116394,
100000,73.1361825466156,-249.5740830898285,56.56160609205379,-0.002655918463094409,66.09065017700195,1.4482079863548278,0.002273960307958389,-339.0719259902835,89.9585308839063,,1.4746546387672423,
104000,75.91073203086853,-235.6768777370453,44.81227370114115,-0.0021485903881645284,34.27834129333496,1.4359221935272217,0.0011692025742377154,-339.0719259902835,89.9585308839063,,1.4602498173713685,
108000,78.63495421409607,-244.22833800315857,42.488908702550006,-0.0009181021537685297,42.43041019439697,1.4524418830871582,1.2169282248564173e-10,-339.0719259902835,89.9585308839063,,1.4088846087455749,
112000,81.34537553787231,-232.77244353294373,49.799698518690114,-0.0011895653969137942,48.98719825744629,1.4532960653305054,1.585375492383356e-05,-339.0719259902835,89.9585308839063,,1.4228256821632386,
116000,84.05575561523438,-240.82658457756042,47.68418945621999,-0.003081862510764033,34.14793090820312,1.37805233001709,0.002655412137391977,-339.0719259902835,89.9585308839063,,1.3904990315437318,
120000,86.81859350204468,-245.92903470993042,54.21620035862157,-0.0002377016618897443,66.53572654724121,1.364238202571869,0.0004684591371187707,-339.0719259902835,89.9585308839063,,1.3542330861091614,
124000,90.8102912902832,-262.37687826156616,62.77167724615789,-0.001956629535066945,58.51570167541504,1.328786051273346,0.0010982215816620732,-295.3938798159361,77.51916544319218,,1.4006811261177063,
128000,93.68097257614136,-257.9698941707611,58.50989926002744,-0.0009379598257328147,71.50995483398438,1.3560391664505005,0.0014581679803086444,-295.3938798159361,77.51916544319218,,1.3658115029335023,
132000,96.55903244018555,-238.77244186401367,46.487694022202746,-0.001184726853178919,51.17930450439453,1.3984899997711182,0.0016533892358226395,-295.3938798159361,77.51916544319218,,1.4268770575523377,
136000,99.43773126602173,-234.39859533309937,45.85101998465173,-0.002487246266993104,51.35385856628418,1.4058665871620177,0.0009848222958680707,-295.3938798159361,77.51916544319218,,1.4391529560089111,
140000,102.34325170516968,-237.54205894470215,49.81712177958814,-0.004108950370301834,44.86199531555176,1.3857969522476197,0.003719034084895012,-295.3938798159361,77.51916544319218,,1.4110438585281373,
144000,105.1352334022522,-226.82010626792908,47.512846996579654,-0.0015409018350716508,37.471326446533205,1.3373465061187744,0.0005594863479394307,-295.3938798159361,77.51916544319218,,1.4596498131752014,
148000,108.01305079460144,-234.46708941459656,50.38694300624708,-0.0021101484923662316,37.30502414703369,1.3747873902320862,0.000796677828261938,-295.3938798159361,77.51916544319218,,1.3903485178947448,
152000,110.87461233139038,-226.81345224380493,42.816820125289304,-0.005465442908462137,33.60598983764648,1.368187165260315,0.00280933662542763,-295.3938798159361,77.51916544319218,,1.3527558207511903,
156000,113.74718236923218,-231.8019037246704,42.97788272691579,-0.0031845535207927433,36.76394195556641,1.3720706224441528,0.0005137847096193582,-295.3938798159361,77.51916544319218,,1.3346986770629883,
160000,116.64476108551025,-254.97015357017517,58.56409459125891,-0.000965324203818696,49.29359397888184,1.277679443359375,0.0015970198539434933,-295.3938798159361,77.51916544319218,,1.2320430517196654,
164000,120.71059823036194,-228.0682463645935,43.39885486973037,-0.0016461325038108043,42.71263236999512,1.3517510175704956,0.0020636758737964554,-277.90109430253506,61.227670240368326,,1.4023019909858703,
168000,123.50711464881897,-239.86259865760803,66.20196814839605,-0.0024855749267541417,58.49634552001953,1.295463216304779,0.0010839322563843013,-277.90109430253506,61.227670240368326,,1.2935340881347657,
172000,126.19803428649902,-239.7968409061432,42.88026940725032,-0.0019392255587153961,32.61693859100342,1.2254833936691285,0.0026405661125512175,-277.90109430253506,61.227670240368326,,1.340295135974884,
176000,128.88978552818298,-245.54596138000488,48.18452159793354,-0.0025709067368103965,37.034056663513184,1.2190106749534606,0.0021464640243987866,-277.90109430253506,61.227670240368326,,1.239128088951111,
180000,131.6193163394928,-229.91002225875854,41.04871857702707,-0.0024493330654999034,29.253041648864745,1.3040285229682922,0.002796494940412231,-277.90109430253506,61.227670240368326,,1.2601924538612366,
184000,134.33188033103943,-232.52486944198608,43.926286293590564,-0.0017158721508119257,33.97312774658203,1.329990315437317,0.0012758495750313293,-277.90109430253506,61.227670240368326,,1.334250843524933,
188000,137.0361795425415,-220.1254085302353,44.270529283500764,-0.00291166721208711,36.319872093200686,1.3824246287345887,0.0007627375539868808,-277.90109430253506,61.227670240368326,,1.4083193302154542,
192000,139.74512100219727,-216.68501925468445,40.1376475810027,-0.002678157296895112,36.7525671005249,1.358662986755371,0.002049920543746947,-277.90109430253506,61.227670240368326,,1.3508553624153137,
196000,142.43706035614014,-221.5509819984436,57.507289442370855,-0.003122256246589439,35.235344123840335,1.3097570657730102,0.001764381294895434,-277.90109430253506,61.227670240368326,,1.3190356254577638,
200000,145.1158745288849,-213.78837299346924,42.516935838032076,-0.002158114892547047,28.581351661682127,1.292562484741211,0.0031372860285046045,-277.90109430253506,61.227670240368326,,1.3432954668998718,
204000,148.9825723171234,-215.5830729007721,35.98411966319058,-0.0025716833081485648,38.32872829437256,1.351127064228058,0.0021402664613366707,-232.74414205551147,53.946920851396015,,1.2962524175643921,
208000,151.67289996147156,-213.50016808509827,56.65987555529845,-0.0022758478980589025,40.011663818359374,1.3394135117530823,0.001520070909192639,-232.74414205551147,53.946920851396015,,1.2812644004821778,
212000,154.36601948738098,-216.41910576820374,35.724293735416715,-0.0041847635904948,38.6557315826416,1.3685904264450073,0.002612119044274247,-232.74414205551147,53.946920851396015,,1.4100352287292481,
216000,157.07131791114807,-216.4696123600006,35.03447138647258,-0.0036106478226137994,23.5799919128418,1.3410593152046204,0.00434520211420022,-232.74414205551147,53.946920851396015,,1.341777765750885,
220000,159.7544264793396,-217.07130932807922,44.13902351908952,-0.0033484370864849565,27.1194766998291,1.3639284133911134,0.0018613142019603401,-232.74414205551147,53.946920851396015,,1.1883603811264039,
224000,162.44398593902588,-228.38171362876892,42.93218037925946,-0.0031170566899721306,29.317255973815918,1.3438016057014466,0.0027765039116687705,-232.74414205551147,53.946920851396015,,1.0852033734321593,
228000,165.12283039093018,-231.08799409866333,41.90077381603031,-0.0059659018521196925,19.316729640960695,1.3094401478767395,0.005075902899261564,-232.74414205551147,53.946920851396015,,1.143546998500824,
232000,167.8096799850464,-221.51510453224182,42.925165908929024,-0.003984648638948185,25.1292667388916,1.2572435975074767,0.0037789690291974765,-232.74414205551147,53.946920851396015,,1.125393843650818,
236000,170.48541522026062,-221.36587858200073,36.31646550948611,-0.004428224532864888,20.84420862197876,1.2169867992401122,0.005359872803014393,-232.74414205551147,53.946920851396015,,1.0532983541488647,
240000,173.173104763031,-231.56985068321228,47.533135182063816,-0.0031281131804766103,29.260199546813965,1.1712160110473633,0.004919517885738367,-232.74414205551147,53.946920851396015,,1.0417478442192079,
244000,177.11388039588928,-234.75345087051392,43.294187454681726,-0.004567727044224768,28.643232345581055,1.2011570930480957,0.0012152516501373611,-246.91833635419607,59.88064410215771,,1.1072039246559142,
248000,179.99167013168335,-228.52789855003357,35.50459660568497,-0.004210085645124017,16.99711561203003,1.1760763287544251,0.0031963582767057463,-246.91833635419607,59.88064410215771,,1.0995525598526001,
252000,182.86551141738892,-226.2148895263672,44.71398801818315,-0.0033200448334682166,26.464577865600585,1.1968446850776673,0.003446112567326054,-246.91833635419607,59.88064410215771,,1.096831250190735,
256000,185.73639297485352,-234.8630428314209,41.49434932083883,-0.004303155563655281,19.638557338714598,1.1270102500915526,0.0018902733412687668,-246.91833635419607,59.88064410215771,,1.0446686744689941,
260000,188.60237050056458,-234.09050273895264,44.65630844428319,-0.004377094246757629,24.467566680908202,1.0856548428535462,0.0034577683618408628,-246.91833635419607,59.88064410215771,,1.0248495221138,
264000,191.47814464569092,-242.04567861557007,44.78298155479586,-0.0025669928666902653,24.913125038146973,1.0139608025550841,0.0027881180314579977,-246.91833635419607,59.88064410215771,,0.9979052186012268,
268000,194.3434386253357,-230.23812770843506,44.392864326114115,-0.0034761417771999926,22.314759826660158,1.0607768535614013,0.0036984998849220576,-246.91833635419607,59.88064410215771,,1.0341461539268493,
272000,197.20219016075134,-227.32837510108948,34.55147074769127,-0.0038081496660209877,17.418983268737794,1.0533088088035583,0.004219963255415982,-246.91833635419607,59.88064410215771,,1.055246615409851,
276000,200.08077931404114,-231.93106961250305,40.664492925335495,-0.0048277591585647265,16.41977310180664,1.0465508341789245,0.006702834978234024,-246.91833635419607,59.88064410215771,,1.0761600971221923,
280000,202.97677874565125,-231.15755414962769,46.58379005001123,-0.00436348911918083,24.648629188537598,1.0110902190208435,0.0012465760544097672,-246.91833635419607,59.88064410215771,,1.0372151494026185,
284000,207.0513093471527,-249.58932662010193,62.68904185347845,-0.0037571566417657467,23.701907348632812,0.8941956520080566,0.0022604977880449793,-237.42192590981722,55.875155388593924,,0.9688492119312286,
288000,209.92991065979004,-232.32995772361755,40.80147559283906,-0.005404060155153267,17.217140674591064,0.906277883052826,0.004793185961898416,-237.42192590981722,55.875155388593924,,0.9905475735664367,
292000,212.69385194778442,-236.3066222667694,44.04505309472382,-0.003945685659690312,19.50262031555176,0.8691397964954376,0.004135475408906774,-237.42192590981722,55.875155388593924,,0.9596527755260468,
296000,215.38350224494934,-229.21500635147095,43.94639502711133,-0.004528883629323266,17.348920154571534,0.8662954270839691,0.0045091356896640455,-237.42192590981722,55.875155388593924,,0.9450480282306671,
300000,218.09150791168213,-231.62974524497986,49.17426015059867,-0.002694261194905323,25.379244804382324,0.8771214306354522,0.0019122873723972588,-237.42192590981722,55.875155388593924,,0.9303942322731018,
304000,220.7798957824707,-238.8636486530304,43.72737249813053,-0.003272314803170406,24.257582664489746,0.9309226334095001,0.0018789692430800642,-237.42192590981722,55.875155388593924,,0.9140924513339996,
308000,223.48674392700195,-241.5440583229065,48.51181025101519,-0.0034946510894224405,25.183064651489257,0.8845804035663605,0.004272634590044622,-237.42192590981722,55.875155388593924,,0.8874321341514587,
312000,226.1875033378601,-242.96102213859558,49.504158041635684,-0.0031920512932507527,28.1434232711792,0.9295074701309204,0.0012724202417302877,-237.42192590981722,55.875155388593924,,0.892171174287796,
316000,228.8885326385498,-235.61828708648682,44.174447047005174,-0.0044474198411529105,20.381965827941894,0.9196487009525299,0.0028784282141714355,-237.42192590981722,55.875155388593924,,0.9639017581939697,
320000,231.58131313323975,-224.59183931350708,44.594456712927396,-0.004395860060118118,21.115444278717042,0.9476652145385742,0.004209301887749461,-237.42192590981722,55.875155388593924,,1.0130703449249268,
324000,235.50917553901672,-216.40015149116516,34.05752777829546,-0.004340769372181974,21.794683074951173,0.9321977436542511,0.0025457501789787782,-243.33983901888132,54.06845039794709,,1.046780264377594,
328000,238.22289299964905,-228.42983531951904,37.066304585466185,-0.005147234874001372,17.970366954803467,0.9240472733974456,0.0014226827654056251,-243.33983901888132,54.06845039794709,,0.943677818775177,
332000,240.91388249397278,-234.3256402015686,38.286308446094615,-0.0019830223703368953,23.066549682617186,0.8545761644840241,0.0033323655021376907,-243.33983901888132,54.06845039794709,,0.9208361566066742,
336000,243.60973024368286,-232.58080434799194,40.04359322637711,-0.0030439645065925445,17.916256427764893,0.8900256276130676,0.003730982726905496,-243.33983901888132,54.06845039794709,,0.9698178768157959,
340000,246.2916157245636,-228.870014667511,47.11208923874952,-0.004137291361189765,16.420320415496825,0.9081571400165558,0.004288147337501868,-243.33983901888132,54.06845039794709,,0.9681986629962921,
344000,249.0113604068756,-229.37968564033508,40.05273305808854,-0.0035628081082056174,19.386286354064943,0.9185619652271271,0.0037029447501796932,-243.33983901888132,54.06845039794709,,0.9481580317020416,
348000,251.70101761817932,-219.99666905403137,40.865255746919125,-0.005193239424998631,14.399998950958253,0.9200482904911041,0.0017945832398254425,-243.33983901888132,54.06845039794709,,0.951908814907074,
352000,254.40158677101135,-221.48779940605164,37.6760562307546,-0.006564704096565688,13.471726989746093,0.8804766893386841,0.006380127830198035,-243.33983901888132,54.06845039794709,,0.9888684391975403,
356000,257.09622025489807,-225.1514184474945,40.35354166102236,-0.005248814980654793,17.55423812866211,0.78924600481987,0.003053279180312529,-243.33983901888132,54.06845039794709,,1.0039235174655914,
360000,259.9087917804718,-232.05028867721558,42.36881580192697,-0.005304941308684618,13.74646577835083,0.78621746301651,0.003410294116474688,-243.33983901888132,54.06845039794709,,0.9703815102577209,
364000,263.9862515926361,-227.1929235458374,40.82735328705636,-0.00465912781516078,17.43744840621948,0.7764613270759583,0.0026000505656314397,-238.80098980665207,48.71238215214922,,0.9789764940738678,
368000,266.8794379234314,-236.8295476436615,42.529052308273144,-0.004970293978772444,17.773662757873534,0.8195977091789246,0.002589491325124982,-238.80098980665207,48.71238215214922,,0.9511266887187958,
372000,269.7483208179474,-214.68678522109985,29.646205424044116,-0.005128836509305979,14.966583442687988,0.8509584665298462,0.010397603153251112,-238.80098980665207,48.71238215214922,,0.9574252843856812,
376000,272.61151576042175,-217.31115067005157,39.84313347134631,-0.0032352284739413763,18.316267204284667,0.8464096426963806,0.004213374937806913,-238.80098980665207,48.71238215214922,,0.9356661975383759,
380000,275.4861545562744,-226.05524253845215,38.032110504169005,-0.0039619291698715035,18.556758880615234,0.8350579559803009,0.005751909884158524,-238.80098980665207,48.71238215214922,,0.8988686501979828,
384000,278.31472086906433,-219.8692808151245,38.34785942157167,-0.003529792767988216,22.19847354888916,0.8944787383079529,0.004108592278130052,-238.80098980665207,48.71238215214922,,0.9006238162517548,
388000,281.22412943840027,-221.87179136276245,33.83180821522264,-0.004196255654096604,18.918403530120848,0.945609736442566,0.002211837875074707,-238.80098980665207,48.71238215214922,,0.8571844398975372,
392000,284.11731815338135,-227.81856226921082,37.60139030915897,-0.0047428944222629,17.44706573486328,0.8816889643669128,0.004292661077420545,-238.80098980665207,48.71238215214922,,0.8866441667079925,
396000,287.0039267539978,-240.46991562843323,44.72486283844908,-0.0047274647960438895,15.03225269317627,0.784809011220932,0.0037540894170136952,-238.80098980665207,48.71238215214922,,0.8478022336959838,
400000,289.87909603118896,-229.67166686058044,41.91203845818037,-0.00543164010609809,24.139835166931153,0.8122475862503051,0.004408456853707321,-238.80098980665207,48.71238215214922,,0.8594130098819732,
404000,293.9437141418457,-232.3133566379547,31.84387746642632,-0.003944224174677746,14.217892265319824,0.8010502338409424,0.004975887677477054,-229.0178328305483,43.88095898308046,,0.8306830883026123,
408000,296.7848746776581,-239.5120837688446,48.95583237292755,-0.004661931078880954,19.051808452606203,0.8252338230609894,0.008716213710916553,-229.0178328305483,43.88095898308046,,0.800888842344284,
412000,299.657838344574,-224.00289607048035,37.945887298610955,-0.0039164487838279525,19.298484325408936,0.9046647608280182,0.003259978140267883,-229.0178328305483,43.88095898308046,,0.8193854868412018,
416000,302.5351331233978,-232.12920713424683,48.65364174371116,-0.003701144735910944,20.20689935684204,0.8867867648601532,0.0027081403881311417,-229.0178328305483,43.88095898308046,,0.7967814207077026,
420000,305.41144156455994,-221.2338080406189,43.8834873141838,-0.0036946216687405277,20.972149181365968,0.9148670852184295,0.0003296688605235798,-229.0178328305483,43.88095898308046,,0.7582633972167969,
424000,308.30169892311096,-226.07254815101624,40.69516087304468,-0.003929576557983339,24.12817668914795,0.9313162088394165,0.0021515765212825498,-229.0178328305483,43.88095898308046,,0.7434448182582856,
428000,311.1669249534607,-218.92689275741577,31.026271205627744,-0.005160560982612239,17.572640800476073,0.8990671575069428,0.010700793325901037,-229.0178328305483,43.88095898308046,,0.7728693723678589,
432000,314.0247206687927,-228.23881673812866,45.66311530505396,-0.0030371473640359524,14.745881843566895,0.8880870938301086,0.0055962770273908944,-229.0178328305483,43.88095898308046,,0.7775233566761017,
436000,316.9010283946991,-225.38147830963135,38.81539836087808,-0.004530430699388077,13.657044506072998,0.8437425434589386,0.004327336739515885,-229.0178328305483,43.88095898308046,,0.7293000102043152,
440000,319.75098395347595,-239.8866810798645,53.837238123020306,-0.005049187290482227,19.9563738822937,0.9094933927059173,0.0045395327382721,-229.0178328305483,43.88095898308046,,0.740511667728424,
444000,323.72387313842773,-234.0716428756714,39.39633006231659,-0.0019472950583246274,18.579405879974367,0.8505009829998016,0.004494929686188698,-225.55326142907143,45.96000444937046,,0.7987769722938538,
448000,326.447386264801,-219.07055568695068,41.1443619999552,-0.004110026852305359,18.705863094329835,0.7896919906139374,0.008701062409517669,-225.55326142907143,45.96000444937046,,0.8536178767681122,
452000,329.1505424976349,-218.99715399742126,42.22138247401923,-0.0037314668262746764,18.0500657081604,0.7476259350776673,0.010332091292366386,-225.55326142907143,45.96000444937046,,0.8591639876365662,
456000,331.84484004974365,-223.39536309242249,34.49331354302296,-0.004123816605114072,13.1392183303833,0.7796784400939941,0.00490806921152398,-225.55326142907143,45.96000444937046,,0.84491046667099,
460000,334.54589796066284,-225.19619798660278,37.103425274685776,-0.004582707368303085,19.069471263885497,0.8271877348423005,0.0021824079038342604,-225.55326142907143,45.96000444937046,,0.8682360768318176,
464000,337.31639409065247,-220.21928143501282,39.589543705675595,-0.006721426911031214,15.09916524887085,0.8819757401943207,0.008479561700485649,-225.55326142907143,45.96000444937046,,0.9038800299167633,
468000,340.180890083313,-218.16126251220703,39.570709022225515,-0.00567169767276694,19.047298622131347,0.840140575170517,0.005149049796358063,-225.55326142907143,45.96000444937046,,0.8709721028804779,
472000,343.0507564544678,-213.41043400764465,35.50176568494381,-0.00419058453640897,16.015842342376708,0.7957517683506012,0.006164874960202749,-225.55326142907143,45.96000444937046,,0.9375248193740845,
476000,345.9442558288574,-214.78545355796814,31.589182593715734,-0.0038301311257140647,9.50276951789856,0.8606029212474823,0.005568671191576868,-225.55326142907143,45.96000444937046,,0.8987708568572998,
480000,348.81663179397583,-208.58876824378967,33.64041414142449,-0.0033921741028315466,15.736886596679687,0.8686621248722076,0.003208145126428774,-225.55326142907143,45.96000444937046,,0.9184503495693207,
484000,352.9222218990326,-229.06887793540955,37.83234357542279,-0.004922025721364953,19.242122650146484,0.902193546295166,0.004995116416830569,-225.11010414361954,39.32377105053077,,0.8336375832557679,
488000,355.8019292354584,-228.2020435333252,35.85388077689654,-0.005126677836912385,13.752754497528077,0.8779277503490448,0.0062454308317974275,-225.11010414361954,39.32377105053077,,0.8172843992710114,
492000,358.6819131374359,-224.8652319908142,33.6000274184877,-0.005052532543738675,13.568111038208007,0.8675161063671112,0.004681030950450804,-225.11010414361954,39.32377105053077,,0.8658249080181122,
496000,361.3986785411835,-226.5353547334671,37.58730174788829,-0.004796057430561618,16.959803581237793,0.8692418754100799,0.004578315289962731,-225.11010414361954,39.32377105053077,,0.9063260138034821,
500000,364.0809290409088,-217.4674289226532,39.88346587888268,-0.0027630163334929846,19.74464883804321,0.8566620230674744,0.002261419116985053,-225.11010414361954,39.32377105053077,,0.8454906225204468,
504000,366.92899107933044,-211.23779273033142,33.19297030257719,-0.005184402284057299,14.797457885742187,0.9584075629711151,0.003246543819123571,-225.11010414361954,39.32377105053077,,0.8839371025562286,
508000,369.84367990493774,-224.61407113075256,38.95025403596785,-0.002242894666269457,26.172358512878418,0.9018828511238098,0.005787531414534896,-225.11010414361954,39.32377105053077,,0.8913964211940766,
512000,372.7105734348297,-225.58825135231018,39.42992690777948,-0.00538037354374925,23.56746940612793,0.9259966671466827,0.004251407764968462,-225.11010414361954,39.32377105053077,,0.9057443618774415,
516000,375.5715870857239,-214.77025747299194,35.12168816677653,-0.005654484413408989,16.68303852081299,0.9089361667633057,0.004502735213143793,-225.11010414361954,39.32377105053077,,0.8931931138038636,
520000,378.4470362663269,-217.82624578475952,37.67372901964485,-0.005171179777864942,15.363516044616699,0.8813539326190949,0.0029294550515091443,-225.11010414361954,39.32377105053077,,0.8731429874897003,
524000,382.64228916168213,-217.1551959514618,39.111665426484095,-0.005340368523262385,15.354912281036377,0.8759412109851837,0.004212435302479811,-236.11774729192257,45.29966789901774,,0.8284972369670868,
528000,385.5411388874054,-218.193115234375,32.21677197443986,-0.0042125706574879015,21.6833065032959,0.8933320701122284,0.005784320384186437,-236.11774729192257,45.29966789901774,,0.8530682325363159,
532000,388.445955991745,-211.5503511428833,34.01871247097373,-0.004801845219684786,12.93451976776123,0.8743556320667267,0.004218718298943713,-236.11774729192257,45.29966789901774,,0.8503975391387939,
536000,391.33672046661377,-215.62249398231506,36.31807624015923,-0.006462825949769524,12.55740146636963,0.8827750325202942,0.004764078665291893,-236.11774729192257,45.29966789901774,,0.888648372888565,
540000,394.21783685684204,-218.8596317768097,37.00651320247354,-0.00593537689823036,14.0169527053833,0.9059121549129486,0.0030977795612707306,-236.11774729192257,45.29966789901774,,0.8220804750919342,
544000,397.1624422073364,-214.5773458480835,33.58891948381254,-0.005138597976571591,12.046326637268066,0.8870661556720734,0.004962975793750957,-236.11774729192257,45.29966789901774,,0.8280283212661743,
548000,400.05141019821167,-224.77731132507324,33.747356193623354,-0.003973743777644501,19.39058885574341,0.9603403031826019,0.004422403594750613,-236.11774729192257,45.29966789901774,,0.7339187502861023,
552000,402.92313957214355,-216.77815628051758,40.292288587491996,-0.004572479115488637,18.60556001663208,1.0012268424034119,0.004237821520655416,-236.11774729192257,45.29966789901774,,0.7860069096088409,
556000,405.81458806991577,-214.28956770896912,33.13724748594947,-0.005427295909185581,11.155370044708253,0.9520707607269288,0.005464710516389459,-236.11774729192257,45.29966789901774,,0.8450372219085693,
560000,408.7147526741028,-218.4364504814148,30.808419514941757,-0.004823221244694054,11.930687808990479,0.9659887909889221,0.005062125474990698,-236.11774729192257,45.29966789901774,,0.8399855673313141,
564000,412.7787563800812,-221.79493188858032,39.78828385291328,-0.005851155723755497,15.599287986755371,0.9663909673690796,0.004924864642089233,-221.4934967905283,44.13086708060698,,0.7982814490795136,
568000,415.5050721168518,-212.07432961463928,38.32688172385364,-0.0043437185348011555,13.771511650085449,0.978739207983017,0.004810357047244906,-221.4934967905283,44.13086708060698,,0.7896769404411316,
572000,418.26680064201355,-214.87739062309265,37.54360030543336,-0.003958324300280402,21.427712440490723,0.95152148604393,0.004389736365100117,-221.4934967905283,44.13086708060698,,0.843240886926651,
576000,421.0102617740631,-212.11621189117432,31.669661451702677,-0.007496618738397953,13.198652172088623,0.9679701924324036,0.005460359968788309,-221.4934967905283,44.13086708060698,,0.873059731721878,
580000,423.7476758956909,-211.45858120918274,37.23223584040584,-0.006617718244437132,17.093750190734863,0.9662986636161804,0.004785701866222869,-221.4934967905283,44.13086708060698,,0.8733007490634919,
584000,426.6141822338104,-216.3930699825287,31.49992738785706,-0.005135071331479901,21.656640815734864,1.0135411858558654,0.0028806688998884054,-221.4934967905283,44.13086708060698,,0.8749213278293609,
588000,429.51432514190674,-211.54323840141296,34.21347670662083,-0.005910010713928671,13.523018074035644,1.0473633885383606,0.0067996341153047975,-221.4934967905283,44.13086708060698,,0.8052746891975403,
592000,432.4034969806671,-208.2452528476715,32.576630122814564,-0.005347949307722377,12.508170413970948,0.9868617832660675,0.003851256356574595,-221.4934967905283,44.13086708060698,,0.8953619480133057,
596000,435.2965292930603,-209.4266278743744,34.49795590364561,-0.004335685277978563,17.67963066101074,0.9675246715545655,0.005777816753834486,-221.4934967905283,44.13086708060698,,0.85932457447052,
600000,438.1789584159851,-218.04279553890228,38.86044701927709,-0.004893648120729832,16.9641770362854,0.9660196423530578,0.005266356910578906,-221.4934967905283,44.13086708060698,,0.8109133422374726,
604000,442.2858467102051,-219.975426197052,35.447568775053846,-0.0032311780664604052,17.409552764892577,0.9288858473300934,0.0034680588927585632,-222.38209475576878,47.402037018917646,,0.7975283026695251,
608000,445.17567706108093,-214.94071054458618,37.254379969570486,-0.004911349830838541,12.276981925964355,0.9179150283336639,0.0042034855827999705,-222.38209475576878,47.402037018917646,,0.8408885180950165,
612000,448.07224559783936,-221.27770614624023,40.01373408702205,-0.0035190374605978737,15.777023696899414,0.9426081776618958,0.002736043880111616,-222.38209475576878,47.402037018917646,,0.8060801386833191,
616000,450.89932680130005,-211.63238978385925,31.75973305913694,-0.004685109515984842,14.200622463226319,0.9276476740837097,0.003024336502130609,-222.38209475576878,47.402037018917646,,0.7926300764083862,
620000,453.7897243499756,-209.35834169387817,38.88070039484383,-0.003648846077422302,21.08433609008789,0.9413362681865692,0.002852498442012208,-222.38209475576878,47.402037018917646,,0.7897238671779633,
624000,456.71989464759827,-216.72277235984802,32.88244810341681,-0.004820377491880379,16.230901050567628,0.8896414637565613,0.006804184366095189,-222.38209475576878,47.402037018917646,,0.9043233096599579,
628000,459.63564014434814,-208.63955998420715,40.06050521825117,-0.0036940273156700343,18.043139457702637,0.9502976417541504,0.006603945221286267,-222.38209475576878,47.402037018917646,,0.8157874047756195,
632000,462.5472831726074,-209.65111804008484,31.390515062089833,-0.004835784762632222,15.808677005767823,1.0167304277420044,0.0024490209194482303,-222.38209475576878,47.402037018917646,,0.7988012790679931,
636000,465.46684312820435,-208.65762758255005,43.44665517662853,-0.003581496410382301,16.02862720489502,1.043020498752594,0.00502435176481959,-222.38209475576878,47.402037018917646,,0.7964680790901184,
640000,468.3673794269562,-207.581524848938,41.945306873408555,-0.0038912126009042146,22.327083396911622,1.0154568076133728,0.0036759068201451584,-222.38209475576878,47.402037018917646,,0.7990419447422028,
644000,472.48557901382446,-197.7988737821579,31.92847760441824,-0.004655906134285015,13.735642242431641,0.9318665504455567,0.002032121382217156,-208.00348053127527,49.45608800195332,,0.8922291278839112,
648000,475.3681490421295,-191.95787453651428,35.13801768487696,-0.006113921639975217,13.566227626800536,0.8853867053985596,0.004670145936155068,-208.00348053127527,49.45608800195332,,0.9228746175765992,
652000,478.21810245513916,-205.6472315788269,34.74946567433063,-0.00536418190132828,18.047966957092285,0.8299972891807557,0.004318517572479319,-208.00348053127527,49.45608800195332,,0.9348584651947022,
656000,481.10493683815,-205.49271488189697,32.315669796100735,-0.005905339574596535,12.718758010864258,0.9246041536331177,0.00646473349770531,-208.00348053127527,49.45608800195332,,0.8732429683208466,
660000,483.9968476295471,-212.2848263978958,39.02300028925211,-0.004281597143504711,20.49326467514038,0.8660833895206451,0.0069848995539359745,-208.00348053127527,49.45608800195332,,0.8567158937454223,
664000,486.90077018737793,-206.07826828956604,38.24373058906168,-0.005741142246251307,14.765897178649903,0.9079447448253631,0.00305178789421916,-208.00348053127527,49.45608800195332,,0.9116654694080353,
668000,489.79346442222595,-203.8916618824005,36.22871641482129,-0.004538411109553031,15.637026119232178,0.9350167870521545,0.008954286156222225,-208.00348053127527,49.45608800195332,,0.7903416752815247,
672000,492.6973931789398,-202.02972888946533,34.99176318395195,-0.006379988379931589,14.318775749206543,0.8997118592262268,0.00496925126194645,-208.00348053127527,49.45608800195332,,0.8939889967441559,
676000,495.59096217155457,-206.06305313110352,39.16186735205841,-0.005611722153766685,15.629952716827393,0.9055929124355316,0.003555427626667873,-208.00348053127527,49.45608800195332,,0.9048789918422699,
680000,498.46574115753174,-200.88329005241394,30.41546482349254,-0.0063891684267049055,11.956683826446532,0.9301395118236542,0.00951866100231813,-208.00348053127527,49.45608800195332,,0.8628736317157746,
684000,502.56677508354187,-203.28579115867615,37.45152969352821,-0.003939584921657335,16.157399272918703,0.9089617311954499,0.005459339741229386,-208.95051622390747,46.010503244880795,,0.815010279417038,
688000,505.4655034542084,-202.51890230178833,35.203506733601344,-0.007028042837977466,12.170266246795654,0.9099576413631439,0.00833799999874707,-208.95051622390747,46.010503244880795,,0.8363963842391968,
692000,508.3687946796417,-202.8302218914032,29.236533256880072,-0.005934698057205723,12.341477870941162,0.9410476803779602,0.004696624044299824,-208.95051622390747,46.010503244880795,,0.7590450406074524,
696000,511.1840317249298,-200.1098608970642,30.967366271845446,-0.006469933459690491,10.572670364379883,0.9156607925891876,0.006767643288398783,-208.95051622390747,46.010503244880795,,0.7710695505142212,
700000,513.9230842590332,-199.99153089523315,31.83416015982431,-0.004164165780181061,12.86772108078003,0.9105548620223999,0.006290138978511095,-208.95051622390747,46.010503244880795,,0.8565135359764099,
704000,516.7751803398132,-201.76399421691895,28.452181554663277,-0.007199452402380601,7.9996068477630615,0.9002292037010193,0.004793163552414636,-208.95051622390747,46.010503244880795,,0.8445482134819031,
708000,519.679573059082,-198.5400117635727,35.499219208042064,-0.005069300017940393,10.214373016357422,0.8870237588882446,0.007594243052881211,-208.95051622390747,46.010503244880795,,0.8754914283752442,
712000,522.6206712722778,-202.4910490512848,32.52216178552345,-0.00659914440878977,8.711155223846436,0.8495045185089112,0.008430483500706031,-208.95051622390747,46.010503244880795,,0.8006114542484284,
716000,525.506534576416,-207.27440738677979,35.803096772776875,-0.00753951487907516,7.601101493835449,0.8771640300750733,0.008703478037069256,-208.95051622390747,46.010503244880795,,0.8001791477203369,
720000,528.413450717926,-199.32170701026917,33.704861423527376,-0.006230536304103839,9.529045915603637,0.8473041474819183,0.007613296818453819,-208.95051622390747,46.010503244880795,,0.7615666031837464,
724000,532.5614805221558,-207.4871118068695,41.52546256189119,-0.006800891427594902,10.579547882080078,0.7988394141197205,0.004906443346912681,-203.78723257035017,41.106386655788675,,0.8651573598384857,
728000,535.4801127910614,-209.3984214067459,35.674452670554174,-0.004219746459120266,11.4939453125,0.8534914076328277,0.004814468377735537,-203.78723257035017,41.106386655788675,,0.8105113089084626,
732000,538.374520778656,-203.18763542175293,38.8457256943928,-0.006326055639423345,11.41814546585083,0.8788355410099029,0.008070568111725152,-203.78723257035017,41.106386655788675,,0.7927326500415802,
736000,541.2841992378235,-205.5686173439026,34.89095565903824,-0.004271377407557608,9.605682039260865,0.8674249887466431,0.004118576168548316,-203.78723257035017,41.106386655788675,,0.7523644447326661,
740000,544.1923599243164,-196.63954102993011,37.6510672691115,-0.004858515895282167,10.921280670166016,0.8662584125995636,0.004826749337371439,-203.78723257035017,41.106386655788675,,0.7600669443607331,
744000,547.1142225265503,-200.57167220115662,31.744020919846037,-0.004943415564484877,8.375222396850585,0.8797325313091278,0.004679239327398488,-203.78723257035017,41.106386655788675,,0.7507644593715668,
748000,550.0037531852722,-206.6781108379364,34.08436145156372,-0.005219125151944659,10.046609258651733,0.8869391918182373,0.0009716260407003574,-203.78723257035017,41.106386655788675,,0.7117161273956298,
752000,552.9096138477325,-206.81262803077698,31.95734888611674,-0.006169011394648471,9.470351076126098,0.8514662742614746,0.004733167590165977,-203.78723257035017,41.106386655788675,,0.7482936382293701,
756000,555.8124058246613,-214.7618887424469,36.98319359644142,-0.004470299612730733,11.812395477294922,0.8690202593803406,0.0043984440038911995,-203.78723257035017,41.106386655788675,,0.7562092483043671,
760000,558.7094922065735,-203.29566049575806,32.570873826191225,-0.00519807680618638,10.376650333404541,0.8727880001068116,0.003400888096696386,-203.78723257035017,41.106386655788675,,0.7722341179847717,
764000,562.7651052474976,-204.26074028015137,32.30652776368652,-0.005719920700881609,7.602628707885742,0.8516947448253631,0.005439189122989773,-202.67920484393835,39.47417114516527,,0.7248847782611847,
768000,565.633297920227,-205.27509665489197,31.70472207148618,-0.008027892913358769,7.277784061431885,0.837264621257782,0.005408549956046072,-202.67920484393835,39.47417114516527,,0.8068085849285126,
772000,568.5150182247162,-199.6766242980957,38.92446073979343,-0.005143089440961734,13.418529891967774,0.8672457575798035,0.003290747167193331,-202.67920484393835,39.47417114516527,,0.761253947019577,
776000,571.4346425533295,-201.76643884181976,35.906470908710666,-0.004652630718735296,9.661381912231445,0.8309653222560882,0.0038764157258750487,-202.67920484393835,39.47417114516527,,0.8180327236652374,
780000,574.3227605819702,-209.04176211357117,39.37127346982485,-0.0051425653568779595,12.833154201507568,0.8315801441669464,0.004589127644430846,-202.67920484393835,39.47417114516527,,0.808706396818161,
784000,577.3097651004791,-202.3569152355194,42.77396569884424,-0.005462201740903161,6.971592283248901,0.8191990852355957,0.0036108307679339037,-202.67920484393835,39.47417114516527,,0.8187420010566712,
788000,580.2078530788422,-195.80771589279175,29.318622332367763,-0.006111280474967095,7.738842535018921,0.7871559083461761,0.006849299606944759,-202.67920484393835,39.47417114516527,,0.8357138693332672,
792000,583.1035978794098,-203.87832629680634,33.71183326626957,-0.003984971298758566,12.653241443634034,0.7527723431587219,0.0036946554940186617,-202.67920484393835,39.47417114516527,,0.7380032181739807,
796000,586.0258212089539,-189.47255659103394,34.903196559642495,-0.005802291343221455,12.204735469818115,0.7366432189941406,0.005828605239279572,-202.67920484393835,39.47417114516527,,0.8092052578926087,
800000,588.9428055286407,-197.66947746276855,37.82605325669184,-0.006455219503026655,7.475862169265747,0.6967115998268127,0.004819951605168171,-202.67920484393835,39.47417114516527,,0.7967827677726745,
804000,593.018807888031,-195.6927124261856,31.825125672040443,-0.006195428771898159,8.091113138198853,0.7615782618522644,0.00689035191138585,-199.4377174526453,47.94402780868361,,0.7965907037258149,
808000,595.9279172420502,-201.4841058254242,32.03499256117433,-0.00531266521988436,6.883049774169922,0.7412013590335846,0.004253409958754983,-199.4377174526453,47.94402780868361,,0.7769762992858886,
812000,598.8285748958588,-201.4144071340561,37.52900955903303,-0.007087330997921626,7.1942297458648685,0.7498337388038635,0.0065587126982864005,-199.4377174526453,47.94402780868361,,0.8089053928852081,
816000,601.7415237426758,-194.50857615470886,37.0652116364852,-0.002809477899999635,13.66432981491089,0.7885832130908966,0.0036224794097482415,-199.4377174526453,47.94402780868361,,0.7652005970478057,
820000,604.6163408756256,-202.87283670902252,34.91159876115615,-0.004309926730813452,12.974848365783691,0.7655607700347901,0.0045245288958540185,-199.4377174526453,47.94402780868361,,0.7318239331245422,
824000,607.4729483127594,-193.04819655418396,29.77306216933743,-0.006934245128029292,8.526697444915772,0.7850767552852631,0.005868991359248632,-199.4377174526453,47.94402780868361,,0.7086973190307617,
828000,610.3686134815216,-194.2086442708969,34.834733369563004,-0.006005949277275579,7.429806137084961,0.7497845768928528,0.003527137695346028,-199.4377174526453,47.94402780868361,,0.7340509414672851,
832000,613.2462692260742,-197.69550013542175,31.47154193753875,-0.007132033976260566,6.807443284988404,0.8004825413227081,0.008226584212388843,-199.4377174526453,47.94402780868361,,0.7873831152915954,
836000,616.1242039203644,-198.39734840393066,31.57094335834773,-0.0046768902564654265,8.840681123733521,0.7921049416065216,0.005412728791270638,-199.4377174526453,47.94402780868361,,0.7582185566425323,
840000,619.0235457420349,-196.7381715774536,36.06102312190107,-0.0038117603470260164,9.253797674179078,0.8345918357372284,0.007083261176012457,-199.4377174526453,47.94402780868361,,0.7927190363407135,
844000,623.1396038532257,-192.87574708461761,33.80458407648334,-0.005200158674114696,10.165782928466797,0.8593176662921905,0.006158443912863731,-203.48323223739862,46.16640601836671,,0.8240222692489624,
848000,626.0376019477844,-190.15791773796082,28.26466764482365,-0.004111421472237709,8.153968095779419,0.877012985944748,0.0058130408986471595,-203.48323223739862,46.16640601836671,,0.8231313049793243,
852000,628.9604253768921,-202.69907999038696,35.386893614320314,-0.007491691707167769,7.886570072174072,0.847545325756073,0.006662133836653083,-203.48323223739862,46.16640601836671,,0.7523190796375274,
856000,631.8749485015869,-199.9058017730713,35.37569226093561,-0.004741374830715373,12.199020481109619,0.8427456855773926,0.005173352620525607,-203.48323223739862,46.16640601836671,,0.8438246726989747,
860000,634.7514078617096,-199.63393592834473,37.23322173580441,-0.005570131965447267,8.453964948654175,0.8711214601993561,0.005156327846702569,-203.48323223739862,46.16640601836671,,0.7761906087398529,
864000,637.6627521514893,-198.2432565689087,31.52595879110557,-0.005611352127200675,9.746644067764283,0.8545730471611023,0.004500386072400353,-203.48323223739862,46.16640601836671,,0.7491513967514039,
868000,640.58322930336,-189.25832509994507,32.45463922776365,-0.005555822602628435,7.968360710144043,0.8234164834022522,0.0022219187276204975,-203.48323223739862,46.16640601836671,,0.8055161118507386,
872000,643.4802293777466,-195.90268528461456,33.793909543159735,-0.0073200109597916455,14.32468490600586,0.8887233436107635,0.0037483948332713624,-203.48323223739862,46.16640601836671,,0.6625108838081359,
876000,646.3867824077606,-197.27360844612122,33.49559929610857,-0.007304663263106015,7.132406854629517,0.8623867690563202,0.007347423990722746,-203.48323223739862,46.16640601836671,,0.7291421949863434,
880000,649.2517879009247,-197.23928713798523,33.46323400709934,-0.006907588042008373,12.24965009689331,0.8739324092864991,0.006474913045143094,-203.48323223739862,46.16640601836671,,0.7745335757732391,
884000,653.3839302062988,-187.37609672546387,29.577029550091904,-0.006022835384899139,10.774598598480225,0.8883301198482514,0.004695617342367775,-190.62195133417845,39.396727778720816,,0.7929168224334717,
888000,656.28821849823,-194.71114695072174,36.832929036433164,-0.005727646394788089,10.13793125152588,0.8581320941448212,0.005185940538688349,-190.62195133417845,39.396727778720816,,0.7441894471645355,
892000,659.1865816116333,-197.93771982192993,32.71490964849614,-0.005915261084058643,8.940772771835327,0.8738291800022125,0.00755196851096116,-190.62195133417845,39.396727778720816,,0.7246207535266876,
896000,662.0777373313904,-189.87803876399994,30.357883299206282,-0.007119597538374123,5.817180728912353,0.8548983335494995,0.011151899442387148,-190.62195133417845,39.396727778720816,,0.7121017456054688,
900000,664.9975755214691,-196.02509021759033,41.088680868472736,-0.005433018194123384,11.275918674468993,0.7887055516242981,0.004068608965297882,-190.62195133417845,39.396727778720816,,0.7269242525100708,
904000,667.905505657196,-191.54787874221802,37.190108810217666,-0.005990135408316988,8.922897434234619,0.8392158448696136,0.0097106367116794,-190.62195133417845,39.396727778720816,,0.7044993460178375,
908000,670.8454744815826,-202.6830859184265,33.09731841110323,-0.005640290216542709,9.76870617866516,0.8488637685775757,0.004985468096856493,-190.62195133417845,39.396727778720816,,0.6621242046356202,
912000,673.8002161979675,-193.1598825454712,32.01796743799066,-0.004563587898078048,13.812487125396729,0.8450058102607727,0.006798109307419508,-190.62195133417845,39.396727778720816,,0.7547137022018433,
916000,676.6690981388092,-192.87541484832764,33.30670634564698,-0.006153066672695218,11.383663940429688,0.876732861995697,0.0018588976527098566,-190.62195133417845,39.396727778720816,,0.7454264283180236,
920000,679.547593832016,-192.68792700767517,29.92793026368263,-0.004537908516125633,10.306925868988037,0.8571752369403839,0.00454703439027071,-190.62195133417845,39.396727778720816,,0.686265504360199,
924000,683.6196553707123,-187.43541526794434,32.72650731290629,-0.005571045700615862,7.233854818344116,0.8643472135066986,0.005817567140911706,-197.28793762624264,40.13218577518442,,0.7051516771316528,
928000,686.4938571453094,-201.03487539291382,33.260252884855824,-0.008135516081315774,8.133659362792969,0.9113920867443085,0.008781160457874648,-197.28793762624264,40.13218577518442,,0.7679522812366486,
932000,689.3745563030243,-190.25963592529297,29.952950405016132,-0.006958554586395671,9.530770063400269,0.8748261332511902,0.005620543506229314,-197.28793762624264,40.13218577518442,,0.7674401223659515,
936000,692.2610502243042,-202.7562575340271,41.7188205302734,-0.005578395719795193,8.511239290237427,0.8903701186180115,0.004212122515309602,-197.28793762624264,40.13218577518442,,0.6916542232036591,
940000,695.1469559669495,-197.94759130477905,34.29685335288178,-0.004434839795731627,17.762759113311766,0.8811512649059295,0.003804987954179584,-197.28793762624264,40.13218577518442,,0.6841916739940643,
944000,698.0240957736969,-198.76705408096313,35.3141937160382,-0.005553124275213772,7.899628639221191,0.9089341700077057,0.005996485205832869,-197.28793762624264,40.13218577518442,,0.7341316223144532,
948000,700.9074673652649,-201.9454824924469,31.865227583195324,-0.0069060050689923715,12.446938800811768,0.888662439584732,0.00677276620563747,-197.28793762624264,40.13218577518442,,0.7838310658931732,
952000,703.7904880046844,-206.59672212600708,37.42631512742886,-0.006142457240571453,10.962099647521972,0.894677460193634,0.004748877102974803,-197.28793762624264,40.13218577518442,,0.760406094789505,
956000,706.6607210636139,-192.64858078956604,30.143226765960133,-0.007150984804611671,9.717095279693604,0.8510131955146789,0.011358827946241944,-197.28793762624264,40.13218577518442,,0.735044801235199,
960000,709.5617372989655,-195.00803554058075,30.342703251925386,-0.0038275957787409,10.572318649291992,0.8818287551403046,0.004090690752180937,-197.28793762624264,40.13218577518442,,0.7031028985977172,
964000,713.6117684841156,-197.9406111240387,28.583345875415194,-0.004205051635799428,8.76399850845337,0.9093538880348205,0.006363116367720067,-198.4041778370738,38.14964014374258,,0.6731222212314606,
968000,716.492800951004,-193.9503698348999,38.79831883932167,-0.005928329276076205,10.377680397033691,0.9281270027160644,0.007848060398828238,-198.4041778370738,38.14964014374258,,0.6088176488876342,
972000,719.3674781322479,-199.34928512573242,32.8108896891664,-0.004726882437864943,10.292106533050537,0.8675313174724579,0.00624932241595042,-198.4041778370738,38.14964014374258,,0.6832918763160706,
976000,722.2437942028046,-195.87578701972961,33.33165142216726,-0.006860843624454027,6.545566987991333,0.9088263273239136,0.005311175931904777,-198.4041778370738,38.14964014374258,,0.6116917908191681,
980000,725.1030118465424,-191.58380246162415,30.825620117223334,-0.007098346004262446,5.7658772468566895,0.9480121850967407,0.004856512796075551,-198.4041778370738,38.14964014374258,,0.602709025144577,
984000,727.9799749851227,-202.47357773780823,43.14249586861278,-0.0036481094559034587,13.869194602966308,0.8906505882740021,0.0023261108930746842,-198.4041778370738,38.14964014374258,,0.6586436271667481,
988000,730.8678526878357,-202.06618285179138,38.67363721307302,-0.00832655906087414,8.400477504730224,0.9039195120334625,0.008499308510363335,-198.4041778370738,38.14964014374258,,0.6348247110843659,
992000,733.7196791172028,-203.83462846279144,37.71062688917641,-0.005721250933595013,14.569035053253174,0.8397410273551941,0.007616665994515692,-198.4041778370738,38.14964014374258,,0.7095229804515839,
996000,736.5874338150024,-198.99702548980713,36.04765187556011,-0.00473659448015189,10.231909656524659,0.8821380913257599,0.006091329263290391,-198.4041778370738,38.14964014374258,,0.6153329908847809,
1000000,739.4681267738342,-196.00887799263,40.7176497156434,-0.007857586638070657,14.084028720855713,0.840325653553009,0.007939263147011034,-198.4041778370738,38.14964014374258,,0.7299784839153289,
1004000,743.5244147777557,-197.3515510559082,38.82199286312985,-0.00576281524170188,9.75561718940735,0.9096649825572968,0.006184560677502305,-200.40772753208876,38.232814787972174,,0.5827744960784912,
1008000,746.3962450027466,-197.9145746231079,34.90382152955969,-0.005591997785493774,9.044220781326294,0.8359677731990814,0.006144747813232243,-200.40772753208876,38.232814787972174,,0.7186519980430603,
1012000,749.2762093544006,-193.69407987594604,31.73719992805352,-0.006794876774462555,10.51530475616455,0.8015234410762787,0.00486408326542005,-200.40772753208876,38.232814787972174,,0.7164944052696228,
1016000,752.1708376407623,-190.53281164169312,31.58760844943489,-0.006798049436726928,7.454980182647705,0.8678478479385376,0.007349638495749477,-200.40772753208876,38.232814787972174,,0.6581877589225769,
1020000,755.0455610752106,-192.0863560438156,33.37272931437519,-0.004434425247212293,14.889713478088378,0.8711282134056091,0.005161616113036871,-200.40772753208876,38.232814787972174,,0.688828843832016,
1024000,757.9066452980042,-199.37190961837769,33.36158451620683,-0.006872434423770812,8.396248006820679,0.816588169336319,0.004062092339154333,-200.40772753208876,38.232814787972174,,0.6980290234088897,
1028000,760.7333312034607,-195.33235716819763,36.503504895266595,-0.004955576955884134,8.963340091705323,0.7876745641231537,0.004142809951289905,-200.40772753208876,38.232814787972174,,0.7683058559894562,
1032000,763.4833652973175,-188.89064300060272,32.28225557652409,-0.005043927849115182,9.096065616607666,0.7364605665206909,0.012469956639688463,-200.40772753208876,38.232814787972174,,0.7093127071857452,
1036000,766.1824040412903,-192.48018169403076,31.386679436455175,-0.0049459395045414745,13.515838718414306,0.7443772077560424,0.008430424641507362,-200.40772753208876,38.232814787972174,,0.7470039188861847,
1040000,769.0105514526367,-195.8495156764984,28.854695844973385,-0.0052075191593418555,5.799443054199219,0.7789615333080292,0.008154594479128719,-200.40772753208876,38.232814787972174,,0.7005309104919434,
1044000,773.0761575698853,-199.0635130405426,28.63977723578658,-0.004232192746829355,7.053633785247802,0.8186451733112335,0.012048315815627575,-205.74812008440495,39.576592572225714,,0.6336295962333679,
1048000,775.9459960460663,-193.7302906513214,33.297145930963815,-0.00665825993645317,6.436867046356201,0.7912178099155426,0.00712127463278982,-205.74812008440495,39.576592572225714,,0.6614096879959106,
1052000,778.793244600296,-197.36519074440002,32.317360713442575,-0.004616644516587343,9.389986419677735,0.8369186162948609,0.008242877945303918,-205.74812008440495,39.576592572225714,,0.6566358983516694,
1056000,781.4952011108398,-189.37789380550385,27.346228471382705,-0.0043936504429827215,15.543542575836181,0.8283019185066223,0.008872668637350856,-205.74812008440495,39.576592572225714,,0.723599636554718,
1060000,784.2293877601624,-196.63121032714844,33.769329044277185,-0.004955329280424259,11.534780979156494,0.8889683187007904,0.007333553861826658,-205.74812008440495,39.576592572225714,,0.6443466544151306,
1064000,786.9386401176453,-187.80492067337036,28.927794662587864,-0.005729662236757571,6.036550378799438,0.9115441739559174,0.01626907177269459,-205.74812008440495,39.576592572225714,,0.5952246904373169,
1068000,789.7609703540802,-202.46729576587677,35.606424753298874,-0.005526101431343733,7.433594179153443,0.9460504293441773,0.006237753423920367,-205.74812008440495,39.576592572225714,,0.5211130738258362,
1072000,792.6318910121918,-198.4548201560974,33.64539886876233,-0.004979447735939146,11.292476463317872,0.9229087769985199,0.00543625729624182,-205.74812008440495,39.576592572225714,,0.5742573797702789,
1076000,795.5205705165863,-199.2291214466095,33.0173071320953,-0.004299398831091849,12.10727138519287,0.9049599945545197,0.004598157099098899,-205.74812008440495,39.576592572225714,,0.5423479914665222,
1080000,798.3519465923309,-188.79963052272797,32.74025171155377,-0.005905235523978902,7.507571792602539,0.917403656244278,0.007804100935813097,-205.74812008440495,39.576592572225714,,0.5725660026073456,
1084000,802.4146378040314,-194.4395637512207,33.54987793571439,-0.00470725332852453,8.135878467559815,0.8797911703586578,0.005082777734845933,-196.87992292642593,34.49668937438991,,0.6268251955509185,
1088000,805.2984614372253,-194.86039447784424,36.80753737586147,-0.00455836486777601,9.73200478553772,0.8365193605422974,0.005136045499239117,-196.87992292642593,34.49668937438991,,0.657826966047287,
1092000,808.1733198165894,-192.4460587501526,32.729671303701956,-0.007296759776150186,7.17026653289795,0.862476521730423,0.006658578851803654,-196.87992292642593,34.49668937438991,,0.5924131870269775,
1096000,811.0419716835022,-191.94959688186646,37.493973676997236,-0.00448884562992804,11.003895378112793,0.8659317970275879,0.010401567637454723,-196.87992292642593,34.49668937438991,,0.6061702907085419,
1100000,813.9113764762878,-197.89592158794403,36.63115251948101,-0.006227409708934495,7.95412540435791,0.88158700466156,0.003581839962086342,-196.87992292642593,34.49668937438991,,0.5915009021759033,
1104000,816.7697772979736,-194.51875805854797,31.899878755368594,-0.004798548461093255,9.889087343215943,0.8635664403438568,0.006999796521151435,-196.87992292642593,34.49668937438991,,0.6335370779037476,
1108000,819.6572616100311,-198.658931016922,29.43438007792622,-0.004619380407035356,10.620783138275147,0.8923124730587005,0.01034447253371279,-196.87992292642593,34.49668937438991,,0.6218392550945282,
1112000,822.5267443656921,-199.0264151096344,34.828807140922414,-0.00294501841906456,13.055161666870116,0.8868143618106842,0.002985922686639242,-196.87992292642593,34.49668937438991,,0.5431625783443451,
1116000,825.384904384613,-200.5140426158905,37.19740160152149,-0.005151366886527597,11.133417510986328,0.9166839063167572,0.006202540721278638,-196.87992292642593,34.49668937438991,,0.538699746131897,
1120000,828.2519450187683,-191.26161086559296,36.50211859019887,-0.005135726161766741,15.500956726074218,0.8770737886428833,0.009746221988461912,-196.87992292642593,34.49668937438991,,0.562938266992569,
1124000,832.353093624115,-200.7346179485321,37.81330698755165,-0.004009798165488299,11.9466046333313,0.9388011455535888,0.004226603878186808,-196.2479913160205,32.06729481855485,,0.48658857941627504,
1128000,835.2227971553802,-200.36228919029236,29.473483911398414,-0.006483267786446945,8.214348363876343,0.8929908096790313,0.007159196428256109,-196.2479913160205,32.06729481855485,,0.5987110733985901,
1132000,838.0927090644836,-197.55684423446655,31.277123227033137,-0.006564903742090467,8.817471647262574,0.8539837181568146,0.02185408091172576,-196.2479913160205,32.06729481855485,,0.610022634267807,
1136000,840.9512379169464,-198.19018292427063,29.785031973216118,-0.0038565984047018277,9.340202379226685,0.8808112144470215,0.007618827664914285,-196.2479913160205,32.06729481855485,,0.591384357213974,
1140000,843.8399074077606,-200.5926206111908,31.771966235888456,-0.0011348445395316987,9.655446290969849,0.868836086988449,0.025916103273630142,-196.2479913160205,32.06729481855485,,0.5686898946762085,
1144000,846.7232842445374,-191.6742616891861,30.4178430068837,-0.003838748287972216,10.980432891845703,0.8438531219959259,0.012845759699121117,-196.2479913160205,32.06729481855485,,0.6075805485248565,
1148000,849.6112716197968,-196.1267067193985,32.4938419463039,-0.004285919745452738,13.487411975860596,0.8271751463413238,0.01432270254008472,-196.2479913160205,32.06729481855485,,0.6408262729644776,
1152000,852.481947183609,-206.73597991466522,40.98336371308473,-0.003917114738142047,16.42759370803833,0.8125417411327363,0.005940748186316291,-196.2479913160205,32.06729481855485,,0.5969524085521698,
1156000,855.3548717498779,-199.42353343963623,33.84257952364907,-0.006301616079639638,12.769960975646972,0.8265648365020752,0.005803052743431181,-196.2479913160205,32.06729481855485,,0.6138109922409057,
1160000,858.2452051639557,-197.27860522270203,33.32635766640206,-0.004864363915442182,10.304381179809571,0.7987701892852783,0.0068810406047850855,-196.2479913160205,32.06729481855485,,0.6136453986167908,
1164000,862.3445649147034,-196.57809817790985,38.43288483547835,-0.0036025435025027973,13.749045085906982,0.8460253119468689,0.005449429275438966,-201.11088199168444,45.02227529932829,,0.5776206851005554,
1168000,865.06369805336,-194.1008584499359,34.27659485003909,-0.0058270840725551665,9.528706407546997,0.8228197515010833,0.014630494950339213,-201.11088199168444,45.02227529932829,,0.5787784993648529,
1172000,867.751984834671,-199.42061007022858,35.96448137791419,-0.00471455377188974,12.015515804290771,0.8355172574520111,0.008434922620654105,-201.11088199168444,45.02227529932829,,0.583366084098816,
1176000,870.4335613250732,-190.6307612657547,32.84647996761741,-0.006324180892668707,10.207887935638428,0.8461520195007324,0.006883695663418621,-201.11088199168444,45.02227529932829,,0.5829518437385559,
1180000,873.1754841804504,-196.32015430927277,35.12067408113867,-0.006977618339161079,9.941160202026367,0.869717925786972,0.009008223950164406,-201.11088199168444,45.02227529932829,,0.550756287574768,
1184000,875.8733603954315,-199.6958634853363,33.86879225681305,-0.006207888120785298,8.714124250411988,0.8269537448883056,0.011806928785517812,-201.11088199168444,45.02227529932829,,0.5763498365879058,
1188000,878.5674586296082,-194.8698080778122,33.42579771052548,0.007439019786193946,10.276425170898438,0.8490059494972229,0.07349783757577341,-201.11088199168444,45.02227529932829,,0.5849604845046997,
1192000,881.2466201782227,-206.00360989570618,40.459385068363964,-0.006503936466916116,10.256810283660888,0.8498356223106385,0.005655166355427355,-201.11088199168444,45.02227529932829,,0.559409373998642,
1196000,883.9381396770477,-196.37007808685303,33.181473784222824,-0.004841950524908789,11.684779644012451,0.8209705531597138,0.0062995005224365744,-201.11088199168444,45.02227529932829,,0.5836567640304565,
1200000,886.6442325115204,-194.42859148979187,37.83256979818458,-0.003953946153943733,14.119163513183594,0.8597827672958374,0.005441658274503425,-201.11088199168444,45.02227529932829,,0.5328936696052551,
1204000,890.7831747531891,-197.26718759536743,30.65117453744901,-0.006639442213345337,10.945093631744385,0.8379872977733612,0.00585588006360922,-201.26539985090494,43.8121461612111,,0.5927096247673035,
1208000,893.6367592811584,-196.33260488510132,39.167830846931494,-0.004176850222827255,13.45821771621704,0.8559158265590667,0.00365918098250404,-201.26539985090494,43.8121461612111,,0.5309710323810577,
1212000,896.4717674255371,-195.58580768108368,36.28390718151165,-0.0056080827813906,15.481995010375977,0.8459749460220337,0.008107836125418544,-201.26539985090494,43.8121461612111,,0.5588541209697724,
1216000,899.3632628917694,-193.74070763587952,39.050610155105375,-0.005453121972891184,10.371055221557617,0.8077150106430053,0.003721753170248121,-201.26539985090494,43.8121461612111,,0.6111886620521545,
1220000,902.238098859787,-207.4521038532257,42.893087328668926,-0.005176570823726578,11.240076732635497,0.8549873292446136,0.005617355753201991,-201.26539985090494,43.8121461612111,,0.5784194827079773,
1224000,905.1241099834442,-197.7239112854004,37.39580764792913,-0.004938663245217523,11.228506755828857,0.8816353023052216,0.004989573205277953,-201.26539985090494,43.8121461612111,,0.5611796379089355,
1228000,908.0132293701172,-197.68549156188965,35.57669182953911,-0.0035181754636578687,12.908905124664306,0.8591248571872712,0.004955729510402307,-201.26539985090494,43.8121461612111,,0.5997623145580292,
1232000,910.8989353179932,-192.71637654304504,32.02413843082129,-0.007342204340267955,6.324306488037109,0.8597225189208985,0.008648260810878128,-201.26539985090494,43.8121461612111,,0.572208434343338,
1236000,913.7852129936218,-196.18989729881287,33.341368428254626,-0.004672182450226181,8.578708791732788,0.885785573720932,0.00417977884294185,-201.26539985090494,43.8121461612111,,0.5361066162586212,
1240000,916.6897394657135,-199.56908559799194,29.779341721003274,-0.004976290432115426,9.400189352035522,0.8798439383506775,0.003686106556793689,-201.26539985090494,43.8121461612111,,0.5515730559825898,
1244000,920.7597723007202,-198.19193840026855,33.78038931012962,-0.005696048717635372,12.072313404083252,0.9111873924732208,0.004617542393680197,-194.0880854204297,39.977209844865676,,0.5142630934715271,
1248000,923.641553401947,-194.2336381673813,32.224836280838886,-0.00446955863502807,8.26656470298767,0.8634350717067718,0.00789476784815391,-194.0880854204297,39.977209844865676,,0.5642626762390137,
1252000,926.5545108318329,-190.41509544849396,31.182977993503773,-0.005683917258089988,10.988080787658692,0.8783837616443634,0.005069739476311952,-194.0880854204297,39.977209844865676,,0.5518510103225708,
1256000,929.4543838500977,-205.31199622154236,37.01634432022574,-0.0063462505897817325,10.063128852844239,0.8714345037937165,0.009065101074520498,-194.0880854204297,39.977209844865676,,0.5173939406871796,
1260000,932.3645203113556,-201.7295527458191,31.777307405301087,-0.00532312894565985,12.618388271331787,0.88019700050354,0.006712166272336617,-194.0880854204297,39.977209844865676,,0.570627647638321,
1264000,935.2427620887756,-192.04903936386108,40.280318696256984,-0.005547785598474242,10.478529167175292,0.8791875302791595,0.00842997683212161,-194.0880854204297,39.977209844865676,,0.5574047029018402,
1268000,938.1214203834534,-191.37085664272308,31.48374419381055,-0.005607290774894214,7.2088157653808596,0.8617318749427796,0.004239387190318666,-194.0880854204297,39.977209844865676,,0.5271470546722412,
1272000,941.0079832077026,-188.19352388381958,31.029662111339164,-0.005760347701609092,9.276821899414063,0.8459175944328308,0.004855030906037427,-194.0880854204297,39.977209844865676,,0.6245238780975342,
1276000,943.9036145210266,-195.03968596458435,35.62392678762316,-0.0065819086007152805,12.096362590789795,0.8836908638477325,0.010711142486271762,-194.0880854204297,39.977209844865676,,0.48763554692268374,
1280000,946.7876579761505,-195.89031624794006,34.18833296476424,-0.005567222353381407,13.413201236724854,0.8790388822555542,0.007764125667667621,-194.0880854204297,39.977209844865676,,0.5338460505008698,
1284000,950.8488330841064,-194.6766860485077,34.77459192814249,-0.006188143863342699,8.406750440597534,0.8291925191879272,0.0016622611195780124,-198.79984797537327,37.07008813726243,,0.5955928444862366,
1288000,953.7507102489471,-192.74123072624207,32.061248052347935,-0.00518813771056017,10.309428405761718,0.827414208650589,0.0029245968209579585,-198.79984797537327,37.07008813726243,,0.5991912722587586,
1292000,956.6630730628967,-198.5011682510376,37.92720086468915,-0.0040161511343903555,19.41604518890381,0.854873639345169,0.007253511459566653,-198.79984797537327,37.07008813726243,,0.5934221148490906,
1296000,959.5658602714539,-195.3548731803894,32.59536707753852,-0.003248023506418907,8.537039756774902,0.9030697524547577,0.005203102392610149,-198.79984797537327,37.07008813726243,,0.4595283567905426,
1300000,962.483508348465,-187.45607256889343,34.287912855854316,-0.0037171495932464714,11.816099834442138,0.8786849498748779,0.0053271798274945326,-198.79984797537327,37.07008813726243,,0.5330341219902038,
1304000,965.3553845882416,-190.62582445144653,35.763079675444665,-0.006251209397334634,8.486648321151733,0.8583588659763336,0.0077860246179625395,-198.79984797537327,37.07008813726243,,0.5552012264728546,
1308000,968.2174534797668,-191.31542110443115,34.490689932610906,-0.00485590716218578,12.362779426574708,0.8516384720802307,0.007986157481713895,-198.79984797537327,37.07008813726243,,0.57988600730896,
1312000,971.1118490695953,-183.74962651729584,30.844896750470866,-0.0067605662867427085,6.198903512954712,0.891272783279419,0.009000749658249952,-198.79984797537327,37.07008813726243,,0.5230108857154846,
1316000,973.9977655410767,-194.80404114723206,32.72058004148917,-0.004732526988101504,8.239195346832275,0.8985196411609649,0.006018517612208019,-198.79984797537327,37.07008813726243,,0.5149516105651856,
1320000,976.843385219574,-195.2059886455536,34.121113735097616,-0.003480187178356564,9.318530988693237,0.9485614240169525,0.004085028699133542,-198.79984797537327,37.07008813726243,,0.47291400730609895,
1324000,980.7949516773224,-187.80168199539185,31.2988447798938,-0.004752495878686425,7.30689811706543,0.9204604804515839,0.006144183235398249,-192.52018621563911,44.73168208323546,,0.5532734096050262,
1328000,983.6312665939331,-189.35482108592987,36.3038343421807,-0.004418076130173354,8.599222898483276,0.8982352972030639,0.004636265017713104,-192.52018621563911,44.73168208323546,,0.5415256917476654,
1332000,986.512232542038,-200.74757075309753,32.721927172757624,-0.0063893698880759684,11.229880905151367,0.901958030462265,0.005785983835812658,-192.52018621563911,44.73168208323546,,0.5159390270709991,
1336000,989.3791437149048,-196.10099411010742,31.73176940338709,-0.007658586971927406,5.464167976379395,0.9126109778881073,0.007886514368079033,-192.52018621563911,44.73168208323546,,0.5125472009181976,
1340000,992.2518200874329,-190.95511627197266,34.01504894531765,-0.004191552667451681,9.172898435592652,0.9607157588005066,0.002342159174416647,-192.52018621563911,44.73168208323546,,0.4328735202550888,
1344000,995.1075954437256,-191.28963959217072,30.225259357907188,-0.005123002031041946,8.359559392929077,0.943971574306488,0.0077798005566000585,-192.52018621563911,44.73168208323546,,0.46765090227127076,
1348000,997.9678490161896,-193.3721625804901,34.87982844499647,-0.003964056106361902,11.731398010253907,0.9132528901100159,0.005355633288311479,-192.52018621563911,44.73168208323546,,0.5249206900596619,
1352000,1000.8217973709106,-196.2152543067932,38.75731621085217,-0.0055458117942325915,9.613691806793213,0.9199310600757599,0.004215561388991773,-192.52018621563911,44.73168208323546,,0.5258242547512054,
1356000,1003.6782162189484,-186.32198190689087,34.188411783017315,-0.0048331489246338675,8.426751708984375,0.8896862447261811,0.0036837080164501936,-192.52018621563911,44.73168208323546,,0.6057554721832276,
1360000,1006.533821105957,-186.2257857322693,30.94129615440766,-0.007836597301221104,5.281266784667968,0.9020327150821685,0.00792073756456375,-192.52018621563911,44.73168208323546,,0.5404619812965393,
1364000,1010.5010666847229,-192.44349789619446,34.72789023894836,-0.0034243770384540183,8.589906930923462,0.8915768563747406,0.006859334992555333,-196.9657826051116,39.43566652658314,,0.5444981694221497,
1368000,1013.3290140628815,-193.16740584373474,32.25786332748213,-0.005754028135600197,9.278960752487183,0.8629911243915558,0.0015184049279972633,-196.9657826051116,39.43566652658314,,0.61169273853302,
1372000,1016.180727481842,-195.14764726161957,33.2062235192785,-0.006554761453531688,8.151399278640747,0.9029350042343139,0.006441199512162754,-196.9657826051116,39.43566652658314,,0.5473380804061889,
1376000,1019.0237550735474,-181.52326381206512,33.08816600504633,-0.006860152290357901,7.8735733985900875,0.8863192617893219,0.008456043718615547,-196.9657826051116,39.43566652658314,,0.5626924991607666,
1380000,1021.8399250507355,-190.90368115901947,32.956009285509516,-0.0062138543326873295,9.409502983093262,0.8742287993431092,0.005265035116462968,-196.9657826051116,39.43566652658314,,0.5140844225883484,
1384000,1024.6581823825836,-188.8273901939392,32.43549306348943,-0.0053697654555239895,8.950527429580688,0.8730124831199646,0.008541973633691668,-196.9657826051116,39.43566652658314,,0.5554163098335266,
1388000,1027.4988467693329,-192.54612827301025,29.887361670890982,-0.00760187825653702,6.768229913711548,0.8665014326572418,0.003022575622579726,-196.9657826051116,39.43566652658314,,0.5801549315452575,
1392000,1030.3463060855865,-193.79853415489197,30.783343119919586,-0.008230177624461543,5.946305751800537,0.8631239056587219,0.009376781186554694,-196.9657826051116,39.43566652658314,,0.5881524384021759,
1396000,1033.1535091400146,-190.03830909729004,34.40654860282052,-0.005503702139792299,8.07006254196167,0.8478425025939942,0.006019432708698602,-196.9657826051116,39.43566652658314,,0.5765892326831817,
1400000,1036.004352092743,-196.15123522281647,36.85474968004005,-0.004924681600144453,9.382230138778686,0.8489408195018768,0.00432434087079796,-196.9657826051116,39.43566652658314,,0.5258124530315399,
1404000,1039.8732504844666,-189.90769815444946,35.27692271216549,-0.004995949874088801,9.906833839416503,0.7921749234199524,0.005673422373365611,-200.86522293835878,51.42981146401294,,0.5227218270301819,
1408000,1042.562200307846,-193.84687113761902,35.216475824222705,-0.005647053135093216,7.8082190990448,0.7884709119796753,0.0036614700553667225,-200.86522293835878,51.42981146401294,,0.5191583454608917,
1412000,1045.2670347690582,-188.29575192928314,33.88957609336865,-0.004746773327623188,8.279038143157958,0.777812260389328,0.0054492908006068316,-200.86522293835878,51.42981146401294,,0.5310665726661682,
1416000,1047.9583532810211,-191.69535374641418,34.70663973275597,-0.005879563060744353,7.620699644088745,0.7767231643199921,0.006572375684663711,-200.86522293835878,51.42981146401294,,0.478461766242981,
1420000,1050.6851768493652,-186.65637397766113,28.60643022977567,-0.006100428988070483,7.559113931655884,0.7648233473300934,0.006163404101971537,-200.86522293835878,51.42981146401294,,0.5001590013504028,
1424000,1053.514194726944,-192.65524816513062,32.30651628157061,-0.005889594675352172,7.245483160018921,0.7745467364788056,0.007083884920148798,-200.86522293835878,51.42981146401294,,0.47945529222488403,
1428000,1056.200590133667,-185.79415774345398,35.0534863514181,-0.00659185192082079,12.1623064994812,0.7767828047275543,0.003752205734374048,-200.86522293835878,51.42981146401294,,0.5310907900333405,
1432000,1058.902797460556,-195.1672945022583,36.79593933568996,-0.00459231155986588,13.761914920806884,0.7956939220428467,0.007475836332887465,-200.86522293835878,51.42981146401294,,0.4793962001800537,
1436000,1061.6192662715912,-185.57691287994385,30.792473329829267,-0.007096980893363458,6.491732454299926,0.7939009428024292,0.004651381059161697,-200.86522293835878,51.42981146401294,,0.5612205028533935,
1440000,1064.2837660312653,-191.31186771392822,30.322139457651392,-0.005012980650256793,6.494744539260864,0.8053451836109161,0.007139798682803922,-200.86522293835878,51.42981146401294,,0.508170223236084,
1444000,1068.057340145111,-191.00006294250488,30.17457246324541,-0.005211640364956116,8.124069547653198,0.7752186357975006,0.004729342087715249,-195.71153233200312,37.24055125170016,,0.5181100070476532,
1448000,1070.7245049476624,-192.7633125782013,34.67192298925871,-0.004955592884371679,7.392126989364624,0.7958202540874482,0.0038467987906187773,-195.71153233200312,37.24055125170016,,0.48074483275413515,
1452000,1073.3868570327759,-192.4984838962555,38.85411747414216,-0.005187207926530402,11.626391220092774,0.8181252956390381,0.006875055428827182,-195.71153233200312,37.24055125170016,,0.4937610626220703,
1456000,1076.0681953430176,-195.6469885110855,28.584076365291487,-0.007031105077670308,4.700462222099304,0.8181784987449646,0.007703735330142081,-195.71153233200312,37.24055125170016,,0.4681337237358093,
1460000,1078.7303953170776,-189.24448919296265,35.912299601117304,-0.0033476263742581837,8.546123027801514,0.7905158162117004,0.0037366494798334315,-195.71153233200312,37.24055125170016,,0.4712581217288971,
1464000,1081.5577549934387,-192.20997869968414,31.42279363302972,-0.003789489947725144,10.672718334197999,0.8074016809463501,0.010474828026257477,-195.71153233200312,37.24055125170016,,0.4694473683834076,
1468000,1084.3783507347107,-189.96286749839783,37.844591494077356,-0.005412005400129871,7.64238920211792,0.838517427444458,0.005796673547631759,-195.71153233200312,37.24055125170016,,0.42105427384376526,
1472000,1087.207349538803,-190.495046377182,32.47668388535718,-0.00426421869484086,16.935022163391114,0.8303424179553985,0.003304178633571908,-195.71153233200312,37.24055125170016,,0.4738362908363342,
1476000,1090.0302765369415,-188.92037177085876,31.822283826110414,-0.005183641200264294,8.838513231277465,0.844353711605072,0.008073747700701262,-195.71153233200312,37.24055125170016,,0.4679426968097687,
1480000,1092.8490178585052,-192.1342260837555,26.645939969596547,-0.004520695489831273,13.558713150024413,0.7985500693321228,0.007900834421161563,-195.71153233200312,37.24055125170016,,0.5106228947639465,
1484000,1096.7708468437195,-188.50764918327332,32.08877463512967,-0.004777997996658101,7.92298436164856,0.8414129197597504,0.0041944728744177425,-200.38863579928875,47.69578584440978,,0.4741643637418747,
1488000,1099.5844902992249,-193.2690885066986,38.54997325619843,-0.004439742542182401,11.445170211791993,0.8418011724948883,0.0036140726982655026,-200.38863579928875,47.69578584440978,,0.5137851238250732,
1492000,1102.4002249240875,-191.09207916259766,30.453572485593764,-0.006082720483187564,6.764624357223511,0.8785032391548157,0.006030331570189507,-200.38863579928875,47.69578584440978,,0.46563594937324526,
1496000,1105.236792564392,-194.4091305732727,36.8144338702065,-0.006451471509877571,7.118920183181762,0.8921431243419647,0.007722600817214697,-200.38863579928875,47.69578584440978,,0.4898971885442734,
1500000,1108.066722393036,-187.4691390991211,27.390365088059337,-0.00456437078211458,7.808968448638916,0.8855020046234131,0.009957878268323839,-200.38863579928875,47.69578584440978,,0.46770777404308317,
1504000,1110.8938562870026,-189.986665725708,33.20143533151981,-0.006676368633595597,7.792193794250489,0.9021970391273498,0.009413222467371574,-200.38863579928875,47.69578584440978,,0.44970814883708954,
1508000,1113.710601091385,-192.3399519920349,31.07215839446434,-0.00766413697352013,7.383867025375366,0.8384944796562195,0.004827267478220243,-200.38863579928875,47.69578584440978,,0.5094420731067657,
1512000,1116.5033025741577,-187.93557024002075,26.871758172216726,-0.006266435094643441,10.691902351379394,0.8970792651176452,0.005385658671303339,-200.38863579928875,47.69578584440978,,0.46612170040607454,
1516000,1119.3185205459595,-195.92440903186798,32.60866741822401,-0.0066240169469578445,8.448338794708253,0.8750812470912933,0.0063615409051223535,-200.38863579928875,47.69578584440978,,0.4801130533218384,
1520000,1122.1313645839691,-195.45163369178772,32.25519394404784,-0.007534126583176359,7.833565282821655,0.8863958418369293,0.0047468056785874065,-200.38863579928875,47.69578584440978,,0.4544067084789276,
1524000,1126.039396762848,-185.64861297607422,28.299015834486273,-0.004597596791262426,9.838933849334717,0.9017306506633759,0.003930779117276018,-193.53043687343597,43.110609013300575,,0.4109569311141968,
1528000,1128.8529348373413,-187.00222325325012,29.252405859692644,-0.004859090457437621,8.038844347000122,0.8610371053218842,0.0050375384729511195,-193.53043687343597,43.110609013300575,,0.5235921621322632,
1532000,1131.6654181480408,-192.72828245162964,32.14093940800981,-0.005619363479316242,7.601862049102783,0.8477793097496032,0.0035449810209684076,-193.53043687343597,43.110609013300575,,0.4938231498003006,
1536000,1134.5129907131195,-184.33188343048096,29.541370510152714,-0.0061293544538006724,8.902100753784179,0.8536268889904022,0.005185707476601254,-193.53043687343597,43.110609013300575,,0.48612174689769744,
1540000,1137.3440008163452,-194.0885910987854,33.418708804233766,-0.00864539180633921,9.783894538879395,0.8507979691028595,0.009945989106781817,-193.53043687343597,43.110609013300575,,0.4914651274681091,
1544000,1140.174796819687,-195.2863986492157,30.356813834310927,-0.007013025139458495,8.68870668411255,0.8735958874225617,0.00842723793660607,-193.53043687343597,43.110609013300575,,0.46523588299751284,
1548000,1142.9886708259583,-194.75867009162903,31.257742092796157,-0.006086736520752289,10.254119777679444,0.8622137248516083,0.007595744740683585,-193.53043687343597,43.110609013300575,,0.4941693276166916,
1552000,1145.8075232505798,-192.65683007240295,32.33890827037833,-0.005447321848167696,5.941423559188843,0.8818069338798523,0.009965221019927384,-193.53043687343597,43.110609013300575,,0.4843492656946182,
1556000,1148.6256930828094,-193.8736927509308,34.294178591691725,-0.005929967226150179,9.852759265899659,0.8410675644874572,0.0047761507157702,-193.53043687343597,43.110609013300575,,0.5417643964290619,
1560000,1151.4437296390533,-195.63119864463806,32.35838604850107,-0.004935094568092602,9.994695663452148,0.8895561754703522,0.006241845350246855,-193.53043687343597,43.110609013300575,,0.48032901585102084,
1564000,1155.3625962734222,-190.74075520038605,33.245521385076515,-0.005934890336512222,6.411868333816528,0.8989431977272033,0.005253907191217877,-192.3160425722599,35.10257476123193,,0.4740805923938751,
1568000,1158.1909482479095,-186.237539768219,30.22825521126201,-0.007969520029146216,6.574729251861572,0.8790861308574677,0.008118592460795026,-192.3160425722599,35.10257476123193,,0.457836440205574,
1572000,1161.0111997127533,-190.4906725883484,29.004450192375334,-0.006313686993283519,8.145731973648072,0.7982182204723358,0.007505922467680648,-192.3160425722599,35.10257476123193,,0.49377116560935974,
1576000,1163.8464086055756,-187.41247022151947,31.05173328091016,-0.00586359605457013,10.288864231109619,0.8232074558734894,0.005911456502508372,-192.3160425722599,35.10257476123193,,0.5302435755729675,
1580000,1166.6649887561798,-188.82909536361694,27.783025252195817,-0.0057210774028984,7.152713394165039,0.8890903234481812,0.005424960435212967,-192.3160425722599,35.10257476123193,,0.5160156548023224,
1584000,1169.4393365383148,-195.7298231124878,32.294516551095526,-0.005873067188542347,12.783593463897706,0.8612338542938233,0.0028973950506042457,-192.3160425722599,35.10257476123193,,0.536414909362793,
1588000,1172.265602350235,-193.11515307426453,33.728359374530605,-0.00609223496789717,7.906632947921753,0.8039071798324585,0.005484823957473672,-192.3160425722599,35.10257476123193,,0.5470276474952698,
1592000,1175.0863881111145,-185.13795459270477,29.12125835752511,-0.007294497512746645,6.160556316375732,0.812460869550705,0.009150739526453755,-192.3160425722599,35.10257476123193,,0.5281622290611268,
1596000,1177.903328180313,-182.5588481426239,29.130148979266032,-0.00792907812523964,4.898531103134156,0.7687409043312072,0.009928734553977848,-192.3160425722599,35.10257476123193,,0.5361777186393738,
1600000,1180.734885931015,-197.84523272514343,28.178896603607914,-0.004271092534220422,7.9877767086029055,0.7810503482818604,0.009662885801245835,-192.3160425722599,35.10257476123193,,0.5165818333625793,
1604000,1184.649783372879,-194.35619032382965,31.958580441774604,-0.007321857766248297,6.916947269439698,0.8235865950584411,0.010082210041582584,-192.34532880038023,36.9039448101334,,0.46996062695980073,
1608000,1187.4560995101929,-187.90949606895447,30.681268714847857,0.004837428949385369,11.908081150054931,0.7937545418739319,0.023714605734450743,-192.34532880038023,36.9039448101334,,0.5303037643432618,
1612000,1190.2724459171295,-193.89480209350586,35.15674954139641,-0.005650323822007764,9.348930025100708,0.8282825767993927,0.007401807061086174,-192.34532880038023,36.9039448101334,,0.4581639230251312,
1616000,1193.104101896286,-187.1933090686798,26.375074764535082,-0.00677044216419258,5.395841932296753,0.8487224817276001,0.0066108715450391205,-192.34532880038023,36.9039448101334,,0.471793058514595,
1620000,1195.9425654411316,-192.282653093338,33.03284624061457,-0.005964965967306135,8.07802324295044,0.813861471414566,0.006653485855310759,-192.34532880038023,36.9039448101334,,0.47386514544487,
1624000,1198.746011018753,-192.5804215669632,30.919112142114447,-0.006315953511278849,6.394309949874878,0.8281903624534607,0.004691259526802849,-192.34532880038023,36.9039448101334,,0.4710264176130295,
1628000,1201.5756220817566,-192.35861206054688,31.174321374673447,-0.004658191775592657,7.706557416915894,0.8321643352508545,0.006595128739718348,-192.34532880038023,36.9039448101334,,0.49770367741584776,
1632000,1204.3883197307587,-195.7526512145996,33.37630621519302,-0.007060555479178809,8.172659587860107,0.8402288138866425,0.006823793041985482,-192.34532880038023,36.9039448101334,,0.49919710755348207,
1636000,1207.2074837684631,-198.85030794143677,32.07972187237508,-0.007394198054447765,9.222789907455445,0.8540116786956787,0.011800382988837833,-192.34532880038023,36.9039448101334,,0.48851306140422823,
1640000,1210.028557062149,-191.29791736602783,32.758692212002885,-0.0061762380216581645,11.060319137573241,0.8154103517532348,0.00588713709730655,-192.34532880038023,36.9039448101334,,0.5318853676319122,
1644000,1213.9471228122711,-193.561643242836,40.126337052149495,-0.005452090484555816,9.813544940948486,0.8585630118846893,0.008265455649234355,-186.6270645186305,35.81974171875339,,0.4948356062173843,
1648000,1216.7665839195251,-196.8855048418045,38.28274588073359,-0.005198095739198294,10.802281951904297,0.8730549335479736,0.008610588427633115,-186.6270645186305,35.81974171875339,,0.5085487425327301,
1652000,1219.563593864441,-187.96160542964935,30.399175578958776,-0.005386878571861065,9.497512483596802,0.8852247297763824,0.0035481417398744775,-186.6270645186305,35.81974171875339,,0.4516831457614899,
1656000,1222.379721879959,-189.57493364810944,33.40552201120445,-0.005541959686204833,8.262048387527466,0.8703854560852051,0.005340649065328762,-186.6270645186305,35.81974171875339,,0.472127240896225,
1660000,1225.2050879001617,-188.471577167511,30.914456165625175,-0.0071695744586177225,5.0750303030014035,0.8466451525688171,0.0057948914502437,-186.6270645186305,35.81974171875339,,0.48649612069129944,
1664000,1228.0028293132782,-186.52738332748413,34.065962742914664,-0.00574244491398943,4.44511468410492,0.8242944777011871,0.0057492718508001415,-186.6270645186305,35.81974171875339,,0.49125050008296967,
1668000,1230.8298959732056,-191.7075114250183,32.5983084821005,-0.006827183088132483,7.901700830459594,0.8533165514469147,0.006980720919091255,-186.6270645186305,35.81974171875339,,0.44553066194057467,
1672000,1233.6478996276855,-185.50733184814453,27.822753501452727,-0.005604052283645977,7.426906681060791,0.9057182848453522,0.006014801026321947,-186.6270645186305,35.81974171875339,,0.4211907386779785,
1676000,1236.4700334072113,-191.21901679039001,34.38733756309101,-0.006299799855177657,7.099878215789795,0.8822315752506256,0.005893790458484244,-186.6270645186305,35.81974171875339,,0.4331153154373169,
1680000,1239.294783115387,-192.5476541519165,35.56190889194917,-0.005084046468681968,7.441493082046509,0.8219397306442261,0.0032842681775801185,-186.6270645186305,35.81974171875339,,0.427961540222168,
1684000,1243.2107846736908,-191.87776470184326,33.940481344963004,-0.004951586719136714,7.701014137268066,0.8370347499847413,0.003623004483835146,-191.6697578728199,41.53377506493481,,0.4079519689083099,
1688000,1246.0307774543762,-185.24708211421967,31.729244464645443,-0.005215786417014812,6.074346590042114,0.8483661830425262,0.003252000220618356,-191.6697578728199,41.53377506493481,,0.4602344691753387,
1692000,1248.8583703041077,-186.47139036655426,36.07856760676892,-0.004519202979824844,9.751627445220947,0.8724290668964386,0.004603566759033129,-191.6697578728199,41.53377506493481,,0.4487315833568573,
1696000,1251.6862349510193,-194.14332103729248,33.071211834122096,-0.007439874384862577,6.7522461891174315,0.881967967748642,0.008591021748259698,-191.6697578728199,41.53377506493481,,0.38318789899349215,
1700000,1254.5281035900116,-198.7644238471985,33.05287746351807,-0.004658630051805268,10.391227912902831,0.8975024342536926,0.0028048320965027075,-191.6697578728199,41.53377506493481,,0.38539383709430697,
1704000,1257.3265402317047,-197.80254077911377,32.5059839036336,-0.006160118989646435,9.299278497695923,0.8440289318561554,0.009750692872330546,-191.6697578728199,41.53377506493481,,0.4214973360300064,
1708000,1260.1531903743744,-188.3278852701187,32.9870657548543,-0.004732873896912992,8.334482431411743,0.842583817243576,0.005661960117906961,-191.6697578728199,41.53377506493481,,0.4069289565086365,
1712000,1262.9816665649414,-186.00197112560272,32.37681891508471,-0.005291932618711215,6.458387756347657,0.8211059093475341,0.0034701013995024122,-191.6697578728199,41.53377506493481,,0.4188168853521347,
1716000,1265.8121457099915,-187.21909892559052,29.557687079133576,-0.004714446269984673,7.525616884231567,0.8145552456378937,0.006939142043120228,-191.6697578728199,41.53377506493481,,0.41152661144733427,
1720000,1268.6344573497772,-189.1513957977295,27.079317324757884,-0.0033693619610275505,5.765487432479858,0.7777275681495667,0.007515037519624457,-191.6697578728199,41.53377506493481,,0.408725768327713,
1724000,1272.5594153404236,-191.65080189704895,30.025188545678198,-0.0037958348109386362,9.625766468048095,0.7665854215621948,0.002764546922311073,-190.61372488737106,37.144266264102946,,0.47248647511005404,
1728000,1275.3890783786774,-194.25577974319458,31.834624831449943,-0.005224960620980745,8.826006269454956,0.7522935271263123,0.0037636780645698307,-190.61372488737106,37.144266264102946,,0.4074801534414291,
1732000,1278.212605714798,-180.6245173215866,32.53396050814852,-0.005115420471256016,6.739746522903443,0.7509446501731872,0.006095081693415239,-190.61372488737106,37.144266264102946,,0.4156751871109009,
1736000,1281.037685394287,-192.19281244277954,30.17038852367558,-0.003955336184085567,10.455506801605225,0.7628883123397827,0.006136809929739684,-190.61372488737106,37.144266264102946,,0.366345202922821,
1740000,1283.8924107551575,-192.163507938385,41.14706302490456,-0.005089906337671124,8.706335830688477,0.7663436233997345,0.010078724659979343,-190.61372488737106,37.144266264102946,,0.36095658838748934,
1744000,1286.7424335479736,-187.24312901496887,34.43776827147634,-0.006763125341230492,8.807569646835328,0.781962537765503,0.012892776472804447,-190.61372488737106,37.144266264102946,,0.47144549190998075,
1748000,1289.5640528202057,-190.98317313194275,28.495081315935767,-0.005035489316952102,7.906401920318603,0.8134424269199372,0.003687092637255174,-190.61372488737106,37.144266264102946,,0.42636006474494936,
1752000,1292.3795185089111,-183.41337025165558,31.950073511661113,-0.00662343764336164,7.505226898193359,0.8846789479255677,0.004634046189797436,-190.61372488737106,37.144266264102946,,0.34221348762512205,
1756000,1295.197702884674,-188.66544556617737,28.558714076438616,-0.006278577044761402,6.284926795959473,0.8524717152118683,0.0053937189775751905,-190.61372488737106,37.144266264102946,,0.35756424963474276,
1760000,1298.0251650810242,-191.95394551753998,30.842242805553845,-0.00477889031032106,8.682052755355835,0.821375823020935,0.006184943881817162,-190.61372488737106,37.144266264102946,,0.41016594767570497,
1764000,1301.93412899971,-183.96704995632172,34.01230924090681,-0.005774303395766722,7.868062591552734,0.8662074387073517,0.008336753374896944,-191.66112583875656,35.99539967840909,,0.3950287789106369,
1768000,1304.742297410965,-193.77768468856812,31.972192785475578,-0.0038564736021216906,7.463174867630005,0.8308075964450836,0.004045895232198227,-191.66112583875656,35.99539967840909,,0.4270887792110443,
1772000,1307.5544891357422,-188.81211459636688,40.00940771834292,-0.005689318908688889,6.609570503234863,0.85792635679245,0.002719962363335071,-191.66112583875656,35.99539967840909,,0.3269345760345459,
1776000,1310.3722054958344,-191.28305971622467,32.578361699042034,-0.004634089493736049,7.2393755435943605,0.834684431552887,0.00580136361733703,-191.66112583875656,35.99539967840909,,0.392066290974617,
1780000,1313.2048079967499,-190.52443766593933,29.121740703488996,-0.004131471803877673,8.31972427368164,0.8862315237522125,0.004257662284207342,-191.66112583875656,35.99539967840909,,0.35835181176662445,
1784000,1316.0410823822021,-189.68195295333862,34.89178116386738,-0.003445963958976783,12.608747577667236,0.895246422290802,0.00552072159651047,-191.66112583875656,35.99539967840909,,0.341110622882843,
1788000,1318.8697345256805,-193.41211247444153,32.06532281623605,-0.0045115871677020355,7.461717844009399,0.8671998381614685,0.004370132134606486,-191.66112583875656,35.99539967840909,,0.3505242705345154,
1792000,1321.6868469715118,-190.7788908481598,28.767293853067006,-0.004304397145751792,6.6404212474822994,0.7826875805854797,0.004548313455035302,-191.66112583875656,35.99539967840909,,0.34067623019218446,
1796000,1324.5147609710693,-179.37698686122894,28.93652080123614,-0.005342437396136379,7.1396630764007565,0.819981437921524,0.006611279473872855,-191.66112583875656,35.99539967840909,,0.38029192984104154,
1800000,1327.3439512252808,-185.45615231990814,31.856003313509866,-0.004451574876128383,10.106576347351075,0.856292849779129,0.007955628627678379,-191.66112583875656,35.99539967840909,,0.37894429862499235,
1804000,1331.2703726291656,-201.11224126815796,37.776596094156204,-0.004305774693687736,12.989492797851563,0.8335912823677063,0.0036061625462025402,-193.05706167966127,36.537926515553124,,0.3542433589696884,
1808000,1334.0954706668854,-187.49100303649902,30.12540513672031,-0.0026263800936333903,8.471296358108521,0.8400130450725556,0.00317458521167282,-193.05706167966127,36.537926515553124,,0.3219502389431,
1812000,1336.9124338626862,-193.7194629907608,32.71133373257838,-0.004000638048785432,10.252923107147216,0.8674355506896972,0.0032598049331960892,-193.05706167966127,36.537926515553124,,0.3255497008562088,
1816000,1339.7330181598663,-192.01255202293396,33.29929815129313,-0.004232063004902286,7.307457542419433,0.9094416916370391,0.005735059507812057,-193.05706167966127,36.537926515553124,,0.29288716018199923,
1820000,1342.5792796611786,-186.99747598171234,33.579230747709765,-0.0039928593778361336,7.595581579208374,0.8942999720573426,0.002968638332560669,-193.05706167966127,36.537926515553124,,0.3724923223257065,
1824000,1345.3967757225037,-192.66307425498962,27.435918543266514,-0.0062400935284482985,9.186331987380981,0.9271184921264648,0.012338863782584664,-193.05706167966127,36.537926515553124,,0.39382874965667725,
1828000,1348.2193248271942,-192.78764462471008,36.19839815777642,-0.004461596387050371,12.119753074645995,0.8713469684123993,0.001994884666055441,-193.05706167966127,36.537926515553124,,0.3469034403562546,
1832000,1351.0538275241852,-188.93961596488953,29.865330419373393,-0.007625040585640797,6.335443496704102,0.8689885020256043,0.007858214480802417,-193.05706167966127,36.537926515553124,,0.3092651396989822,
1836000,1353.8752057552338,-186.06134366989136,28.69702660277369,-0.003767198584624509,7.537166547775269,0.8972443282604218,0.004009116587985773,-193.05706167966127,36.537926515553124,,0.3824081838130951,
1840000,1356.6988518238068,-187.42363286018372,35.708427946107676,-0.005168872592349771,12.821635532379151,0.893899142742157,0.004954100423492491,-193.05706167966127,36.537926515553124,,0.3992345482110977,
1844000,1360.6300911903381,-194.19023299217224,31.356707316894564,-0.0075142391687259115,7.167691898345947,0.9181140184402465,0.008365948279698698,-187.15875513851643,37.41114647167894,,0.3552893280982971,
1848000,1363.4573421478271,-186.1990168094635,30.71990036803737,-0.004294855958937349,8.12358570098877,0.9230084359645844,0.006062906119041145,-187.15875513851643,37.41114647167894,,0.3542211979627609,
1852000,1366.290531873703,-189.62716698646545,27.841427878797667,-0.004224840569154687,10.902089500427246,0.8834623694419861,0.00474626476643607,-187.15875513851643,37.41114647167894,,0.39427828788757324,
1856000,1369.1125144958496,-190.41620588302612,33.25739541967847,-0.004146157656951388,8.044666385650634,0.9219137966632843,0.011737814056687057,-187.15875513851643,37.41114647167894,,0.37762858271598815,
1860000,1371.9524126052856,-189.95784521102905,29.910599664604277,-0.004799895979463997,8.235645723342895,0.904675978422165,0.007496370169993804,-187.15875513851643,37.41114647167894,,0.40033788681030275,
1864000,1374.7592372894287,-189.8529955148697,37.77827923442661,-0.004040760971372936,7.687577867507935,0.8956733822822571,0.004550715975346975,-187.15875513851643,37.41114647167894,,0.3433910459280014,
1868000,1377.5945918560028,-186.4093632698059,25.13872370894879,-0.005033024033531541,8.214691591262817,0.8477327048778533,0.008048891844227945,-187.15875513851643,37.41114647167894,,0.3565624564886093,
1872000,1380.4277708530426,-194.73152232170105,28.234544911778176,-0.004518157005310064,8.986073541641236,0.8575322031974792,0.004923906840306458,-187.15875513851643,37.41114647167894,,0.40088691413402555,
1876000,1383.2505466938019,-188.63673949241638,31.348356541397532,-0.006203474546627419,11.701932525634765,0.8370833694934845,0.004241543501848355,-187.15875513851643,37.41114647167894,,0.37661832869052886,
1880000,1386.0687472820282,-188.72581458091736,29.90494672236017,-0.006419083408080084,8.649745273590089,0.7858812570571899,0.008827314432710408,-187.15875513851643,37.41114647167894,,0.45089534521102903,
1884000,1390.0012340545654,-189.8724969625473,35.90922992056742,-0.005056399024246883,6.630274486541748,0.7834001123905182,0.010103096254169941,-191.35218171030283,36.9711340455513,,0.3426007777452469,
1888000,1392.8207550048828,-187.55940556526184,33.55617116008104,-0.005658503236404755,7.7526952743530275,0.8030817568302154,0.00637095286801923,-191.35218171030283,36.9711340455513,,0.39709559082984924,
1892000,1395.6502561569214,-181.84122812747955,28.173812673275883,-0.00373768701187025,6.8156662940979,0.790669071674347,0.005636759975459427,-191.35218171030283,36.9711340455513,,0.39716671109199525,
1896000,1398.444576740265,-193.41746079921722,37.20058443392771,-0.004627661522943516,11.118484687805175,0.8158110558986664,0.00913746920802323,-191.35218171030283,36.9711340455513,,0.3689488172531128,
1900000,1401.2778358459473,-192.58403289318085,28.639692002231328,-0.004895065085962413,11.50470552444458,0.8313036918640136,0.007699350248478965,-191.35218171030283,36.9711340455513,,0.3620191663503647,
1904000,1404.104712486267,-189.88889241218567,30.976782270107147,-0.004082458125116917,13.316133880615235,0.8432492017745972,0.003971760418789927,-191.35218171030283,36.9711340455513,,0.39778423607349395,
1908000,1406.9353575706482,-199.5767116546631,38.39530938429733,-0.00449179983038146,9.761580753326417,0.8342353761196136,0.003474240110517712,-191.35218171030283,36.9711340455513,,0.387840735912323,
1912000,1409.7584376335144,-196.4453010559082,30.160616943368215,-0.004813392764888747,11.062988185882569,0.8145100831985473,0.007545814606050705,-191.35218171030283,36.9711340455513,,0.3955622285604477,
1916000,1412.5819427967072,-194.54955208301544,35.59750107721232,-0.003987929096523057,9.265726709365845,0.8174916863441467,0.00595911633068078,-191.35218171030283,36.9711340455513,,0.35906988084316255,
1920000,1415.4181184768677,-192.12674474716187,29.534411121061346,-0.0051476225017103696,8.784303569793702,0.8091797173023224,0.006536485260042113,-191.35218171030283,36.9711340455513,,0.3816091030836105,
1924000,1419.3067870140076,-184.43603825569153,28.465242387711882,-0.002967932810036755,8.373747110366821,0.704000461101532,0.003102926243445836,-193.46991230547428,36.91555071265635,,0.3604309529066086,
1928000,1422.132686138153,-197.13936734199524,35.80139978190178,-0.006847456033962374,6.539817857742309,0.7139907717704773,0.008693644585553528,-193.46991230547428,36.91555071265635,,0.3268181800842285,
1932000,1424.9545440673828,-192.07382202148438,31.352981984580428,-0.005202161211830869,9.731733036041259,0.7799126744270325,0.0036327709327451884,-193.46991230547428,36.91555071265635,,0.3591499477624893,
1936000,1427.7723999023438,-193.63054609298706,36.07790188199424,-0.005053895095518524,11.277095794677734,0.8185007452964783,0.0077447781048249455,-193.46991230547428,36.91555071265635,,0.3500737965106964,
1940000,1430.593910932541,-187.13853228092194,32.98049612581755,-0.006909485101854962,6.287383270263672,0.8087773740291595,0.010491847211960703,-193.46991230547428,36.91555071265635,,0.41785346567630766,
1944000,1433.4401466846466,-186.96664953231812,32.34831156717074,-0.005230208767966049,8.60140962600708,0.8597218275070191,0.003977491265308353,-193.46991230547428,36.91555071265635,,0.3551070302724838,
1948000,1436.2532715797424,-188.98565447330475,36.47486157437157,-0.005008391426565751,7.846202802658081,0.8473853409290314,0.009581118180882253,-193.46991230547428,36.91555071265635,,0.39478646516799926,
1952000,1439.0703220367432,-191.5279266834259,35.47362717443571,-0.006187172542791819,7.601576280593872,0.8363460302352905,0.008240684992323378,-193.46991230547428,36.91555071265635,,0.415051206946373,
1956000,1441.8896577358246,-195.40746808052063,35.3670015184767,-0.005823844451922966,10.793090438842773,0.8871280908584595,0.006726730603259057,-193.46991230547428,36.91555071265635,,0.395644348859787,
1960000,1444.7104341983795,-186.89565992355347,28.39114944013844,-0.00382699374524722,10.34228868484497,0.8477480471134186,0.006773844308918342,-193.46991230547428,36.91555071265635,,0.4329001307487488,
1964000,1448.6334819793701,-196.26065754890442,29.062647312367382,-0.007419206699666869,10.102667617797852,0.8478473007678986,0.006828754171147011,-187.29219242930412,36.75473904847956,,0.4263794481754303,
1968000,1451.477177143097,-189.51368713378906,27.676861345647016,-0.0045223314032579506,7.746092844009399,0.840568333864212,0.009672877646517008,-187.29219242930412,36.75473904847956,,0.4443910628557205,
1972000,1454.308435201645,-184.36224579811096,28.588222917899916,-0.007324440431625901,6.528159761428833,0.8500414967536927,0.01025751915294677,-187.29219242930412,36.75473904847956,,0.4181926816701889,
1976000,1457.1348617076874,-191.09225058555603,36.23222185782156,-0.005511261395334,9.351386833190919,0.8329324722290039,0.009746332361828536,-187.29219242930412,36.75473904847956,,0.3920422554016113,
1980000,1459.974750995636,-190.15151119232178,32.06650673772574,-0.005330576393442854,10.284939670562744,0.8215430796146392,0.004022532090661124,-187.29219242930412,36.75473904847956,,0.42719357311725614,
1984000,1462.8166782855988,-187.33007085323334,24.64593887367655,-0.004932258389890265,8.370713949203491,0.7776640474796295,0.00647772058728151,-187.29219242930412,36.75473904847956,,0.397943040728569,
1988000,1465.647206068039,-193.07996153831482,37.854983243047194,-0.006356000765692471,8.341706085205079,0.7318824648857116,0.00894419485994149,-187.29219242930412,36.75473904847956,,0.4219484686851501,
1992000,1468.4521219730377,-187.88523828983307,37.77313042416402,-0.003390958873632677,10.256990051269531,0.7525298297405243,0.0036654312105383726,-187.29219242930412,36.75473904847956,,0.39354859888553617,
1996000,1471.2507374286652,-194.99818921089172,36.47290573565158,-0.00631616440725824,7.910973453521729,0.7250006437301636,0.006187235607649199,-187.29219242930412,36.75473904847956,,0.40029936134815214,
2000000,1474.0651404857635,-191.76871263980865,30.48558501904362,-0.005889540121424908,8.009846925735474,0.722246128320694,0.014061647760371354,-187.29219242930412,36.75473904847956,,0.34110985696315765,
