global_step,wall_time_s,ep_return_mean,ep_return_std,policy_loss,value_loss,entropy,approx_kl,eval_return_mean,eval_return_std,mean_k,attn_entropy,lagrange_lambda
4000,1.7374687194824219,-56.88967248797417,19.155588673493337,-0.0036415016860701145,68.61422843933106,3.906521439552307,9.60287578891439e-05,,,,2.7631020735330303e-11,
8000,2.897252082824707,-56.448287934064865,15.665654181911785,-0.006675732600153417,61.72049446105957,3.887016773223877,0.0008470150063658366,,,,2.7631020735330303e-11,
12000,4.06230354309082,-51.97400577366352,15.672700106627449,-0.013513391680084207,53.794138717651364,3.8309672832489015,0.0017352258199734294,,,,2.7631020735330303e-11,
16000,5.212017774581909,-50.6583049595356,16.036857525936075,-0.009281473142560604,46.59591293334961,3.7753024101257324,0.002576240020382059,,,,2.7631020735330303e-11,
20000,6.418989419937134,-51.59378972649574,16.667481878553893,-0.006383502174401645,53.91845550537109,3.718246245384216,0.0010392108236555674,,,,2.7631020735330303e-11,
24000,7.550398826599121,-46.561350613832474,14.414666054281293,-0.023128533271141328,43.86891746520996,3.6384660482406614,0.005341528311953869,,,,2.7631020735330303e-11,
28000,8.715495347976685,-47.14586681127548,15.109579451507523,-0.006983699320466252,42.653558349609376,3.5842413902282715,0.0041445022984407665,,,,2.7631020735330303e-11,
32000,9.895599365234375,-48.00259202718735,15.574362657124816,-0.00818862777599132,38.86927795410156,3.627055597305298,0.000703531333521834,,,,2.7631020735330303e-11,
36000,11.055274248123169,-44.5928650200367,14.534843589455557,-0.0038227407153462955,34.85346717834473,3.556460237503052,0.001596942695323378,,,,2.7631020735330303e-11,
40000,12.193970680236816,-43.01897868514061,13.714302292660971,-0.01174894391139969,37.91916160583496,3.4926811695098876,0.0034493236228008593,,,,2.7631020735330303e-11,
44000,14.502163648605347,-45.26339974999428,15.357196907088072,-0.004451277039479428,38.203419876098636,3.4436241149902345,0.002233195339795202,-48.49303187057376,15.542491625513986,,2.7631020735330303e-11,
48000,15.67093014717102,-41.38818070292473,13.337697834338208,-0.012442589552141748,29.991902542114257,3.4614331007003782,0.0035272270783025307,-48.49303187057376,15.542491625513986,,2.7631020735330303e-11,
52000,16.843602657318115,-45.632577896118164,11.553115812027183,-0.008969392033526803,36.797136306762695,3.418622446060181,7.269036694195208e-05,-48.49303187057376,15.542491625513986,,2.7631020735330303e-11,
56000,17.922438383102417,-39.51999653875828,13.644107848896981,-0.013646719826385389,31.976484489440917,3.4083194732666016,0.005946600492461584,-48.49303187057376,15.542491625513986,,2.7631020735330303e-11,
60000,19.069549083709717,-42.870206102728844,15.387080048249441,-0.013213102507404973,33.72757759094238,3.3390727043151855,0.004278518195496872,-48.49303187057376,15.542491625513986,,2.7631020735330303e-11,
64000,20.220783233642578,-44.804443657398224,15.879306513500577,-0.012317479309160273,33.657034683227536,3.3962732553482056,0.005259945045690983,-48.49303187057376,15.542491625513986,,2.7631020735330303e-11,
68000,21.369800806045532,-41.439616829156876,11.606861784030247,-0.006275148084852855,27.778366470336913,3.3815299034118653,0.0028999155978672196,-48.49303187057376,15.542491625513986,,2.7631020735330303e-11,
72000,22.52393102645874,-39.49750290811062,12.12040254684485,-0.010950454579200474,26.924189567565918,3.3663031816482545,0.002822103927377606,-48.49303187057376,15.542491625513986,,2.7631020735330303e-11,
76000,23.62073040008545,-39.409886971116066,13.815195396262789,-0.007316543782013474,28.869408226013185,3.427216100692749,0.003159461327595636,-48.49303187057376,15.542491625513986,,2.7631020735330303e-11,
80000,24.71652579307556,-42.998947739601135,14.581667507438599,-0.014123050018213679,26.891868019104002,3.35984206199646,0.00023327463259920078,-48.49303187057376,15.542491625513986,,2.7631020735330303e-11,
84000,26.998616695404053,-40.59202632308006,11.000170569484023,-0.013835225248709327,23.574011421203615,3.343675947189331,0.004055303684435785,-38.93736467696726,12.282732212596287,,2.7631020735330303e-11,
88000,28.09692144393921,-43.289185881614685,13.866730660187368,-0.0073459055037237595,29.46457233428955,3.3024685382843018,0.002650932504911907,-38.93736467696726,12.282732212596287,,2.7631020735330303e-11,
92000,29.22346782684326,-42.1615858823061,14.731903534353547,-0.006648045376641676,26.453559112548827,3.2804418563842774,0.005792192032095045,-38.93736467696726,12.282732212596287,,2.7631020735330303e-11,
96000,30.4306800365448,-44.48403802514076,16.57105363898662,-0.012427794874180087,33.54559211730957,3.2128071784973145,0.004643158259328572,-38.93736467696726,12.282732212596287,,2.7631020735330303e-11,
100000,31.459676504135132,-41.773725748062134,13.827652506421614,-0.012043251981493076,25.14560947418213,3.230586123466492,0.0004375207241391621,-38.93736467696726,12.282732212596287,,2.7631020735330303e-11,
104000,32.46945858001709,-40.37003906071186,14.52129434880262,-0.0060958023138811155,27.45094394683838,3.212847661972046,0.004834741423837841,-38.93736467696726,12.282732212596287,,2.7631020735330303e-11,
108000,33.46569752693176,-39.16054689884186,11.223615323148312,-0.008160429362294951,24.421950912475587,3.2356831789016725,0.003104427573271096,-38.93736467696726,12.282732212596287,,2.7631020735330303e-11,
112000,34.44753336906433,-40.760027185082436,12.832144649060565,-0.011693260433617958,24.148278999328614,3.312042307853699,0.009208517159335305,-38.93736467696726,12.282732212596287,,2.7631020735330303e-11,
116000,35.518728256225586,-41.59577959775925,16.34025195965431,-0.01547599456924944,22.88649272918701,3.2933264493942263,0.007905413823667912,-38.93736467696726,12.282732212596287,,2.7631020735330303e-11,
120000,36.663294076919556,-41.42429792881012,13.201420063169444,-0.010781682457076381,21.746949768066408,3.2777995824813844,0.0009106626762104497,-38.93736467696726,12.282732212596287,,2.7631020735330303e-11,
124000,38.79253387451172,-35.78694127500057,11.65468808140612,-0.012406396669801279,15.240629482269288,3.2053876399993895,0.005463688870077021,-38.477559805614874,14.051966925102608,,2.7631020735330303e-11,
128000,39.93630003929138,-39.402427703142166,11.610115758713548,-0.012431121324421835,17.19061870574951,3.2343889713287353,0.00330826381582483,-38.477559805614874,14.051966925102608,,2.7631020735330303e-11,
132000,41.089447259902954,-37.3418515175581,12.004432811945478,-0.006350834338023503,15.46444673538208,3.1462658643722534,0.005555782062467185,-38.477559805614874,14.051966925102608,,2.7631020735330303e-11,
136000,42.239771127700806,-39.046015322208405,11.378315269633056,-0.008615221688058127,13.982129859924317,3.179807996749878,0.0011210666474653409,-38.477559805614874,14.051966925102608,,2.7631020735330303e-11,
140000,43.38673186302185,-36.92488366365433,12.914524462441761,-0.011970067569520326,14.918656539916991,3.061230683326721,0.004391331458464265,-38.477559805614874,14.051966925102608,,2.7631020735330303e-11,
144000,44.58544397354126,-36.571381226181984,11.130537107763887,-0.014853364510461686,11.98156156539917,3.1370832443237306,0.0036578082399501,-38.477559805614874,14.051966925102608,,2.7631020735330303e-11,
148000,45.7447292804718,-39.11780200898647,12.05877092052196,-0.010419509462779341,13.601408004760742,3.0842230558395385,0.003171273759653559,-38.477559805614874,14.051966925102608,,2.7631020735330303e-11,
152000,46.90836191177368,-38.71193817257881,11.774634348311478,-0.01292502970760685,13.229709434509278,3.0290379524230957,0.0030327261018101128,-38.477559805614874,14.051966925102608,,2.7631020735330303e-11,
156000,48.07057857513428,-37.74417269229889,11.036959074317698,-0.01470934530859811,10.947433471679688,3.025527906417847,0.00783062274567783,-38.477559805614874,14.051966925102608,,2.7631020735330303e-11,
160000,49.21227145195007,-35.75668819248676,11.606528913336334,-0.01782609739433951,10.075974178314208,3.028776216506958,0.011789307922357684,-38.477559805614874,14.051966925102608,,2.7631020735330303e-11,
164000,51.32943391799927,-37.49726712703705,11.794023074897149,-0.013048310629324966,12.501531219482422,3.0525530576705933,0.004236040842719291,-37.047453314298764,12.188694547639109,,2.7631020735330303e-11,
168000,52.300724267959595,-36.95959758758545,10.909639597806724,-0.010206580925500041,10.345044803619384,3.1052403450012207,0.0012425885643460254,-37.047453314298764,12.188694547639109,,2.7631020735330303e-11,
172000,53.275511026382446,-39.74775156378746,11.173316344197785,-0.0074061144266743375,13.222047328948975,3.058298182487488,0.0,-37.047453314298764,12.188694547639109,,2.7631020735330303e-11,
176000,54.237030029296875,-38.460520312190056,11.481999707056863,-0.007157223428599568,12.4808744430542,3.062416124343872,0.002829585986910388,-37.047453314298764,12.188694547639109,,2.7631020735330303e-11,
180000,55.23020911216736,-36.96632444858551,12.405307961474222,-0.0053219651688123145,15.77166452407837,3.10646538734436,0.0038038951456546787,-37.047453314298764,12.188694547639109,,2.7631020735330303e-11,
184000,56.20705461502075,-38.22951179742813,10.506307907517378,-0.016272885084152124,9.341357707977295,2.9866737127304077,0.007983885871944985,-37.047453314298764,12.188694547639109,,2.7631020735330303e-11,
188000,57.188403606414795,-36.81175225973129,10.132565731078838,-0.016242830934934283,12.58214511871338,2.941518211364746,0.008346542570507154,-37.047453314298764,12.188694547639109,,2.7631020735330303e-11,
192000,58.16656565666199,-37.12227723002434,9.33264169267972,-0.010387848815415057,10.16789894104004,2.9302836894989013,0.0014557521848473699,-37.047453314298764,12.188694547639109,,2.7631020735330303e-11,
196000,59.127673625946045,-35.8454971909523,11.262621068701606,-0.014642259854823347,11.193256187438966,3.0155213117599486,0.0077543609729035625,-37.047453314298764,12.188694547639109,,2.7631020735330303e-11,
200000,60.1142315864563,-39.93066403269768,10.808605457678983,-0.00964899797644465,13.607460403442383,3.0349716424942015,0.0005501966238953049,-37.047453314298764,12.188694547639109,,2.7631020735330303e-11,
204000,62.52783179283142,-37.837533950805664,11.912555127741907,-0.009358734100009336,10.602082443237304,3.0026962041854857,0.0013138582497485896,-37.25123639963567,11.418011304748035,,2.7631020735330303e-11,
208000,63.65126132965088,-38.001942679286,10.56197068169305,-0.018340509315021337,10.425075912475586,3.005527687072754,0.004557802877388895,-37.25123639963567,11.418011304748035,,2.7631020735330303e-11,
212000,64.80021691322327,-36.20815595984459,11.306592827725698,-0.012765837717801353,11.619350814819336,2.8414959192276,0.012513251181691887,-37.25123639963567,11.418011304748035,,2.7631020735330303e-11,
216000,65.92487263679504,-37.82663509249687,9.864265364284377,-0.013260973048629231,10.547658157348632,2.8817479372024537,0.0050163969746790825,-37.25123639963567,11.418011304748035,,2.7631020735330303e-11,
220000,67.05276656150818,-36.836948707699776,12.257339407492182,-0.005102511700730239,11.88280954360962,2.878243637084961,0.0026847238094778623,-37.25123639963567,11.418011304748035,,2.7631020735330303e-11,
224000,68.1936583518982,-35.38926573097706,11.104422231657875,-0.011303345444612135,9.000844955444336,2.8366725206375123,0.0041836941352812575,-37.25123639963567,11.418011304748035,,2.7631020735330303e-11,
228000,69.35108518600464,-37.644615173339844,11.37695804291129,-0.00712294103734894,8.852959060668946,2.8394039392471315,0.0019139548690873197,-37.25123639963567,11.418011304748035,,2.7631020735330303e-11,
232000,70.48870420455933,-39.431490391492844,11.618333736844855,-0.012425074506085387,11.820917510986328,2.748235750198364,0.004300805527600459,-37.25123639963567,11.418011304748035,,2.7631020735330303e-11,
236000,71.6387255191803,-37.34108766913414,11.050932403370128,-0.009282206886156885,9.852652740478515,2.852745008468628,0.005726121354382485,-37.25123639963567,11.418011304748035,,2.7631020735330303e-11,
240000,72.78822588920593,-35.96271766722202,11.26209554620976,-0.019709926820360123,10.61888608932495,2.8681205034255983,0.008554983163048747,-37.25123639963567,11.418011304748035,,2.7631020735330303e-11,
244000,75.10039854049683,-37.40370225906372,11.355714480229627,-0.013326948294881735,8.934417057037354,2.824008345603943,0.0023383703400613686,-37.32163294451311,11.191733185243606,,2.7631020735330303e-11,
248000,76.23180866241455,-36.832807183265686,9.514648242613902,-0.015166040390730018,10.22334327697754,2.810739207267761,0.008242298945318893,-37.32163294451311,11.191733185243606,,2.7631020735330303e-11,
252000,77.35467505455017,-35.71263538300991,12.75392878283786,-0.014926993224304175,8.578756332397461,2.8616378545761108,0.004464015916164498,-37.32163294451311,11.191733185243606,,2.7631020735330303e-11,
256000,78.48013520240784,-35.05956374108791,10.912384827313547,-0.01432986456388603,7.877108812332153,2.9106514692306518,0.00015950499509926886,-37.32163294451311,11.191733185243606,,2.7631020735330303e-11,
260000,79.57844805717468,-36.337339013814926,11.627378233149127,-0.012133558279368994,9.38219690322876,2.890800666809082,0.0028286670786328294,-37.32163294451311,11.191733185243606,,2.7631020735330303e-11,
264000,80.74980401992798,-34.994495287537575,11.126890440254462,-0.0116118336184881,9.147619342803955,2.8565195083618162,0.0061489837185945365,-37.32163294451311,11.191733185243606,,2.7631020735330303e-11,
268000,81.86457467079163,-38.362339466810226,12.17617483494565,-0.005035045729950127,14.609900283813477,2.840270161628723,0.0014843919437844022,-37.32163294451311,11.191733185243606,,2.7631020735330303e-11,
272000,82.91359496116638,-36.942204385995865,10.660049500826956,-0.014895023381803174,9.910779190063476,2.850137996673584,0.0016301872489566272,-37.32163294451311,11.191733185243606,,2.7631020735330303e-11,
276000,83.97686862945557,-37.420173674821854,9.072023721983092,-0.012318549346411611,7.619480276107788,2.8339231967926026,0.004560711683006957,-37.32163294451311,11.191733185243606,,2.7631020735330303e-11,
280000,84.94096350669861,-39.28581440448761,11.46719908312421,-0.015275356366764647,8.658354759216309,2.8206806659698485,0.0038621165342046875,-37.32163294451311,11.191733185243606,,2.7631020735330303e-11,
284000,86.79374170303345,-36.6296044588089,10.39523160002452,-0.020427749419584872,6.75116491317749,2.827726435661316,0.006414314571884461,-36.63531748857349,11.381696758634169,,2.7631020735330303e-11,
288000,87.86201477050781,-34.46215941011906,9.618559795709745,-0.014241713802795885,8.55543918609619,2.7106168031692506,0.005363166384631768,-36.63531748857349,11.381696758634169,,2.7631020735330303e-11,
292000,88.83526110649109,-36.11348894238472,11.00982057183526,-0.011753742892062302,9.933902263641357,2.7246020317077635,0.003487061242340128,-36.63531748857349,11.381696758634169,,2.7631020735330303e-11,
296000,89.77975058555603,-38.07678088545799,9.12264929668092,-0.011103633907623589,9.404514408111572,2.6868340492248537,0.002526055375725278,-36.63531748857349,11.381696758634169,,2.7631020735330303e-11,
300000,90.82518982887268,-37.7519688308239,10.497261627508523,-0.012009429396828652,9.313289356231689,2.7284645557403566,0.001961532517452724,-36.63531748857349,11.381696758634169,,2.7631020735330303e-11,
304000,91.84270191192627,-38.222335666418076,10.432193264620743,-0.017409475872293002,8.476186370849609,2.8173152923583986,0.002583089694118801,-36.63531748857349,11.381696758634169,,2.7631020735330303e-11,
308000,92.86250567436218,-37.49895703792572,10.426310622055942,-0.010486972640501335,10.102046298980714,2.7746385812759398,0.003808514662785445,-36.63531748857349,11.381696758634169,,2.7631020735330303e-11,
312000,93.91224551200867,-37.488394021987915,10.922281403808572,-0.012710935998242334,9.60992202758789,2.8189281463623046,0.0036050456430530174,-36.63531748857349,11.381696758634169,,2.7631020735330303e-11,
316000,94.95610570907593,-34.91442035138607,11.105323297097506,-0.014147368567995722,7.7757423400878904,2.800584006309509,0.004075104200514023,-36.63531748857349,11.381696758634169,,2.7631020735330303e-11,
320000,96.00851464271545,-36.934534549713135,12.364915531681346,-0.008104202368063885,12.764813423156738,2.7604946374893187,0.0037917640816885977,-36.63531748857349,11.381696758634169,,2.7631020735330303e-11,
324000,97.87517762184143,-37.742707788944244,11.234489891502832,-0.008967596595641326,13.52399435043335,2.7805139303207396,0.0013996706636098643,-37.99694593064487,13.847536599745217,,2.7631020735330303e-11,
328000,98.9156174659729,-35.102184027433395,9.739180051439044,-0.01271303162421109,7.8552775382995605,2.825816535949707,0.0016476059802298603,-37.99694593064487,13.847536599745217,,2.7631020735330303e-11,
332000,99.94945764541626,-35.944389313459396,12.144539025932135,-0.013529723330633736,10.624154663085937,2.884932518005371,0.004924757719505557,-37.99694593064487,13.847536599745217,,2.7631020735330303e-11,
336000,100.99431276321411,-36.15895000100136,9.661273391292202,-0.011277741110418038,8.550746059417724,2.857617139816284,0.00222254981417791,-37.99694593064487,13.847536599745217,,2.7631020735330303e-11,
340000,102.03930020332336,-37.907125532627106,10.467850985370596,-0.013566326445667087,9.976575660705567,2.823050785064697,0.005303178104804828,-37.99694593064487,13.847536599745217,,2.7631020735330303e-11,
344000,103.0798237323761,-37.85374441742897,10.862169091092454,-0.005400483272271228,11.002200317382812,2.796474647521973,0.004021755847381403,-37.99694593064487,13.847536599745217,,2.7631020735330303e-11,
348000,104.11774706840515,-35.97978004813194,15.114317402958196,-0.012009574409574286,10.508568382263183,2.7650710344314575,0.0031625523840775214,-37.99694593064487,13.847536599745217,,2.7631020735330303e-11,
352000,105.14315295219421,-36.81648290157318,8.906425877072957,-0.013576120869955055,9.713084506988526,2.8193011045455934,0.004814588869339787,-37.99694593064487,13.847536599745217,,2.7631020735330303e-11,
356000,106.18417191505432,-34.76398408412933,11.036302398465885,-0.011832466608844605,7.905111074447632,2.8315866470336912,0.00465258531330619,-37.99694593064487,13.847536599745217,,2.7631020735330303e-11,
360000,107.20509386062622,-37.523507207632065,10.643985145278526,-0.006726152749848557,9.170593547821046,2.843922257423401,0.004208489315351472,-37.99694593064487,13.847536599745217,,2.7631020735330303e-11,
364000,109.07308912277222,-37.94921162724495,11.958292995857558,-0.00863499464001478,9.187194442749023,2.8988690853118895,0.0010720904263325614,-36.187975354027,11.954253722569355,,2.7631020735330303e-11,
368000,110.10671710968018,-37.01713854074478,10.910931763985499,-0.017494175019208358,9.260704898834229,2.861368751525879,0.004466457813279678,-36.187975354027,11.954253722569355,,2.7631020735330303e-11,
372000,111.13374829292297,-38.16927620768547,11.364926302565205,-0.012001648598117764,11.322511577606202,2.8758308410644533,0.0020810356687871235,-36.187975354027,11.954253722569355,,2.7631020735330303e-11,
376000,112.15500473976135,-33.01059554517269,10.858583483382727,-0.015493571618106206,8.141492128372192,2.888486647605896,0.003339271324221027,-36.187975354027,11.954253722569355,,2.7631020735330303e-11,
380000,113.19871973991394,-35.17654937505722,11.7552340686251,-0.012928820836124899,8.275023794174194,2.862205219268799,0.003266101856886916,-36.187975354027,11.954253722569355,,2.7631020735330303e-11,
384000,114.15529227256775,-34.94976481795311,10.881342337404982,-0.015559387188404727,7.974261522293091,2.783759069442749,0.002587811566365383,-36.187975354027,11.954253722569355,,2.7631020735330303e-11,
388000,115.12874364852905,-37.30619303882122,10.758489762594104,-0.011909210450481655,9.067201805114745,2.7801445722579956,0.0016237865336297536,-36.187975354027,11.954253722569355,,2.7631020735330303e-11,
392000,116.18423438072205,-36.56414647400379,11.757298844106897,-0.012435635281726577,9.691092777252198,2.7433879375457764,0.005816535765305097,-36.187975354027,11.954253722569355,,2.7631020735330303e-11,
396000,117.2402195930481,-34.24707245826721,12.206202577554793,-0.014098296596203142,8.72152919769287,2.7278228759765626,0.0038135553705978876,-36.187975354027,11.954253722569355,,2.7631020735330303e-11,
400000,118.24064588546753,-36.566056326031685,12.09698700135252,-0.008059729498345191,12.05737133026123,2.7741520404815674,0.0044991209795698485,-36.187975354027,11.954253722569355,,2.7631020735330303e-11,
404000,120.0657126903534,-35.43863958865404,11.357106415619283,-0.013658236193004925,7.736991119384766,2.787008285522461,0.006634727308759469,-37.317061146721244,12.804213317352161,,2.7631020735330303e-11,
408000,121.16644525527954,-37.42094588279724,11.262568562748566,-0.014140399463940412,9.65620460510254,2.795193338394165,0.002893519547069445,-37.317061146721244,12.804213317352161,,2.7631020735330303e-11,
412000,122.26917624473572,-36.974208295345306,10.66295065649831,-0.012086488404311346,9.178499317169189,2.7892202615737913,0.003518043665098958,-37.317061146721244,12.804213317352161,,2.7631020735330303e-11,
416000,123.32751536369324,-35.03286185860634,11.068461928608723,-0.016247494769748273,7.469684791564942,2.8071892738342283,0.0034729434584733097,-37.317061146721244,12.804213317352161,,2.7631020735330303e-11,
420000,124.23877453804016,-32.95750829577446,10.196024575939333,-0.012616794267669462,6.919042110443115,2.814933347702026,0.001365777727914974,-37.317061146721244,12.804213317352161,,2.7631020735330303e-11,
424000,125.11528086662292,-35.27922584116459,9.192987066818725,-0.01025619079964235,10.373113059997559,2.722865843772888,0.0030237826218508347,-37.317061146721244,12.804213317352161,,2.7631020735330303e-11,
428000,125.99728679656982,-36.23604962229729,12.286344185847923,-0.010670982088428005,8.372982501983643,2.6872294425964354,0.003117691935040057,-37.317061146721244,12.804213317352161,,2.7631020735330303e-11,
432000,127.03511261940002,-35.82447636127472,10.37095121919619,-0.010759017922886383,8.207481908798218,2.671147179603577,0.002336152520729229,-37.317061146721244,12.804213317352161,,2.7631020735330303e-11,
436000,128.09538507461548,-35.76867318153381,10.532037999526331,-0.020928868827410074,7.971109199523926,2.549742817878723,0.005548469776840648,-37.317061146721244,12.804213317352161,,2.7631020735330303e-11,
440000,129.1447868347168,-37.8368376493454,11.200819961354103,-0.014678501059301218,11.214105987548828,2.537571167945862,0.0026059466385049746,-37.317061146721244,12.804213317352161,,2.7631020735330303e-11,
444000,131.00309777259827,-36.132409796118736,11.033926575842239,-0.014995060328626764,8.087663078308106,2.607012629508972,0.004591952898772433,-36.75506113097072,11.769814910269812,,2.7631020735330303e-11,
448000,132.04767227172852,-36.43225055932999,11.942228709691046,-0.011715466932859363,7.6357770442962645,2.710521602630615,0.003945591289317196,-36.75506113097072,11.769814910269812,,2.7631020735330303e-11,
452000,133.11056923866272,-37.072346061468124,12.977049818310713,-0.01829523582197723,10.011141872406006,2.6738577127456664,0.0025377244531409105,-36.75506113097072,11.769814910269812,,2.7631020735330303e-11,
456000,134.16562461853027,-35.72694969177246,11.447207391063685,-0.011342858678661295,7.625414228439331,2.6755684852600097,0.004300092102494091,-36.75506113097072,11.769814910269812,,2.7631020735330303e-11,
460000,135.2142779827118,-32.674275025725365,9.98142905106203,-0.01322856224514517,6.028334856033325,2.62459077835083,0.005893528595333919,-36.75506113097072,11.769814910269812,,2.7631020735330303e-11,
464000,136.2450623512268,-36.54672813415527,12.339511359447467,-0.016784810915123672,8.900108146667481,2.5816168069839476,0.0033024291275069117,-36.75506113097072,11.769814910269812,,2.7631020735330303e-11,
468000,137.27488446235657,-36.78834293782711,11.886352958211946,-0.019157347961328952,7.554724931716919,2.5536715269088743,0.003807956902543075,-36.75506113097072,11.769814910269812,,2.7631020735330303e-11,
472000,138.31525921821594,-37.29141181707382,10.997884897736123,-0.010928696505958213,9.788823223114013,2.5864572286605836,0.005214425994199701,-36.75506113097072,11.769814910269812,,2.7631020735330303e-11,
476000,139.38233351707458,-36.385596856474876,11.019671058409468,-0.021623151789419336,6.76687536239624,2.673885154724121,0.004388899088371545,-36.75506113097072,11.769814910269812,,2.7631020735330303e-11,
480000,140.43953943252563,-33.92555741965771,11.72528952410416,-0.015093220187118384,6.172245073318481,2.558021402359009,0.004147232379727939,-36.75506113097072,11.769814910269812,,2.7631020735330303e-11,
484000,142.32132005691528,-34.128823801875114,10.70624746117044,-0.014392334765288872,8.458471536636353,2.6065693378448485,0.002119446263532154,-35.58606260921806,11.54748842496965,,2.7631020735330303e-11,
488000,143.39596581459045,-34.84100067615509,11.134107282719278,-0.01321234794473276,8.139661359786988,2.6286237716674803,0.0036388239497318507,-35.58606260921806,11.54748842496965,,2.7631020735330303e-11,
492000,144.50091314315796,-34.39547351002693,11.206121703788007,-0.015803401895798742,7.475847673416138,2.6321245670318603,0.0034760143724270167,-35.58606260921806,11.54748842496965,,2.7631020735330303e-11,
496000,145.51766848564148,-37.020115688443184,10.198662587847021,-0.011172567298635805,10.199666595458984,2.5950844526290893,0.004195474451989867,-35.58606260921806,11.54748842496965,,2.7631020735330303e-11,
500000,146.5307731628418,-32.69214151799679,11.5275180189621,-0.009198360376642078,6.928676652908325,2.608314061164856,0.0063151918351650235,-35.58606260921806,11.54748842496965,,2.7631020735330303e-11,
504000,147.57869029045105,-36.628179386258125,11.784326092394927,-0.01570222632121294,8.139558410644531,2.6303021192550657,0.009921786887571216,-35.58606260921806,11.54748842496965,,2.7631020735330303e-11,
508000,148.61928462982178,-37.422117084264755,9.896175305004318,-0.016511667293496447,6.078589963912964,2.534365701675415,0.002182378292491194,-35.58606260921806,11.54748842496965,,2.7631020735330303e-11,
512000,149.64152002334595,-36.951943188905716,10.92218338463986,-0.015119549561291912,8.606818008422852,2.6510458469390867,0.003169622261702898,-35.58606260921806,11.54748842496965,,2.7631020735330303e-11,
516000,150.67558073997498,-34.33484433591366,10.420492959039821,-0.011528637394774721,5.9083765029907225,2.6069597005844116,0.003099475112685468,-35.58606260921806,11.54748842496965,,2.7631020735330303e-11,
520000,151.74216032028198,-33.51612463593483,10.975950744611733,-0.012141373712336635,7.465571403503418,2.5734886169433593,0.004300579670234584,-35.58606260921806,11.54748842496965,,2.7631020735330303e-11,
524000,153.6883692741394,-34.43804635107517,10.311110204975765,-0.0049031112838346935,7.8239720344543455,2.635471153259277,0.0008779285188937891,-34.565063865389675,11.158508522273904,,2.7631020735330303e-11,
528000,154.73318767547607,-34.074672162532806,10.546742180536905,-0.014011088574770802,8.070626640319825,2.5924786567687987,0.0012784280348569154,-34.565063865389675,11.158508522273904,,2.7631020735330303e-11,
532000,155.77000761032104,-36.006264716386795,11.649594559741384,-0.01822940314048902,6.360069799423218,2.631199359893799,0.0017883559878100642,-34.565063865389675,11.158508522273904,,2.7631020735330303e-11,
536000,156.8203089237213,-37.08398438990116,11.402893087350545,-0.009398106661165074,8.339739513397216,2.563242554664612,0.002929866893449798,-34.565063865389675,11.158508522273904,,2.7631020735330303e-11,
540000,157.85838532447815,-36.85056731104851,12.008896586182084,-0.011209822662640433,7.98830885887146,2.5592119216918947,0.003698084636009291,-34.565063865389675,11.158508522273904,,2.7631020735330303e-11,
544000,158.90032649040222,-33.0301284044981,10.11341138423386,-0.012335767042474011,6.087612009048462,2.5272196531295776,0.0007565822976175696,-34.565063865389675,11.158508522273904,,2.7631020735330303e-11,
548000,159.92018389701843,-37.21378897130489,11.92249812639159,-0.010897970125079138,9.817058753967284,2.583378005027771,0.002000483154482957,-34.565063865389675,11.158508522273904,,2.7631020735330303e-11,
552000,160.87276530265808,-34.84990181028843,10.594029791193941,-0.014840592182474221,7.579725217819214,2.6172462940216064,0.00299506280827333,-34.565063865389675,11.158508522273904,,2.7631020735330303e-11,
556000,161.85809063911438,-35.06614498794079,10.48722275394089,-0.023604943703860036,5.800701570510864,2.5599794149398805,0.005472992005525157,-34.565063865389675,11.158508522273904,,2.7631020735330303e-11,
560000,162.88862919807434,-32.33567933738232,10.469505333132904,-0.015875241370406013,6.632173109054565,2.6115304231643677,0.0010492244880879297,-34.565063865389675,11.158508522273904,,2.7631020735330303e-11,
564000,164.6069619655609,-36.538421124219894,13.249514472605021,-0.01609375219140201,8.217553567886352,2.6103381872177125,0.0014734340649738443,-35.02918493235484,12.057763571799805,,2.7631020735330303e-11,
568000,165.47123646736145,-33.6545786857605,12.421975936201934,-0.0164451473639347,6.110541677474975,2.616917538642883,0.003225291324546564,-35.02918493235484,12.057763571799805,,2.7631020735330303e-11,
572000,166.32391500473022,-35.31446593999863,9.815137409039679,-0.01021561484527771,7.347582817077637,2.589583945274353,0.002457294808118604,-35.02918493235484,12.057763571799805,,2.7631020735330303e-11,
576000,167.16863679885864,-35.056347101926804,11.486383027331417,-0.01640996378008277,8.10600438117981,2.5360413551330567,0.005458921672427097,-35.02918493235484,12.057763571799805,,2.7631020735330303e-11,
580000,168.01540446281433,-34.004142850637436,10.494785924676403,-0.01741431929357349,6.933478212356567,2.5459657430648805,0.0037911169776634777,-35.02918493235484,12.057763571799805,,2.7631020735330303e-11,
584000,169.03231573104858,-30.221432730555534,8.630426588024022,-0.0242434997390955,5.249798011779785,2.5097074031829836,0.008263421431183814,-35.02918493235484,12.057763571799805,,2.7631020735330303e-11,
588000,170.069965839386,-34.968918323516846,9.73861730962972,-0.021064458786044273,6.599661588668823,2.534988355636597,0.001961970424512316,-35.02918493235484,12.057763571799805,,2.7631020735330303e-11,
592000,171.13145804405212,-34.883603647351265,9.714452417867665,-0.010496472821105485,7.0846199035644535,2.52373366355896,0.0025743571412021994,-35.02918493235484,12.057763571799805,,2.7631020735330303e-11,
596000,172.18476748466492,-36.480021223425865,10.608340299116938,-0.0182147346166893,8.479297924041749,2.518359136581421,0.005230477629811503,-35.02918493235484,12.057763571799805,,2.7631020735330303e-11,
600000,173.23757195472717,-34.04190865159035,9.075386970306882,-0.011020699810469381,6.401884317398071,2.5050548553466796,0.0016221301315454185,-35.02918493235484,12.057763571799805,,2.7631020735330303e-11,
604000,175.12849593162537,-32.88229149580002,9.5908579082689,-0.013948860332835444,6.005647325515747,2.4315755367279053,0.003100769029697403,-34.782715445850044,11.152689224632224,,2.7631020735330303e-11,
608000,176.16481018066406,-36.64418691396713,11.397705527913285,-0.017664809243753597,6.207955074310303,2.4646738290786745,0.0023493428000656456,-34.782715445850044,11.152689224632224,,2.7631020735330303e-11,
612000,177.2044713497162,-35.31489358842373,9.264737714212632,-0.01518740585446352,7.39369912147522,2.489029288291931,0.006136197827989231,-34.782715445850044,11.152689224632224,,2.7631020735330303e-11,
616000,178.25472116470337,-34.3503343462944,9.56661832698188,-0.019774142428301267,6.528155899047851,2.5363967418670654,0.004233555900282226,-34.782715445850044,11.152689224632224,,2.7631020735330303e-11,
620000,179.31609916687012,-37.35800665616989,10.417524792908143,-0.016812237277626974,7.07854642868042,2.440441298484802,0.0033343414659611883,-34.782715445850044,11.152689224632224,,2.7631020735330303e-11,
624000,180.3984236717224,-33.7062509059906,11.78701436210162,-0.014478824160061788,5.376960182189942,2.388235092163086,0.0018318040471058338,-34.782715445850044,11.152689224632224,,2.7631020735330303e-11,
628000,181.44754314422607,-34.68089172244072,11.491721298460105,-0.016704911983571956,5.660433101654053,2.3536718130111693,0.004566723436233389,-34.782715445850044,11.152689224632224,,2.7631020735330303e-11,
632000,182.49671292304993,-33.883878991007805,10.080593502278345,-0.018284491349942967,6.503942012786865,2.3333807468414305,0.007013275731660507,-34.782715445850044,11.152689224632224,,2.7631020735330303e-11,
636000,183.57285332679749,-35.70508371293545,11.667754225349373,-0.014675290772691385,7.096695899963379,2.3835938692092897,0.0017882419617381018,-34.782715445850044,11.152689224632224,,2.7631020735330303e-11,
640000,184.61453223228455,-37.88241204619408,11.505322994553346,-0.014515949646243786,8.072996854782104,2.342267966270447,0.00292742297728541,-34.782715445850044,11.152689224632224,,2.7631020735330303e-11,
644000,186.32924056053162,-36.80371895432472,11.580304691119002,-0.014794791798107365,6.6565577507019045,2.31152024269104,0.0021986227888191935,-35.54656017292291,11.781412674007877,,2.7631020735330303e-11,
648000,187.18625569343567,-35.00475546717644,11.285241728329371,-0.020099811180494732,6.8390264987945555,2.28984215259552,0.004722105977358204,-35.54656017292291,11.781412674007877,,2.7631020735330303e-11,
652000,188.0316367149353,-32.721854120492935,10.377035294418468,-0.0141388743114657,6.40936541557312,2.255616807937622,0.006372707133559708,-35.54656017292291,11.781412674007877,,2.7631020735330303e-11,
656000,188.88933277130127,-36.39733526110649,10.622585269332902,-0.0107215384338051,9.888858795166016,2.342182731628418,0.0034936390060465784,-35.54656017292291,11.781412674007877,,2.7631020735330303e-11,
660000,189.72906875610352,-36.95687052607536,10.48568438781369,-0.013734678294043956,7.312930917739868,2.353254723548889,0.0017386848223395646,-35.54656017292291,11.781412674007877,,2.7631020735330303e-11,
664000,190.59175038337708,-36.62785494327545,11.296586881490152,-0.011085392039734864,6.798262882232666,2.3524898290634155,0.0033844297271571123,-35.54656017292291,11.781412674007877,,2.7631020735330303e-11,
668000,191.4345827102661,-31.95332705974579,10.90713751623304,-0.014555738672614105,5.851538276672363,2.3572727918624876,0.0021750074838055244,-35.54656017292291,11.781412674007877,,2.7631020735330303e-11,
672000,192.30616903305054,-35.1884590536356,12.498718575414582,-0.01457062654104071,9.058520317077637,2.2860008001327516,0.0020616901747416705,-35.54656017292291,11.781412674007877,,2.7631020735330303e-11,
676000,193.14230608940125,-37.83783134818077,10.552666656762343,-0.01128263621800576,9.618760204315185,2.268621873855591,0.0008691589818335288,-35.54656017292291,11.781412674007877,,2.7631020735330303e-11,
680000,194.01039624214172,-35.600571781396866,8.559561620049434,-0.01397533432370981,6.237165117263794,2.224249529838562,0.0056840467848815026,-35.54656017292291,11.781412674007877,,2.7631020735330303e-11,
684000,195.74747323989868,-34.51940155029297,10.983058270329238,-0.01278017041366548,8.09793758392334,2.252504014968872,0.002297850127797574,-35.58249497367069,11.42990802387396,,2.7631020735330303e-11,
688000,196.77926468849182,-33.54932416975498,10.562867354155452,-0.017928452468942833,5.726827764511109,2.2926464796066286,0.00400778667681152,-35.58249497367069,11.42990802387396,,2.7631020735330303e-11,
692000,197.82382225990295,-34.7118216753006,11.153851937509883,-0.009760403051157596,6.8447998523712155,2.324903202056885,0.0032443997683003546,-35.58249497367069,11.42990802387396,,2.7631020735330303e-11,
696000,198.86505651474,-36.83351831138134,12.430623069463676,-0.013362710348796103,7.1305704593658445,2.2780582666397096,0.001217809652676749,-35.58249497367069,11.42990802387396,,2.7631020735330303e-11,
700000,199.90472078323364,-35.648347586393356,10.946079304075397,-0.016711232084781,6.407701730728149,2.2230734825134277,0.00783526935148977,-35.58249497367069,11.42990802387396,,2.7631020735330303e-11,
704000,200.89680075645447,-33.95066151022911,10.70583872939384,-0.01918891046801576,5.287397861480713,2.19603054523468,0.0034292023745365443,-35.58249497367069,11.42990802387396,,2.7631020735330303e-11,
708000,201.9418342113495,-33.97925943136215,9.853310053903364,-0.01345971228287084,7.7585447311401365,2.2169678688049315,0.0028392748215701146,-35.58249497367069,11.42990802387396,,2.7631020735330303e-11,
712000,202.99990248680115,-34.06446869671345,11.58663425816947,-0.01852106540091345,5.156665229797364,2.244821619987488,0.004097861394984648,-35.58249497367069,11.42990802387396,,2.7631020735330303e-11,
716000,204.02886080741882,-34.34486861526966,10.569872626868268,-0.013831531388917939,6.224347305297852,2.3116870403289793,0.003005912023130719,-35.58249497367069,11.42990802387396,,2.7631020735330303e-11,
720000,205.07449913024902,-34.48013071715832,10.659506633636157,-0.015475895743351486,7.8519927024841305,2.24088978767395,0.005953224833821877,-35.58249497367069,11.42990802387396,,2.7631020735330303e-11,
724000,206.93625330924988,-34.463716208934784,10.216439274762612,-0.020986649663187595,6.564965295791626,2.2503897190093993,0.008552432950818912,-36.18851649109274,11.660229193615548,,2.7631020735330303e-11,
728000,207.9301414489746,-34.59479962289333,10.568229965230627,-0.012168297636846548,4.898239803314209,2.239175820350647,0.0027802828985150187,-36.18851649109274,11.660229193615548,,2.7631020735330303e-11,
732000,208.84168219566345,-38.95882825553417,11.852659132661193,-0.013380524853710085,7.499689435958862,2.183318614959717,0.0033447259178501555,-36.18851649109274,11.660229193615548,,2.7631020735330303e-11,
736000,209.75008845329285,-36.40774603188038,11.816745953101135,-0.012113144521834318,7.1497844696044925,2.177117371559143,0.005820096266688779,-36.18851649109274,11.660229193615548,,2.7631020735330303e-11,
740000,210.61869406700134,-35.10412356257439,11.81748520212497,-0.012515018390491583,7.490753936767578,2.105690574645996,0.004227943892939945,-36.18851649109274,11.660229193615548,,2.7631020735330303e-11,
744000,211.6073613166809,-35.52056701481342,12.128813755466819,-0.008732919519534477,7.426831817626953,2.1527974367141725,0.008785340958274901,-36.18851649109274,11.660229193615548,,2.7631020735330303e-11,
748000,212.64786219596863,-34.52832879126072,12.166646685836774,-0.017741802277974728,5.867818021774292,2.190555715560913,0.007233522218710231,-36.18851649109274,11.660229193615548,,2.7631020735330303e-11,
752000,213.6816999912262,-34.79054111242294,11.378684542859064,-0.01557341136131436,7.518603563308716,2.1749863147735597,0.0014264388068113477,-36.18851649109274,11.660229193615548,,2.7631020735330303e-11,
756000,214.75980353355408,-35.77794061601162,10.925354510345324,-0.01487598203495144,6.633153867721558,2.139694261550903,0.00904663113760762,-36.18851649109274,11.660229193615548,,2.7631020735330303e-11,
760000,215.8083131313324,-32.80348552763462,11.227936178833273,-0.015168719973415179,7.322067499160767,2.2116748809814455,0.0037454767359886175,-36.18851649109274,11.660229193615548,,2.7631020735330303e-11,
764000,217.6628897190094,-34.54893831908703,11.431831792833856,-0.01655260221427306,6.187008666992187,2.2383341073989866,0.005432709708466099,-36.047495977021754,11.9985477920932,,2.7631020735330303e-11,
768000,218.70181941986084,-36.74406045675278,11.694392794086744,-0.006975892645539705,6.828186798095703,2.246791052818298,0.0018784988089464605,-36.047495977021754,11.9985477920932,,2.7631020735330303e-11,
772000,219.74134421348572,-35.03950548171997,11.464324440154524,-0.015879892031196507,6.628453540802002,2.1863100290298463,0.0037472357202204877,-36.047495977021754,11.9985477920932,,2.7631020735330303e-11,
776000,220.77847027778625,-31.351404279470444,10.815218686786402,-0.01652872521150859,4.37884202003479,2.193253493309021,0.0035109418418723948,-36.047495977021754,11.9985477920932,,2.7631020735330303e-11,
780000,221.83141469955444,-36.01983819156885,11.43536328427692,-0.01299002616479994,8.351842546463013,2.2117236614227296,0.005970587325282395,-36.047495977021754,11.9985477920932,,2.7631020735330303e-11,
784000,222.87359976768494,-34.958280101418495,11.769478333927124,-0.010448677514999893,7.656316089630127,2.157942295074463,0.004354743706062436,-36.047495977021754,11.9985477920932,,2.7631020735330303e-11,
788000,223.90516090393066,-34.267144709825516,11.905188021404134,-0.0212409467631951,6.271742439270019,2.169455146789551,0.004456395551096648,-36.047495977021754,11.9985477920932,,2.7631020735330303e-11,
792000,224.95201325416565,-35.655511289834976,12.218547115199513,-0.00805502923531467,6.434149074554443,2.128055238723755,0.0042261173133738335,-36.047495977021754,11.9985477920932,,2.7631020735330303e-11,
796000,225.97938632965088,-36.398140743374825,13.516808484620118,-0.011942528892541304,7.2143574237823485,2.143665099143982,0.006494106114376336,-36.047495977021754,11.9985477920932,,2.7631020735330303e-11,
800000,227.02413058280945,-34.62195536494255,9.345612071984322,-0.01664110396755856,5.8387998104095455,2.121184206008911,0.006222525784047317,-36.047495977021754,11.9985477920932,,2.7631020735330303e-11,
804000,228.85447931289673,-36.95436663925648,12.60742549597977,-0.015333924144506472,8.068716192245484,2.144552993774414,0.004842965252464637,-35.55173741886392,12.327807194646377,,2.7631020735330303e-11,
808000,229.9044885635376,-36.96952521800995,12.576917510803707,-0.016538776688277766,6.326838445663452,2.0503959178924562,0.007294053304940462,-35.55173741886392,12.327807194646377,,2.7631020735330303e-11,
812000,230.95407056808472,-34.98986020684242,11.044262155452673,-0.015452465564012386,6.747426700592041,2.1016538619995115,0.00405554800236132,-35.55173741886392,12.327807194646377,,2.7631020735330303e-11,
816000,231.9914050102234,-34.414207264781,9.971912575115962,-0.01790769802965233,6.75784649848938,2.087529993057251,0.006727416865760461,-35.55173741886392,12.327807194646377,,2.7631020735330303e-11,
820000,233.0395803451538,-36.97315266728401,12.744989494031286,-0.020272356195375353,6.850400066375732,2.042306351661682,0.006893391061603316,-35.55173741886392,12.327807194646377,,2.7631020735330303e-11,
824000,234.08541560173035,-34.53194625675678,12.459118930035611,-0.012416128998156672,7.331929111480713,2.0560397624969484,0.005626617628149688,-35.55173741886392,12.327807194646377,,2.7631020735330303e-11,
828000,235.14184045791626,-33.78785330057144,11.200232057296486,-0.010103809920838102,6.3832032680511475,2.0784249782562254,0.0022393802253645846,-35.55173741886392,12.327807194646377,,2.7631020735330303e-11,
832000,236.2067587375641,-35.54450581967831,10.810838974701406,-0.013161457631736973,5.94385666847229,2.057433342933655,0.0030175025182543,-35.55173741886392,12.327807194646377,,2.7631020735330303e-11,
836000,237.24792218208313,-35.03698426485062,12.097953532032705,-0.019473923660814664,6.115177917480469,2.1005156517028807,0.001187621593271615,-35.55173741886392,12.327807194646377,,2.7631020735330303e-11,
840000,238.33330512046814,-33.369155168533325,11.57028665518902,-0.013110786406788932,6.881144618988037,2.093627429008484,0.0030678559337393384,-35.55173741886392,12.327807194646377,,2.7631020735330303e-11,
844000,240.05149841308594,-33.761120811104774,9.926815635199858,-0.014265648121188867,6.4144798755645756,2.066815423965454,0.0004995689494535327,-34.749723924323916,11.53148470853212,,2.7631020735330303e-11,
848000,240.89989113807678,-33.554028779268265,11.485830810163717,-0.021969510057941122,6.333708095550537,2.049151802062988,0.009757122002891272,-34.749723924323916,11.53148470853212,,2.7631020735330303e-11,
852000,241.76265597343445,-33.60066436231136,9.880055211614595,-0.014832919569686054,5.571990299224853,2.0044716715812685,0.003232610383536638,-34.749723924323916,11.53148470853212,,2.7631020735330303e-11,
856000,242.61063933372498,-33.346685379743576,11.127199019739757,-0.02108447202574464,5.972907495498657,2.0285552024841307,0.006688686731504312,-34.749723924323916,11.53148470853212,,2.7631020735330303e-11,
860000,243.4599015712738,-35.183961898088455,11.894826782270663,-0.018677792392671044,6.914943981170654,2.0404238939285277,0.004723407665733248,-34.749723924323916,11.53148470853212,,2.7631020735330303e-11,
864000,244.30023908615112,-33.67999593913555,10.845739179282447,-0.018751929515041434,6.140410757064819,1.9765082120895385,0.00933308913372457,-34.749723924323916,11.53148470853212,,2.7631020735330303e-11,
868000,245.1716170310974,-36.60465785861015,10.12423220652742,-0.014452652936335663,6.5233558177947994,1.9556770324707031,0.0076808703031856496,-34.749723924323916,11.53148470853212,,2.7631020735330303e-11,
872000,246.04141688346863,-35.70372432470322,9.021869583381694,-0.015216014149133095,6.610093688964843,1.9471192240715027,0.0017174647658247722,-34.749723924323916,11.53148470853212,,2.7631020735330303e-11,
876000,246.9198935031891,-35.06925913691521,9.367931304248222,-0.012528506835922614,5.964570426940918,1.9078268885612488,0.006641508422093434,-34.749723924323916,11.53148470853212,,2.7631020735330303e-11,
880000,247.77146887779236,-34.399093478918076,10.925413552043617,-0.01811790492758154,7.198627519607544,1.9472223281860352,0.001583392542670481,-34.749723924323916,11.53148470853212,,2.7631020735330303e-11,
884000,249.4578046798706,-31.20448549091816,12.160788783793981,-0.019026837010867846,4.93968243598938,1.8845184922218323,0.00202644492383115,-34.20816499739885,11.512461984466153,,2.7631020735330303e-11,
888000,250.31233644485474,-34.93621861934662,12.35500535135673,-0.02085246445704243,5.260680723190307,1.8787800192832946,0.006401393767737318,-34.20816499739885,11.512461984466153,,2.7631020735330303e-11,
892000,251.16073274612427,-35.75229647755623,11.722600309840745,-0.01812519090715803,5.957331132888794,1.8840276837348937,0.0025232570231310094,-34.20816499739885,11.512461984466153,,2.7631020735330303e-11,
896000,252.01470804214478,-37.059087321162224,12.634631004505321,-0.009260583443334358,9.96491298675537,1.9265053272247314,0.0006027151761372806,-34.20816499739885,11.512461984466153,,2.7631020735330303e-11,
900000,252.86361265182495,-31.918446987867355,10.25698109537353,-0.01246882582909894,4.3771364212036135,1.9556937575340272,0.001042039525054861,-34.20816499739885,11.512461984466153,,2.7631020735330303e-11,
904000,253.72808742523193,-35.045926094055176,10.508343606725882,-0.01766459521371857,6.519974851608277,1.9212409377098083,0.0062888253480196,-34.20816499739885,11.512461984466153,,2.7631020735330303e-11,
908000,254.57246708869934,-33.10670357942581,10.506872065451605,-0.017368065573275082,6.373672866821289,1.8730009555816651,0.0057038913001306035,-34.20816499739885,11.512461984466153,,2.7631020735330303e-11,
912000,255.42457747459412,-35.387997686862946,10.229598758272173,-0.010023697690805466,6.464077425003052,1.9250394105911255,0.0006682653209427514,-34.20816499739885,11.512461984466153,,2.7631020735330303e-11,
916000,256.41892743110657,-32.898853838443756,10.467729841817352,-0.01147904236568138,7.556640005111694,2.0002594709396364,0.00012491541565395892,-34.20816499739885,11.512461984466153,,2.7631020735330303e-11,
920000,257.4503245353699,-33.85158920288086,9.330806772885824,-0.014986374201020248,6.490123510360718,2.066490411758423,0.004195594778982859,-34.20816499739885,11.512461984466153,,2.7631020735330303e-11,
924000,259.31455993652344,-32.570809319615364,11.54301391645506,-0.015425041059032085,4.90841817855835,1.9880389332771302,0.0028844732013676654,-34.10672382963821,11.054506468930564,,2.7631020735330303e-11,
928000,260.35422348976135,-34.84412561357021,10.579656943604478,-0.015033121317625043,6.156262445449829,1.9783503055572509,0.007239296444458887,-34.10672382963821,11.054506468930564,,2.7631020735330303e-11,
932000,261.3806130886078,-33.085001677274704,12.024101795882668,-0.018821499851066646,4.8258764266967775,1.9683075547218323,0.004671818961913132,-34.10672382963821,11.054506468930564,,2.7631020735330303e-11,
936000,262.4090225696564,-38.21109111607075,11.405535741380474,-0.017806760708801404,6.557682704925537,1.994487726688385,0.004119968796148931,-34.10672382963821,11.054506468930564,,2.7631020735330303e-11,
940000,263.4565944671631,-33.455906078219414,8.893141192105997,-0.012839742603478931,6.839280605316162,1.916003167629242,0.001838014755106876,-34.10672382963821,11.054506468930564,,2.7631020735330303e-11,
944000,264.32856011390686,-34.50708691775799,11.16799798946314,-0.01935050819255437,8.998707962036132,1.972839903831482,0.005160148495633621,-34.10672382963821,11.054506468930564,,2.7631020735330303e-11,
948000,265.1933376789093,-34.94140860438347,11.274321798816226,-0.019255885293707208,5.472003507614136,1.9417493104934693,0.0017770588016137623,-34.10672382963821,11.054506468930564,,2.7631020735330303e-11,
952000,266.064551115036,-34.98073568940163,10.660203690509302,-0.0160194892939181,7.009442234039307,1.9012158513069153,0.003159918571356668,-34.10672382963821,11.054506468930564,,2.7631020735330303e-11,
956000,267.13828706741333,-33.103223249316216,11.46675627705383,-0.013223449662094922,4.749371480941773,1.9267057061195374,0.0053843452973524105,-34.10672382963821,11.054506468930564,,2.7631020735330303e-11,
960000,268.20966362953186,-33.14681579172611,11.742079118178891,-0.0217043065521866,6.690174102783203,1.9365367650985719,0.0060458296008873095,-34.10672382963821,11.054506468930564,,2.7631020735330303e-11,
964000,270.11502385139465,-32.816639110445976,10.376008182040056,-0.017074191737919974,3.4698479175567627,1.8850808262825012,0.0032912910799495878,-33.39305282291025,11.662772116929023,,2.7631020735330303e-11,
968000,271.1732134819031,-33.194536820054054,10.750789937027065,-0.015934813598636532,6.2123589515686035,1.9181487321853639,0.004897951928433031,-33.39305282291025,11.662772116929023,,2.7631020735330303e-11,
972000,272.2188673019409,-36.289153307676315,10.807145964958556,-0.022149491757154395,5.535309076309204,1.845817255973816,0.00685703007329721,-33.39305282291025,11.662772116929023,,2.7631020735330303e-11,
976000,273.2599513530731,-33.44590310752392,12.300751856361154,-0.011660362818976821,6.1561863899230955,1.9534468054771423,0.004555459589697363,-33.39305282291025,11.662772116929023,,2.7631020735330303e-11,
980000,274.2986989021301,-31.39376163482666,10.755925128840515,-0.014020304650766802,5.645303201675415,1.9684019804000854,0.002116662692742466,-33.39305282291025,11.662772116929023,,2.7631020735330303e-11,
984000,275.3498206138611,-32.540923699736595,11.022456443967695,-0.015858397179632534,5.66545786857605,2.043305492401123,0.003205315273953602,-33.39305282291025,11.662772116929023,,2.7631020735330303e-11,
988000,276.3932650089264,-32.96341262757778,11.367141723962844,-0.020540996928699328,5.217535877227784,1.9883021473884583,0.0022517359673511093,-33.39305282291025,11.662772116929023,,2.7631020735330303e-11,
992000,277.47806000709534,-31.69384728372097,9.21539539912542,-0.017539077643770717,5.5328278064727785,1.9705750465393066,0.003962552541634068,-33.39305282291025,11.662772116929023,,2.7631020735330303e-11,
996000,278.5700595378876,-34.128270983695984,10.758115436481114,-0.023809862480498812,5.54240984916687,1.9709654927253724,0.005781189686967991,-33.39305282291025,11.662772116929023,,2.7631020735330303e-11,
1000000,279.6662480831146,-32.87632469832897,10.979691698612744,-0.01626219996018321,5.638525199890137,1.96402108669281,0.00796190809807742,-33.39305282291025,11.662772116929023,,2.7631020735330303e-11,
1004000,281.4013102054596,-33.03575053811073,10.835132486760283,-0.012947004462475853,5.662102937698364,1.9716062068939209,0.0016220619226369414,-33.811089830473065,11.60547052365081,,2.7631020735330303e-11,
1008000,282.25354862213135,-33.80640088021755,9.428465769168437,-0.021343066193163375,4.530535459518433,1.9468352794647217,0.010279381691943801,-33.811089830473065,11.60547052365081,,2.7631020735330303e-11,
1012000,283.11527729034424,-34.411362171173096,10.461981105371992,-0.01245059407828375,7.217933988571167,1.924109733104706,0.004955948782619046,-33.811089830473065,11.60547052365081,,2.7631020735330303e-11,
1016000,283.96373677253723,-33.061108872294426,10.203392310326159,-0.017733299833256843,4.49910078048706,1.9343690633773805,0.005762924940790981,-33.811089830473065,11.60547052365081,,2.7631020735330303e-11,
1020000,284.81750535964966,-33.1941174864769,12.994686796563931,-0.01825909997802224,4.612583875656128,1.9496750354766845,0.005210506112634894,-33.811089830473065,11.60547052365081,,2.7631020735330303e-11,
1024000,285.6667585372925,-35.03607356548309,11.46873854617688,-0.011546238130075003,5.504698181152344,1.9426443099975585,0.00188841993096851,-33.811089830473065,11.60547052365081,,2.7631020735330303e-11,
1028000,286.537300825119,-32.356129974126816,11.245025314338857,-0.020461008266545823,4.386865711212158,1.9270689964294434,0.005732297454233049,-33.811089830473065,11.60547052365081,,2.7631020735330303e-11,
1032000,287.41100788116455,-31.3397059738636,10.323158811046927,-0.018047763286158515,4.60809359550476,1.9045869946479796,0.0043191341604105205,-33.811089830473065,11.60547052365081,,2.7631020735330303e-11,
1036000,288.25558137893677,-32.710374891757965,12.444033414923158,-0.013058839865028826,4.953106784820557,1.8857438445091248,0.006070175033528358,-33.811089830473065,11.60547052365081,,2.7631020735330303e-11,
1040000,289.159056186676,-36.04540304839611,10.924517253304808,-0.020737744960933925,5.988419485092163,1.9266191720962524,0.004144915840701202,-33.811089830473065,11.60547052365081,,2.7631020735330303e-11,
1044000,291.0140037536621,-34.911955043673515,9.814763429307092,-0.014853290385100948,4.840439224243164,1.9080108284950257,0.004588088052696548,-33.601968821603805,11.038001207298791,,2.7631020735330303e-11,
1048000,292.0481252670288,-33.392371997237206,10.847421541287362,-0.01021506206179037,5.952883911132813,1.9671891927719116,0.0034965552506037055,-33.601968821603805,11.038001207298791,,2.7631020735330303e-11,
1052000,293.0681641101837,-32.314062654972076,9.673837677988717,-0.015252485491800982,5.01802978515625,2.023232412338257,0.0018124892637133572,-33.601968821603805,11.038001207298791,,2.7631020735330303e-11,
1056000,294.08512353897095,-34.44970253109932,12.124678916297903,-0.010555188169237261,7.3828432083129885,2.030452513694763,0.0038204983866307884,-33.601968821603805,11.038001207298791,,2.7631020735330303e-11,
1060000,295.1440908908844,-33.98575632274151,11.141938727026123,-0.012506083721527972,4.585950660705566,2.0171014070510864,0.001667301098950702,-33.601968821603805,11.038001207298791,,2.7631020735330303e-11,
1064000,296.1982798576355,-32.54408644139767,10.241470195597959,-0.016357225602492687,5.913558292388916,1.9629621863365174,0.004047327325679362,-33.601968821603805,11.038001207298791,,2.7631020735330303e-11,
1068000,297.3054485321045,-33.990500673651695,10.840038794824064,-0.021533186602406218,4.930239343643189,1.9114349603652954,0.0037939088884741067,-33.601968821603805,11.038001207298791,,2.7631020735330303e-11,
1072000,298.3803322315216,-33.81605479121208,10.816519441076492,-0.01783038910990582,5.09638295173645,1.9490585565567016,0.001363419870031013,-33.601968821603805,11.038001207298791,,2.7631020735330303e-11,
1076000,299.4541440010071,-33.32788257300854,11.197026299592634,-0.02013073852378877,4.7880024909973145,1.9386305689811707,0.004094747826457024,-33.601968821603805,11.038001207298791,,2.7631020735330303e-11,
1080000,300.49629521369934,-33.118534445762634,10.012902661226576,-0.005812465573253522,5.578541994094849,1.8414061069488525,0.001976128589827475,-33.601968821603805,11.038001207298791,,2.7631020735330303e-11,
1084000,302.3813433647156,-33.55494639277458,12.139006393216533,-0.019334755294956273,5.21088228225708,1.920925259590149,0.005225121561670676,-33.922545820474625,10.897455694161653,,2.7631020735330303e-11,
1088000,303.44815158843994,-34.10877540707588,10.259781654632663,-0.01404804200772194,5.805687332153321,1.810605001449585,0.003640825471084086,-33.922545820474625,10.897455694161653,,2.7631020735330303e-11,
1092000,304.49327659606934,-34.235880583524704,11.196713144210243,-0.0182415722818114,4.7541368961334225,1.8881889820098876,0.0016312011184636433,-33.922545820474625,10.897455694161653,,2.7631020735330303e-11,
1096000,305.4907958507538,-33.19462172687054,9.782540012385875,-0.011280395278474308,5.918673706054688,1.8505987524986267,0.003999155791010711,-33.922545820474625,10.897455694161653,,2.7631020735330303e-11,
1100000,306.5281593799591,-35.79409256577492,11.551349151220748,-0.015207476161885936,7.675434207916259,1.9644406318664551,0.00227664259437006,-33.922545820474625,10.897455694161653,,2.7631020735330303e-11,
1104000,307.5753128528595,-33.55309069156647,11.002067748842073,-0.01882894058804959,5.538386249542237,1.9606822848320007,0.005783747826353647,-33.922545820474625,10.897455694161653,,2.7631020735330303e-11,
1108000,308.66700410842896,-32.78553035855293,9.218704100288797,-0.020290515511762353,3.465744709968567,1.9465266942977906,0.0031814544869121163,-33.922545820474625,10.897455694161653,,2.7631020735330303e-11,
1112000,309.741224527359,-36.20494210720062,11.476001671322086,-0.010127561867004253,5.518559122085572,1.893296468257904,0.002695041213300997,-33.922545820474625,10.897455694161653,,2.7631020735330303e-11,
1116000,310.80112767219543,-30.82134558260441,10.771390662330205,-0.009586831590859112,5.791791248321533,1.9633166909217834,0.003214121001772563,-33.922545820474625,10.897455694161653,,2.7631020735330303e-11,
1120000,311.8261981010437,-33.32337029278278,11.573784497848232,-0.015315088743343952,6.393061685562134,1.9478202223777772,0.007157328437548216,-33.922545820474625,10.897455694161653,,2.7631020735330303e-11,
1124000,313.7369611263275,-30.368709042668343,9.732903568887787,-0.0119123755064793,4.355005145072937,2.0270387649536135,0.0037283080953638996,-33.255508500151336,10.57648383911743,,2.7631020735330303e-11,
1128000,314.82639622688293,-35.67619872093201,9.928854487348934,-0.017100313358940154,5.276609945297241,1.9614193558692932,0.00865184748545289,-33.255508500151336,10.57648383911743,,2.7631020735330303e-11,
1132000,315.8299376964569,-33.21946224570274,10.464934334991568,-0.014780302612111029,4.824858570098877,1.9275516629219056,0.00559809118718837,-33.255508500151336,10.57648383911743,,2.7631020735330303e-11,
1136000,316.8655352592468,-33.90035942196846,10.467134464210982,-0.02280617519933732,3.8230859279632567,2.009834051132202,0.0016522801914220508,-33.255508500151336,10.57648383911743,,2.7631020735330303e-11,
1140000,317.90642833709717,-32.1505990922451,10.883386021414408,-0.014833125007338844,5.138341093063355,1.9473029255867005,0.006216497035402413,-33.255508500151336,10.57648383911743,,2.7631020735330303e-11,
1144000,318.961629152298,-33.70423844456673,11.940452756685378,-0.010649459035135811,6.699617862701416,1.9510831356048584,0.0053011976238340084,-33.255508500151336,10.57648383911743,,2.7631020735330303e-11,
1148000,320.0053791999817,-33.60969835519791,11.057056789971472,-0.009967203082982401,6.327091217041016,1.9325133085250854,0.003367808530689187,-33.255508500151336,10.57648383911743,,2.7631020735330303e-11,
1152000,320.9993677139282,-35.16254399716854,11.620082273129155,-0.019942339183297,5.558570098876953,1.9302364468574524,0.006054257924552076,-33.255508500151336,10.57648383911743,,2.7631020735330303e-11,
1156000,321.88817620277405,-30.553218007087708,10.758145396813564,-0.021244511536788125,4.563196659088135,1.9163955569267273,0.0024631799780763684,-33.255508500151336,10.57648383911743,,2.7631020735330303e-11,
1160000,322.86357283592224,-31.73175498843193,11.403947465457334,-0.019617051365785267,4.568327808380127,1.8688423871994018,0.006878870635060608,-33.255508500151336,10.57648383911743,,2.7631020735330303e-11,
1164000,324.7362756729126,-35.50613087415695,12.624180885722161,-0.014227594562340507,6.051246690750122,1.8599271416664123,0.0023283163100131787,-32.71915519959293,11.047152420234177,,2.7631020735330303e-11,
1168000,325.73783588409424,-33.93852907419205,12.118924779976389,-0.013033436811994759,5.957593202590942,1.9363205432891846,0.007267366851214252,-32.71915519959293,11.047152420234177,,2.7631020735330303e-11,
1172000,326.7832200527191,-31.022621914744377,9.192231010094051,-0.016963223441736775,5.0439661026000975,1.8886429905891418,0.004566971844295021,-32.71915519959293,11.047152420234177,,2.7631020735330303e-11,
1176000,327.82506704330444,-33.804954782128334,10.991231931811912,-0.016149670467246312,6.44503002166748,1.8373190641403199,0.0051476711640134456,-32.71915519959293,11.047152420234177,,2.7631020735330303e-11,
1180000,328.8774001598358,-35.679211258888245,9.751491528959578,-0.013754136495292002,6.291434717178345,1.8652895212173461,0.004069667443400249,-32.71915519959293,11.047152420234177,,2.7631020735330303e-11,
1184000,329.9225916862488,-32.98427101969719,10.764837075051227,-0.028332104073837395,4.598418951034546,1.815966498851776,0.00808269259170622,-32.71915519959293,11.047152420234177,,2.7631020735330303e-11,
1188000,330.9596507549286,-33.907860934734344,12.088376277556907,-0.010852520169690206,7.157768392562867,1.8195955991744994,0.004842158497194759,-32.71915519959293,11.047152420234177,,2.7631020735330303e-11,
1192000,332.00709319114685,-33.5205892175436,12.63407740117785,-0.014578374214470457,7.928693628311157,1.8382343769073486,0.004422820286941765,-32.71915519959293,11.047152420234177,,2.7631020735330303e-11,
1196000,333.0444781780243,-35.588822826743126,13.35961140654503,-0.01640833845734596,4.682589149475097,1.7915670156478882,0.001297965826233849,-32.71915519959293,11.047152420234177,,2.7631020735330303e-11,
1200000,334.07718992233276,-32.37378953397274,9.988314719128624,-0.019909826241899253,4.776235485076905,1.8221028208732606,0.004240909841610119,-32.71915519959293,11.047152420234177,,2.7631020735330303e-11,
1204000,335.93990302085876,-32.657000944018364,10.962879129810482,-0.01700826785573737,5.290360069274902,1.883743119239807,0.005265251762466505,-32.5154694984667,10.095397092654567,,2.7631020735330303e-11,
1208000,336.97020196914673,-34.0557077229023,13.234229715219703,-0.013686690675560342,5.278568363189697,1.8453672409057618,0.00158154868305429,-32.5154694984667,10.095397092654567,,2.7631020735330303e-11,
1212000,337.9967670440674,-34.313852563500404,11.718410753795222,-0.015134827122557893,5.1973240852355955,1.8821134448051453,0.0059606559155509055,-32.5154694984667,10.095397092654567,,2.7631020735330303e-11,
1216000,339.06217312812805,-34.96866826713085,11.356344248424998,-0.01792429475113728,5.590619039535523,1.8871007561683655,0.005550774745643139,-32.5154694984667,10.095397092654567,,2.7631020735330303e-11,
1220000,340.13599014282227,-34.31848002970219,13.49974819592203,-0.022179713970981573,5.133628845214844,1.8970441937446594,0.010139282729942333,-32.5154694984667,10.095397092654567,,2.7631020735330303e-11,
1224000,341.1743061542511,-33.97730940580368,10.045425321953102,-0.015030890843831024,6.090152311325073,1.8826310157775878,0.004021286077040731,-32.5154694984667,10.095397092654567,,2.7631020735330303e-11,
1228000,342.2427670955658,-33.86102835834026,10.68509958294573,-0.010370517593110052,6.843247652053833,1.7944278240203857,0.0013368965970585122,-32.5154694984667,10.095397092654567,,2.7631020735330303e-11,
1232000,343.23238158226013,-31.857493922114372,10.409780063389542,-0.019266288431361335,4.542505121231079,1.8395640015602113,0.005212715466041118,-32.5154694984667,10.095397092654567,,2.7631020735330303e-11,
1236000,344.28222942352295,-33.61953388154507,10.016568095144914,-0.01796581170242284,5.196697759628296,1.807163166999817,0.0014767197652253649,-32.5154694984667,10.095397092654567,,2.7631020735330303e-11,
1240000,345.29315090179443,-33.165391713380814,10.96715049925824,-0.016067684941459427,4.784095382690429,1.8196357488632202,0.005824529574485471,-32.5154694984667,10.095397092654567,,2.7631020735330303e-11,
1244000,347.2010486125946,-33.613364547491074,11.338952124912423,-0.017770260186865894,6.83847074508667,1.8346038937568665,0.0024754084704909475,-33.47452626284212,10.690187551616056,,2.7631020735330303e-11,
1248000,348.2512137889862,-35.19627830386162,13.918726201999112,-0.016745587188750476,7.913251495361328,1.9274651646614074,0.0040860019821265855,-33.47452626284212,10.690187551616056,,2.7631020735330303e-11,
1252000,349.3015179634094,-32.90898843109608,10.511725110667527,-0.017402958929073085,4.534883213043213,1.8313802242279054,0.001967984513612464,-33.47452626284212,10.690187551616056,,2.7631020735330303e-11,
1256000,350.336722612381,-34.98405849933624,12.221303386214617,-0.01813306264858694,5.826013517379761,1.7223166584968568,0.008661424354649939,-33.47452626284212,10.690187551616056,,2.7631020735330303e-11,
1260000,351.3810622692108,-32.38658933341503,11.67820853900706,-0.012341464008437475,7.062946557998657,1.7904539942741393,0.005740286508807912,-33.47452626284212,10.690187551616056,,2.7631020735330303e-11,
1264000,352.42337942123413,-36.436451464891434,12.280219083340574,-0.016283159934449908,5.848960542678833,1.7592045187950134,0.004352972051128745,-33.47452626284212,10.690187551616056,,2.7631020735330303e-11,
1268000,353.4490237236023,-33.864530593156815,13.069903483561932,-0.018893455902114508,5.58178939819336,1.726801908016205,0.0010058160661719385,-33.47452626284212,10.690187551616056,,2.7631020735330303e-11,
1272000,354.50255274772644,-33.65054336190224,11.00191563022722,-0.01627998711355031,4.863401699066162,1.7988091588020325,0.00421874821820527,-33.47452626284212,10.690187551616056,,2.7631020735330303e-11,
1276000,355.54458141326904,-31.86827813088894,8.974883771214921,-0.020680150609463422,4.43560676574707,1.7808430552482606,0.011380205256864428,-33.47452626284212,10.690187551616056,,2.7631020735330303e-11,
1280000,356.61919808387756,-34.48758518695831,10.458148446578088,-0.017302589949220425,5.073627185821533,1.7354188799858092,0.008338638901594097,-33.47452626284212,10.690187551616056,,2.7631020735330303e-11,
1284000,358.4896092414856,-31.017800226807594,12.11150472994869,-0.01856253155786547,5.164442300796509,1.7660451054573059,0.0002204120100941509,-32.70635792519897,11.567635514414764,,2.7631020735330303e-11,
1288000,359.52770733833313,-29.995045751333237,10.886975631001294,-0.018976417943835266,4.6543773174285885,1.7446288585662841,0.00727507061092183,-32.70635792519897,11.567635514414764,,2.7631020735330303e-11,
1292000,360.5667676925659,-33.6815255433321,12.679137769676394,-0.02194817922264356,4.400793170928955,1.7361184000968932,0.005143681302433834,-32.70635792519897,11.567635514414764,,2.7631020735330303e-11,
1296000,361.60682702064514,-31.9535493850708,10.420715150605396,-0.021453831547871262,4.491401672363281,1.7849232792854308,0.004137420119855939,-32.70635792519897,11.567635514414764,,2.7631020735330303e-11,
1300000,362.64422726631165,-32.15778470039368,9.852190408318876,-0.02067349298018959,4.902885961532593,1.845612108707428,0.0036950222347513773,-32.70635792519897,11.567635514414764,,2.7631020735330303e-11,
1304000,363.6881799697876,-33.16476622223854,11.535894476324941,-0.018806438577361462,3.630007290840149,1.791291558742523,0.01061227141181007,-32.70635792519897,11.567635514414764,,2.7631020735330303e-11,
1308000,364.72605443000793,-33.776613250374794,10.119279496206932,-0.019407147166319128,5.836601400375367,1.8480967283248901,0.005200524055282552,-32.70635792519897,11.567635514414764,,2.7631020735330303e-11,
1312000,365.75806641578674,-33.70760478079319,11.192104120534118,-0.01421256104577342,5.288096618652344,1.7677586197853088,0.0061602921807207165,-32.70635792519897,11.567635514414764,,2.7631020735330303e-11,
1316000,366.7769048213959,-31.30055333673954,10.884467648444573,-0.01221509284013873,4.766795921325683,1.841587781906128,0.0093650346621871,-32.70635792519897,11.567635514414764,,2.7631020735330303e-11,
1320000,367.81510400772095,-33.24120458960533,10.16586101948539,-0.016063492077868436,5.029768943786621,1.832716691493988,0.009499546036124152,-32.70635792519897,11.567635514414764,,2.7631020735330303e-11,
1324000,369.7160425186157,-33.01229965686798,12.1690197799017,-0.007810887360770735,7.881140279769897,1.9769344806671143,0.0021132778264582263,-32.129179302603006,11.459681779096663,,2.7631020735330303e-11,
1328000,370.76871037483215,-32.71345318853855,10.932927810700308,-0.019314297710079663,5.763529872894287,1.8308060050010682,0.006083543645800082,-32.129179302603006,11.459681779096663,,2.7631020735330303e-11,
1332000,371.8052122592926,-33.099778205156326,9.714184925459593,-0.01646272822702304,5.418431806564331,1.8597704410552978,0.0061788328075781385,-32.129179302603006,11.459681779096663,,2.7631020735330303e-11,
1336000,372.83877444267273,-31.10334539413452,10.29805968547638,-0.027647366483695812,3.8880828857421874,1.8979164481163024,0.005240329375490483,-32.129179302603006,11.459681779096663,,2.7631020735330303e-11,
1340000,373.8931691646576,-31.307420134544373,9.95440145383089,-0.018900570871308454,4.178219532966613,1.8301281094551087,0.0038699361641192807,-32.129179302603006,11.459681779096663,,2.7631020735330303e-11,
1344000,374.93851232528687,-31.227370768785477,8.888504793773562,-0.01900663299486034,4.544703960418701,1.8170384764671326,0.008679724262095956,-32.129179302603006,11.459681779096663,,2.7631020735330303e-11,
1348000,375.97945761680603,-31.82506400346756,10.442907334088039,-0.01507710667443476,4.155875706672669,1.8720414638519287,0.003436549589241622,-32.129179302603006,11.459681779096663,,2.7631020735330303e-11,
1352000,377.02169394493103,-33.23447500169277,12.083997384897481,-0.016022467457689336,7.355890703201294,1.8879100203514099,0.0007350906601931939,-32.129179302603006,11.459681779096663,,2.7631020735330303e-11,
1356000,378.0684630870819,-33.36810602247715,11.059823271431666,-0.022013518341816952,4.108826470375061,1.8239933133125306,0.0043304615861270435,-32.129179302603006,11.459681779096663,,2.7631020735330303e-11,
1360000,379.101380109787,-31.943050235509872,10.818979606319822,-0.016167487423866988,4.624553203582764,1.815530574321747,0.007179368355311452,-32.129179302603006,11.459681779096663,,2.7631020735330303e-11,
1364000,380.9604387283325,-33.71574246883392,9.511708084471442,-0.013295583418104861,5.781823635101318,1.6759769916534424,0.0045316675275098636,-32.210682472679764,11.196465391313298,,2.7631020735330303e-11,
1368000,382.00567960739136,-32.044770166277885,10.855392807686329,-0.017163489178754432,4.232466721534729,1.7191351056098938,0.0009333378216142552,-32.210682472679764,11.196465391313298,,2.7631020735330303e-11,
1372000,383.05445861816406,-31.758965641260147,10.53935291619438,-0.017512191618792982,5.3955545902252195,1.7102184414863586,0.0027178088310172654,-32.210682472679764,11.196465391313298,,2.7631020735330303e-11,
1376000,384.10445976257324,-31.600341245532036,11.945659838438957,-0.014064423817442773,6.442669486999511,1.770042324066162,0.0015331994111875246,-32.210682472679764,11.196465391313298,,2.7631020735330303e-11,
1380000,385.1697735786438,-34.28839308023453,11.380709639332578,-0.018201331836171165,4.822443532943725,1.741602325439453,0.0034128267812775447,-32.210682472679764,11.196465391313298,,2.7631020735330303e-11,
1384000,386.2259404659271,-31.70614343881607,10.490185335355193,-0.021299047950655136,4.511864852905274,1.7303769946098329,0.0020537306023761916,-32.210682472679764,11.196465391313298,,2.7631020735330303e-11,
1388000,387.1755805015564,-34.019803032279015,11.984067007530152,-0.013048213497269857,4.279678392410278,1.667569375038147,0.010042914626188448,-32.210682472679764,11.196465391313298,,2.7631020735330303e-11,
1392000,388.0359127521515,-34.31377924978733,10.726429875890314,-0.013678715858608493,6.720770454406738,1.657254433631897,0.004584071392309852,-32.210682472679764,11.196465391313298,,2.7631020735330303e-11,
1396000,388.88311409950256,-29.911734476685524,9.064195816613845,-0.012702459922991682,3.986773419380188,1.662643015384674,0.004071367257041913,-32.210682472679764,11.196465391313298,,2.7631020735330303e-11,
1400000,389.736403465271,-31.218604907393456,11.458486267244249,-0.014542398118413758,4.311304497718811,1.69048969745636,0.007729325932450593,-32.210682472679764,11.196465391313298,,2.7631020735330303e-11,
1404000,391.4134294986725,-32.54322025179863,9.066522044703152,-0.01937140498775989,4.690722179412842,1.6332143068313598,0.004103274982480798,-32.3864909010008,11.633152439594603,,2.7631020735330303e-11,
1408000,392.2640166282654,-30.979159504175186,10.114929865594599,-0.014480584160424836,3.5699259281158446,1.6700048089027404,0.0037494402611628177,-32.3864909010008,11.633152439594603,,2.7631020735330303e-11,
1412000,393.1178262233734,-35.293930262327194,12.356948061615887,-0.01618328676000238,6.183745527267456,1.6171263098716735,0.0015104751813924012,-32.3864909010008,11.633152439594603,,2.7631020735330303e-11,
1416000,393.96408915519714,-34.28563767671585,11.056562433451397,-0.019099998433142897,5.542784976959228,1.6952820301055909,0.005496997479349374,-32.3864909010008,11.633152439594603,,2.7631020735330303e-11,
1420000,394.82935214042664,-32.17145089805126,9.735540610299848,-0.01641179360914986,3.9619356870651243,1.7146678686141967,0.00471831803151872,-32.3864909010008,11.633152439594603,,2.7631020735330303e-11,
1424000,395.83197808265686,-32.881058260798454,9.540974520581374,-0.01313389133010059,4.3227609395980835,1.699979794025421,0.0013378901407122613,-32.3864909010008,11.633152439594603,,2.7631020735330303e-11,
1428000,396.76689076423645,-33.45002554357052,10.868757569916406,-0.00868665179773238,6.2108522891998295,1.672754979133606,0.0026264771557180213,-32.3864909010008,11.633152439594603,,2.7631020735330303e-11,
1432000,397.6756103038788,-31.401052832603455,10.887299239283594,-0.016577288391068378,5.52316517829895,1.7288702368736266,0.005359619448427111,-32.3864909010008,11.633152439594603,,2.7631020735330303e-11,
1436000,398.5163414478302,-33.54144285619259,11.582972676455103,-0.01383633122965695,5.42261905670166,1.6303760886192322,0.005242671424639411,-32.3864909010008,11.633152439594603,,2.7631020735330303e-11,
1440000,399.3677616119385,-31.915085896849632,9.839754400826385,-0.021864322508685287,3.7824228763580323,1.5802728533744812,0.005105749280482996,-32.3864909010008,11.633152439594603,,2.7631020735330303e-11,
1444000,401.03647327423096,-33.918379709124565,13.255626168149291,-0.012722949931863781,5.140996646881104,1.5986210346221923,0.001967410973506048,-32.37204660754651,11.595155286230556,,2.7631020735330303e-11,
1448000,401.9199004173279,-31.60595689713955,10.731307667018596,-0.019585008272901307,4.225321507453918,1.73334459066391,0.0032492337023723116,-32.37204660754651,11.595155286230556,,2.7631020735330303e-11,
1452000,402.97053241729736,-30.30415864288807,10.93068119688869,-0.012666035725735126,5.274702024459839,1.7181870341300964,0.006594063871307299,-32.37204660754651,11.595155286230556,,2.7631020735330303e-11,
1456000,404.0066514015198,-32.48364019393921,11.718012993230234,-0.02043482537195085,3.8273643493652343,1.681254231929779,0.009119932970497758,-32.37204660754651,11.595155286230556,,2.7631020735330303e-11,
1460000,405.0457224845886,-34.805918261408806,11.468566980256554,-0.019766619728878256,5.405059432983398,1.7258310198783875,0.007064310621703043,-32.37204660754651,11.595155286230556,,2.7631020735330303e-11,
1464000,406.10386300086975,-32.92910426855087,11.735759011059454,-0.016008275346364842,4.4686174392700195,1.6950800657272338,0.0066222105305641325,-32.37204660754651,11.595155286230556,,2.7631020735330303e-11,
1468000,407.1538574695587,-32.680575519800186,10.176959320102476,-0.012563203058671224,5.550761747360229,1.6509852051734923,0.004853959326224811,-32.37204660754651,11.595155286230556,,2.7631020735330303e-11,
1472000,408.18869948387146,-33.19708412885666,12.06219260975005,-0.013271892369492022,5.146109104156494,1.657761287689209,0.00023139352025438597,-32.37204660754651,11.595155286230556,,2.7631020735330303e-11,
1476000,409.2272629737854,-33.10519124567509,11.6992464326372,-0.015452388440724451,5.210648107528686,1.6950405716896058,0.004080445074941963,-32.37204660754651,11.595155286230556,,2.7631020735330303e-11,
1480000,410.2574005126953,-34.12712502479553,9.92527951986425,-0.02126507302373648,4.876568841934204,1.644065272808075,0.003905402124859414,-32.37204660754651,11.595155286230556,,2.7631020735330303e-11,
1484000,412.1003613471985,-33.628233060240746,12.521887105839744,-0.013463820027187623,6.288888883590698,1.6826429605484008,0.0048955695029580856,-31.273908548988402,11.314188806541281,,2.7631020735330303e-11,
1488000,413.13756561279297,-33.041620165109634,12.351702400574604,-0.01580086261034026,4.852449798583985,1.6042157053947448,0.005419230210827663,-31.273908548988402,11.314188806541281,,2.7631020735330303e-11,
1492000,414.1866264343262,-32.22948235273361,9.922584943452465,-0.01825955066736782,4.31995542049408,1.6494569778442383,0.0035269302497617895,-31.273908548988402,11.314188806541281,,2.7631020735330303e-11,
1496000,415.25298619270325,-33.66916099190712,11.884164350062244,-0.014547620771452774,5.129347038269043,1.6360350847244263,0.00084098826488479,-31.273908548988402,11.314188806541281,,2.7631020735330303e-11,
1500000,416.30298352241516,-31.504588067531586,11.088076103732215,-0.017480046471580836,5.2930327415466305,1.633820641040802,0.0066568966318154565,-31.273908548988402,11.314188806541281,,2.7631020735330303e-11,
1504000,417.3545365333557,-32.39843627810478,11.35115529983143,-0.013320699357427657,4.334180021286011,1.5600043654441833,0.0018462389223277142,-31.273908548988402,11.314188806541281,,2.7631020735330303e-11,
1508000,418.38419699668884,-31.77030399441719,8.451684443167073,-0.024193560969084517,5.240134191513062,1.5614766120910644,0.006323093451792161,-31.273908548988402,11.314188806541281,,2.7631020735330303e-11,
1512000,419.4256269931793,-31.077702656388283,10.067866054895463,-0.015928548372350627,5.455152750015259,1.5854251503944397,0.003354896797914986,-31.273908548988402,11.314188806541281,,2.7631020735330303e-11,
1516000,420.46976375579834,-30.673059344291687,12.219462058304089,-0.020284993615932834,5.068792724609375,1.5959920763969422,0.007103389385156334,-31.273908548988402,11.314188806541281,,2.7631020735330303e-11,
1520000,421.50783133506775,-31.616651311516762,12.084150294015497,-0.0206767201861366,5.624884128570557,1.6674214720726013,0.006711324200266944,-31.273908548988402,11.314188806541281,,2.7631020735330303e-11,
1524000,423.3465967178345,-32.43072293698788,11.140144138594778,-0.013731126140337224,7.238917207717895,1.6823473572731018,0.003282321321079351,-30.845173300243914,11.143355706693425,,2.7631020735330303e-11,
1528000,424.3789699077606,-31.92253567278385,11.075274578990111,-0.01570909996796388,4.007907104492188,1.6698294878005981,0.0021756114126764816,-30.845173300243914,11.143355706693425,,2.7631020735330303e-11,
1532000,425.4271149635315,-33.02030083537102,9.596726684547566,-0.020804934263229314,4.824545001983642,1.6930759310722352,0.006611348138772755,-30.845173300243914,11.143355706693425,,2.7631020735330303e-11,
1536000,426.4768137931824,-30.226259857416153,9.949640466970346,-0.02096417539566762,3.683023285865784,1.617429757118225,0.002057115116622299,-30.845173300243914,11.143355706693425,,2.7631020735330303e-11,
1540000,427.3808739185333,-31.467183478176594,12.951548153581706,-0.014623672503978025,5.140519857406616,1.6312968134880066,0.00287525926833041,-30.845173300243914,11.143355706693425,,2.7631020735330303e-11,
1544000,428.2357482910156,-33.62674728035927,10.357982818113209,-0.021353094930760718,4.59914755821228,1.73173668384552,0.005574637182871811,-30.845173300243914,11.143355706693425,,2.7631020735330303e-11,
1548000,429.103741645813,-31.611782923340797,9.215507463271134,-0.020905780249275273,4.603495788574219,1.6519252896308898,0.004127416433766485,-30.845173300243914,11.143355706693425,,2.7631020735330303e-11,
1552000,429.93912267684937,-32.51450775563717,10.234996884597903,-0.02000499953702093,5.203985595703125,1.6917412638664246,0.004292174888541922,-30.845173300243914,11.143355706693425,,2.7631020735330303e-11,
1556000,430.8229727745056,-33.923816457390785,12.500444728751345,-0.01426875066291533,7.01693377494812,1.6029451847076417,0.006304191291565076,-30.845173300243914,11.143355706693425,,2.7631020735330303e-11,
1560000,431.71560859680176,-34.364567905664444,11.858104946371379,-0.025512133993208418,4.2221107006073,1.647352969646454,0.007118101100786589,-30.845173300243914,11.143355706693425,,2.7631020735330303e-11,
1564000,433.549884557724,-31.327894777059555,10.891445520873148,-0.02048713967856024,4.378821015357971,1.6897951364517212,0.0045688626441988235,-32.02832775050774,11.687247283488476,,2.7631020735330303e-11,
1568000,434.5961174964905,-31.63663040101528,12.64963512750666,-0.01654615053161983,4.5778600692749025,1.605147612094879,0.003874118437757712,-32.02832775050774,11.687247283488476,,2.7631020735330303e-11,
1572000,435.61953353881836,-32.13804851472378,12.481606629425439,-0.01641024232422934,3.992587614059448,1.608415138721466,0.004223880782956257,-32.02832775050774,11.687247283488476,,2.7631020735330303e-11,
1576000,436.65430665016174,-32.30936823785305,12.06863375289147,-0.017720940046478083,3.983332324028015,1.6375531315803529,0.002016028139041737,-32.02832775050774,11.687247283488476,,2.7631020735330303e-11,
1580000,437.68176794052124,-31.17880381643772,10.036933763786251,-0.012263596665812648,3.9803384065628054,1.6409244537353516,0.004065981542225927,-32.02832775050774,11.687247283488476,,2.7631020735330303e-11,
1584000,438.70544362068176,-34.02936591207981,11.573397567294462,-0.016331938749179285,5.439790344238281,1.645914089679718,0.004275582008995115,-32.02832775050774,11.687247283488476,,2.7631020735330303e-11,
1588000,439.73411321640015,-32.06085513532162,11.001731203167742,-0.017981142912991376,4.707911443710327,1.6553243279457093,0.002430873147022794,-32.02832775050774,11.687247283488476,,2.7631020735330303e-11,
1592000,440.7668950557709,-34.35243275761604,9.348219260025992,-0.020821229519788174,4.339636826515198,1.6987564086914062,0.006603754316223664,-32.02832775050774,11.687247283488476,,2.7631020735330303e-11,
1596000,441.75399255752563,-31.28233963251114,9.52798626868175,-0.02186833864543587,3.3769803762435915,1.6703747868537904,0.006996403829543851,-32.02832775050774,11.687247283488476,,2.7631020735330303e-11,
1600000,442.8124465942383,-34.01039357483387,12.482172308638884,-0.010566741717979333,5.9375162601470945,1.6412458419799805,0.0023639455999945546,-32.02832775050774,11.687247283488476,,2.7631020735330303e-11,
1604000,444.6966154575348,-31.92807151377201,10.733315830105585,-0.010240387182682654,5.299292850494385,1.6709903001785278,0.002458887807733845,-32.31997563317418,11.998501458528986,,2.7631020735330303e-11,
1608000,445.7313153743744,-32.97829312086105,10.920860609165098,-0.01780880858935414,4.380984544754028,1.6867231726646423,0.00497015273652508,-32.31997563317418,11.998501458528986,,2.7631020735330303e-11,
1612000,446.7862946987152,-32.74623826146126,11.374483664841332,-0.014964868754846882,5.134569215774536,1.7564882397651673,0.0018986965529620647,-32.31997563317418,11.998501458528986,,2.7631020735330303e-11,
1616000,447.8324398994446,-31.612221144139767,12.682549047990415,-0.02181775311194354,3.7420587062835695,1.643435800075531,0.0021090251524583437,-32.31997563317418,11.998501458528986,,2.7631020735330303e-11,
1620000,448.88900542259216,-32.42074041068554,10.831252772997424,-0.017207161583472085,5.365517330169678,1.6654052972793578,0.007380921515868976,-32.31997563317418,11.998501458528986,,2.7631020735330303e-11,
1624000,449.91828656196594,-31.693876653909683,11.736716761695437,-0.012183634635293927,5.433384799957276,1.6562705993652345,0.0032865189715521213,-32.31997563317418,11.998501458528986,,2.7631020735330303e-11,
1628000,450.95393800735474,-28.640774860978127,10.432892126129804,-0.019037386395968525,4.828535366058349,1.5850200295448302,0.006036590892384908,-32.31997563317418,11.998501458528986,,2.7631020735330303e-11,
1632000,452.0058207511902,-33.68440654873848,10.501106581445942,-0.015153234778437774,5.965763998031616,1.6846451997756957,0.008608777974964977,-32.31997563317418,11.998501458528986,,2.7631020735330303e-11,
1636000,453.0609874725342,-33.0251285508275,11.182379599005285,-0.01325287700118496,5.737958574295044,1.5961078524589538,0.004299674765090434,-32.31997563317418,11.998501458528986,,2.7631020735330303e-11,
1640000,454.1087727546692,-31.292181864380836,10.343758799724732,-0.01447748041618615,5.423498964309692,1.5156610488891602,0.006020124175061881,-32.31997563317418,11.998501458528986,,2.7631020735330303e-11,
1644000,455.9671964645386,-32.32619318366051,10.90741873444195,-0.01986823786981411,4.741615962982178,1.5499178767204285,0.00666583998774879,-31.394097111653537,10.899996523629806,,2.7631020735330303e-11,
1648000,457.02171206474304,-29.77148027718067,10.229593948762357,-0.017546790475957152,4.741770648956299,1.5406595706939696,0.004458219878142699,-31.394097111653537,10.899996523629806,,2.7631020735330303e-11,
1652000,458.0614755153656,-31.89515796303749,11.987026347547216,-0.020636539971456,6.286295461654663,1.5321741938591003,0.0043509810930117965,-31.394097111653537,10.899996523629806,,2.7631020735330303e-11,
1656000,459.0633087158203,-31.728072464466095,11.218822743150346,-0.018013976638671103,5.363773822784424,1.509545087814331,0.007088377879699692,-31.394097111653537,10.899996523629806,,2.7631020735330303e-11,
1660000,460.08024406433105,-30.6102484613657,9.386487052901467,-0.01940888122422635,4.1822371006011965,1.6123143434524536,0.005311048847332067,-31.394097111653537,10.899996523629806,,2.7631020735330303e-11,
1664000,461.0742497444153,-30.25231796503067,10.383444221663268,-0.020264721690677057,4.543907976150512,1.5576822400093078,0.004565120800281886,-31.394097111653537,10.899996523629806,,2.7631020735330303e-11,
1668000,462.13040709495544,-29.36472511291504,10.36116017948061,-0.01621678755711766,3.271490216255188,1.4733652472496033,0.005906591364648192,-31.394097111653537,10.899996523629806,,2.7631020735330303e-11,
1672000,463.1987450122833,-31.489696726202965,10.84820625857127,-0.018489278869703397,3.809076714515686,1.4794419765472413,0.005289245879976079,-31.394097111653537,10.899996523629806,,2.7631020735330303e-11,
1676000,464.2499248981476,-29.88190469145775,11.338284740373167,-0.01791222907323391,3.74994375705719,1.5580645084381104,0.006670715650776415,-31.394097111653537,10.899996523629806,,2.7631020735330303e-11,
1680000,465.2955572605133,-33.112692065536976,12.112342274375289,-0.013409608418704089,5.089465045928955,1.5227129340171814,0.0024240198428742586,-31.394097111653537,10.899996523629806,,2.7631020735330303e-11,
1684000,467.09109711647034,-32.6488768607378,10.872230949740977,-0.016396657211240395,4.720596647262573,1.5560816049575805,0.007675194113049599,-31.055018813349307,10.629169345500538,,2.7631020735330303e-11,
1688000,468.12228631973267,-30.449685230851173,11.194668002716636,-0.011695404625032112,4.860062313079834,1.4739200949668885,0.005360904752393247,-31.055018813349307,10.629169345500538,,2.7631020735330303e-11,
1692000,469.1386556625366,-31.681608587503433,10.684971551296995,-0.023100080905482167,4.241223311424255,1.533665156364441,0.006130160987231648,-31.055018813349307,10.629169345500538,,2.7631020735330303e-11,
1696000,470.1754295825958,-34.12902893126011,10.230322279532139,-0.020349280002526983,4.815873289108277,1.6053433060646056,0.006590829735341685,-31.055018813349307,10.629169345500538,,2.7631020735330303e-11,
1700000,471.2430410385132,-29.181057892739773,9.834666307309972,-0.021886446010321414,3.7304028987884523,1.5845749020576476,0.004328828369616478,-31.055018813349307,10.629169345500538,,2.7631020735330303e-11,
1704000,472.2971715927124,-32.09444463253021,10.774064681832412,-0.021137250675819886,4.450768709182739,1.5541488766670226,0.007554317422909662,-31.055018813349307,10.629169345500538,,2.7631020735330303e-11,
1708000,473.3593637943268,-34.13391874730587,12.846334389556917,-0.014093754177913097,5.726366710662842,1.582353901863098,0.00904008150100708,-31.055018813349307,10.629169345500538,,2.7631020735330303e-11,
1712000,474.39545726776123,-32.570801481604576,10.685773900797358,-0.017164311088621532,5.3538754940032955,1.5269241213798523,0.006737970674410398,-31.055018813349307,10.629169345500538,,2.7631020735330303e-11,
1716000,475.4593617916107,-34.92362366616726,9.63478324429696,-0.0194502556612715,4.369459819793701,1.5644450306892395,0.006302498692646629,-31.055018813349307,10.629169345500538,,2.7631020735330303e-11,
1720000,476.51182079315186,-32.221549198031425,10.891534710143166,-0.016829009042587197,5.307953548431397,1.482685911655426,0.0019821920664981007,-31.055018813349307,10.629169345500538,,2.7631020735330303e-11,
1724000,478.3915047645569,-31.68078689277172,10.539929024297892,-0.015451539916452007,4.1075685024261475,1.5662835836410522,0.003982598830305406,-31.333739306312054,10.813713097990998,,2.7631020735330303e-11,
1728000,479.4467830657959,-31.479576289653778,10.952635460812333,-0.015638460799585994,5.510539293289185,1.510507071018219,0.005869871780858382,-31.333739306312054,10.813713097990998,,2.7631020735330303e-11,
1732000,480.5164749622345,-32.85843634605408,10.572588043851258,-0.008995216551469554,5.589432239532471,1.4827528834342956,0.006723746110219508,-31.333739306312054,10.813713097990998,,2.7631020735330303e-11,
1736000,481.6239092350006,-32.949182495474815,11.32404808349226,-0.013019917094148603,5.301305103302002,1.6324247479438783,0.001911802747839797,-31.333739306312054,10.813713097990998,,2.7631020735330303e-11,
1740000,482.69424533843994,-32.420604303479195,11.098150288304613,-0.015454429264180369,7.017771816253662,1.5731104016304016,0.0031481888523558154,-31.333739306312054,10.813713097990998,,2.7631020735330303e-11,
1744000,483.78453254699707,-32.560158774256706,11.656907225187755,-0.012360547149553891,6.0613555908203125,1.54436297416687,0.0033357891952618957,-31.333739306312054,10.813713097990998,,2.7631020735330303e-11,
1748000,484.8506979942322,-32.99294009804726,12.151784533931531,-0.011763362256810073,4.52503764629364,1.5856504440307617,0.004420192833640613,-31.333739306312054,10.813713097990998,,2.7631020735330303e-11,
1752000,485.89876985549927,-33.170635506510735,9.80517092143021,-0.023651205102913055,4.515983390808105,1.5939581155776978,0.007001852958637755,-31.333739306312054,10.813713097990998,,2.7631020735330303e-11,
1756000,486.96380949020386,-30.82180742919445,10.426982085135748,-0.020389964663423576,3.6471380949020387,1.6722670555114747,0.003927422350621779,-31.333739306312054,10.813713097990998,,2.7631020735330303e-11,
1760000,488.00930190086365,-31.78039814531803,11.042126447373931,-0.023959850274026362,4.267288255691528,1.5973992586135863,0.005125700181815773,-31.333739306312054,10.813713097990998,,2.7631020735330303e-11,
1764000,489.85868859291077,-32.98165117204189,11.58607441734736,-0.02041008310206216,4.2717149496078495,1.5695307016372682,0.008656194136710838,-31.348538026679307,10.083705084726658,,2.7631020735330303e-11,
1768000,490.9005777835846,-31.059868335723877,9.332916649641637,-0.015344507247675221,3.8413440942764283,1.523236095905304,0.00879565330035983,-31.348538026679307,10.083705084726658,,2.7631020735330303e-11,
1772000,491.92421102523804,-31.327526420354843,9.41905085362158,-0.020916685445699735,3.457556867599487,1.472693717479706,0.009851869384467093,-31.348538026679307,10.083705084726658,,2.7631020735330303e-11,
1776000,492.9713349342346,-27.56386709213257,8.646144145052677,-0.016213787940796465,3.6743160486221313,1.549285924434662,0.005337922497164982,-31.348538026679307,10.083705084726658,,2.7631020735330303e-11,
1780000,494.0318212509155,-32.437338188290596,8.86042897337882,-0.020095941202715118,4.607171583175659,1.536268174648285,0.0027284070817694683,-31.348538026679307,10.083705084726658,,2.7631020735330303e-11,
1784000,495.0908727645874,-30.724901869893074,9.99935519100239,-0.015107275514863438,3.742430400848389,1.4819255352020264,0.002572775660824789,-31.348538026679307,10.083705084726658,,2.7631020735330303e-11,
1788000,496.13461089134216,-31.60902425646782,11.472557803491444,-0.011174957480048753,4.942701530456543,1.5034936547279358,0.0024724359116516936,-31.348538026679307,10.083705084726658,,2.7631020735330303e-11,
1792000,497.18110036849976,-31.986650720238686,12.258381988248246,-0.015639816091395885,5.172178268432617,1.581014382839203,0.004883865669267707,-31.348538026679307,10.083705084726658,,2.7631020735330303e-11,
1796000,498.21744680404663,-31.03425857424736,11.655171790702777,-0.019642881412059054,4.124769234657288,1.5919686913490296,0.006229377058800267,-31.348538026679307,10.083705084726658,,2.7631020735330303e-11,
1800000,499.27698707580566,-30.099101707339287,9.748385874791047,-0.023160337285138687,3.587475228309631,1.5484817981719972,0.00933356623561119,-31.348538026679307,10.083705084726658,,2.7631020735330303e-11,
1804000,501.1926085948944,-31.88620515167713,9.63280692471577,-0.021520945163443717,3.5602436304092406,1.5695036411285401,0.00424068360007368,-30.667514965869486,10.43210973634724,,2.7631020735330303e-11,
1808000,502.19152665138245,-29.381187349557877,9.405531267740116,-0.01882171474676584,3.073263168334961,1.5686945915222168,0.010501413734164088,-30.667514965869486,10.43210973634724,,2.7631020735330303e-11,
1812000,503.23403215408325,-31.763213217258453,13.103826513114955,-0.01823966917954385,4.878122854232788,1.5084251880645752,0.008027644240064547,-30.667514965869486,10.43210973634724,,2.7631020735330303e-11,
1816000,504.2575054168701,-32.46645949780941,10.80937655705319,-0.01254601174476555,4.964269590377808,1.5001563429832458,0.0020759458973770963,-30.667514965869486,10.43210973634724,,2.7631020735330303e-11,
1820000,505.29744601249695,-30.063394591212273,9.051821743091534,-0.013873572339769425,4.168197464942932,1.5629352569580077,0.0043927191203692924,-30.667514965869486,10.43210973634724,,2.7631020735330303e-11,
1824000,506.30443048477173,-31.259946510195732,9.469963094753403,-0.020940900896675885,4.13415834903717,1.41072998046875,0.00915230349637568,-30.667514965869486,10.43210973634724,,2.7631020735330303e-11,
1828000,507.3302445411682,-29.178382724523544,10.323946679291293,-0.017799406872131128,3.449394464492798,1.4517644882202148,0.0044772853085305545,-30.667514965869486,10.43210973634724,,2.7631020735330303e-11,
1832000,508.368679523468,-31.04089054465294,11.456565612040256,-0.01767917241062964,3.682758069038391,1.4853158950805665,0.0036558207939378917,-30.667514965869486,10.43210973634724,,2.7631020735330303e-11,
1836000,509.3894238471985,-32.17173790931702,10.050642322478371,-0.01488453869894144,4.596903514862061,1.4972692608833313,0.00834302731370542,-30.667514965869486,10.43210973634724,,2.7631020735330303e-11,
1840000,510.42402029037476,-31.153282582759857,11.285176826910618,-0.015979202487040302,4.702607202529907,1.473031723499298,0.00925496811978519,-30.667514965869486,10.43210973634724,,2.7631020735330303e-11,
1844000,512.3081867694855,-29.98990312218666,11.263617657056473,-0.0106101611217019,4.78379111289978,1.5024373531341553,0.005291458467952903,-30.213635663036257,9.856554269045597,,2.7631020735330303e-11,
1848000,513.3496100902557,-33.72487263381481,12.880186146557671,-0.016824736347421876,4.556029367446899,1.5898749232292175,0.0037640198366716503,-30.213635663036257,9.856554269045597,,2.7631020735330303e-11,
1852000,514.4052543640137,-32.745008900761604,11.86178492992982,-0.02128646050393588,4.307130241394043,1.4677474856376649,0.0073644966200227206,-30.213635663036257,9.856554269045597,,2.7631020735330303e-11,
1856000,515.4667394161224,-31.39996601641178,10.643175649510457,-0.019592075190507076,4.964316987991333,1.5060854315757752,0.008569085778435691,-30.213635663036257,9.856554269045597,,2.7631020735330303e-11,
1860000,516.5482079982758,-30.987941920757294,11.519594493965666,-0.015756421312689995,4.3538671970367435,1.4741675138473511,0.003372480570396874,-30.213635663036257,9.856554269045597,,2.7631020735330303e-11,
1864000,517.625638961792,-28.246025279164314,9.42941912694458,-0.02476626626215861,3.7227497339248656,1.4393215775489807,0.012902526091085687,-30.213635663036257,9.856554269045597,,2.7631020735330303e-11,
1868000,518.6768410205841,-30.652241066098213,10.436028634862332,-0.023599158342927674,2.878878092765808,1.5222607851028442,0.010909414819441743,-30.213635663036257,9.856554269045597,,2.7631020735330303e-11,
1872000,519.7145671844482,-29.509550124406815,11.872246505700426,-0.014773227268131439,4.274803376197815,1.4858131289482117,0.007215180755592865,-30.213635663036257,9.856554269045597,,2.7631020735330303e-11,
1876000,520.7801582813263,-29.88727693259716,9.055077530162963,-0.01831695101596411,3.1062564849853516,1.5255873441696166,0.009305915517499663,-30.213635663036257,9.856554269045597,,2.7631020735330303e-11,
1880000,521.8691375255585,-31.886471942067146,10.567492561075085,-0.026091900000348733,4.1571002960205075,1.4292397141456603,0.013337268633767963,-30.213635663036257,9.856554269045597,,2.7631020735330303e-11,
1884000,523.8251249790192,-29.978163927793503,12.397727968200995,-0.020012950852513266,3.7919936418533324,1.40052969455719,0.008327554194838526,-29.65411453228444,9.699921545384534,,2.7631020735330303e-11,
1888000,524.8619875907898,-28.421529233455658,10.202328794398971,-0.014055452062282713,5.124748420715332,1.4262693047523498,0.006667039681735321,-29.65411453228444,9.699921545384534,,2.7631020735330303e-11,
1892000,525.9434628486633,-29.531538859009743,9.540486008480999,-0.016948401476256692,2.8082325935363768,1.4752151370048523,0.0046813985235054645,-29.65411453228444,9.699921545384534,,2.7631020735330303e-11,
1896000,526.9837579727173,-32.8248694986105,10.219483563428195,-0.02461626449599876,3.8121463775634767,1.5748719453811646,0.01266779233701527,-29.65411453228444,9.699921545384534,,2.7631020735330303e-11,
1900000,528.0241138935089,-30.84537698328495,10.820211790230303,-0.01659568125475195,4.04311306476593,1.51110759973526,0.011259667151607556,-29.65411453228444,9.699921545384534,,2.7631020735330303e-11,
1904000,529.0542221069336,-30.13501700758934,10.115724142063012,-0.019727095945738248,3.8522931337356567,1.4800917506217957,0.008665806258795783,-29.65411453228444,9.699921545384534,,2.7631020735330303e-11,
1908000,530.0978696346283,-33.431203454732895,10.650464195519046,-0.016600812906865013,5.40010175704956,1.4876971960067749,0.00465132427343633,-29.65411453228444,9.699921545384534,,2.7631020735330303e-11,
1912000,531.1404895782471,-29.6883757263422,11.277956601115052,-0.014342108274809817,3.390561413764954,1.6100319623947144,0.006278224222827688,-29.65411453228444,9.699921545384534,,2.7631020735330303e-11,
1916000,532.2204229831696,-31.281292460858822,11.756811043202362,-0.02175502196326855,4.083041191101074,1.4859983921051025,0.005815208831336349,-29.65411453228444,9.699921545384534,,2.7631020735330303e-11,
1920000,533.2679305076599,-29.40355134010315,10.261910924023926,-0.018016935304738625,3.552392053604126,1.4160462975502015,0.007759151764912531,-29.65411453228444,9.699921545384534,,2.7631020735330303e-11,
1924000,535.1365642547607,-27.23612053692341,9.655449691202234,-0.019007397328503473,2.697505164146423,1.4042762994766236,0.010299638620926999,-29.5046539157629,9.37592274908865,,2.7631020735330303e-11,
1928000,536.2008290290833,-32.255841344594955,9.741178879800982,-0.014224625768139987,4.5150086879730225,1.407516610622406,0.006317364674760029,-29.5046539157629,9.37592274908865,,2.7631020735330303e-11,
1932000,537.2584264278412,-28.079834684729576,11.19199353105095,-0.023162144267000074,4.08072350025177,1.4259293794631958,0.011257604971062384,-29.5046539157629,9.37592274908865,,2.7631020735330303e-11,
1936000,538.3074281215668,-30.63295514881611,9.575476359174882,-0.017531485456973316,3.8508144855499267,1.5187942385673523,0.002757199522340681,-29.5046539157629,9.37592274908865,,2.7631020735330303e-11,
1940000,539.3464426994324,-30.528678089380264,11.566469880796516,-0.015294575454434333,5.015180969238282,1.4513550877571106,0.007438901939895004,-29.5046539157629,9.37592274908865,,2.7631020735330303e-11,
1944000,540.3970549106598,-31.70433534681797,10.620163767207234,-0.016721823366824484,4.896037578582764,1.3938180327415466,0.005534756105043925,-29.5046539157629,9.37592274908865,,2.7631020735330303e-11,
1948000,541.434042930603,-29.497576594352722,10.113129467011355,-0.01783349817153059,5.417346048355102,1.4359298348426819,0.007230772612092551,-29.5046539157629,9.37592274908865,,2.7631020735330303e-11,
1952000,542.4644722938538,-29.87231694161892,9.83615956883001,-0.020549533197656445,3.75549259185791,1.4277369499206543,0.01143035563873127,-29.5046539157629,9.37592274908865,,2.7631020735330303e-11,
1956000,543.4926521778107,-31.29292096197605,9.740355399239647,-0.018166726729832307,4.385129642486572,1.3639309048652648,0.006526831455994397,-29.5046539157629,9.37592274908865,,2.7631020735330303e-11,
1960000,544.530091047287,-31.026261568069458,10.01855224512702,-0.01629903019871577,4.844906377792358,1.453958523273468,0.00902464488334953,-29.5046539157629,9.37592274908865,,2.7631020735330303e-11,
1964000,546.2488417625427,-31.198092833161354,9.88622919417983,-0.012310652608517537,5.643586683273315,1.510262680053711,0.006402511891792528,-29.55357799725607,9.431299302407247,,2.7631020735330303e-11,
1968000,547.2338757514954,-31.534093871712685,11.024793608221009,-0.017118805736303422,2.9230313301086426,1.3849415898323059,0.009203222273378308,-29.55357799725607,9.431299302407247,,2.7631020735330303e-11,
1972000,548.2010023593903,-28.84080871939659,8.882868565657695,-0.01896223955135793,3.6678956270217897,1.4951214790344238,0.006017131473636273,-29.55357799725607,9.431299302407247,,2.7631020735330303e-11,
1976000,549.2107539176941,-29.959629327058792,10.763257875809812,-0.019236129852477458,4.094931244850159,1.541872251033783,0.003811652287608003,-29.55357799725607,9.431299302407247,,2.7631020735330303e-11,
1980000,550.2174799442291,-29.90144795924425,9.179710922054122,-0.019470816816203308,3.9748574256896974,1.487092626094818,0.005931278527714312,-29.55357799725607,9.431299302407247,,2.7631020735330303e-11,
1984000,551.2312331199646,-28.70526711642742,10.671946464376113,-0.016360001256223722,4.6753926277160645,1.5905839681625367,0.0010402478714240716,-29.55357799725607,9.431299302407247,,2.7631020735330303e-11,
1988000,552.2430739402771,-29.124672703444958,9.908824430722701,-0.02072449496574702,3.2451899528503416,1.5884909868240356,0.003914315283298464,-29.55357799725607,9.431299302407247,,2.7631020735330303e-11,
1992000,553.2622249126434,-29.293244518339634,8.876242040253953,-0.013921276159584295,3.2854357719421388,1.523962378501892,0.0038211874692933635,-29.55357799725607,9.431299302407247,,2.7631020735330303e-11,
1996000,554.2753472328186,-29.794703289866447,10.439560729599336,-0.02111294849682599,4.782075834274292,1.4307795405387878,0.011403510498348623,-29.55357799725607,9.431299302407247,,2.7631020735330303e-11,
2000000,555.2978050708771,-29.282173603773117,11.769424251132063,-0.01364068102557212,4.715964078903198,1.400471031665802,0.0034536179476999606,-29.55357799725607,9.431299302407247,,2.7631020735330303e-11,
