global_step,wall_time_s,ep_return_mean,ep_return_std,policy_loss,value_loss,entropy,approx_kl,eval_return_mean,eval_return_std,mean_k,attn_entropy,lagrange_lambda
4000,3.70052170753479,-221.6282730102539,38.64051402773435,-0.0011894483177457005,184.46815643310546,1.5946415305137633,0.00015342009901360144,,,2.301604223251343,1.5769989013671875,0.6870937800407411
8000,6.955418825149536,-223.94767713546753,44.78067988224787,-0.00032486968411831184,195.3166290283203,1.5881120681762695,0.0002294675272423774,,,1.6944792151451111,1.5299553513526916,1.0237417221069334
12000,10.114749193191528,-220.13896417617798,42.26908934281652,-0.0015855622503295308,159.9008575439453,1.5737730741500855,0.0013425547163933515,,,1.3045417070388794,1.4831544160842896,1.134506326913834
16000,13.31374192237854,-221.8661675453186,39.28033369353583,-0.0002206775821832707,134.60907745361328,1.560781228542328,0.0005353887121600564,,,1.1051250338554381,1.4742374897003174,1.104885507822037
20000,16.500953197479248,-216.0037066936493,39.429417021610924,-0.00034621907871041914,88.26279754638672,1.5563596606254577,0.00027752397400035986,,,1.0608333587646483,1.4597660064697267,1.0211230194568635
24000,19.6770601272583,-222.24902844429016,42.69821026423727,-0.0005098148896649946,90.84580078125,1.5556854367256165,0.0002524804713175399,,,1.026520884037018,1.4266368985176086,0.9146876180171966
28000,22.880178928375244,-224.65154433250427,37.162855659048226,-0.0013715723449422511,83.3182601928711,1.578458547592163,0.0010743043181719258,,,1.0166250228881837,1.400973904132843,0.7994376301765446
32000,26.10142183303833,-234.5564479827881,51.40010958114458,0.00012071486580680357,81.63085021972657,1.5698978781700135,0.00030878576053510186,,,1.0082500457763672,1.3350573658943177,0.6786959803104402
36000,29.301647663116455,-224.7550346851349,42.52906231123124,-0.0004831175170693314,76.77087707519532,1.5543307542800904,0.00016631756625429261,,,1.007979190349579,1.385257887840271,0.5576793301105503
40000,32.48501014709473,-224.90984106063843,37.113243819862696,-0.0006234998916625045,51.3641918182373,1.5126509070396423,0.00031263264536391945,,,1.0054375171661376,1.3482856631278992,0.43596892476081894
44000,37.848641872406006,-222.5352944135666,38.191736337310665,-0.00062388617079705,50.06303253173828,1.4890040516853333,0.0006220870680181178,-304.62664522230625,58.94964757788497,1.004812514781952,1.3416741490364075,0.31322935104370175
48000,41.20461368560791,-241.9270899295807,48.308383171619695,-0.0008092393181868829,54.9840648651123,1.485536527633667,0.0013230381009634584,-304.62664522230625,58.94964757788497,1.0038750290870666,1.3067102551460266,0.1901814448833471
52000,44.40721416473389,-214.70365071296692,47.2400938430436,-0.0032339134282665326,52.5008960723877,1.5102466583251952,0.0017364070052281022,-304.62664522230625,58.94964757788497,1.005916690826416,1.343586301803589,0.06753770470619253
56000,47.63711357116699,-216.40304112434387,39.68823318252112,-0.0018114669464921462,39.99586429595947,1.4777584433555604,0.0001909376966068521,-304.62664522230625,58.94964757788497,1.0041875123977662,1.3704666256904603,0.0
60000,50.85760760307312,-224.3400843143463,38.925084099681484,-0.0013269651499285828,46.63302726745606,1.4571475744247437,0.0010121756546141113,-304.62664522230625,58.94964757788497,1.0040000200271606,1.3289878606796264,0.0
64000,54.04554772377014,-241.34506225585938,52.5690859786231,-0.0011247272363107187,56.76567420959473,1.4514460444450379,0.0007641612521183561,-304.62664522230625,58.94964757788497,1.004187524318695,1.2934752225875854,0.0
68000,57.25571370124817,-227.40435934066772,47.443076287639485,-0.002640954425169184,47.82902603149414,1.4669090867042542,0.0023068567548762075,-304.62664522230625,58.94964757788497,1.005750024318695,1.3835471272468567,0.0
72000,60.45116591453552,-231.72053575515747,45.4551302379948,-0.0011169529276230604,43.36915512084961,1.4133304238319397,0.0014443048527027712,-304.62664522230625,58.94964757788497,1.00427086353302,1.3562016129493712,0.0
76000,63.66426420211792,-233.89485597610474,43.01186724929932,-0.0033356312260366394,40.66729736328125,1.4206722021102904,0.004799541644752025,-304.62664522230625,58.94964757788497,1.0037083745002746,1.330430519580841,0.0
80000,66.86393284797668,-232.9989721775055,42.276736749725764,-0.0029502998528187162,35.49627132415772,1.37246071100235,0.0029355325996220927,-304.62664522230625,58.94964757788497,1.0053333401679994,1.3065728783607482,0.0
84000,72.08704137802124,-242.49825406074524,45.07130478467285,-0.0028454936807975175,31.692282295227052,1.2799283146858216,0.004888110753381625,-280.6743458881974,51.65822583047845,1.0040833473205566,1.312467873096466,0.0
88000,75.26752710342407,-241.2007293701172,43.70910561654725,-0.0034910011713236598,38.94354419708252,1.3838356018066407,0.0026552954179351216,-280.6743458881974,51.65822583047845,1.0050625324249267,1.3592081189155578,0.0
92000,78.61031317710876,-254.25073337554932,51.48759663944737,-0.0011391873957109055,53.062384033203124,1.2728901624679565,0.0015129693230846897,-280.6743458881974,51.65822583047845,1.0037291884422301,1.3058727979660034,0.0
96000,81.87079644203186,-239.77289414405823,41.39036102611742,-0.0015742896204756108,30.309409141540527,1.2569083452224732,0.0019897875317838043,-280.6743458881974,51.65822583047845,1.0038125157356261,1.3165460586547852,0.0
100000,85.07672166824341,-247.18856525421143,52.51960223242033,-0.00010999587502737995,37.8835371017456,1.259536337852478,0.0017907434521475807,-280.6743458881974,51.65822583047845,1.0041666865348815,1.2915316343307495,0.0
104000,88.28629326820374,-226.19041109085083,42.39729420750487,-0.0018837030409486033,20.561054611206053,1.224819540977478,0.005741262863739394,-280.6743458881974,51.65822583047845,1.0033958554267883,1.3335377097129821,0.0
108000,91.49094319343567,-244.3314390182495,39.29581268006882,-0.0013588479974714573,28.396489334106445,1.2315556526184082,0.0042367650428786876,-280.6743458881974,51.65822583047845,1.0032708644866943,1.2877356290817261,0.0
112000,94.7153468132019,-246.15036606788635,46.45171737589461,-0.00249778629586217,25.859558486938475,1.210042667388916,0.0032041033198765946,-280.6743458881974,51.65822583047845,1.004437518119812,1.310416030883789,0.0
116000,97.92958807945251,-235.76309466362,37.75533766983223,-0.001650711535330629,32.10410118103027,1.2804620742797852,0.000892378001663019,-280.6743458881974,51.65822583047845,1.0038958549499513,1.3286818981170654,0.0
120000,101.153728723526,-241.41055941581726,42.081248509546015,-0.0005938361180596984,25.62700786590576,1.2363803744316102,0.005358278012135997,-280.6743458881974,51.65822583047845,1.0034167051315308,1.2390746593475341,0.0
124000,106.32345604896545,-237.45424818992615,41.86098077124874,-0.002363443136709975,25.82547073364258,1.3154698729515075,0.00329454141901806,-284.4116685092449,69.58954759739406,1.0028125166893005,1.3201992511749268,0.0
128000,109.53941249847412,-241.50909519195557,41.769779588413456,-0.0017218545021023602,19.902381324768065,1.2012002825737,0.006272443404304795,-284.4116685092449,69.58954759739406,1.0034583568573,1.2605914711952209,0.0
132000,112.75097632408142,-241.0214705467224,36.4632778479198,-0.002208666735350562,31.774314880371094,1.229998230934143,0.004232551553286612,-284.4116685092449,69.58954759739406,1.0031250238418579,1.2400907754898072,0.0
136000,115.94160509109497,-246.6058247089386,43.39760196815069,-0.0019965246639912946,28.55937976837158,1.1670690059661866,0.0034714726214588156,-284.4116685092449,69.58954759739406,1.002791690826416,1.2344616770744323,0.0
140000,119.32155656814575,-247.63135147094727,51.964533969874395,-0.003643025107157882,25.471887397766114,1.2403887867927552,0.003849797829752788,-284.4116685092449,69.58954759739406,1.0042083740234375,1.2428449869155884,0.0
144000,122.53961706161499,-232.00788640975952,34.59023761603193,-0.0026006375439465044,27.19073543548584,1.2691790461540222,0.0030761277659621554,-284.4116685092449,69.58954759739406,1.0042916774749755,1.2468533039093017,0.0
148000,125.61263632774353,-238.62015771865845,45.842221930537015,-0.002201400337435189,35.15247497558594,1.2871496438980103,0.005030772543977946,-284.4116685092449,69.58954759739406,1.003375029563904,1.2275280833244324,0.0
152000,128.62061977386475,-245.60382866859436,54.51349415034196,-0.0016794669019873254,34.945357131958005,1.271975576877594,0.0013059789693215863,-284.4116685092449,69.58954759739406,1.0046875119209289,1.2453096389770508,0.0
156000,131.61554074287415,-227.83308863639832,34.55350536053998,-0.0021359506325097756,25.883355331420898,1.2541214585304261,0.006234559987206012,-284.4116685092449,69.58954759739406,1.004812514781952,1.2783545136451722,0.0
160000,134.8426365852356,-230.65584635734558,40.31988345544371,-0.0022463420484200467,25.17537021636963,1.2184948444366455,0.002001234329873114,-284.4116685092449,69.58954759739406,1.0037500262260437,1.2207085490226746,0.0
164000,140.0234396457672,-241.49852323532104,61.48166388878523,-0.0026747854544737493,40.32218475341797,1.25189608335495,0.003925726178567857,-253.07229913771152,47.55876641348504,1.0053750276565552,1.1768895983695984,0.0
168000,143.23380303382874,-231.3298785686493,37.180475716999425,-0.0028991351806325837,24.77862491607666,1.231377613544464,0.004500437766546383,-253.07229913771152,47.55876641348504,1.005875039100647,1.1932671070098877,0.0
172000,146.46618461608887,-228.44399785995483,35.20805116630861,-0.0038174386565515304,20.635473442077636,1.2479539155960082,0.0017346690699923783,-253.07229913771152,47.55876641348504,1.0039166927337646,1.2050373673439025,0.0
176000,149.70865106582642,-230.65393018722534,38.53911656353507,-0.0024159428547136487,26.586661720275877,1.249384868144989,0.003416897065471858,-253.07229913771152,47.55876641348504,1.004979169368744,1.2000032901763915,0.0
180000,152.9422435760498,-236.27007579803467,38.49428850575755,-0.002708206888928544,23.43846664428711,1.2398794174194336,0.0033457970508607104,-253.07229913771152,47.55876641348504,1.0062708497047423,1.127332055568695,0.0
184000,156.19904899597168,-229.0269341468811,35.31779547028043,-0.0002661575214006007,24.26429977416992,1.253529167175293,0.0024884446378564463,-253.07229913771152,47.55876641348504,1.005020844936371,1.1486059427261353,0.0
188000,159.51568150520325,-242.1531958580017,34.81622000601439,-0.0014182449666350293,23.87354564666748,1.227522373199463,0.006560441479086876,-253.07229913771152,47.55876641348504,1.0043125033378602,1.0802485823631287,0.0
192000,162.78209257125854,-232.58484530448914,38.96846259924316,-0.003438128502602922,26.804010581970214,1.1980016469955443,0.006014667398994788,-253.07229913771152,47.55876641348504,1.004979169368744,1.119884181022644,0.0
196000,166.0474054813385,-233.87536478042603,42.08643443487591,-0.002946246108331252,24.24620876312256,1.1925938963890075,0.005604808485077229,-253.07229913771152,47.55876641348504,1.0053750038146974,1.0662208437919616,0.0
200000,169.30198192596436,-220.9459626674652,38.6690397332317,-0.002699764049611986,28.71095542907715,1.2107351660728454,0.003993740535224788,-253.07229913771152,47.55876641348504,1.0068750143051148,1.1224876761436462,0.0
204000,174.31736969947815,-229.33998465538025,36.99719287382034,-0.0025808463775319978,24.35394992828369,1.2159166932106018,0.006026334216585383,-233.09039763361216,38.90345033331049,1.0063541889190675,1.0841804981231689,0.0
208000,177.51136875152588,-229.881032705307,35.88888251840258,-0.00011300820406177082,30.089596366882326,1.172032105922699,0.024678931618109346,-233.09039763361216,38.90345033331049,1.004479205608368,1.053454613685608,0.0
212000,180.7126443386078,-233.48551416397095,34.93072225948607,-0.0035915393938921623,19.85716323852539,1.138201117515564,0.012768450402654707,-233.09039763361216,38.90345033331049,1.004979169368744,1.0200113654136658,0.0
216000,183.96126103401184,-243.75252509117126,37.8332247474539,-0.00262455363990739,33.824804878234865,1.1439673185348511,0.003241413098294288,-233.09039763361216,38.90345033331049,1.0048333644866942,0.9392545998096467,0.0
220000,187.18855333328247,-237.3685085773468,46.90963883520988,-0.0013678371386049548,42.23746948242187,1.1422134518623352,0.003684616246027872,-233.09039763361216,38.90345033331049,1.0064166903495788,0.9349242210388183,0.0
224000,190.38826942443848,-232.60088801383972,32.38906599004682,-0.005679984727612464,21.75775203704834,1.2186801791191102,0.005290057056117803,-233.09039763361216,38.90345033331049,1.0069583654403687,0.9329785227775573,0.0
228000,193.67630434036255,-240.0868420600891,38.73992947073365,-0.0022036132315406574,25.436355209350587,1.2054800152778626,0.0032410472755145746,-233.09039763361216,38.90345033331049,1.0066042065620422,0.8627725183963776,0.0
232000,196.94425535202026,-232.71025729179382,35.5611317064658,-0.0032797149076941425,25.36757125854492,1.2037161827087401,0.005964510241756216,-233.09039763361216,38.90345033331049,1.0069166898727417,0.9281668066978455,0.0
236000,200.2222785949707,-234.0806736946106,47.25194628539854,-0.004180540679953992,22.90689582824707,1.1866721391677857,0.0027312243240885437,-233.09039763361216,38.90345033331049,1.0070000410079956,0.8446595668792725,0.0
240000,203.45814967155457,-246.32587003707886,37.041553394286225,-0.0026390463637653737,18.59577751159668,1.1416468381881715,0.002685237163677812,-233.09039763361216,38.90345033331049,1.004354190826416,0.7501884341239929,0.0
244000,208.45067381858826,-234.79419922828674,42.937895401259276,-0.003281083900947124,19.474874687194824,1.1612073063850403,0.004235244429582963,-252.99373910576105,41.36022918104678,1.005541694164276,0.8185105741024017,0.0
248000,211.65574431419373,-232.94561004638672,36.96566540913908,-0.0018338519570534118,23.108908653259277,1.1878087639808654,0.0038861904031364247,-252.99373910576105,41.36022918104678,1.0067708492279053,0.8319812774658203,0.0
252000,214.87213277816772,-228.68997383117676,48.67285701377396,-0.0015450230377609842,26.493008613586426,1.2155608415603638,0.003709519625408575,-252.99373910576105,41.36022918104678,1.0063750267028808,0.8074459373950958,0.0
256000,218.10514426231384,-230.51319980621338,43.91078135556765,-0.0040355016913963485,24.08054847717285,1.1876930475234986,0.006918502627411271,-252.99373910576105,41.36022918104678,1.0070833563804626,0.8706712543964386,0.0
260000,221.3362419605255,-235.01884770393372,41.809255349236736,-0.001996107469312847,33.15809440612793,1.2053507447242737,0.004567934136139229,-252.99373910576105,41.36022918104678,1.006041693687439,0.8087551414966583,0.0
264000,224.5427107810974,-223.45078945159912,45.91381505045248,-0.003939546887704637,19.4715934753418,1.174129807949066,0.0017479386966442688,-252.99373910576105,41.36022918104678,1.0056041836738587,0.8629299759864807,0.0
268000,227.75895190238953,-231.1278017759323,47.336204914345025,-0.00427930859150365,26.28345890045166,1.187755024433136,0.0048854616121388975,-252.99373910576105,41.36022918104678,1.006937527656555,0.8126420259475708,0.0
272000,230.9605405330658,-218.86707615852356,38.738888785176556,-0.005125911504728719,24.501782035827638,1.179953968524933,0.006293543253559619,-252.99373910576105,41.36022918104678,1.014875018596649,0.880382913351059,0.0
276000,234.28035616874695,-230.85195302963257,55.58590648971209,-0.0017935430340003222,39.75364952087402,1.1742416143417358,0.003274016035720706,-252.99373910576105,41.36022918104678,1.0078750371932983,0.7613624930381775,0.0
280000,237.46198964118958,-214.90678572654724,46.05424907811115,-0.0030983945878688248,28.08448905944824,1.1767035484313966,0.0035376665997318923,-252.99373910576105,41.36022918104678,1.0116042017936706,0.9166554033756256,0.0
284000,242.57109451293945,-219.42961072921753,38.344853754067366,-0.005029791354900226,27.345663833618165,1.1912935853004456,0.004988296447845641,-224.27289163321257,40.476934762242195,1.0108958601951599,0.9015614509582519,0.0
288000,245.76469564437866,-217.01978063583374,35.96552061828976,-0.0040276302770507755,31.588861846923827,1.208601474761963,0.005422102427110076,-224.27289163321257,40.476934762242195,1.0107083439826965,0.7974741399288178,0.0
292000,248.98280382156372,-230.63465356826782,36.246379096684734,-0.003794856366585009,30.306808280944825,1.230337643623352,0.0043492295255418865,-224.27289163321257,40.476934762242195,1.0105416893959045,0.7670004904270172,0.0
296000,252.1742718219757,-235.50169897079468,40.99353476035019,-0.0037559378339210524,32.52285270690918,1.236609661579132,0.0032759464669652517,-224.27289163321257,40.476934762242195,1.0110833406448365,0.6718857109546661,0.0
300000,255.37439131736755,-227.4168257713318,44.70735699411095,-0.004555972706384637,30.065225410461426,1.227204978466034,0.0057896303333109245,-224.27289163321257,40.476934762242195,1.0108541965484619,0.6368158042430878,0.0
304000,258.56210231781006,-215.8603286743164,39.0721246574801,-0.004693809918535408,18.436147594451903,1.1962875366210937,0.003974654758349061,-224.27289163321257,40.476934762242195,1.0127916932106018,0.6983775556087494,0.0
308000,261.7674345970154,-218.45205330848694,36.03672775887084,-0.0046134500254993325,27.501117706298828,1.172252082824707,0.007275051984470338,-224.27289163321257,40.476934762242195,1.0140000343322755,0.6981391787528992,0.0
312000,264.9898624420166,-217.72174859046936,40.16331372616134,-0.003971544108935632,24.284059715270995,1.2059100151062012,0.006027793400426163,-224.27289163321257,40.476934762242195,1.0139167070388795,0.6269779443740845,0.0
316000,268.2488350868225,-222.65652585029602,37.826559116886195,-0.004353961168089881,31.169977951049805,1.2166881203651427,0.0057891564560122784,-224.27289163321257,40.476934762242195,1.0121041893959046,0.5677377820014954,0.0
320000,271.53180050849915,-218.14237332344055,32.069519133731816,-0.0037915365617664067,18.795651054382326,1.2303070306777955,0.004475991020444781,-224.27289163321257,40.476934762242195,1.0104166865348816,0.5689441084861755,0.0
324000,276.9312393665314,-216.7751383781433,39.977804531675325,-0.00212181225506356,33.02861557006836,1.2590009927749635,0.004486190994794015,-226.73387560248375,39.47759790605056,1.0132708430290223,0.5067175328731537,0.0
328000,280.1716277599335,-218.05038905143738,34.842470016718316,-0.004212550770898815,32.18649845123291,1.230058240890503,0.0027849153651914095,-226.73387560248375,39.47759790605056,1.0141875267028808,0.5011580526828766,0.0
332000,283.35279083251953,-227.11067080497742,49.98993559679291,-0.004797414029599168,34.26083354949951,1.2516215085983275,0.005757569707930088,-226.73387560248375,39.47759790605056,1.0128125190734862,0.4121493220329285,0.0
336000,286.5691783428192,-225.28199815750122,45.527176970008846,-0.004790618788683787,39.01669006347656,1.2319895148277282,0.005558531999122351,-226.73387560248375,39.47759790605056,1.0090208530426026,0.42340017259120943,0.0
340000,289.78930735588074,-219.7382094860077,41.422565412083685,-0.0032337205106159673,30.434535217285156,1.2291569590568543,0.0055574929574504495,-226.73387560248375,39.47759790605056,1.0137916803359985,0.40392758548259733,0.0
344000,292.9874920845032,-208.83370971679688,32.55151615559385,-0.003507582217639538,19.58773250579834,1.2478838086128234,0.003852364927297458,-226.73387560248375,39.47759790605056,1.013937520980835,0.4304083973169327,0.0
348000,296.19519233703613,-210.37635469436646,35.722739997097406,-0.0032157680747332052,27.3999267578125,1.2460631251335144,0.003626689506927505,-226.73387560248375,39.47759790605056,1.0095833659172058,0.3549173265695572,0.0
352000,299.399808883667,-203.9613950252533,34.80194343104017,-0.004012279488961212,34.21840534210205,1.213668668270111,0.003977847978239879,-226.73387560248375,39.47759790605056,1.0115208625793457,0.40936575531959535,0.0
356000,302.61778259277344,-211.42852544784546,33.50853507785659,-0.003674242613487877,36.568457412719724,1.2317179679870605,0.0031026070791995153,-226.73387560248375,39.47759790605056,1.010812509059906,0.3352049797773361,0.0
360000,305.8487391471863,-215.37051582336426,44.91161474341819,-0.0026723725652118445,36.349457550048825,1.239574670791626,0.0008433154056547209,-226.73387560248375,39.47759790605056,1.0145833611488342,0.42394151389598844,0.0
364000,310.859343290329,-207.36631083488464,28.984277467305944,-0.004385242788703181,32.70773506164551,1.2208655595779419,0.0050439407408703115,-204.27677157521248,33.542394864712264,1.0101458787918092,0.34506197571754454,0.0
368000,314.1669383049011,-206.71504664421082,33.17333483017035,-0.0035485209024045616,31.238719177246093,1.1901400327682494,0.00565052378224209,-204.27677157521248,33.542394864712264,1.0140833616256715,0.35219181776046754,0.0
372000,317.4272472858429,-208.14657545089722,33.56856005164774,-0.004158667620504275,28.985205459594727,1.2112117886543274,0.0026174615835770965,-204.27677157521248,33.542394864712264,1.0118958830833436,0.3215391308069229,0.0
376000,320.67440247535706,-204.7337486743927,29.012211087196654,-0.004055891613552376,35.23042297363281,1.2004405736923218,0.0025822795869316906,-204.27677157521248,33.542394864712264,1.0100000143051147,0.298080188035965,0.0
380000,323.94556999206543,-208.2333526611328,30.804529732233405,-0.0051549315350712275,34.25143737792969,1.1966192603111268,0.0030871773313265296,-204.27677157521248,33.542394864712264,1.0103958606719972,0.2908574312925339,0.0
384000,327.17118644714355,-211.6349105834961,38.10602587573569,-0.0025893939346133266,32.13479843139648,1.2206513047218324,0.00029268889065861006,-204.27677157521248,33.542394864712264,1.013645875453949,0.30651315450668337,0.0
388000,330.37213802337646,-204.40621662139893,30.864524950483332,-0.004518648919474799,22.749479675292967,1.2002514004707336,0.002530176512664184,-204.27677157521248,33.542394864712264,1.0130416989326476,0.3226302355527878,0.0
392000,333.63290762901306,-208.1927468776703,35.698767264504795,-0.004279395989578915,31.692783737182616,1.2027078032493592,0.005614812165003968,-204.27677157521248,33.542394864712264,1.0157500147819518,0.2947958320379257,0.0
396000,336.887344121933,-205.40696382522583,39.009696305993515,-0.0044294429859292,24.67013473510742,1.245580506324768,0.003194831672590226,-204.27677157521248,33.542394864712264,1.015333354473114,0.2891434788703918,0.0
400000,339.96599531173706,-219.3471429347992,34.422348008082324,-0.003909804037539289,36.67623863220215,1.2112425208091735,0.005286334617994726,-204.27677157521248,33.542394864712264,1.0105417013168334,0.282957050204277,0.0
404000,344.8535649776459,-210.18610954284668,33.445166901660386,-0.004402257457968517,21.063698768615723,1.246819794178009,0.002357846342783887,-223.1876384317875,33.64573848870672,1.0143542170524598,0.24191316962242126,0.0
408000,348.0701253414154,-215.231618642807,42.33009668060197,-0.0026549764028459323,36.854138946533205,1.236842691898346,0.003238290909212083,-223.1876384317875,33.64573848870672,1.0154375076293944,0.26969107091426847,0.0
412000,351.3708117008209,-211.99720525741577,32.49957498916651,-0.005051041724800598,24.96457748413086,1.2313666701316834,0.0040053294724202715,-223.1876384317875,33.64573848870672,1.0145208716392518,0.26158382296562194,0.0
416000,354.58263182640076,-208.7507243156433,29.687465505169047,-0.005039845993997006,29.15925350189209,1.2279399156570434,0.005599292600527406,-223.1876384317875,33.64573848870672,1.0160416841506958,0.3103839010000229,0.0
420000,357.8004512786865,-202.05406630039215,35.74207891498025,-0.0036310542374849318,40.94122657775879,1.2095645427703858,0.005325683404225856,-223.1876384317875,33.64573848870672,1.0155208468437196,0.35032194256782534,0.0
424000,361.07109808921814,-202.4057183265686,33.70707701208515,-0.0054361413436708975,35.872321701049806,1.231414222717285,0.0027055301688960753,-223.1876384317875,33.64573848870672,1.012000036239624,0.27379601299762724,0.0
428000,364.2521572113037,-199.85327005386353,32.58832119274288,-0.005820179964939598,24.537340927124024,1.2062350511550903,0.004801820445572957,-223.1876384317875,33.64573848870672,1.0196250438690186,0.29447697699069975,0.0
432000,367.4725089073181,-206.7032115459442,38.00279006997926,-0.0030519300074956846,37.272634506225586,1.222880518436432,0.002378523992956616,-223.1876384317875,33.64573848870672,1.0140416741371154,0.29906960129737853,0.0
436000,370.72667622566223,-208.49473404884338,39.947127142725876,-0.00618173957336694,33.861008644104004,1.1875156044960022,0.005295578890945762,-223.1876384317875,33.64573848870672,1.0133333563804627,0.2727673202753067,0.0
440000,373.98338532447815,-205.9618101119995,37.55040834886626,-0.0029356551080127248,36.1041618347168,1.2092635989189149,0.00185259674617555,-223.1876384317875,33.64573848870672,1.0147083520889282,0.2793972671031952,0.0
444000,378.99394845962524,-210.35407781600952,42.964947267734594,-0.001884773708297871,41.961626815795896,1.2126451969146728,0.0035260574950370938,-215.61907992511988,35.4911037730922,1.0176666975021362,0.25713651180267333,0.0
448000,382.1942529678345,-204.116757273674,35.57290858750404,-0.003423865528748138,39.14292869567871,1.2343682289123534,0.0053756694192998115,-215.61907992511988,35.4911037730922,1.013729178905487,0.2912011444568634,0.0
452000,385.3857362270355,-200.46016883850098,39.92100767799148,-0.004204057695460506,35.17883377075195,1.2172253608703614,0.001532113057328388,-215.61907992511988,35.4911037730922,1.0130000233650207,0.27600344121456144,0.0
456000,388.6058030128479,-208.17414462566376,35.895008361314275,-0.0033537431209879286,38.54429244995117,1.2452303647994996,0.0036793134291656314,-215.61907992511988,35.4911037730922,1.01693754196167,0.29705256819725034,0.0
460000,391.86673951148987,-202.15445220470428,34.31438413805205,-0.004356514778919518,37.88306350708008,1.3052016139030456,0.004932095791446045,-215.61907992511988,35.4911037730922,1.0167083382606505,0.279420930147171,0.0
464000,395.0425021648407,-206.68581080436707,44.75908370146157,-0.00660642544626171,45.08617401123047,1.3016911625862122,0.00250935062103963,-215.61907992511988,35.4911037730922,1.0166458487510681,0.2957642495632172,0.0
468000,398.22488951683044,-208.78291130065918,37.90089685294711,-0.002625204790820135,49.49487228393555,1.3166617631912232,0.0008920153848521295,-215.61907992511988,35.4911037730922,1.0170000195503235,0.29578129649162294,0.0
472000,401.4395658969879,-202.45781922340393,37.24819973490684,-0.0034246783492562828,44.63022880554199,1.2674998044967651,0.0054197266756091265,-215.61907992511988,35.4911037730922,1.013770866394043,0.26001487076282503,0.0
476000,404.65649461746216,-201.61070084571838,35.820127235218706,-0.0028456475702114403,35.72562370300293,1.2739478826522828,0.00369885575491935,-215.61907992511988,35.4911037730922,1.0105833530426025,0.2905882567167282,0.0
480000,407.8599190711975,-209.25208139419556,46.034365083154775,0.0008012329577468336,47.03153419494629,1.2454995155334472,0.0019667464192025365,-215.61907992511988,35.4911037730922,1.0165833711624146,0.25839461386203766,0.0
484000,412.83724212646484,-204.3945336341858,36.237846145690554,-0.0052428364142542705,35.22249164581299,1.2811485052108764,0.004199496872024611,-220.59359489381313,48.8950181332243,1.0118541955947875,0.2748689353466034,0.0
488000,415.9939203262329,-198.5639111995697,30.572543991097767,-0.003010268651996739,42.63810501098633,1.272690749168396,0.004213003918994218,-220.59359489381313,48.8950181332243,1.0117916941642762,0.22381926625967025,0.0
492000,419.178480386734,-198.79382705688477,28.46466744376895,-0.0032589375208772254,36.79455375671387,1.2487422227859497,0.002914179963408969,-220.59359489381313,48.8950181332243,1.011312520503998,0.2446504905819893,0.0
496000,422.39399003982544,-208.38796138763428,36.27234890098453,-0.005335792400001082,40.29869041442871,1.2505419254302979,0.005169055260194,-220.59359489381313,48.8950181332243,1.0140208721160888,0.16288924366235732,0.0
500000,425.6076567173004,-206.7440254688263,40.85016297789868,-0.0023791556581272745,38.500617599487306,1.23973491191864,0.0019536502717528493,-220.59359489381313,48.8950181332243,1.012625014781952,0.22777983248233796,0.0
504000,428.785870552063,-207.64420688152313,38.284446000946566,-0.002495719671514962,48.054755783081056,1.2055522799491882,0.003773472277680412,-220.59359489381313,48.8950181332243,1.0176458477973938,0.1938253477215767,0.0
508000,432.0122721195221,-205.04158115386963,42.124509121007755,-0.0029986357025336475,45.67009086608887,1.18404723405838,0.002969263220438734,-220.59359489381313,48.8950181332243,1.0110208511352539,0.20696655958890914,0.0
512000,435.2504885196686,-201.92628586292267,33.86014835226562,-0.0027309518758556806,42.96425437927246,1.1021977186203002,0.003931482401094399,-220.59359489381313,48.8950181332243,1.0113958716392517,0.2400992527604103,0.0
516000,438.47429060935974,-201.9668483734131,30.989175402076242,-0.004929665179224685,44.554464721679686,1.1286511182785035,0.005000727716833353,-220.59359489381313,48.8950181332243,1.012083351612091,0.2843180149793625,0.0
520000,441.7015781402588,-198.023681640625,40.05223023745133,-0.005687673509237356,35.9702865600586,1.1329321146011353,0.0052610124577768145,-220.59359489381313,48.8950181332243,1.009000039100647,0.24969967901706697,0.0
524000,446.7113137245178,-188.63043415546417,27.148794216771172,-0.004968435775663238,38.16941871643066,1.153223419189453,0.004931262080208399,-205.32819809019566,31.70893532366235,1.0117708563804626,0.2261391207575798,0.0
528000,449.90398955345154,-191.3824348449707,36.18870048250629,-0.004033151877229102,43.47488555908203,1.1148874640464783,0.002732444830712666,-205.32819809019566,31.70893532366235,1.009125018119812,0.22912143617868425,0.0
532000,453.0979688167572,-197.3384575843811,32.429321495068756,-0.004586696984188165,33.853237342834475,1.1360754132270814,0.0034665847022552045,-205.32819809019566,31.70893532366235,1.0179375171661378,0.2552444368600845,0.0
536000,456.2705955505371,-195.10927414894104,33.101595259830546,-0.0004979079698387068,49.09221420288086,1.1027556300163268,0.0054635929875075815,-205.32819809019566,31.70893532366235,1.0131667017936707,0.22447373270988463,0.0
540000,459.5013020038605,-196.64479994773865,42.931674809515286,-0.0033212185837328432,40.7769889831543,1.0441134214401244,0.0033997734375589062,-205.32819809019566,31.70893532366235,1.0120833754539489,0.23706553727388383,0.0
544000,462.7316915988922,-195.26023316383362,34.615809734514144,-0.0029143398074666037,40.14211769104004,1.089932918548584,0.004042256367392838,-205.32819809019566,31.70893532366235,1.0151041626930237,0.2099604547023773,0.0
548000,465.9359850883484,-186.84612202644348,33.80451269436627,-0.0038381522841518744,40.17214469909668,1.082445001602173,0.0010610220822854898,-205.32819809019566,31.70893532366235,1.012750005722046,0.20877758860588075,0.0
552000,469.2120795249939,-196.17249393463135,34.22555136805984,-0.004589301274972968,37.37660102844238,1.0177329063415528,0.0033632430306170134,-205.32819809019566,31.70893532366235,1.0150624990463257,0.2001280128955841,0.0
556000,472.4401173591614,-196.86009395122528,34.44952892896081,-0.0032489849931153004,39.8363151550293,1.0960962295532226,0.004764990104013123,-205.32819809019566,31.70893532366235,1.0115416884422301,0.22126907408237456,0.0
560000,475.65515971183777,-191.0015685558319,28.660600688717643,-0.004277442437160062,33.25312614440918,1.0484650135040283,0.003933051484636962,-205.32819809019566,31.70893532366235,1.0123125195503235,0.1933748498558998,0.0
564000,480.61715030670166,-197.63337683677673,35.02583182041674,-0.0018335655651753769,50.14134063720703,0.9546312034130097,0.0014593421990866772,-201.42032407224178,34.52500479502811,1.0115417003631593,0.19186357110738755,0.0
568000,483.8211832046509,-185.10283386707306,37.27759856597703,-0.004737814972031629,52.60389785766601,1.1451414108276368,0.0037350938422605396,-201.42032407224178,34.52500479502811,1.0121458649635315,0.2684623450040817,0.0
572000,486.99227952957153,-190.58802819252014,37.425772029786835,-0.004025565735355485,49.80638313293457,1.1222630143165588,0.0015570817602565512,-201.42032407224178,34.52500479502811,1.0155624985694884,0.1930247962474823,0.0
576000,490.1771001815796,-193.1667549610138,29.200446530182873,-0.0033026604563019648,55.93990974426269,1.0619106888771057,0.005401236910256557,-201.42032407224178,34.52500479502811,1.0144791960716248,0.25316684544086454,0.0
580000,493.35413455963135,-183.263885140419,29.70378144394739,-0.0028260996186872944,41.902348327636716,1.0439689755439758,0.0035052059858571736,-201.42032407224178,34.52500479502811,1.0126875281333922,0.21463946998119354,0.0
584000,496.56462121009827,-193.34794545173645,30.06955222175341,-0.004621647112071514,42.35826187133789,1.0732630848884583,0.005590615101391449,-201.42032407224178,34.52500479502811,1.0145416855812073,0.23596830070018768,0.0
588000,499.7873954772949,-193.24031257629395,39.55427455427508,-0.0021857115338207223,44.36266593933105,0.9984943747520447,0.0016783644212409854,-201.42032407224178,34.52500479502811,1.0127708673477174,0.2017556682229042,0.0
592000,502.9594371318817,-190.32120060920715,27.573029325303697,-0.0019462236043182202,42.6539966583252,1.0426560997962953,0.0026439314257004297,-201.42032407224178,34.52500479502811,1.0127499938011169,0.2315426543354988,0.0
596000,506.1701271533966,-190.7800316810608,27.018280011826757,-0.003331152626196854,41.42610549926758,1.0726432919502258,0.004286196222528816,-201.42032407224178,34.52500479502811,1.0170416831970215,0.25263956785202024,0.0
600000,509.42070174217224,-192.22653794288635,32.555661216928286,-0.005209760903380811,35.484963989257814,1.0678200483322144,0.005241246525838505,-201.42032407224178,34.52500479502811,1.0165625214576721,0.22677957117557526,0.0
604000,514.4538478851318,-203.58252680301666,42.29734922499137,-0.0032570090144872664,35.41570224761963,1.059017503261566,0.005025983676750912,-194.49843975156546,36.63201078115196,1.0123750209808349,0.21523049473762512,0.0
608000,517.6341319084167,-192.6434919834137,37.97769390020755,-0.0036651330810855143,33.2774694442749,1.0877978324890136,0.0036334563919808716,-194.49843975156546,36.63201078115196,1.0150416851043702,0.18388826996088029,0.0
612000,520.8306233882904,-195.86200630664825,34.93490287003848,-0.0034900915226899086,38.59599647521973,0.9578442513942719,0.004239308249088936,-194.49843975156546,36.63201078115196,1.0115833640098573,0.20025106519460678,0.0
616000,524.0021696090698,-201.49432110786438,34.949298617500595,-0.003774868423352018,40.26220054626465,1.0133922338485717,0.0020312979511800224,-194.49843975156546,36.63201078115196,1.0098542094230651,0.18540316969156265,0.0
620000,527.2056260108948,-194.8104521036148,32.03424116754472,-0.0036792758299270647,36.55139694213867,0.9784180641174316,0.003952652716543525,-194.49843975156546,36.63201078115196,1.01245836019516,0.18748365044593812,0.0
624000,530.2881498336792,-200.7445820569992,42.74703533910961,-0.0036146093450952323,46.34772491455078,0.9899860978126526,0.0028225245943758635,-194.49843975156546,36.63201078115196,1.013312542438507,0.15090250521898269,0.0
628000,533.2832500934601,-195.4320297241211,30.489789639677237,-0.002693289757007733,38.69064788818359,1.0302756786346436,0.0033136193291284145,-194.49843975156546,36.63201078115196,1.0085833430290223,0.15931982547044754,0.0
632000,536.3665642738342,-191.86184763908386,30.92034786451855,-0.005206065111906355,32.07621517181396,0.974606454372406,0.0030143304888042622,-194.49843975156546,36.63201078115196,1.0119583487510682,0.14139409810304643,0.0
636000,539.3863768577576,-191.70028233528137,30.39916171949913,-0.005058578088937793,34.96853446960449,1.0472545981407166,0.004659355740295723,-194.49843975156546,36.63201078115196,1.0119583487510682,0.17449663132429122,0.0
640000,542.4325788021088,-196.43123483657837,30.647540253610728,-0.004427099060558248,31.608534049987792,1.0432210206985473,0.004598061292199418,-194.49843975156546,36.63201078115196,1.0092291951179504,0.17084818482398986,0.0
644000,547.4723472595215,-191.32449913024902,28.492484870701265,-0.004194142878986895,33.64708023071289,0.9938710510730744,0.004102148071615375,-194.76521049439907,33.277835014745584,1.0127500295639038,0.14274183958768843,0.0
648000,550.7029273509979,-201.23885345458984,33.67616310089493,-0.002875662627229758,36.68442611694336,0.9969701528549194,0.0035781431797659025,-194.76521049439907,33.277835014745584,1.0112500190734863,0.14503537118434906,0.0
652000,553.9423553943634,-200.7520775794983,36.30837420166042,-0.0052578142480342645,47.861861038208005,0.9866634666919708,0.004352158290566876,-194.76521049439907,33.277835014745584,1.0149375319480896,0.16676634103059768,0.0
656000,557.1332802772522,-191.404554605484,27.79222952577584,-0.005431651418621186,27.544018363952638,0.9573173582553863,0.004267955047544092,-194.76521049439907,33.277835014745584,1.0145208597183228,0.10455406829714775,0.0
660000,560.3368003368378,-203.37814211845398,34.736521481629694,-0.003499260033640894,37.27248878479004,0.9626841962337493,0.010005940851988271,-194.76521049439907,33.277835014745584,1.0170000314712524,0.15276125967502593,0.0
664000,563.5307867527008,-199.63000786304474,41.66899009874635,-0.004701278269567411,24.124380683898927,0.9727249324321747,0.002748971614346374,-194.76521049439907,33.277835014745584,1.0154375195503236,0.13400834053754807,0.0
668000,566.7088072299957,-191.18005788326263,34.528454752255016,-0.003983374375616222,29.49975757598877,0.9450518667697907,0.003912193479482085,-194.76521049439907,33.277835014745584,1.0165416955947877,0.14304656088352202,0.0
672000,569.920901298523,-206.14226961135864,38.06015470503235,-0.004446428261871915,37.57330093383789,0.9684142410755158,0.008400093938689679,-194.76521049439907,33.277835014745584,1.0149583697319031,0.1508054882287979,0.0
676000,573.1056478023529,-195.68341481685638,38.17278487171235,-0.005418760594329797,25.826370429992675,0.9914210617542267,0.0038704104139469565,-194.76521049439907,33.277835014745584,1.0146875143051148,0.11423675268888474,0.0
680000,576.350469827652,-193.67800855636597,35.30455893416864,-0.004809022172048571,22.880489158630372,1.05632883310318,0.004264152646646835,-194.76521049439907,33.277835014745584,1.0237500309944152,0.15890092849731446,0.0
684000,581.3872539997101,-206.50883889198303,31.0255885448543,-0.003751329181250185,26.55282974243164,1.0411209344863892,0.004645051286206581,-205.24149404466152,29.448689864825308,1.020187532901764,0.13093648105859756,0.0
688000,584.576016664505,-202.0816822052002,30.281826106522754,-0.0016374466227716765,30.080599975585937,1.0519741415977477,0.006968510030856123,-205.24149404466152,29.448689864825308,1.0150208592414856,0.14029894918203353,0.0
692000,587.8122851848602,-207.52417373657227,38.13374149861625,-0.0033312289233435877,26.148805236816408,1.029558777809143,0.007423178544013353,-205.24149404466152,29.448689864825308,1.0174166798591613,0.15112732350826263,0.0
696000,591.0516219139099,-200.42038118839264,37.63967902990633,-0.004391930351266638,32.45720386505127,1.0167019009590148,0.0034324011707212777,-205.24149404466152,29.448689864825308,1.0172500371932984,0.16734915375709533,0.0
700000,594.28537774086,-197.48593854904175,35.604324259474964,-0.003462606744142249,24.76121253967285,0.9941498517990113,0.007125307945534587,-205.24149404466152,29.448689864825308,1.0178333640098571,0.17076271325349807,0.0
704000,597.460503578186,-202.5247164964676,42.580066652726735,-0.004488695367035689,33.5951732635498,1.0243238925933837,0.004564327825210057,-205.24149404466152,29.448689864825308,1.0150625348091125,0.13348152935504914,0.0
708000,600.6575028896332,-201.24651741981506,36.734386978322156,-0.00371322774226428,34.635915756225586,0.9889325499534607,0.0056295110349310565,-205.24149404466152,29.448689864825308,1.015375030040741,0.16243589222431182,0.0
712000,603.8961250782013,-193.91028761863708,30.286149244926857,-0.0011059865180868655,28.141886711120605,1.0543402314186097,0.00593730533728376,-205.24149404466152,29.448689864825308,1.0174791932106018,0.18337919414043427,0.0
716000,607.1085603237152,-195.83352136611938,33.926862448967256,-0.0052631197919254195,27.27289695739746,1.0265408635139466,0.006826846755575389,-205.24149404466152,29.448689864825308,1.0182292103767394,0.1513487845659256,0.0
720000,610.3227088451385,-194.56831979751587,31.48857895236909,-0.0055560874636285005,24.26769561767578,1.050001621246338,0.00374023948534159,-205.24149404466152,29.448689864825308,1.0178958415985107,0.19213895499706268,0.0
724000,615.1734640598297,-197.0691831111908,35.53285457698798,-0.0038698003529134438,26.17255268096924,1.0479669451713562,0.004972217860631645,-202.1645326912403,38.127858541961174,1.0201667070388794,0.14718143045902252,0.0
728000,618.1720032691956,-193.1744475364685,30.816478141329615,-0.0016698066116077825,37.711072540283205,1.0565280795097352,0.002583579529891722,-202.1645326912403,38.127858541961174,1.017520833015442,0.16616106778383255,0.0
732000,621.1922318935394,-198.7429348230362,39.62122179249956,-0.004085222956200596,30.099185371398924,1.029072344303131,0.004403793613892049,-202.1645326912403,38.127858541961174,1.014270842075348,0.16089345663785934,0.0
736000,624.2007548809052,-194.35159754753113,36.366561136974255,-0.002042657412675908,28.57477855682373,1.0382571578025819,0.004296360940497834,-202.1645326912403,38.127858541961174,1.0227083563804626,0.18613870143890382,0.0
740000,627.3226816654205,-192.94730639457703,30.157844585912127,-0.005246599880774738,32.50034408569336,1.0611801505088807,0.006320637644967065,-202.1645326912403,38.127858541961174,1.017229175567627,0.20585780292749406,0.0
744000,630.5609896183014,-202.27889370918274,41.716470341450524,-0.002631860430119559,40.112678146362306,1.052612805366516,0.0022398754779715093,-202.1645326912403,38.127858541961174,1.0165208578109741,0.14721450060606003,0.0
748000,633.7875754833221,-183.90013480186462,29.346376681721004,-0.003052009940438438,25.218513107299806,1.0624879956245423,0.008984150976175442,-202.1645326912403,38.127858541961174,1.012500023841858,0.18825123310089112,0.0
752000,637.115151643753,-196.9925501346588,30.28316760110615,-0.0034263881825609133,29.27899169921875,1.0653904795646667,0.005403545236913487,-202.1645326912403,38.127858541961174,1.0119583487510682,0.1688235178589821,0.0
756000,640.3099081516266,-195.31555342674255,33.91342382510406,-0.0023227592842886224,35.84201011657715,1.0851333141326904,0.003077795388526283,-202.1645326912403,38.127858541961174,1.0174375295639038,0.21031873524188996,0.0
760000,643.4148330688477,-185.18711805343628,29.89595343758938,-0.004737856720748823,31.221399879455568,1.063385248184204,0.004762289813515963,-202.1645326912403,38.127858541961174,1.0137500286102294,0.19272324293851853,0.0
764000,648.5465040206909,-194.94011986255646,38.15004165230072,-0.005156130305840634,30.12424964904785,1.053061032295227,0.007022677554050461,-188.5804368853569,35.07975099143229,1.0101250290870667,0.16482940018177034,0.0
768000,651.7264316082001,-195.56797170639038,34.59271561938188,-0.005478578791371547,28.079781532287598,1.0680383324623108,0.00369642156874761,-188.5804368853569,35.07975099143229,1.0195000290870666,0.15102611780166625,0.0
772000,654.9310178756714,-198.6917109489441,39.053247594960276,-0.0040888604577048685,35.749373245239255,1.0795418977737428,0.0014880086193443276,-188.5804368853569,35.07975099143229,1.0147083520889282,0.16801413893699646,0.0
776000,658.1060225963593,-200.57709336280823,43.307661934320265,-0.004556055893772282,50.42365264892578,1.0217773914337158,0.003960349265253171,-188.5804368853569,35.07975099143229,1.015208351612091,0.12530528903007507,0.0
780000,661.2820854187012,-197.56198692321777,51.799929206082915,-0.002689913821632217,52.36667251586914,1.0463837027549743,0.0023371461444185115,-188.5804368853569,35.07975099143229,1.0118958592414855,0.1417772501707077,0.0
784000,664.5163812637329,-204.83210563659668,36.87397914829456,-0.0035260745284176665,34.082634353637694,1.0754008650779725,0.005490564001956954,-188.5804368853569,35.07975099143229,1.0127708792686463,0.152683025598526,0.0
788000,667.6878921985626,-206.1676653623581,40.95296023398611,-0.005335666485552793,29.540365982055665,1.090216839313507,0.004376951593440026,-188.5804368853569,35.07975099143229,1.0135000228881836,0.11499073803424835,0.0
792000,670.8923194408417,-212.63999128341675,40.887188196989634,-0.005049786384915933,34.39422435760498,1.032044267654419,0.005100211778335506,-188.5804368853569,35.07975099143229,1.0136666774749756,0.15544874519109725,0.0
796000,674.1506953239441,-222.68937921524048,52.446384658984734,-0.003524950508290203,31.213574409484863,1.0559393763542175,0.0037918676156550647,-188.5804368853569,35.07975099143229,1.013812530040741,0.14922812432050706,0.0
800000,677.4029774665833,-192.86159133911133,31.011659056267604,-0.003682653771829791,38.57819938659668,1.083151137828827,0.0031696326404926367,-188.5804368853569,35.07975099143229,1.01422917842865,0.11529591977596283,0.0
804000,682.5843660831451,-199.86145162582397,35.85658423311862,-0.004753254234674387,33.029439544677736,1.1778975963592528,0.003005518337158719,-203.6802221238613,39.95243480253711,1.0150833606719971,0.089136054366827,0.0
808000,685.8048310279846,-209.99377036094666,38.53508768312877,-0.004935624492645729,30.686392402648927,1.1100351333618164,0.003413618163904175,-203.6802221238613,39.95243480253711,1.0117291927337646,0.09333063587546349,0.0
812000,689.0158281326294,-217.76503109931946,46.08802638643163,-0.004839945504500065,34.83227806091308,1.0967578053474427,0.0028564986365381627,-203.6802221238613,39.95243480253711,1.0150208473205566,0.10136449858546256,0.0
816000,692.2308294773102,-208.4515450000763,40.77044801580754,-0.0025138847835478374,32.8391731262207,1.0940110087394714,0.004537707436247729,-203.6802221238613,39.95243480253711,1.0125208616256713,0.11603514924645424,0.0
820000,695.4142718315125,-203.14830017089844,34.38983614020047,-0.0039641246919927655,26.301765060424806,1.14085533618927,0.003054106690069602,-203.6802221238613,39.95243480253711,1.015500020980835,0.11720383912324905,0.0
824000,698.6064324378967,-207.9804081916809,38.90282142472534,-0.004494799536769278,31.730195999145508,1.1449047803878785,0.0038108305219793693,-203.6802221238613,39.95243480253711,1.0135000109672547,0.1383269891142845,0.0
828000,701.7935614585876,-195.55533719062805,37.53298881360996,-0.0031179565645288675,31.936937141418458,1.0264973998069764,0.004149534335010685,-203.6802221238613,39.95243480253711,1.0130208611488343,0.12440307587385177,0.0
832000,705.03813123703,-212.8756799697876,40.01633728233887,-0.003081709752586903,44.65317611694336,1.0164785981178284,0.004082849543192424,-203.6802221238613,39.95243480253711,1.0130000352859496,0.13222590684890748,0.0
836000,708.2407083511353,-200.6897234916687,50.65433080461929,-0.003491550377657404,37.7762939453125,1.110516369342804,0.002356411059736274,-203.6802221238613,39.95243480253711,1.0143125295639037,0.12796751409769058,0.0
840000,711.4271080493927,-202.59823966026306,41.577047602048346,-0.004371573693788378,31.954102325439454,1.1202765941619872,0.004855304858938325,-203.6802221238613,39.95243480253711,1.0125833749771118,0.14695055186748504,0.0
844000,716.6980082988739,-204.15637516975403,35.714657551783795,-0.0050158862810349095,35.28045654296875,1.1495631456375122,0.004282181904454774,-194.78954552859068,35.2181660901358,1.0081250071525574,0.09658141583204269,0.0
848000,719.9003615379333,-207.92602705955505,40.00440536113446,-0.002803662946098484,47.34882507324219,1.1322101473808288,0.0038893929595360532,-194.78954552859068,35.2181660901358,1.0105416774749756,0.10462836325168609,0.0
852000,723.1002688407898,-210.7297830581665,37.593669239544305,-0.003323250743414974,42.11051979064941,1.1121098279953003,0.0035343016468686985,-194.78954552859068,35.2181660901358,1.0137500286102294,0.12723582983016968,0.0
856000,726.2580382823944,-196.1037299633026,33.24297711773281,-0.004249804521123224,26.951037788391112,1.1397786021232605,0.0015650618707695684,-194.78954552859068,35.2181660901358,1.0103541970252992,0.08821677565574645,0.0
860000,729.2216773033142,-205.33709859848022,38.49234321886074,-0.005637054047838319,26.2965726852417,1.127193856239319,0.006044129841029644,-194.78954552859068,35.2181660901358,1.0110416889190674,0.10584706813097,0.0
864000,732.2246205806732,-198.9096418619156,37.93705612857214,-0.0049197038766578775,29.355696868896484,1.1299965858459473,0.0039356250781565905,-194.78954552859068,35.2181660901358,1.0108750343322754,0.11330385208129883,0.0
868000,735.4030063152313,-195.34753918647766,29.247802601318593,-0.005354880759841763,26.012283325195312,1.138895869255066,0.0016613147585303524,-194.78954552859068,35.2181660901358,1.0105416893959045,0.11900393292307854,0.0
872000,738.6139800548553,-199.5352942943573,33.57000071054133,-0.0045899773157920265,27.2924373626709,1.1492478609085084,0.0028731246187817306,-194.78954552859068,35.2181660901358,1.0113750219345092,0.10316353067755699,0.0
876000,741.8364622592926,-210.4848232269287,36.3883308749394,-0.004346719142995425,30.164707946777344,1.1736990690231324,0.0014555003866917105,-194.78954552859068,35.2181660901358,1.0098541975021362,0.09792170077562332,0.0
880000,745.0653705596924,-203.9029233455658,33.74902691316478,-0.004238861813792028,28.228247451782227,1.1587697982788085,0.005579039821168408,-194.78954552859068,35.2181660901358,1.0113750338554381,0.10175869390368461,0.0
884000,750.0711114406586,-211.0075557231903,37.75672128381488,-0.0034036487661069257,27.020771789550782,1.1359001517295837,0.0025380303712154275,-206.97076930850744,47.56642678786451,1.009041702747345,0.08885608911514283,0.0
888000,753.2852628231049,-216.62190914154053,36.07996173781962,-0.0036194808257278056,33.28591442108154,1.1465963840484619,0.0038862611225340517,-206.97076930850744,47.56642678786451,1.0121458649635315,0.10908129885792732,0.0
892000,756.5195801258087,-207.86584496498108,40.325610177853065,-0.006160703179921257,30.356587219238282,1.1045697212219239,0.005773287359625101,-206.97076930850744,47.56642678786451,1.0097500324249267,0.09948659762740135,0.0
896000,759.7457885742188,-209.35247445106506,46.551696550576494,-0.004857069247827894,32.85005855560303,1.1727912425994873,0.003967841707344632,-206.97076930850744,47.56642678786451,1.0102500200271607,0.0731661207973957,0.0
900000,762.9124739170074,-207.8241970539093,43.48237832879202,-0.0037325572542613373,34.97852554321289,1.165093982219696,0.0023449274129234256,-206.97076930850744,47.56642678786451,1.012750017642975,0.09552383646368981,0.0
904000,766.0815725326538,-208.38786578178406,32.01131622323534,-0.003947141722164815,24.188088989257814,1.1767438173294067,0.007353557503665798,-206.97076930850744,47.56642678786451,1.0110000252723694,0.08710100948810577,0.0
908000,769.260312795639,-212.4580578804016,46.76061466973809,-0.0035635456202726345,37.1950439453125,1.184466540813446,0.0016081114168628118,-206.97076930850744,47.56642678786451,1.0100625276565551,0.09713630825281143,0.0
912000,772.4392218589783,-216.41887974739075,41.20399699365614,-0.0030424306030909067,40.34889221191406,1.1488517284393311,0.005885767412837595,-206.97076930850744,47.56642678786451,1.0099166989326478,0.07920349314808846,0.0
916000,775.6042582988739,-199.9462606906891,37.42329915627424,-0.003029303237599379,30.46246337890625,1.1658411383628846,0.0016637202876154332,-206.97076930850744,47.56642678786451,1.0142083525657655,0.1146982453763485,0.0
920000,778.6085720062256,-201.63054013252258,33.4848229255045,-0.004674446055832959,35.67106323242187,1.170949900150299,0.0035496613185387106,-206.97076930850744,47.56642678786451,1.011875033378601,0.11344139501452447,0.0
924000,783.7997889518738,-205.03395295143127,37.47538823039025,-0.0035288010054500773,29.922273254394533,1.12405526638031,0.004178642079932615,-205.3087056800723,42.15464854580147,1.0103958606719972,0.07887025848031044,0.0
928000,786.9960861206055,-215.21639692783356,41.40465232179771,-0.004463985780603252,35.11588344573975,1.0682259440422057,0.006111423826769169,-205.3087056800723,42.15464854580147,1.0111250400543212,0.08539596125483513,0.0
932000,790.1553583145142,-201.87435340881348,33.21095482732444,-0.0032622713075852517,25.823523139953615,1.0984890103340148,0.003432484471704811,-205.3087056800723,42.15464854580147,1.0112083673477172,0.1013137124478817,0.0
936000,793.3912057876587,-214.51404643058777,54.04194872680126,-0.005314500959502766,34.625772666931155,1.087910258769989,0.006567080765671562,-205.3087056800723,42.15464854580147,1.0103958606719972,0.09579188078641891,0.0
940000,796.6159172058105,-217.05465936660767,34.79997934896466,-0.004555834491475253,32.85496292114258,1.1162565350532532,0.004699054172670003,-205.3087056800723,42.15464854580147,1.0107083678245545,0.0799336850643158,0.0
944000,799.7750673294067,-217.27647495269775,40.61389618282839,-0.003675471792303142,24.597531127929688,1.106712031364441,0.003130230866372585,-205.3087056800723,42.15464854580147,1.0100833773612976,0.06578121781349182,0.0
948000,803.039852142334,-211.959268450737,39.410171649418615,-0.004295841633029341,31.333717155456544,1.1477521061897278,0.0018865540041588247,-205.3087056800723,42.15464854580147,1.011020839214325,0.10265014916658402,0.0
952000,806.2239055633545,-222.86422491073608,48.6229497372333,-0.005226503792800941,35.460754776000975,1.1079625129699706,0.001970619585699751,-205.3087056800723,42.15464854580147,1.0114166855812072,0.0743963934481144,0.0
956000,809.40358543396,-221.50357842445374,39.86860451797763,-0.00359193828626303,30.656505012512206,1.1111571788787842,0.003497535746282665,-205.3087056800723,42.15464854580147,1.0099166750907898,0.07763072699308396,0.0
960000,812.6095931529999,-232.53490710258484,52.70883747635418,-0.005529960782951093,23.662110137939454,1.087512981891632,0.004342194255150389,-205.3087056800723,42.15464854580147,1.0068750262260437,0.07430481687188148,0.0
964000,817.4905922412872,-211.95298886299133,49.05755472739252,-0.003431137148072594,39.6285285949707,1.0685993552207946,0.0033144511689897627,-237.33620892465115,72.2684606468226,1.0142500162124635,0.07619618251919746,0.0
968000,820.5248742103577,-217.64411044120789,42.67037969453331,-0.0041971525748579095,44.37379913330078,1.0464033365249634,0.004859716887585819,-237.33620892465115,72.2684606468226,1.0122083663940429,0.07570814341306686,0.0
972000,823.552768945694,-202.3345468044281,45.8166224256816,-0.00413632445197436,25.572760581970215,1.0875377655029297,0.0021210559643805027,-237.33620892465115,72.2684606468226,1.0110000371932983,0.10833344906568527,0.0
976000,826.5439321994781,-213.79595398902893,41.54755079613421,-0.004615367555379635,31.34196720123291,1.059590208530426,0.004400295155937784,-237.33620892465115,72.2684606468226,1.0127291917800902,0.08096892088651657,0.0
980000,829.5456938743591,-197.39394760131836,33.13173922236869,-0.004298039939567388,20.61814956665039,1.0156655073165894,0.003516252792906016,-237.33620892465115,72.2684606468226,1.0105833649635314,0.05495654530823231,0.0
984000,832.5884535312653,-201.10594773292542,36.140164590178536,-0.0029820106974511873,29.147429275512696,1.0281861305236817,0.0044229410123080015,-237.33620892465115,72.2684606468226,1.0114791870117188,0.0932637706398964,0.0
988000,835.6623313426971,-212.51097404956818,54.24455013147321,-0.004320827378796821,31.520187187194825,0.9871600210666657,0.0044896561234054385,-237.33620892465115,72.2684606468226,1.013354206085205,0.09224341809749603,0.0
992000,838.7992076873779,-209.2718801498413,38.75258189183398,-0.005878417307394556,34.4684476852417,1.0155596256256103,0.0026202114633633753,-237.33620892465115,72.2684606468226,1.016854202747345,0.05489438250660896,0.0
996000,841.945098400116,-202.4766240119934,35.27818231728763,-0.0040121601305145305,25.693289947509765,1.0543321132659913,0.0042648435104638335,-237.33620892465115,72.2684606468226,1.012041699886322,0.07040866613388061,0.0
1000000,845.0985822677612,-208.16366493701935,53.89222878230374,-0.005260000290581957,32.805154991149905,1.07646746635437,0.006067693216027692,-237.33620892465115,72.2684606468226,1.0174791932106018,0.09600130543112755,0.0
1004000,850.148277759552,-198.95436716079712,34.65793957412771,-0.005983763328549685,30.228851318359375,1.101112425327301,0.0030423711112234743,-210.36073350906372,39.742393991682064,1.0199583530426026,0.09094585254788398,0.0
1008000,853.3301253318787,-200.04002261161804,32.241873034569004,-0.004392606534747756,33.94591808319092,1.1046321153640748,0.003336742256215075,-210.36073350906372,39.742393991682064,1.0119166731834413,0.08909767344594002,0.0
1012000,856.5372400283813,-211.40392756462097,39.93233548402373,-0.00605640349094756,30.14199028015137,1.076541256904602,0.004725526744732633,-210.36073350906372,39.742393991682064,1.0095208883285522,0.09880155101418495,0.0
1016000,859.76500248909,-205.0304799079895,32.28289643097434,-0.0049224352624150924,31.796067428588866,1.0972805500030518,0.003147392711343855,-210.36073350906372,39.742393991682064,1.0148750066757202,0.0808748483657837,0.0
1020000,862.9521968364716,-208.3443512916565,39.48168437480399,-0.004000846159760841,37.548596954345705,1.0865275025367738,0.0028981284762267024,-210.36073350906372,39.742393991682064,1.0152708649635316,0.12275715321302413,0.0
1024000,866.1381711959839,-199.9797761440277,35.344261343611514,-0.0036000952477479586,25.79036808013916,1.0564180374145509,0.004435581866709981,-210.36073350906372,39.742393991682064,1.0111875414848328,0.06881472021341324,0.0
1028000,869.3612112998962,-201.15753841400146,32.630101551625174,-0.005116696901313844,33.13267307281494,1.0812444806098938,0.005203279838315211,-210.36073350906372,39.742393991682064,1.0155833601951598,0.08266507983207702,0.0
1032000,872.7519385814667,-206.32284557819366,39.42918497361586,-0.0028844895714428276,36.11169700622558,1.0562515377998352,0.0037657796579878776,-210.36073350906372,39.742393991682064,1.0188333630561828,0.08359511941671371,0.0
1036000,875.9589116573334,-197.3838357925415,39.770104092359425,-0.004445345187559724,28.360107803344725,1.0400436520576477,0.00449944930151105,-210.36073350906372,39.742393991682064,1.0151875376701356,0.08784395083785057,0.0
1040000,879.1095595359802,-197.53312146663666,39.970708824894686,-0.004676608242152725,28.490545654296874,1.0603562116622924,0.004113244210020639,-210.36073350906372,39.742393991682064,1.016895854473114,0.07828865945339203,0.0
1044000,884.0666317939758,-201.053395986557,36.261815133809016,-0.004393756834906526,35.20836753845215,1.0428117513656616,0.005374150752322749,-199.1583423987031,41.826695496231345,1.023104178905487,0.0905409425497055,0.0
1048000,887.2480571269989,-194.63418471813202,34.8593063533434,-0.0033528694410051687,38.45588340759277,1.0368387699127197,0.0030277147598098963,-199.1583423987031,41.826695496231345,1.0175000309944153,0.10036550834774971,0.0
1052000,890.4088017940521,-190.22157788276672,34.812827445374246,-0.0048633594749844635,27.870230865478515,1.0084166526794434,0.0032086563296616077,-199.1583423987031,41.826695496231345,1.0198750257492066,0.08834116011857987,0.0
1056000,893.6306834220886,-194.95447087287903,40.92954425079298,-0.004620327346492559,27.35873336791992,1.0297434449195861,0.0028999471513088794,-199.1583423987031,41.826695496231345,1.0240417003631592,0.05042321979999542,0.0
1060000,896.8319218158722,-190.11451268196106,35.14088298376105,-0.0050429245457053185,26.007937812805174,1.0298062562942505,0.006360272213350981,-199.1583423987031,41.826695496231345,1.0229166865348815,0.0767840713262558,0.0
1064000,900.0812630653381,-195.84099817276,31.185302262167852,-0.005335430744162295,22.082266807556152,1.0404690384864808,0.0009233152493834495,-199.1583423987031,41.826695496231345,1.0244166851043701,0.10328278392553329,0.0
1068000,903.3116710186005,-217.12695503234863,44.74775678974651,-0.0049506825293065045,26.104245948791505,1.0793562054634094,0.004324662900035037,-199.1583423987031,41.826695496231345,1.0233333587646485,0.09015508368611336,0.0
1072000,906.5013976097107,-206.55114483833313,38.38519203063866,-0.005270357694826089,24.644859313964844,1.0890832185745238,0.0017958571101189592,-199.1583423987031,41.826695496231345,1.0276041865348815,0.07406692206859589,0.0
1076000,909.7055315971375,-208.2664659023285,42.7963292527557,-0.004706461921159644,26.726315307617188,1.0561123609542846,0.005627254245337099,-199.1583423987031,41.826695496231345,1.021625030040741,0.0788317933678627,0.0
1080000,912.9401454925537,-204.39408659934998,36.229581503341045,-0.0060704791394528,23.755012702941894,1.034194791316986,0.006801348668523133,-199.1583423987031,41.826695496231345,1.0216875433921815,0.10981172323226929,0.0
1084000,917.9882788658142,-204.51901197433472,40.647007887431144,-0.006291658835471026,29.034545516967775,1.038607621192932,0.0037838225951418282,-214.36954693496227,47.66080871546247,1.0220417022705077,0.0606457706540823,0.0
1088000,921.188022851944,-200.39252018928528,35.92917495849356,-0.004421089290553936,33.12414131164551,1.0811009049415587,0.0017000483854644698,-214.36954693496227,47.66080871546247,1.0200208663940429,0.07088329643011093,0.0
1092000,924.3241431713104,-197.8959585428238,42.48879300282694,-0.004217072852770798,26.219007110595705,1.0564578175544739,0.0036434179870411753,-214.36954693496227,47.66080871546247,1.0219375252723695,0.07430000677704811,0.0
1096000,927.4823100566864,-198.80402159690857,31.217256600926866,-0.005459255750247393,29.97673454284668,1.0880136489868164,0.0026701083523221316,-214.36954693496227,47.66080871546247,1.0161458492279052,0.061837469786405565,0.0
1100000,930.6439716815948,-192.61063277721405,32.42102043541414,-0.005955826793797314,20.663349151611328,0.9654868006706238,0.004325400076049845,-214.36954693496227,47.66080871546247,1.0240416884422303,0.055428143963217734,0.0
1104000,933.8318245410919,-201.78731441497803,38.13355710037099,-0.003941392913839081,27.55506706237793,0.9782306313514709,0.00406171078357147,-214.36954693496227,47.66080871546247,1.0180833458900451,0.08167340755462646,0.0
1108000,937.114640712738,-197.1546070575714,31.839952903634217,-0.005090529809240252,28.567380332946776,0.9807643294334412,0.004207875965221319,-214.36954693496227,47.66080871546247,1.0180625200271607,0.0654336653649807,0.0
1112000,940.3108575344086,-203.45902013778687,37.86462711535904,-0.004519252351019532,33.65463657379151,0.9759941458702087,0.0029529445950174705,-214.36954693496227,47.66080871546247,1.016687524318695,0.0691957175731659,0.0
1116000,943.5248005390167,-199.4976668357849,27.44527979769814,-0.004226117503458226,21.445251846313475,1.030696415901184,0.0020577779541781638,-214.36954693496227,47.66080871546247,1.0193958520889281,0.06640708521008491,0.0
1120000,946.7101681232452,-199.02398252487183,35.78230002761268,-0.0051702072407351805,25.191894721984863,0.9891196131706238,0.0018196797842392697,-214.36954693496227,47.66080871546247,1.0191458702087401,0.07102791070938111,0.0
1124000,951.8386933803558,-204.44322729110718,35.50253969853846,-0.004675958190455276,32.752651405334475,1.0026496708393098,0.003044854224026494,-215.3568605184555,44.298831506251844,1.0192708492279052,0.058885414898395536,0.0
1128000,955.0495049953461,-202.93706858158112,36.3129157069756,-0.003919705252337735,28.612272644042967,0.9736455976963043,0.003703616512939334,-215.3568605184555,44.298831506251844,1.016687524318695,0.07613421529531479,0.0
1132000,958.2908644676208,-198.87504923343658,36.63645492468415,-0.004643784230029269,25.83901443481445,0.9181981205940246,0.004077252884871996,-215.3568605184555,44.298831506251844,1.0166041851043701,0.07900828644633293,0.0
1136000,961.4560508728027,-207.95971989631653,33.92630741382735,-0.0048709497954405375,20.055664443969725,0.8623203754425048,0.005132821772713214,-215.3568605184555,44.298831506251844,1.021083378791809,0.07943758368492126,0.0
1140000,964.4480965137482,-197.33023822307587,35.85703479796386,-0.002716608267292031,23.40510139465332,0.8972272515296936,0.0024818396483169635,-215.3568605184555,44.298831506251844,1.016937530040741,0.0747808538377285,0.0
1144000,967.4401528835297,-200.05389595031738,44.89790340414583,-0.004242578987032175,31.663219833374022,0.8694316148757935,0.002549792919307947,-215.3568605184555,44.298831506251844,1.0129166960716247,0.05902308225631714,0.0
1148000,970.4999651908875,-200.7916623353958,33.61366690316343,-0.004861404982511886,25.02713680267334,0.8929131269454956,0.0028619734017411246,-215.3568605184555,44.298831506251844,1.0162500143051147,0.08606789112091065,0.0
1152000,973.5165793895721,-210.45015561580658,49.42912865294311,-0.00354723138952977,35.605211448669436,0.9088176429271698,0.001780385359597858,-215.3568605184555,44.298831506251844,1.0138750195503234,0.07530098706483841,0.0
1156000,976.5989007949829,-202.2021324634552,36.38527907859795,-0.004730935772386147,28.925785255432128,0.9389722526073456,0.00464843980025762,-215.3568605184555,44.298831506251844,1.0107083916664124,0.06507047563791275,0.0
1160000,979.5979418754578,-213.8051302433014,40.688449340795295,-0.0047897234217089135,31.270641136169434,0.8993315517902374,0.005101896107953507,-215.3568605184555,44.298831506251844,1.0145833611488342,0.09051055535674095,0.0
1164000,984.5256135463715,-205.66350507736206,40.820715663789244,-0.004335974702553358,32.91068687438965,0.9160174131393433,0.0034875736571450488,-212.209951646626,45.67796566805559,1.0226875305175782,0.08412409648299217,0.0
1168000,987.698141336441,-204.1521520614624,39.351620844938445,-0.003333283879328519,32.56312980651855,0.8614836454391479,0.0036804948758799583,-212.209951646626,45.67796566805559,1.0156041741371156,0.11038881912827492,0.0
1172000,990.9362275600433,-215.41305947303772,44.72937390658474,-0.00363694054321968,36.31614685058594,0.8656868994235992,0.0025432891605305487,-212.209951646626,45.67796566805559,1.0117500305175782,0.07973688393831253,0.0
1176000,994.1087727546692,-208.40902960300446,42.8252004719634,-0.0041718744220816005,30.947826957702638,0.8356899738311767,0.003941274032695219,-212.209951646626,45.67796566805559,1.015541684627533,0.06570353731513023,0.0
1180000,997.291318655014,-218.87203979492188,36.94141701257827,-0.003449441638076678,26.522670936584472,0.8340390384197235,0.004446317599649774,-212.209951646626,45.67796566805559,1.012625026702881,0.08157008066773415,0.0
1184000,1000.4728260040283,-223.88998675346375,37.94455416131822,-0.004369184714232688,23.150869941711427,0.8454177856445313,0.0033349950335832546,-212.209951646626,45.67796566805559,1.0146250009536744,0.06469059363007545,0.0
1188000,1003.7167067527771,-218.23359417915344,45.25717094885461,-0.0021734848599180624,45.31062698364258,0.8389648199081421,0.001901395374443382,-212.209951646626,45.67796566805559,1.0109166741371154,0.06487487852573395,0.0
1192000,1006.9266097545624,-213.31856107711792,36.835271026580145,-0.005439462353751878,21.63463592529297,0.854389876127243,0.004117045261227759,-212.209951646626,45.67796566805559,1.0152291893959045,0.06535751596093178,0.0
1196000,1010.115186214447,-211.93274807929993,41.539486576143176,-0.004119431204162538,26.28732681274414,0.859458190202713,0.003166452533332631,-212.209951646626,45.67796566805559,1.0126250386238098,0.07021678388118743,0.0
1200000,1013.2784879207611,-212.91904711723328,41.9603671593771,-0.004516116339073051,23.298942375183106,0.855501127243042,0.0027837991729029454,-212.209951646626,45.67796566805559,1.0147292017936707,0.06749705672264099,0.0
1204000,1018.4147682189941,-207.93230628967285,31.354337926795417,-0.005491737595002632,19.726337242126466,0.9217254757881165,0.007603764755185693,-220.66323399543762,38.07078498839446,1.013437521457672,0.06435826867818832,0.0
1208000,1021.6161849498749,-211.94373774528503,37.95058210739967,-0.004941880547085021,28.79051399230957,0.9256140112876892,0.0036816104824538344,-220.66323399543762,38.07078498839446,1.0121250391006469,0.0625329665839672,0.0
1212000,1024.8077116012573,-208.6631577014923,35.184145051008585,-0.007749296667998351,15.517301082611084,0.9850580811500549,0.005564529960975051,-220.66323399543762,38.07078498839446,1.012083387374878,0.05046155229210854,0.0
1216000,1028.0599427223206,-232.18576645851135,38.575638980844694,-0.0014134628843748942,30.266763114929198,0.9389278411865234,0.0035151130156009457,-220.66323399543762,38.07078498839446,1.0144375324249268,0.06036292016506195,0.0
1220000,1031.2747933864594,-213.18279838562012,40.57846540048916,-0.006340879239724017,20.49100570678711,0.9620288431644439,0.00667779351642821,-220.66323399543762,38.07078498839446,1.0191042065620421,0.06078682877123356,0.0
1224000,1034.4686806201935,-213.81891465187073,35.510350028926965,-0.0026881817431785747,31.41313762664795,0.884242570400238,0.00301799630979076,-220.66323399543762,38.07078498839446,1.015166711807251,0.06548630818724632,0.0
1228000,1037.6574659347534,-216.1986198425293,44.73056167243525,-0.004035750005277805,25.389566802978514,0.8997162461280823,0.001743742976395879,-220.66323399543762,38.07078498839446,1.021708345413208,0.0587797399610281,0.0
1232000,1040.6876978874207,-208.8822295665741,31.503114407492355,-0.0061841096394346096,20.7087760925293,0.8727872550487519,0.0035265762184280903,-220.66323399543762,38.07078498839446,1.0174375176429749,0.055249035358428955,0.0
1236000,1043.8090872764587,-210.33508253097534,40.68163908153282,-0.0037579086256300798,28.83956413269043,0.78990997672081,0.002903913473710418,-220.66323399543762,38.07078498839446,1.0160625338554383,0.08346274197101593,0.0
1240000,1046.9835076332092,-210.89983224868774,41.951798741632864,-0.003740523998567369,23.978897666931154,0.8339137375354767,0.0036232488753739746,-220.66323399543762,38.07078498839446,1.0174375176429749,0.0587336353957653,0.0
1244000,1051.9784080982208,-204.67125618457794,40.51448610082205,-0.00440513293578988,23.124989318847657,0.8416314244270324,0.003572354157222435,-221.63423617184162,44.28980806276533,1.0194167017936706,0.08910819590091705,0.0
1248000,1055.2433619499207,-200.78186750411987,36.27769544750293,-0.005998224163340638,18.238833045959474,0.8662250638008118,0.003090203762985766,-221.63423617184162,44.28980806276533,1.0216875314712524,0.07990101575851441,0.0
1252000,1058.3988494873047,-203.5370396375656,34.859035284296866,-0.003986319323303178,26.01272087097168,0.8899026155471802,0.003786446776939556,-221.63423617184162,44.28980806276533,1.0158542037010192,0.08504199236631393,0.0
1256000,1061.5564675331116,-205.69023644924164,39.353555064859876,-0.006955025543720694,26.8657018661499,0.9349366724491119,0.006174989987630397,-221.63423617184162,44.28980806276533,1.0277708530426026,0.09317396283149719,0.0
1260000,1064.499554157257,-204.48227632045746,39.99186464616233,-0.0036863597666524583,30.3605318069458,0.9038292407989502,0.004681097809225321,-221.63423617184162,44.28980806276533,1.02302086353302,0.07622476890683175,0.0
1264000,1067.5471398830414,-205.77083218097687,36.96027434227151,-0.0034190973485237917,29.243315124511717,0.9336663484573364,0.0043154972343472766,-221.63423617184162,44.28980806276533,1.0248125076293946,0.0719575859606266,0.0
1268000,1070.6038603782654,-206.07313871383667,32.62960946320923,-0.0036416155722690745,22.49251766204834,0.9887250304222107,0.0020052761712577192,-221.63423617184162,44.28980806276533,1.0189791917800903,0.10035615414381027,0.0
1272000,1073.7524371147156,-208.15183401107788,36.04064059419558,-0.006424084133323049,24.246958351135255,0.9647909641265869,0.0076718654861906545,-221.63423617184162,44.28980806276533,1.0204167008399962,0.06995065584778785,0.0
1276000,1076.9486677646637,-197.65998244285583,41.533115226122035,-0.004143270127678988,23.112790679931642,0.9852071821689605,0.003482211264781654,-221.63423617184162,44.28980806276533,1.0159791946411132,0.08045447245240211,0.0
1280000,1080.1301040649414,-200.00536024570465,48.069195833308775,-0.001427937594417017,35.85398941040039,0.9914760649204254,0.008504741283832117,-221.63423617184162,44.28980806276533,1.0165000319480897,0.0757055975496769,0.0
1284000,1085.1327834129333,-204.31040000915527,34.835186640016076,-0.003971222830841725,17.978756999969484,0.9931026220321655,0.0017812423611758277,-198.26951820403337,37.809584237325794,1.021125030517578,0.06096729561686516,0.0
1288000,1088.355267047882,-211.43394804000854,36.1643456210423,-0.004587227990850806,29.964015197753906,1.013885223865509,0.005778518441366032,-198.26951820403337,37.809584237325794,1.0194583415985108,0.07301465794444084,0.0
1292000,1091.5116474628448,-204.9902286529541,34.30774466789865,-0.005632559713558294,17.36455421447754,1.03753000497818,0.0038125861145090314,-198.26951820403337,37.809584237325794,1.0187500357627868,0.06743195801973342,0.0
1296000,1094.5104789733887,-205.65621542930603,38.51492084435833,-0.0030394659901503474,25.928242111206053,1.0322104930877685,0.004499393864534795,-198.26951820403337,37.809584237325794,1.0268958568573,0.09490087032318115,0.0
1300000,1097.5268666744232,-212.13509833812714,40.26739489454453,-0.005379223395721056,19.071697235107422,0.9665393769741059,0.004348684121214319,-198.26951820403337,37.809584237325794,1.0252291917800904,0.07214307188987731,0.0
1304000,1100.4871017932892,-194.7738311290741,34.679152501854325,-0.005318225857627113,20.43099021911621,1.001142418384552,0.003557495176210068,-198.26951820403337,37.809584237325794,1.023437511920929,0.05882640033960342,0.0
1308000,1103.472485780716,-204.52169394493103,34.406299894714955,-0.00538669315574225,20.45530185699463,1.015496826171875,0.003623274399433285,-198.26951820403337,37.809584237325794,1.0301041841506957,0.09136438369750977,0.0
1312000,1106.4843628406525,-207.0716953277588,34.260894658564915,-0.0052018644244526515,23.656875801086425,1.0543626070022583,0.00510906330528087,-198.26951820403337,37.809584237325794,1.0268958449363708,0.07761637344956399,0.0
1316000,1109.5447731018066,-206.43089818954468,36.88975085527647,-0.0037770313792862,38.88773727416992,1.0694289445877074,0.00415670496004168,-198.26951820403337,37.809584237325794,1.0180000185966491,0.09764188155531883,0.0
1320000,1112.4937374591827,-203.92747354507446,42.069761687370544,-0.003853608401550446,28.552220726013182,1.0933520674705506,0.003473106179444585,-198.26951820403337,37.809584237325794,1.0228333473205566,0.08174967989325524,0.0
1324000,1117.4609792232513,-202.9370198249817,36.47605418389869,-0.005998687502869871,21.728623962402345,1.0429373741149903,0.006387479498516768,-210.05931010097265,36.09393679539086,1.0211875319480896,0.07532039284706116,0.0
1328000,1120.688339471817,-204.92150044441223,44.96486020402065,-0.003274437842628686,31.251265144348146,1.019356369972229,0.004590051945706363,-210.05931010097265,36.09393679539086,1.0320208668708801,0.06234150752425194,0.0
1332000,1123.8616964817047,-209.62734365463257,43.40421447687523,-0.003788997438095976,27.291373634338377,0.9786036849021912,0.004666978665045463,-210.05931010097265,36.09393679539086,1.0242083668708801,0.08257424160838127,0.0
1336000,1127.0465791225433,-197.10290610790253,34.517285800899984,-0.003866486714105122,29.681865882873534,0.9742601811885834,0.004397935007000342,-210.05931010097265,36.09393679539086,1.0405625104904175,0.07556078061461449,0.0
1340000,1130.2277507781982,-194.72877597808838,37.758612108998804,-0.005274358848691918,24.08339786529541,0.9483291685581208,0.002519656007643789,-210.05931010097265,36.09393679539086,1.0344375371932983,0.07090297341346741,0.0
1344000,1133.4604456424713,-201.0784318447113,40.89364207446856,-0.004356776452914346,28.39621353149414,0.9540759325027466,0.0051199619134422395,-210.05931010097265,36.09393679539086,1.0247708678245544,0.059334957599639894,0.0
1348000,1136.6744322776794,-205.7782642841339,32.336749377317076,-0.005148798677964805,26.931552696228028,0.971389240026474,0.004658891999861225,-210.05931010097265,36.09393679539086,1.031125020980835,0.06433778032660484,0.0
1352000,1139.8658213615417,-203.6977962255478,42.265004769398224,-0.003690570958497119,31.722147369384764,1.0132815718650818,0.0050245225196704265,-210.05931010097265,36.09393679539086,1.0181666731834411,0.057216210290789604,0.0
1356000,1143.0772032737732,-208.63168597221375,38.286446797430315,-0.004705069676128914,33.91794853210449,0.9208873867988586,0.0050473896553739905,-210.05931010097265,36.09393679539086,1.038812518119812,0.07428072392940521,0.0
1360000,1146.3338341712952,-197.05766916275024,37.75070524362045,-0.004991463161422871,26.22734832763672,0.8845072031021118,0.0006746769191522617,-210.05931010097265,36.09393679539086,1.03395836353302,0.09342939928174018,0.0
1364000,1151.422289609909,-189.48100924491882,31.811502486938583,-0.0036308531256509014,30.548740959167482,0.8340113222599029,0.004575353750260547,-200.71735858172178,37.89078914349238,1.0321875214576721,0.0748090460896492,0.0
1368000,1154.6553874015808,-195.1661114692688,31.47762773747816,-0.0010958278224279638,25.97081890106201,0.8615588128566742,0.0028147717806859874,-200.71735858172178,37.89078914349238,1.0343958616256714,0.08969174176454545,0.0
1372000,1157.8116545677185,-198.35838782787323,38.71704843768833,-0.004868950197123923,25.515999221801756,0.8856086134910583,0.0026832607691176236,-200.71735858172178,37.89078914349238,1.0318958520889283,0.07746418938040733,0.0
1376000,1160.9862434864044,-201.63289499282837,37.66780379093978,-0.0019002732064109296,26.586747550964354,0.8257730960845947,0.00429489171365276,-200.71735858172178,37.89078914349238,1.0399166822433472,0.1094992734491825,0.0
1380000,1164.1571547985077,-202.8607782125473,37.51210786518011,-0.004276597990246956,21.188861846923828,0.8394405126571656,0.002685065701371059,-200.71735858172178,37.89078914349238,1.0341041803359985,0.08815787509083747,0.0
1384000,1167.3667142391205,-205.8680281639099,35.95741128066567,-0.0038743615472412785,18.232245635986327,0.9489396214485168,0.0052077878324780615,-200.71735858172178,37.89078914349238,1.0335416913032531,0.0762405477464199,0.0
1388000,1170.5599296092987,-201.4313669204712,41.10544672366099,-0.0015953306006849743,30.738938522338866,0.846037620306015,0.00832235865527764,-200.71735858172178,37.89078914349238,1.0302500009536744,0.07353792190551758,0.0
1392000,1173.840759754181,-192.43272614479065,34.00001477677023,-0.0022167024901136754,23.567331314086914,0.8017257332801819,0.004680876014754176,-200.71735858172178,37.89078914349238,1.0222291946411133,0.08258968889713288,0.0
1396000,1177.0431399345398,-204.28681302070618,41.245784404251836,-0.005033066905161832,30.041700553894042,0.8406486928462982,0.0059501654235646125,-200.71735858172178,37.89078914349238,1.025041687488556,0.0916671760380268,0.0
1400000,1180.2210049629211,-200.60682129859924,35.42559304024457,-0.003387503146950621,23.484028816223145,0.8332430899143219,0.006159709906205535,-200.71735858172178,37.89078914349238,1.025812530517578,0.09399174824357033,0.0
1404000,1185.265743970871,-200.27056694030762,35.55110471510546,-0.0031509191372606437,21.848892593383788,0.9218426704406738,0.007095404260326177,-202.90536842495203,39.043603734554516,1.0340208530426025,0.10588668212294579,0.0
1408000,1188.4350514411926,-198.94294381141663,32.8254685377997,-0.004602573443844449,26.69107723236084,0.7844422042369843,0.006480498402379453,-202.90536842495203,39.043603734554516,1.0258958697319032,0.08947383910417557,0.0
1412000,1191.6092031002045,-209.47016739845276,40.83539234548192,-0.0028618301257665735,26.79649600982666,0.797189325094223,0.003121298168252906,-202.90536842495203,39.043603734554516,1.0258750081062318,0.07824263051152229,0.0
1416000,1194.7904613018036,-202.4403395652771,32.58908204387227,-0.003940944324131124,20.292464447021484,0.8390920639038086,0.004248365026433021,-202.90536842495203,39.043603734554516,1.0240625262260437,0.07435175403952599,0.0
1420000,1197.9813613891602,-199.9957001209259,27.6002243807531,-0.007401426180149428,13.991528129577636,0.8108539760112763,0.0038331148702127394,-202.90536842495203,39.043603734554516,1.0164375185966492,0.07298451513051987,0.0
1424000,1201.1841299533844,-207.5440479516983,37.50118422992298,-0.001884486389462836,26.76783275604248,0.83313849568367,0.004777473397552967,-202.90536842495203,39.043603734554516,1.0318958520889283,0.06687480360269546,0.0
1428000,1204.3799369335175,-202.12480890750885,36.13269058003472,-0.003935942374300794,24.72262077331543,0.8086577534675599,0.00440653127443511,-202.90536842495203,39.043603734554516,1.0301250338554382,0.07646541371941566,0.0
1432000,1207.5818302631378,-208.04057717323303,35.076889835535155,-0.0028941676976501187,26.65924663543701,0.8258417248725891,0.00282353893853724,-202.90536842495203,39.043603734554516,1.0290833830833435,0.08732666000723839,0.0
1436000,1210.8153402805328,-208.95718383789062,43.40463045879561,-0.0055036943143932145,37.91751213073731,0.7720443904399872,0.0038570852484554052,-202.90536842495203,39.043603734554516,1.0195000290870666,0.06482796221971512,0.0
1440000,1214.0294358730316,-205.0131140947342,35.26759809733067,-0.004098401102237403,25.418692207336427,0.833998727798462,0.003869776177452877,-202.90536842495203,39.043603734554516,1.0265208601951599,0.0651325173676014,0.0
1444000,1218.9782888889313,-191.60861432552338,31.027359084934513,-0.004953725546511123,20.551311111450197,0.8181452333927155,0.0017558063031174243,-202.48606318235397,35.65885376942232,1.0242708563804626,0.0805807113647461,0.0
1448000,1222.2169032096863,-199.5747344493866,36.697748700431035,-0.004838519499753602,22.488117027282716,0.8501655042171479,0.007299905398394912,-202.48606318235397,35.65885376942232,1.0267916798591614,0.08438559249043465,0.0
1452000,1225.3821077346802,-203.32212960720062,38.328785591541816,-0.004035659022338223,27.18248176574707,0.7885066330432892,0.0052333433006424455,-202.48606318235397,35.65885376942232,1.0273125171661377,0.07734020277857781,0.0
1456000,1228.5842525959015,-208.3197145462036,40.16481912214892,-0.0046328117838129405,30.291826438903808,0.7992263495922088,0.0026555796765023844,-202.48606318235397,35.65885376942232,1.0238541841506958,0.08069412857294082,0.0
1460000,1231.7574841976166,-197.55919194221497,35.19068182481328,-0.004109065559168812,26.318505668640135,0.8426216125488282,0.0063768991094548255,-202.48606318235397,35.65885376942232,1.0260416865348816,0.0696020968258381,0.0
1464000,1234.9544959068298,-199.0740921497345,34.13694682459533,-0.005319916116422974,22.78495235443115,0.8734319984912873,0.010713168617803604,-202.48606318235397,35.65885376942232,1.0331666946411133,0.06628589406609535,0.0
1468000,1238.169308423996,-205.98608446121216,45.72445803514146,-0.005101000424474478,29.114507484436036,0.8540569126605988,0.0027552912434202883,-202.48606318235397,35.65885376942232,1.0269583821296693,0.05636812224984169,0.0
1472000,1241.4049351215363,-206.5431933403015,41.20455674218272,-0.003934299664979335,27.846136474609374,0.8179136514663696,0.0058970173064153645,-202.48606318235397,35.65885376942232,1.0368750452995301,0.06437553241848945,0.0
1476000,1244.6087436676025,-202.07680225372314,35.45232472645811,-0.006110619951505214,23.408016204833984,0.8103094518184661,0.0057811629172647375,-202.48606318235397,35.65885376942232,1.032895839214325,0.08162744119763374,0.0
1480000,1247.8070719242096,-200.72086215019226,33.825534869042876,-0.0035954422084614633,23.427677345275878,0.8298907041549682,0.005102614086354151,-202.48606318235397,35.65885376942232,1.032479190826416,0.07114892974495887,0.0
1484000,1252.8088614940643,-204.04857563972473,29.08419056174076,-0.007749376315041445,18.203618621826173,0.8622255384922027,0.0028390478692017496,-214.12999865412712,43.00514334260271,1.036062526702881,0.07000508159399033,0.0
1488000,1255.9951703548431,-196.64501953125,36.81109069649924,-0.0037539918717811815,25.73946533203125,0.8142486453056336,0.0037719245679909363,-214.12999865412712,43.00514334260271,1.0350208640098573,0.08427712246775627,0.0
1492000,1259.2778351306915,-195.95760369300842,42.33547309417558,-0.0030724770927918143,40.20974845886231,0.8839638411998749,0.008070607780246064,-214.12999865412712,43.00514334260271,1.0298541903495788,0.0788059450685978,0.0
1496000,1262.553364276886,-192.90108251571655,30.679385738859256,-0.005880361534036638,20.29560070037842,0.7717593491077424,0.004748555523110554,-214.12999865412712,43.00514334260271,1.0443125128746034,0.07921338975429534,0.0
1500000,1265.7458956241608,-193.52102029323578,31.192919277196175,-0.0059393454197561365,19.200327491760255,0.8362002611160279,0.00815063429181464,-214.12999865412712,43.00514334260271,1.0397291660308838,0.09020730331540108,0.0
1504000,1268.9659357070923,-196.99784183502197,39.67156111131564,-0.005270043757627718,34.289892768859865,0.8187223732471466,0.008105696744314628,-214.12999865412712,43.00514334260271,1.0377292037010193,0.06173789277672768,0.0
1508000,1272.1137931346893,-191.13452339172363,36.78375511617187,-0.005947339224803727,21.357653617858887,0.8724374294281005,0.004536805702082347,-214.12999865412712,43.00514334260271,1.0270625352859497,0.08581075891852379,0.0
1512000,1275.2825379371643,-198.57195210456848,33.73619593388352,-0.005987082634237595,30.254398918151857,0.8105350255966186,0.004197584686335176,-214.12999865412712,43.00514334260271,1.0360000252723693,0.07436128035187721,0.0
1516000,1278.477754831314,-195.15397489070892,31.580029304913364,-0.005175963796500582,26.624517822265624,0.8564113199710846,0.004579188383650035,-214.12999865412712,43.00514334260271,1.0355833649635315,0.07287997528910636,0.0
1520000,1281.654530286789,-193.85659515857697,37.158778215090116,-0.005869714690197725,25.37506237030029,0.8910388171672821,0.004639776371186599,-214.12999865412712,43.00514334260271,1.0422083497047425,0.062225072830915454,0.0
1524000,1286.7459428310394,-195.0259039402008,31.109464863330953,-0.0035156316287611846,28.29671573638916,0.8775859713554383,0.005670737475156784,-193.22577285021544,32.9051038485279,1.0409791946411133,0.07040671333670616,0.0
1528000,1290.0349140167236,-195.6761395931244,31.075621664842256,-0.004822449121274985,23.925424766540527,0.8479012012481689,0.00658268608385697,-193.22577285021544,32.9051038485279,1.0363542079925536,0.05751583129167557,0.0
1532000,1293.196095943451,-189.1394602060318,38.597519488211766,-0.007016927320728427,30.103228950500487,0.860762619972229,0.005456576909637079,-193.22577285021544,32.9051038485279,1.0366875290870667,0.07950585633516312,0.0
1536000,1296.3867428302765,-190.9674735069275,34.049285236198195,-0.0020316082300723794,27.459413719177245,0.9082568705081939,0.010723876015981659,-193.22577285021544,32.9051038485279,1.050375020503998,0.07306267321109772,0.0
1540000,1299.685877084732,-188.245135307312,34.07747958911997,-0.003396463430544827,33.90042343139648,0.8571325361728668,0.007629449258092791,-193.22577285021544,32.9051038485279,1.0400416851043701,0.0706911675632,0.0
1544000,1302.9287264347076,-190.51188588142395,33.24031477431745,-0.0039519516401924195,30.8988618850708,0.8348961412906647,0.0058735428843647245,-193.22577285021544,32.9051038485279,1.0429583549499513,0.05416823737323284,0.0
1548000,1306.0881493091583,-199.48150300979614,30.860172943412287,-0.005189869072637521,21.756942176818846,0.823294860124588,0.003229397759423591,-193.22577285021544,32.9051038485279,1.0378958463668824,0.067068400233984,0.0
1552000,1309.2844116687775,-195.1644767522812,34.960989629226944,-0.004293264498119243,29.449452590942382,0.8107327401638031,0.0028224601650435944,-193.22577285021544,32.9051038485279,1.043208360671997,0.045970070734620096,0.0
1556000,1312.455197095871,-195.08466291427612,35.717328399736445,-0.0030186778167262673,24.95669174194336,0.7856292366981507,0.00747945886105299,-193.22577285021544,32.9051038485279,1.0561041712760926,0.09946837797760963,0.0
1560000,1315.6386461257935,-198.566223859787,35.60690995481179,-0.005138889783120248,26.502763748168945,0.8135151207447052,0.005702288304746617,-193.22577285021544,32.9051038485279,1.0536250352859498,0.0811064973473549,0.0
1564000,1320.6894745826721,-196.220521569252,37.69455688063828,-0.002926555695012212,20.285371780395508,0.7910124242305756,0.0043604160833638165,-200.6674922183156,39.86341315902426,1.0424166798591614,0.06674377024173736,0.0
1568000,1323.9682772159576,-203.16623854637146,32.61870948166103,-0.002241802659773384,26.91266002655029,0.7447310328483582,0.006100022236933,-200.6674922183156,39.86341315902426,1.0684791803359985,0.06892646998167037,0.0
1572000,1327.187026977539,-199.67380356788635,30.67114552468583,-0.0026946618861984463,19.415117073059083,0.7684607326984405,0.007509956089779735,-200.6674922183156,39.86341315902426,1.065000021457672,0.07541464939713478,0.0
1576000,1330.387808561325,-199.60792469978333,34.16833009741948,-0.0060962969058891755,23.35972442626953,0.7826830506324768,0.0035467191803036256,-200.6674922183156,39.86341315902426,1.0673750042915344,0.09803842008113861,0.0
1580000,1333.5800895690918,-201.81800198554993,28.504309084981383,-0.003970149645465426,16.246630096435545,0.7639134705066681,0.008170601399615406,-200.6674922183156,39.86341315902426,1.0755833745002747,0.060237162932753566,0.0
1584000,1336.8052682876587,-196.6368272304535,32.390817664050765,-0.00449445952399401,21.360298728942873,0.7383967757225036,0.006242349254898727,-200.6674922183156,39.86341315902426,1.0707708597183228,0.0656923457980156,0.0
1588000,1340.0899288654327,-194.55770754814148,37.959436404683416,-0.006090124062029645,19.978698921203613,0.7708245992660523,0.005773321189917624,-200.6674922183156,39.86341315902426,1.06047922372818,0.06781639754772187,0.0
1592000,1343.3006858825684,-201.3335883617401,40.812323106652556,-0.002093431347748265,21.512891387939455,0.7534383833408356,0.006971454899758101,-200.6674922183156,39.86341315902426,1.0639166951179504,0.06927655562758446,0.0
1596000,1346.2986874580383,-197.20229279994965,35.161047416496466,-0.003936864623392466,28.344065475463868,0.788147896528244,0.0071313299238681795,-200.6674922183156,39.86341315902426,1.083020853996277,0.08731646612286567,0.0
1600000,1349.4858074188232,-195.1902883052826,35.82688070859483,-0.0058287421306886245,23.470378494262697,0.7875853717327118,0.006107690086355433,-200.6674922183156,39.86341315902426,1.0563542008399964,0.0669218860566616,0.0
1604000,1354.4603126049042,-194.64704871177673,38.04197126971787,-0.0016925830735999626,31.331985855102538,0.7795573055744172,0.010853740992024541,-202.13868862390518,38.06949253351378,1.0648958683013916,0.09552273079752922,0.0
1608000,1357.6073369979858,-189.02661609649658,31.893043565566856,-0.004096741243847646,23.098478889465333,0.8137938678264618,0.007368123717606067,-202.13868862390518,38.06949253351378,1.0663125276565553,0.09506837502121926,0.0
1612000,1360.7984056472778,-193.74334359169006,34.157870831463676,-0.005949139896256383,22.033979225158692,0.7903181195259095,0.008134284921834479,-202.13868862390518,38.06949253351378,1.0727083563804627,0.07330324128270149,0.0
1616000,1363.9795532226562,-199.48646306991577,31.239957319439394,-0.0032380892633227633,23.769550132751466,0.7666064918041229,0.012823756271973252,-202.13868862390518,38.06949253351378,1.078000009059906,0.0779522642493248,0.0
1620000,1367.271716117859,-188.72924029827118,30.544542232930663,-0.004426531797071221,21.040154457092285,0.8307410597801208,0.0034420875192154197,-202.13868862390518,38.06949253351378,1.107854187488556,0.09196491241455078,0.0
1624000,1370.4656460285187,-199.02260780334473,38.51097443820924,-0.0023366285960946696,30.069128799438477,0.8430270195007324,0.01117381788790226,-202.13868862390518,38.06949253351378,1.1051250219345092,0.08875942081212998,0.0
1628000,1373.6456050872803,-200.9904043674469,35.45458686010627,-0.0029996317345649002,21.95246105194092,0.8276334881782532,0.010206887032836676,-202.13868862390518,38.06949253351378,1.1102708339691163,0.0841145396232605,0.0
1632000,1376.8753368854523,-192.87403464317322,33.344159288358476,-0.004005009100728785,26.37747859954834,0.8435368180274964,0.007100946316495538,-202.13868862390518,38.06949253351378,1.1154583811759948,0.09864687025547028,0.0
1636000,1380.1026186943054,-193.9058609008789,36.14900168266196,-0.004093056919373339,25.757346534729002,0.8960884571075439,0.005812264210544526,-202.13868862390518,38.06949253351378,1.098187506198883,0.07518098428845406,0.0
1640000,1383.320455789566,-192.43875789642334,34.71246080139284,-0.002471714463172248,30.838356971740723,0.8578936874866485,0.0044540129019878805,-202.13868862390518,38.06949253351378,1.1398958921432496,0.09448034539818764,0.0
1644000,1388.2949829101562,-193.3647313117981,31.98832920397404,-0.003214853868121281,23.510972023010254,0.8408779382705689,0.00807573792990297,-204.55908033251762,37.131955188533794,1.1362083435058594,0.08706954196095466,0.0
1648000,1391.4889664649963,-193.42630648612976,37.13751012623973,-0.0033829515508841724,19.923686599731447,0.8373203098773956,0.00652488274499774,-204.55908033251762,37.131955188533794,1.1820833802223205,0.07599150314927101,0.0
1652000,1394.6536002159119,-190.8617079257965,35.4952903068611,-0.003768611213308759,25.801795387268065,0.795509684085846,0.0051767888304311786,-204.55908033251762,37.131955188533794,1.1824375152587892,0.08954721614718437,0.0
1656000,1397.8491735458374,-193.47322988510132,35.68345397857617,-0.004430767049780115,26.176332855224608,0.8572717785835267,0.007197944051586092,-204.55908033251762,37.131955188533794,1.2163333535194396,0.07557385340332985,0.0020354270935058604
1660000,1401.0515089035034,-194.61223244667053,33.359550193915304,-0.004057697548705619,22.084500312805176,0.8696612358093262,0.004957487783394754,-204.55908033251762,37.131955188533794,1.1938125491142273,0.07708157300949096,0.0
1664000,1404.252558708191,-197.3246784210205,33.91560518880127,-0.003411087152198888,22.742301559448244,0.8078055799007415,0.0043547713663429025,-204.55908033251762,37.131955188533794,1.2084166646003722,0.07173970639705658,0.0
1668000,1407.4675705432892,-187.65258181095123,34.723557068550896,-0.003121967549668625,25.62697639465332,0.8088765740394592,0.005434107240671437,-204.55908033251762,37.131955188533794,1.2699167132377625,0.0649040773510933,0.0036708402633667003
1672000,1410.6886322498322,-193.00622987747192,31.97035533571522,-0.001819223357597366,25.765441513061525,0.775043785572052,0.009780633728951216,-204.55908033251762,37.131955188533794,1.16520836353302,0.09803570136427879,0.0
1676000,1413.9089345932007,-200.03749132156372,32.38789405879233,-0.0039790965092834085,24.185752868652344,0.7625232398509979,0.01288813294377178,-204.55908033251762,37.131955188533794,1.141854190826416,0.08156280219554901,0.0
1680000,1417.230882883072,-192.9526778459549,32.41485460391321,-0.0043269521906040605,27.339184379577638,0.8208356380462647,0.004288021799584385,-204.55908033251762,37.131955188533794,1.2126042127609253,0.07388489246368408,0.0
1684000,1422.3853032588959,-189.74316549301147,29.572469548777534,-0.004007788909802912,30.750447463989257,0.8495643079280853,0.00918926321901381,-195.03273130953312,29.021277228306804,1.2273333668708801,0.06926973909139633,0.0
1688000,1425.6026859283447,-193.54117155075073,34.35415298070248,-0.004599844048789237,25.868658447265624,0.8402337908744812,0.003970599849708378,-195.03273130953312,29.021277228306804,1.2108750343322754,0.07859947010874749,0.0
1692000,1428.833328485489,-185.8753113746643,28.41958700402073,-0.0035436073085293174,27.043078422546387,0.8232758104801178,0.012548815598711372,-195.03273130953312,29.021277228306804,1.2300000548362733,0.08804371058940888,0.0
1696000,1432.0427603721619,-189.99502420425415,30.652005861099752,-0.004312916638446041,27.03048915863037,0.8338822662830353,0.0065893367631360885,-195.03273130953312,29.021277228306804,1.214062511920929,0.07190626412630081,0.005981262922286991
1700000,1435.2720139026642,-195.0963716506958,31.14044898098103,-0.003708782565081492,27.459657669067383,0.8996975123882294,0.00953016848070547,-195.03273130953312,29.021277228306804,1.153687560558319,0.08488801494240761,0.0
1704000,1438.4988481998444,-199.24364852905273,41.407066575100785,-0.005108379315061029,27.323397636413574,0.8637600779533386,0.0055771813844330605,-195.03273130953312,29.021277228306804,1.1473541855812073,0.05809999778866768,0.0
1708000,1441.7392117977142,-200.29546785354614,38.71830447150247,-0.002403595854411833,29.162331199645998,0.8615677297115326,0.004585849307477474,-195.03273130953312,29.021277228306804,1.1900625467300414,0.07220758646726608,0.0
1712000,1445.011965751648,-193.18466019630432,30.637118225296838,-0.003811276272244868,29.18914203643799,0.8358929514884949,0.007892928400542587,-195.03273130953312,29.021277228306804,1.2046666860580444,0.08944673463702202,0.0
1716000,1448.2471058368683,-201.4365484714508,35.33078741498824,-0.005103768955450505,21.480385780334473,0.8381210446357727,0.006356939859688282,-195.03273130953312,29.021277228306804,1.2248750448226928,0.06692830622196197,0.0
1720000,1451.4441046714783,-193.91587018966675,33.03286536007649,-0.003250080137513578,26.262178230285645,0.7926014184951782,0.006028329371474683,-195.03273130953312,29.021277228306804,1.2644375324249268,0.059621043503284454,0.0014625036716461185
1724000,1456.562572002411,-195.4055848121643,33.568429360940804,-0.005431445324211382,26.91103172302246,0.836083835363388,0.006545089010614902,-201.92670898139477,40.79396847227768,1.26697918176651,0.057627754658460616,0.006825007200241089
1728000,1459.7926914691925,-188.4863998889923,31.686041184714348,-0.00048125725879799575,33.67228736877441,0.8093831777572632,0.011142052174545825,-201.92670898139477,40.79396847227768,1.1885833382606505,0.0762403778731823,0.0
1732000,1462.9621045589447,-202.80535745620728,37.20832921292576,-0.0028098516864702105,26.246799087524415,0.8467898309230805,0.004753724322654307,-201.92670898139477,40.79396847227768,1.2108750343322754,0.07256372123956681,0.0
1736000,1466.1720974445343,-201.28990244865417,37.08872177631256,-0.002370687737129629,28.130469131469727,0.787626999616623,0.0051323464489541944,-201.92670898139477,40.79396847227768,1.1647500157356263,0.059254803508520124,0.0
1740000,1469.3791289329529,-200.33314514160156,32.13112708767175,-0.0018782443716190756,35.968789672851564,0.7771474182605743,0.008521817531436682,-201.92670898139477,40.79396847227768,1.219979190826416,0.07319621369242668,0.0
1744000,1472.5296359062195,-194.9140408039093,35.560516181022344,-0.005008469457970932,23.81615161895752,0.7665128767490387,0.005401689349673689,-201.92670898139477,40.79396847227768,1.2676042079925538,0.05905313119292259,0.003054172992706299
1748000,1475.7272028923035,-200.87031888961792,32.27010932321061,-0.002634965558536351,31.962866973876952,0.7993106663227081,0.00944611132144928,-201.92670898139477,40.79396847227768,1.218541669845581,0.05666056647896767,0.0
1752000,1478.9427905082703,-197.05908155441284,26.66408554100686,-0.004753734436235391,26.178935241699218,0.8371976256370545,0.003486986120697111,-201.92670898139477,40.79396847227768,1.2508750438690186,0.049945097789168356,0.001022921800613403
1756000,1482.1252410411835,-191.1839940547943,36.292533087766536,-0.00442129093935364,22.213122749328612,0.7943795025348663,0.0021019109291955827,-201.92670898139477,40.79396847227768,1.2306041836738586,0.0561570830643177,0.0
1760000,1485.3641052246094,-200.90931868553162,42.313581128635334,-0.0030970624822657554,24.156916427612305,0.7739189147949219,0.011232782027218492,-201.92670898139477,40.79396847227768,1.2095625281333924,0.0655677579343319,0.0
1764000,1490.4308359622955,-195.2294418811798,33.33060970673264,-0.0032670157866959925,16.946530246734618,0.7628936290740966,0.008939832996111364,-209.58273787796497,36.808102216385876,1.2552500247955323,0.07725724130868912,0.0005250024795532227
1768000,1493.690932750702,-203.74712896347046,29.442905365025098,-0.005122609663521871,22.25876941680908,0.8049096941947937,0.004899859026772901,-209.58273787796497,36.808102216385876,1.1721041917800903,0.05985724404454231,0.0
1772000,1496.9840252399445,-196.71978211402893,33.52366915227339,-0.004375188745325431,21.06661949157715,0.8340681493282318,0.003877787961391732,-209.58273787796497,36.808102216385876,1.1754583477973939,0.06374460309743882,0.0
1776000,1500.1893215179443,-199.88338661193848,30.620703384069298,-0.004407932428875938,19.010071277618408,0.8503525018692016,0.004896182777883951,-209.58273787796497,36.808102216385876,1.2050833702087402,0.0500376183539629,0.0
1780000,1503.4057343006134,-212.56967854499817,42.633318309157374,-0.0059994079056195915,24.26623992919922,0.8188379108905792,0.0033896515844389795,-209.58273787796497,36.808102216385876,1.1995208621025086,0.053835440799593924,0.0
1784000,1506.6278018951416,-197.57225584983826,29.70218139192311,-0.004678551515098661,23.936869430541993,0.8792319297790527,0.00684064842062071,-209.58273787796497,36.808102216385876,1.1849375367164612,0.076435437053442,0.0
1788000,1509.7997567653656,-191.11066341400146,34.693999530190254,-0.006533608702011406,19.450939559936522,0.8701255261898041,0.008327433420345188,-209.58273787796497,36.808102216385876,1.261354184150696,0.0810201682150364,0.0011604177951812745
1792000,1512.8018555641174,-195.74626684188843,36.2553953666295,-0.006126242788741365,20.42741298675537,0.8803411841392517,0.006395247828913852,-209.58273787796497,36.808102216385876,1.2301041960716248,0.060299362614750864,0.0
1796000,1515.8140680789948,-193.36577081680298,31.182136513181167,-0.004832199643715285,18.79531326293945,0.8411651670932769,0.005169250821927563,-209.58273787796497,36.808102216385876,1.2335208415985108,0.05140909999608993,0.0
1800000,1518.828756570816,-193.5819138288498,38.343617472460835,-0.00616457752767019,18.137230968475343,0.8539666295051574,0.007391464232932776,-209.58273787796497,36.808102216385876,1.2000625371932983,0.0661807894706726,0.0
1804000,1523.6630170345306,-198.3622350692749,32.86280075315128,-0.0033336922901071376,21.337505531311034,0.8734542906284333,0.005152310745324939,-201.23189529776573,31.2976723392146,1.2040625095367432,0.05684899054467678,0.0
1808000,1526.8956727981567,-191.75692975521088,31.70509167013226,-0.006125445727957412,18.73143301010132,0.8582861304283143,0.005292810901300982,-201.23189529776573,31.2976723392146,1.2529791831970214,0.06575517430901527,0.0015208375453948976
1812000,1530.0795781612396,-194.7201201915741,31.530432917684838,-0.0032137206755578516,21.83892250061035,0.8304441928863525,0.0026548175257630644,-201.23189529776573,31.2976723392146,1.2477500200271607,0.054687022045254705,0.00018126726150512732
1816000,1533.2916884422302,-190.16923117637634,26.08097281110917,-0.00472023866022937,20.366969871520997,0.8749557793140411,0.004984518687706441,-201.23189529776573,31.2976723392146,1.1816666841506958,0.0667754091322422,3.336310386657757e-05
1820000,1536.598248720169,-198.39365243911743,30.576737388869105,-0.004335703982440009,23.33125057220459,0.8816059768199921,0.005342021025717259,-201.23189529776573,31.2976723392146,1.1819166898727418,0.05344014167785645,0.0
1824000,1539.761800289154,-195.2215497493744,34.25782173755396,-0.004916654304543045,24.01171989440918,0.875231397151947,0.004520707874326036,-201.23189529776573,31.2976723392146,1.1800000309944152,0.053487520664930344,0.0
1828000,1542.935945034027,-197.29896867275238,35.626598413662585,-0.003661750053288415,21.356756973266602,0.9469756960868836,0.005589221080299467,-201.23189529776573,31.2976723392146,1.274500036239624,0.05707327499985695,0.0024500036239624022
1832000,1546.0999929904938,-191.95664310455322,30.94024637337659,-0.004856929829838918,22.903689575195312,0.8889584481716156,0.008612880087457597,-201.23189529776573,31.2976723392146,1.2869791984558105,0.06550980359315872,0.0041041731834411625
1836000,1549.2960476875305,-203.96862959861755,33.316223483399796,-0.006527400587219745,27.019629287719727,0.9129393637180329,0.008651344967074693,-201.23189529776573,31.2976723392146,1.1668333649635314,0.06340213641524314,0.0
1840000,1552.4657003879547,-196.7000813484192,32.70570265443013,-0.00462709728453774,24.40320930480957,0.8783849954605103,0.00706581815611571,-201.23189529776573,31.2976723392146,1.1941666960716248,0.054564036801457404,0.0
1844000,1557.4412808418274,-195.5158177614212,33.86111413534624,-0.002787605696357787,20.963976860046387,0.9166880965232849,0.005611069197766483,-202.79892149567604,36.314001195458104,1.2355833530426026,0.07590957209467888,0.0
1848000,1560.6761820316315,-195.1854966878891,31.764163407062018,-0.005733640480320901,21.939215850830077,0.8223354518413544,0.004729939700337127,-202.79892149567604,36.314001195458104,1.1568125247955323,0.06627926006913185,0.0
1852000,1563.9348986148834,-197.3018273115158,34.21057472037815,-0.003629976547381375,23.7314151763916,0.8509809911251068,0.003329332801513374,-202.79892149567604,36.314001195458104,1.19995836019516,0.06498646587133408,0.0
1856000,1567.1399660110474,-199.0585741996765,32.758730972889495,-0.005554314193068422,24.934325981140137,0.8727920591831207,0.00906770972069353,-202.79892149567604,36.314001195458104,1.2088125228881836,0.051530337706208226,0.0
1860000,1570.3796195983887,-192.97355699539185,30.126335961555657,-0.0037492462375666945,21.543040466308593,0.8926284492015839,0.007539456652011722,-202.79892149567604,36.314001195458104,1.232645845413208,0.06951936110854148,0.0
1864000,1573.6148393154144,-201.03187894821167,31.33901829997902,-0.005165661947103217,16.10434513092041,0.8799618422985077,0.008669925516005605,-202.79892149567604,36.314001195458104,1.2158541798591613,0.06785247176885605,0.0
1868000,1576.8337659835815,-191.13568663597107,29.801106530745145,-0.004629160658805631,20.610498046875,0.9100823640823364,0.004594589653424919,-202.79892149567604,36.314001195458104,1.229312539100647,0.06725983098149299,0.0
1872000,1580.0277736186981,-193.21898794174194,30.49899703956941,-0.0053390479748486545,20.39883804321289,0.922832190990448,0.0043016458628699185,-202.79892149567604,36.314001195458104,1.2461250185966493,0.05904436782002449,0.0
1876000,1583.237848997116,-195.9991683959961,38.42241334282422,-0.006425400999432895,17.79360885620117,0.893592119216919,0.007237455376889556,-202.79892149567604,36.314001195458104,1.2617083549499513,0.06545376479625702,0.001185418367385864
1880000,1586.4195597171783,-195.9463393688202,33.10037267458828,-0.004558175953570753,27.70820198059082,0.9106240212917328,0.0068784517352469265,-202.79892149567604,36.314001195458104,1.2210416913032531,0.07163910940289497,0.0
1884000,1591.3690919876099,-187.14186084270477,31.509081354013713,-0.004310751173761673,22.453163146972656,0.8602111399173736,0.006532900349702686,-196.12522350251675,35.41333183718163,1.1970625162124633,0.0807949535548687,0.0
1888000,1594.585681438446,-191.0761637687683,29.7896724046775,-0.005242971065854363,20.107504272460936,0.9010046780109405,0.005286276480183006,-196.12522350251675,35.41333183718163,1.1931042075157166,0.06655545234680176,0.0
1892000,1597.808517217636,-186.9388837814331,27.88776830898231,-0.0059861102206923535,21.52939643859863,0.9155202150344849,0.004437264334410429,-196.12522350251675,35.41333183718163,1.1805416941642761,0.06528428643941879,0.0
1896000,1601.0121359825134,-193.40234649181366,32.8553459584045,-0.006569088756805286,25.685912895202637,0.9004613161087036,0.006072966591455042,-196.12522350251675,35.41333183718163,1.1902708649635314,0.04626096747815609,0.0
1900000,1604.2506954669952,-193.96897184848785,35.546014299794436,-0.0058346320096461565,24.563517570495605,0.9013554275035858,0.005652738589560613,-196.12522350251675,35.41333183718163,1.234500026702881,0.07444561198353768,2.7087926864624053e-05
1904000,1607.3406519889832,-186.80070793628693,39.09128312751613,-0.005820613963805954,23.159239196777342,0.9413149237632752,0.00588657921180129,-196.12522350251675,35.41333183718163,1.222979199886322,0.07914889007806777,0.0
1908000,1610.5690817832947,-190.57687997817993,29.831132059174703,-0.004549792531179264,26.550303840637206,0.9376604795455933,0.0029362165292695862,-196.12522350251675,35.41333183718163,1.2109166741371156,0.06744203194975854,0.0
1912000,1613.811808347702,-185.04315090179443,30.078912179880028,-0.004117467160904198,22.372771644592284,0.8938563764095306,0.004432649037335068,-196.12522350251675,35.41333183718163,1.2326458811759948,0.052385580539703366,0.0
1916000,1617.0041553974152,-195.64126706123352,38.849638959625516,-0.0037312944183213403,30.882488822937013,0.8980618774890899,0.007102839543949813,-196.12522350251675,35.41333183718163,1.2525625228881836,0.07069522738456727,0.0026104259490966797
1920000,1620.1969180107117,-190.16674041748047,33.63750425252827,-0.004279221028264146,29.928486633300782,0.8764179766178131,0.007901911489898338,-196.12522350251675,35.41333183718163,1.2426458716392517,0.06565006300807,2.5000572204589844e-05
1924000,1625.1791319847107,-191.4397543668747,40.359847293504224,-0.004804092772246804,26.786466979980467,0.9324657917022705,0.006157793031889014,-194.89951218664646,33.16686198398927,1.2364791870117187,0.06286083012819291,0.0
1928000,1628.373791694641,-189.94758439064026,33.76596522364652,-0.004132871553883888,20.967616271972656,0.8790669083595276,0.00567569877312053,-194.89951218664646,33.16686198398927,1.2376875281333923,0.07348300963640213,0.0
1932000,1631.5421102046967,-190.10616779327393,33.4596087643667,-0.005228337797279892,26.58558044433594,0.9201388895511627,0.008392608881695195,-194.89951218664646,33.16686198398927,1.2567083597183228,0.06490934863686562,0.0006708359718322754
1936000,1634.7224152088165,-188.4788682460785,30.757786303443268,-0.004700041242176667,25.678710746765137,0.9165404915809632,0.004796891863225028,-194.89951218664646,33.16686198398927,1.216812527179718,0.05230054147541523,0.009106268882751466
1940000,1637.9040009975433,-188.0062005519867,40.10279411041068,-0.0032801004890643526,25.23586483001709,0.879364812374115,0.0031371903751278296,-194.89951218664646,33.16686198398927,1.1212500214576722,0.06688820570707321,0.0
1944000,1641.0109360218048,-193.86847615242004,33.1569968593333,-0.0062873469345504415,26.774306297302246,0.9288129210472107,0.005056718195555731,-194.89951218664646,33.16686198398927,1.0821041941642762,0.05654779076576233,0.0
1948000,1644.1919629573822,-189.8356523513794,35.76313670937527,-0.004157638277956721,27.35828056335449,0.9497982144355774,0.0031729270471259952,-194.89951218664646,33.16686198398927,1.098062527179718,0.061679862812161444,0.0
1952000,1647.395350933075,-187.89730763435364,28.389217441757097,-0.0034228973305033606,28.531900024414064,0.9550323128700257,0.0028637136681936683,-194.89951218664646,33.16686198398927,1.0770625472068787,0.057612260431051256,0.0
1956000,1650.627341747284,-190.07856833934784,29.410957110538526,-0.00588567965751281,25.54865131378174,0.9456596970558167,0.008214842970483005,-194.89951218664646,33.16686198398927,1.0736666917800903,0.059550851210951807,0.0
1960000,1653.762080669403,-192.77548933029175,37.08190945284992,-0.006021516973123653,26.238838577270506,0.9631470561027526,0.004058810789138079,-194.89951218664646,33.16686198398927,1.0785000205039978,0.0692113570868969,0.0
1964000,1658.7232191562653,-196.80590891838074,34.71224697544669,-0.004276950267376378,25.53485679626465,0.9009808540344239,0.007462500676047057,-197.8299095928669,37.54798956181262,1.0879166960716247,0.061056115105748175,0.0
1968000,1661.9574930667877,-191.4108910560608,32.627269218190364,-0.005991672940217541,23.45205898284912,0.869771146774292,0.005098582239588723,-197.8299095928669,37.54798956181262,1.0822291731834413,0.05530006177723408,0.0
1972000,1665.0167939662933,-189.7075573205948,40.495117132320246,-0.005268975146464072,26.96832733154297,0.8614613950252533,0.005639216612325981,-197.8299095928669,37.54798956181262,1.0618125319480896,0.05996985398232937,0.0
1976000,1668.2105739116669,-198.3189742565155,30.705495247825116,-0.006521689449073165,22.73521900177002,0.8740694344043731,0.002651496679754928,-197.8299095928669,37.54798956181262,1.0922291994094848,0.05015980750322342,0.0
1980000,1671.4528460502625,-194.65163135528564,34.820121357697666,-0.004491678449267056,25.336199951171874,0.8722153961658478,0.006999403220834211,-197.8299095928669,37.54798956181262,1.1199583411216736,0.04389202930033207,0.0
1984000,1674.5892667770386,-196.4536738395691,31.787041418522783,-0.0055041495215846226,22.432720375061034,0.8901620388031006,0.006182246614480391,-197.8299095928669,37.54798956181262,1.1070833683013916,0.05215275138616562,0.0
1988000,1677.8765323162079,-201.39037883281708,36.294361914071,-0.004910315202869242,28.650867080688478,0.8561717212200165,0.006377604824956506,-197.8299095928669,37.54798956181262,1.1461458563804627,0.05155413821339607,0.0
1992000,1681.1201565265656,-187.87891137599945,31.436059141203238,-0.005304029406397603,21.76464958190918,0.8505988121032715,0.005686172464629635,-197.8299095928669,37.54798956181262,1.20545836687088,0.06201269254088402,0.0
1996000,1684.2793745994568,-185.68903827667236,35.58944257887061,-0.004373963162652217,33.67849979400635,0.8106769263744354,0.0030112658976577224,-197.8299095928669,37.54798956181262,1.1980417132377625,0.05901451855897903,0.0
2000000,1687.528222322464,-194.07901191711426,31.22962341310695,-0.005156700656698376,23.108907318115236,0.7921791076660156,0.0030035839357879014,-197.8299095928669,37.54798956181262,1.2322083592414856,0.04575720131397247,0.0
