global_step,wall_time_s,ep_return_mean,ep_return_std,policy_loss,value_loss,entropy,approx_kl,eval_return_mean,eval_return_std,mean_k,attn_entropy,lagrange_lambda
4000,3.6916913986206055,-233.4829239845276,50.17732699014691,-0.0007083240995456209,231.0526870727539,1.5980467200279236,2.597513150249253e-05,,,4.0,1.3607512712478638,
8000,6.687546253204346,-225.3062927722931,45.224017438455405,-0.0006058888113962269,200.46096801757812,1.5916018843650819,0.0001540307257528184,,,4.0,1.360921037197113,
12000,9.666534423828125,-226.65718340873718,42.084447829923484,-0.0006826332242340527,163.60008697509767,1.5805976629257201,4.136943607591092e-06,,,4.0,1.3629788041114808,
16000,12.643051147460938,-222.30763173103333,35.56383088812272,-0.0007717953988176873,123.65343170166015,1.5725165009498596,3.849466856387096e-11,,,4.0,1.3635770201683044,
20000,15.617591619491577,-217.99272394180298,35.40062367222543,-0.0008786261223431069,77.09485931396485,1.575950813293457,2.146017490304297e-05,,,4.0,1.3684930324554443,
24000,18.58343768119812,-209.88952231407166,34.345314320116536,-0.0014432866170730474,75.48004150390625,1.556446623802185,0.0009326967526576468,,,4.0,1.3728159308433532,
28000,21.526081323623657,-229.1977894306183,47.00599123913547,-0.0006534959095685355,76.61646957397461,1.534636092185974,0.0009455479827011004,,,4.0,1.37343727350235,
32000,24.500044107437134,-225.13803029060364,40.255683227495204,-0.00019782190881709739,81.2418930053711,1.519897472858429,0.0004640346695377995,,,4.0,1.3711454629898072,
36000,27.44102692604065,-223.5033962726593,47.81036800633862,-0.0008172088544815992,73.43330192565918,1.4670576572418212,0.0002698423719187604,,,4.0,1.3662678360939027,
40000,30.421945571899414,-213.9909052848816,34.647221781383244,-0.0023562826470781674,58.82578544616699,1.4656930088996887,0.0007753904719720595,,,4.0,1.3661454916000366,
44000,35.14327955245972,-228.4426941871643,36.88673346944095,-0.000905661500866728,52.28185768127442,1.4056678056716918,0.0006298917298408924,-290.48808394372463,43.005277772590475,4.0,1.366798508167267,
48000,38.09816098213196,-225.03630185127258,33.772187954025014,-0.0010319053676710933,45.697544479370116,1.384042239189148,0.0008415741225956785,-290.48808394372463,43.005277772590475,4.0,1.3715106844902039,
52000,41.05909967422485,-232.63360166549683,38.871017429740675,-0.0013068713336542802,34.166582870483396,1.3934477686882019,0.0005612404964922463,-290.48808394372463,43.005277772590475,4.0,1.3696672201156617,
56000,44.030227184295654,-226.04813599586487,33.15055565796429,-0.0008610376344344139,36.84298477172852,1.4359396815299987,4.7567860262387465e-07,-290.48808394372463,43.005277772590475,4.0,1.3706860661506652,
60000,46.99232077598572,-228.66783380508423,44.06335151618477,-0.0007371513670349827,50.417890548706055,1.4397201418876648,0.0009671721626752338,-290.48808394372463,43.005277772590475,4.0,1.3701361417770386,
64000,49.866455078125,-242.40079927444458,59.173900310366164,-0.0008430630394602012,64.20404853820801,1.4804519414901733,0.0,-290.48808394372463,43.005277772590475,4.0,1.3462780237197876,
68000,52.76947593688965,-242.66766810417175,46.651908893402826,-0.0007425393074415032,39.50985832214356,1.4722472906112671,5.172448762459647e-05,-290.48808394372463,43.005277772590475,4.0,1.3549041628837586,
72000,55.70107436180115,-248.45394706726074,56.99198302102522,-0.00019382434852497355,51.638400650024415,1.4250785946846007,7.49594793887809e-05,-290.48808394372463,43.005277772590475,4.0,1.3360164880752563,
76000,58.817506313323975,-243.02144527435303,46.1866937068519,-0.0020138264293588113,30.9689302444458,1.31326265335083,0.00243603628478013,-290.48808394372463,43.005277772590475,4.0,1.306421172618866,
80000,62.02615761756897,-240.9996407032013,50.33969749226909,-0.0012229324070309744,32.60090847015381,1.362414288520813,0.002615559592959471,-290.48808394372463,43.005277772590475,4.0,1.2757580757141114,
84000,67.15965151786804,-249.55349707603455,52.23680964172574,-0.0016108551673823968,25.883308029174806,1.2654581308364867,0.0002526685879274737,-381.6512053459883,100.59107814644392,4.0,1.3138354539871215,
88000,70.21340036392212,-262.45921301841736,58.13821607717524,-0.00243221782442804,42.93880767822266,1.2705820322036743,0.0019141317281076529,-381.6512053459883,100.59107814644392,4.0,1.2802722930908204,
92000,73.30797672271729,-259.2099850177765,47.87164818417742,-0.0016872813306666678,30.986659812927247,1.3198832750320435,0.0002317700182902671,-381.6512053459883,100.59107814644392,4.0,1.3267043232917786,
96000,76.43802833557129,-245.99167561531067,63.19894679032166,-0.001822217839508067,46.60258140563965,1.3489891171455384,0.002494479628512636,-381.6512053459883,100.59107814644392,4.0,1.319094216823578,
100000,79.50085973739624,-239.92713165283203,57.92837743830852,-0.002066922453232145,35.099881172180176,1.3572437047958374,0.0027423253151937386,-381.6512053459883,100.59107814644392,4.0,1.3242590427398682,
104000,82.56962203979492,-245.68327498435974,49.16103641428821,-0.0015175828640739298,40.0431640625,1.3855998873710633,5.836288119454025e-11,-381.6512053459883,100.59107814644392,4.0,1.285472309589386,
108000,85.64498829841614,-240.3613679409027,53.55065158606583,-0.0027404162592817192,46.51385612487793,1.3954385995864869,0.0017516562973469263,-381.6512053459883,100.59107814644392,4.0,1.3143215894699096,
112000,88.69780826568604,-231.7164568901062,53.01064875760889,-0.002113345785153786,48.547793579101565,1.374930202960968,0.0003458872379269451,-381.6512053459883,100.59107814644392,4.0,1.31275931596756,
116000,91.81143116950989,-212.12506651878357,39.22097934304941,-0.003174474476720235,32.50354137420654,1.4289720177650451,0.0016403950758103747,-381.6512053459883,100.59107814644392,4.0,1.3197096109390258,
120000,94.90886211395264,-222.79431438446045,38.95680185209624,-0.0018153451306279322,30.037263488769533,1.4204176545143128,0.0016209531410325661,-381.6512053459883,100.59107814644392,4.0,1.313059139251709,
124000,99.81548571586609,-226.7152750492096,40.84444264488689,-0.0016612851802686457,41.96049480438232,1.381803035736084,0.0015439728203540046,-263.2816203534603,66.79673739783922,4.0,1.3109033465385438,
128000,102.93720746040344,-232.70544838905334,41.15091273996222,-0.002651742357751008,31.111096382141113,1.322734010219574,0.001381573418271742,-263.2816203534603,66.79673739783922,4.0,1.325101625919342,
132000,106.10399317741394,-233.85183095932007,46.902703969741154,-0.0015032578976340361,50.58796272277832,1.362424409389496,0.00034067945016431623,-263.2816203534603,66.79673739783922,4.0,1.3002760767936707,
136000,109.35259819030762,-212.94307112693787,40.255068232285254,-0.0025920595691616977,33.74919414520264,1.4469407200813293,0.00035048040226683954,-263.2816203534603,66.79673739783922,4.0,1.3176607966423035,
140000,112.42941331863403,-227.55186891555786,42.29055706821958,-0.0025798887165534913,37.44175548553467,1.4458654522895813,0.0012240502787753938,-263.2816203534603,66.79673739783922,4.0,1.2977638244628906,
144000,115.49957466125488,-243.2929413318634,41.43200390580587,-0.0019123258271720235,40.758016967773436,1.3995704293251037,0.003076185638201423,-263.2816203534603,66.79673739783922,4.0,1.2963017702102662,
148000,118.63112926483154,-245.3821244239807,46.77263340784313,-0.002139024720333227,39.90451145172119,1.3735854268074035,0.001320823782987035,-263.2816203534603,66.79673739783922,4.0,1.2905134081840515,
152000,121.83150625228882,-242.74574947357178,50.72488267913245,-0.0023575398223862455,41.43983459472656,1.3887040734291076,0.0012680864515762862,-263.2816203534603,66.79673739783922,4.0,1.3012099862098694,
156000,124.97164630889893,-229.63359951972961,40.584811722320225,-0.001549153283728355,37.553856658935544,1.3655131578445434,0.00047347238714186003,-263.2816203534603,66.79673739783922,4.0,1.3131099939346313,
160000,128.20444536209106,-247.58190417289734,38.00615005138995,-0.001097160661030294,35.36567859649658,1.2703320860862732,0.0012979871884454043,-263.2816203534603,66.79673739783922,4.0,1.3003177165985107,
164000,132.97841048240662,-247.84389305114746,40.19782506116752,-0.0014568581424561522,27.7282657623291,1.306183898448944,0.0003388869066451083,-267.31698201596737,45.867028156499515,4.0,1.2997708082199098,
168000,136.12759065628052,-242.60959458351135,46.159613700618664,-0.0017553057948486383,33.00618915557861,1.2164015650749207,0.00425810224368858,-267.31698201596737,45.867028156499515,4.0,1.289173698425293,
172000,139.2966344356537,-237.94130969047546,36.649103850189206,-0.0025462126118170223,21.861832237243654,1.1894609212875367,0.0024909166459110565,-267.31698201596737,45.867028156499515,4.0,1.2827609539031983,
176000,142.57170867919922,-249.9197998046875,52.004553961518134,-0.0016594595089749475,24.749358558654784,1.2407004356384277,0.002238671405939385,-267.31698201596737,45.867028156499515,4.0,1.2543736577033997,
180000,146.0407931804657,-238.7457776069641,39.75365604434537,-0.0021452406708654336,24.488657569885255,1.2127022385597228,0.00266473188262899,-267.31698201596737,45.867028156499515,4.0,1.2672258257865905,
184000,149.4239203929901,-251.4696969985962,52.44458068248568,-0.0025450805836201517,31.681139755249024,1.1594791293144227,0.002457663184031844,-267.31698201596737,45.867028156499515,4.0,1.2406240582466126,
188000,152.78406929969788,-243.21267771720886,35.61343067522956,-0.0024612856343543934,21.083309936523438,1.2381322026252746,0.0018590254630738378,-267.31698201596737,45.867028156499515,4.0,1.2637258172035217,
192000,156.16669416427612,-227.95957207679749,38.54767252951418,-0.0012445752756612195,33.26987094879151,1.2811973810195922,0.0015127043705433607,-267.31698201596737,45.867028156499515,4.0,1.2905198693275453,
196000,159.6346881389618,-248.2432610988617,51.73906183727968,-0.0018384047742777908,35.009162521362306,1.2944714188575746,0.0005106417109345784,-267.31698201596737,45.867028156499515,4.0,1.3331316590309144,
200000,163.4603931903839,-231.60673832893372,39.95493186087651,-0.0022128650140851745,26.755461120605467,1.2905911326408386,0.0003247012711799502,-267.31698201596737,45.867028156499515,4.0,1.314667320251465,
204000,170.82454180717468,-234.83484947681427,42.724042597933604,-0.0005903213818334585,33.22658729553223,1.2447882056236268,0.0020020945736905606,-256.8620813935995,50.53164597599002,4.0,1.312668001651764,
208000,175.67142391204834,-242.33065056800842,54.87931843506311,-0.0021622660811214446,41.88557891845703,1.1804147362709045,0.0028754839818769585,-256.8620813935995,50.53164597599002,4.0,1.2711978912353517,
212000,180.4905047416687,-241.32146453857422,44.36138182928467,-0.00200637195397082,29.16032485961914,1.228055441379547,0.0013980557667285787,-256.8620813935995,50.53164597599002,4.0,1.2938086271286011,
216000,185.3770830631256,-228.7791509628296,43.02506045078097,-0.0017510663892608136,27.932348251342773,1.2434662103652954,0.0013980046087720744,-256.8620813935995,50.53164597599002,4.0,1.265422022342682,
220000,190.154155254364,-223.04804277420044,42.631915064390846,-0.001986555704740223,20.275560092926025,1.140629732608795,0.0015423893470142501,-256.8620813935995,50.53164597599002,4.0,1.2510963201522827,
224000,194.8130431175232,-231.4095343351364,47.88371121294094,-0.001623575327287341,31.231082916259766,1.0966583490371704,0.0006946526056708536,-256.8620813935995,50.53164597599002,4.0,1.261423110961914,
228000,199.62916326522827,-234.8825979232788,38.618861687101145,-0.00016990888159487127,35.60924758911133,1.1068757057189942,0.001216008998880473,-256.8620813935995,50.53164597599002,4.0,1.2466070532798768,
232000,204.83619332313538,-223.42830169200897,38.0287635822473,-0.0022871440066567494,22.29332389831543,1.124605417251587,0.002098689663272424,-256.8620813935995,50.53164597599002,4.0,1.2954750299453734,
236000,210.05442357063293,-225.43103456497192,44.01255850741518,-0.0023690023529731262,19.334358119964598,1.072558057308197,0.001222151007580896,-256.8620813935995,50.53164597599002,4.0,1.2189276099205018,
240000,215.33479475975037,-234.84418964385986,37.86847797025669,-0.002849901905011698,24.32744770050049,1.042381966114044,0.0038128954358398913,-256.8620813935995,50.53164597599002,4.0,1.2406428694725036,
244000,227.14167428016663,-236.55911445617676,43.50283444926184,-0.001994047974546742,27.419039916992187,1.0863314032554627,0.0005618119454399384,-275.8419750481844,59.715526734271215,4.0,1.2745152831077575,
248000,232.61892938613892,-239.09343647956848,46.60852530672938,-0.0011885098327184096,24.437182426452637,1.0565513968467712,0.0022321723838103933,-275.8419750481844,59.715526734271215,4.0,1.2659660458564759,
252000,238.085919380188,-240.15170121192932,48.30993065722477,-0.0015544674127207613,26.019345664978026,1.1104441165924073,0.0022572428881540096,-275.8419750481844,59.715526734271215,4.0,1.2109586954116822,
256000,243.42284536361694,-227.09290671348572,42.539330915585126,-0.0022343717092396355,26.976597785949707,1.18673415184021,0.0022705381274184533,-275.8419750481844,59.715526734271215,4.0,1.2669896006584167,
260000,248.69981241226196,-230.05143761634827,44.05117943240437,-0.0007326310851786033,34.990752601623534,1.1978257417678833,0.0015110645079403184,-275.8419750481844,59.715526734271215,4.0,1.2710635185241699,
264000,253.9763467311859,-217.26036190986633,37.22402600645654,-0.002828972509053229,24.57832088470459,1.0618861675262452,0.0016213916414320462,-275.8419750481844,59.715526734271215,4.0,1.2562216520309448,
268000,258.90684628486633,-226.25510144233704,48.81080205746052,-0.002363470898533748,27.63277111053467,1.1112619161605835,0.0030283176085213193,-275.8419750481844,59.715526734271215,4.0,1.2957559943199157,
272000,264.3173978328705,-213.57472944259644,39.53602357609276,-0.0029309102700402433,29.832983016967773,1.187690794467926,0.004120831627553956,-275.8419750481844,59.715526734271215,4.0,1.3141296267509461,
276000,269.65059208869934,-211.14386653900146,42.049028679303426,-0.0023881724282206695,37.17892265319824,1.171271026134491,0.0034066260617692024,-275.8419750481844,59.715526734271215,4.0,1.2890093326568604,
280000,274.9727461338043,-219.22084426879883,45.861497259522295,-0.0028630366876799098,28.073619079589843,1.1701678037643433,0.003620757829048671,-275.8419750481844,59.715526734271215,4.0,1.2627386927604676,
284000,287.3669328689575,-218.87241983413696,39.544289220229125,-0.0023755074735381855,27.46554641723633,1.191235089302063,0.0009371507250859112,-232.75338576734066,44.27760244956846,4.0,1.269467544555664,
288000,292.84091448783875,-214.83881306648254,41.57708977830923,-0.003772256908589,19.14036693572998,1.1966063261032105,0.004190926008275714,-232.75338576734066,44.27760244956846,4.0,1.2815886378288268,
292000,298.32492995262146,-226.7826690673828,40.70112752274803,-0.003877027352262907,26.108342361450195,1.1631473183631897,0.004093461273626109,-232.75338576734066,44.27760244956846,4.0,1.326539444923401,
296000,303.76281785964966,-216.2655906677246,35.346555349197544,-0.0038815782240902374,17.388869285583496,1.1677831411361694,0.0032511265305026128,-232.75338576734066,44.27760244956846,4.0,1.3235915303230286,
300000,309.2629659175873,-223.08594512939453,38.854133565714214,-0.0031857913634739886,22.28216438293457,1.122491466999054,0.003666056068652934,-232.75338576734066,44.27760244956846,4.0,1.284461796283722,
304000,314.72724294662476,-218.38195395469666,38.30769998520445,-0.001338775112875723,22.207937049865723,1.1921440362930298,0.0008763806054048473,-232.75338576734066,44.27760244956846,4.0,1.32352454662323,
308000,320.2028181552887,-216.86712789535522,38.355258672569605,-0.0019481619114909865,19.66597537994385,1.1798380136489868,0.0028763719680719112,-232.75338576734066,44.27760244956846,4.0,1.3129388332366942,
312000,325.6806800365448,-219.18091893196106,37.61880313624987,-0.0022849239499209916,18.589745330810548,1.157375729084015,0.0023322237480897456,-232.75338576734066,44.27760244956846,4.0,1.3159283518791198,
316000,331.1736626625061,-233.15195417404175,40.26058493792623,-0.0027419198504260224,20.639019107818605,1.16811842918396,0.0011308290937449782,-232.75338576734066,44.27760244956846,4.0,1.3146661639213562,
320000,336.7216942310333,-232.4441692829132,37.59806611061963,-0.0022252743350060556,19.76989288330078,1.1190043091773987,0.004920819783583297,-232.75338576734066,44.27760244956846,4.0,1.3339420676231384,
324000,349.2120487689972,-235.6024684906006,40.2304035849876,-0.0027267237012662537,17.32324857711792,1.0584385633468627,0.003041087741594928,-234.074675232172,40.10341674534255,4.0,1.2658154606819152,
328000,354.70116090774536,-229.1231632232666,37.027211638506245,-0.0012166310757166343,17.24110355377197,1.1263741493225097,0.00282292342366417,-234.074675232172,40.10341674534255,4.0,1.2709225416183472,
332000,360.16099643707275,-225.93157052993774,41.306917266271945,-0.003308753839041545,14.762338066101075,1.1010079979896545,0.001708665318205016,-234.074675232172,40.10341674534255,4.0,1.2475397348403932,
336000,365.67248272895813,-216.604150056839,36.90985151638022,-0.004400450579841464,16.750235652923585,1.0757025957107544,0.005700177047401667,-234.074675232172,40.10341674534255,4.0,1.2319588541984559,
340000,371.13920998573303,-212.4491515159607,40.71671327992112,-0.0037334534205341052,15.80829963684082,1.0344770789146422,0.005603970366064459,-234.074675232172,40.10341674534255,4.0,1.2306873559951783,
344000,376.6316156387329,-213.40072512626648,35.038702787819766,-0.0017695349645606873,14.573859405517577,1.0488033294677734,0.003481393255060539,-234.074675232172,40.10341674534255,4.0,1.2399471163749696,
348000,382.11213970184326,-205.9561948776245,32.55196435254333,-0.003916343202814465,9.03921422958374,1.113467800617218,0.006243922375142574,-234.074675232172,40.10341674534255,4.0,1.2223432064056396,
352000,387.6102044582367,-215.37286114692688,28.81139955516558,-0.0038708574186700094,10.234678506851196,1.0946759104728698,0.004200731171295047,-234.074675232172,40.10341674534255,4.0,1.216066598892212,
356000,393.12815737724304,-214.67878317832947,34.395207579159944,-0.0039024011869914334,9.716511631011963,1.0338456749916076,0.003546466925647107,-234.074675232172,40.10341674534255,4.0,1.1410194754600524,
360000,398.64218831062317,-208.84687733650208,35.397087855263486,-0.0024389343097185544,12.809834957122803,1.0120751500129699,0.005911279005464199,-234.074675232172,40.10341674534255,4.0,1.2339960098266602,
364000,411.1506452560425,-210.0606017112732,35.1533932635298,-0.003525419126359353,13.718436431884765,0.981611716747284,0.0032113715246474992,-210.28398922085762,30.88444540702015,4.0,1.181315553188324,
368000,416.66690015792847,-214.96027326583862,35.927492911680545,-0.0025386564809983803,19.21862926483154,1.0089628458023072,0.005606038985929143,-210.28398922085762,30.88444540702015,4.0,1.2039212465286255,
372000,422.165221452713,-207.84068393707275,32.25524055018717,-0.0039329257421195415,13.262549686431885,0.9705604195594788,0.006775013566948473,-210.28398922085762,30.88444540702015,4.0,1.2067790389060975,
376000,427.637588262558,-212.8723554611206,33.82678655833577,-0.005448254211960979,13.0596773147583,1.0050906002521516,0.013713683641360452,-210.28398922085762,30.88444540702015,4.0,1.2301488876342774,
380000,433.10345458984375,-212.57656979560852,34.99666606697016,-0.0014701582405056701,15.813878059387207,0.9179753959178925,0.004366596051841043,-210.28398922085762,30.88444540702015,4.0,1.203099250793457,
384000,438.6166179180145,-210.06384563446045,33.55755086374061,-0.003134664545223753,11.75141773223877,0.9360460937023163,0.0040976753084299485,-210.28398922085762,30.88444540702015,4.0,1.1908857941627502,
388000,444.09359860420227,-205.60993766784668,37.79490228867068,-0.0026666988570165804,15.7079288482666,0.9453846037387847,0.005117947806138545,-210.28398922085762,30.88444540702015,4.0,1.1948225259780885,
392000,449.5778098106384,-203.71713626384735,33.673359827890636,-0.00259310277074114,14.849528789520264,1.008040589094162,0.007568984984885907,-210.28398922085762,30.88444540702015,4.0,1.192419171333313,
396000,454.9823741912842,-207.77557134628296,35.61037398898431,-0.0050720179105798735,12.166093063354491,0.9510137557983398,0.00679132561199367,-210.28398922085762,30.88444540702015,4.0,1.1621715784072877,
400000,460.4121747016907,-207.6754755973816,34.4444527874792,-0.002361350779266402,19.800055313110352,0.98787562251091,0.0044082592376507804,-210.28398922085762,30.88444540702015,4.0,1.1886890649795532,
404000,473.00774097442627,-199.46766781806946,33.68395018050964,-0.003331494461201756,14.232154273986817,0.9192955911159515,0.007921814829732022,-221.73516511917114,39.963580909463126,4.0,1.198257040977478,
408000,478.4314465522766,-216.58365392684937,36.59039102565068,-0.0038035174617156997,12.246456623077393,0.9296001732349396,0.003932445164381848,-221.73516511917114,39.963580909463126,4.0,1.1556349039077758,
412000,483.8578975200653,-209.67521286010742,32.17988566273749,-0.0037759828721949163,14.698593711853027,0.8782927334308624,0.00839596731277803,-221.73516511917114,39.963580909463126,4.0,1.1920710444450378,
416000,489.27470564842224,-204.0106987953186,30.514041786218762,-0.003585292402422091,13.762089824676513,0.9037950694561004,0.008547993551474065,-221.73516511917114,39.963580909463126,4.0,1.2134548902511597,
420000,494.79260325431824,-205.8240180015564,29.748973044263646,-0.00519109178101651,8.889356994628907,0.908112245798111,0.009797361192914345,-221.73516511917114,39.963580909463126,4.0,1.2006015181541443,
424000,500.3563690185547,-203.0150032043457,30.034193467656348,-0.0033216177982976713,11.531329727172851,0.8952482759952545,0.005709871416911483,-221.73516511917114,39.963580909463126,4.0,1.1684454560279847,
428000,505.8859951496124,-199.64889883995056,35.62096792079735,-0.0025541156092658613,11.131992721557618,0.9054059505462646,0.007366651389747858,-221.73516511917114,39.963580909463126,4.0,1.194006323814392,
432000,511.43088483810425,-199.84055197238922,37.763981112447894,-0.0027660169296044312,9.204081439971924,0.9426338315010071,0.0021864420884770475,-221.73516511917114,39.963580909463126,4.0,1.1316977620124817,
436000,516.9786965847015,-205.5901494026184,37.35837768286507,-0.002823267948348018,13.073942184448242,0.9158630311489105,0.005030301710939966,-221.73516511917114,39.963580909463126,4.0,1.1383244395256042,
440000,522.559262752533,-197.2837073802948,30.11020388954101,-0.0045348190132063594,9.100845623016358,0.9393413484096527,0.006351326429285109,-221.73516511917114,39.963580909463126,4.0,1.1548022747039794,
444000,535.3083393573761,-201.90809154510498,32.501699908139784,-0.0031346602673875345,14.253998947143554,0.967235654592514,0.006323224498191849,-200.4728623405099,31.79292866862901,4.0,1.132709789276123,
448000,540.8664000034332,-201.12193179130554,35.70987152938089,-0.001508779938410343,11.777711296081543,1.031680166721344,0.006656453530032502,-200.4728623405099,31.79292866862901,4.0,1.1535368323326112,
452000,546.392516374588,-194.7056748867035,37.84587165250265,-0.0018140508156538893,14.439684581756591,0.9709158539772034,0.00405673005835464,-200.4728623405099,31.79292866862901,4.0,1.1127938866615295,
456000,551.915463924408,-195.9424262046814,35.2679276645592,-0.0032441623090610607,8.804228115081788,1.0080710887908935,0.0061292330035939814,-200.4728623405099,31.79292866862901,4.0,1.1156052589416503,
460000,557.4561738967896,-203.0413542985916,39.42605466328969,-0.0030238089535365555,13.246151351928711,1.0294721722602844,0.004193822370143607,-200.4728623405099,31.79292866862901,4.0,1.1138828158378602,
464000,563.012020111084,-193.61858916282654,32.58102204679934,-0.0027118315761519795,12.719771099090575,1.0311455368995666,0.003142549296899233,-200.4728623405099,31.79292866862901,4.0,1.1802882194519042,
468000,568.5748116970062,-189.1892546415329,29.49495893244691,-0.00045895217397142753,10.445164823532105,1.0107852697372437,0.00376490184571594,-200.4728623405099,31.79292866862901,4.0,1.1749647974967956,
472000,574.1544365882874,-193.97128629684448,37.48393370890224,-0.0020403730012282574,23.048508834838866,1.0335676789283752,0.0036897373211104423,-200.4728623405099,31.79292866862901,4.0,1.1743985533714294,
476000,579.7084929943085,-198.49997305870056,39.39234564435295,-0.00433575225301257,15.95965633392334,1.062730038166046,0.002936547429320248,-200.4728623405099,31.79292866862901,4.0,1.1251091718673707,
480000,585.3114514350891,-195.38716101646423,32.36412554095105,-0.003153686461698513,11.769657421112061,1.0014750897884368,0.00791655204957351,-200.4728623405099,31.79292866862901,4.0,1.166736912727356,
484000,598.0493178367615,-196.45870327949524,35.34387314851894,-0.002921374196147841,13.051120853424072,0.9974790513515472,0.0032973979753054064,-191.49349457770586,35.609393940414115,4.0,1.1176857829093934,
488000,603.6037483215332,-202.42846012115479,34.22197664217164,-0.002540758203986737,20.17376575469971,1.0002452611923218,0.004870386439142749,-191.49349457770586,35.609393940414115,4.0,1.1395037055015564,
492000,609.1849818229675,-194.308198928833,27.740126329345046,-0.00440527451861028,11.02465877532959,0.9530162215232849,0.005022375442786142,-191.49349457770586,35.609393940414115,4.0,1.1264849066734315,
496000,614.735344171524,-194.63775968551636,25.396948348609442,-0.0026046452831069546,8.579232263565064,0.9483054637908935,0.006994266808032989,-191.49349457770586,35.609393940414115,4.0,1.0953488945960999,
500000,620.1404292583466,-196.11228442192078,36.92831368978574,-0.005802462696408228,11.914609241485596,0.9878804087638855,0.0038106085266917944,-191.49349457770586,35.609393940414115,4.0,1.061530840396881,
504000,625.5292227268219,-197.21272218227386,38.18121235468377,-0.0042975976868765645,10.413832855224609,0.9636325478553772,0.0035614968684967606,-191.49349457770586,35.609393940414115,4.0,1.092147946357727,
508000,630.9143319129944,-189.82251977920532,34.28369279260468,-0.002406065635460741,12.642400169372559,0.9599910080432892,0.0049693894980009645,-191.49349457770586,35.609393940414115,4.0,1.1112408995628358,
512000,636.3090567588806,-193.32227659225464,32.78457888630812,-0.002211233709337357,11.947084331512452,0.9304657876491547,0.006291215005330741,-191.49349457770586,35.609393940414115,4.0,1.1263291120529175,
516000,641.7122604846954,-191.5343235731125,32.99713877253016,-0.004008480036902906,9.866981840133667,0.9047386527061463,0.01564161520358178,-191.49349457770586,35.609393940414115,4.0,1.1450741291046143,
520000,647.1297872066498,-193.77662575244904,31.77227069205498,-0.00460538283595815,11.17332820892334,0.9528362929821015,0.008190605242270976,-191.49349457770586,35.609393940414115,4.0,1.0986812949180602,
524000,659.7558209896088,-191.8140572309494,30.000101588320543,-0.00356667512919131,10.804615116119384,0.9763224184513092,0.00549468473798091,-190.99270629882812,29.48711924123633,4.0,1.1416190147399903,
528000,665.3290374279022,-198.27452421188354,38.65479463994361,-0.0031554275532252873,15.972988700866699,0.9647030353546142,0.0035188975278288128,-190.99270629882812,29.48711924123633,4.0,1.1260685324668884,
532000,670.8942229747772,-190.25747919082642,33.92772286218988,-0.0039434450360325,16.59202651977539,1.0486985564231872,0.005302510221372359,-190.99270629882812,29.48711924123633,4.0,1.11653014421463,
536000,676.4835045337677,-191.54071378707886,31.669615189760933,-0.002593259486835464,15.583441066741944,1.0083973407745361,0.006448864472098648,-190.99270629882812,29.48711924123633,4.0,1.080376183986664,
540000,682.0409064292908,-195.25371515750885,37.72415487626567,-0.0024531744004537615,12.945393276214599,1.0073200941085816,0.006899097199784587,-190.99270629882812,29.48711924123633,4.0,1.0753320574760437,
544000,687.6130900382996,-191.8224309682846,31.94442579241796,-0.0040656201321787044,8.681716394424438,1.0441417574882508,0.006284401829082853,-190.99270629882812,29.48711924123633,4.0,1.0099595189094543,
548000,693.2207810878754,-188.45711946487427,33.182112544164845,-0.003497980278179469,12.694781970977782,1.0764241218566895,0.00507171761531694,-190.99270629882812,29.48711924123633,4.0,1.0565486669540405,
552000,698.85977435112,-196.17004656791687,32.77581523104789,-0.003096494357805213,9.863052034378052,1.027128565311432,0.00912608343642205,-190.99270629882812,29.48711924123633,4.0,1.0783562541007996,
556000,704.4129102230072,-194.42143774032593,28.379929703325704,-0.0046571501880438015,14.946683216094971,1.0238749146461488,0.0053485369984215825,-190.99270629882812,29.48711924123633,4.0,1.0130584359169006,
560000,710.0254032611847,-190.4258213043213,31.916473459177187,-0.0046242891267562316,12.246857833862304,0.9815231025218963,0.0038636701027862765,-190.99270629882812,29.48711924123633,4.0,1.0106550812721253,
564000,722.7470173835754,-194.6710593700409,30.00645900736187,-0.0034070248704713537,13.277472114562988,0.9616921603679657,0.008142808725824579,-191.6574717015028,28.13490860379599,4.0,1.0953719854354858,
568000,728.3193638324738,-187.31887876987457,29.241457952105606,-0.005768231653686007,9.538300561904908,0.9639925718307495,0.00752884226385504,-191.6574717015028,28.13490860379599,4.0,1.0170272588729858,
572000,733.7613232135773,-205.1550658941269,37.585877642992855,-0.0040532794160728965,14.050850200653077,0.9440394878387451,0.003806559048825875,-191.6574717015028,28.13490860379599,4.0,0.9971970558166504,
576000,739.1649866104126,-202.39366126060486,32.80885069326326,-0.004346180101390829,13.245464706420899,0.9353607892990112,0.001976777620438952,-191.6574717015028,28.13490860379599,4.0,0.9994937419891358,
580000,744.7311263084412,-193.761949300766,36.538200491516896,-0.002523810388597969,12.590496730804443,0.8929400265216827,0.0027981371893911256,-191.6574717015028,28.13490860379599,4.0,0.9789512395858765,
584000,750.3195345401764,-195.05189776420593,36.60271329429549,-0.004119891987182189,11.181991004943848,0.8759113907814026,0.006456815593177456,-191.6574717015028,28.13490860379599,4.0,0.9891486763954163,
588000,755.7696018218994,-198.14773058891296,32.66817540149145,-0.004406849344105801,9.71159405708313,0.8921994745731354,0.003327293452457525,-191.6574717015028,28.13490860379599,4.0,1.0307483434677125,
592000,761.2995455265045,-192.76498675346375,29.656412661704298,-0.004410946041190378,11.375749683380127,0.8869618237018585,0.002956435772328403,-191.6574717015028,28.13490860379599,4.0,0.9649286210536957,
596000,766.8647034168243,-199.14158821105957,33.72485558348831,-0.002661180944686414,13.749840831756591,0.8475811660289765,0.0032683795519211955,-191.6574717015028,28.13490860379599,4.0,0.9070528209209442,
600000,772.4994039535522,-187.62897849082947,25.25271392093828,-0.002989414203679175,9.286541032791138,0.8001235783100128,0.00126244475832209,-191.6574717015028,28.13490860379599,4.0,0.9639359891414643,
604000,785.2266204357147,-196.56555581092834,35.782771025189,-0.0027551012433444377,8.940863800048827,0.855123120546341,0.00407186406373512,-202.23693834245205,38.89601585140818,4.0,0.993963897228241,
608000,790.6514222621918,-192.02253758907318,33.61344181682098,-0.0021786590392002926,11.79748888015747,0.8047303199768067,0.002199750074214535,-202.23693834245205,38.89601585140818,4.0,0.9889325261116028,
612000,796.2144477367401,-191.47295475006104,28.99515969883292,-0.0021745755595523166,16.47802619934082,0.8111942112445831,0.005377626593690366,-202.23693834245205,38.89601585140818,4.0,1.000102162361145,
616000,801.8128814697266,-199.81739974021912,36.210544499162125,-0.0002762236540050367,14.737758159637451,0.7866344809532165,0.005226902328286087,-202.23693834245205,38.89601585140818,4.0,0.9682111024856568,
620000,807.3787519931793,-190.49827313423157,30.76648809162243,-0.0030065961510116423,13.415974426269532,0.766984498500824,0.00400734998829042,-202.23693834245205,38.89601585140818,4.0,1.0167165398597717,
624000,813.0063128471375,-200.780442237854,36.51117606771916,-0.0026239971068377278,14.718205738067628,0.7336421489715577,0.0037528655739151873,-202.23693834245205,38.89601585140818,4.0,1.0109613418579102,
628000,818.6032836437225,-196.3915594816208,32.24694730846306,-0.0031280303295158516,13.977532196044923,0.8232408881187439,0.004820927689705679,-202.23693834245205,38.89601585140818,4.0,1.0029845595359803,
632000,824.1345992088318,-196.02940952777863,39.20062397564865,-0.0031621725407118494,11.542645740509034,0.8144022464752197,0.006385187967680395,-202.23693834245205,38.89601585140818,4.0,1.0212191820144654,
636000,829.3602964878082,-191.06781649589539,28.25738626691249,-0.0046296763825230515,9.084922361373902,0.8946714699268341,0.004727401828859001,-202.23693834245205,38.89601585140818,4.0,1.0185810208320618,
640000,834.6094028949738,-192.315199136734,31.591621196123665,-0.003217468728156181,10.3925705909729,0.8950029194355011,0.0061896866322495026,-202.23693834245205,38.89601585140818,4.0,1.002575159072876,
644000,846.0419986248016,-190.07052636146545,34.335944567628665,-0.003374258903631322,9.768659210205078,0.9431039810180664,0.00454633067175747,-193.61994989961386,31.887066809458222,4.0,0.9759215295314789,
648000,851.2747492790222,-195.25749468803406,31.568921661676857,-0.0034403388673381443,10.835285472869874,0.9252652704715729,0.00575981343863532,-193.61994989961386,31.887066809458222,4.0,1.0451507687568664,
652000,856.4749653339386,-195.77645182609558,31.33968647361368,-0.004081901461991944,11.526607990264893,0.9335927784442901,0.004383000417457294,-193.61994989961386,31.887066809458222,4.0,1.0494338035583497,
656000,861.6583921909332,-185.77112865447998,29.6455738640502,-0.0038106179009676834,6.594313049316407,0.9414473891258239,0.003801625860952007,-193.61994989961386,31.887066809458222,4.0,0.9967185318470001,
660000,866.9072556495667,-205.50050175189972,39.7036475139108,-0.0032274917531806223,13.246619510650635,0.9401113212108612,0.005983420452685096,-193.61994989961386,31.887066809458222,4.0,0.9246993899345398,
664000,872.2129187583923,-199.22317957878113,28.520233934338286,-0.004132181989649953,11.932612037658691,0.9694606959819794,0.005279920261818916,-193.61994989961386,31.887066809458222,4.0,1.0149530053138733,
668000,877.5405075550079,-192.56338930130005,30.269323449060213,-0.004308585432202872,7.371868562698364,0.9547550082206726,0.006476952122369184,-193.61994989961386,31.887066809458222,4.0,0.9650770485401153,
672000,882.8740928173065,-198.97632956504822,34.89519870940612,-0.003201721439972438,11.084389114379883,0.9539369940757751,0.005384956031191291,-193.61994989961386,31.887066809458222,4.0,0.9959409177303314,
676000,888.196747303009,-193.67369079589844,29.922566566263452,-0.003021689223591295,10.353534412384032,0.9932217359542846,0.006828966152078161,-193.61994989961386,31.887066809458222,4.0,0.9797567129135132,
680000,893.5367321968079,-196.09746432304382,31.731416820666848,-0.0036713789726491087,8.315353965759277,0.950526374578476,0.005093052289138239,-193.61994989961386,31.887066809458222,4.0,0.973036813735962,
684000,905.4566943645477,-202.44181942939758,31.511250929556343,-0.0036144225556636656,12.642748069763183,0.9875475704669953,0.007820899272337556,-193.41320906579494,30.021271733350254,4.0,1.0352579593658446,
688000,910.8044171333313,-187.77270698547363,30.62265910897244,-0.004305173927025563,11.48535614013672,0.9446721374988556,0.005025895007420322,-193.41320906579494,30.021271733350254,4.0,1.0249215126037599,
692000,916.1274991035461,-189.9001166820526,27.31131887088772,-0.0044566442704429225,7.905162620544433,0.9179688096046448,0.013851413829252123,-193.41320906579494,30.021271733350254,4.0,1.0084381103515625,
696000,921.4760746955872,-191.11184287071228,30.477553718545796,-0.004045137119169029,9.614773750305176,0.9326328456401825,0.006341606643283759,-193.41320906579494,30.021271733350254,4.0,1.019365704059601,
700000,926.8100919723511,-190.20616543293,27.206572142492917,-0.00529825043515304,7.822298860549926,0.9212336957454681,0.006009740840566024,-193.41320906579494,30.021271733350254,4.0,1.0123592734336853,
704000,932.1327819824219,-192.48281812667847,33.93339203096952,-0.0026982986421789867,13.740379047393798,0.8971500754356384,0.003921337271536096,-193.41320906579494,30.021271733350254,4.0,0.9688106894493103,
708000,937.4599726200104,-194.6192307472229,34.15724838304452,-0.0034846482442226546,11.190342617034911,0.9332531511783599,0.003840425216185395,-193.41320906579494,30.021271733350254,4.0,0.9870104789733887,
712000,941.4000787734985,-194.4720368385315,32.716465664667176,-0.0032213754108962435,13.340165710449218,0.9362446010112763,0.006952836969867348,-193.41320906579494,30.021271733350254,4.0,0.9559312343597413,
716000,944.2498800754547,-195.97782683372498,35.1743351658556,-0.004202652313358457,14.505508708953858,0.9450614869594574,0.005244415148627013,-193.41320906579494,30.021271733350254,4.0,0.966977447271347,
720000,947.1336879730225,-192.3975019454956,29.583081698951595,-0.005270795728700861,9.221449184417725,0.919136917591095,0.0062366699334234,-193.41320906579494,30.021271733350254,4.0,0.996869969367981,
724000,951.6134767532349,-195.00875043869019,32.45961609363506,-0.0062324958083530115,11.148489856719971,0.9094721734523773,0.006629641973258327,-190.62775939702988,28.065777791867344,4.0,0.9446015596389771,
728000,954.611608505249,-194.98787021636963,29.775999285123977,-0.005869054767147918,8.458955812454224,0.8956073105335236,0.0035339787355042063,-190.62775939702988,28.065777791867344,4.0,0.9747292399406433,
732000,957.6298224925995,-194.4932463169098,37.56061005248429,-0.004299051178056601,14.054719352722168,0.8960215330123902,0.0062989240578220414,-190.62775939702988,28.065777791867344,4.0,0.9672232329845428,
736000,960.6512463092804,-191.85510897636414,32.51436391903986,-0.005052856750941514,9.117011022567748,0.925721800327301,0.005213261913741008,-190.62775939702988,28.065777791867344,4.0,0.9384418904781342,
740000,963.6507842540741,-197.10030245780945,26.776405362405544,-0.004693929717332757,8.577359390258788,0.8970715582370759,0.004726130712893795,-190.62775939702988,28.065777791867344,4.0,0.9521332800388336,
744000,966.6495666503906,-196.57675433158875,29.847995790457006,-0.005319765051671599,8.694431734085082,0.8808163166046142,0.0038354309974238275,-190.62775939702988,28.065777791867344,4.0,0.9083905398845673,
748000,969.6661863327026,-194.67723262310028,31.659630340517094,-0.004288127233817551,8.709522438049316,0.8842466056346894,0.002253492052511641,-190.62775939702988,28.065777791867344,4.0,0.9087721586227417,
752000,972.6682488918304,-196.3598691225052,33.41541839222085,-0.004051210031689401,11.157699966430664,0.9058451890945435,0.0062842370010912415,-190.62775939702988,28.065777791867344,4.0,0.9635511577129364,
756000,975.6877880096436,-192.6935520172119,32.96660005509334,-0.005348014799994427,10.603445339202882,0.8602766990661621,0.002706252140342258,-190.62775939702988,28.065777791867344,4.0,0.9676006317138672,
760000,978.6722016334534,-195.71533632278442,35.27022641354858,-0.003702002132098059,15.783695125579834,0.8169802606105805,0.004970529431011528,-190.62775939702988,28.065777791867344,4.0,0.9257857739925385,
764000,983.0847597122192,-187.38525652885437,34.593740277241615,-0.005239640083707186,9.495034646987914,0.8292690455913544,0.007190072169760242,-196.28814114630222,30.72250233618354,4.0,0.9429740726947784,
768000,986.092013835907,-187.70408034324646,35.839325518766906,-0.0041168057989368735,13.444136047363282,0.8317430794239045,0.0049735402852917774,-196.28814114630222,30.72250233618354,4.0,0.9784900128841401,
772000,989.1073708534241,-191.77657675743103,38.86663483908753,-0.004814397241454671,11.246874618530274,0.8435558199882507,0.005611685279291123,-196.28814114630222,30.72250233618354,4.0,0.9872545063495636,
776000,992.1300542354584,-190.8109313249588,36.21456319565539,-0.005270710627975283,13.113812351226807,0.863209855556488,0.004759313417326982,-196.28814114630222,30.72250233618354,4.0,1.0098856210708618,
780000,995.1019287109375,-185.03249037265778,36.00160032438564,-0.006468487028575809,9.30243215560913,0.8656566083431244,0.005322039076233831,-196.28814114630222,30.72250233618354,4.0,0.9554827570915222,
784000,998.1142790317535,-196.60389924049377,34.96680349475771,-0.004592563707847131,13.120965766906739,0.8552979111671448,0.004226237535476685,-196.28814114630222,30.72250233618354,4.0,0.916976523399353,
788000,1001.0599775314331,-187.84901893138885,29.395813620229283,-0.0038940231665037573,12.19401569366455,0.8601183235645294,0.0028893293392805663,-196.28814114630222,30.72250233618354,4.0,0.9125660240650177,
792000,1003.8504726886749,-192.7720923423767,37.09575286407459,-0.005075565428240214,12.884256553649902,0.8580223321914673,0.00254196643945761,-196.28814114630222,30.72250233618354,4.0,0.8573179125785828,
796000,1006.6425597667694,-199.8518238067627,34.24984612294864,-0.0029476025345890554,10.530262184143066,0.8787661671638489,0.004327429831027985,-196.28814114630222,30.72250233618354,4.0,0.9334292590618134,
800000,1009.5033488273621,-189.27179837226868,31.400372953930095,-0.004810737989842906,7.9923076152801515,0.8760914623737335,0.005934790667379275,-196.28814114630222,30.72250233618354,4.0,0.9079900085926056,
804000,1013.8844830989838,-184.753164768219,31.381096724567243,-0.0040239959607715646,8.720005226135253,0.8402804672718048,0.005799519636435502,-187.9006860628724,29.258000931231166,4.0,0.9344380021095275,
808000,1016.868759393692,-199.67094612121582,28.87836449309564,-0.004371290246723225,9.645956373214721,0.8502250850200653,0.004192712412623223,-187.9006860628724,29.258000931231166,4.0,0.8612603127956391,
812000,1019.850914478302,-199.59842944145203,31.024929961933054,-0.004223927847730557,12.189353370666504,0.8543749749660492,0.005752505310112621,-187.9006860628724,29.258000931231166,4.0,0.8600194990634918,
816000,1022.8287734985352,-196.48828792572021,29.339981218001007,-0.0035026930584571405,7.831141090393066,0.8819607734680176,0.00432482487813104,-187.9006860628724,29.258000931231166,4.0,0.9148664116859436,
820000,1025.816065788269,-197.3050355911255,33.37216156525747,-0.004565259303121572,8.015895318984985,0.8944090068340301,0.004604482615832239,-187.9006860628724,29.258000931231166,4.0,0.8601406395435334,
824000,1028.821739435196,-192.11901330947876,29.529991473420385,-0.006531252362610207,8.62953462600708,0.9041550099849701,0.003888705089048017,-187.9006860628724,29.258000931231166,4.0,0.8332390129566193,
828000,1031.8095870018005,-197.65344953536987,39.32683385339302,-0.003655401122135338,8.9295147895813,0.9050577938556671,0.005892554711317643,-187.9006860628724,29.258000931231166,4.0,0.8928835272789002,
832000,1034.791374206543,-201.97991037368774,29.373340127747554,-0.004735529033234353,8.664123487472533,0.8974336445331573,0.004485147293385427,-187.9006860628724,29.258000931231166,4.0,0.8655342340469361,
836000,1037.8034238815308,-195.58849561214447,30.465728065041034,-0.005358967304074547,7.557904672622681,0.8312765061855316,0.004390175081789493,-187.9006860628724,29.258000931231166,4.0,0.8523336946964264,
840000,1040.7559905052185,-192.91829109191895,37.20901224856059,-0.002924906095819724,13.085813903808594,0.7827255606651307,0.0021606257651001215,-187.9006860628724,29.258000931231166,4.0,0.8574471414089203,
844000,1044.9483397006989,-191.06197500228882,28.983692026919012,-0.003510124940852055,9.325411939620972,0.8131280303001404,0.0034616357984147417,-192.1259869337082,29.505931237352808,4.0,0.8152070462703704,
848000,1047.7562549114227,-193.07566487789154,33.968943232400555,-0.003581620868799895,10.115539646148681,0.7272219896316529,0.007210006366949529,-192.1259869337082,29.505931237352808,4.0,0.8113089799880981,
852000,1050.5736989974976,-200.77595782279968,28.156821355101307,-0.0046122464331953775,8.167828798294067,0.7637404680252076,0.003172366798389703,-192.1259869337082,29.505931237352808,4.0,0.8209257483482361,
856000,1053.3792111873627,-187.9326022863388,35.45638032852968,-0.005178637298289601,8.71748332977295,0.7463713526725769,0.005439659848246592,-192.1259869337082,29.505931237352808,4.0,0.838644003868103,
860000,1056.2018949985504,-192.25984025001526,34.88613493002139,-0.005453937925398345,8.22958517074585,0.8184153378009796,0.003509293008440517,-192.1259869337082,29.505931237352808,4.0,0.8286409080028534,
864000,1059.0229969024658,-193.66857779026031,33.88510572321607,-0.0038082751923163016,8.28884997367859,0.8377014756202698,0.005986590694636118,-192.1259869337082,29.505931237352808,4.0,0.8204092800617218,
868000,1061.8516952991486,-193.7479326725006,29.01518716319428,-0.005400111055467338,7.43480429649353,0.8360520541667938,0.0054120245779243625,-192.1259869337082,29.505931237352808,4.0,0.8090276837348938,
872000,1064.8255002498627,-196.7822301387787,36.090144144813245,-0.0035326822452868,9.912195873260497,0.8153142988681793,0.00522748261348655,-192.1259869337082,29.505931237352808,4.0,0.7706034183502197,
876000,1067.8056919574738,-195.87924146652222,33.908663829463016,-0.005793473022524265,6.505182218551636,0.7698660492897034,0.005488976008947599,-192.1259869337082,29.505931237352808,4.0,0.8377137839794159,
880000,1070.779272556305,-195.83824348449707,33.38610929726602,-0.004372323426107538,11.87765417098999,0.8318520665168763,0.003579758625710383,-192.1259869337082,29.505931237352808,4.0,0.7720847368240357,
884000,1075.2357268333435,-197.06998991966248,37.30304914864501,-0.0064439959167502895,9.437630701065064,0.8592693507671356,0.0033205661707615963,-197.79124054312706,35.101602089494804,4.0,0.7608434557914734,
888000,1078.2588720321655,-196.56929278373718,36.28054583693093,-0.004847760572874282,8.938162517547607,0.8203389108181,0.004631720661884176,-197.79124054312706,35.101602089494804,4.0,0.8412743866443634,
892000,1081.257157087326,-185.32479739189148,28.137271088598524,-0.004458128138522932,5.90669355392456,0.7685184061527253,0.001956192101817589,-197.79124054312706,35.101602089494804,4.0,0.7997617244720459,
896000,1084.2314732074738,-191.27911365032196,33.77647093007716,-0.003920027757762057,12.85676555633545,0.7965657353401184,0.004288831397697024,-197.79124054312706,35.101602089494804,4.0,0.8304103374481201,
900000,1087.2281289100647,-189.5545814037323,33.120291793348194,-0.004411797429046871,14.11243553161621,0.7673355937004089,0.007287086523137987,-197.79124054312706,35.101602089494804,4.0,0.835427314043045,
904000,1090.2008786201477,-194.89925384521484,27.85255128491891,-0.0038176249237730888,8.079057121276856,0.7436103403568268,0.0032071399502456186,-197.79124054312706,35.101602089494804,4.0,0.7839916229248047,
908000,1093.1894807815552,-192.88093829154968,32.23398023759306,-0.004860507542345083,8.72930188179016,0.760807478427887,0.0007452998679752465,-197.79124054312706,35.101602089494804,4.0,0.8796751976013184,
912000,1096.1639456748962,-192.3840947151184,32.96229431829338,-0.005067093434588355,8.677709007263184,0.7992681562900543,0.005948681867448613,-197.79124054312706,35.101602089494804,4.0,0.80426225066185,
916000,1099.1658639907837,-194.35648584365845,34.587250252939164,-0.004358279589951675,8.519168519973755,0.8840777695178985,0.005899035608551162,-197.79124054312706,35.101602089494804,4.0,0.7974012136459351,
920000,1102.1444504261017,-189.86755466461182,28.37826626678864,-0.006360441614408074,7.027044439315796,0.8793255090713501,0.0034408821739877276,-197.79124054312706,35.101602089494804,4.0,0.8672793090343476,
924000,1106.3904826641083,-194.2393593788147,32.407869177364894,-0.005140725590599082,5.698039722442627,0.8923711597919464,0.005921774683520198,-193.47178917378187,34.842169987933445,4.0,0.8103035092353821,
928000,1109.223438501358,-189.11059856414795,24.75620445865047,-0.004667687547005084,7.951783657073975,0.893864095211029,0.005638028527027927,-193.47178917378187,34.842169987933445,4.0,0.7335049927234649,
932000,1112.043841600418,-191.85059022903442,31.671503528959505,-0.006939941867254796,9.857400131225585,0.9112697422504425,0.005893430949790268,-193.47178917378187,34.842169987933445,4.0,0.7958309054374695,
936000,1114.8582899570465,-193.28480803966522,34.14766252867285,-0.004185447805173071,9.477480840682983,0.9154535055160522,0.0041704861039761456,-193.47178917378187,34.842169987933445,4.0,0.7941241085529327,
940000,1117.662798166275,-189.82401847839355,34.14654854202873,-0.004375251464778529,8.10213942527771,0.9176293969154358,0.006033836203627296,-193.47178917378187,34.842169987933445,4.0,0.7714120984077454,
944000,1120.4825320243835,-188.08707082271576,28.841560348957707,-0.005217777230621667,8.070912218093872,0.9434693992137909,0.006102002260585682,-193.47178917378187,34.842169987933445,4.0,0.7011471390724182,
948000,1123.312701702118,-193.2309114933014,34.97121687550248,-0.005128374928608537,7.497743844985962,0.9285483717918396,0.008832128305220977,-193.47178917378187,34.842169987933445,4.0,0.7765755474567413,
952000,1126.1199262142181,-195.3879520893097,33.733798703068395,-0.005507530333396638,7.979463720321656,0.9571127235889435,0.004509846278699126,-193.47178917378187,34.842169987933445,4.0,0.6891292929649353,
956000,1128.9540383815765,-193.42311429977417,28.968901266458,-0.004913167553643394,8.529130268096925,0.9449522197246552,0.005397955599629012,-193.47178917378187,34.842169987933445,4.0,0.7183914363384247,
960000,1131.811530828476,-195.3627964258194,37.8937265644551,-0.0034296476659558817,10.72299747467041,0.8950285315513611,0.00412542097910773,-193.47178917378187,34.842169987933445,4.0,0.7354267477989197,
964000,1136.074411392212,-186.82879209518433,28.529952658084742,-0.005942054990678969,7.555702877044678,0.8600927054882049,0.00686170979018792,-188.99731793999672,34.14216387110003,4.0,0.7527784764766693,
968000,1139.047524690628,-195.1274380683899,30.82330057091121,-0.005540154022552724,10.764849376678466,0.8760004162788391,0.0013949344183008083,-188.99731793999672,34.14216387110003,4.0,0.7307072758674622,
972000,1142.0508403778076,-187.3578028678894,33.33386515100916,-0.004826798380042074,12.488758850097657,0.8723922073841095,0.006078007386531681,-188.99731793999672,34.14216387110003,4.0,0.725169962644577,
976000,1145.0607652664185,-193.98861384391785,31.025387118172414,-0.006071668891313919,7.893030261993408,0.8549502074718476,0.005325385989272036,-188.99731793999672,34.14216387110003,4.0,0.7389118790626525,
980000,1148.067903995514,-187.4255781173706,29.86098504418769,-0.0055670511076071575,6.671741771697998,0.861456698179245,0.004348119313362986,-188.99731793999672,34.14216387110003,4.0,0.7325041830539704,
984000,1151.070407152176,-189.4850823879242,33.74036693562154,-0.004154982204393765,9.225941371917724,0.8608242809772492,0.003560921869939193,-188.99731793999672,34.14216387110003,4.0,0.7175524055957794,
988000,1154.0691497325897,-197.24492049217224,36.8831462368361,-0.003962990671900713,12.752227115631104,0.8637459099292755,0.005273457281446703,-188.99731793999672,34.14216387110003,4.0,0.7356135666370391,
992000,1157.067216873169,-182.62585544586182,27.588389579924154,-0.0077744073434733,8.012260246276856,0.8527233600616455,0.00539921518252231,-188.99731793999672,34.14216387110003,4.0,0.7871001541614533,
996000,1160.0953104496002,-185.22276163101196,34.04318368959729,-0.006269365821887418,9.33388032913208,0.8843927264213562,0.00536327359119122,-188.99731793999672,34.14216387110003,4.0,0.7635835349559784,
1000000,1163.1208293437958,-189.23651659488678,36.19642240973066,-0.004115919431671511,9.26570496559143,0.8990860283374786,0.004198430990800262,-188.99731793999672,34.14216387110003,4.0,0.7303583681583404,
1004000,1167.4263808727264,-186.6193401813507,28.76444052795676,-0.005089348855273179,8.193957233428955,0.8800973951816559,0.008612684093570966,-191.5649175271392,35.076431500346374,4.0,0.7385115385055542,
1008000,1170.3965010643005,-189.57236242294312,35.35696707027111,-0.005515244873046399,7.1201213836669925,0.8833992600440979,0.001726051768491743,-191.5649175271392,35.076431500346374,4.0,0.6840975761413575,
1012000,1173.3595576286316,-192.08281934261322,33.13511262162149,-0.00657735773796837,8.168137168884277,0.8721197724342347,0.007256451720604673,-191.5649175271392,35.076431500346374,4.0,0.7248686492443085,
1016000,1176.3523797988892,-193.15064764022827,35.5764982876783,-0.004215068068355343,11.772019386291504,0.8697908282279968,0.0057123346952721475,-191.5649175271392,35.076431500346374,4.0,0.6471819162368775,
1020000,1179.3561062812805,-197.95157289505005,41.46958736859089,-0.004948963707817366,11.239027404785157,0.7786203920841217,0.0035895763081498443,-191.5649175271392,35.076431500346374,4.0,0.7090215146541595,
1024000,1182.3284754753113,-197.65852069854736,36.85272095213189,-0.0042642746861868645,11.213453102111817,0.811941510438919,0.001471695292275399,-191.5649175271392,35.076431500346374,4.0,0.70706125497818,
1028000,1185.3698558807373,-192.33545231819153,31.072508777171283,-0.006184512369179473,7.383133220672607,0.7814778089523315,0.004965635321103079,-191.5649175271392,35.076431500346374,4.0,0.7235093653202057,
1032000,1188.3720507621765,-190.05509400367737,31.783973177660464,-0.005320901685083879,7.79747166633606,0.7017128944396973,0.0025121630843107923,-191.5649175271392,35.076431500346374,4.0,0.6615067481994629,
1036000,1191.3809757232666,-195.1463656425476,33.49135605102827,-0.006002626837852099,9.766134023666382,0.7810455322265625,0.005323190719354898,-191.5649175271392,35.076431500346374,4.0,0.6207403182983399,
1040000,1194.2685813903809,-187.5071861743927,36.429096165082015,-0.004275076202893008,10.375380897521973,0.7695800542831421,0.003950141470704693,-191.5649175271392,35.076431500346374,4.0,0.6605441033840179,
1044000,1198.4124937057495,-194.3349928855896,31.817050607636066,-0.004845331959853238,9.129443264007568,0.7794168293476105,0.004519191573626236,-193.82674649357796,35.36541048806496,4.0,0.6879117131233216,
1048000,1201.2126648426056,-191.79470872879028,34.070190766960515,-0.006062341765811041,7.743754482269287,0.7983979642391205,0.004202368202270002,-193.82674649357796,35.36541048806496,4.0,0.5784765720367432,
1052000,1204.0422673225403,-189.86385560035706,30.25077768606154,-0.003649940328905288,11.127065753936767,0.8006241261959076,0.0062304301711265,-193.82674649357796,35.36541048806496,4.0,0.6588610112667084,
1056000,1207.03222322464,-189.07441210746765,31.38099047699234,-0.004572183373073735,9.343459129333496,0.8095900774002075,0.002544762348406948,-193.82674649357796,35.36541048806496,4.0,0.6411677718162536,
1060000,1210.017382144928,-179.92433738708496,34.178610998451774,-0.005055109878225927,8.186158227920533,0.8025207400321961,0.003769876630317115,-193.82674649357796,35.36541048806496,4.0,0.6383727312088012,
1064000,1212.9940276145935,-186.88389909267426,28.631118636108887,-0.005087677493691434,9.179163646697997,0.7536411046981811,0.005080517474561929,-193.82674649357796,35.36541048806496,4.0,0.6369651913642883,
1068000,1215.959997177124,-200.0224838256836,31.987529291736706,-0.0033439209849262853,9.411816596984863,0.7858726143836975,0.0018617713431012817,-193.82674649357796,35.36541048806496,4.0,0.6429517269134521,
1072000,1218.9467306137085,-193.76524424552917,29.65646898604787,-0.004245464819328237,8.907246971130371,0.7587532818317413,0.005472187144914642,-193.82674649357796,35.36541048806496,4.0,0.697165459394455,
1076000,1221.9325847625732,-196.71544003486633,34.90808985747125,-0.006082944558467673,12.75071678161621,0.8317806363105774,0.004546021780697629,-193.82674649357796,35.36541048806496,4.0,0.6695433735847474,
1080000,1224.9384524822235,-188.89269971847534,31.34030539014046,-0.005826376973573755,8.460680818557739,0.8521925508975983,0.0044359934978807965,-193.82674649357796,35.36541048806496,4.0,0.7034105896949768,
1084000,1229.2615094184875,-189.54800879955292,30.977905638615965,-0.004977517280921706,13.436317729949952,0.8288238108158111,0.004279153937551516,-191.27347875386477,37.153112754985976,4.0,0.6703950464725494,
1088000,1232.2678201198578,-184.49976241588593,30.54128797138837,-0.004220695376861805,10.590492248535156,0.8506391823291779,0.002394962910329923,-191.27347875386477,37.153112754985976,4.0,0.6180012345314025,
1092000,1235.2627310752869,-192.2635931968689,30.880935334124885,-0.004780371069442424,9.203235101699828,0.8595029056072235,0.0072927515034098,-191.27347875386477,37.153112754985976,4.0,0.6716043412685394,
1096000,1238.258497953415,-186.03152704238892,28.78540194871355,-0.006251438589921832,6.681015539169311,0.8928452730178833,0.002923808340448897,-191.27347875386477,37.153112754985976,4.0,0.6183444201946259,
1100000,1241.246920824051,-194.40984201431274,33.329194690570965,-0.005372917578012393,8.863207674026489,0.8853820919990539,0.006102679668770516,-191.27347875386477,37.153112754985976,4.0,0.6220571577548981,
1104000,1244.248701095581,-201.61123287677765,36.87920895577697,-0.004428467017908932,9.002508926391602,0.8806698322296143,0.0044155794402080065,-191.27347875386477,37.153112754985976,4.0,0.5797625243663788,
1108000,1247.2392938137054,-192.73690056800842,33.68901322162261,-0.005604619224245333,8.595774698257447,0.8402095377445221,0.006685096153523773,-191.27347875386477,37.153112754985976,4.0,0.5986043512821198,
1112000,1250.2509393692017,-191.69778907299042,31.067199696679836,-0.006992486404099818,6.7868176937103275,0.8223529756069183,0.006183883571065962,-191.27347875386477,37.153112754985976,4.0,0.5917465388774872,
1116000,1253.2921707630157,-193.75174486637115,35.319011759236865,-0.0055402937803882505,10.043514251708984,0.8456017792224884,0.007894249396282249,-191.27347875386477,37.153112754985976,4.0,0.589159095287323,
1120000,1256.2879688739777,-190.6258248090744,30.008130382860347,-0.0062929330241555895,8.767723321914673,0.824626874923706,0.004408518409511708,-191.27347875386477,37.153112754985976,4.0,0.5659168541431427,
1124000,1260.704785823822,-197.61376547813416,31.578040551292275,-0.006509706907284673,5.349963569641114,0.8593324065208435,0.006229970350706338,-197.80225259065628,34.66078287411686,4.0,0.6086712539196014,
1128000,1263.5583114624023,-194.53884828090668,30.43825810939586,-0.004128489537707836,8.905550479888916,0.821506553888321,0.005068442196294232,-197.80225259065628,34.66078287411686,4.0,0.5947948694229126,
1132000,1266.371720790863,-187.62850093841553,34.28800692174718,-0.006934517936936313,6.821267461776733,0.8451083183288575,0.003362047381233424,-197.80225259065628,34.66078287411686,4.0,0.5836316466331481,
1136000,1269.1914842128754,-195.8322547674179,34.062027404724255,-0.004428007062369321,9.255313444137574,0.8495527267456054,0.0047539822407998145,-197.80225259065628,34.66078287411686,4.0,0.5693581461906433,
1140000,1271.991397857666,-191.29736399650574,29.74952481798853,-0.005600159358272017,6.5841528415679935,0.8848012864589692,0.005607310365070628,-197.80225259065628,34.66078287411686,4.0,0.5574129760265351,
1144000,1274.8077800273895,-192.50958931446075,32.61500856426265,-0.004816446924713081,10.983938217163086,0.8485260903835297,0.0027159934775506044,-197.80225259065628,34.66078287411686,4.0,0.5548135101795196,
1148000,1277.6273381710052,-195.197385430336,29.386312709638904,-0.00547080252505836,8.095169353485108,0.8137812554836273,0.003565948137838859,-197.80225259065628,34.66078287411686,4.0,0.5529866933822631,
1152000,1280.4405446052551,-198.76592183113098,32.27028451419206,-0.005162232142950707,9.89041976928711,0.7837616622447967,0.0023166525368651493,-197.80225259065628,34.66078287411686,4.0,0.5387692391872406,
1156000,1283.3764872550964,-195.7325394153595,31.52521569449813,-0.0046157380918351535,11.231937313079834,0.8209664285182953,0.0031192897577032807,-197.80225259065628,34.66078287411686,4.0,0.5875384688377381,
1160000,1286.4110960960388,-198.03356051445007,30.19287991582544,-0.007205888625855206,5.584961700439453,0.8567531645298004,0.006000417720861151,-197.80225259065628,34.66078287411686,4.0,0.5627886474132537,
1164000,1290.7247955799103,-189.77541518211365,30.72851705251279,-0.007075439892554014,8.606765651702881,0.8747322082519531,0.006959862331859768,-191.87010561674833,26.215625790510394,4.0,0.5940213143825531,
1168000,1293.7374603748322,-191.00040185451508,33.30382725261482,-0.005897800040897039,9.60115737915039,0.8986154019832611,0.0032773254351923242,-191.87010561674833,26.215625790510394,4.0,0.5476471781730652,
1172000,1296.7398519515991,-195.03074443340302,32.29106454079015,-0.005618390397168582,7.1665575981140135,0.8470795929431916,0.006871696631424129,-191.87010561674833,26.215625790510394,4.0,0.5622323274612426,
1176000,1299.7686338424683,-182.94188737869263,35.547437044385376,-0.004600658994866525,12.10349473953247,0.8291696548461914,0.006649290677160025,-191.87010561674833,26.215625790510394,4.0,0.5978778541088104,
1180000,1302.7702038288116,-187.6567726135254,28.68814107405339,-0.006428871492544808,8.111282205581665,0.8875232577323914,0.005817328519886367,-191.87010561674833,26.215625790510394,4.0,0.5247831284999848,
1184000,1305.7562086582184,-192.94989037513733,35.26240372037942,-0.003281513657110402,9.358078384399414,0.8684642493724823,0.003515715154567012,-191.87010561674833,26.215625790510394,4.0,0.5415726959705353,
1188000,1308.7510521411896,-198.72696328163147,38.529806826696884,-0.006916243641870068,8.541139793395995,0.8352095365524292,0.0036979082331527026,-191.87010561674833,26.215625790510394,4.0,0.5236823499202728,
1192000,1311.7333376407623,-190.99724960327148,30.338718467261135,-0.003278635029292998,8.028270530700684,0.8708097100257873,0.00446043231408112,-191.87010561674833,26.215625790510394,4.0,0.5418449640274048,
1196000,1314.74165558815,-190.77229380607605,30.92933281617545,-0.004740833543396406,11.13089542388916,0.8548725008964538,0.006044681114144623,-191.87010561674833,26.215625790510394,4.0,0.5779349148273468,
1200000,1317.751279592514,-188.25080132484436,27.524181783641914,-0.005361405736145875,8.744702529907226,0.8326048433780671,0.005310859173594551,-191.87010561674833,26.215625790510394,4.0,0.561430037021637,
1204000,1322.0708000659943,-189.89106678962708,37.32574613420607,-0.005460519869113334,12.291587829589844,0.8607363164424896,0.006554655676940457,-193.4057538434863,33.654892095276,4.0,0.5497865915298462,
1208000,1325.109700679779,-187.86181950569153,32.33990837533429,-0.005254729112610157,9.503060626983643,0.859179151058197,0.008749969268683344,-193.4057538434863,33.654892095276,4.0,0.5213447749614716,
1212000,1328.1073577404022,-190.88408970832825,27.070179482802608,-0.005403667280916125,7.949493360519409,0.8558991730213166,0.005752981133991852,-193.4057538434863,33.654892095276,4.0,0.5647713541984558,
1216000,1331.1024963855743,-202.34806394577026,30.923432262759164,-0.005328685994725646,8.504647207260131,0.8421508967876434,0.0023835329164285214,-193.4057538434863,33.654892095276,4.0,0.5581086874008179,
1220000,1334.1004424095154,-181.75676715373993,33.685397839775,-0.0045572061542576755,10.093615436553955,0.8268668591976166,0.004619852604810149,-193.4057538434863,33.654892095276,4.0,0.5389469504356384,
1224000,1337.083716392517,-198.34729635715485,33.125666185758185,-0.006383143850757467,14.361859798431396,0.8403722107410431,0.006213184189982712,-193.4057538434863,33.654892095276,4.0,0.5197986364364624,
1228000,1340.0803244113922,-196.8261935710907,32.48250859330752,-0.006281730785577899,10.724274635314941,0.8377230525016784,0.00401147074153414,-193.4057538434863,33.654892095276,4.0,0.5972523212432861,
1232000,1343.069487810135,-187.618004322052,28.142009119150185,-0.008295458301591374,4.969453191757202,0.8182975590229035,0.007770376898891618,-193.4057538434863,33.654892095276,4.0,0.5441015064716339,
1236000,1346.056140422821,-185.4233067035675,29.540865699793468,-0.005553475865550795,6.702944421768189,0.8118221402168274,0.0012641681008972228,-193.4057538434863,33.654892095276,4.0,0.5721926927566529,
1240000,1349.0649299621582,-195.16507256031036,34.622130233365226,-0.006575428750443635,7.44933385848999,0.8395067870616912,0.0012309568997394883,-193.4057538434863,33.654892095276,4.0,0.5238114297389984,
1244000,1353.3832037448883,-191.47080147266388,32.30025967787922,-0.005477344769518844,8.683304452896119,0.8368714213371277,0.0029500884062144904,-193.95524326711893,37.15480666940679,4.0,0.561803787946701,
1248000,1356.3647782802582,-189.4082190990448,33.385545930582445,-0.006623645466131478,8.631228685379028,0.8316622912883759,0.006540765011527894,-193.95524326711893,37.15480666940679,4.0,0.5622992575168609,
1252000,1359.3512346744537,-193.44119834899902,29.075435707970772,-0.003843396530719545,7.297372341156006,0.8259827792644501,0.0036123522935668007,-193.95524326711893,37.15480666940679,4.0,0.5513236463069916,
1256000,1362.341254234314,-197.53172397613525,35.256854007588984,-0.0067202706437868185,8.123662614822388,0.8630717992782593,0.006171355675905943,-193.95524326711893,37.15480666940679,4.0,0.5586601197719574,
1260000,1365.3142321109772,-189.44610369205475,35.61840020220327,-0.00689966951962564,10.032115364074707,0.8798529028892517,0.006542297379928641,-193.95524326711893,37.15480666940679,4.0,0.5411388576030731,
1264000,1368.294991016388,-195.56340527534485,29.969886553864125,-0.004818039265383689,8.702919960021973,0.8441601037979126,0.005758707638597116,-193.95524326711893,37.15480666940679,4.0,0.6099342346191406,
1268000,1371.2778780460358,-191.70645427703857,30.526103972746895,-0.006153315670633064,6.720726537704468,0.875635278224945,0.006140479378557462,-193.95524326711893,37.15480666940679,4.0,0.6097634196281433,
1272000,1374.266731262207,-195.38140678405762,32.961173049247634,-0.00633706287217013,12.271002388000488,0.8330287516117096,0.004707634818012596,-193.95524326711893,37.15480666940679,4.0,0.5862917423248291,
1276000,1377.2851150035858,-189.26216745376587,31.473823756841792,-0.0035608675971161574,9.034498929977417,0.8348839581012726,0.004361267378631339,-193.95524326711893,37.15480666940679,4.0,0.5659661054611206,
1280000,1380.2716073989868,-191.7546342611313,34.52233511442221,-0.0042517103339390514,15.256906414031983,0.876749587059021,0.0035621101326154037,-193.95524326711893,37.15480666940679,4.0,0.5798680543899536,
1284000,1384.5745196342468,-199.70895314216614,35.04949124322083,-0.006095084225293234,17.023695945739746,0.8930041909217834,0.002065520454198122,-189.37196231633425,35.373378435346176,4.0,0.5727809846401215,
1288000,1387.5619552135468,-196.8757541179657,33.589277938998315,-0.005146467301684066,9.225002098083497,0.8653544664382935,0.00559416096098721,-189.37196231633425,35.373378435346176,4.0,0.5108571231365204,
1292000,1390.5632786750793,-191.73897194862366,30.001920977978564,-0.0073586230051393645,6.169192218780518,0.8910095036029816,0.003339937972448159,-189.37196231633425,35.373378435346176,4.0,0.55772465467453,
1296000,1393.5751161575317,-190.3520463705063,32.762689171475174,-0.004904074169346129,6.674254465103149,0.8915763735771179,0.004280116577865556,-189.37196231633425,35.373378435346176,4.0,0.5215388894081116,
1300000,1396.5871322154999,-199.4529047012329,36.08131249209247,-0.005438443007258087,9.703702306747436,0.8513416945934296,0.005618505051825195,-189.37196231633425,35.373378435346176,4.0,0.5146856367588043,
1304000,1399.6084764003754,-192.6249247789383,33.87262392970847,-0.006007663322923041,10.39860496520996,0.8927570104598999,0.0034183880183263683,-189.37196231633425,35.373378435346176,4.0,0.49771433472633364,
1308000,1402.612538099289,-192.22745966911316,31.27321115183593,-0.004238173025504999,9.156528902053832,0.8535169184207916,0.004707411599190287,-189.37196231633425,35.373378435346176,4.0,0.5338499963283538,
1312000,1405.656766653061,-196.41500401496887,37.008401331367395,-0.005839858303467516,14.674771404266357,0.8775121986865997,0.004097677508252673,-189.37196231633425,35.373378435346176,4.0,0.48541086316108706,
1316000,1408.6880419254303,-199.3570694923401,30.84219541613636,-0.007887085980735708,6.814250802993774,0.8539839625358582,0.006703067563648801,-189.37196231633425,35.373378435346176,4.0,0.47835520207881926,
1320000,1411.714227437973,-193.93750619888306,33.89035024443452,-0.005358505280998837,9.467258501052857,0.8454135656356812,0.005966955171742771,-189.37196231633425,35.373378435346176,4.0,0.4747133731842041,
1324000,1416.0551874637604,-189.29120135307312,37.95239387663027,-0.006276128893562882,10.855821514129639,0.8408179461956025,0.0027988271598587745,-195.51286017149687,28.375276280007608,4.0,0.4727522522211075,
1328000,1419.0449035167694,-193.276784658432,29.437988057972003,-0.0047067468587775,9.622559928894043,0.8552940309047699,0.006334848351504973,-195.51286017149687,28.375276280007608,4.0,0.4712249875068665,
1332000,1422.001630306244,-194.24351906776428,33.83887986532301,-0.005187936894440348,11.854234409332275,0.8598825097084045,0.006712661797180797,-195.51286017149687,28.375276280007608,4.0,0.45402229726314547,
1336000,1424.859100818634,-189.39205384254456,33.72008626238884,-0.00679329203488308,8.04637041091919,0.8335855960845947,0.004702538019046187,-195.51286017149687,28.375276280007608,4.0,0.4573387742042542,
1340000,1427.7029049396515,-194.37191772460938,30.86325280730199,-0.005474859503097918,11.01130027770996,0.834344458580017,0.003385751065099618,-195.51286017149687,28.375276280007608,4.0,0.4510142534971237,
1344000,1430.550434589386,-198.04454600811005,40.49558521817094,-0.005242527528355523,11.9542160987854,0.8164517223834992,0.0044693457282846795,-195.51286017149687,28.375276280007608,4.0,0.4532366693019867,
1348000,1433.5058381557465,-187.78679156303406,29.98506441129678,-0.006691068833538649,8.332106351852417,0.8579473853111267,0.004866651936899879,-195.51286017149687,28.375276280007608,4.0,0.47482445538043977,
1352000,1436.5287654399872,-201.74775171279907,31.520211395578134,-0.006174928139584779,9.44102783203125,0.8538205921649933,0.004907765565440059,-195.51286017149687,28.375276280007608,4.0,0.4465319991111755,
1356000,1439.5300526618958,-196.88610434532166,32.08619907009895,-0.005783495894477931,9.065504217147828,0.8493381857872009,0.00615097833215259,-195.51286017149687,28.375276280007608,4.0,0.443952402472496,
1360000,1442.5675411224365,-188.06536054611206,29.362937138267,-0.007829079910802329,6.34936375617981,0.8504822373390197,0.00548171365478387,-195.51286017149687,28.375276280007608,4.0,0.46656493544578553,
1364000,1446.789631843567,-188.72376155853271,30.759307498113877,-0.006217663836277509,8.309859418869019,0.8486604571342469,0.005705915509878356,-193.50765378028154,33.02038312195675,4.0,0.4789246290922165,
1368000,1449.619609117508,-197.3091732263565,33.335284504825964,-0.005855050306922438,7.735665225982666,0.8794960975646973,0.004007367440499366,-193.50765378028154,33.02038312195675,4.0,0.46176803708076475,
1372000,1452.4455478191376,-195.07841181755066,35.99913539396671,-0.006630132961242108,7.676334381103516,0.8959903955459595,0.0054353597304240605,-193.50765378028154,33.02038312195675,4.0,0.4789013653993607,
1376000,1455.2950639724731,-186.10102009773254,26.83545846989758,-0.004753665428453413,6.887238693237305,0.8378763556480407,0.0036368160338218656,-193.50765378028154,33.02038312195675,4.0,0.5194931566715241,
1380000,1458.1456656455994,-186.95859169960022,31.021756656702095,-0.00564982207918856,9.192198848724365,0.8317376971244812,0.003950376441935077,-193.50765378028154,33.02038312195675,4.0,0.5052456974983215,
1384000,1461.004553079605,-192.22691416740417,26.27865597917956,-0.007587563957087706,5.598636150360107,0.8241530597209931,0.00829920003353619,-193.50765378028154,33.02038312195675,4.0,0.5217737674713134,
1388000,1463.8826241493225,-189.78624057769775,33.87896143694103,-0.007086755529725153,6.877632284164429,0.8143600225448608,0.006501955562271178,-193.50765378028154,33.02038312195675,4.0,0.4923592358827591,
1392000,1466.8288390636444,-193.67581367492676,21.308964371060767,-0.007165559027576762,7.9524177551269535,0.7878010630607605,0.0044994348437370265,-193.50765378028154,33.02038312195675,4.0,0.4892994463443756,
1396000,1469.8409202098846,-192.27956914901733,32.16407510230819,-0.008247884801588955,6.602960395812988,0.7881454288959503,0.004214591643540188,-193.50765378028154,33.02038312195675,4.0,0.4282857745885849,
1400000,1472.8783581256866,-198.0595704317093,37.98913182039931,-0.0048960283109141575,11.23750696182251,0.7688662588596344,0.0030831381096504628,-193.50765378028154,33.02038312195675,4.0,0.4745015561580658,
1404000,1477.2177085876465,-191.93796968460083,32.39677611008378,-0.005385309397863835,8.232065963745118,0.7607228636741639,0.004134524073063707,-194.2036980614066,29.325982086319513,4.0,0.5008188843727112,
1408000,1480.219651222229,-196.58372902870178,32.58322128116603,-0.007161939050226151,8.157510042190552,0.7727191805839538,0.005992334947610889,-194.2036980614066,29.325982086319513,4.0,0.47640677988529206,
1412000,1483.2181873321533,-192.52588033676147,28.441093890031322,-0.007859259479679182,6.4059741497039795,0.7098056018352509,0.006315706770828333,-194.2036980614066,29.325982086319513,4.0,0.47243658900260926,
1416000,1486.2010073661804,-189.1869921684265,29.688039477428664,-0.005342788310566338,8.024595975875854,0.7674940049648284,0.0021687906817533078,-194.2036980614066,29.325982086319513,4.0,0.4085744708776474,
1420000,1489.1969769001007,-188.62479329109192,28.63004657267425,-0.006918910403891154,5.662879562377929,0.808398711681366,0.006988580606412142,-194.2036980614066,29.325982086319513,4.0,0.46225152611732484,
1424000,1492.2040104866028,-192.54088711738586,36.14769519107249,-0.006969748101740425,8.065164279937743,0.7615345597267151,0.004044861242563158,-194.2036980614066,29.325982086319513,4.0,0.47916248738765715,
1428000,1495.2093305587769,-189.10250115394592,29.845239950741842,-0.007986196517789156,6.765933847427368,0.7487228631973266,0.0044035631332469015,-194.2036980614066,29.325982086319513,4.0,0.46918365359306335,
1432000,1498.2303881645203,-197.65527629852295,30.35906727828785,-0.006625794683505481,9.889902782440185,0.7223981320858002,0.006532599910133286,-194.2036980614066,29.325982086319513,4.0,0.4798895001411438,
1436000,1501.2243583202362,-197.23650312423706,33.20286943775059,-0.00634937459463254,11.286310482025147,0.7492972552776337,0.0026692994247423663,-194.2036980614066,29.325982086319513,4.0,0.4492209106683731,
1440000,1504.238777399063,-196.12869226932526,39.107240263780895,-0.005701612108464671,12.92765407562256,0.7820196032524109,0.004626713701184304,-194.2036980614066,29.325982086319513,4.0,0.4803600013256073,
1444000,1508.5750105381012,-188.43435096740723,28.708953310836186,-0.00633783081057473,9.343943023681641,0.7875608623027801,0.00387309250945691,-192.52786976844072,35.44324498526105,4.0,0.5085159122943879,
1448000,1511.5677597522736,-185.69410824775696,28.959601341622502,-0.00803201041246453,6.528015232086181,0.835697066783905,0.005942788909305818,-192.52786976844072,35.44324498526105,4.0,0.43026809990406034,
1452000,1514.622858762741,-194.69439959526062,33.722849959695665,-0.005196880325675002,9.175138139724732,0.8123042821884155,0.003678428435387715,-192.52786976844072,35.44324498526105,4.0,0.42953514456748965,
1456000,1517.626279592514,-195.10170769691467,27.398411702356785,-0.00841592680911223,5.52856674194336,0.8386765718460083,0.004602314039443933,-192.52786976844072,35.44324498526105,4.0,0.40398606061935427,
1460000,1520.6586945056915,-182.89608669281006,27.14658845729372,-0.006441357052884999,6.963592576980591,0.8008075177669525,0.005040916892903624,-192.52786976844072,35.44324498526105,4.0,0.4386163532733917,
1464000,1523.6900916099548,-190.93211150169373,30.13369592749221,-0.007635124363781243,6.444819545745849,0.7901130557060242,0.006146953860394813,-192.52786976844072,35.44324498526105,4.0,0.3998959451913834,
1468000,1526.6958150863647,-188.4343683719635,32.53044950899562,-0.005928895252213495,6.266165685653687,0.8300614535808564,0.0023367680160639283,-192.52786976844072,35.44324498526105,4.0,0.41378624737262726,
1472000,1529.7226231098175,-186.19321727752686,32.9414255745754,-0.007110559588298315,8.245023727416992,0.8596183478832244,0.007733695844343557,-192.52786976844072,35.44324498526105,4.0,0.4334494322538376,
1476000,1532.7666792869568,-192.1188395023346,32.08892834871334,-0.004638394151193381,10.382641124725343,0.8468824088573456,0.002372286914382138,-192.52786976844072,35.44324498526105,4.0,0.43133126497268676,
1480000,1535.7797734737396,-190.025817155838,41.23304952504142,-0.00578812973566043,13.970352840423583,0.8461698472499848,0.0012751127987479904,-192.52786976844072,35.44324498526105,4.0,0.4254801392555237,
1484000,1540.1577117443085,-192.41595101356506,33.930502782644304,-0.00709111171852177,6.917740821838379,0.7896897077560425,0.004792898857849651,-187.93261650949717,28.240404391980558,4.0,0.4448418915271759,
1488000,1543.1656007766724,-188.8850429058075,33.50861011192302,-0.0069823952390967396,9.013334465026855,0.8179157853126526,0.003195181445335038,-187.93261650949717,28.240404391980558,4.0,0.4306826591491699,
1492000,1546.1675162315369,-198.29922533035278,32.577592389424936,-0.0075811695422356,10.924887752532959,0.7970699191093444,0.004687018995464332,-187.93261650949717,28.240404391980558,4.0,0.43832069635391235,
1496000,1549.1778280735016,-189.438334107399,34.76115357456428,-0.008841624803530656,6.940740585327148,0.8051730573177338,0.006433737778570503,-187.93261650949717,28.240404391980558,4.0,0.43857797384262087,
1500000,1552.2440299987793,-185.89014530181885,34.514593786236844,-0.008104646739705146,6.19658350944519,0.8182542383670807,0.005177175344086837,-187.93261650949717,28.240404391980558,4.0,0.39800466001033785,
1504000,1555.280842781067,-190.579607963562,29.816030944215363,-0.0060951134317244636,8.396149682998658,0.7977603793144226,0.004212777653825483,-187.93261650949717,28.240404391980558,4.0,0.41664552986621856,
1508000,1558.275413274765,-188.3214659690857,32.597959760248266,-0.004969567760359439,9.185063934326172,0.8021415650844574,0.0036387864260468915,-187.93261650949717,28.240404391980558,4.0,0.3911916226148605,
1512000,1561.247585773468,-183.0322082042694,25.187943464760835,-0.006917364484863353,6.027758550643921,0.7832461357116699,0.004749109409749508,-187.93261650949717,28.240404391980558,4.0,0.422534367442131,
1516000,1564.218513727188,-194.59685254096985,33.34032582273892,-0.004858651618783583,10.909651565551759,0.7959066450595855,0.0014605979209591168,-187.93261650949717,28.240404391980558,4.0,0.41335328817367556,
1520000,1567.2357487678528,-191.87738823890686,28.48080701928743,-0.007569140591658652,7.114914083480835,0.7901708602905273,0.006361105537507683,-187.93261650949717,28.240404391980558,4.0,0.43448902368545533,
1524000,1571.6160988807678,-189.31148433685303,35.724305414951345,-0.0058140221826423755,9.60110683441162,0.7656386375427247,0.0038137894426860663,-187.54789774864912,34.43556926171135,4.0,0.44056533873081205,
1528000,1574.639419078827,-191.39304876327515,29.983168834255128,-0.007405389393990269,8.145160388946532,0.7109467625617981,0.006197901831474173,-187.54789774864912,34.43556926171135,4.0,0.45342267751693727,
1532000,1577.645545721054,-189.3035192489624,27.829322063139276,-0.007004654853294312,10.51848258972168,0.7389884829521179,0.007223853666801006,-187.54789774864912,34.43556926171135,4.0,0.43299718797206876,
1536000,1580.6476299762726,-188.77086544036865,33.152590253381106,-0.00713765977742149,6.091345930099488,0.7351414203643799,0.005386552981100978,-187.54789774864912,34.43556926171135,4.0,0.46460660696029665,
1540000,1583.688090801239,-189.45909178256989,36.72641601810222,-0.005702446769922975,10.136994457244873,0.753632766008377,0.005385386483355603,-187.54789774864912,34.43556926171135,4.0,0.449939227104187,
1544000,1586.7075209617615,-189.78754436969757,30.266406948297607,-0.005547452541378639,7.630907583236694,0.7027048289775848,0.0031366180104669184,-187.54789774864912,34.43556926171135,4.0,0.43607178032398225,
1548000,1589.7269704341888,-195.22755300998688,31.6475047594591,-0.0059681659836011034,11.034970951080322,0.7833959579467773,0.0030230972071876748,-187.54789774864912,34.43556926171135,4.0,0.3989045172929764,
1552000,1592.7176249027252,-192.42435669898987,31.19722982473671,-0.005716896583675401,6.496169137954712,0.764633297920227,0.0016990582840662682,-187.54789774864912,34.43556926171135,4.0,0.437762576341629,
1556000,1595.7704210281372,-192.14784491062164,33.589129012548646,-0.007391820580698561,6.0890251159667965,0.7718416154384613,0.003919379810395185,-187.54789774864912,34.43556926171135,4.0,0.43192192614078523,
1560000,1598.7684485912323,-195.22104120254517,32.021111396333936,-0.005618164707984263,8.478463220596314,0.7677544116973877,0.0022850301495054735,-187.54789774864912,34.43556926171135,4.0,0.4112608343362808,
1564000,1603.2160396575928,-186.0230494737625,36.89925081365735,-0.007295034746794648,5.585411500930786,0.7907858729362488,0.0014177338220179082,-190.095290184021,41.838887603791015,4.0,0.4434470564126968,
1568000,1606.2235333919525,-192.81800317764282,31.36308162515924,-0.007889366070584635,5.50915641784668,0.7620484471321106,0.005426280976738784,-190.095290184021,41.838887603791015,4.0,0.44425214231014254,
1572000,1609.2442746162415,-188.61574697494507,29.45950284084899,-0.007313664069709657,7.908568286895752,0.7396774172782898,0.005800651201823115,-190.095290184021,41.838887603791015,4.0,0.45042848587036133,
1576000,1612.2644436359406,-192.31566858291626,34.08211397282722,-0.0068917292828361235,7.055757713317871,0.7727044820785522,0.004510986031460007,-190.095290184021,41.838887603791015,4.0,0.42406834065914156,
1580000,1615.279418706894,-186.347891330719,31.15585988364378,-0.008095819607687548,5.022376894950867,0.7762541890144348,0.004365262000200665,-190.095290184021,41.838887603791015,4.0,0.42499353885650637,
1584000,1618.2985725402832,-184.27503502368927,31.508411580132638,-0.0057799016893453235,6.8499671459198,0.7667113900184631,0.0016287031743559056,-190.095290184021,41.838887603791015,4.0,0.4273458182811737,
1588000,1621.338534116745,-190.91256546974182,33.464492260919506,-0.007201544688238482,7.651551008224487,0.7388810575008392,0.005276867860811762,-190.095290184021,41.838887603791015,4.0,0.4305383116006851,
1592000,1624.3878481388092,-190.39634561538696,36.79707974758051,-0.005769121105317021,9.1947762966156,0.7428738594055175,0.0036104433282162065,-190.095290184021,41.838887603791015,4.0,0.4103938460350037,
1596000,1627.3904354572296,-184.47159945964813,32.66801708748872,-0.0061604378005334585,7.879625988006592,0.7524450778961181,0.004262615001061931,-190.095290184021,41.838887603791015,4.0,0.37790669202804567,
1600000,1630.396934747696,-183.20260548591614,30.910126009535798,-0.00599424876070892,7.427443599700927,0.7559323489665986,0.004823119507636875,-190.095290184021,41.838887603791015,4.0,0.4021261066198349,
1604000,1634.8219289779663,-186.38569402694702,28.900040601748014,-0.007102472686674455,6.042557716369629,0.7484904646873474,0.0008054124089734022,-191.95201545208693,43.10295407186787,4.0,0.4320878475904465,
1608000,1637.857992887497,-193.4130735397339,31.730011244766686,-0.005359531909925863,7.536193990707398,0.7505569100379944,0.002039580526296092,-191.95201545208693,43.10295407186787,4.0,0.41246137022972107,
1612000,1640.890432357788,-184.46143853664398,31.078951375030897,-0.006482319513413426,9.3424542427063,0.7459128260612488,0.005962943093618378,-191.95201545208693,43.10295407186787,4.0,0.4265883594751358,
1616000,1643.891580581665,-190.0373020172119,27.20871764789294,-0.005759215089570091,7.377546405792236,0.7500097036361695,0.003603862045798456,-191.95201545208693,43.10295407186787,4.0,0.3925290137529373,
1620000,1646.8981745243073,-185.61521446704865,35.16954242907079,-0.004666720145343184,12.979086112976074,0.7726273477077484,0.004005279124248773,-191.95201545208693,43.10295407186787,4.0,0.39682060182094575,
1624000,1649.8924961090088,-190.63201022148132,33.31723081813914,-0.006870920579026852,6.424475431442261,0.7552329003810883,0.0038209820486372337,-191.95201545208693,43.10295407186787,4.0,0.43295531868934634,
1628000,1652.9207468032837,-195.13305175304413,32.91479009326608,-0.008354356671838703,8.769747352600097,0.782246446609497,0.004670765879563987,-191.95201545208693,43.10295407186787,4.0,0.43583576679229735,
1632000,1655.9595489501953,-181.72727394104004,32.20668011783503,-0.004382097140769492,8.025838899612427,0.7881004929542541,0.0025505898272046414,-191.95201545208693,43.10295407186787,4.0,0.41712960302829744,
1636000,1658.9820675849915,-188.48608350753784,36.06773293391637,-0.0046098652050520885,12.56078805923462,0.821910309791565,0.004285526900707437,-191.95201545208693,43.10295407186787,4.0,0.42910400629043577,
1640000,1662.018947839737,-185.00808835029602,34.464976281583084,-0.006657228559565987,7.083486175537109,0.8051028311252594,0.003068008107831721,-191.95201545208693,43.10295407186787,4.0,0.40364789962768555,
1644000,1666.3446950912476,-186.30855405330658,29.667788262313266,-0.006135990597773322,8.730200338363648,0.7989318311214447,0.004172364547693519,-186.98096293210983,30.40570950680594,4.0,0.4153652936220169,
1648000,1669.316478729248,-192.10063457489014,32.334321922768865,-0.006512072885021069,9.026391172409058,0.7928308725357056,0.0033296083321135176,-186.98096293210983,30.40570950680594,4.0,0.39060301184654234,
1652000,1672.2977521419525,-188.57616460323334,30.4484072257948,-0.008436877484122895,7.0729207515716555,0.7903193712234498,0.0055084648925112665,-186.98096293210983,30.40570950680594,4.0,0.39005805253982545,
1656000,1675.196922302246,-181.60642158985138,31.001896253098128,-0.006342067007906738,8.026021575927734,0.7496303677558899,0.0040233534760773185,-186.98096293210983,30.40570950680594,4.0,0.3739825576543808,
1660000,1678.193903684616,-189.5729525089264,32.251633316742804,-0.0036575377938958486,7.906994438171386,0.7192089915275574,0.004351537009701134,-186.98096293210983,30.40570950680594,4.0,0.4217354327440262,
1664000,1681.184027671814,-187.79114294052124,28.651325614759156,-0.004937723861308774,6.910155248641968,0.7325603842735291,0.0048572244787356,-186.98096293210983,30.40570950680594,4.0,0.4194180995225906,
1668000,1684.1672339439392,-178.11729633808136,26.588407772323606,-0.006670878291595716,6.468351268768311,0.7221378207206726,0.004263942712956737,-186.98096293210983,30.40570950680594,4.0,0.38720511794090273,
1672000,1687.2069957256317,-187.82574844360352,27.36714441777819,-0.006033594823752875,8.189387559890747,0.7037879884243011,0.004774203745182603,-186.98096293210983,30.40570950680594,4.0,0.42289583683013915,
1676000,1690.180093050003,-192.6380274295807,27.878532780949737,-0.006475463856322072,7.726630401611328,0.6791878640651703,0.0037903696498639674,-186.98096293210983,30.40570950680594,4.0,0.4162773370742798,
1680000,1693.1773245334625,-184.2770255804062,32.64160291780995,-0.005856997062296898,8.300953578948974,0.6766386151313781,0.004711963325195656,-186.98096293210983,30.40570950680594,4.0,0.43021367490291595,
1684000,1697.5092794895172,-189.24411702156067,30.950768310715496,-0.006048415313319655,10.370942115783691,0.7006965696811676,0.0045865219726692885,-190.40829277038574,30.676991194980562,4.0,0.38668677806854246,
1688000,1700.4894514083862,-189.08053016662598,32.50561902608651,-0.004926358014034726,6.487431287765503,0.7215760529041291,0.003754273449158063,-190.40829277038574,30.676991194980562,4.0,0.3617087811231613,
1692000,1703.4722647666931,-185.1394600868225,27.31765214461863,-0.005124169547731761,8.625371551513672,0.7297755002975463,0.0039025252311645888,-190.40829277038574,30.676991194980562,4.0,0.4042202889919281,
1696000,1706.4612712860107,-187.5804010629654,33.897120282811926,-0.0059505444241997555,8.049038982391357,0.7272010385990143,0.003989003680180759,-190.40829277038574,30.676991194980562,4.0,0.39167826175689696,
1700000,1709.4587004184723,-189.85839104652405,27.987570423865098,-0.006509743656497591,9.149659156799316,0.7537299931049347,0.007097779775348823,-190.40829277038574,30.676991194980562,4.0,0.3787014424800873,
1704000,1712.4684038162231,-191.98300087451935,32.80838301238504,-0.007826602155653095,8.6113121509552,0.7677253544330597,0.006776987720513716,-190.40829277038574,30.676991194980562,4.0,0.38398503959178926,
1708000,1715.4364387989044,-192.58232247829437,32.239709157304624,-0.005741713797130332,12.042168998718262,0.764489334821701,0.0035231377492891624,-190.40829277038574,30.676991194980562,4.0,0.40462316274642945,
1712000,1718.4521715641022,-184.01978468894958,27.33051427731,-0.006759093247974945,9.858100318908692,0.7626457750797272,0.005225172386039057,-190.40829277038574,30.676991194980562,4.0,0.41423882246017457,
1716000,1721.4348566532135,-190.23007798194885,32.989715920903016,-0.0058472782693958615,10.961063575744628,0.736290442943573,0.002697378555603791,-190.40829277038574,30.676991194980562,4.0,0.42803471982479097,
1720000,1724.4321269989014,-184.8527057170868,28.317603625358178,-0.009140757394333666,4.654145288467407,0.7364592552185059,0.006322543601815944,-190.40829277038574,30.676991194980562,4.0,0.4032933235168457,
1724000,1728.7396807670593,-189.73995065689087,26.12468671956087,-0.006496093215343191,8.352144336700439,0.7032409131526947,0.005280035247395676,-186.6551333963871,24.51123233946733,4.0,0.43355073034763336,
1728000,1731.7304368019104,-183.62225258350372,27.44310980056967,-0.008772433629104227,4.317102551460266,0.6848329961299896,0.0052189403276424965,-186.6551333963871,24.51123233946733,4.0,0.39653139710426333,
1732000,1734.7176246643066,-187.18005669116974,34.069767019891856,-0.0063397967301619396,6.110798501968384,0.6821425139904023,0.003905787505209446,-186.6551333963871,24.51123233946733,4.0,0.42573214173316953,
1736000,1737.715645313263,-187.00148212909698,36.79310936616172,-0.006318614624906349,9.779194450378418,0.7029115259647369,0.004651140057947511,-186.6551333963871,24.51123233946733,4.0,0.4383360892534256,
1740000,1740.709403038025,-198.83485519886017,33.973129468168956,-0.005548665843904033,12.157245635986328,0.7025913715362548,0.005323952798886844,-186.6551333963871,24.51123233946733,4.0,0.42580125033855437,
1744000,1743.6699268817902,-189.5660755634308,29.65821412076954,-0.007099284261154715,6.9573300838470455,0.7043331742286683,0.0036369020454003476,-186.6551333963871,24.51123233946733,4.0,0.45142793357372285,
1748000,1746.6913452148438,-199.94678497314453,33.48464282814349,-0.007308897840014339,7.342018508911133,0.7057368397712708,0.005462751062431703,-186.6551333963871,24.51123233946733,4.0,0.41217742264270785,
1752000,1749.5924425125122,-188.51753890514374,31.158367427348583,-0.008444246710122805,8.837723636627198,0.732801228761673,0.006724654427147492,-186.6551333963871,24.51123233946733,4.0,0.4023487210273743,
1756000,1752.4203486442566,-181.342915058136,33.92348519132406,-0.006065906518216558,9.988070011138916,0.725674283504486,0.005303500497015179,-186.6551333963871,24.51123233946733,4.0,0.45897388458251953,
1760000,1755.2496130466461,-188.15569961071014,34.303394055737165,-0.00601748508447777,6.411285448074341,0.7449853658676148,0.004776394926011562,-186.6551333963871,24.51123233946733,4.0,0.4159976214170456,
1764000,1759.4368817806244,-178.47811269760132,32.10460373197124,-0.0071375072589144216,6.416471195220947,0.7379147171974182,0.004233264090726152,-185.4451512992382,31.206675426796135,4.0,0.4153632432222366,
1768000,1762.3053200244904,-187.5304672718048,30.928207951873716,-0.005403953225662228,8.55748209953308,0.7250137567520142,0.005033134837867692,-185.4451512992382,31.206675426796135,4.0,0.4361352205276489,
1772000,1765.3183233737946,-186.15300607681274,36.05672104774962,-0.007527864057725919,8.00524868965149,0.7259696841239929,0.005655100324501605,-185.4451512992382,31.206675426796135,4.0,0.4191774964332581,
1776000,1768.3502504825592,-180.81379222869873,27.44504138658129,-0.009355439065179461,6.497551965713501,0.736829650402069,0.003140654499293305,-185.4451512992382,31.206675426796135,4.0,0.4259012579917908,
1780000,1771.366771697998,-194.29421281814575,32.7406477687136,-0.007158018607801431,8.637875127792359,0.7141472458839416,0.0033692924262140878,-185.4451512992382,31.206675426796135,4.0,0.46345014274120333,
1784000,1774.4078435897827,-181.96682739257812,28.45920180442091,-0.006296324547612997,6.582401132583618,0.8030321776866913,0.0036847677273617483,-185.4451512992382,31.206675426796135,4.0,0.4228125959634781,
1788000,1777.4255113601685,-185.23800373077393,30.880583405037196,-0.007003720855029894,13.64166316986084,0.7434665560722351,0.005762533521919977,-185.4451512992382,31.206675426796135,4.0,0.432374569773674,
1792000,1780.4367640018463,-186.23821902275085,28.430060832582775,-0.006180902195318261,8.752124977111816,0.7592280268669128,0.00591294318732496,-185.4451512992382,31.206675426796135,4.0,0.4157678663730621,
1796000,1783.3901097774506,-189.9828372001648,28.23657331638179,-0.007406951552256924,10.18565788269043,0.7606445133686066,0.004599111596820827,-185.4451512992382,31.206675426796135,4.0,0.39738497138023376,
1800000,1786.3680582046509,-185.1589468717575,31.43565126448898,-0.005875134134063642,9.19007396697998,0.7490762531757355,0.006979800628808652,-185.4451512992382,31.206675426796135,4.0,0.4260376453399658,
1804000,1790.7017242908478,-186.7936533689499,32.66092431668099,-0.0072551486548036335,9.893999290466308,0.7868501603603363,0.005776924736177058,-185.80779797583818,24.97376639782257,4.0,0.4205539435148239,
1808000,1793.6841077804565,-186.49865007400513,34.029910102257574,-0.0055611188833136534,11.118127059936523,0.7843913793563843,0.004384875125106191,-185.80779797583818,24.97376639782257,4.0,0.4262643277645111,
1812000,1796.513599872589,-193.43664264678955,31.061918422746963,-0.009094433808233581,8.583995819091797,0.8146020650863648,0.008990686333039833,-185.80779797583818,24.97376639782257,4.0,0.3606203943490982,
1816000,1799.3541419506073,-183.62098467350006,33.31828285196556,-0.00867291177979972,6.601192808151245,0.8253997921943664,0.00548215725866612,-185.80779797583818,24.97376639782257,4.0,0.41254178881645204,
1820000,1802.1835741996765,-192.66202688217163,25.405488348546893,-0.0068683673916385855,6.869922733306884,0.8214044332504272,0.006743411906063557,-185.80779797583818,24.97376639782257,4.0,0.414637890458107,
1824000,1805.1510818004608,-184.22668826580048,31.663592549953616,-0.006219596363293611,7.802825403213501,0.8223845481872558,0.004871824837755412,-185.80779797583818,24.97376639782257,4.0,0.39408970773220064,
1828000,1808.0879256725311,-187.43454575538635,31.959560387248345,-0.00812865298365555,5.808696699142456,0.8217087686061859,0.010781463968878047,-185.80779797583818,24.97376639782257,4.0,0.3866982877254486,
1832000,1811.0579504966736,-184.78312516212463,29.790738732347915,-0.008486441588805427,6.662712860107422,0.8186954617500305,0.008278145074456322,-185.80779797583818,24.97376639782257,4.0,0.38046460449695585,
1836000,1814.0416860580444,-191.3592004776001,31.19057449215172,-0.004432194095881037,11.374859523773193,0.7886779010295868,0.0056385914504062384,-185.80779797583818,24.97376639782257,4.0,0.3442781299352646,
1840000,1817.0272734165192,-189.2247223854065,33.21361646151148,-0.008372083439336464,6.567300462722779,0.8200444579124451,0.008506024556234504,-185.80779797583818,24.97376639782257,4.0,0.3655244141817093,
1844000,1821.4292058944702,-190.17137801647186,34.26223336149161,-0.007124155889808481,6.397758865356446,0.8349014282226562,0.0027215777192032497,-189.26470544189215,29.790001848444042,4.0,0.3430940717458725,
1848000,1824.4246549606323,-188.64996528625488,31.173737194333217,-0.007867062863893803,5.9159729957580565,0.8205657184123993,0.0015435666173386764,-189.26470544189215,29.790001848444042,4.0,0.37031870484352114,
1852000,1827.416316986084,-189.795392036438,26.85136037823469,-0.007886904446718601,7.45394549369812,0.8033318877220154,0.003061415576667059,-189.26470544189215,29.790001848444042,4.0,0.3724281370639801,
1856000,1830.4194569587708,-192.26494252681732,34.516198115047246,-0.005444986013385033,9.723420429229737,0.7986350297927857,0.002701671857464438,-189.26470544189215,29.790001848444042,4.0,0.3829032242298126,
1860000,1833.4058051109314,-195.3676040172577,37.804802264129385,-0.0047415183189635,8.29728274345398,0.7962541460990906,0.0032365767750889064,-189.26470544189215,29.790001848444042,4.0,0.35433765351772306,
1864000,1836.4006288051605,-191.33370566368103,30.559262022566017,-0.005179942920221947,8.41600661277771,0.8064405083656311,0.0015576592355500906,-189.26470544189215,29.790001848444042,4.0,0.3874145358800888,
1868000,1839.402265548706,-183.85999763011932,31.284033991268622,-0.006033960570891695,7.503847932815551,0.8309614002704621,0.0071725322636775665,-189.26470544189215,29.790001848444042,4.0,0.35974605679512023,
1872000,1842.4113264083862,-189.75088596343994,30.912890207368132,-0.008210498679274102,6.02855372428894,0.8015973448753357,0.004829471936682239,-189.26470544189215,29.790001848444042,4.0,0.3759637147188187,
1876000,1845.2663128376007,-188.8601987361908,25.1859763596981,-0.007778796451632175,6.587705135345459,0.8004472613334656,0.005793915846152231,-189.26470544189215,29.790001848444042,4.0,0.3696801006793976,
1880000,1848.0869557857513,-187.39728236198425,30.95069171303365,-0.006784830390786123,8.304863262176514,0.8097663938999176,0.004666350438492372,-189.26470544189215,29.790001848444042,4.0,0.3576571047306061,
1884000,1852.303955078125,-187.68741154670715,31.28683853263241,-0.00792666494023675,5.593971395492554,0.7724038183689117,0.003211604267902052,-187.34181821346283,30.551159071480093,4.0,0.3761975347995758,
1888000,1855.114987373352,-185.4200609922409,29.541160115978478,-0.009361046533410721,7.814997625350952,0.7622620165348053,0.006349714609677903,-187.34181821346283,30.551159071480093,4.0,0.39122039675712583,
1892000,1858.0663895606995,-186.0166051387787,24.831589929923098,-0.009010762628167867,7.017561578750611,0.7725630402565002,0.007638257044833152,-187.34181821346283,30.551159071480093,4.0,0.3604278564453125,
1896000,1861.0689725875854,-190.9373391866684,30.484655753630374,-0.007404206056303053,7.053275537490845,0.7692859768867493,0.005342726759923,-187.34181821346283,30.551159071480093,4.0,0.3705358862876892,
1900000,1864.033451795578,-185.40149772167206,29.556498488422708,-0.007960376764803101,7.388969993591308,0.7821939527988434,0.004083635957795195,-187.34181821346283,30.551159071480093,4.0,0.3571628600358963,
1904000,1867.0217771530151,-182.57733535766602,31.510185101155376,-0.006540897662208067,5.454490661621094,0.7459305822849274,0.0031717914978798946,-187.34181821346283,30.551159071480093,4.0,0.36785363852977754,
1908000,1870.0192222595215,-189.58832013607025,26.496635347322634,-0.007252966468377675,7.147740602493286,0.7691974222660065,0.005323912005405873,-187.34181821346283,30.551159071480093,4.0,0.3688011020421982,
1912000,1872.9591641426086,-187.18818736076355,29.976527984596746,-0.006431656314758527,7.2911012172698975,0.7523136913776398,0.003509605770523194,-187.34181821346283,30.551159071480093,4.0,0.37674289643764497,
1916000,1875.946685552597,-193.31478142738342,28.28278484031245,-0.00896073419988772,5.53996844291687,0.7305003583431244,0.009354650054592639,-187.34181821346283,30.551159071480093,4.0,0.3394782066345215,
1920000,1878.9276463985443,-184.57710599899292,32.50312767836591,-0.009085707023739786,6.599593019485473,0.7613442480564118,0.0027569790390941317,-187.34181821346283,30.551159071480093,4.0,0.3464697450399399,
1924000,1883.2707719802856,-187.98161959648132,30.82025771384557,-0.009687280565810696,5.6946938037872314,0.79652259349823,0.00841530081233941,-188.1664971858263,29.603933096877455,4.0,0.3309456825256348,
1928000,1886.2400481700897,-191.86321461200714,32.19715775136867,-0.00573777969903313,12.017366981506347,0.7690718770027161,0.002625289522111407,-188.1664971858263,29.603933096877455,4.0,0.3248946338891983,
1932000,1889.2241775989532,-191.64568996429443,30.115118429805413,-0.0070110926084842266,9.174932098388672,0.7603518605232239,0.005085819421549509,-188.1664971858263,29.603933096877455,4.0,0.33528015613555906,
1936000,1892.2198061943054,-183.76587390899658,33.996902072423076,-0.004965757421062556,7.910625362396241,0.7483482778072357,0.006820869294538479,-188.1664971858263,29.603933096877455,4.0,0.34482469260692594,
1940000,1895.1886053085327,-184.62873458862305,30.07080765672774,-0.004969655388616978,7.352388525009156,0.7311026930809021,0.0021936998661064243,-188.1664971858263,29.603933096877455,4.0,0.35469227135181425,
1944000,1898.1960492134094,-186.94383263587952,27.299669025940993,-0.007743085560233664,5.92863712310791,0.7614457726478576,0.006619895229271399,-188.1664971858263,29.603933096877455,4.0,0.35192919075489043,
1948000,1901.2010238170624,-190.50291228294373,31.202340602507554,-0.00878150831535458,6.780291748046875,0.7631680548191071,0.0063861066188934945,-188.1664971858263,29.603933096877455,4.0,0.31630887389183043,
1952000,1904.201600074768,-182.17364180088043,30.396235353962602,-0.005315127939994779,6.646497631072998,0.7530106723308563,0.005878902936819941,-188.1664971858263,29.603933096877455,4.0,0.316697895526886,
1956000,1907.1844170093536,-186.19782543182373,30.915736549237742,-0.007195826803178829,6.077045965194702,0.7813306868076324,0.00658989897929132,-188.1664971858263,29.603933096877455,4.0,0.34059480130672454,
1960000,1910.193431854248,-187.99364614486694,35.809644705358025,-0.0070363973231675645,10.56601390838623,0.7814437866210937,0.0051136557126883805,-188.1664971858263,29.603933096877455,4.0,0.3213251233100891,
1964000,1914.6086523532867,-187.94919061660767,29.79418692639046,-0.00813322261317322,7.205986976623535,0.7442416429519654,0.007884417815910094,-192.84943363070488,27.332427763367782,4.0,0.3186361104249954,
1968000,1917.5908000469208,-185.98768210411072,29.46128596164439,-0.006538648465027408,5.811450481414795,0.783579844236374,0.0077609606226324065,-192.84943363070488,27.332427763367782,4.0,0.3346190571784973,
1972000,1920.5833179950714,-184.71728515625,30.443357444307235,-0.007223707645044974,6.362235355377197,0.7770236730575562,0.005744857655372471,-192.84943363070488,27.332427763367782,4.0,0.34198413491249086,
1976000,1923.588785648346,-189.47620153427124,29.62826936990253,-0.008530027427400144,5.739588356018066,0.776051688194275,0.005455690643827759,-192.84943363070488,27.332427763367782,4.0,0.30780685544013975,
1980000,1926.5538771152496,-189.02512109279633,28.60419324063251,-0.008254459965508332,7.793413686752319,0.7819050908088684,0.006774876778945327,-192.84943363070488,27.332427763367782,4.0,0.3157394975423813,
1984000,1929.5712656974792,-193.09187066555023,33.461865611610854,-0.0090199072191802,6.372937631607056,0.7747084140777588,0.00726556580630131,-192.84943363070488,27.332427763367782,4.0,0.33020901679992676,
1988000,1932.6551628112793,-194.98740339279175,29.960992570306317,-0.006749487573746593,9.149193716049194,0.7825779974460602,0.002179876156151295,-192.84943363070488,27.332427763367782,4.0,0.32887313365936277,
1992000,1935.7246963977814,-190.42582082748413,32.281776368173354,-0.005308484643697753,10.04847354888916,0.7873902142047882,0.005328494467539713,-192.84943363070488,27.332427763367782,4.0,0.31329731047153475,
1996000,1938.7153911590576,-189.00500106811523,28.57550571699101,-0.006727044749228894,6.69112491607666,0.7645313322544098,0.004034886363660917,-192.84943363070488,27.332427763367782,4.0,0.31834077537059785,
2000000,1941.6910650730133,-190.88713312149048,37.852455804076996,-0.006565016320440975,11.407479095458985,0.7446004450321198,0.004266352212289349,-192.84943363070488,27.332427763367782,4.0,0.3173041224479675,
