global_step,wall_time_s,ep_return_mean,ep_return_std,policy_loss,value_loss,entropy,approx_kl,eval_return_mean,eval_return_std,mean_k,attn_entropy,lagrange_lambda
4000,4.1383376121521,-232.16532468795776,40.50310001891337,-0.000513265949198427,205.88906860351562,1.6017689108848572,5.552826478378847e-05,,,4.908145999908447,,
8000,7.701349496841431,-236.67422032356262,45.56713792354939,-0.000775789578649011,210.86249847412108,1.6004424333572387,7.97899970057192e-05,,,4.879125118255615,,
12000,11.356948614120483,-229.3010778427124,38.86394372930793,-0.001212085143119168,175.36368560791016,1.5931453824043273,3.965051496450656e-05,,,4.929166793823242,,
16000,15.04446268081665,-234.39908576011658,48.27648885435753,-0.0008494247243895359,142.7700080871582,1.581999707221985,9.8901964532494e-06,,,4.868895959854126,,
20000,18.714801788330078,-220.54099655151367,29.51603100991728,-0.00041329568097765447,94.96214981079102,1.589189636707306,0.0004749634339532349,,,4.940020895004272,,
24000,22.174813747406006,-220.73385381698608,44.01021127360785,-0.0006012995312994374,77.27615203857422,1.5835340023040771,1.4564563053998115e-05,,,4.914333438873291,,
28000,25.715916633605957,-208.0314745903015,39.166182767933826,-0.0015300169017864462,75.79475021362305,1.5709749221801759,0.0008226239898213028,,,4.954291915893554,,
32000,29.371147632598877,-239.9189097881317,41.844690364330425,-0.0009682687436385784,79.97988967895508,1.5465742230415345,0.0002641987320203043,,,4.858020925521851,,
36000,33.02600336074829,-227.708434343338,46.60599312343188,-0.0009353946973666538,71.68639373779297,1.5311898350715638,6.596789899049327e-05,,,4.920791816711426,,
40000,36.624797344207764,-235.77655458450317,47.46581452560499,-0.0015926166007993459,61.99680099487305,1.5365258693695067,0.00017247705800400582,,,4.825583410263062,,
44000,42.58854794502258,-221.88960194587708,43.85804689109307,-0.0014090025492672353,56.82691879272461,1.5305332660675048,0.00018803464918164535,-414.34837755560875,193.9453797671279,4.914854335784912,,
48000,46.056928873062134,-233.45029091835022,38.71934459948601,-0.00038677023158779634,48.65980110168457,1.5220249891281128,0.00024593394987944826,-414.34837755560875,193.9453797671279,4.865604257583618,,
52000,49.597750425338745,-240.53012132644653,46.717572161030155,-0.0030625342859420977,39.74921855926514,1.4745064735412599,0.0019791776564088703,-414.34837755560875,193.9453797671279,4.763166713714599,,
56000,53.25622773170471,-242.83261585235596,42.71659171239721,-0.0014290192703871885,46.28566474914551,1.4455084323883056,0.0002587156202935148,-414.34837755560875,193.9453797671279,4.72664589881897,,
60000,56.85450196266174,-244.64140224456787,48.29639246519917,-0.0020633901061179573,35.163386535644534,1.4172962427139282,0.0001226476364536211,-414.34837755560875,193.9453797671279,4.777791738510132,,
64000,60.43721055984497,-246.57696509361267,46.83016684910209,-0.0010039308807657133,42.69609756469727,1.4177181124687195,0.0018460191106423774,-414.34837755560875,193.9453797671279,4.857854270935059,,
68000,64.08422875404358,-256.60776948928833,62.487390715928306,-0.0011278361422591755,69.38532104492188,1.450776422023773,0.000608981894038152,-414.34837755560875,193.9453797671279,4.876854276657104,,
72000,67.76800084114075,-262.5360698699951,53.41026258524348,-0.0012256976559777756,46.59124870300293,1.4129685163497925,0.0002906612666265573,-414.34837755560875,193.9453797671279,4.845208406448364,,
76000,71.42407631874084,-249.07744336128235,60.338270065396124,-0.0005259598034815128,53.23252143859863,1.4514045357704162,0.0003103226734723047,-414.34837755560875,193.9453797671279,4.771083354949951,,
80000,75.07245349884033,-250.79118871688843,47.09116187955347,-0.0004565912318745369,45.36767730712891,1.4527099490165711,0.0019046425690176117,-414.34837755560875,193.9453797671279,4.721875143051148,,
84000,80.73118448257446,-245.06085586547852,55.18260137309184,-0.001404702453214357,44.684029769897464,1.4135764598846436,0.00030228866297450917,-460.39034405350685,128.38565272216994,4.659145975112915,,
88000,83.8300724029541,-250.5757224559784,59.58086223263527,-0.0007841528449886615,68.52177696228027,1.4810983300209046,0.00036656398978812677,-460.39034405350685,128.38565272216994,4.777270936965943,,
92000,87.18088746070862,-253.50087571144104,49.18507988534167,-0.0008331041453857324,45.48565330505371,1.3795542001724244,0.0009652462184021715,-460.39034405350685,128.38565272216994,4.473437643051147,,
96000,90.83863306045532,-232.14687633514404,47.712179753750405,-0.0008446336044119817,56.83676872253418,1.442717182636261,0.0014336481515783816,-460.39034405350685,128.38565272216994,4.686916732788086,,
100000,94.36671304702759,-251.59050631523132,49.84747989565476,-0.0014871548094670395,52.443735122680664,1.3887131690979004,0.0007498963343095966,-460.39034405350685,128.38565272216994,4.451291799545288,,
104000,97.9602210521698,-234.51208877563477,47.19649889630656,-0.0015056572496348509,25.995464706420897,1.403779351711273,0.001986693471126877,-460.39034405350685,128.38565272216994,4.525937604904175,,
108000,101.30352067947388,-240.55340194702148,46.0232257468998,-0.001996408073677891,45.527231979370114,1.4656105041503906,0.0009658562417122707,-460.39034405350685,128.38565272216994,4.652979326248169,,
112000,104.40317940711975,-266.64137721061707,61.22317273363877,-0.001116978576173988,51.578778457641604,1.385587501525879,0.00029146883462090046,-460.39034405350685,128.38565272216994,4.614208364486695,,
116000,107.50550818443298,-235.48500156402588,52.30391160038697,-0.0017238258774110893,39.156847190856936,1.412670648097992,0.0017033730259669699,-460.39034405350685,128.38565272216994,4.710791683197021,,
120000,110.61253762245178,-240.15221881866455,52.11191077783022,-0.0014533667721989385,38.16696186065674,1.3802452087402344,0.00042537468725640793,-460.39034405350685,128.38565272216994,4.571541738510132,,
124000,116.03558230400085,-231.09078454971313,41.80607410100798,-0.0022014068645270337,37.999498558044436,1.3801931262016296,0.0009591573363650241,-296.38434959948063,55.93473018873293,4.3571250438690186,,
128000,119.17095828056335,-232.59984707832336,38.287143834766916,-0.0032598630418845752,44.73245544433594,1.2982416152954102,0.0045702732226345685,-296.38434959948063,55.93473018873293,4.426083421707153,,
132000,122.36463952064514,-232.0588915348053,40.362278862990635,-0.0016791962784594328,33.39223232269287,1.2384374380111693,0.0013382629895204445,-296.38434959948063,55.93473018873293,4.532666778564453,,
136000,126.03110122680664,-235.51694130897522,36.27196097170444,-0.002269369999645399,45.20916519165039,1.2455482721328734,0.0026075961342818753,-296.38434959948063,55.93473018873293,4.495020914077759,,
140000,129.73970818519592,-232.20907473564148,40.962588746994506,-0.0029100815652442825,40.137747573852536,1.2666730523109435,0.00291853890742641,-296.38434959948063,55.93473018873293,4.339520978927612,,
144000,133.44700956344604,-256.405957698822,53.506491432030806,-0.002969419943673224,35.510114669799805,1.2055214881896972,0.0015903251653071493,-296.38434959948063,55.93473018873293,4.050833511352539,,
148000,137.1212513446808,-236.01399755477905,46.170848548266804,-0.00222999449842618,58.92554206848145,1.3398753166198731,0.0011748240859597026,-296.38434959948063,55.93473018873293,4.557354259490967,,
152000,140.71640539169312,-248.70358610153198,55.23995108514195,-0.002439467655960481,46.92038688659668,1.2752191185951234,0.0013629297696752473,-296.38434959948063,55.93473018873293,4.171875143051148,,
156000,144.42018914222717,-247.2392361164093,53.436858923771446,-0.0007319078198925411,51.978895568847655,1.2849271535873412,5.200840162191689e-05,-296.38434959948063,55.93473018873293,4.238979196548462,,
160000,148.0879831314087,-251.31288719177246,49.88516282033606,-0.0025651687704570047,49.25411834716797,1.3354074954986572,0.0025229865350411274,-296.38434959948063,55.93473018873293,4.3529376029968265,,
164000,154.14069938659668,-246.903165102005,48.292508147381525,-0.0018660706690570628,39.500735473632815,1.3476611495018005,0.0013186790496887203,-435.67813397943974,154.3838570940712,4.147583484649658,,
168000,157.8131492137909,-242.8117160797119,46.90436632344987,-0.002935770818924821,38.50512504577637,1.3255647540092468,0.0024566984560806305,-435.67813397943974,154.3838570940712,4.088833379745483,,
172000,160.9530017375946,-241.41465258598328,41.54533876109804,-0.0029277364012086694,37.69842529296875,1.38579660654068,0.0037505862194036066,-435.67813397943974,154.3838570940712,4.233437538146973,,
176000,164.08513641357422,-230.6343002319336,47.1157861348978,-0.0031822576900983,49.28806686401367,1.3917696595191955,0.002732141536194832,-435.67813397943974,154.3838570940712,4.006416749954224,,
180000,167.22929525375366,-230.30257534980774,47.61765078963703,-0.0032381626474671022,57.54770736694336,1.3991678595542907,0.0017515227373223752,-435.67813397943974,154.3838570940712,4.1086667537689205,,
184000,170.42938423156738,-219.27452278137207,47.48680433442892,-0.0033938790026585507,64.40818634033204,1.434880292415619,0.0009282197505187329,-435.67813397943974,154.3838570940712,4.101270961761474,,
188000,174.0862536430359,-212.75495290756226,44.09289252127676,-0.0018450552547874422,78.32223625183106,1.4719919919967652,0.00010312182582371543,-435.67813397943974,154.3838570940712,4.657729291915894,,
192000,177.74952459335327,-201.97310757637024,30.453239089197343,-0.003333073576951051,46.36199760437012,1.4301002502441407,0.002312942443531929,-435.67813397943974,154.3838570940712,4.477791833877563,,
196000,181.3841209411621,-219.35125517845154,37.868293995089076,-0.005191711978831748,36.7092924118042,1.4256848096847534,0.004304798025987111,-435.67813397943974,154.3838570940712,4.309229230880737,,
200000,184.97986841201782,-224.30050492286682,38.84243117368872,-0.004050963333031787,42.20823936462402,1.4034955382347107,0.0035222194346715696,-435.67813397943974,154.3838570940712,4.102416753768921,,
204000,190.96420240402222,-224.1297664642334,40.097888709329624,-0.0032810598003367277,36.560429382324216,1.3821383595466614,0.0029219445452714986,-261.5377820581198,67.44248071733529,3.7599584341049193,,
208000,194.66123819351196,-239.58098983764648,46.21390691692132,-0.0030927840161603546,42.94543876647949,1.3363466262817383,0.0026986220483862233,-261.5377820581198,67.44248071733529,3.4094584226608275,,
212000,198.46968173980713,-240.43846559524536,43.90263019623398,-0.0029425416352264477,40.39364013671875,1.3268639087677,0.0017762651274097151,-261.5377820581198,67.44248071733529,3.366729259490967,,
216000,202.15120649337769,-237.1358333826065,51.17103542009966,-0.0031521508136841624,38.46592788696289,1.3007240176200867,0.0011894751005456783,-261.5377820581198,67.44248071733529,3.5587292432785036,,
220000,205.89129209518433,-239.73459696769714,50.831782146477984,-0.0017260966185228099,31.973884963989256,1.2730390071868896,0.0014649428281506226,-261.5377820581198,67.44248071733529,3.6650001049041747,,
224000,209.60032415390015,-227.642893075943,39.80579255231839,-0.003957427598303198,35.66023216247559,1.3090367317199707,0.002631080272840336,-261.5377820581198,67.44248071733529,3.536333417892456,,
228000,213.29858708381653,-226.5679247379303,54.6455527026793,-0.003850258678197882,43.71653861999512,1.3498334646224976,0.0037012547826452647,-261.5377820581198,67.44248071733529,3.5839792251586915,,
232000,216.9563694000244,-227.34905576705933,38.285187063373904,-0.003533105240048151,26.993802070617676,1.2847354412078857,0.003931544868896441,-261.5377820581198,67.44248071733529,3.4408334493637085,,
236000,220.5496666431427,-224.0398976802826,50.801535852383424,-0.003499788160823902,35.72169036865235,1.2598755478858947,0.004558245875523425,-261.5377820581198,67.44248071733529,3.505583477020264,,
240000,223.6262810230255,-219.2208788394928,40.390607468397704,-0.003974427223283161,23.754680824279784,1.2299155116081237,0.0028679549759447974,-261.5377820581198,67.44248071733529,3.2521042346954347,,
244000,229.1631932258606,-217.31824445724487,38.49454456717012,-0.003747961075530171,34.81896286010742,1.2204902529716493,0.004848468639887871,-241.93281336128712,31.66808449968376,3.445708417892456,,
248000,232.5141625404358,-212.3338429927826,34.315918353867616,-0.006307115580265687,22.936449241638183,1.2636978030204773,0.00647672580962535,-241.93281336128712,31.66808449968376,3.2632917404174804,,
252000,235.6894724369049,-214.48685228824615,53.849619255721265,-0.004441587116647128,27.010959815979003,1.1598074078559875,0.0035717646876388897,-241.93281336128712,31.66808449968376,3.0716667413711547,,
256000,239.11376452445984,-205.4940435886383,30.823418058824682,-0.0035613642644990893,32.4191816329956,1.1362153530120849,0.004349156925842787,-241.93281336128712,31.66808449968376,3.2556042671203613,,
260000,242.74431252479553,-216.2931191921234,37.2584017112435,-0.0036739164330260366,36.88248748779297,1.095077669620514,0.0019178676635492609,-241.93281336128712,31.66808449968376,3.31216676235199,,
264000,246.39413452148438,-206.777113199234,38.440865325102436,-0.004125635711650833,36.6446117401123,1.159565544128418,0.0013692312110991534,-241.93281336128712,31.66808449968376,3.2238958835601808,,
268000,249.90064883232117,-218.5545539855957,41.56444243475567,-0.00434618028276601,29.51341094970703,1.124533474445343,0.0006979216996114701,-241.93281336128712,31.66808449968376,3.0706250429153443,,
272000,253.4703187942505,-216.19949460029602,39.958010591405525,-0.0030131370627787036,29.675033950805663,1.0842944622039794,0.0038086901011411102,-241.93281336128712,31.66808449968376,3.0542709112167357,,
276000,257.11390376091003,-213.148668050766,36.03029839320381,-0.005297540697307923,31.7022066116333,1.0438425898551942,0.004127617051204036,-241.93281336128712,31.66808449968376,3.034416747093201,,
280000,260.7023780345917,-226.31570100784302,41.117974253084014,-0.0047346239817173345,38.56567649841308,1.0666112065315247,0.005837192201909302,-241.93281336128712,31.66808449968376,2.923208451271057,,
284000,266.6484007835388,-218.11784958839417,41.25015402834819,-0.004648977877261729,29.68587455749512,0.9884153664112091,0.005884647462517023,-230.1375466659665,45.76738462060134,2.969145894050598,,
288000,270.2821433544159,-225.06748580932617,44.29973109045221,-0.0026776593806765447,35.1034236907959,0.9913666367530822,0.0019629974164903086,-230.1375466659665,45.76738462060134,2.948104238510132,,
292000,273.9547462463379,-208.86117386817932,39.52893700376479,-0.0022286150655999037,37.96171703338623,0.9159139454364776,0.00175645486524445,-230.1375466659665,45.76738462060134,3.203104257583618,,
296000,277.45194125175476,-208.8517816066742,40.554975220233025,-0.002966254614836861,37.120236206054685,1.0437275528907777,0.004805944958934561,-230.1375466659665,45.76738462060134,3.064916706085205,,
300000,281.06907844543457,-208.13812482357025,44.86392648864849,-0.004987761041925598,34.259030151367185,1.0366084218025207,0.0025798594695515932,-230.1375466659665,45.76738462060134,3.0833959341049195,,
304000,284.5998706817627,-213.8088345527649,41.06947872660026,-0.0060693749433848865,28.738253784179687,1.0379867911338807,0.004018575831355231,-230.1375466659665,45.76738462060134,2.6896459341049193,,
308000,288.20072507858276,-226.6319499015808,43.963638868408495,-0.002968990643159497,34.230376434326175,1.0566553950309754,0.0030147649621358407,-230.1375466659665,45.76738462060134,2.816854190826416,,
312000,291.8597660064697,-217.89214444160461,39.319789893564526,-0.0034466347441484578,43.79573059082031,1.013406252861023,0.005230264109559357,-230.1375466659665,45.76738462060134,2.8007917404174805,,
316000,295.4661931991577,-224.03955721855164,46.763711561042065,-0.00592322924189892,36.298566818237305,1.0951207280158997,0.006387318184288837,-230.1375466659665,45.76738462060134,2.9170209169387817,,
320000,299.06904435157776,-212.54041063785553,36.46837565818928,-0.005319074578039973,30.248497009277344,1.106643307209015,0.002883953205309808,-230.1375466659665,45.76738462060134,2.668979215621948,,
324000,304.8125309944153,-208.41766452789307,34.49368888645807,-0.004198716779627532,42.87524604797363,1.1710984826087951,0.005474752259130277,-212.57210887223482,46.43063602487858,2.8157708644866943,,
328000,308.26852893829346,-208.7963238954544,42.612215798044666,-0.004412248568531752,32.35350017547607,1.1035775423049927,0.003378728879033588,-212.57210887223482,46.43063602487858,2.611291766166687,,
332000,311.86106538772583,-214.40821480751038,40.74310217316483,-0.004342264904407767,34.66532726287842,1.1198110699653625,0.003298950890894048,-212.57210887223482,46.43063602487858,2.8438125133514403,,
336000,315.4516727924347,-215.42586398124695,43.27599824461506,-0.005190329691550399,45.14751358032227,1.1119414448738099,0.003992786977323704,-212.57210887223482,46.43063602487858,2.757187557220459,,
340000,319.05116534233093,-218.1709041595459,49.53589098832442,-0.003910746373701812,38.070804595947266,1.0693324089050293,0.0030732367536984383,-212.57210887223482,46.43063602487858,2.836416721343994,,
344000,322.62991738319397,-216.1626433134079,52.195557509029264,-0.003842364951308497,34.22706604003906,1.1448697566986084,0.002743812391612055,-212.57210887223482,46.43063602487858,2.5295417308807373,,
348000,326.211927652359,-230.1634063720703,48.27326888357892,-0.0031835745966527717,38.01886348724365,1.146811556816101,0.0023795625730417672,-212.57210887223482,46.43063602487858,2.5068959474563597,,
352000,329.7866461277008,-220.4848051071167,39.49735219917969,-0.004305585354644226,34.140151786804196,1.1345372557640077,0.004860801418544725,-212.57210887223482,46.43063602487858,2.32868754863739,,
356000,333.1017065048218,-218.0323040485382,41.41148362613543,-0.005077657860393358,29.478927230834962,1.0368897795677186,0.001547124910362374,-212.57210887223482,46.43063602487858,2.5452292203903197,,
360000,336.2852609157562,-226.96153140068054,52.982534408580925,-0.004476819372852337,25.69791774749756,1.0585075497627259,0.0037639179499819875,-212.57210887223482,46.43063602487858,2.611583423614502,,
364000,341.9728307723999,-227.04770469665527,45.167468554657795,-0.003896399629030689,39.584595680236816,1.0949570298194886,0.0024890079206670635,-226.4099189043045,46.71009288511554,2.429104208946228,,
368000,345.49443793296814,-255.85734629631042,67.92694266845501,-0.002780051144383222,44.727027130126956,1.0852793097496032,0.0009071060356994565,-226.4099189043045,46.71009288511554,2.3091667175292967,,
372000,348.8532063961029,-233.8497850894928,43.61104618097213,-0.004026349486627922,31.947470664978027,1.0642777681350708,0.0047197109812016965,-226.4099189043045,46.71009288511554,2.422229218482971,,
376000,352.3695044517517,-242.96077275276184,56.47356955013384,-0.004020233449332089,34.50741481781006,1.0260476350784302,0.0020718289073556662,-226.4099189043045,46.71009288511554,2.4851250886917113,,
380000,355.92761158943176,-237.944593667984,52.83986229175862,-0.003253296795650407,21.10465888977051,1.102635431289673,0.0021065928765068185,-226.4099189043045,46.71009288511554,2.3195833921432496,,
384000,359.5522964000702,-238.0475640296936,56.69792978661006,-0.0036829432476855216,49.567575454711914,1.1478452563285828,0.002521176373920753,-226.4099189043045,46.71009288511554,2.223666715621948,,
388000,363.11991357803345,-229.67333936691284,37.94888309091168,-0.004766043030346267,15.864137077331543,1.1866607427597047,0.004485427491017635,-226.4099189043045,46.71009288511554,2.235479164123535,,
392000,366.7230055332184,-238.23052287101746,46.3865888376019,-0.00492263909755275,28.99836082458496,1.1684866189956664,0.005854002496926114,-226.4099189043045,46.71009288511554,2.2561041831970217,,
396000,370.276141166687,-234.6910605430603,46.62852273778149,-0.005047858876719458,24.996765327453613,1.2187704205513001,0.0032259773899568243,-226.4099189043045,46.71009288511554,2.0679375410079954,,
400000,373.8811583518982,-223.0061821937561,37.398949715427435,-0.004083298295348303,25.487904930114745,1.2296878337860107,0.003059374197619036,-226.4099189043045,46.71009288511554,2.303812575340271,,
404000,379.5942680835724,-243.92289090156555,52.51497643944605,-0.0044574058493599186,36.36310443878174,1.22731693983078,0.007618950708458821,-238.42090699076653,58.519659268162236,2.2354583978652953,,
408000,383.1565172672272,-236.46355843544006,55.18582926669151,-0.003052694752773588,34.27146835327149,1.2124953746795655,0.0031876401568297296,-238.42090699076653,58.519659268162236,2.0698750734329225,,
412000,386.7116606235504,-233.39444160461426,44.0947860793589,-0.0039031582317936133,34.541930961608884,1.2088038444519043,0.0041419104920350945,-238.42090699076653,58.519659268162236,2.439062571525574,,
416000,390.2730417251587,-243.31219840049744,45.90396018296464,-0.0027615232778867237,43.20073928833008,1.2032417178153991,0.0019547308645754434,-238.42090699076653,58.519659268162236,2.207312560081482,,
420000,393.83457684516907,-228.31499075889587,45.6068025705548,-0.00439940065129969,32.87970886230469,1.212377655506134,0.0017809557291911915,-238.42090699076653,58.519659268162236,2.362708401679993,,
424000,397.4074697494507,-223.880304813385,39.7205951542327,-0.003167958675806104,41.71713104248047,1.1806739807128905,0.0024442215319140813,-238.42090699076653,58.519659268162236,2.328479194641113,,
428000,400.80100679397583,-228.7564880847931,39.104775722059316,-0.004539398137014317,32.502624893188475,1.1945527791976929,0.002909491118043661,-238.42090699076653,58.519659268162236,2.385937523841858,,
432000,404.3670756816864,-228.47755670547485,49.00003582857873,-0.004766671639556641,35.58860397338867,1.193527889251709,0.0020763079402968286,-238.42090699076653,58.519659268162236,2.322770881652832,,
436000,407.96504259109497,-221.28813648223877,40.39024365860287,-0.005569029424009697,24.904081535339355,1.2245195269584657,0.005314926654061658,-238.42090699076653,58.519659268162236,2.1385000467300417,,
440000,411.5427463054657,-226.32467412948608,46.71730091595759,-0.004621313269405336,45.608393859863284,1.187098741531372,0.004590033524436876,-238.42090699076653,58.519659268162236,2.1962708950042726,,
444000,417.23552656173706,-220.32853031158447,37.347763507573056,-0.0037463862014313954,30.780092239379883,1.1761699318885803,0.003552032344237288,-241.2302290648222,72.64821080278016,2.2922292232513426,,
448000,420.54035329818726,-215.44084310531616,36.64140549564584,-0.004683816006601171,30.451578521728514,1.1804028034210206,0.004970175380663333,-241.2302290648222,72.64821080278016,2.442875075340271,,
452000,423.9490077495575,-209.8505847454071,34.785980294930596,-0.006749517301873631,28.845016860961913,1.2054086923599243,0.005973081692354753,-241.2302290648222,72.64821080278016,2.4419167041778564,,
456000,427.4368019104004,-228.02523612976074,43.99078119496196,-0.006490711452905096,36.91395282745361,1.1457356929779052,0.004723160864523379,-241.2302290648222,72.64821080278016,2.529020881652832,,
460000,431.01100039482117,-225.2208206653595,44.590238756321675,-0.003928432702862939,29.093195152282714,1.1592092037200927,0.0033252362259081902,-241.2302290648222,72.64821080278016,2.3868542194366453,,
464000,434.52802991867065,-219.63473105430603,37.877373125984334,-0.004287246711590953,32.303733825683594,1.0696156859397887,0.003310307816718705,-241.2302290648222,72.64821080278016,2.36931254863739,,
468000,438.09334444999695,-223.00228261947632,36.55103983353496,-0.00570082387110844,31.912960624694826,1.1293915033340454,0.004601229977561161,-241.2302290648222,72.64821080278016,2.484083390235901,,
472000,441.6674282550812,-221.99224734306335,42.487670645138124,-0.003992631823057291,35.31065616607666,1.1265984773635864,0.003571952081983909,-241.2302290648222,72.64821080278016,2.361312508583069,,
476000,445.24531960487366,-233.3157298564911,42.82210516477472,-0.003945890186820122,33.868873023986815,1.14375296831131,0.005364607916135977,-241.2302290648222,72.64821080278016,2.321666693687439,,
480000,448.8192765712738,-211.6187744140625,41.86531490125455,-0.0060570141485271345,32.003590774536136,1.0722846508026123,0.006158111002179801,-241.2302290648222,72.64821080278016,2.441729259490967,,
484000,454.51877665519714,-211.11484789848328,39.40026963955538,-0.005432243002423398,27.79280815124512,1.1145078182220458,0.004569798830217531,-238.13534826040268,65.2979482883789,2.4802709102630613,,
488000,458.09929943084717,-219.92031455039978,41.80529098819787,-0.006799072234425552,27.85156536102295,1.0463440418243408,0.005510567425517365,-238.13534826040268,65.2979482883789,2.5776459217071532,,
492000,461.678959608078,-223.4332593679428,46.38881005590145,-0.00471159182939056,32.668500900268555,1.0588805437088014,0.006643169675953686,-238.13534826040268,65.2979482883789,2.5658958911895753,,
496000,465.20602536201477,-217.67504048347473,49.0563328277858,-0.005733007772166054,28.75015163421631,1.0550891876220703,0.0059676940902136264,-238.13534826040268,65.2979482883789,2.3862292528152467,,
500000,468.78087759017944,-214.53004717826843,39.92670676087677,-0.00557924825154874,34.84507007598877,1.08070912361145,0.004190194342828679,-238.13534826040268,65.2979482883789,2.479520893096924,,
504000,472.3567924499512,-233.17008185386658,45.15163443053976,-0.004806658064480862,28.656404495239258,1.1288012146949769,0.0039381439926025495,-238.13534826040268,65.2979482883789,2.3177708625793456,,
508000,475.9305157661438,-221.958646774292,39.80299438931844,-0.0071831189293103835,22.389376831054687,1.0708390951156617,0.006154973030788824,-238.13534826040268,65.2979482883789,2.233500075340271,,
512000,479.4758222103119,-238.28432059288025,46.934189565187644,-0.003897212398432437,35.54803123474121,1.0763943910598754,0.002993400985908612,-238.13534826040268,65.2979482883789,2.096666717529297,,
516000,482.98470640182495,-229.70649456977844,41.79337261731835,-0.004212949091723805,38.06736717224121,1.1203860640525818,0.0034290015104925242,-238.13534826040268,65.2979482883789,2.1813542366027834,,
520000,486.54002594947815,-229.68513321876526,45.37210035212197,-0.005343432653384906,30.947523498535155,1.1517802953720093,0.0033297633402980865,-238.13534826040268,65.2979482883789,2.2653750658035277,,
524000,492.19320821762085,-216.34784579277039,42.54208502000046,-0.00407715292822104,31.83518695831299,1.1584112405776978,0.0030634478138916064,-248.68183936178684,53.33059749712766,2.224458384513855,,
528000,495.7786965370178,-220.0644338130951,42.22870333265679,-0.0044004048935990525,27.86296672821045,1.129094159603119,0.005063410470029339,-248.68183936178684,53.33059749712766,2.1336667060852053,,
532000,499.36720728874207,-210.98343062400818,36.54994618055956,-0.004048088022895779,33.45703353881836,1.102079451084137,0.0020243508595740424,-248.68183936178684,53.33059749712766,2.2230833530426026,,
536000,502.9742691516876,-217.4204227924347,36.99846576849692,-0.003715710251795912,29.44361743927002,1.1361764073371887,0.0033786677580792458,-248.68183936178684,53.33059749712766,2.2623334169387816,,
540000,506.55787086486816,-220.33240032196045,44.276673078376255,-0.006015208018089957,29.40068702697754,1.1520352721214295,0.002992108094622381,-248.68183936178684,53.33059749712766,2.21833336353302,,
544000,510.04146671295166,-215.4741735458374,44.79895295252993,-0.005621409132145328,26.329335021972657,1.1477205872535705,0.0033535319487176364,-248.68183936178684,53.33059749712766,2.343625068664551,,
548000,513.6260254383087,-217.78520727157593,37.622425772099966,-0.002967051230594109,25.06211414337158,1.1439343571662903,0.003992445878451689,-248.68183936178684,53.33059749712766,2.147395873069763,,
552000,517.155020236969,-215.96492648124695,38.61126665096073,-0.004581496252445483,34.74617958068848,1.183953082561493,0.0017281319997612954,-248.68183936178684,53.33059749712766,2.374833369255066,,
556000,520.7215111255646,-211.6096556186676,39.841083469730066,-0.005458725488279015,26.437746238708495,1.189385461807251,0.005454893878505884,-248.68183936178684,53.33059749712766,2.3482917308807374,,
560000,524.3504402637482,-206.37864923477173,34.77974533073673,-0.004974395968398326,27.369028854370118,1.1911914944648743,0.0029401960695395247,-248.68183936178684,53.33059749712766,2.372104215621948,,
564000,530.0075767040253,-203.58552360534668,30.624457109012475,-0.006264372225074677,19.20674533843994,1.1851566433906555,0.0038109357575109915,-219.22266627848148,45.87043707696229,2.2841042041778565,,
568000,533.0319237709045,-216.3380606174469,39.48920477991305,-0.002492545257807599,27.72106342315674,1.1885180830955506,0.0034113091697605957,-219.22266627848148,45.87043707696229,2.271916699409485,,
572000,536.065545797348,-211.10957074165344,38.57000913253997,-0.00465208519754623,27.61695041656494,1.2373814463615418,0.0030807818692022313,-219.22266627848148,45.87043707696229,2.299541711807251,,
576000,539.0726079940796,-217.78654432296753,45.41215561192746,-0.004222932035569116,35.4973819732666,1.2041574239730835,0.004117991383109865,-219.22266627848148,45.87043707696229,2.3309584140777586,,
580000,542.3305141925812,-212.0795066356659,38.68272895704954,-0.003687857182075582,30.3028902053833,1.1989842414855958,0.00464010822454779,-219.22266627848148,45.87043707696229,2.3435000658035277,,
584000,545.4829330444336,-200.4974880218506,32.31920111033572,-0.0057601958622690574,20.975238609313966,1.172928237915039,0.005851384693834327,-219.22266627848148,45.87043707696229,2.285979223251343,,
588000,548.7702116966248,-209.56003952026367,46.33980685289371,-0.005514018489591166,32.10394134521484,1.113089394569397,0.0024108708704006832,-219.22266627848148,45.87043707696229,2.509604263305664,,
592000,552.272209405899,-214.4797101020813,43.54658929572917,-0.00667924609850159,24.166685104370117,1.1584295988082887,0.0033651487276074475,-219.22266627848148,45.87043707696229,2.250270867347717,,
596000,555.8058066368103,-216.59665822982788,38.149036874423764,-0.0054643591619873534,24.085323524475097,1.1072481155395508,0.002465224628763596,-219.22266627848148,45.87043707696229,2.2771250724792482,,
600000,559.3812584877014,-220.81121730804443,39.235084480822636,-0.005189671093054749,28.210449028015137,1.0798578023910523,0.004102137849258725,-219.22266627848148,45.87043707696229,2.1775208711624146,,
604000,565.0434913635254,-218.67513942718506,40.56586577438569,-0.004886962295432262,23.870468521118163,1.1019863843917848,0.004446262470446527,-217.4526740014553,42.6825384916558,2.2956250429153444,,
608000,568.6213960647583,-219.4354202747345,40.069667756168705,-0.005086763510946213,22.383937644958497,1.125249433517456,0.004474944682054538,-217.4526740014553,42.6825384916558,2.228937530517578,,
612000,572.0759372711182,-205.19962430000305,33.57565335716636,-0.00607598260588329,27.98479633331299,1.093857514858246,0.0031091327153262684,-217.4526740014553,42.6825384916558,2.485041689872742,,
616000,575.6525757312775,-215.08043837547302,35.99913857809804,-0.005262915740255281,27.118524742126464,1.1146716833114625,0.004387348220838838,-217.4526740014553,42.6825384916558,2.536979246139526,,
620000,579.2198634147644,-215.55297803878784,36.24896767381033,-0.004968054775614306,22.193203353881835,1.1245995044708252,0.004072074916291424,-217.4526740014553,42.6825384916558,2.2206875801086428,,
624000,582.8396465778351,-215.9707109928131,40.31418455573501,-0.005052578460813173,28.834013748168946,1.1490363478660583,0.0027768588828621433,-217.4526740014553,42.6825384916558,2.28272922039032,,
628000,586.4430668354034,-212.08290076255798,43.121836159193705,-0.006496800632526422,28.58161869049072,1.1167314291000365,0.004660980276763471,-217.4526740014553,42.6825384916558,2.378937578201294,,
632000,590.0174851417542,-217.33302927017212,35.9828652588325,-0.005837736789175985,18.89079866409302,1.048800027370453,0.004800582817833243,-217.4526740014553,42.6825384916558,2.3480625629425047,,
636000,593.6085689067841,-210.63182139396667,37.712053930477595,-0.004946623283205565,29.023775482177733,1.1031410574913025,0.002458833254786441,-217.4526740014553,42.6825384916558,2.166645908355713,,
640000,597.1260969638824,-225.51994132995605,40.32779205016941,-0.0061743454508638605,20.160853004455568,1.087444794178009,0.004888962269527841,-217.4526740014553,42.6825384916558,2.1864792346954345,,
644000,603.0062801837921,-225.24314403533936,42.375544928565425,-0.0060941531316687225,26.28730754852295,1.1018057107925414,0.004624527050647931,-232.40815316140652,57.81152516248121,2.1876458644866945,,
648000,606.5003080368042,-216.93690609931946,38.071476273865066,-0.005120085229010663,27.107415199279785,1.0891563653945924,0.002937107117652582,-232.40815316140652,57.81152516248121,1.991395890712738,,
652000,610.0746879577637,-221.68532848358154,39.49022901348735,-0.005787475996883629,23.952336883544923,1.078864622116089,0.003579002639162354,-232.40815316140652,57.81152516248121,2.2276875734329225,,
656000,613.657327413559,-210.09126043319702,39.371886874983716,-0.00504930683706577,25.504649353027343,1.0568884015083313,0.0013557500680908552,-232.40815316140652,57.81152516248121,2.0943750619888304,,
660000,617.2075927257538,-228.11476826667786,36.20221761122376,-0.006507151814488044,16.658519554138184,1.0320881009101868,0.002709299050310321,-232.40815316140652,57.81152516248121,2.0646041870117187,,
664000,620.695271730423,-223.68344044685364,41.732147731912825,-0.005047652309061945,26.32913131713867,1.0270166397094727,0.003564813348930329,-232.40815316140652,57.81152516248121,1.9948958873748779,,
668000,624.2679040431976,-216.91526293754578,42.22709355883466,-0.004935825798738058,31.542195510864257,1.0259381890296937,0.005993660411331802,-232.40815316140652,57.81152516248121,2.1516459226608275,,
672000,627.8404612541199,-223.67157411575317,40.33593801749656,-0.005852314549731119,25.580779838562012,1.0205555200576781,0.0011873594237840734,-232.40815316140652,57.81152516248121,2.0510000228881835,,
676000,631.4243619441986,-226.51885151863098,43.13990967804109,-0.006744280683187132,26.62476978302002,1.0481837272644043,0.004194828847539611,-232.40815316140652,57.81152516248121,2.0632708787918093,,
680000,634.9926223754883,-209.28111219406128,40.12297124469946,-0.004843648622899011,26.86917839050293,1.0366105794906617,0.00472577927284874,-232.40815316140652,57.81152516248121,2.0469375610351563,,
684000,640.8289384841919,-221.02341389656067,41.47918812927176,-0.006059080417578411,32.00020580291748,1.0378093242645263,0.007986991144251082,-243.6283320337534,53.05974097126243,2.1090625762939452,,
688000,644.4249019622803,-224.64014208316803,52.30605983979343,-0.0037917523751966444,47.365570831298825,1.0134605288505554,0.001544530845421832,-243.6283320337534,53.05974097126243,2.1043333530426027,,
692000,648.0134174823761,-206.4699501991272,36.6130186428929,-0.005904606701961334,15.141000461578368,0.9827520787715912,0.0023230284351933124,-243.6283320337534,53.05974097126243,2.124833416938782,,
696000,651.602080821991,-206.777001619339,32.57700867123444,-0.0058348836290339715,23.079820823669433,0.996813029050827,0.006452411587117268,-243.6283320337534,53.05974097126243,2.1243125438690185,,
700000,655.1957516670227,-205.76515758037567,42.070344456700916,-0.007622136100660981,28.537475967407225,1.0131145358085631,0.003728787490399554,-243.6283320337534,53.05974097126243,2.0797917366027834,,
704000,658.6918816566467,-212.01912450790405,34.8412058146364,-0.004898332900290026,27.952581787109374,0.9992306590080261,0.0025744907050345017,-243.6283320337534,53.05974097126243,2.0965208768844605,,
708000,662.2853820323944,-203.02540111541748,28.338382478694868,-0.006158228578589231,20.87834815979004,0.9857965767383575,0.004500149635714479,-243.6283320337534,53.05974097126243,2.05287504196167,,
712000,665.8782901763916,-207.85336995124817,30.887740798038674,-0.005131201698599997,24.2406286239624,0.9185973584651947,0.0014951954799471423,-243.6283320337534,53.05974097126243,2.0173125982284548,,
716000,669.4872291088104,-214.41782522201538,36.32053747018804,-0.006213257913632831,24.024148178100585,0.961016857624054,0.005922506382921711,-243.6283320337534,53.05974097126243,2.0642292499542236,,
720000,673.1050260066986,-215.68990015983582,38.73547209639289,-0.004943100749437379,26.756000328063966,0.9516942977905274,0.0015002356550734008,-243.6283320337534,53.05974097126243,2.215083384513855,,
724000,678.9743559360504,-201.83180499076843,36.628787827217096,-0.005553610208754734,18.701662445068358,0.9652977764606476,0.0019314261359783646,-215.18483223766088,40.986947048992235,2.27952094078064,,
728000,682.5234498977661,-206.61025738716125,36.74206899295523,-0.005274130258166032,27.596921920776367,0.9337642967700959,0.004459803234863407,-215.18483223766088,40.986947048992235,2.0547292232513428,,
732000,686.1184883117676,-213.14253783226013,43.70614373554616,-0.005319230430216227,31.106774711608885,0.9241663455963135,0.0036597706130123697,-215.18483223766088,40.986947048992235,2.060583400726318,,
736000,689.7157473564148,-210.33196449279785,31.388813052870038,-0.006958953672864787,20.178847312927246,0.910144853591919,0.006507179385516792,-215.18483223766088,40.986947048992235,2.0640000343322753,,
740000,693.3096761703491,-208.5917570590973,37.53603590430798,-0.0059558364310457355,31.12663326263428,0.9313911080360413,0.006721309799468144,-215.18483223766088,40.986947048992235,1.9802708745002746,,
744000,696.8945455551147,-205.6513020992279,32.79617819300952,-0.0059955383876804545,19.37017889022827,0.9579180777072906,0.0032494224346010015,-215.18483223766088,40.986947048992235,2.1622709035873413,,
748000,700.4858901500702,-206.79059648513794,42.146405500522725,-0.006487546994195625,26.52962169647217,0.9690341055393219,0.005819432313553996,-215.18483223766088,40.986947048992235,1.9313542008399964,,
752000,704.01247382164,-221.12094616889954,41.65717723674087,-0.004673891325326007,20.556744003295897,0.9491924166679382,0.0014939028820663224,-215.18483223766088,40.986947048992235,1.963770866394043,,
756000,707.5690820217133,-200.51155042648315,37.209343254185036,-0.007468909220769993,21.64815444946289,0.8852816998958588,0.002627290773341273,-215.18483223766088,40.986947048992235,1.9929375410079957,,
760000,710.9327952861786,-214.91322350502014,34.70086067098771,-0.006423010984280442,16.16060667037964,0.8241321325302124,0.004816916072741151,-215.18483223766088,40.986947048992235,2.030708360671997,,
764000,716.5803768634796,-216.8148820400238,40.3371256111781,-0.005604231144456939,20.735388565063477,0.8330815196037292,0.005991883010574383,-219.87553342431784,45.311191587368505,2.0321667194366455,,
768000,720.0595188140869,-218.61246490478516,42.09477177693923,-0.00455817937495886,24.611519622802735,0.8568917691707612,0.002607133108540438,-219.87553342431784,45.311191587368505,1.9652708768844604,,
772000,723.5468730926514,-216.08094215393066,37.47587502351205,-0.006955326179818577,18.195469093322753,0.8732243239879608,0.0062742285532876975,-219.87553342431784,45.311191587368505,1.919479215145111,,
776000,727.151353597641,-213.96778988838196,43.497104960862885,-0.0037912380612785236,31.633613967895506,0.9041480958461762,0.0020925816691985235,-219.87553342431784,45.311191587368505,2.162395882606506,,
780000,730.7650601863861,-207.57924509048462,36.39101816189235,-0.00701763774532207,20.914026069641114,0.9263293087482453,0.0037136073093279264,-219.87553342431784,45.311191587368505,2.0915000677108764,,
784000,734.3604662418365,-206.86145567893982,31.474441805938486,-0.0071415518287103906,19.17178087234497,0.9275592803955078,0.0035604760618298315,-219.87553342431784,45.311191587368505,2.175979208946228,,
788000,737.9747741222382,-209.3603551387787,34.94087331525677,-0.004812449964258114,29.633884620666503,0.9623949646949768,0.0028028666245518254,-219.87553342431784,45.311191587368505,2.2687500715255737,,
792000,741.5512187480927,-206.4879025220871,35.84749805705327,-0.004404173597072569,26.11603717803955,0.8511633813381195,0.0036702995410305443,-219.87553342431784,45.311191587368505,2.095375084877014,,
796000,745.136522769928,-210.39012241363525,42.021761848581114,-0.0054141293306989805,26.89002685546875,0.9198768913745881,0.004439872842282089,-219.87553342431784,45.311191587368505,2.164312553405762,,
800000,748.7136325836182,-209.25738763809204,42.677992654915386,-0.004274146129610035,31.698323059082032,0.917155635356903,0.0023353038930508776,-219.87553342431784,45.311191587368505,2.0827083826065063,,
804000,754.476648569107,-212.2112843990326,36.40914589910724,-0.006254588470949484,23.441079902648926,0.946912658214569,0.004874833874055184,-219.7689750045538,37.190326722281576,2.1631667137146,,
808000,757.648255109787,-204.78851974010468,37.615485323378266,-0.005797936483519095,23.756934928894044,0.9492704391479492,0.0029099674085155238,-219.7689750045538,37.190326722281576,2.140250039100647,,
812000,761.2339308261871,-215.96822929382324,34.68715910563707,-0.007005339807442645,21.66485729217529,0.9001291036605835,0.0028452544420336954,-219.7689750045538,37.190326722281576,2.153979229927063,,
816000,764.8382630348206,-212.60019159317017,38.73992041005903,-0.004748100542463352,28.755377960205077,0.8334343492984772,0.0041950231705947475,-219.7689750045538,37.190326722281576,2.0945000410079957,,
820000,768.3097722530365,-222.36175799369812,42.44562268507533,-0.005825949543543785,30.9478401184082,0.801348352432251,0.005561564063032476,-219.7689750045538,37.190326722281576,2.141979193687439,,
824000,771.91215467453,-203.77397298812866,37.74218935494465,-0.003612897086539313,28.24594211578369,0.8739218413829803,0.002180699139717035,-219.7689750045538,37.190326722281576,2.0664791822433473,,
828000,775.5342252254486,-203.6489131450653,37.521268446734766,-0.005758435160154463,32.62780952453613,0.9289094865322113,0.0037337361640336296,-219.7689750045538,37.190326722281576,1.9968958854675294,,
832000,779.1548118591309,-216.2941873073578,42.71187433656496,-0.006768059742171317,35.052987289428714,0.903376293182373,0.0029318497768836107,-219.7689750045538,37.190326722281576,2.0248125314712526,,
836000,782.7425715923309,-210.6896996498108,45.35667606138689,-0.0067211910273569766,29.287663841247557,0.9103127241134643,0.006090228032864009,-219.7689750045538,37.190326722281576,2.0503333568573,,
840000,786.3305191993713,-202.12102246284485,38.34958270200004,-0.004845766268903384,30.955709838867186,0.9643484354019165,0.0038592054466716945,-219.7689750045538,37.190326722281576,2.051104211807251,,
844000,792.144430398941,-206.4179583787918,39.04826755952092,-0.004698727540904635,36.56651229858399,0.8608129918575287,0.00679879741584104,-201.7183207347989,43.406324824669674,1.811666691303253,,
848000,795.7632801532745,-208.4427046775818,40.728660327362675,-0.007341246559595069,29.037264251708983,0.8925399363040925,0.005161671257539036,-201.7183207347989,43.406324824669674,1.8429375410079956,,
852000,799.3505609035492,-208.16423988342285,34.12921603675823,-0.006928747636886934,25.45625820159912,0.9018060445785523,0.002631858454066505,-201.7183207347989,43.406324824669674,1.9443750381469727,,
856000,802.9559903144836,-207.6125215291977,39.53722555164531,-0.005300846457481434,34.586568641662595,0.9094833493232727,0.0042976083787653165,-201.7183207347989,43.406324824669674,1.9357708930969237,,
860000,806.523832321167,-201.96988606452942,29.666559089125034,-0.005824132480348165,29.399152946472167,0.8365436017513275,0.0036517943832441225,-201.7183207347989,43.406324824669674,2.0725417137145996,,
864000,810.111123085022,-201.12121272087097,32.894466366701444,-0.004363941337369948,36.00879077911377,0.9244093298912048,0.003399685302594058,-201.7183207347989,43.406324824669674,1.9355417132377624,,
868000,813.7230741977692,-202.36030077934265,40.002090382713696,-0.005066600103784946,39.23708152770996,0.9467599987983704,0.00438804518869923,-201.7183207347989,43.406324824669674,1.9939583659172058,,
872000,817.3376309871674,-216.17639756202698,40.09417337533295,-0.007054689164273498,25.501056480407716,0.9430193781852723,0.00493910229435035,-201.7183207347989,43.406324824669674,1.9825416922569274,,
876000,820.8592343330383,-218.38523161411285,38.432693792263855,-0.005679560507958037,26.052980422973633,0.9237443804740906,0.004562346165766939,-201.7183207347989,43.406324824669674,1.8778125524520874,,
880000,824.4472959041595,-210.9084050655365,34.966888633553964,-0.006441674071053694,26.081417083740234,0.8949686706066131,0.006394951468954524,-201.7183207347989,43.406324824669674,1.851270890235901,,
884000,830.1565973758698,-222.9959008693695,37.08825619880589,-0.004557069073858067,30.061690902709962,0.8816657721996307,0.001314340308866413,-212.58568342030048,42.06916227291645,1.9749375462532044,,
888000,833.7345459461212,-215.04875802993774,41.11262011661263,-0.004670776042543956,25.828197479248047,0.8831987917423249,0.0033510359399369916,-212.58568342030048,42.06916227291645,1.873104202747345,,
892000,837.306939125061,-218.0882031917572,42.81565181290276,-0.00461435953077558,28.945743560791016,0.9092383563518525,0.0025553590423272434,-212.58568342030048,42.06916227291645,1.8642083883285523,,
896000,840.8553314208984,-219.85704517364502,40.561960160706484,-0.004741169056389438,26.580788993835448,0.9039654791355133,0.0033086039416957646,-212.58568342030048,42.06916227291645,1.9095625281333923,,
900000,844.4368841648102,-212.52017641067505,32.81893516456994,-0.007251482663520914,24.67950382232666,0.9436650216579437,0.0053184811127721335,-212.58568342030048,42.06916227291645,1.8799583911895752,,
904000,848.0172696113586,-234.23413252830505,50.594110871247096,-0.004780230801436147,46.85380058288574,0.8904540240764618,0.004884961739298888,-212.58568342030048,42.06916227291645,1.9180833578109742,,
908000,851.5735199451447,-228.95502030849457,43.49709006021056,-0.0049892045860566725,28.659799003601073,0.957925683259964,0.003109867888269946,-212.58568342030048,42.06916227291645,1.8542917251586915,,
912000,855.0604660511017,-214.9289469718933,37.323845897350644,-0.0071117766412594815,22.23673210144043,0.9455040991306305,0.00833148296425743,-212.58568342030048,42.06916227291645,1.8770208716392518,,
916000,858.6543211936951,-222.07143902778625,42.13379574460432,-0.005057361837631702,33.06123676300049,0.8959105253219605,0.002836998552083969,-212.58568342030048,42.06916227291645,2.003229188919067,,
920000,862.250102519989,-218.63588571548462,37.227900623546276,-0.004437326432205779,31.81651077270508,0.8996701121330262,0.005126496401499025,-212.58568342030048,42.06916227291645,1.798833394050598,,
924000,868.0699985027313,-223.78784799575806,36.58247627095907,-0.0052938013520712705,27.157718658447266,0.8559812068939209,0.00689185107111312,-215.52987951785326,47.4611056311454,1.877208375930786,,
928000,871.6838908195496,-223.66050696372986,38.86262362348672,-0.00423657113286513,27.336257934570312,0.9371983528137207,0.0011432207416995298,-215.52987951785326,47.4611056311454,1.8146042108535767,,
932000,875.2571473121643,-224.97234392166138,47.855601517216556,-0.0056462909070154055,31.431445693969728,0.9155658602714538,0.002829272334502697,-215.52987951785326,47.4611056311454,1.8770417094230651,,
936000,878.7712001800537,-221.73757123947144,42.691243755327775,-0.004925275354258041,40.62395477294922,0.9069386899471283,0.002075781175517477,-215.52987951785326,47.4611056311454,1.8139167070388793,,
940000,882.3044893741608,-214.97169971466064,45.09333266162865,-0.0051566872694529305,29.841354370117188,0.9238510012626648,0.002055889193434268,-215.52987951785326,47.4611056311454,1.78358336687088,,
944000,885.9031927585602,-216.15688371658325,33.380205814974985,-0.006573623831228659,20.7756649017334,0.9657336890697479,0.0044922592867709275,-215.52987951785326,47.4611056311454,1.8829792261123657,,
948000,889.4954845905304,-220.58758807182312,44.192465684161135,-0.005120909847784816,30.250462341308594,0.9618204772472382,0.005103212830726988,-215.52987951785326,47.4611056311454,1.8253333806991576,,
952000,893.0823917388916,-220.104745388031,31.998510586498313,-0.006071556802062883,31.76345729827881,0.912131804227829,0.004100007071974688,-215.52987951785326,47.4611056311454,1.880666720867157,,
956000,896.6653716564178,-215.24743795394897,40.787468341718395,-0.005558939476303415,20.32881889343262,0.8946691632270813,0.003243890483281575,-215.52987951785326,47.4611056311454,1.9273125529289246,,
960000,900.2449564933777,-210.4369695186615,43.6032841640572,-0.006157573599989208,27.415039443969725,0.920240581035614,0.002521510324596121,-215.52987951785326,47.4611056311454,1.8420833826065064,,
964000,905.981653213501,-215.19215607643127,42.9726949283008,-0.005660522051077965,30.9554012298584,0.9453647077083588,0.0029732953455920085,-212.69966369867325,44.58865506261705,1.7765625357627868,,
968000,909.5625004768372,-204.98227655887604,41.33168115924664,-0.005540786796404662,30.725534439086914,0.9287613511085511,0.005908534803893417,-212.69966369867325,44.58865506261705,2.031729221343994,,
972000,913.1390368938446,-209.41341352462769,36.37233164497911,-0.005245193815014005,40.37170639038086,0.9387503087520599,0.006727655036957003,-212.69966369867325,44.58865506261705,1.7998542070388794,,
976000,916.7323627471924,-205.40509247779846,31.562475312490946,-0.006265720803911456,25.2786283493042,0.9040385484695435,0.004620303350500787,-212.69966369867325,44.58865506261705,1.9683542132377625,,
980000,920.2876698970795,-207.52047419548035,34.5520527106214,-0.005215462765035528,37.75863914489746,0.863467276096344,0.003833677983493544,-212.69966369867325,44.58865506261705,1.7239792108535767,,
984000,923.8838050365448,-203.9184820652008,36.79003013326458,-0.0060290177979816836,33.50096130371094,0.9082791566848755,0.0035116116266775245,-212.69966369867325,44.58865506261705,1.8550000429153441,,
988000,927.4538173675537,-201.1739091873169,34.612854518595114,-0.00709973433939739,34.55097332000732,0.8756721138954162,0.006586167168396062,-212.69966369867325,44.58865506261705,1.8150625586509705,,
992000,931.0274682044983,-203.3714098930359,42.12617748023592,-0.006695383723825188,29.322963905334472,0.9068614423274994,0.004269310171366669,-212.69966369867325,44.58865506261705,1.8531875371932984,,
996000,934.612340927124,-214.1608829498291,43.800683191313226,-0.005789450239545424,38.87599105834961,0.9008580029010773,0.004326535596919712,-212.69966369867325,44.58865506261705,2.001750040054321,,
1000000,938.1881120204926,-203.6951208114624,32.33604633064485,-0.007486212353687715,27.15821952819824,0.879757159948349,0.002219149359734729,-212.69966369867325,44.58865506261705,1.7991875290870667,,
1004000,943.9733459949493,-211.52369475364685,38.9863518944809,-0.006134638725469444,31.92027339935303,0.812796002626419,0.004267961782170459,-206.177793353796,39.30443251057608,1.7412500500679016,,
1008000,947.5460364818573,-207.31787419319153,35.955407343635066,-0.007005646802019339,29.29935073852539,0.9215779304504395,0.004980680867622133,-206.177793353796,39.30443251057608,1.8461458802223205,,
1012000,951.1238422393799,-195.0420812368393,31.576169075049645,-0.008174821853948178,22.86900100708008,0.8709269046783448,0.004476495627857169,-206.177793353796,39.30443251057608,1.7554792165756226,,
1016000,954.7048196792603,-198.40380835533142,33.120439604055285,-0.007474624769917337,21.62597236633301,0.8551524817943573,0.006715882622714453,-206.177793353796,39.30443251057608,1.8431458711624145,,
1020000,958.2922811508179,-201.6240952014923,39.77385587718254,-0.005665336942610644,30.285880661010744,0.8796486496925354,0.0044292638660408555,-206.177793353796,39.30443251057608,1.7158958673477174,,
1024000,961.8662865161896,-210.57318472862244,35.70415723485105,-0.004209389871141567,26.730121421813966,0.8039536535739898,0.002011197306565027,-206.177793353796,39.30443251057608,1.8006667256355287,,
1028000,965.451700925827,-202.31430888175964,36.44584900328285,-0.006041221646126349,29.36921043395996,0.8686476051807404,0.004542205802863464,-206.177793353796,39.30443251057608,1.801354205608368,,
1032000,969.0470418930054,-212.20164799690247,37.04870129509736,-0.004497854699303083,37.88137969970703,0.8279834032058716,0.00402374381572983,-206.177793353796,39.30443251057608,1.7936042070388794,,
1036000,972.6111590862274,-214.84206223487854,38.4937174801233,-0.006348720063765789,28.202010917663575,0.8177717745304107,0.0029416213251728606,-206.177793353796,39.30443251057608,1.7890417098999023,,
1040000,976.1900112628937,-211.67246842384338,40.62893930293339,-0.006036794529141254,30.30214786529541,0.8378834843635559,0.007187328161671757,-206.177793353796,39.30443251057608,1.6563958644866943,,
1044000,981.8876309394836,-210.26231503486633,38.69745481989682,-0.007212604042918747,31.006800842285156,0.8104438722133637,0.004977863011299632,-217.81879733502865,41.39384055723035,1.615500032901764,,
1048000,985.4438652992249,-213.02846789360046,36.49122746249771,-0.006777959645881104,30.945534706115723,0.7718948483467102,0.005701248929835856,-217.81879733502865,41.39384055723035,1.7750417351722718,,
1052000,988.9933321475983,-215.79645419120789,34.46519371409055,-0.004783120579008626,29.868398475646973,0.7390288412570953,0.002438822656404227,-217.81879733502865,41.39384055723035,1.597895884513855,,
1056000,992.5540509223938,-207.19307041168213,35.4248558982934,-0.007153475935105291,28.263708686828615,0.7599609613418579,0.0021025778574136566,-217.81879733502865,41.39384055723035,1.722166693210602,,
1060000,996.1344034671783,-210.44211864471436,43.367660288498165,-0.006186620271299037,26.068263435363768,0.7286721229553222,0.003932605153104962,-217.81879733502865,41.39384055723035,1.715041708946228,,
1064000,999.7145118713379,-214.21677613258362,34.87691921079611,-0.006978267343132671,26.93377094268799,0.7258634150028229,0.009139022254385055,-217.81879733502865,41.39384055723035,1.6370208621025086,,
1068000,1003.2909557819366,-208.06548428535461,38.52408973189925,-0.006374305088150667,25.087175941467287,0.6517879605293274,0.0033602171059854413,-217.81879733502865,41.39384055723035,1.6967708826065064,,
1072000,1006.8680057525635,-213.28302192687988,42.3874149671965,-0.0054742747400887025,29.44780445098877,0.5872965812683105,0.0019167277067026589,-217.81879733502865,41.39384055723035,1.6715208768844605,,
1076000,1010.4415555000305,-207.14620637893677,38.53405049474933,-0.005579584094540557,35.292433166503905,0.7005472660064698,0.0020697421037766616,-217.81879733502865,41.39384055723035,1.6787708878517151,,
1080000,1014.0148866176605,-205.08902382850647,41.35003280615806,-0.0042166967856076985,38.81613731384277,0.716221034526825,0.003618545850622468,-217.81879733502865,41.39384055723035,1.6482292056083678,,
1084000,1019.6938169002533,-209.7359528541565,33.00245407896872,-0.004207970803603444,23.86349105834961,0.7111456155776977,0.0029727990364966316,-205.781341470778,40.19114696625803,1.6557083606719971,,
1088000,1023.0570931434631,-210.81260108947754,31.587100979287705,-0.006742371215795462,22.889150047302245,0.664713454246521,0.005601476700758212,-205.781341470778,40.19114696625803,1.6369792103767395,,
1092000,1026.4548270702362,-210.14826703071594,33.75256671179705,-0.006374470315407876,26.129275131225587,0.6998044908046722,0.0035378113272599874,-205.781341470778,40.19114696625803,1.7018333554267884,,
1096000,1029.9785950183868,-200.71701073646545,35.904203937226924,-0.005564732605824218,21.7709379196167,0.7632752895355225,0.004190993982677682,-205.781341470778,40.19114696625803,1.6552917122840882,,
1100000,1033.571254491806,-193.1698843240738,37.15489298745488,-0.0068215096142764334,17.393696784973145,0.7095910012722015,0.007857568956834005,-205.781341470778,40.19114696625803,1.8498542189598084,,
1104000,1037.1560051441193,-207.51538372039795,36.25636165437258,-0.004819976820455274,25.276713943481447,0.7542889237403869,0.001975517261598725,-205.781341470778,40.19114696625803,1.7318542003631592,,
1108000,1040.637110710144,-202.74608087539673,36.601805380600375,-0.005174837225349638,26.966953468322753,0.7046178996562957,0.003080839263275248,-205.781341470778,40.19114696625803,1.6779584050178529,,
1112000,1044.2112174034119,-207.16966021060944,41.070772292633755,-0.007115500550562004,27.50993957519531,0.7252574861049652,0.007057955016614948,-205.781341470778,40.19114696625803,1.7203125476837158,,
1116000,1047.807606935501,-209.66305375099182,38.97715202392066,-0.0066386193259774014,27.188253974914552,0.6735580682754516,0.009470367836707716,-205.781341470778,40.19114696625803,1.696083390712738,,
1120000,1051.4029459953308,-211.14755725860596,34.7983003948779,-0.004276007878128318,21.66023368835449,0.5826095581054688,0.0019165891183462237,-205.781341470778,40.19114696625803,1.6835208773612975,,
1124000,1057.1330852508545,-211.9846739768982,40.526143183332664,-0.006029236711251329,22.917210006713866,0.7062850892543793,0.006056463053217165,-207.0315767750144,39.68852788782339,1.6666250467300414,,
1128000,1060.755203485489,-211.3679130077362,43.12698989907404,-0.006622529047541325,23.84002857208252,0.6739414393901825,0.006224203116764926,-207.0315767750144,39.68852788782339,1.626354193687439,,
1132000,1064.366105556488,-211.77409029006958,45.03075798409649,-0.007288940081372886,30.82016258239746,0.7439945042133331,0.005628854426322505,-207.0315767750144,39.68852788782339,1.6846875309944154,,
1136000,1067.9702451229095,-218.7957808971405,41.64671111203888,-0.005292556840577234,28.872639656066895,0.778975385427475,0.004585836379555985,-207.0315767750144,39.68852788782339,1.6384167194366455,,
1140000,1071.295068025589,-210.84001922607422,34.22733156109647,-0.005188732244229555,27.53688621520996,0.726900714635849,0.002704709098829561,-207.0315767750144,39.68852788782339,1.7282083749771118,,
1144000,1074.9053423404694,-215.53697872161865,47.12331563880608,-0.005379056152344375,37.69516372680664,0.7120237410068512,0.0018524520797654986,-207.0315767750144,39.68852788782339,1.5882083773612976,,
1148000,1078.5242793560028,-201.65409779548645,34.91886257636451,-0.005345612809061961,24.78825397491455,0.7849905610084533,0.00402629007876385,-207.0315767750144,39.68852788782339,1.528000044822693,,
1152000,1082.0805578231812,-207.99298131465912,40.9440197380362,-0.004152146659694367,29.227119827270506,0.6842692196369171,0.0032641584887556974,-207.0315767750144,39.68852788782339,1.5464375257492065,,
1156000,1085.630137681961,-204.34485983848572,33.47295225950738,-0.005405461206876993,26.591883659362793,0.7278241693973542,0.0063520625699311495,-207.0315767750144,39.68852788782339,1.6303958773612977,,
1160000,1089.2021923065186,-212.3147702217102,42.45643888109455,-0.004968022317159893,28.748653221130372,0.6775871098041535,0.006116875694909446,-207.0315767750144,39.68852788782339,1.532187533378601,,
1164000,1094.4443924427032,-217.4561141729355,41.877697594261186,-0.004427447604946799,32.428072166442874,0.6658342957496644,0.003933554055402055,-201.4482235237956,40.7901858175291,1.6228958725929261,,
1168000,1097.474040031433,-211.73565888404846,35.85542081061143,-0.004944774692024456,19.10918245315552,0.6618796229362488,0.004766249911588005,-201.4482235237956,40.7901858175291,1.5187708735466003,,
1172000,1100.4877381324768,-204.3574389219284,37.016806274058,-0.007562520564844233,18.579991149902344,0.6653848230838776,0.009715545095968992,-201.4482235237956,40.7901858175291,1.657270872592926,,
1176000,1103.7711098194122,-205.33778166770935,41.63118103096403,-0.0057028807926302605,22.321250915527344,0.7279133915901184,0.0050083037524018435,-201.4482235237956,40.7901858175291,1.5724791884422302,,
1180000,1107.3468101024628,-208.74443531036377,37.51310716301985,-0.006377050067453327,26.735148239135743,0.7590651273727417,0.010157761489972472,-201.4482235237956,40.7901858175291,1.6117292165756225,,
1184000,1110.9493508338928,-212.4208996295929,42.896554023210996,-0.0057434118757955675,29.761311340332032,0.8116281926631927,0.006507342419354245,-201.4482235237956,40.7901858175291,1.6124166965484619,,
1188000,1114.57754778862,-205.56046986579895,33.493351651428455,-0.0071844068256517344,22.231047439575196,0.8473401844501496,0.008942345599643886,-201.4482235237956,40.7901858175291,1.6731667041778564,,
1192000,1118.1809618473053,-211.569890499115,39.229455154942286,-0.0057289855652488345,31.625551986694337,0.8578873038291931,0.011266081258965065,-201.4482235237956,40.7901858175291,1.6207292079925537,,
1196000,1121.7726726531982,-205.85101079940796,34.37478706914876,-0.006608571755389381,15.984918880462647,0.7674994587898254,0.007511228567454964,-201.4482235237956,40.7901858175291,1.5701667070388794,,
1200000,1125.4003121852875,-213.28575348854065,34.076300461731066,-0.006260632047740344,21.026935386657716,0.7257600486278534,0.0062921898963395504,-201.4482235237956,40.7901858175291,1.5423750400543212,,
1204000,1131.1218042373657,-197.83298063278198,38.868623795255644,-0.005701006816855325,30.14080982208252,0.7569655776023865,0.004765535160549917,-203.59760229289532,44.893522681125155,1.5886667013168334,,
1208000,1134.7331969738007,-208.015038728714,44.70456314840223,-0.00505797337251721,29.327562522888183,0.7410481989383697,0.002074479874863755,-203.59760229289532,44.893522681125155,1.6613958835601808,,
1212000,1138.3067100048065,-217.9132068157196,45.55053281820499,-0.0056445767454182064,32.873615455627444,0.7421803057193757,0.005946594328852406,-203.59760229289532,44.893522681125155,1.5802083730697631,,
1216000,1141.9113092422485,-206.81557500362396,42.17912763139997,-0.005214458437093228,20.515960502624512,0.7619990468025207,0.004300312061406153,-203.59760229289532,44.893522681125155,1.5657708644866943,,
1220000,1145.4902329444885,-204.81335186958313,38.8287417655967,-0.005850288384749369,22.092884826660157,0.7624831080436707,0.0038925490691326557,-203.59760229289532,44.893522681125155,1.6960625410079957,,
1224000,1148.9095149040222,-213.84679532051086,36.554966388107644,-0.0073214575871825005,23.803503036499023,0.8554900288581848,0.006785108893178471,-203.59760229289532,44.893522681125155,1.6014167189598083,,
1228000,1151.9152200222015,-205.2491283416748,39.16301473818023,-0.006060438973441107,24.645502662658693,0.8550021648406982,0.005250154521083505,-203.59760229289532,44.893522681125155,1.5619166970252991,,
1232000,1154.9150834083557,-201.62888884544373,32.74063121586654,-0.008832611786822486,18.780219078063965,0.862381786108017,0.010092363180592655,-203.59760229289532,44.893522681125155,1.6866875529289245,,
1236000,1158.439016342163,-204.36830043792725,39.5803199174653,-0.008344973485994523,17.14481544494629,0.8220379889011383,0.010209068446420133,-203.59760229289532,44.893522681125155,1.6436875343322754,,
1240000,1162.0223624706268,-202.013702750206,42.01809552089544,-0.00628969438156734,20.812970924377442,0.8063112735748291,0.005552498470953049,-203.59760229289532,44.893522681125155,1.6424792170524598,,
1244000,1167.7171046733856,-212.1443567276001,47.05019760185171,-0.005871849515475347,25.32346992492676,0.8675015866756439,0.0027190944936592134,-208.7891396433115,42.00018088419621,1.6183125615119933,,
1248000,1171.3162133693695,-209.57157564163208,36.08493481093898,-0.008095150113416194,16.84085006713867,0.8391085982322692,0.011541032705456018,-208.7891396433115,42.00018088419621,1.6536875367164612,,
1252000,1174.9054758548737,-209.84954404830933,36.53842228119006,-0.006560451454638194,26.948276138305665,0.8175149619579315,0.004974204578980235,-208.7891396433115,42.00018088419621,1.5631667017936706,,
1256000,1178.5083334445953,-208.96336889266968,37.658807316298,-0.006655177213484365,26.25143165588379,0.8582702219486237,0.004183951928280294,-208.7891396433115,42.00018088419621,1.627875065803528,,
1260000,1182.0937111377716,-213.21151542663574,36.3594105952584,-0.0059536758326770075,23.831293869018555,0.8790015995502471,0.006261464858970944,-208.7891396433115,42.00018088419621,1.5749791860580444,,
1264000,1185.66149020195,-211.4063901901245,40.564460598808026,-0.006189569945447148,23.746087646484376,0.813331526517868,0.006185327399832552,-208.7891396433115,42.00018088419621,1.5465000510215758,,
1268000,1189.2363810539246,-215.93047213554382,41.59153866808326,-0.00721926967178782,18.941358757019042,0.8207539618015289,0.0048729629488661885,-208.7891396433115,42.00018088419621,1.5488125324249267,,
1272000,1192.8307843208313,-209.9041600227356,38.46620596128088,-0.008223183716026445,21.238076591491698,0.8535705745220185,0.008268383095972266,-208.7891396433115,42.00018088419621,1.5669583559036255,,
1276000,1196.328105211258,-221.15611386299133,61.481578748224514,-0.0060423114371175755,23.452858543395998,0.8252039730548859,0.008100221445783973,-208.7891396433115,42.00018088419621,1.6910208702087401,,
1280000,1199.8360571861267,-212.8039801120758,43.01108936043848,-0.006015875025652306,22.184672164916993,0.87550567984581,0.006644601665902883,-208.7891396433115,42.00018088419621,1.5382500290870667,,
1284000,1205.4462461471558,-208.62557554244995,43.0354252141045,-0.004863343272979037,27.95100841522217,0.8579189419746399,0.004860501279472374,-218.85583890974522,43.50454192026572,1.5887500405311585,,
1288000,1209.0261619091034,-220.62565159797668,39.68977844933297,-0.005200041710243841,26.132955169677736,0.8245058715343475,0.0024393700313521728,-218.85583890974522,43.50454192026572,1.4446250438690185,,
1292000,1212.561613559723,-216.61043286323547,46.21838183428015,-0.005583621232149482,25.083527946472167,0.9223691821098328,0.006526109017431736,-218.85583890974522,43.50454192026572,1.596125030517578,,
1296000,1216.105860710144,-214.5030391216278,42.48879558819096,-0.005422646990123514,22.751036643981934,0.8783955454826355,0.003425778157543391,-218.85583890974522,43.50454192026572,1.593416702747345,,
1300000,1219.6797575950623,-210.93171882629395,44.08914591719706,-0.006551471334726777,23.782885551452637,0.957183015346527,0.005790679565553259,-218.85583890974522,43.50454192026572,1.6792500376701356,,
1304000,1223.2398929595947,-214.37442421913147,35.76398107585095,-0.007589563235795715,20.6337308883667,0.9486877262592316,0.007405190414283424,-218.85583890974522,43.50454192026572,1.673020887374878,,
1308000,1226.8203814029694,-212.01207447052002,36.48705894259347,-0.006770624148193782,20.904476928710938,0.9689827740192414,0.002546921944303904,-218.85583890974522,43.50454192026572,1.6748125433921814,,
1312000,1230.4162170886993,-207.30450105667114,34.949029012718476,-0.007437603779137092,20.385145950317384,0.9164955496788025,0.006857265729922801,-218.85583890974522,43.50454192026572,1.636791718006134,,
1316000,1234.0022840499878,-210.38418316841125,36.320445143192536,-0.005604940932864899,28.00133361816406,0.9343408346176147,0.0067663983558304604,-218.85583890974522,43.50454192026572,1.6528125405311584,,
1320000,1237.5765645503998,-219.84187531471252,39.93680248505649,-0.006642424946107584,25.96363639831543,0.9487563729286194,0.006473695525589118,-218.85583890974522,43.50454192026572,1.5839375376701355,,
1324000,1243.2596497535706,-207.15290927886963,34.64864361481395,-0.006026966283408308,21.18954849243164,0.8991127431392669,0.005624812905443833,-211.78752300143242,36.68568921541816,1.5789583563804626,,
1328000,1246.814743757248,-217.70398545265198,39.64618492844607,-0.006197161329754941,17.54880666732788,0.8919070959091187,0.006624174043458631,-211.78752300143242,36.68568921541816,1.5200417041778564,,
1332000,1250.41477394104,-220.76012110710144,45.90104000497897,-0.005746526938358798,23.85663185119629,0.8528962016105652,0.012024481687694788,-211.78752300143242,36.68568921541816,1.5893125414848328,,
1336000,1253.9467372894287,-219.3959138393402,41.69349082351861,-0.003880505295470371,21.078326797485353,0.80601766705513,0.021660909173389344,-211.78752300143242,36.68568921541816,1.5959166884422302,,
1340000,1257.482694864273,-215.5777360200882,41.983483237787574,-0.005123920608311927,23.29346122741699,0.8194848895072937,0.006602867878973484,-211.78752300143242,36.68568921541816,1.5826250314712524,,
1344000,1260.9835453033447,-222.21789050102234,39.92241726889882,-0.005091197650569157,30.937408256530762,0.8328586995601654,0.005718198826381316,-211.78752300143242,36.68568921541816,1.5784583806991577,,
1348000,1264.5236811637878,-217.62273716926575,34.64430986846996,-0.0048934228712848695,26.117134857177735,0.8580439567565918,0.008519425502667844,-211.78752300143242,36.68568921541816,1.529604184627533,,
1352000,1268.013709783554,-208.64459085464478,39.73736560743479,-0.004731908017769371,19.60091781616211,0.8393443882465362,0.0052542084828019146,-211.78752300143242,36.68568921541816,1.6381250381469727,,
1356000,1271.5648488998413,-213.04981136322021,36.584396059537305,-0.005814485118920842,25.031734275817872,0.8455638706684112,0.006341210682876408,-211.78752300143242,36.68568921541816,1.6131875395774842,,
1360000,1275.1664316654205,-208.16852509975433,36.064997720059736,-0.00722048625124927,17.33827714920044,0.8665000021457672,0.006054287718143314,-211.78752300143242,36.68568921541816,1.591854214668274,,
1364000,1280.791339635849,-215.82425260543823,46.50019168072101,-0.0031454512483226615,32.67230663299561,0.8573054790496826,0.004797210647646965,-209.64919263124466,43.10671968099988,1.536062526702881,,
1368000,1284.3703291416168,-212.05920147895813,34.64591315207328,-0.006607128551850661,23.96387176513672,0.9264056205749511,0.007412117095237291,-209.64919263124466,43.10671968099988,1.6321458697319031,,
1372000,1287.9940633773804,-208.21560752391815,42.29819901167339,-0.006666296275953343,25.472210693359376,0.8510881900787354,0.005119069965439848,-209.64919263124466,43.10671968099988,1.5503333687782288,,
1376000,1291.5698699951172,-218.46986150741577,37.54893664210974,-0.006897219597517257,22.53324203491211,0.8073801457881927,0.004377040170521165,-209.64919263124466,43.10671968099988,1.521166694164276,,
1380000,1295.10768699646,-205.83474898338318,46.16272264918345,-0.005614919320680212,24.671129417419433,0.7209245502948761,0.007059622494038198,-209.64919263124466,43.10671968099988,1.5817083716392517,,
1384000,1298.704796075821,-209.08074522018433,42.8786653527013,-0.006462254898777964,26.984212112426757,0.7902384877204895,0.004030979998060502,-209.64919263124466,43.10671968099988,1.4914166927337646,,
1388000,1302.2710182666779,-205.1696548461914,30.1361258886668,-0.006128250821415948,22.75691509246826,0.745267516374588,0.007907309580846534,-209.64919263124466,43.10671968099988,1.592020869255066,,
1392000,1305.868103981018,-207.03154051303864,38.50718302314625,-0.005224953063918902,29.17761688232422,0.7791459500789643,0.005332413503279287,-209.64919263124466,43.10671968099988,1.5577083826065063,,
1396000,1309.4461119174957,-200.18952679634094,38.67640246845866,-0.007846565996607147,17.71521453857422,0.7342596888542176,0.006490848110115621,-209.64919263124466,43.10671968099988,1.4709792256355285,,
1400000,1313.0119850635529,-208.37127673625946,46.662784995530316,-0.00765706190342712,23.309077262878418,0.8299583733081818,0.004760069248732179,-209.64919263124466,43.10671968099988,1.5843125224113463,,
1404000,1318.6898064613342,-204.9740514755249,36.052438234101444,-0.0073868808719950605,16.743379592895508,0.7733173429965973,0.004285333572324213,-207.6863507553935,44.43350865634257,1.5109583735466003,,
1408000,1322.2546474933624,-216.27637267112732,43.115304925551456,-0.004120273170371847,23.547426414489745,0.7624128341674805,0.005446302217974664,-207.6863507553935,44.43350865634257,1.5857917189598083,,
1412000,1325.8283908367157,-195.48717212677002,34.25757352105277,-0.004983559888477096,21.631098175048827,0.8027992486953736,0.005443706689402461,-207.6863507553935,44.43350865634257,1.5468750476837159,,
1416000,1329.370434999466,-199.08185076713562,37.14526027591968,-0.007111030417339315,21.225327682495116,0.8284427762031555,0.006697993236593902,-207.6863507553935,44.43350865634257,1.5470833778381348,,
1420000,1332.9471447467804,-203.67970967292786,33.586577432980405,-0.002570978516790401,16.673080921173096,0.7132807374000549,0.014937559445388614,-207.6863507553935,44.43350865634257,1.4929375290870666,,
1424000,1336.4688358306885,-201.56534481048584,35.47405436254934,-0.005220428115765863,19.15325708389282,0.7428593695163727,0.0022154309866019516,-207.6863507553935,44.43350865634257,1.597812557220459,,
1428000,1339.991399049759,-210.5172085762024,40.51540402271567,-0.007635175033006902,19.95410900115967,0.8171594440937042,0.0030265245717019163,-207.6863507553935,44.43350865634257,1.5246042013168335,,
1432000,1343.5616235733032,-200.56267142295837,41.324313894015255,-0.00696169660760404,17.420557594299318,0.7321829199790955,0.007348156096297309,-207.6863507553935,44.43350865634257,1.4598125219345093,,
1436000,1347.1092574596405,-210.403648853302,35.13425356785743,-0.006092708799056723,17.265377521514893,0.7234766602516174,0.0037733373581431808,-207.6863507553935,44.43350865634257,1.521791672706604,,
1440000,1350.6726882457733,-210.02891206741333,42.4787897152263,-0.005917650116995588,23.00248966217041,0.6294937610626221,0.0021231476981483865,-207.6863507553935,44.43350865634257,1.3912500262260437,,
1444000,1356.3166635036469,-206.70749950408936,41.93343633789803,-0.005864109739428391,23.315806198120118,0.6614792287349701,0.005146958981019756,-196.65622372925282,41.70047173738465,1.5272500276565553,,
1448000,1359.8183047771454,-206.57447516918182,36.66224115127786,-0.007043093061229832,15.330777072906494,0.6711424052715301,0.00558171799064926,-196.65622372925282,41.70047173738465,1.4266667008399962,,
1452000,1362.8600370883942,-214.95920538902283,38.30750807934073,-0.005037736267239445,21.66641845703125,0.6200335919857025,0.006392957933712751,-196.65622372925282,41.70047173738465,1.4428125143051147,,
1456000,1366.2770347595215,-210.92906975746155,43.25560715010376,-0.006531158887005084,19.868588829040526,0.6803923904895782,0.00633146789270298,-196.65622372925282,41.70047173738465,1.5236458778381348,,
1460000,1369.8746075630188,-204.46317768096924,41.109032667525454,-0.005558798407670107,18.174413394927978,0.6576263606548309,0.005046837433474139,-196.65622372925282,41.70047173738465,1.4065000295639039,,
1464000,1373.336840391159,-218.1080780029297,35.99898573987708,-0.005611836028285211,20.83001766204834,0.6717401027679444,0.005196845985483378,-196.65622372925282,41.70047173738465,1.3725833654403687,,
1468000,1376.8510174751282,-206.13296484947205,38.49520326159042,-0.005014938051346718,19.607140922546385,0.7290214776992798,0.005824125467954827,-196.65622372925282,41.70047173738465,1.5035833716392517,,
1472000,1380.429245710373,-208.59018182754517,36.9442956989028,-0.007274028229527119,18.58659601211548,0.7825738966464997,0.006749084233888425,-196.65622372925282,41.70047173738465,1.3626250267028808,,
1476000,1384.0041828155518,-214.50122094154358,37.29643321474579,-0.005986865169058264,23.429383277893066,0.7221806883811951,0.007373445956269276,-196.65622372925282,41.70047173738465,1.3696666836738587,,
1480000,1387.6121463775635,-196.5922293663025,34.25781717640079,-0.005867299934849158,16.890595817565917,0.6977159738540649,0.00498802620211306,-196.65622372925282,41.70047173738465,1.473104214668274,,
1484000,1393.289410352707,-208.0397379398346,38.22897506676011,-0.0047145905587045785,24.00897216796875,0.7343731760978699,0.0057670847163535655,-204.26042598485947,41.49402492943965,1.4299792051315308,,
1488000,1396.8433501720428,-201.76277947425842,30.727519460223977,-0.007679104775656009,14.90048942565918,0.6708770275115967,0.0067288663034560155,-204.26042598485947,41.49402492943965,1.468583357334137,,
1492000,1400.4604442119598,-207.85501170158386,37.918460859691116,-0.007822871114592988,18.91176881790161,0.7623477876186371,0.006268224259838462,-204.26042598485947,41.49402492943965,1.4145208835601806,,
1496000,1404.0465393066406,-211.5587432384491,42.2808327908833,-0.005945997271376413,21.987425994873046,0.6944488465785981,0.007365940883445265,-204.26042598485947,41.49402492943965,1.4282500267028808,,
1500000,1407.6309020519257,-207.90433359146118,40.44308854684199,-0.006643896426074214,22.186243629455568,0.7117726504802704,0.00415650947834365,-204.26042598485947,41.49402492943965,1.4423333764076234,,
1504000,1411.2283968925476,-205.1356110572815,32.990152627041915,-0.005661479702529793,20.347774505615234,0.7436424791812897,0.0047422277875401875,-204.26042598485947,41.49402492943965,1.4292708873748778,,
1508000,1414.8214378356934,-203.33009886741638,37.21963813522062,-0.0065649091079831075,16.11301851272583,0.7062365353107453,0.005347196437340873,-204.26042598485947,41.49402492943965,1.443041706085205,,
1512000,1418.4028170108795,-207.29450750350952,30.944091990328296,-0.006260663200790795,16.589706420898438,0.7175722718238831,0.004870978958206251,-204.26042598485947,41.49402492943965,1.5232500314712525,,
1516000,1421.9849095344543,-213.8381905555725,46.05597326569015,-0.0043964060570578665,22.148472785949707,0.622639662027359,0.0023405096009955885,-204.26042598485947,41.49402492943965,1.3873125433921814,,
1520000,1425.5471374988556,-202.38082909584045,32.66840288483237,-0.0048580068518251805,28.251159858703613,0.680240124464035,0.0023695105529186744,-204.26042598485947,41.49402492943965,1.4674375295639037,,
1524000,1431.2393021583557,-199.9109592437744,37.36286837825621,-0.00605247182042028,19.149634742736815,0.7151305615901947,0.004825935454573482,-207.12625767290592,37.99157058080472,1.4915208578109742,,
1528000,1434.8219623565674,-207.89334344863892,39.44288395237052,-0.00476036859629676,18.700120162963866,0.6627092123031616,0.008957199519500136,-207.12625767290592,37.99157058080472,1.4546042203903198,,
1532000,1438.407851934433,-201.37191557884216,32.14295664107019,-0.007205221749221202,20.33141498565674,0.6707568764686584,0.005424868591944687,-207.12625767290592,37.99157058080472,1.3542916893959045,,
1536000,1441.9763946533203,-204.53283262252808,33.96455902561054,-0.0061494124778546325,23.668541717529298,0.6876023530960083,0.005404895060928538,-207.12625767290592,37.99157058080472,1.43552086353302,,
1540000,1445.4429178237915,-205.796333193779,40.51810576490294,-0.005313630436236649,30.655761528015137,0.6374724686145783,0.0037019205303707504,-207.12625767290592,37.99157058080472,1.428041696548462,,
1544000,1448.9507749080658,-209.21136903762817,38.492602267387305,-0.006488897097141777,18.30305461883545,0.6323112607002258,0.0070091124027385375,-207.12625767290592,37.99157058080472,1.412500023841858,,
1548000,1452.513346195221,-205.8635891675949,37.10281691642241,-0.005007541811869798,31.549594116210937,0.6902180254459381,0.0042999400037030625,-207.12625767290592,37.99157058080472,1.4242917060852052,,
1552000,1456.102412223816,-208.75346755981445,38.76524993305183,-0.006368466408457607,20.428408432006837,0.6938982605934143,0.0017246181192604126,-207.12625767290592,37.99157058080472,1.4595625162124635,,
1556000,1459.6443367004395,-208.1065285205841,42.03454934331969,-0.0038704249163468594,28.567424964904784,0.62011998295784,0.00519809722318314,-207.12625767290592,37.99157058080472,1.3857083678245545,,
1560000,1463.2305755615234,-199.28631818294525,36.691922487921545,-0.006102793434945242,26.89913330078125,0.7088996410369873,0.008708024153020234,-207.12625767290592,37.99157058080472,1.3554583549499513,,
1564000,1468.9526426792145,-195.90247583389282,32.03063892481868,-0.005161177180086529,24.70080909729004,0.6616731286048889,0.0021973407313926607,-199.5129948630929,40.07770966939056,1.3689375281333924,,
1568000,1472.529911518097,-197.2989480495453,45.16095971696788,-0.0052149948830095385,38.654652786254886,0.708794915676117,0.004268606274854392,-199.5129948630929,40.07770966939056,1.371333384513855,,
1572000,1476.09725689888,-194.17503666877747,40.05858233099636,-0.0059315713172157555,23.734015464782715,0.6948715448379517,0.005113222665463902,-199.5129948630929,40.07770966939056,1.4024792075157166,,
1576000,1479.6635501384735,-206.90126061439514,37.09723102979624,-0.005169814276043283,17.216530513763427,0.7811151444911957,0.005719655792927369,-199.5129948630929,40.07770966939056,1.459208345413208,,
1580000,1483.223289012909,-200.1166844367981,39.778196546195396,-0.006738917844137227,29.500495147705077,0.8002589464187622,0.0030794011574471368,-199.5129948630929,40.07770966939056,1.3590208768844605,,
1584000,1486.7938668727875,-204.51887273788452,37.00424910699068,-0.00710147187517336,19.532937049865723,0.7602594137191773,0.008282783924369142,-199.5129948630929,40.07770966939056,1.3856250286102294,,
1588000,1490.3620929718018,-195.42971396446228,41.02413278035146,-0.007257886982212547,21.80498924255371,0.7579985618591308,0.007955335668521002,-199.5129948630929,40.07770966939056,1.3729166984558105,,
1592000,1493.9333300590515,-206.89681339263916,45.723576086634715,-0.005867560582623499,27.256984329223634,0.7388156473636627,0.006026897352421656,-199.5129948630929,40.07770966939056,1.418041706085205,,
1596000,1497.500235080719,-206.0575931072235,33.850034540961644,-0.005187682389747294,20.674259757995607,0.730769944190979,0.004109043286880487,-199.5129948630929,40.07770966939056,1.4665625452995301,,
1600000,1501.0441167354584,-213.41408395767212,36.05338713376312,-0.004596743143008397,23.937496376037597,0.698889285326004,0.005631155532319099,-199.5129948630929,40.07770966939056,1.3783125400543212,,
1604000,1506.7471053600311,-213.5107297897339,44.556082013909915,-0.004759583082593366,31.37964572906494,0.6319926738739013,0.0027867104254255537,-207.92403334379196,50.78631698238766,1.4015625357627868,,
1608000,1510.2964594364166,-199.9155297279358,33.05999552844084,-0.005174282362684579,31.344630432128906,0.7249218583106994,0.0053624739113729445,-207.92403334379196,50.78631698238766,1.484333372116089,,
1612000,1513.9009101390839,-187.52496910095215,28.91751186887728,-0.007181402156595152,19.334749603271483,0.6468232870101929,0.005677856766424761,-207.92403334379196,50.78631698238766,1.477791702747345,,
1616000,1517.4787933826447,-206.7575956583023,40.893830225001494,-0.006517750676100409,28.325152015686037,0.6590208888053894,0.0065237857550528135,-207.92403334379196,50.78631698238766,1.4895625472068788,,
1620000,1521.0664312839508,-204.77947425842285,42.03396040157425,-0.006472047983047879,23.355277442932127,0.7017871558666229,0.005280679400311783,-207.92403334379196,50.78631698238766,1.460645866394043,,
1624000,1524.6471412181854,-199.99673342704773,35.69759717969799,-0.006858674822064792,27.309486961364748,0.7189584374427795,0.005657457892084494,-207.92403334379196,50.78631698238766,1.4036667108535767,,
1628000,1528.2085778713226,-204.260427236557,36.46283749683152,-0.00563591257738878,30.02881736755371,0.7220633208751679,0.0049507520801853385,-207.92403334379196,50.78631698238766,1.491729199886322,,
1632000,1531.6927826404572,-202.44524478912354,41.14970237250427,-0.007189981211597729,30.6582950592041,0.7115725100040435,0.006408647543905926,-207.92403334379196,50.78631698238766,1.3816875338554382,,
1636000,1535.0202486515045,-204.94718289375305,44.09225677686656,-0.005894128989040226,25.172963333129882,0.7526195168495178,0.005507443897658959,-207.92403334379196,50.78631698238766,1.4063750386238099,,
1640000,1538.613872051239,-198.9322372674942,35.70295103271158,-0.007617532612135136,20.49642391204834,0.7434714913368226,0.004416279040742666,-207.92403334379196,50.78631698238766,1.4325417160987854,,
1644000,1544.3150570392609,-207.469473361969,43.23665195417871,-0.006968375827341023,25.572846984863283,0.7566234230995178,0.008908903365954757,-206.5267777889967,44.126473894700034,1.48650004863739,,
1648000,1547.8382501602173,-209.70904755592346,37.962591811684256,-0.007104989343128665,29.885755920410155,0.725062906742096,0.014134991843253352,-206.5267777889967,44.126473894700034,1.453083372116089,,
1652000,1551.4400415420532,-197.06317794322968,41.339422695411024,-0.006414308344479647,28.74160213470459,0.7353431582450867,0.007121452561113984,-206.5267777889967,44.126473894700034,1.5048333644866942,,
1656000,1555.009486913681,-201.39390802383423,35.994032985237105,-0.005846771908613535,21.436339950561525,0.7007135629653931,0.005482190742623061,-206.5267777889967,44.126473894700034,1.4751042246818542,,
1660000,1558.5901565551758,-200.33237719535828,31.153339767744217,-0.00780469737558942,24.369010162353515,0.7718015193939209,0.0030893660812580494,-206.5267777889967,44.126473894700034,1.4859166979789733,,
1664000,1562.1511390209198,-211.68786907196045,36.48825931082361,-0.005132874723213376,26.862934112548828,0.7311591327190399,0.005947205779375508,-206.5267777889967,44.126473894700034,1.4533958673477172,,
1668000,1565.7252094745636,-197.0886286497116,38.301340289913604,-0.008046741316094952,23.48992004394531,0.7821432232856751,0.006522369279991835,-206.5267777889967,44.126473894700034,1.4867917060852052,,
1672000,1569.2733511924744,-206.58892273902893,34.133263726885424,-0.007480564659616595,26.77141227722168,0.7362437665462493,0.006697827568859793,-206.5267777889967,44.126473894700034,1.4692291975021363,,
1676000,1572.8491928577423,-208.2408332824707,49.063388340738996,-0.0064997760229744015,31.2965087890625,0.7832148969173431,0.006082125689368745,-206.5267777889967,44.126473894700034,1.4268750429153443,,
1680000,1576.429071187973,-199.3178277015686,28.092605599267333,-0.008644770055854067,20.829356384277343,0.8358571112155915,0.006338127698361262,-206.5267777889967,44.126473894700034,1.480708372592926,,
1684000,1582.1477403640747,-207.92075443267822,37.44709985407624,-0.007765740763706397,27.272469329833985,0.8088608503341674,0.007292831213999307,-203.7494301199913,49.57815244322812,1.5124583840370178,,
1688000,1585.7408304214478,-211.47347700595856,43.512460006418905,-0.006223945973363398,26.06204833984375,0.7474807739257813,0.005419882376212648,-203.7494301199913,49.57815244322812,1.4480417132377625,,
1692000,1589.3837280273438,-203.9871063232422,32.65216858272499,-0.006412404143794781,25.012807846069336,0.7454992771148682,0.004964983800891787,-203.7494301199913,49.57815244322812,1.5251250386238098,,
1696000,1592.944936990738,-192.85544395446777,38.581840079593974,-0.006732647789486989,24.679492378234862,0.7522411823272706,0.00455774026340805,-203.7494301199913,49.57815244322812,1.4759791970252991,,
1700000,1596.5266950130463,-197.55763363838196,36.764597910989046,-0.00574888363690107,25.544130706787108,0.7141334772109985,0.004361333238096776,-203.7494301199913,49.57815244322812,1.4486250162124634,,
1704000,1600.0962007045746,-210.72792291641235,37.985229672770394,-0.008366842203152647,25.84796028137207,0.7360336482524872,0.006375568732619285,-203.7494301199913,49.57815244322812,1.4585000157356263,,
1708000,1603.6695954799652,-207.58022785186768,47.01090844650883,-0.00650391043970977,35.37673988342285,0.6746581614017486,0.007051481062080711,-203.7494301199913,49.57815244322812,1.510937547683716,,
1712000,1607.2456805706024,-202.88548254966736,46.229381595905906,-0.007817221556945397,19.2780179977417,0.7098444700241089,0.013774883700534701,-203.7494301199913,49.57815244322812,1.4897292017936707,,
1716000,1610.827719926834,-206.98211240768433,43.468093373286685,-0.00784406758255014,21.477088165283202,0.629423850774765,0.0078762884484604,-203.7494301199913,49.57815244322812,1.4580000400543214,,
1720000,1614.3675394058228,-206.96347522735596,35.63863786405115,-0.007070394906370581,23.370252799987792,0.6425449848175049,0.0060086597979534416,-203.7494301199913,49.57815244322812,1.4849375486373901,,
1724000,1619.593457698822,-200.36242485046387,39.958085864346614,-0.007595458117158493,31.188057708740235,0.6766701996326446,0.007223578519187868,-209.517696544528,49.25548449978857,1.4582708597183227,,
1728000,1622.6230790615082,-201.10168766975403,37.16867022322659,-0.007045780423407732,27.64193649291992,0.6289462745189667,0.008028727630153299,-209.517696544528,49.25548449978857,1.4466041922569275,,
1732000,1625.646203994751,-206.06736016273499,32.51044267803008,-0.005453548853595969,39.12414817810058,0.6439288258552551,0.006402166129555553,-209.517696544528,49.25548449978857,1.5132708907127381,,
1736000,1628.7449412345886,-211.9750747680664,42.09929603342596,-0.004315619392010017,29.267093658447266,0.641394191980362,0.008238325198180973,-209.517696544528,49.25548449978857,1.4036250233650207,,
1740000,1631.9544613361359,-205.0957601070404,40.850212954231885,-0.005026156305878793,21.407301330566405,0.6446275830268859,0.006123566413143067,-209.517696544528,49.25548449978857,1.4076666951179504,,
1744000,1635.4351353645325,-210.57163417339325,42.1174582511024,-0.006158672348130523,26.01914749145508,0.6986758232116699,0.005695520853623748,-209.517696544528,49.25548449978857,1.3792917013168335,,
1748000,1639.0201971530914,-198.04355573654175,35.392411752698116,-0.0057464169169930916,29.684436416625978,0.7056205928325653,0.0045847203097461485,-209.517696544528,49.25548449978857,1.468333375453949,,
1752000,1642.085676908493,-206.97000074386597,35.10250332045707,-0.00690427041434063,23.636828994750978,0.6680026769638061,0.003987081834192807,-209.517696544528,49.25548449978857,1.4378541946411132,,
1756000,1645.0874059200287,-210.36921954154968,34.939337522615986,-0.006915826338808983,27.012662887573242,0.6524269580841064,0.005863484049215906,-209.517696544528,49.25548449978857,1.5403958797454833,,
1760000,1648.0985815525055,-205.55707049369812,41.307959543334036,-0.007898022495520607,27.138446617126466,0.7025810420513153,0.010019804647813269,-209.517696544528,49.25548449978857,1.3915417194366455,,
1764000,1653.7133173942566,-203.53904151916504,37.41124892879004,-0.007111290155133787,25.55582504272461,0.7163350522518158,0.010160182579420507,-206.25526849925518,44.154028253348876,1.455958366394043,,
1768000,1657.2952494621277,-209.0547581911087,50.0551756011404,-0.006730134910438323,31.767148399353026,0.7177716970443726,0.008716911391820759,-206.25526849925518,44.154028253348876,1.4485208868980408,,
1772000,1660.80686044693,-205.54291021823883,38.83167929543799,-0.007329397574377339,28.2987548828125,0.7170684099197387,0.00822484124219045,-206.25526849925518,44.154028253348876,1.4546667098999024,,
1776000,1664.4293167591095,-206.8406434059143,37.6113581945487,-0.004910644247739881,23.72339630126953,0.7370526731014252,0.005849386111367494,-206.25526849925518,44.154028253348876,1.4148958802223206,,
1780000,1668.0086228847504,-210.28713607788086,40.63923922922335,-0.007312889134899514,30.221037673950196,0.7627417922019959,0.007770310269552283,-206.25526849925518,44.154028253348876,1.3708333611488341,,
1784000,1671.601990699768,-210.01546430587769,43.010002690075616,-0.004037192150251912,24.494725608825682,0.7168364107608796,0.014441256787627931,-206.25526849925518,44.154028253348876,1.4753750443458558,,
1788000,1675.1390039920807,-204.39636826515198,35.96881116952091,-0.0054300523395649945,29.247383499145506,0.7022314727306366,0.0076070695125963535,-206.25526849925518,44.154028253348876,1.4192291975021363,,
1792000,1678.7173652648926,-210.31716930866241,43.59853914883911,-0.007343707396959154,23.09480037689209,0.6459190011024475,0.005125502980857455,-206.25526849925518,44.154028253348876,1.3855417013168334,,
1796000,1682.32404088974,-205.833021402359,43.10332586847218,-0.006450508321169756,27.882156753540038,0.6880474865436554,0.012187332985922695,-206.25526849925518,44.154028253348876,1.4064166784286498,,
1800000,1685.8970477581024,-204.35796809196472,36.81505301767775,-0.005212097229620305,23.375217628479003,0.6681742429733276,0.008317570335542257,-206.25526849925518,44.154028253348876,1.4676875352859498,,
1804000,1691.5930309295654,-210.66779208183289,40.08687198346791,-0.004999185124722416,27.581834030151366,0.6117361962795258,0.005351414116177189,-201.1945127248764,44.372132258137164,1.4451042056083678,,
1808000,1695.2014274597168,-198.41617238521576,35.9836771811322,-0.00818658448103804,25.504891395568848,0.6818155765533447,0.006277714902535081,-201.1945127248764,44.372132258137164,1.4715208649635314,,
1812000,1698.8066012859344,-200.06852984428406,35.184009606059234,-0.007113525943830723,28.255013847351073,0.6938256621360779,0.004971657993155532,-201.1945127248764,44.372132258137164,1.4691042065620423,,
1816000,1702.3035764694214,-195.92013537883759,38.92296295313096,-0.007105922513641438,26.295811653137207,0.6902706861495972,0.008265163213945926,-201.1945127248764,44.372132258137164,1.4897500276565552,,
1820000,1705.8591639995575,-187.42518270015717,31.412525564413638,-0.006557196721434622,18.940853118896484,0.6539420008659362,0.013156108930706978,-201.1945127248764,44.372132258137164,1.487208354473114,,
1824000,1709.3570754528046,-198.58990693092346,36.81194093706258,-0.0060084577716576605,24.83659839630127,0.6679212152957916,0.004706222843378782,-201.1945127248764,44.372132258137164,1.5282917261123656,,
1828000,1712.9085779190063,-204.03267014026642,38.033552778332044,-0.006515801152602463,25.78753795623779,0.6984017074108124,0.010144803623203202,-201.1945127248764,44.372132258137164,1.43885418176651,,
1832000,1716.329258441925,-198.77991032600403,36.424070613429656,-0.007355128992193688,25.865344619750978,0.7007160544395447,0.007906664011689556,-201.1945127248764,44.372132258137164,1.4611458659172059,,
1836000,1719.8995814323425,-204.92547988891602,40.80504271321209,-0.006782766840265531,30.92521095275879,0.6962103545665741,0.0026026561652543025,-201.1945127248764,44.372132258137164,1.4915416955947876,,
1840000,1723.440276145935,-196.7239146232605,27.481841382794077,-0.0068175425141429715,21.944930458068846,0.7092702448368072,0.005808857921510935,-201.1945127248764,44.372132258137164,1.4198750376701355,,
1844000,1729.0037591457367,-203.41178607940674,33.6517977656436,-0.005424966738986204,27.913655281066895,0.6263211131095886,0.00571966432617046,-200.2071236744523,34.808689969444536,1.4765833735466003,,
1848000,1732.5699360370636,-211.55276703834534,36.70378985585322,-0.006615403004611586,32.92574901580811,0.6344924628734588,0.020429109781980516,-200.2071236744523,34.808689969444536,1.4288750410079956,,
1852000,1736.1290092468262,-208.11458206176758,35.27381378282472,-0.007170596306212218,22.125310516357423,0.6000991702079773,0.00943182681221515,-200.2071236744523,34.808689969444536,1.4269791960716247,,
1856000,1739.7144711017609,-208.45348048210144,41.693450936911695,-0.007201446354854824,26.455694007873536,0.6343786358833313,0.006101336513529532,-200.2071236744523,34.808689969444536,1.4175417065620421,,
1860000,1743.314668416977,-191.18173027038574,34.44207287902304,-0.006836274447462998,29.963649559020997,0.7240961074829102,0.006912211519976452,-200.2071236744523,34.808689969444536,1.4632917046546936,,
1864000,1746.877809047699,-187.7401053905487,34.49221756861113,-0.006867161217145678,24.80389823913574,0.6642065703868866,0.005496024643303876,-200.2071236744523,34.808689969444536,1.488229215145111,,
1868000,1750.449057817459,-201.9176869392395,43.222714933394,-0.0058597649427441275,28.76646614074707,0.6703120648860932,0.008257496647381535,-200.2071236744523,34.808689969444536,1.5019167065620422,,
1872000,1754.0803554058075,-200.6910240650177,34.35751731235793,-0.007099973932063719,24.582955360412598,0.634243619441986,0.005787956474038491,-200.2071236744523,34.808689969444536,1.4724375486373902,,
1876000,1757.67676115036,-207.2338628768921,35.34377748512853,-0.008078117692532683,29.374300956726074,0.6320179879665375,0.0030745214612688974,-200.2071236744523,34.808689969444536,1.4031875252723693,,
1880000,1761.2842514514923,-202.24383985996246,31.400463602938814,-0.007652123149794754,28.667024040222167,0.7467188775539398,0.0059968811324409895,-200.2071236744523,34.808689969444536,1.3975208520889282,,
1884000,1767.026351928711,-203.6452751159668,35.457075860246306,-0.007484210115236678,30.16519432067871,0.7025256454944611,0.012124341772869229,-210.86776236444712,41.723613853254996,1.4362083792686462,,
1888000,1770.6139283180237,-204.454904794693,39.52710904883666,-0.005570091768711194,26.797018241882324,0.7276918530464173,0.009883425245061517,-210.86776236444712,41.723613853254996,1.477541708946228,,
1892000,1774.2311871051788,-200.24501824378967,41.86086147717961,-0.007763062262597176,30.892170715332032,0.676502114534378,0.00727653885267987,-210.86776236444712,41.723613853254996,1.4441250324249268,,
1896000,1777.850703716278,-201.62453186511993,38.190295915780744,-0.007849610234300286,26.163770294189455,0.7074451088905335,0.008032192080281674,-210.86776236444712,41.723613853254996,1.446416687965393,,
1900000,1781.4782719612122,-204.20438861846924,33.568697958420714,-0.009701777440185567,23.51230239868164,0.7514625549316406,0.01419530063867569,-210.86776236444712,41.723613853254996,1.42614586353302,,
1904000,1785.0752935409546,-201.2219239473343,35.736643223972756,-0.007709052825502027,26.896941947937012,0.7065818071365356,0.009491572930710391,-210.86776236444712,41.723613853254996,1.450083363056183,,
1908000,1788.5893802642822,-197.61585474014282,29.246848922345226,-0.007308813286013916,28.73748321533203,0.7595423281192779,0.006664946560592705,-210.86776236444712,41.723613853254996,1.4932708501815797,,
1912000,1792.2018144130707,-199.82677221298218,36.49644605025355,-0.008791608016317199,21.668904113769532,0.7069745242595673,0.006339429257748108,-210.86776236444712,41.723613853254996,1.465083384513855,,
1916000,1795.8129391670227,-197.49238419532776,34.00118509493918,-0.005438849305462412,23.73868064880371,0.6754076540470123,0.04772808803245425,-210.86776236444712,41.723613853254996,1.431250011920929,,
1920000,1799.3529968261719,-200.23368287086487,33.33044390698353,-0.008400609087354205,22.883488655090332,0.6968400716781616,0.013112461287528276,-210.86776236444712,41.723613853254996,1.4863750457763671,,
1924000,1804.855456829071,-200.39715921878815,36.12810574262843,-0.005526351346711955,22.41770839691162,0.6835057377815247,0.004711771081201732,-205.00075839459896,41.13540795451372,1.4087500333786012,,
1928000,1808.5290265083313,-207.34831655025482,35.50575066864027,-0.006368258863454201,21.820944595336915,0.7033891022205353,0.01242232538387178,-205.00075839459896,41.13540795451372,1.443291699886322,,
1932000,1812.1988666057587,-210.70203304290771,38.17487515385445,-0.008343260939698638,26.493507385253906,0.6916193008422852,0.003452765517906897,-205.00075839459896,41.13540795451372,1.4431458711624146,,
1936000,1815.8763234615326,-196.31083726882935,37.18685778816038,-0.006623297242447724,22.9377534866333,0.6497470259666442,0.004317415622062981,-205.00075839459896,41.13540795451372,1.4141250252723694,,
1940000,1819.5657873153687,-205.51467156410217,36.0093996966459,-0.008195560152952908,23.804372215270995,0.6311698913574219,0.0076564089278690515,-205.00075839459896,41.13540795451372,1.4225417137145997,,
1944000,1823.238779783249,-201.4488489627838,42.15001240738164,-0.008369996747778075,28.55415210723877,0.6972692608833313,0.004519141017226502,-205.00075839459896,41.13540795451372,1.43493754863739,,
1948000,1826.8994307518005,-203.0210039615631,29.795102610591137,-0.00910323645702249,23.776069259643556,0.6893230974674225,0.006603402609471232,-205.00075839459896,41.13540795451372,1.4408541798591614,,
1952000,1830.5542669296265,-195.95844268798828,32.13157739071454,-0.008755541046305205,23.79067192077637,0.7465381622314453,0.009657479745335883,-205.00075839459896,41.13540795451372,1.4842500329017638,,
1956000,1834.205093383789,-201.55217838287354,48.93165293929153,-0.005377778911187114,34.77186222076416,0.6731003582477569,0.009514047671109438,-205.00075839459896,41.13540795451372,1.4795625329017639,,
1960000,1837.7477531433105,-199.15764498710632,39.525310511586696,-0.005880041921200796,24.28689479827881,0.6277558207511902,0.005823191661329474,-205.00075839459896,41.13540795451372,1.3873958826065063,,
1964000,1843.726270198822,-200.37529075145721,36.118189355497286,-0.007167577311551732,18.72120475769043,0.591816759109497,0.014831788882613228,-202.05420304834843,33.883402442446474,1.3521250367164612,,
1968000,1847.386215209961,-201.2047097682953,38.33157725912154,-0.006318887915617477,22.427422332763673,0.5414480865001678,0.004627566016434414,-202.05420304834843,33.883402442446474,1.3679791927337646,,
1972000,1851.0528252124786,-203.04963040351868,36.2604195309109,-0.006999296462629001,23.82242603302002,0.6473340034484864,0.008414638638168982,-202.05420304834843,33.883402442446474,1.4212500333786011,,
1976000,1854.675585269928,-200.56857419013977,32.25643586138712,-0.006156677894216656,22.92675914764404,0.6579947888851165,0.008135901717469095,-202.05420304834843,33.883402442446474,1.5001250505447388,,
1980000,1858.3395745754242,-212.52235436439514,34.825841744363096,-0.007800291088254507,20.70113525390625,0.6562631607055665,0.016809627155463146,-202.05420304834843,33.883402442446474,1.401229190826416,,
1984000,1862.0058226585388,-200.64048409461975,34.907437188949565,-0.006817573357218265,25.421321868896484,0.6261309564113617,0.00467142296339933,-202.05420304834843,33.883402442446474,1.4631666898727418,,
1988000,1865.641205072403,-202.9326572418213,40.40408806413652,-0.007226133385983502,20.971094703674318,0.6018740653991699,0.006477171205915511,-202.05420304834843,33.883402442446474,1.445520853996277,,
1992000,1869.3035826683044,-200.33472323417664,40.255218755339754,-0.006728830306325229,30.29507350921631,0.6250552773475647,0.008828039388754405,-202.05420304834843,33.883402442446474,1.4079583525657653,,
1996000,1872.9794919490814,-196.11371839046478,35.513520066562684,-0.006710431607789324,21.266407012939453,0.6507049143314362,0.00609235258307308,-202.05420304834843,33.883402442446474,1.4025208592414855,,
2000000,1876.6489942073822,-204.4932074546814,37.770081899361536,-0.007804726648144467,21.314432907104493,0.6667935788631439,0.00720240122390291,-202.05420304834843,33.883402442446474,1.4388333797454833,,
