global_step,wall_time_s,ep_return_mean,ep_return_std,policy_loss,value_loss,entropy,approx_kl,eval_return_mean,eval_return_std,mean_k,attn_entropy,lagrange_lambda
4000,4.198702335357666,-230.62444233894348,46.748792140550925,-0.0003842272452359907,185.30207061767578,1.596940314769745,0.0003593476788664729,,,4.957541656494141,,
8000,7.886183500289917,-209.66240620613098,37.43960512122436,-0.0008941395059906653,159.10651397705078,1.5945855021476745,4.339225770308985e-05,,,4.986895895004272,,
12000,11.560445547103882,-221.53260612487793,39.73991204870179,-0.0007772234496030705,162.82506256103517,1.5750458121299744,0.00031292545736505417,,,4.978041744232177,,
16000,15.22179651260376,-211.6047899723053,42.1772552941614,-0.0007655376139155123,93.69948120117188,1.5702451467514038,4.787075470570334e-05,,,4.989833545684815,,
20000,18.781872749328613,-207.6955349445343,33.927495464725794,-0.0005825948850734619,70.48666572570801,1.5750993371009827,2.1730861554658532e-10,,,4.969395923614502,,
24000,22.33603024482727,-224.16269659996033,43.72800878489098,-0.0010430503319754925,80.06379165649415,1.5742643833160401,0.0011737870023353024,,,4.946312665939331,,
28000,25.992509126663208,-213.80913376808167,39.023243402952104,-0.00041422022288557515,84.81887435913086,1.5638965249061585,0.0005354583004421709,,,4.972021055221558,,
32000,29.649489641189575,-210.81328558921814,35.49074246025549,-0.0015814149431438106,76.32292251586914,1.5393850803375244,0.0006614568414988753,,,4.982437610626221,,
36000,33.35147547721863,-215.01997911930084,39.576572906132384,-0.0008883340751830282,74.60011138916016,1.539604651927948,0.0004180891817668453,,,4.996104288101196,,
40000,37.023273944854736,-213.89539432525635,36.28212195609513,-0.0014261789900047006,60.371342468261716,1.5350194454193116,0.0005270846623510239,,,4.98477087020874,,
44000,43.12460923194885,-212.31504249572754,39.18220931219678,-0.0013819510943721802,71.74573783874511,1.509298288822174,0.00040716187686484773,-238.02018502354622,54.810141474688365,4.974125051498413,,
48000,46.85520339012146,-228.9836790561676,43.18856987188695,-0.0011365794660499694,72.97634391784668,1.4844866275787354,9.81886757945194e-05,-238.02018502354622,54.810141474688365,4.954395914077759,,
52000,50.510250091552734,-218.3840687274933,40.24559803918959,-0.0017269180780859373,56.010005187988284,1.481685996055603,0.0004345226088674603,-238.02018502354622,54.810141474688365,4.938395977020264,,
56000,54.1506245136261,-229.5270357131958,39.111616514511574,-0.0009389895633600265,61.84417381286621,1.4534550547599792,0.0011113990974990883,-238.02018502354622,54.810141474688365,4.948250150680542,,
60000,57.809154748916626,-223.54612493515015,43.12564228365172,-5.952553060097898e-05,65.88357429504394,1.4594223856925965,0.001269213163323002,-238.02018502354622,54.810141474688365,4.86916675567627,,
64000,61.46858215332031,-229.13506484031677,50.216060136140555,-0.0020398273730728,76.66698837280273,1.463141644001007,0.002343350458793192,-238.02018502354622,54.810141474688365,4.972895908355713,,
68000,65.12582349777222,-232.0178825855255,67.24075522517282,-0.0008587431244620025,70.24976196289063,1.5038058280944824,0.0004335343050115625,-238.02018502354622,54.810141474688365,4.876312637329102,,
72000,68.80530762672424,-218.37834918498993,36.59797074572746,-0.0019309823124689985,48.639089584350586,1.4978931188583373,0.0008253924133896362,-238.02018502354622,54.810141474688365,4.87910418510437,,
76000,72.48707151412964,-237.26675724983215,52.986431459664686,-0.0004257273501037773,77.27359466552734,1.4455374836921693,0.00021959525158551373,-238.02018502354622,54.810141474688365,4.934333467483521,,
80000,76.15617752075195,-221.00786232948303,35.94163786263602,-0.0011463309030320223,49.56703758239746,1.4454774379730224,0.0,-238.02018502354622,54.810141474688365,4.84685435295105,,
84000,82.31026768684387,-223.24399161338806,39.17171850854723,-0.0026849642742503123,65.61836662292481,1.4479432225227356,0.0007738582884485367,-243.63303464651108,53.160131774657295,4.859521007537841,,
88000,86.07659840583801,-214.58949208259583,45.40392913658309,-0.000781986812471569,68.45077171325684,1.4790490865707397,0.00010331815136063182,-243.63303464651108,53.160131774657295,4.819208383560181,,
92000,89.7598671913147,-217.14525997638702,47.14616275667053,-0.0010092297775215365,47.63048324584961,1.4491633415222167,0.0006399223835614976,-243.63303464651108,53.160131774657295,4.732333469390869,,
96000,93.43569207191467,-244.49767780303955,49.849004265604584,-0.0025137306282607243,44.62507705688476,1.4049837589263916,0.0019070367796424127,-243.63303464651108,53.160131774657295,4.631062602996826,,
100000,96.59649324417114,-227.19737768173218,41.331600237081034,-0.002089117199221313,32.335968017578125,1.4414574027061462,0.0020759030274348335,-243.63303464651108,53.160131774657295,4.749479293823242,,
104000,99.7425708770752,-231.53544068336487,51.006058642432656,-0.001977475345872026,41.03156356811523,1.4309011101722717,0.0026955265930737383,-243.63303464651108,53.160131774657295,4.628021001815796,,
108000,103.04273223876953,-229.7101845741272,43.968776968066216,-0.0030212964205226455,35.46086940765381,1.4244292736053468,0.0037815797710209153,-243.63303464651108,53.160131774657295,4.3023542881011965,,
112000,106.73540568351746,-244.13174843788147,42.82476519512777,-0.002711839067012378,41.15036849975586,1.4230749607086182,0.0020254404776108847,-243.63303464651108,53.160131774657295,4.510375118255615,,
116000,110.25900959968567,-229.08206009864807,43.91909037083187,-0.002038290284263766,26.198273849487304,1.3795214772224427,0.0007871439200243912,-243.63303464651108,53.160131774657295,4.415000104904175,,
120000,113.96249437332153,-239.37430453300476,39.92051190342041,-0.0021248788133962026,31.456905555725097,1.3027095913887023,0.0021811143988064385,-243.63303464651108,53.160131774657295,4.361916732788086,,
124000,120.07625007629395,-241.284987449646,46.092926372913766,-0.0010980197556298421,31.535714149475098,1.2751806259155274,0.0015380671684397385,-280.6911002099514,69.39998564678588,4.397000169754028,,
128000,123.76196050643921,-253.35037422180176,52.145622638969456,-0.0021761090730045398,26.667397689819335,1.2819255471229554,0.0015513569689743934,-280.6911002099514,69.39998564678588,4.308979225158692,,
132000,127.39176344871521,-234.17147016525269,41.665464535228764,-0.0031599550856820533,27.564787673950196,1.213500690460205,0.0010966618472593836,-280.6911002099514,69.39998564678588,4.278104305267334,,
136000,131.06855297088623,-232.80121517181396,52.424696069440486,-0.0014363035006293324,40.257297897338866,1.1598915100097655,0.0014051439767305718,-280.6911002099514,69.39998564678588,4.395125055313111,,
140000,134.73307824134827,-237.47377514839172,40.663987700810615,-0.003588390130607877,23.655152320861816,1.139677107334137,0.0028969830653319817,-280.6911002099514,69.39998564678588,4.31741681098938,,
144000,138.3967809677124,-226.98693680763245,43.644828786651125,-0.0027662671782697325,22.94969425201416,1.165619695186615,0.0038947013730648906,-280.6911002099514,69.39998564678588,4.31897931098938,,
148000,141.96432328224182,-245.96351718902588,45.29299193780826,-0.002792939954382767,34.603701782226565,1.1609396934509277,0.0012626376126718241,-280.6911002099514,69.39998564678588,4.322145891189575,,
152000,145.6576852798462,-233.4240686893463,45.87154135279555,-0.0012488072426058317,28.25002517700195,1.1406189560890199,0.002175939260996529,-280.6911002099514,69.39998564678588,4.346250104904175,,
156000,149.34025192260742,-232.6255931854248,47.141598451356685,-0.0024883918286844773,26.43700752258301,1.124716830253601,0.00477976324618794,-280.6911002099514,69.39998564678588,4.235291814804077,,
160000,153.03028416633606,-220.5480580329895,36.423537328436666,-0.002596398249540188,22.553335094451903,1.2083025217056274,0.003748127439757809,-280.6911002099514,69.39998564678588,4.518000173568725,,
164000,159.23134875297546,-223.77542638778687,34.61571172365184,-0.0031464262241109433,20.63503952026367,1.1403985023498535,0.0013868658832507208,-242.12712858617306,56.27572441649981,4.414479207992554,,
168000,162.78164315223694,-219.0056393146515,37.011429662109876,-0.004563687226114155,20.541675281524657,1.1321462512016296,0.00598250458164451,-242.12712858617306,56.27572441649981,4.304229259490967,,
172000,166.26908922195435,-216.90243768692017,36.62036838269667,-0.0029925110473707937,19.844365119934082,1.069696271419525,0.0018554616033022108,-242.12712858617306,56.27572441649981,4.019458436965943,,
176000,169.3790647983551,-212.52003180980682,37.19414643783517,-0.002737178139388519,20.71964349746704,1.1113331079483033,0.004082128322217615,-242.12712858617306,56.27572441649981,4.222416830062866,,
180000,172.5182547569275,-226.01544070243835,46.27032262230718,-0.0038590985368548657,23.069896697998047,1.1587010741233825,0.004888587782625109,-242.12712858617306,56.27572441649981,3.969270920753479,,
184000,175.65862679481506,-228.9199640750885,50.611989908892355,-0.0044222526843659795,34.36099700927734,1.0123532116413116,0.0057930478476919236,-242.12712858617306,56.27572441649981,3.872187638282776,,
188000,178.78130507469177,-224.68288111686707,50.12315362202623,-0.0038640995364791486,31.58174858093262,1.110445261001587,0.0018931714843104907,-242.12712858617306,56.27572441649981,4.062541818618774,,
192000,181.93247890472412,-222.07439661026,40.888145153023274,-0.004868286574802561,21.90103950500488,1.073778009414673,0.004657452538066232,-242.12712858617306,56.27572441649981,3.927250099182129,,
196000,185.0829303264618,-222.9876058101654,34.897804690719056,-0.003131352379607666,27.982828903198243,1.1183078646659852,0.003811435159877874,-242.12712858617306,56.27572441649981,3.866333484649658,,
200000,188.22805380821228,-218.59657287597656,42.542503341515335,-0.0050130289011480755,25.236724853515625,1.0601869344711303,0.004539714092699198,-242.12712858617306,56.27572441649981,3.591479229927063,,
204000,194.4011173248291,-224.68257474899292,41.68303062852563,-0.003274860298324178,17.532186031341553,0.9960069298744202,0.0009671005825803158,-233.9671143144369,61.849230538810716,3.7539584398269654,,
208000,198.10944604873657,-224.04256343841553,38.12850211997164,-0.004445356703906533,17.096125984191893,1.0316908359527588,0.003155743217212148,-233.9671143144369,61.849230538810716,3.831395959854126,,
212000,201.73301124572754,-225.55292510986328,42.358089834751325,-0.003050053207436676,23.585015869140626,0.9940212786197662,0.003277859476006906,-233.9671143144369,61.849230538810716,3.5978334188461303,,
216000,205.20099115371704,-224.58473658561707,44.45048817861272,-0.005033083264560733,16.352405548095703,0.9903149306774139,0.003180098716984503,-233.9671143144369,61.849230538810716,3.4018958806991577,,
220000,208.87509775161743,-225.42828273773193,41.42129209577982,-0.005338289760441217,18.953818702697752,1.0577297687530518,0.004788134053524118,-233.9671143144369,61.849230538810716,3.5743750810623167,,
224000,212.50663113594055,-222.08350682258606,36.556759832385865,-0.004312058854886924,19.08029088973999,1.0355070590972901,0.0028161496738903224,-233.9671143144369,61.849230538810716,3.5707292795181274,,
228000,215.917072057724,-222.03425669670105,41.88000754313062,-0.004171459974177871,17.19082107543945,1.0481512069702148,0.0025745359458378527,-233.9671143144369,61.849230538810716,3.498104286193848,,
232000,219.604877948761,-210.51766967773438,36.61082619569753,-0.005737756756910439,14.277351760864258,0.9707583487033844,0.004699156820061034,-233.9671143144369,61.849230538810716,3.731687593460083,,
236000,223.3054859638214,-222.04251980781555,39.30509914331833,-0.004388785108613469,14.699059867858887,1.002583646774292,0.003670677132322453,-233.9671143144369,61.849230538810716,3.7105834245681764,,
240000,226.9880006313324,-226.16063332557678,42.437105031669276,-0.0037428737457375406,17.71470899581909,0.9447488367557526,0.004901455966445312,-233.9671143144369,61.849230538810716,3.4251667499542235,,
244000,233.34922075271606,-211.2258927822113,34.22196317906895,-0.00394761850203702,16.624336528778077,0.9500792324542999,0.004445968085201457,-237.85870838165283,45.474261080086656,3.7182084560394286,,
248000,237.09719562530518,-215.9136025905609,33.23578891516227,-0.0059150617757501855,10.756306838989257,0.9754120707511902,0.0026883432234171777,-237.85870838165283,45.474261080086656,3.5930626153945924,,
252000,240.70516276359558,-222.13403129577637,37.575260797622846,-0.004916924517136057,13.676004028320312,0.9708424985408783,0.002777304768639932,-237.85870838165283,45.474261080086656,3.4936042547225954,,
256000,244.29616379737854,-210.8799126148224,42.27618676501908,-0.004106427235684063,15.628652858734132,0.969049483537674,0.005056833864655341,-237.85870838165283,45.474261080086656,3.496875047683716,,
260000,247.99108982086182,-206.63208079338074,32.9894585588558,-0.004065157206069259,15.07987174987793,0.913483726978302,0.004394228162709624,-237.85870838165283,45.474261080086656,3.3628334283828734,,
264000,251.65232157707214,-211.58345198631287,34.40268924857207,-0.00436391073744744,15.13771677017212,0.9257201492786408,0.004785545438062399,-237.85870838165283,45.474261080086656,3.4425625801086426,,
268000,255.3348307609558,-206.58797979354858,38.93658698165915,-0.005635675672674534,9.761483573913575,0.8983756482601166,0.0025761412910651595,-237.85870838165283,45.474261080086656,3.5928959131240843,,
272000,259.0141110420227,-212.0625536441803,32.866921114000576,-0.0051928362826972,12.666795253753662,0.8716977179050446,0.0028271175280679016,-237.85870838165283,45.474261080086656,3.5750833988189696,,
276000,262.67544651031494,-207.91054034233093,40.5844354552399,-0.0036064065408427217,13.408134460449219,0.8926169097423553,0.003493359632557258,-237.85870838165283,45.474261080086656,3.3482501029968263,,
280000,266.2653720378876,-207.32187294960022,38.38337363117989,-0.004808140370218705,12.041793537139892,0.9412638664245605,0.0033855524014992032,-237.85870838165283,45.474261080086656,3.4263959169387816,,
284000,271.97547721862793,-204.719624042511,39.142425471911004,-0.004589632207023286,12.984251594543457,0.89555584192276,0.004850626829284011,-203.4326733648777,30.769428130551887,3.269395923614502,,
288000,275.110862493515,-208.62153148651123,35.728416502111465,-0.0028755929992706265,15.59525728225708,0.9020224392414093,0.0044729385625105365,-203.4326733648777,30.769428130551887,3.147437596321106,,
292000,278.19101309776306,-213.75779962539673,32.978234943253916,-0.004027262791292685,12.720903873443604,0.8922463655471802,0.00337784134456891,-203.4326733648777,30.769428130551887,3.1390209197998047,,
296000,281.3054494857788,-202.03787565231323,36.492096902940894,-0.004959522968468577,14.095340251922607,0.8910060107707978,0.004303995490074186,-203.4326733648777,30.769428130551887,3.114250063896179,,
300000,284.4466395378113,-196.24387192726135,34.62534028715248,-0.005365428893826874,9.642521286010743,0.9133301079273224,0.003411438567602698,-203.4326733648777,30.769428130551887,3.2815417528152464,,
304000,287.5703134536743,-198.92257368564606,30.020632862951185,-0.003376334975900441,14.09119529724121,0.9035404741764068,0.0019120163429470426,-203.4326733648777,30.769428130551887,3.295708417892456,,
308000,290.62424325942993,-202.27282059192657,35.698283382453965,-0.005808747772127388,13.215524673461914,0.9145461559295655,0.004875647250834558,-203.4326733648777,30.769428130551887,3.352895903587341,,
312000,293.69660663604736,-203.1963061094284,35.41528183139581,-0.005408737195655711,12.546959686279298,0.8454909384250641,0.004683094093343243,-203.4326733648777,30.769428130551887,3.604895901679993,,
316000,296.755042552948,-199.60431480407715,39.562914206540036,-0.0038168797698649114,13.85823392868042,0.7545379042625427,0.003707945301740745,-203.4326733648777,30.769428130551887,3.4281875610351564,,
320000,299.80446672439575,-200.44128966331482,40.655436141182925,-0.005518514235193539,10.357689237594604,0.7394333958625794,0.004095026911818423,-203.4326733648777,30.769428130551887,3.330666756629944,,
324000,305.1187918186188,-192.20742988586426,38.074510439219274,-0.004731067869841343,9.134887313842773,0.7670414209365845,0.004758396858233027,-213.9182874262333,30.483398298354768,3.392375087738037,,
328000,308.16624999046326,-196.05713069438934,39.13081302572514,-0.0037643202405888586,10.490897035598755,0.7976499855518341,0.0035130235482938588,-213.9182874262333,30.483398298354768,3.373875069618225,,
332000,311.23129630088806,-199.64609813690186,39.479688873056325,-0.005712073061770439,12.008455276489258,0.8178501486778259,0.006929315098871847,-213.9182874262333,30.483398298354768,3.347104239463806,,
336000,314.28801441192627,-211.88800883293152,41.19515761552848,-0.0058338168847064335,12.916188049316407,0.7667024195194244,0.005498995206085966,-213.9182874262333,30.483398298354768,3.185479235649109,,
340000,317.3516364097595,-196.22593879699707,35.50837840282599,-0.0038342891614884245,11.560072994232177,0.806875079870224,0.005159005097812042,-213.9182874262333,30.483398298354768,3.4713542461395264,,
344000,320.4182777404785,-201.29139804840088,34.34987436531669,-0.006573969182558414,8.52883048057556,0.826568728685379,0.005648386457391741,-213.9182874262333,30.483398298354768,3.2542292356491087,,
348000,323.46466994285583,-198.94514846801758,35.705139936159924,-0.004612205904209965,10.491581630706786,0.779089879989624,0.0025437592339585535,-213.9182874262333,30.483398298354768,3.483083415031433,,
352000,326.52256417274475,-203.19532907009125,40.050495457957965,-0.005309992448814827,21.108129692077636,0.7755261361598969,0.0018395555700408295,-213.9182874262333,30.483398298354768,3.397437572479248,,
356000,329.58706426620483,-200.84454989433289,36.25660055894916,-0.003927218715543868,16.461837005615234,0.7117695450782776,0.003466420814705451,-213.9182874262333,30.483398298354768,3.3277292251586914,,
360000,332.65680742263794,-199.91645073890686,36.59540212433968,-0.00501256937362875,9.750058364868163,0.7496565818786621,0.0022754130813797957,-213.9182874262333,30.483398298354768,3.426291751861572,,
364000,337.99176812171936,-204.20152592658997,36.152225909093865,-0.004627699440733224,10.158055734634399,0.7236596763134002,0.004803038164468798,-210.6882994621992,41.486239832332046,3.59341676235199,,
368000,341.0479805469513,-193.7974327802658,32.46812955526842,-0.004286272790050116,8.522390985488892,0.68322052359581,0.000373233524772032,-210.6882994621992,41.486239832332046,3.452895903587341,,
372000,344.1000933647156,-196.7164421081543,36.1018367524933,-0.005660545957274721,8.781800031661987,0.6975905060768127,0.00592938647364889,-210.6882994621992,41.486239832332046,3.500562572479248,,
376000,347.14885807037354,-200.35722970962524,29.552074323576146,-0.004694342507825499,8.34782862663269,0.733853280544281,0.003734364072326568,-210.6882994621992,41.486239832332046,3.6210000991821287,,
380000,350.2179069519043,-206.61427545547485,40.77838716114908,-0.005407634841899078,12.767535305023193,0.7488785982131958,0.0061465070947694265,-210.6882994621992,41.486239832332046,3.4025625705718996,,
384000,353.2651255130768,-204.4538938999176,38.62982316179737,-0.00578048891775933,9.938160943984986,0.7840628802776337,0.003309698194032551,-210.6882994621992,41.486239832332046,3.4338959455490112,,
388000,356.31698513031006,-199.34657418727875,38.3604992433051,-0.004286195928618941,12.321985149383545,0.7153666257858277,0.0031055740426527366,-210.6882994621992,41.486239832332046,3.598833441734314,,
392000,359.3901426792145,-209.41282486915588,34.85965699329857,-0.00435597963895028,10.916142082214355,0.6630728542804718,0.0032128401848409956,-210.6882994621992,41.486239832332046,3.3785417318344115,,
396000,362.4441921710968,-205.9908275604248,37.70709404617962,-0.004726225037438159,12.400378227233887,0.6532169878482819,0.003144705716229512,-210.6882994621992,41.486239832332046,3.3134167194366455,,
400000,365.498975276947,-199.76210236549377,32.75664919982826,-0.005401500579590568,8.856539964675903,0.7109649896621704,0.005792149939225055,-210.6882994621992,41.486239832332046,3.2401667833328247,,
404000,370.87481927871704,-201.79769933223724,38.08257207393032,-0.003317719652705531,16.16121587753296,0.7054295063018798,0.004319386647703727,-203.75022450834513,48.2118449659888,3.278979229927063,,
408000,373.92253613471985,-200.22205138206482,33.0378375002182,-0.0035235624501170903,14.002492237091065,0.7046625316143036,0.003737543468014337,-203.75022450834513,48.2118449659888,3.337854242324829,,
412000,376.9666225910187,-203.51235723495483,29.36903925523331,-0.006386249777550512,8.64333438873291,0.6291670441627503,0.004995705763576552,-203.75022450834513,48.2118449659888,3.334541749954224,,
416000,380.00919556617737,-205.87103462219238,34.06401456128815,-0.00611661370207246,7.95359525680542,0.7035318851470947,0.005529194826337819,-203.75022450834513,48.2118449659888,3.575020933151245,,
420000,383.0592792034149,-200.22412037849426,35.128704404732424,-0.0044939806763237946,10.781699085235596,0.6664307653903961,0.0039044572832450885,-203.75022450834513,48.2118449659888,3.3000834226608275,,
424000,386.11023211479187,-200.23896157741547,35.116726318010436,-0.004302386637001021,11.666040992736816,0.6660640776157379,0.0031073260638707634,-203.75022450834513,48.2118449659888,3.2616875410079955,,
428000,389.1675179004669,-200.98676919937134,28.315435778114338,-0.005890973821903289,7.117911434173584,0.6903453707695008,0.006679118373974541,-203.75022450834513,48.2118449659888,3.52818763256073,,
432000,392.22303533554077,-201.63113641738892,29.363643906007663,-0.006202965306273356,7.188933897018432,0.7072037696838379,0.003393634257372469,-203.75022450834513,48.2118449659888,3.4204792737960816,,
436000,395.27371406555176,-198.81484842300415,34.92193949150445,-0.00600798220303842,9.473378658294678,0.7217387735843659,0.004219946343800985,-203.75022450834513,48.2118449659888,3.5170417547225954,,
440000,398.3191251754761,-207.29543042182922,32.16200386780937,-0.004755229075206558,14.597592163085938,0.699817556142807,0.005146504507865757,-203.75022450834513,48.2118449659888,3.2013750791549684,,
444000,404.16223764419556,-195.1235944032669,31.963757533020793,-0.005216287228744498,13.519390201568603,0.6838727235794068,0.0037053877545986324,-212.78690745681524,46.308835087388736,3.452729272842407,,
448000,407.7967965602875,-205.78859663009644,29.2370663269004,-0.005264975077317402,12.871849822998048,0.6849762499332428,0.004038410423789163,-212.78690745681524,46.308835087388736,3.561875081062317,,
452000,411.40386152267456,-204.3790557384491,39.29730801934791,-0.0051674146461301975,12.72124948501587,0.6914373755455017,0.004204811350791715,-212.78690745681524,46.308835087388736,3.5995000839233398,,
456000,415.0186257362366,-197.4673900604248,29.278239541399124,-0.0053121303477482226,9.224414300918578,0.6799898862838745,0.0028664926416240633,-212.78690745681524,46.308835087388736,3.393375062942505,,
460000,418.64058804512024,-193.1840262413025,33.0567161244069,-0.005543093306710922,10.164821338653564,0.6418184578418732,0.0037042874740642827,-212.78690745681524,46.308835087388736,3.4354583740234377,,
464000,422.2449884414673,-201.32240462303162,36.07965864002601,-0.007131592139291288,15.03510799407959,0.7404525876045227,0.007243686681613326,-212.78690745681524,46.308835087388736,3.565312623977661,,
468000,425.8669271469116,-200.55479657649994,33.14318931662956,-0.005624039834520467,9.065282154083253,0.6962271511554718,0.0041398968081921336,-212.78690745681524,46.308835087388736,3.6607501029968263,,
472000,429.47081542015076,-201.41991996765137,33.5768603809931,-0.006090517550241259,7.734486055374146,0.7033395588397979,0.006227793498896061,-212.78690745681524,46.308835087388736,3.4890625715255736,,
476000,433.0699074268341,-202.7304174900055,32.07467702369741,-0.006603782689353998,8.174585580825806,0.700919097661972,0.0035030144092161207,-212.78690745681524,46.308835087388736,3.3220833778381347,,
480000,436.6400547027588,-193.09422659873962,28.746397557214216,-0.0059267903597404635,10.121899795532226,0.7262784123420716,0.005698661337373778,-212.78690745681524,46.308835087388736,3.4853334426879883,,
484000,442.4328067302704,-199.17273271083832,38.26354301666513,-0.006000185048673323,11.859286785125732,0.6706725537776947,0.0046398895338255475,-199.56217301636934,40.19478019377239,3.2159584283828737,,
488000,446.0511267185211,-200.462477684021,27.588701438430398,-0.005962118079420264,8.043590402603149,0.7070258677005767,0.006542353419198965,-199.56217301636934,40.19478019377239,3.1969584226608276,,
492000,449.65117025375366,-204.40780806541443,38.036076624797595,-0.005694713090080761,9.279230451583862,0.7632315695285797,0.0045067701517837126,-199.56217301636934,40.19478019377239,3.299208378791809,,
496000,453.2593734264374,-193.08581221103668,32.59973441623356,-0.0044447382603151064,12.686351108551026,0.7653703331947327,0.002824421906969898,-199.56217301636934,40.19478019377239,3.1877500772476197,,
500000,456.8589577674866,-197.2912130355835,33.64680990752091,-0.005757976279982024,7.672529792785644,0.7801089644432068,0.004223747784271837,-199.56217301636934,40.19478019377239,3.4551042318344116,,
504000,460.46410036087036,-194.6809924840927,30.76043425677417,-0.0065766867313843845,7.756666421890259,0.7376076757907868,0.004396190208353801,-199.56217301636934,40.19478019377239,3.327125096321106,,
508000,464.06879806518555,-201.62890315055847,29.753390263870614,-0.00491980824759235,11.235129737854004,0.7455187618732453,0.004231014040686798,-199.56217301636934,40.19478019377239,3.346937561035156,,
512000,467.6738739013672,-197.4755506515503,37.43692803541767,-0.004967210621961015,9.475067186355592,0.7321740865707398,0.004499729861709057,-199.56217301636934,40.19478019377239,3.19308340549469,,
516000,471.2784512042999,-194.97274732589722,37.22180914622962,-0.005701889678214967,11.154354572296143,0.7212051808834076,0.005609342258229599,-199.56217301636934,40.19478019377239,3.2489792346954345,,
520000,474.8873541355133,-196.3567111492157,39.73475927569706,-0.0057117498791000474,10.75922327041626,0.7679500758647919,0.00630161105391259,-199.56217301636934,40.19478019377239,3.121375036239624,,
524000,480.8240692615509,-197.86857652664185,29.57094690825615,-0.0056665019209031445,9.620399713516235,0.8073156654834748,0.004433276201598346,-201.32248145341873,39.98369908313614,3.0755833625793456,,
528000,484.4431700706482,-202.44629883766174,41.43534590822431,-0.004345195738986796,16.173486518859864,0.7241598844528199,0.0009409596619274208,-201.32248145341873,39.98369908313614,3.1305625677108764,,
532000,488.0540597438812,-192.52651393413544,31.66503724590909,-0.005991614359586173,9.707816743850708,0.7450856029987335,0.004611693914688653,-201.32248145341873,39.98369908313614,3.10720841884613,,
536000,491.6710295677185,-195.00029921531677,28.087496765047963,-0.006499709112104046,7.859180307388305,0.7379561066627502,0.004990772524615749,-201.32248145341873,39.98369908313614,3.374645948410034,,
540000,495.28389406204224,-191.96339857578278,34.615658715771,-0.005685844299538623,9.946922302246094,0.7183849275112152,0.0020714268961455674,-201.32248145341873,39.98369908313614,3.355000066757202,,
544000,498.8451085090637,-196.13234639167786,32.65634931888329,-0.006258330256057221,8.217394018173218,0.7371259212493897,0.004627868731040508,-201.32248145341873,39.98369908313614,3.3887083768844604,,
548000,502.4713008403778,-193.85370528697968,34.24190608778039,-0.007789631037041556,5.138616967201233,0.7374258756637573,0.005089771469647531,-201.32248145341873,39.98369908313614,3.329458403587341,,
552000,506.086284160614,-195.74465835094452,35.47907191388337,-0.005378725773422044,12.311943531036377,0.7014531433582306,0.004036618539248593,-201.32248145341873,39.98369908313614,3.1655625820159914,,
556000,509.69912362098694,-200.85701274871826,30.32973522354222,-0.005320037024483704,12.982977962493896,0.7832799673080444,0.0035418598345131613,-201.32248145341873,39.98369908313614,3.436541748046875,,
560000,513.3203184604645,-203.0558500289917,35.024016145497534,-0.005019908803670425,11.081057262420654,0.7595268368721009,0.002778960043360712,-201.32248145341873,39.98369908313614,3.236750078201294,,
564000,519.270946264267,-196.91613173484802,33.263525315503415,-0.004918243559853463,11.251091480255127,0.7219794273376465,0.0024227042332058747,-195.51729997992516,40.981326408657765,3.320833420753479,,
568000,522.872584104538,-199.39982080459595,37.44742205552854,-0.006751733266127591,10.287582302093506,0.7674533545970916,0.005078377215909669,-195.51729997992516,40.981326408657765,3.2917084217071535,,
572000,526.473345041275,-196.1173918247223,34.22671083858484,-0.0057769065010360166,11.596412658691406,0.725032514333725,0.004764619068009779,-195.51729997992516,40.981326408657765,3.3260833978652955,,
576000,530.0834975242615,-206.3928952217102,35.097441453934394,-0.0035940733001722626,15.725743579864503,0.7579334855079651,0.0028587244689697753,-195.51729997992516,40.981326408657765,3.2403958797454835,,
580000,533.5952441692352,-196.4401285648346,34.91439069253192,-0.003775665664550587,12.786292934417725,0.6869521200656891,0.003995068051153794,-195.51729997992516,40.981326408657765,3.4113333940505983,,
584000,537.0691220760345,-190.7791087627411,38.61900851961262,-0.007932534557456749,8.419676685333252,0.6833247363567352,0.004746040675672703,-195.51729997992516,40.981326408657765,3.4719583988189697,,
588000,540.5959329605103,-196.1252557039261,32.20523566829674,-0.00595758534626416,10.413877964019775,0.7233150899410248,0.010218748950865119,-195.51729997992516,40.981326408657765,3.276958394050598,,
592000,544.2104895114899,-191.86273288726807,33.210221634339014,-0.005083332439729293,10.317841196060181,0.7481249272823334,0.006407824273686869,-195.51729997992516,40.981326408657765,3.0431458711624146,,
596000,547.8100862503052,-195.05343317985535,34.769645611743904,-0.005930288087110958,9.618031072616578,0.7570521056652069,0.0060441735787317265,-195.51729997992516,40.981326408657765,3.1746458768844605,,
600000,551.4183914661407,-196.0945953130722,35.701674705698686,-0.005449528572770435,9.118073225021362,0.7683051228523254,0.006059233710402623,-195.51729997992516,40.981326408657765,3.3077500820159913,,
604000,557.3768997192383,-188.7429814338684,32.60104361254852,-0.004687653869623354,10.886038398742675,0.7788691580295563,0.004086006340367021,-192.1710235849023,32.11802303567794,3.33033344745636,,
608000,560.9943697452545,-187.53981375694275,33.0122771321535,-0.007722075678873797,11.103065299987794,0.7688330829143524,0.0060466280672699215,-192.1710235849023,32.11802303567794,3.376916742324829,,
612000,564.6001026630402,-184.61460721492767,37.2847975241802,-0.005933957776442789,9.773869705200195,0.7406403660774231,0.0051906500974631346,-192.1710235849023,32.11802303567794,3.3185833930969237,,
616000,568.1897575855255,-207.7337031364441,38.64624839636165,-0.005966699107084405,15.006728076934815,0.7403077244758606,0.004068314355749614,-192.1710235849023,32.11802303567794,3.3251667499542235,,
620000,571.7870898246765,-202.96201539039612,31.925252282120734,-0.00726896668567012,9.905074834823608,0.7339432120323182,0.007964298175026974,-192.1710235849023,32.11802303567794,3.107229232788086,,
624000,575.4087390899658,-199.76502013206482,37.15264917132852,-0.005629683570703481,11.577588558197021,0.7079288601875305,0.0036721044511068613,-192.1710235849023,32.11802303567794,3.2385000944137574,,
628000,579.0234818458557,-196.89273142814636,38.32719819890525,-0.0056769379878726985,11.466909694671632,0.6641698777675629,0.007308892279087287,-192.1710235849023,32.11802303567794,3.276104211807251,,
632000,582.6490330696106,-185.3934507369995,30.03851436564788,-0.003841488254722236,10.550444412231446,0.6831301152706146,0.003632099821402035,-192.1710235849023,32.11802303567794,3.2763750553131104,,
636000,586.2647507190704,-194.62380003929138,31.861662679155565,-0.005205039405186351,7.406981945037842,0.6992870151996613,0.0036546545306919143,-192.1710235849023,32.11802303567794,3.27564594745636,,
640000,589.8792767524719,-185.7340931892395,29.69912873952263,-0.006252672693692141,5.56762580871582,0.6486269772052765,0.004501157907361631,-192.1710235849023,32.11802303567794,3.346166753768921,,
644000,595.9007012844086,-192.17684674263,31.65364500999088,-0.006110931622174886,8.310461950302123,0.5977646112442017,0.006964083862840198,-199.46591851115227,32.76653086914788,3.273062586784363,,
648000,599.3931355476379,-192.97987580299377,31.848628090546544,-0.007066782160662121,6.92677526473999,0.6031223356723785,0.006328290846431628,-199.46591851115227,32.76653086914788,3.4173959255218507,,
652000,602.9615762233734,-199.4397509098053,34.29172708375973,-0.005564072276465559,11.38460168838501,0.631446373462677,0.006431667221477255,-199.46591851115227,32.76653086914788,3.2822083711624144,,
656000,606.472021818161,-204.47136187553406,34.47037154024769,-0.006199733005914215,8.00937614440918,0.5911617517471314,0.0041634250519564375,-199.46591851115227,32.76653086914788,3.1338958978652953,,
660000,610.0991814136505,-196.61950039863586,27.24188162997299,-0.005978372169348134,6.764517593383789,0.6075268089771271,0.0055904645123519,-199.46591851115227,32.76653086914788,3.298395872116089,,
664000,613.4138300418854,-196.64912748336792,36.89619558111589,-0.008344357355497767,8.436362791061402,0.5810795366764069,0.0052086595172101905,-199.46591851115227,32.76653086914788,3.096000075340271,,
668000,617.0204477310181,-191.4805327653885,36.943615847739885,-0.005753136275568949,8.448362922668457,0.6357937455177307,0.0042729267355753105,-199.46591851115227,32.76653086914788,3.1768959045410154,,
672000,620.6171023845673,-191.93488705158234,37.43260346073935,-0.00826810959726565,8.16906967163086,0.6506620645523071,0.005224920567707158,-199.46591851115227,32.76653086914788,3.0141458988189695,,
676000,624.2297616004944,-190.98440635204315,35.09924638863859,-0.0057619972359390205,8.26438112258911,0.6744968056678772,0.004886101988609859,-199.46591851115227,32.76653086914788,3.2385417461395263,,
680000,627.8404748439789,-198.68631374835968,36.02374836336093,-0.007129751684454577,7.014720487594604,0.6686728239059448,0.007621342100047812,-199.46591851115227,32.76653086914788,3.1702292919158936,,
684000,633.8063595294952,-195.62612318992615,34.772278005809326,-0.0048525380177888875,13.458269786834716,0.731809675693512,0.0033503820246551185,-195.03684927523136,26.710106502875487,2.7866458892822266,,
688000,637.392853975296,-188.87266635894775,36.18490591439789,-0.007248831066613404,14.20357542037964,0.6782131493091583,0.0060912963417747434,-195.03684927523136,26.710106502875487,3.189083385467529,,
692000,640.9877851009369,-198.49284958839417,32.70203365122422,-0.006861671583572005,9.006715011596679,0.6605776011943817,0.00526378124727247,-195.03684927523136,26.710106502875487,3.0044584035873414,,
696000,644.5749232769012,-199.88891172409058,35.00459601227685,-0.006356668913426411,8.394407320022584,0.6652240574359893,0.0031685668567661197,-195.03684927523136,26.710106502875487,3.076104259490967,,
700000,648.1645770072937,-195.52149736881256,36.85910424901544,-0.005619043413704716,11.044157028198242,0.6852577149868011,0.0022618542520722153,-195.03684927523136,26.710106502875487,3.087687540054321,,
704000,651.7676854133606,-194.68388378620148,37.460071329578184,-0.005848195576419435,9.213945484161377,0.6479711651802063,0.0035328210308992634,-195.03684927523136,26.710106502875487,3.1390833616256715,,
708000,655.3575758934021,-199.6151885986328,37.73050345810232,-0.006321255856426422,9.618259143829345,0.6280826985836029,0.0032937465450959547,-195.03684927523136,26.710106502875487,3.1260209321975707,,
712000,658.9075152873993,-190.76311993598938,34.581801544442925,-0.004618169966153829,8.502150869369506,0.6028239011764527,0.004089134570676833,-195.03684927523136,26.710106502875487,3.250104212760925,,
716000,662.5065660476685,-196.34349489212036,31.579967789740305,-0.007344134721594564,7.447090768814087,0.6463418662548065,0.005759126989869401,-195.03684927523136,26.710106502875487,3.1688333988189696,,
720000,666.1093952655792,-195.3165899515152,33.85584823544201,-0.0036949367102157905,11.745867443084716,0.608071380853653,0.003411161439861932,-195.03684927523136,26.710106502875487,3.35385422706604,,
724000,672.0408129692078,-196.36521911621094,38.510793805015325,-0.006801562035921904,10.069356632232665,0.5858523607254028,0.004765670076788719,-193.17374816536903,37.805492808924,3.1878542423248293,,
728000,675.650887966156,-195.4439718723297,35.74876547977668,-0.006110301445859179,11.481256675720214,0.5301877379417419,0.003664502403524228,-193.17374816536903,37.805492808924,3.183104228973389,,
732000,679.256662607193,-195.41257500648499,38.97389847034038,-0.0057030011385990065,9.600680541992187,0.5740023910999298,0.004458747316889155,-193.17374816536903,37.805492808924,3.1284792184829713,,
736000,682.8693315982819,-195.95364558696747,40.87349649897602,-0.0051836838751721185,15.643863868713378,0.5851104557514191,0.006298049032998599,-193.17374816536903,37.805492808924,3.153645920753479,,
740000,686.487167596817,-202.99102354049683,41.461080499374205,-0.004354334985138842,10.767712688446045,0.5797075986862182,0.0035753804138706434,-193.17374816536903,37.805492808924,3.29702091217041,,
744000,690.1088933944702,-196.87548565864563,27.817631151834416,-0.006122143247320011,10.981345462799073,0.5781618893146515,0.008226139802718534,-193.17374816536903,37.805492808924,3.115208387374878,,
748000,693.7363011837006,-195.04320669174194,38.703444836306694,-0.007114976236286252,8.78440456390381,0.6183279097080231,0.005854221888682032,-193.17374816536903,37.805492808924,3.2365209102630614,,
752000,697.364627122879,-202.24364411830902,38.18034839649447,-0.0057556785085859374,13.936702537536622,0.6303458154201508,0.00178631481830962,-193.17374816536903,37.805492808924,3.248562550544739,,
756000,700.9742319583893,-196.0409164428711,36.11081522846873,-0.007389999664543812,7.821962499618531,0.6216731309890747,0.00603504400110495,-193.17374816536903,37.805492808924,3.3300626039505006,,
760000,704.5918233394623,-194.73017704486847,30.932613448415285,-0.007647447919472939,8.203562831878662,0.625030517578125,0.00767356141586788,-193.17374816536903,37.805492808924,3.2447917461395264,,
764000,710.5589146614075,-195.83507025241852,30.350723507426753,-0.004905522548127905,10.054744100570678,0.6491878926753998,0.007420338827340567,-198.0669787377119,37.77699688680452,3.1164583921432496,,
768000,714.1821410655975,-195.49102449417114,30.97841527866955,-0.0056024834936640126,9.730349826812745,0.7126082718372345,0.004743294873934545,-198.0669787377119,37.77699688680452,3.083291745185852,,
772000,717.7800569534302,-199.33189058303833,34.443966051466994,-0.0075855166388985925,9.233687829971313,0.7168419837951661,0.0055218554218299685,-198.0669787377119,37.77699688680452,3.1303542375564577,,
776000,721.3777260780334,-193.48807621002197,40.67772153309475,-0.006424870148301132,14.128029155731202,0.7003623247146606,0.006575512518368987,-198.0669787377119,37.77699688680452,3.231854248046875,,
780000,724.980241060257,-186.6464433670044,35.43698537227424,-0.003921675248420797,11.688044834136964,0.6979759275913239,0.00420128863529925,-198.0669787377119,37.77699688680452,3.219520854949951,,
784000,728.5819878578186,-192.87986195087433,37.892957045504296,-0.007410462179531585,9.3142728805542,0.7263058960437775,0.008204418665263802,-198.0669787377119,37.77699688680452,3.1836875677108765,,
788000,732.1941361427307,-192.10851061344147,38.37568902116386,-0.007050687870321171,11.137300395965577,0.6843453586101532,0.005304163953987873,-198.0669787377119,37.77699688680452,3.3964792490005493,,
792000,735.7995417118073,-194.63741099834442,32.81808108757181,-0.00715650430057817,10.714979267120361,0.6836045145988464,0.006528620697693744,-198.0669787377119,37.77699688680452,3.5371251344680785,,
796000,739.3898873329163,-190.0818074941635,36.90155954993261,-0.0059106768872588585,9.870942974090577,0.7016365885734558,0.004699664900545031,-198.0669787377119,37.77699688680452,3.3555834531784057,,
800000,743.0121583938599,-198.07484674453735,30.513344432419466,-0.00611951064427072,8.478583574295044,0.7292592227458954,0.0037480605290814762,-198.0669787377119,37.77699688680452,2.9993542432785034,,
804000,748.9218282699585,-183.633136510849,31.889657516420407,-0.007903653694937595,6.774082851409912,0.6511716961860656,0.007314505819464134,-199.16219267249107,32.84481544524497,3.3770626068115233,,
808000,752.5340373516083,-206.3357241153717,34.97373940339186,-0.005432745256926985,12.094393253326416,0.6762897551059723,0.0029778469257483566,-199.16219267249107,32.84481544524497,3.1803542375564575,,
812000,756.1407742500305,-199.3184140920639,34.20796222275567,-0.005855946461049211,7.611696529388428,0.6781971216201782,0.006091691134497523,-199.16219267249107,32.84481544524497,3.105333375930786,,
816000,759.7596039772034,-190.7453750371933,37.041242071735375,-0.00806013576779514,11.24961576461792,0.6605145096778869,0.007245627511292696,-199.16219267249107,32.84481544524497,2.896083402633667,,
820000,763.3769090175629,-183.62473893165588,32.857407658542215,-0.0072664249424511775,6.614531183242798,0.6555666506290436,0.006629273100756094,-199.16219267249107,32.84481544524497,2.9515000581741333,,
824000,767.0173375606537,-198.52223944664001,32.078889396856034,-0.006764842097337048,9.358575010299683,0.6616886854171753,0.006505248264875263,-199.16219267249107,32.84481544524497,3.0777709007263185,,
828000,770.6044580936432,-189.75153768062592,35.8831766643318,-0.005056285409256844,9.377724838256835,0.6728030920028687,0.009791667212266476,-199.16219267249107,32.84481544524497,2.99662504196167,,
832000,774.2368996143341,-194.33916115760803,31.298567884560118,-0.0056841101449293776,8.933118295669555,0.675634753704071,0.0038468861472210846,-199.16219267249107,32.84481544524497,2.9586042165756226,,
836000,777.8575117588043,-197.67516613006592,31.877773049023816,-0.007596779169359547,8.365433740615845,0.6878929495811462,0.007970583223427318,-199.16219267249107,32.84481544524497,2.874375104904175,,
840000,781.5196442604065,-194.32556867599487,34.8550936304298,-0.004767120616044807,11.705889129638672,0.70517538189888,0.004345392982941121,-199.16219267249107,32.84481544524497,2.937437558174133,,
844000,787.4347536563873,-199.86553978919983,34.592176272140264,-0.005015223552628001,10.626736831665038,0.705826860666275,0.005475039819992778,-199.55636696517467,28.68550403488633,2.99093759059906,,
848000,791.0493280887604,-194.7832189798355,38.62870936780067,-0.004877355480100931,12.78184814453125,0.7106091380119324,0.0053556387508288065,-199.55636696517467,28.68550403488633,2.9093125581741335,,
852000,794.5395703315735,-201.63436329364777,40.91865892212655,-0.005968332602952919,8.728997325897216,0.655093789100647,0.005811589104744286,-199.55636696517467,28.68550403488633,2.8572917222976684,,
856000,798.1530375480652,-195.5027093887329,36.23331602971098,-0.006395515177554145,11.350549507141114,0.6486063897609711,0.005859169986564705,-199.55636696517467,28.68550403488633,2.8443750858306887,,
860000,801.7889621257782,-192.0851821899414,37.63335447413103,-0.007273142934466392,9.178373956680298,0.7381331384181976,0.004280157916170246,-199.55636696517467,28.68550403488633,2.68231258392334,,
864000,805.4168326854706,-197.79853224754333,34.39033361393396,-0.007093655101644497,12.844586086273193,0.7580103993415832,0.004462408457038691,-199.55636696517467,28.68550403488633,2.5156250476837156,,
868000,809.0557489395142,-197.3177900314331,33.279525530242694,-0.004991525436596334,10.66656723022461,0.6975340008735657,0.002191928049782277,-199.55636696517467,28.68550403488633,2.6500001192092895,,
872000,812.6753733158112,-188.4724404811859,32.251726824627966,-0.007341308597630514,7.864185476303101,0.7144358932971955,0.0044500989882896745,-199.55636696517467,28.68550403488633,2.92497923374176,,
876000,816.3264844417572,-194.28664708137512,33.85206801269882,-0.005351414010083921,10.686802864074707,0.7494732439517975,0.005086562276196993,-199.55636696517467,28.68550403488633,2.7387708902359007,,
880000,819.9576618671417,-195.11062824726105,34.16473654253521,-0.007957186797633752,7.648780870437622,0.6870652556419372,0.004187829258386078,-199.55636696517467,28.68550403488633,2.6112292051315307,,
884000,825.723130941391,-198.74562287330627,33.85361695751771,-0.008334101230526868,8.381743049621582,0.7355708360671998,0.008132672507781536,-203.85322812199593,32.90359802329385,2.6948334693908693,,
888000,829.3546736240387,-188.70083463191986,34.042894522037265,-0.0068465143072729325,11.157780265808105,0.6757334530353546,0.005233997174946126,-203.85322812199593,32.90359802329385,2.771833372116089,,
892000,832.9600472450256,-193.7619947195053,35.00678889608761,-0.00560311501294688,6.5770515441894535,0.7001767933368683,0.0046490786015056075,-203.85322812199593,32.90359802329385,2.745604228973389,,
896000,836.5817174911499,-190.7741641998291,31.161194762951844,-0.008067067302918573,7.733821201324463,0.6700504720211029,0.00597643905621954,-203.85322812199593,32.90359802329385,2.5842709064483644,,
900000,840.1842885017395,-201.78495931625366,39.10104230320134,-0.008737138900905883,6.97940468788147,0.6639912962913513,0.010164671537466408,-203.85322812199593,32.90359802329385,2.7189792156219483,,
904000,843.7397718429565,-194.31365263462067,41.34686363000785,-0.005480176573929541,10.541255569458007,0.6820564568042755,0.005191889998968691,-203.85322812199593,32.90359802329385,2.465979242324829,,
908000,847.3847780227661,-193.78399169445038,33.26661562812015,-0.007527639706153444,7.3907324314117435,0.7039818465709686,0.0051318594254553315,-203.85322812199593,32.90359802329385,2.764166736602783,,
912000,851.0174565315247,-195.01404976844788,35.838041814417494,-0.006549434924498243,9.452000045776368,0.7342767715454102,0.007464402873301879,-203.85322812199593,32.90359802329385,2.7681875467300414,,
916000,854.5948166847229,-196.52564883232117,34.04420928216344,-0.0065959725154876025,7.101784992218017,0.7196257889270783,0.005864818854024634,-203.85322812199593,32.90359802329385,2.7005000591278074,,
920000,858.2373266220093,-192.04817759990692,34.6921486989051,-0.006456920229519625,9.124407529830933,0.7570264577865601,0.004827621637377888,-203.85322812199593,32.90359802329385,2.636375069618225,,
924000,864.0389668941498,-195.47474920749664,36.919142778362065,-0.008591650723014021,8.414948987960816,0.7655339956283569,0.007440508893807518,-198.9061303138733,32.16354712839672,2.6497500419616697,,
928000,867.5903477668762,-197.5376148223877,35.32334169254092,-0.007558909778483169,8.279886817932129,0.8055129945278168,0.006768350041238591,-198.9061303138733,32.16354712839672,2.5275625467300413,,
932000,871.1742072105408,-197.4559224843979,45.9343184365298,-0.008460860614975196,8.574627685546876,0.7547120213508606,0.009576509607645445,-198.9061303138733,32.16354712839672,2.563604235649109,,
936000,874.746988773346,-191.3263645172119,42.971653493525324,-0.008543743370256074,14.471018505096435,0.7370928168296814,0.005695264629321173,-198.9061303138733,32.16354712839672,2.563833403587341,,
940000,878.3502810001373,-194.74525690078735,33.12716673436152,-0.005911710107699042,8.798366403579712,0.7415863573551178,0.005753083800664171,-198.9061303138733,32.16354712839672,2.745500087738037,,
944000,881.9365971088409,-191.99629664421082,35.65214357435118,-0.005406051939819001,8.93581485748291,0.7148920595645905,0.004439928370993584,-198.9061303138733,32.16354712839672,2.7462292194366453,,
948000,885.5315549373627,-195.25281071662903,34.592296878891005,-0.006767501363220329,6.732457494735717,0.7062381684780121,0.008865019777944915,-198.9061303138733,32.16354712839672,2.619937562942505,,
952000,889.1215257644653,-189.82264387607574,33.63249303348307,-0.008135331030935066,9.829390001296996,0.729923552274704,0.0069783428050578244,-198.9061303138733,32.16354712839672,2.596125078201294,,
956000,892.711259841919,-192.26674962043762,35.294154040044965,-0.008048660465205693,7.630005836486816,0.6874561190605164,0.006867984173974673,-198.9061303138733,32.16354712839672,2.6095834255218504,,
960000,896.32594871521,-185.81366968154907,26.95222052750089,-0.006549046392863289,4.861456561088562,0.6953564584255219,0.006461182091152295,-198.9061303138733,32.16354712839672,2.637208437919617,,
964000,902.1827845573425,-196.03447425365448,36.10933858647233,-0.005216980552611261,8.98618540763855,0.6848896443843842,0.004721796926264688,-199.38525476306677,32.817939046906695,2.6061042308807374,,
968000,905.6252138614655,-186.78519523143768,34.513722902389055,-0.007585496837273276,7.6480302810668945,0.7061045646667481,0.005082710832357407,-199.38525476306677,32.817939046906695,2.735187602043152,,
972000,909.1992163658142,-189.12748456001282,36.910345317804705,-0.00811302956845612,9.988450193405152,0.7221035599708557,0.005287852563196793,-199.38525476306677,32.817939046906695,2.701604199409485,,
976000,912.7765853404999,-192.89841985702515,28.63282471826464,-0.006840756423460936,8.779380416870117,0.7641504287719727,0.005679562795829795,-199.38525476306677,32.817939046906695,2.792791724205017,,
980000,916.3564538955688,-196.99592089653015,29.79449946821722,-0.00738877584055686,8.06823444366455,0.7483799993991852,0.009508097823088413,-199.38525476306677,32.817939046906695,2.569520878791809,,
984000,919.9395723342896,-188.58975982666016,28.533837655901014,-0.007839435548831908,7.666574287414551,0.7856354892253876,0.006708965892903507,-199.38525476306677,32.817939046906695,2.611750054359436,,
988000,923.5151979923248,-202.49245762825012,36.07839928037739,-0.006301491161497985,10.153234004974365,0.7604847252368927,0.005534772896440732,-199.38525476306677,32.817939046906695,2.454520916938782,,
992000,927.0944032669067,-203.4427227973938,37.345756826171055,-0.008427066683458806,7.8654700756073,0.7939940929412842,0.0024867451227425395,-199.38525476306677,32.817939046906695,2.421145868301392,,
996000,930.6848628520966,-196.6957756280899,32.34046202491957,-0.005441908353474112,11.664920806884766,0.7794740319252014,0.005318508911955533,-199.38525476306677,32.817939046906695,2.586354207992554,,
1000000,934.3169085979462,-196.3219223022461,35.09462488969792,-0.0069048488910775415,11.907566738128661,0.8106355667114258,0.002602457806619718,-199.38525476306677,32.817939046906695,2.5711875915527345,,
1004000,940.1813862323761,-191.64371395111084,37.282051124101564,-0.007551622902974486,9.405901098251343,0.8242083370685578,0.008292211865734634,-194.82088119536638,42.58072625121805,2.5288333892822266,,
1008000,943.720566034317,-196.04722106456757,35.92680814111889,-0.008344407141053445,9.47698278427124,0.8104929208755494,0.005114813542071106,-194.82088119536638,42.58072625121805,2.5824167013168333,,
1012000,947.2805542945862,-202.3433198928833,33.182509147141836,-0.006712472655655333,10.778894710540772,0.8142005205154419,0.007555489277001471,-194.82088119536638,42.58072625121805,2.485854244232178,,
1016000,950.9182510375977,-197.36696219444275,36.858283312244154,-0.008692373749800008,9.495079040527344,0.8123743236064911,0.006100255649692077,-194.82088119536638,42.58072625121805,2.5707709312438967,,
1020000,954.483377456665,-193.83027291297913,28.954215340706618,-0.0072329717121708105,6.320002603530884,0.7910564184188843,0.005120770639041439,-194.82088119536638,42.58072625121805,2.6224167346954346,,
1024000,958.0720360279083,-207.7889654636383,38.99301807681305,-0.005157945491839211,14.375260257720948,0.7995506763458252,0.003085356278825202,-194.82088119536638,42.58072625121805,2.608312559127808,,
1028000,961.6976656913757,-195.404399394989,36.32001434784031,-0.005457524736411879,12.229941177368165,0.8141127049922943,0.006710678753093902,-194.82088119536638,42.58072625121805,2.577833390235901,,
1032000,965.2025172710419,-188.800110578537,29.113363230146692,-0.00520716554244669,8.151362371444701,0.7486986696720124,0.003795601718593389,-194.82088119536638,42.58072625121805,2.725854253768921,,
1036000,968.8233387470245,-202.56108283996582,34.63787135590583,-0.007163899624409753,7.40180287361145,0.7957595944404602,0.007014126394642517,-194.82088119536638,42.58072625121805,2.48789587020874,,
1040000,972.4670181274414,-197.81646013259888,40.07930852208443,-0.006231098298449078,12.994318389892578,0.7575066387653351,0.004853212601970891,-194.82088119536638,42.58072625121805,2.537333369255066,,
1044000,978.3776521682739,-197.73273146152496,34.62562802277577,-0.008179201719661532,8.486992883682252,0.799962043762207,0.007864720394718461,-194.80389722436666,31.943539835292377,2.4207083940505982,,
1048000,981.9924659729004,-202.1085169315338,35.290411377211605,-0.007811540450435128,7.541421508789062,0.8341093182563781,0.0054781675687991084,-194.80389722436666,31.943539835292377,2.521187591552734,,
1052000,985.584614276886,-197.7430534362793,32.43334047640045,-0.006725969629051675,8.885595273971557,0.839564973115921,0.004778336908746006,-194.80389722436666,31.943539835292377,2.253208374977112,,
1056000,989.1815707683563,-200.7290301322937,33.56792377691854,-0.0052330194831204935,11.821603679656983,0.770164841413498,0.005248483428421125,-194.80389722436666,31.943539835292377,2.4239583730697634,,
1060000,992.766800403595,-192.1635957956314,37.22569437031535,-0.0065712484391406535,8.728379440307616,0.7759236037731171,0.0046293286872241875,-194.80389722436666,31.943539835292377,2.3895416975021364,,
1064000,996.344685792923,-196.2506012916565,30.085941081464554,-0.004949957128614102,10.435704612731934,0.7721926748752594,0.005558655183995143,-194.80389722436666,31.943539835292377,2.1587292194366454,,
1068000,999.9332048892975,-204.1553988456726,28.45116294454003,-0.006206937011796976,9.123786544799804,0.7799554109573364,0.007749099822559713,-194.80389722436666,31.943539835292377,2.4255417585372925,,
1072000,1003.5336663722992,-191.58313822746277,36.695059254438824,-0.005957734139946602,9.057988500595092,0.7822557389736176,0.004564310624341772,-194.80389722436666,31.943539835292377,2.3010209083557127,,
1076000,1007.1170332431793,-193.7864911556244,30.802933037119082,-0.006810054770049945,6.915243148803711,0.8183165729045868,0.004807848123950009,-194.80389722436666,31.943539835292377,2.2133333921432494,,
1080000,1010.7078659534454,-205.0587122440338,34.58311287557792,-0.0055520149872948284,10.278052711486817,0.7950787246227264,0.004143767582718283,-194.80389722436666,31.943539835292377,2.101979207992554,,
1084000,1016.5587072372437,-192.12454915046692,37.018720030296045,-0.006537846516041679,6.557195854187012,0.8039856493473053,0.006597773777320981,-201.29558809101582,32.135536363021636,2.3746458530426025,,
1088000,1020.1652603149414,-210.7974169254303,33.39281674347898,-0.0053479761965572695,12.89240837097168,0.7651294052600861,0.009283207007683814,-201.29558809101582,32.135536363021636,2.2515417098999024,,
1092000,1023.5503702163696,-196.10845744609833,34.67016116061336,-0.006774623147211977,10.259231185913086,0.7649362504482269,0.005899031697927626,-201.29558809101582,32.135536363021636,2.4762084007263185,,
1096000,1026.9715449810028,-188.26925539970398,33.78759399287776,-0.007089760416808222,9.231849431991577,0.7551258087158204,0.0061430803242644,-201.29558809101582,32.135536363021636,2.510062599182129,,
1100000,1030.4397354125977,-190.70793044567108,36.05129792609624,-0.006716063774346281,8.356764984130859,0.7243584632873535,0.005628538675955497,-201.29558809101582,32.135536363021636,2.351458430290222,,
1104000,1034.0420699119568,-200.12933492660522,40.352803810441245,-0.006074517081646924,14.531495475769043,0.754847651720047,0.005428919532278087,-201.29558809101582,32.135536363021636,2.2563959121704102,,
1108000,1037.620248556137,-194.41685152053833,36.17834229155295,-0.007762590341269959,10.198262214660645,0.8096624135971069,0.0070426434132969005,-201.29558809101582,32.135536363021636,2.452583336830139,,
1112000,1041.1669580936432,-195.36687231063843,31.441626016433364,-0.0066564153653259515,7.698543834686279,0.8648270726203918,0.009600997588131576,-201.29558809101582,32.135536363021636,2.344812536239624,,
1116000,1044.764738559723,-196.242506980896,38.42551647819584,-0.006876240282629897,8.760145950317384,0.8864084422588349,0.00966123197522637,-201.29558809101582,32.135536363021636,2.2972917556762695,,
1120000,1048.3641142845154,-190.13478875160217,27.196053073885253,-0.006124387281946841,9.472752809524536,0.8946236073970795,0.010936810198240022,-201.29558809101582,32.135536363021636,2.2491458654403687,,
1124000,1054.224004983902,-211.92181706428528,39.40173107568934,-0.005166527639298124,14.60016851425171,0.8549770534038543,0.0059712622965938265,-201.88143065571785,30.8050259695078,2.3038333892822265,,
1128000,1057.8059148788452,-199.40296030044556,32.35794884497461,-0.006873049647081686,9.035908794403076,0.867431002855301,0.009552268130937592,-201.88143065571785,30.8050259695078,2.5173333644866944,,
1132000,1061.4028322696686,-191.26418554782867,37.93325461629192,-0.005114313403920612,14.217055320739746,0.8669341921806335,0.005342603276949376,-201.88143065571785,30.8050259695078,2.51791672706604,,
1136000,1064.9935929775238,-194.66506910324097,34.905125548912196,-0.007837930365155099,7.460594701766968,0.8140277445316315,0.008527838188456371,-201.88143065571785,30.8050259695078,2.506041717529297,,
1140000,1068.6156878471375,-194.2730267047882,34.52998374141755,-0.008222326761732467,12.20885944366455,0.8146349251270294,0.009356916893739253,-201.88143065571785,30.8050259695078,2.375937581062317,,
1144000,1072.2294347286224,-200.7321548461914,40.71844595970781,-0.006120569667507248,10.051826667785644,0.8110050797462464,0.008375878691052385,-201.88143065571785,30.8050259695078,2.341812586784363,,
1148000,1075.8473765850067,-193.45145845413208,28.751793200271386,-0.007515446624408106,7.881744146347046,0.8042262315750122,0.004259775133687071,-201.88143065571785,30.8050259695078,2.543625020980835,,
1152000,1079.4416303634644,-200.4252554178238,38.728041884396255,-0.007995025972525282,9.26410641670227,0.7842515885829926,0.007077337785934468,-201.88143065571785,30.8050259695078,2.2991875648498534,,
1156000,1083.0515131950378,-192.58921992778778,31.866563891048873,-0.005016027670120815,11.333778381347656,0.7850835859775543,0.002981757652945838,-201.88143065571785,30.8050259695078,2.3916042327880858,,
1160000,1086.6533393859863,-190.41185927391052,30.618685693642778,-0.00550408739565561,9.857100582122802,0.7543936669826508,0.004217188945302042,-201.88143065571785,30.8050259695078,2.3708541870117186,,
1164000,1092.4860775470734,-194.35666811466217,41.50922188330488,-0.007690880784454457,9.731810760498046,0.7658869624137878,0.005333706911187619,-195.9545436501503,33.20653711617179,2.5422708988189697,,
1168000,1096.0655460357666,-195.6339466571808,37.34980337882607,-0.004436955398724862,11.541456317901611,0.7886436879634857,0.008730724908721954,-195.9545436501503,33.20653711617179,2.4958542346954347,,
1172000,1099.6436223983765,-195.25883102416992,32.33405504327244,-0.00645575094254065,7.725947427749634,0.7149688303470612,0.007536571857053786,-195.9545436501503,33.20653711617179,2.468562602996826,,
1176000,1103.237689256668,-198.26676058769226,34.20834931107728,-0.005472772391668279,8.550642490386963,0.668019562959671,0.0057558582513593136,-195.9545436501503,33.20653711617179,2.415312576293945,,
1180000,1106.8528559207916,-193.1115550994873,36.99186311965883,-0.006940602582258393,11.596351528167725,0.6988246321678162,0.005428007512212707,-195.9545436501503,33.20653711617179,2.3007083892822267,,
1184000,1110.25288271904,-194.33845210075378,33.6605947935453,-0.0038664214236195705,12.586493396759034,0.6634112358093261,0.005314784937538253,-195.9545436501503,33.20653711617179,2.2393542528152466,,
1188000,1113.8307557106018,-197.13775205612183,32.72298475001893,-0.007151472122718871,8.867273473739624,0.7176695704460144,0.0057435177826167475,-195.9545436501503,33.20653711617179,2.154479217529297,,
1192000,1117.4060490131378,-189.47482764720917,31.223764111937516,-0.005571671669526701,8.462066268920898,0.677495002746582,0.005959589435224189,-195.9545436501503,33.20653711617179,2.208416748046875,,
1196000,1121.016830444336,-191.29410791397095,28.705875653482927,-0.006452931723557498,8.381522274017334,0.6985558807849884,0.0057193867163732644,-195.9545436501503,33.20653711617179,2.212125062942505,,
1200000,1124.5841236114502,-198.91469073295593,31.007928457205864,-0.002344117565347226,8.670021867752075,0.6711126446723938,0.006057525204921444,-195.9545436501503,33.20653711617179,2.238187575340271,,
1204000,1130.425302028656,-191.6671086549759,30.12659168800103,-0.006407002004173812,10.933719635009766,0.7062588989734649,0.0050203550898004325,-195.09174115210772,33.9148620255031,2.217958378791809,,
1208000,1134.0152707099915,-190.46124029159546,29.820817461589535,-0.00588304552280654,13.247385120391845,0.720410269498825,0.013958970527164638,-195.09174115210772,33.9148620255031,2.2479583740234377,,
1212000,1137.5877556800842,-188.2527940273285,33.26241615263717,-0.005542404371313836,8.926379346847535,0.7186333537101746,0.006568387342849746,-195.09174115210772,33.9148620255031,2.3162084102630613,,
1216000,1141.1638870239258,-198.7323979139328,34.038239261554565,-0.0069145315079950365,12.572483158111572,0.7490715920925141,0.008787191554438323,-195.09174115210772,33.9148620255031,2.2220625400543215,,
1220000,1144.6128931045532,-201.78314185142517,36.928533027568,-0.004422148109336077,19.54470863342285,0.7202635407447815,0.005939733143895865,-195.09174115210772,33.9148620255031,2.3437084197998046,,
1224000,1148.1353714466095,-195.58507180213928,29.788542802812454,-0.0065922069554217085,7.493924283981324,0.7635557591915131,0.006922020504406356,-195.09174115210772,33.9148620255031,2.260708379745483,,
1228000,1151.738234758377,-197.0675139427185,30.00430338786179,-0.006615563386275091,7.827507734298706,0.7447770059108734,0.008737415913492442,-195.09174115210772,33.9148620255031,2.1566666841506956,,
1232000,1155.3434827327728,-200.84637761116028,30.607578750783055,-0.006782808342987323,8.167756938934327,0.759995025396347,0.007727168704383081,-195.09174115210772,33.9148620255031,2.067666697502136,,
1236000,1158.9679610729218,-199.04245448112488,28.209188647657694,-0.004675156803180691,9.604673910140992,0.7548153162002563,0.004988257034526633,-195.09174115210772,33.9148620255031,2.1389792203903197,,
1240000,1162.579717874527,-194.47412979602814,31.977204551206192,-0.004420972766354669,7.779028034210205,0.7020138323307037,0.0048113445751369,-195.09174115210772,33.9148620255031,2.1020625591278077,,
1244000,1168.4944944381714,-199.39994716644287,39.25294473317722,-0.0046418215164449,13.30433931350708,0.7658342540264129,0.006688138074241579,-200.20325130224228,34.2518191507711,2.2082292556762697,,
1248000,1172.1110095977783,-201.20079493522644,40.19580277541595,-0.004856414160652456,14.459102630615234,0.7960118114948272,0.0029551026099143172,-200.20325130224228,34.2518191507711,2.081083369255066,,
1252000,1175.7332055568695,-203.98255610466003,33.74747800281641,-0.004425937741762009,11.889416313171386,0.7754269778728485,0.008740822016261519,-200.20325130224228,34.2518191507711,2.1852083921432497,,
1256000,1179.3630793094635,-204.9352262020111,32.11450252099012,-0.0053534688224706525,10.113863945007324,0.7824933111667634,0.0067014986008871345,-200.20325130224228,34.2518191507711,2.3387500286102294,,
1260000,1182.9923102855682,-193.91398239135742,34.216910342547344,-0.007499332684092241,10.050091075897218,0.7820140898227692,0.008837280981242656,-200.20325130224228,34.2518191507711,2.1934375524520875,,
1264000,1186.6206958293915,-200.5192893743515,31.79041779006546,-0.0069859206505741515,8.474557399749756,0.7670892179012299,0.005021661882958206,-200.20325130224228,34.2518191507711,2.1549375295639037,,
1268000,1190.2494614124298,-201.11514925956726,30.488729276664404,-0.005317612913902892,8.547877788543701,0.7726998567581177,0.006087974492770964,-200.20325130224228,34.2518191507711,2.1649375677108766,,
1272000,1193.9301018714905,-194.95026195049286,36.363425734573624,-0.005301127859236132,12.276294612884522,0.8007371723651886,0.009104672467336084,-200.20325130224228,34.2518191507711,2.085708427429199,,
1276000,1197.5663812160492,-202.21329581737518,38.148879013899915,-0.006088782486195399,9.009096097946166,0.8069014370441436,0.003648776057350922,-200.20325130224228,34.2518191507711,2.2387917280197143,,
1280000,1201.1758873462677,-204.82835626602173,38.13866439551244,-0.004330645583492476,19.097120475769042,0.8260704457759858,0.0047029296009958085,-200.20325130224228,34.2518191507711,2.0376458406448363,,
1284000,1207.142927646637,-207.6342737674713,24.927499523381872,-0.006789509715269859,13.763605403900147,0.8653892934322357,0.008545670341234657,-192.2019780948758,31.642788585373278,2.127791690826416,,
1288000,1210.7359583377838,-197.52878069877625,31.27850564099436,-0.006714672943421896,7.614817476272583,0.8483594179153442,0.005756613129051402,-192.2019780948758,31.642788585373278,2.1437500715255737,,
1292000,1214.3293356895447,-196.1332733631134,30.391909513810255,-0.0058963876043756965,10.980735588073731,0.8378218352794647,0.005248337136254122,-192.2019780948758,31.642788585373278,2.0790833711624144,,
1296000,1217.9208648204803,-200.88540887832642,36.84435890751675,-0.005787380416722332,10.786340713500977,0.8726502299308777,0.004156907598837379,-192.2019780948758,31.642788585373278,2.171208381652832,,
1300000,1221.510534286499,-194.9358730316162,32.72000493488373,-0.007873450821731253,11.924848175048828,0.8774286687374115,0.008644502463964,-192.2019780948758,31.642788585373278,2.1186459064483643,,
1304000,1225.1016368865967,-202.31038510799408,34.944468363536096,-0.00633890976260112,11.50978355407715,0.8990791618824006,0.006217877549352125,-192.2019780948758,31.642788585373278,2.1707709074020385,,
1308000,1228.6785871982574,-195.12442004680634,33.61169354820456,-0.006637933961736664,7.872100162506103,0.9395951747894287,0.005659801769070327,-192.2019780948758,31.642788585373278,2.04972927570343,,
1312000,1232.2822284698486,-188.8068950176239,30.262161481451884,-0.006201927492550307,9.920466566085816,0.9254017174243927,0.003912731847958639,-192.2019780948758,31.642788585373278,2.1349167108535765,,
1316000,1235.8708288669586,-193.33797693252563,32.95793783906551,-0.004270486535756702,11.807015419006348,0.8696281969547272,0.0087359270403784,-192.2019780948758,31.642788585373278,2.2240000486373903,,
1320000,1239.446135044098,-201.9100615978241,36.738879513554906,-0.006196734959880423,7.508498048782348,0.8921707689762115,0.0071517001834388695,-192.2019780948758,31.642788585373278,2.244437551498413,,
1324000,1245.12881565094,-194.20912432670593,34.42372863612934,-0.006655105917093662,11.752486515045167,0.8760940670967102,0.006152708682930097,-191.30154044926167,29.859246460805103,2.1044792413711546,,
1328000,1248.716140985489,-201.9701910018921,31.82665229620437,-0.007290817628303969,10.065051555633545,0.8280050754547119,0.008599312929436564,-191.30154044926167,29.859246460805103,2.196000075340271,,
1332000,1252.291740179062,-201.50587129592896,33.02107313416541,-0.006041693773508694,9.228040218353271,0.8783909738063812,0.006227957039761023,-191.30154044926167,29.859246460805103,2.210770869255066,,
1336000,1255.8690328598022,-194.6948572397232,30.70258512477831,-0.006872174702584744,9.547111701965331,0.8996090233325958,0.006576993306788381,-191.30154044926167,29.859246460805103,2.1339375019073485,,
1340000,1259.4042205810547,-189.10001361370087,34.676018527546276,-0.006964884196563314,7.956195735931397,0.8538008570671082,0.006857567178589941,-191.30154044926167,29.859246460805103,2.0645208835601805,,
1344000,1262.9701392650604,-198.25381350517273,37.20996084772281,-0.006787574839623023,10.755658912658692,0.8359417676925659,0.009550082182977348,-191.30154044926167,29.859246460805103,2.084166717529297,,
1348000,1266.5393180847168,-187.88323879241943,33.91086239308711,-0.008085954163533948,6.607248544692993,0.8198287665843964,0.010575458118071169,-191.30154044926167,29.859246460805103,2.211791753768921,,
1352000,1270.147882938385,-193.21510910987854,28.935723062451057,-0.005470882639133689,10.335213756561279,0.7991606414318084,0.006385033366192871,-191.30154044926167,29.859246460805103,2.2904375314712526,,
1356000,1273.7323586940765,-192.6666384935379,29.251651084379144,-0.008162805703468657,9.516184997558593,0.8231884658336639,0.009661506296756373,-191.30154044926167,29.859246460805103,2.170666766166687,,
1360000,1277.3433711528778,-200.40653920173645,36.74704546545489,-0.0072349860820299485,8.37681770324707,0.8064929962158203,0.009942657011561096,-191.30154044926167,29.859246460805103,2.2237292289733888,,
1364000,1283.1391344070435,-198.99019408226013,34.220064752531066,-0.007899268436400852,9.465084028244018,0.799860829114914,0.011348630391526981,-202.1674341186881,31.92113163409748,2.2023958921432496,,
1368000,1286.7380874156952,-192.85665047168732,34.396682920173625,-0.005568065481008055,12.3577730178833,0.794711434841156,0.009201402638417977,-202.1674341186881,31.92113163409748,2.156770849227905,,
1372000,1290.3313302993774,-193.06051123142242,36.08524533142756,-0.007357596684868106,9.29031252861023,0.7985172927379608,0.0057753518964165805,-202.1674341186881,31.92113163409748,2.0838958978652955,,
1376000,1293.9348058700562,-192.8632457256317,35.01969940333984,-0.007689254074745522,7.672628450393677,0.7950566291809082,0.009353660658002028,-202.1674341186881,31.92113163409748,2.2017500400543213,,
1380000,1297.5295658111572,-199.33616983890533,34.99769337439487,-0.007503219156215835,10.783725833892822,0.807392418384552,0.007216252519205835,-202.1674341186881,31.92113163409748,2.237958383560181,,
1384000,1301.1227133274078,-198.30089592933655,29.320162081908375,-0.006725497071476028,9.47993016242981,0.8133730232715607,0.006732184995218127,-202.1674341186881,31.92113163409748,2.315625047683716,,
1388000,1304.3574328422546,-191.86159551143646,33.77238323686012,-0.005717336628120506,10.637811660766602,0.8467167556285858,0.005941687218728476,-202.1674341186881,31.92113163409748,2.296500039100647,,
1392000,1307.4184918403625,-200.51998662948608,33.50501887996137,-0.0077584234379852735,7.160762929916382,0.8720345735549927,0.007114150872609271,-202.1674341186881,31.92113163409748,2.200937581062317,,
1396000,1310.4582030773163,-198.4661830663681,43.858136178084116,-0.005937452039526292,15.696065616607665,0.8593396961688995,0.006603493985157272,-202.1674341186881,31.92113163409748,2.0425000905990602,,
1400000,1313.4910860061646,-198.12215113639832,34.25531963400036,-0.006588618131354451,12.218706226348877,0.8383570969104767,0.007917552099718428,-202.1674341186881,31.92113163409748,2.0769375801086425,,
1404000,1319.2861309051514,-196.19499945640564,32.66013788283732,-0.007129626170111258,10.159467124938965,0.8220634579658508,0.0044008448137901725,-197.38372153043747,32.367083444786815,2.0024792313575746,,
1408000,1322.86288022995,-200.64774298667908,37.697391551858104,-0.007946787127604082,9.550120449066162,0.8091800570487976,0.009065234242007137,-197.38372153043747,32.367083444786815,2.042333388328552,,
1412000,1326.4523260593414,-208.0551733970642,38.56209756682517,-0.005777206574411409,14.43725061416626,0.8175881385803223,0.006347322778310627,-197.38372153043747,32.367083444786815,1.9314166903495789,,
1416000,1330.0484101772308,-196.87377440929413,37.008572543900115,-0.005106819010184438,12.565318202972412,0.7892025530338287,0.005412793811410665,-197.38372153043747,32.367083444786815,2.0106459140777586,,
1420000,1333.6290185451508,-195.87620902061462,37.02577961307696,-0.004154210267045233,11.637248611450195,0.8135477662086487,0.0020366026344708745,-197.38372153043747,32.367083444786815,1.9446458578109742,,
1424000,1337.2195467948914,-191.30137038230896,30.190513727830247,-0.005216793428262445,11.183003616333007,0.8312831819057465,0.01262441328726709,-197.38372153043747,32.367083444786815,2.020229196548462,,
1428000,1340.8001608848572,-199.19440984725952,35.19895850487308,-0.008458063997017895,12.163620281219483,0.817846006155014,0.007611501605327575,-197.38372153043747,32.367083444786815,1.98235422372818,,
1432000,1344.4010140895844,-196.55007004737854,36.89882965010871,-0.008208073706986996,8.666141366958618,0.8231401920318604,0.007016961314172221,-197.38372153043747,32.367083444786815,2.006791687011719,,
1436000,1348.0000698566437,-200.51357686519623,35.032730948302614,-0.007672563621618877,8.423109149932861,0.7943408608436584,0.012346994340419925,-197.38372153043747,32.367083444786815,2.0116042137145995,,
1440000,1351.586421251297,-198.29791510105133,39.415006011668964,-0.005345643694590141,13.379721546173096,0.8276186048984527,0.009023174429312775,-197.38372153043747,32.367083444786815,1.9083958745002747,,
1444000,1357.4360749721527,-198.1952006816864,28.9006700633966,-0.0042292734635993815,10.565458869934082,0.8428717374801635,0.007862374893700074,-201.81874026358128,41.45765527273637,1.8581042051315309,,
1448000,1361.012374162674,-195.27613234519958,33.26294420657623,-0.007574700701826564,9.648101425170898,0.866502994298935,0.012434625392779708,-201.81874026358128,41.45765527273637,1.771041715145111,,
1452000,1364.4470603466034,-198.74239015579224,35.62562708051372,-0.0074952302419891035,10.766470432281494,0.8490894317626954,0.009418246697168797,-201.81874026358128,41.45765527273637,1.9038333892822266,,
1456000,1368.0393199920654,-198.2099552154541,35.0334479924031,-0.006073498491818619,8.362358093261719,0.8169696927070618,0.010218744073063135,-201.81874026358128,41.45765527273637,1.8842500448226929,,
1460000,1371.6412053108215,-199.06336045265198,39.01533379672853,-0.007398309362276168,11.260944175720216,0.869645869731903,0.00936537800131676,-201.81874026358128,41.45765527273637,1.8967500567436217,,
1464000,1375.2462577819824,-197.88655257225037,33.81899910535279,-0.008400944417342515,9.216389083862305,0.8794029474258422,0.012783676362596452,-201.81874026358128,41.45765527273637,1.970916712284088,,
1468000,1378.8375158309937,-199.86151027679443,30.6735479934931,-0.005598550512998646,12.265074157714844,0.8905482411384582,0.010940810992692906,-201.81874026358128,41.45765527273637,1.8971667289733887,,
1472000,1382.4444799423218,-201.45946264266968,43.993082999699105,-0.006978306304197801,18.58568754196167,0.8711075365543366,0.008373328868920638,-201.81874026358128,41.45765527273637,1.9738542199134828,,
1476000,1386.042183637619,-195.74555134773254,33.668584016759425,-0.008171677050491155,11.60113697052002,0.9015944302082062,0.009114935449790274,-201.81874026358128,41.45765527273637,1.969270896911621,,
1480000,1389.6156687736511,-201.96346879005432,34.781868177449226,-0.006996200440606693,12.268191909790039,0.8561161100864411,0.004183337113499874,-201.81874026358128,41.45765527273637,2.125687527656555,,
1484000,1395.4615352153778,-198.93573415279388,36.93251438827441,-0.008023040981031926,12.968628215789796,0.8876865029335022,0.008510007697623223,-201.07221298664808,43.74065083439825,1.9069583773612977,,
1488000,1399.034185886383,-196.02188301086426,28.514650054607213,-0.00965123577307292,8.731970930099488,0.9272418320178986,0.00771235942444779,-201.07221298664808,43.74065083439825,1.973916721343994,,
1492000,1402.5464107990265,-201.36722922325134,37.56392605216362,-0.00771871859238793,12.0856107711792,0.896628600358963,0.011137722220116686,-201.07221298664808,43.74065083439825,1.9257917046546935,,
1496000,1406.1201927661896,-195.2209529876709,26.06749033294726,-0.008768728722818198,8.909699773788452,0.9028544127941132,0.009388208927586739,-201.07221298664808,43.74065083439825,2.03922917842865,,
1500000,1409.6984820365906,-201.93196094036102,35.33190147723558,-0.00898062484276796,10.183112335205077,0.8608874201774597,0.01042954349548868,-201.07221298664808,43.74065083439825,1.880750060081482,,
1504000,1413.268345117569,-198.92206406593323,29.56689054422847,-0.008211845413471152,9.562429332733155,0.8698572993278504,0.0050848839688114825,-201.07221298664808,43.74065083439825,1.8408541917800902,,
1508000,1416.7357017993927,-193.88094806671143,44.16738846008609,-0.004805645253043611,16.31871089935303,0.8453967094421386,0.003970131214009598,-201.07221298664808,43.74065083439825,1.7861250519752503,,
1512000,1420.3449428081512,-193.90857076644897,30.41939088323137,-0.00836796801040567,8.956125640869141,0.8505743682384491,0.012567932531237603,-201.07221298664808,43.74065083439825,1.9639167070388794,,
1516000,1423.77370595932,-197.6838127374649,37.79756425008726,-0.006292402439595513,10.27893705368042,0.8431916236877441,0.010372602217830717,-201.07221298664808,43.74065083439825,1.9437083959579469,,
1520000,1427.2511200904846,-191.45317244529724,36.6671891440595,-0.007235273545142284,10.266229248046875,0.8316475629806519,0.006449773661637082,-201.07221298664808,43.74065083439825,1.9856042385101318,,
1524000,1432.9286568164825,-190.92180681228638,30.467193664089425,-0.006356173244304842,10.59145212173462,0.8727694511413574,0.003424321043925982,-203.79346795380116,38.53481179285439,1.9146250367164612,,
1528000,1436.467325925827,-193.74484419822693,34.626649828423076,-0.008261950504655502,8.809728956222534,0.848632937669754,0.01177625420379158,-203.79346795380116,38.53481179285439,1.935437548160553,,
1532000,1440.045593738556,-188.23361837863922,41.2320389633946,-0.0076853923831755825,15.21276044845581,0.8488011717796325,0.010102296922666376,-203.79346795380116,38.53481179285439,1.9998750329017638,,
1536000,1443.6377127170563,-194.1607437133789,35.07023492668354,-0.006264916415947397,11.292335796356202,0.8315664649009704,0.0065896071059009746,-203.79346795380116,38.53481179285439,1.8675833940505981,,
1540000,1447.152940273285,-198.7128710746765,28.506377037421917,-0.007651648239232855,13.171842670440673,0.8172809839248657,0.0077512119869547645,-203.79346795380116,38.53481179285439,2.051854205131531,,
1544000,1450.7359416484833,-199.4588487148285,39.44805684266216,-0.008287640347455928,11.299284076690673,0.8161720871925354,0.014648400764601988,-203.79346795380116,38.53481179285439,1.9885417222976685,,
1548000,1454.3489570617676,-192.7859194278717,32.73839193397245,-0.006530716420849814,12.586697196960449,0.8223364949226379,0.011958061438053846,-203.79346795380116,38.53481179285439,1.9039583802223206,,
1552000,1457.962550163269,-185.11070585250854,31.072535972402587,-0.006852243743992093,9.091361045837402,0.7576263964176178,0.005540707836393289,-203.79346795380116,38.53481179285439,2.0164167165756224,,
1556000,1461.5519709587097,-195.7616548538208,37.1140030001963,-0.009251472968763252,11.813853454589843,0.787773072719574,0.0076827777666039765,-203.79346795380116,38.53481179285439,1.986791694164276,,
1560000,1465.1419851779938,-183.4906783103943,35.14679351048468,-0.008365754779273083,8.774182176589965,0.7860826432704926,0.007177190325921401,-203.79346795380116,38.53481179285439,2.0467291831970216,,
1564000,1470.973307132721,-206.65613281726837,37.335552201669366,-0.007027123929311862,13.299116802215575,0.7625144004821778,0.0074629988986998795,-200.21597891300917,31.64472953208158,2.0524166584014893,,
1568000,1474.5430901050568,-204.00673723220825,31.153200713551463,-0.008042889009850729,8.134461545944214,0.7494861245155334,0.0053921369893942025,-200.21597891300917,31.64472953208158,2.003208351135254,,
1572000,1478.0732922554016,-196.45363187789917,33.243270324220504,-0.005884511028649442,15.28083667755127,0.7718641221523285,0.005984887643717229,-200.21597891300917,31.64472953208158,2.1108541965484617,,
1576000,1481.6407783031464,-194.3818781375885,34.28043000617872,-0.009520167582668293,8.766560935974121,0.7429380297660828,0.009719214475713755,-200.21597891300917,31.64472953208158,2.082041692733765,,
1580000,1485.2139580249786,-189.82489156723022,28.086481153100177,-0.010431323601243391,5.771858501434326,0.7195122003555298,0.011702184658497572,-200.21597891300917,31.64472953208158,2.120395874977112,,
1584000,1488.828237771988,-197.22518253326416,33.37036024201341,-0.005742122303694508,10.083101367950439,0.7693340003490448,0.00986441076383926,-200.21597891300917,31.64472953208158,1.9588542222976684,,
1588000,1492.4297077655792,-191.74698388576508,31.700173575340052,-0.009076955814224963,9.610886573791504,0.7518622696399688,0.009084391577926,-200.21597891300917,31.64472953208158,1.9525625586509705,,
1592000,1496.0510404109955,-197.55660367012024,33.4939672941703,-0.01041012796759624,7.4864270210266115,0.7990596294403076,0.01287240015808493,-200.21597891300917,31.64472953208158,1.9006667017936707,,
1596000,1499.6601126194,-190.08280396461487,31.911465718763147,-0.00830444309643159,9.413147449493408,0.803455251455307,0.008347065350972117,-200.21597891300917,31.64472953208158,2.072770881652832,,
1600000,1503.2993869781494,-189.44596791267395,31.58287178758828,-0.00832489162295431,8.787503480911255,0.7425751328468323,0.007730514125277565,-200.21597891300917,31.64472953208158,1.9280417203903197,,
1604000,1509.1727454662323,-194.95338225364685,35.036837386779595,-0.005869832794337215,10.276010608673095,0.790190988779068,0.010624691983684898,-205.71624892950058,36.88355267313068,1.9516250491142273,,
1608000,1512.7566549777985,-196.1076375246048,37.676391044532814,-0.006600350869974747,12.119177436828613,0.8079011797904968,0.011558908165122084,-205.71624892950058,36.88355267313068,2.0493541955947876,,
1612000,1516.2811448574066,-190.19181537628174,30.169936474960437,-0.006787948249994358,9.224114894866943,0.7480853974819184,0.012102056341245771,-205.71624892950058,36.88355267313068,2.0276041984558106,,
1616000,1519.835019826889,-194.37450671195984,27.37080701051521,-0.006316921688926591,9.110050535202026,0.8076128840446473,0.008865299670025705,-205.71624892950058,36.88355267313068,1.919604206085205,,
1620000,1523.4237608909607,-184.7004212141037,33.157629845301315,-0.006719903066909438,8.241643619537353,0.7996060907840729,0.007380424835719168,-205.71624892950058,36.88355267313068,2.0438750743865968,,
1624000,1526.9423401355743,-195.73055815696716,35.29331126664158,-0.005792659447814608,9.821328687667847,0.765978091955185,0.005740464180397709,-205.71624892950058,36.88355267313068,1.9618958830833435,,
1628000,1530.4732010364532,-188.62533032894135,28.010330372876243,-0.005762535996580098,10.347457599639892,0.7491475343704224,0.008652256001563163,-205.71624892950058,36.88355267313068,2.013791728019714,,
1632000,1533.995726108551,-195.18412518501282,37.53398255943936,-0.005463396487058958,10.42424554824829,0.7383079528808594,0.006305197824258357,-205.71624892950058,36.88355267313068,2.00385422706604,,
1636000,1537.5950529575348,-196.4798220396042,35.278313987603745,-0.00876927858932568,6.811617231369018,0.7698336839675903,0.006022725475486368,-205.71624892950058,36.88355267313068,2.0061042308807373,,
1640000,1541.1798648834229,-199.16848814487457,38.40764418375126,-0.00777330183967333,8.087097597122192,0.8061088621616364,0.009493969765491795,-205.71624892950058,36.88355267313068,1.9527083873748778,,
1644000,1546.908561706543,-191.31781697273254,33.221466477161954,-0.003980746271864888,9.515342807769775,0.8006093680858613,0.009044277272187174,-203.94750379025936,36.42083469028401,1.9110417127609254,,
1648000,1550.4772593975067,-194.37416219711304,34.11371288683332,-0.008088416324307523,12.138758087158203,0.7840026974678039,0.008015386486115616,-203.94750379025936,36.42083469028401,1.88979172706604,,
1652000,1554.0647983551025,-187.4308304786682,30.6126716386249,-0.007315904826857178,7.559587001800537,0.7810806035995483,0.004931522812383982,-203.94750379025936,36.42083469028401,1.8211875557899475,,
1656000,1557.6510586738586,-200.41981840133667,33.42615713852211,-0.007883840935304675,8.904365873336792,0.7527851164340973,0.009571061416373894,-203.94750379025936,36.42083469028401,1.8317917346954347,,
1660000,1561.2218170166016,-199.8665087223053,33.907478584454296,-0.00575915725513676,9.557707118988038,0.7912903010845185,0.004001618386479144,-203.94750379025936,36.42083469028401,1.7524167060852052,,
1664000,1564.7988436222076,-188.34746623039246,34.213523083772785,-0.0061314356884295765,12.529475212097168,0.7686649978160858,0.011253397166728973,-203.94750379025936,36.42083469028401,1.746208393573761,,
1668000,1568.37886428833,-189.33151197433472,40.14804005520906,-0.006160436229470179,9.62584466934204,0.7732613027095795,0.011319501400149168,-203.94750379025936,36.42083469028401,1.8944583773612975,,
1672000,1571.9844198226929,-193.91320896148682,33.38174046281983,-0.006978058727768577,8.68700122833252,0.7825828850269317,0.0039044244205579393,-203.94750379025936,36.42083469028401,1.8543542265892028,,
1676000,1575.5675945281982,-191.171790599823,30.23736304944828,-0.007210482447252531,7.00577073097229,0.7866713166236877,0.008463819671422356,-203.94750379025936,36.42083469028401,1.8408958792686463,,
1680000,1579.1410682201385,-185.54728996753693,33.256058636047435,-0.005705176726914907,8.048966360092162,0.7990975499153137,0.004943123922993742,-203.94750379025936,36.42083469028401,1.822395884990692,,
1684000,1584.955747127533,-193.47204208374023,34.77102886974268,-0.006678944494110084,9.795322227478028,0.8334040105342865,0.005799963748237857,-197.94261300563812,33.601394176831434,1.7545833587646484,,
1688000,1588.4769599437714,-198.0126314163208,35.35057628346891,-0.00797209312270084,8.77159924507141,0.8097415566444397,0.009728151420131326,-197.94261300563812,33.601394176831434,1.747687530517578,,
1692000,1592.0602192878723,-195.69736278057098,43.790849794715,-0.007027754604273184,13.525993919372558,0.856110805273056,0.00555399484874215,-197.94261300563812,33.601394176831434,1.7350417137145997,,
1696000,1595.6408524513245,-196.11939549446106,40.14618808481807,-0.005335219410248016,10.458603286743164,0.8128571808338165,0.005668934140703641,-197.94261300563812,33.601394176831434,1.79350004196167,,
1700000,1599.221257686615,-195.60543429851532,36.49114336286206,-0.0042649079644274225,10.945795631408691,0.7885526537895202,0.003994894700823437,-197.94261300563812,33.601394176831434,1.713645875453949,,
1704000,1602.8074567317963,-192.09596061706543,34.64800932044318,-0.006188894821253043,7.821875858306885,0.7477177381515503,0.009547365573234856,-197.94261300563812,33.601394176831434,1.7685000419616699,,
1708000,1606.3484926223755,-190.12954115867615,34.03519107448519,-0.005754264157886308,12.670169830322266,0.8272688686847687,0.010261923708332076,-197.94261300563812,33.601394176831434,1.754395878314972,,
1712000,1609.962188243866,-201.78200483322144,30.53290224949903,-0.0073608609411556,4.9926666736602785,0.8279206991195679,0.006719378125853837,-197.94261300563812,33.601394176831434,1.7958333969116211,,
1716000,1613.5506870746613,-195.095458984375,39.122450856730765,-0.005736133528407672,14.413377285003662,0.8063996195793152,0.006915636413032189,-197.94261300563812,33.601394176831434,1.6981042265892028,,
1720000,1616.8369405269623,-191.1772129535675,37.9915567043706,-0.00540773020180243,9.852362680435181,0.816379976272583,0.009811720158904792,-197.94261300563812,33.601394176831434,1.8167083978652954,,
1724000,1622.6890196800232,-191.7814825773239,33.17935961845966,-0.004357538698551444,10.095819759368897,0.8345977187156677,0.015965462484707427,-198.5419039130211,30.661219532248033,1.8426458597183228,,
1728000,1626.2982552051544,-193.54353773593903,32.52395190213085,-0.008515790967891634,5.353279781341553,0.8186117231845855,0.010584043455310166,-198.5419039130211,30.661219532248033,1.824416697025299,,
1732000,1629.8947570323944,-186.20770812034607,29.793357980433953,-0.007077768749867985,6.383951854705811,0.8304187178611755,0.010383484786376407,-198.5419039130211,30.661219532248033,1.769437551498413,,
1736000,1633.4862897396088,-194.9203746318817,33.74997843238944,-0.00760160891742756,10.3433180809021,0.8667674899101258,0.00715431957113708,-198.5419039130211,30.661219532248033,1.7417917251586914,,
1740000,1637.0690250396729,-189.75307297706604,36.46253845495181,-0.007378659700819412,7.644769906997681,0.845976608991623,0.011569233005866408,-198.5419039130211,30.661219532248033,1.7616458535194397,,
1744000,1640.6562201976776,-189.24674582481384,34.79324464957857,-0.007147749301977413,9.060974407196046,0.8575352728366852,0.009189792410781017,-198.5419039130211,30.661219532248033,1.766312551498413,,
1748000,1644.2724306583405,-189.98764407634735,35.23901929306703,-0.006406010722431077,15.26641092300415,0.8828196585178375,0.008975612244103103,-198.5419039130211,30.661219532248033,1.7565000414848329,,
1752000,1647.855571269989,-187.10039365291595,33.71480440375366,-0.0030922453302967058,7.150424528121948,0.8501747369766235,0.0193279093131423,-198.5419039130211,30.661219532248033,1.7183958768844605,,
1756000,1651.4469513893127,-189.29288935661316,31.712982754335258,-0.006904015468045444,7.08250322341919,0.8638087034225463,0.010955815066894026,-198.5419039130211,30.661219532248033,1.7114583730697632,,
1760000,1655.0321116447449,-190.19295918941498,37.01827232832678,-0.006121059125910211,7.220285415649414,0.8438254296779633,0.005046361972927116,-198.5419039130211,30.661219532248033,1.6850000262260436,,
1764000,1660.8605029582977,-183.48434209823608,29.253268321971852,-0.0063911632079010515,7.22237195968628,0.8430373966693878,0.007667872472666204,-192.5517237111926,28.952454640987636,1.738395881652832,,
1768000,1664.4522824287415,-193.3808445930481,37.89646327455618,-0.005868826863666321,12.734893321990967,0.8274844706058502,0.01093054871850967,-192.5517237111926,28.952454640987636,1.6299167037010194,,
1772000,1668.0211186408997,-194.31871962547302,28.541552410088133,-0.0038778332578949916,8.41000599861145,0.8170406281948089,0.010680330684408545,-192.5517237111926,28.952454640987636,1.711583387851715,,
1776000,1671.607836484909,-197.2639946937561,42.05876341717959,-0.007442792007078758,10.533490467071534,0.8111804962158203,0.012508370990554596,-192.5517237111926,28.952454640987636,1.7119375348091126,,
1780000,1675.1921486854553,-188.8875412940979,35.30601576388655,-0.007318141738884165,6.533369159698486,0.8288182556629181,0.012140223904047075,-192.5517237111926,28.952454640987636,1.8037292242050171,,
1784000,1678.7708344459534,-189.72158789634705,37.4483327648146,-0.006393887206756777,8.06902527809143,0.8325713574886322,0.007918468420393765,-192.5517237111926,28.952454640987636,1.6611458778381347,,
1788000,1682.379959344864,-190.56656742095947,32.78190466362175,-0.006017198893086118,8.299776220321656,0.8086221277713775,0.00489049758661228,-192.5517237111926,28.952454640987636,1.726062536239624,,
1792000,1685.971158027649,-197.76482152938843,35.618182567943556,-0.005084977447831385,10.930224418640137,0.7879961013793946,0.006541558285243809,-192.5517237111926,28.952454640987636,1.6551875233650208,,
1796000,1689.5562772750854,-194.8119719028473,29.346691472259003,-0.00622566702647589,9.831433963775634,0.7502318978309631,0.007665678218472749,-192.5517237111926,28.952454640987636,1.6136458754539489,,
1800000,1693.1309061050415,-190.65958309173584,36.37568466915283,-0.006203392424775878,7.09457483291626,0.8181844413280487,0.008855177392251789,-192.5517237111926,28.952454640987636,1.6916250586509705,,
1804000,1698.9966609477997,-190.3887631893158,25.788416477111525,-0.004959266781962057,8.163816928863525,0.805511474609375,0.005930184661100313,-195.56073251366615,34.56553312062495,1.6933958768844604,,
1808000,1702.5636789798737,-188.4805006980896,32.854617213650506,-0.008886343065028335,6.803811836242676,0.8028588950634002,0.011199705000035465,-195.56073251366615,34.56553312062495,1.6282291889190674,,
1812000,1706.153783082962,-192.42534947395325,28.22841247255439,-0.0062140031744105425,8.088424444198608,0.8703885018825531,0.009283835819223896,-195.56073251366615,34.56553312062495,1.4896875381469727,,
1816000,1709.6792623996735,-195.92769169807434,33.98996393173412,-0.005679652332017815,10.172630310058594,0.8348315358161926,0.0036646471710215954,-195.56073251366615,34.56553312062495,1.5093958616256713,,
1820000,1713.3027791976929,-193.6740207672119,32.509694268138134,-0.006947801464082049,10.326288318634033,0.8390213251113892,0.007522503932443314,-195.56073251366615,34.56553312062495,1.5991042017936707,,
1824000,1716.8950505256653,-196.52197980880737,38.92966112646468,-0.004666898276773246,10.517493152618409,0.8088531792163849,0.004137772636022418,-195.56073251366615,34.56553312062495,1.5446875452995301,,
1828000,1720.3947913646698,-193.8247196674347,33.888829172343854,-0.0069211952942421105,7.607840061187744,0.7825798571109772,0.008677555300528184,-195.56073251366615,34.56553312062495,1.5097083687782287,,
1832000,1723.9823207855225,-195.33480441570282,40.367203086314284,-0.005635688510257708,10.583052444458009,0.764548534154892,0.003948392369784415,-195.56073251366615,34.56553312062495,1.5023125410079956,,
1836000,1727.538434267044,-189.52747535705566,34.828987307257265,-0.006744602086332918,7.983972835540771,0.756505298614502,0.00568604618893005,-195.56073251366615,34.56553312062495,1.5471042156219483,,
1840000,1731.0987949371338,-189.44881308078766,32.97413578773693,-0.002659011298480074,6.314734840393067,0.7865510284900665,0.008930104598402978,-195.56073251366615,34.56553312062495,1.5431042075157166,,
1844000,1736.9447441101074,-193.02921199798584,30.45904914140634,-0.005623281177909512,9.109500837326049,0.7391010165214539,0.008388246595859527,-191.38985773921013,35.28666700679928,1.441645860671997,,
1848000,1740.4675934314728,-192.4162641763687,32.63145869004118,-0.0044862747429870176,10.022306442260742,0.7158935248851777,0.004862475888997642,-191.38985773921013,35.28666700679928,1.5053750276565552,,
1852000,1744.0405578613281,-194.65737009048462,34.2318805792563,-0.002854890812110611,8.114398002624512,0.7460200846195221,0.00860701994970441,-191.38985773921013,35.28666700679928,1.5115000247955321,,
1856000,1747.6284210681915,-183.60193514823914,28.471466429328313,-0.004469753714899216,6.639897775650025,0.7522733211517334,0.00701832213671878,-191.38985773921013,35.28666700679928,1.551020860671997,,
1860000,1751.204262971878,-186.29287576675415,36.57521130661157,-0.005185705502672633,10.216998100280762,0.7262838065624238,0.007002935700584167,-191.38985773921013,35.28666700679928,1.6362292051315308,,
1864000,1754.776783466339,-199.02243447303772,38.07655650133022,-0.004642880176349173,8.99940128326416,0.737523365020752,0.005218410283327124,-191.38985773921013,35.28666700679928,1.5001042127609252,,
1868000,1758.3680708408356,-192.52296423912048,33.126886325765305,-0.005007748662494116,7.347045230865478,0.7653363466262817,0.0036363656561588797,-191.38985773921013,35.28666700679928,1.5308542132377625,,
1872000,1761.9378652572632,-193.7542588710785,30.11922760131603,-0.004481936150540733,12.09845323562622,0.7684414505958557,0.004861087478386894,-191.38985773921013,35.28666700679928,1.5050208687782287,,
1876000,1765.4393377304077,-191.7258118391037,35.427307944038034,-0.0048799273706972455,7.536922216415405,0.7527738213539124,0.006170826335437596,-191.38985773921013,35.28666700679928,1.6198333740234374,,
1880000,1768.9940581321716,-188.09533500671387,33.11885922293354,-0.005242391692164045,7.53541316986084,0.7635020554065705,0.004719291927137714,-191.38985773921013,35.28666700679928,1.53450003862381,,
1884000,1774.8638546466827,-195.24624705314636,29.876460722204307,-0.00498260240831101,8.197357988357544,0.7646884262561798,0.005512019505646701,-209.6092978566885,42.831745823617716,1.601437544822693,,
1888000,1778.4513666629791,-194.05214262008667,31.344574053827564,-0.003945627104956629,7.74329137802124,0.7381788313388824,0.003372328673955138,-209.6092978566885,42.831745823617716,1.5746042251586914,,
1892000,1782.0565271377563,-196.75606775283813,30.89263767803722,-0.006469088041533943,7.334009408950806,0.8097010493278504,0.00963279652642086,-209.6092978566885,42.831745823617716,1.6288333654403686,,
1896000,1785.68337225914,-190.20170331001282,31.742164377699503,-0.007156585957389328,6.44002890586853,0.7840029001235962,0.006308663681421134,-209.6092978566885,42.831745823617716,1.6733750224113464,,
1900000,1788.93594455719,-198.02444505691528,34.65704198882209,-0.006525284332533765,7.635027122497559,0.7960781812667846,0.009148540976457297,-209.6092978566885,42.831745823617716,1.5737292051315308,,
1904000,1791.9757027626038,-196.3257532119751,39.796111542668555,-0.004016944924563504,6.826584339141846,0.820844155550003,0.014991162926889956,-209.6092978566885,42.831745823617716,1.5730416893959045,,
1908000,1795.0530693531036,-191.73090851306915,27.93000432653953,-0.007298354289804898,6.1360755443573,0.7854683637619019,0.013448541681282223,-209.6092978566885,42.831745823617716,1.6176250457763672,,
1912000,1798.10000538826,-199.5722906589508,32.963135585093205,-0.004749708257615737,7.8379570007324215,0.7935679495334625,0.0040662598451599585,-209.6092978566885,42.831745823617716,1.655250036716461,,
1916000,1801.1488237380981,-190.77034497261047,39.4784423760896,-0.004077158842390993,10.420010375976563,0.8046832084655762,0.007018273696303368,-209.6092978566885,42.831745823617716,1.5649167060852052,,
1920000,1804.1921553611755,-193.49741208553314,34.175952850111855,-0.006091857668788237,8.553515768051147,0.7986484169960022,0.007662349966510007,-209.6092978566885,42.831745823617716,1.529062533378601,,
1924000,1810.0010550022125,-186.95773231983185,28.662854236484925,-0.008405744192656073,8.69767894744873,0.827969777584076,0.013164374907501043,-196.7274965941906,33.902241796976284,1.6687708616256713,,
1928000,1813.5929338932037,-190.06239461898804,31.38913438193278,-0.007263800952117805,7.737300205230713,0.7799746572971344,0.012784420838579535,-196.7274965941906,33.902241796976284,1.7505625367164612,,
1932000,1817.17972946167,-191.37868416309357,34.17869930387475,-0.0079687277575335,8.48499960899353,0.7923189580440522,0.008239749200797331,-196.7274965941906,33.902241796976284,1.7173333644866944,,
1936000,1820.7747929096222,-182.35135054588318,32.04884664960536,-0.005482478124555179,7.1165008544921875,0.8087307751178742,0.0052468141269249365,-196.7274965941906,33.902241796976284,1.6769791960716247,,
1940000,1824.3171219825745,-188.3112075328827,32.90139103429425,-0.0068324964688313726,6.854830551147461,0.8548680663108825,0.005662639295042027,-196.7274965941906,33.902241796976284,1.5615625143051148,,
1944000,1827.8861484527588,-190.9334433078766,34.3342302806355,-0.006498082786332837,8.69276828765869,0.8488539159297943,0.013067868446931285,-196.7274965941906,33.902241796976284,1.630833375453949,,
1948000,1831.4991488456726,-188.00623273849487,33.23992734337843,-0.0055378344554919854,8.543956851959228,0.8644024312496186,0.016449615616351564,-196.7274965941906,33.902241796976284,1.5874791979789733,,
1952000,1835.1093316078186,-197.1509177684784,36.556994297341355,-0.00471327031978106,7.7355976581573485,0.8610330045223236,0.009995944006368518,-196.7274965941906,33.902241796976284,1.5213125348091125,,
1956000,1838.698341369629,-185.84860682487488,26.65770665221001,-0.005656765408037856,7.704600477218628,0.8140855133533478,0.007396989679740074,-196.7274965941906,33.902241796976284,1.5727916955947876,,
1960000,1842.28732919693,-196.632390499115,32.37919797330999,-0.005720172591352224,8.903280210494994,0.8151228129863739,0.008512846869416535,-196.7274965941906,33.902241796976284,1.5818958640098573,,
1964000,1848.1353452205658,-189.4892339706421,34.489773262609944,-0.004173319158454624,7.805346870422364,0.8228812515735626,0.008881360247886504,-196.516019821167,29.074964496926178,1.596500027179718,,
1968000,1851.7239334583282,-185.2318160533905,27.1996360657686,-0.005943224438311035,7.821331596374511,0.8184266448020935,0.008056492766908719,-196.516019821167,29.074964496926178,1.4757916927337646,,
1972000,1855.3161208629608,-186.0731018781662,33.8279184560338,-0.006128366830991538,7.219638395309448,0.7911081910133362,0.005722568952478468,-196.516019821167,29.074964496926178,1.5254375457763671,,
1976000,1858.9078965187073,-194.6434781551361,27.854427351660533,-0.007637897982262132,5.0637046813964846,0.8116909563541412,0.008179033688890502,-196.516019821167,29.074964496926178,1.5762917160987855,,
1980000,1862.4900686740875,-190.63292360305786,35.23855468823718,-0.008267813853298556,7.242997407913208,0.7900125026702881,0.0074810642216665,-196.516019821167,29.074964496926178,1.5550000429153443,,
1984000,1866.0719492435455,-182.62315714359283,39.228321286935675,-0.006007695257198087,11.833030509948731,0.814245194196701,0.005583886564010853,-196.516019821167,29.074964496926178,1.5579791903495788,,
1988000,1869.6364648342133,-192.50020575523376,31.51053159428859,-0.0048457644210817994,14.04747953414917,0.8302402257919311,0.008978471904993058,-196.516019821167,29.074964496926178,1.6767708778381347,,
1992000,1873.2340686321259,-192.73324525356293,32.433403271160635,-0.009928107178614809,7.817943286895752,0.8061847805976867,0.01391347855096683,-196.516019821167,29.074964496926178,1.5380000472068787,,
1996000,1876.883623123169,-182.9935427904129,32.084376842947115,-0.009087979911516131,6.243515920639038,0.822235769033432,0.011316894254026443,-196.516019821167,29.074964496926178,1.613520884513855,,
2000000,1880.4709396362305,-199.39569187164307,37.116198763210875,-0.0076880582241186214,8.785111474990845,0.7726238906383515,0.004507640304819915,-196.516019821167,29.074964496926178,1.5609375357627868,,
