global_step,wall_time_s,ep_return_mean,ep_return_std,policy_loss,value_loss,entropy,approx_kl,eval_return_mean,eval_return_std,mean_k,attn_entropy,lagrange_lambda
4000,3.411829948425293,-224.54581999778748,47.79738011858379,-0.000602867956374098,206.9124954223633,1.6034839510917664,8.66412930821181e-05,,,,1.5889971375465393,
8000,6.13762903213501,-224.1278235912323,46.895286272151154,-0.00040188718801315026,181.18154907226562,1.5931161999702455,1.1771495428547496e-05,,,,1.583820116519928,
12000,8.835011959075928,-225.09466743469238,46.34755897343235,-0.0007860009836441861,161.03308868408203,1.5870880842208863,0.00024925763145802195,,,,1.587042784690857,
16000,11.55100393295288,-216.65328645706177,41.38863946848031,-0.00029514355221884616,104.19648513793945,1.5747831106185912,5.4637594448792016e-11,,,,1.5951523900032043,
20000,14.310113430023193,-204.39258098602295,33.49622267037973,-0.0009224351315497259,62.40510368347168,1.5670684099197387,0.0002497033985649377,,,,1.5939740538597107,
24000,17.178045511245728,-222.0835201740265,47.34038815456336,-0.0016213592077837901,98.87081527709961,1.5443898797035218,0.00024645691463956595,,,,1.5918874382972716,
28000,20.064289331436157,-219.04184436798096,32.313817157757576,-0.0016494762250998329,74.20798797607422,1.5320244073867797,0.0008762596226006281,,,,1.596693742275238,
32000,22.91469168663025,-199.58266377449036,29.699174816718923,-0.0011979364094537813,61.63206253051758,1.5618014216423035,0.00017454425676260155,,,,1.5974882960319519,
36000,25.792221307754517,-221.3758487701416,46.934532146497155,-0.0005575113674409881,95.85497283935547,1.567690658569336,0.00011760671667191968,,,,1.5929136633872987,
40000,28.651307821273804,-225.81247973442078,48.96994610083575,-0.0005417422805738426,89.50633010864257,1.5672763347625733,0.0005410885257976283,,,,1.5891213178634644,
44000,32.79679036140442,-222.34208369255066,45.83941993869882,-0.000769159988267365,88.73162460327148,1.5623001217842103,0.000153281867824262,-260.3145389556885,58.613814901090144,,1.5906529188156129,
48000,35.681915521621704,-217.02748203277588,34.08224107523445,-0.0012597299638594794,62.37914695739746,1.522413468360901,0.0006474370285383581,-260.3145389556885,58.613814901090144,,1.5946490526199342,
52000,38.57271432876587,-214.08115935325623,37.30783026678094,-0.0003312056366703509,71.92498397827148,1.510441744327545,0.0,-260.3145389556885,58.613814901090144,,1.5962482690811157,
56000,41.48424053192139,-228.78559708595276,45.928198504946295,-0.0007061285416662955,57.408287048339844,1.5001626133918762,0.0001660194496253098,-260.3145389556885,58.613814901090144,,1.5900890231132507,
60000,44.356802225112915,-237.62456727027893,52.1520763108425,-0.0014097539044839458,54.20338325500488,1.5095132827758788,0.0004989308315707597,-260.3145389556885,58.613814901090144,,1.5891464352607727,
64000,47.22552943229675,-245.00642609596252,40.72513977986833,-0.0007678563100780522,49.18288040161133,1.4767700672149657,0.0007203910708388633,-260.3145389556885,58.613814901090144,,1.5814483165740967,
68000,50.10124945640564,-235.08978462219238,44.75392059689308,-0.0007812084552957898,60.93415298461914,1.4717119932174683,0.0004818863303516996,-260.3145389556885,58.613814901090144,,1.5919768929481506,
72000,52.985631227493286,-232.89268445968628,40.61791965479794,-0.0017385009092200753,29.843378829956055,1.447915744781494,0.0014411121808734606,-260.3145389556885,58.613814901090144,,1.5935686469078063,
76000,55.84857177734375,-243.48427534103394,43.073049226202706,-0.0009680643303678682,45.500981140136716,1.4306309700012207,0.0005250000884843758,-260.3145389556885,58.613814901090144,,1.5862948894500732,
80000,58.740878105163574,-231.20849537849426,46.995563884276194,-0.0013603546807522625,44.79119682312012,1.4461548686027528,0.0009455450105500419,-260.3145389556885,58.613814901090144,,1.5901226162910462,
84000,62.82644772529602,-255.93823313713074,55.78973948316073,-0.001378066856976723,46.65173530578613,1.4291542291641235,0.0010739817564171972,-287.171646758914,77.71811929529342,,1.5875116467475892,
88000,65.69714379310608,-235.1820273399353,49.995466828994275,-0.002271774704684493,38.934987449645995,1.3874035120010375,0.001467864344109937,-287.171646758914,77.71811929529342,,1.581032109260559,
92000,68.54634499549866,-222.9497673511505,33.19835952547385,-0.0015519413946118554,32.29240207672119,1.3939300060272217,0.0007687311541231034,-287.171646758914,77.71811929529342,,1.5860588312149049,
96000,71.40935778617859,-229.71165537834167,43.7262608377842,-0.0025719186415856577,32.73468704223633,1.3432539224624633,0.001402211059757974,-287.171646758914,77.71811929529342,,1.569515347480774,
100000,74.26971745491028,-240.79281210899353,52.574548430690186,-0.0017964025095667858,47.390730667114255,1.3312196016311646,0.0011254539261184027,-287.171646758914,77.71811929529342,,1.5532644987106323,
104000,77.07816982269287,-234.7168164253235,49.74876685537566,-0.002995115239522406,38.325062370300294,1.383395218849182,0.002429305464359155,-287.171646758914,77.71811929529342,,1.543855404853821,
108000,79.93906998634338,-234.3987112045288,49.23922893757248,-0.002306325376809881,38.833612251281735,1.4358252048492433,0.0026650563784642147,-287.171646758914,77.71811929529342,,1.5663122415542603,
112000,82.81641101837158,-205.89324522018433,43.589545545686136,-0.0014871573281476814,43.964504623413085,1.4416707158088684,0.0021608856706880064,-287.171646758914,77.71811929529342,,1.5715511083602904,
116000,85.6611762046814,-214.00020003318787,41.80080186538522,-0.001824841966583346,31.464726448059082,1.4097268104553222,0.0020558558287157246,-287.171646758914,77.71811929529342,,1.4908734440803528,
120000,88.54775762557983,-213.4742796421051,35.20794210114173,-0.002017585479878692,42.315513610839844,1.3953796744346618,0.001494956936609615,-287.171646758914,77.71811929529342,,1.5272281885147094,
124000,92.60958075523376,-217.38743257522583,38.64033545256049,-0.003385890853746476,32.28592319488526,1.417110550403595,0.003336547245271504,-228.51944622397423,38.924490671491604,,1.4970904469490052,
128000,95.46594476699829,-214.50707292556763,33.16053013303887,-0.0032626317500835,34.29351234436035,1.4006720542907716,0.002344575267003779,-228.51944622397423,38.924490671491604,,1.462498939037323,
132000,98.33509373664856,-215.78773641586304,37.8102027470891,-0.0034991008126914027,37.76956081390381,1.3435742378234863,0.0032946670277354652,-228.51944622397423,38.924490671491604,,1.4484598994255067,
136000,101.1476891040802,-228.29859924316406,35.124202152413126,-0.002208300999016544,28.869250297546387,1.3002893924713135,0.002650083663291314,-228.51944622397423,38.924490671491604,,1.375973391532898,
140000,103.87105464935303,-226.15754890441895,37.684102036336114,-0.0032850166985687324,24.33216724395752,1.277522087097168,0.0018851239336654558,-228.51944622397423,38.924490671491604,,1.3687823414802551,
144000,106.62119436264038,-217.27157306671143,34.9648308459414,-0.0034645914947032176,25.401497459411623,1.2485672116279602,0.001248361290708999,-228.51944622397423,38.924490671491604,,1.342054796218872,
148000,109.3948724269867,-215.29323935508728,34.751651225153424,-0.0042712818269889045,22.11772518157959,1.2116365313529969,0.002032080165372463,-228.51944622397423,38.924490671491604,,1.3720553398132325,
152000,112.33368349075317,-215.0241105556488,35.0418164938632,-0.003586460446298556,21.335857963562013,1.2087977647781372,0.0026615688127931136,-228.51944622397423,38.924490671491604,,1.3660971641540527,
156000,115.19973230361938,-215.39239764213562,37.72138429105952,-0.003786907270085038,23.057415199279784,1.1931270837783814,0.004077380427042953,-228.51944622397423,38.924490671491604,,1.2608916282653808,
160000,118.06440448760986,-219.43218231201172,35.23496653101862,-0.004731799617370846,16.884740352630615,1.1487902641296386,0.0019317153317388147,-228.51944622397423,38.924490671491604,,1.2103108525276185,
164000,122.15647554397583,-213.46364736557007,38.915671695737366,-0.004817019910939679,19.246100902557373,1.140929901599884,0.005131624166698501,-221.19238410890102,34.45914293480703,,1.237564492225647,
168000,125.03980898857117,-214.6164834499359,34.59034590203815,-0.004388780344122356,14.24540548324585,1.1064451694488526,0.005091035810376829,-221.19238410890102,34.45914293480703,,1.1377954483032227,
172000,127.92770791053772,-218.00765657424927,37.12507443083431,-0.003832735141389998,17.373158836364745,1.0715827941894531,0.0015052905406531258,-221.19238410890102,34.45914293480703,,1.1718126773834228,
176000,130.8210129737854,-218.23044800758362,34.60348078482653,-0.004326789227275363,14.456991958618165,1.0795133471488954,0.0026974606662406586,-221.19238410890102,34.45914293480703,,1.1469436526298522,
180000,133.6862382888794,-224.80972599983215,38.084743038423426,-0.004501722727436564,16.795913982391358,1.1288094997406006,0.004054233888018644,-221.19238410890102,34.45914293480703,,1.1686954498291016,
184000,136.55591917037964,-219.69578218460083,32.7749761391642,-0.002635167859223042,15.1980375289917,1.1345975875854493,0.001377589064625985,-221.19238410890102,34.45914293480703,,1.1275983333587647,
188000,139.4080867767334,-218.034686088562,39.173712389550886,-0.005471668450161804,18.822669506072998,1.084082269668579,0.0030048863867705223,-221.19238410890102,34.45914293480703,,1.10795658826828,
192000,142.28179383277893,-215.7558195590973,32.10846495728964,-0.0036131945497278827,13.871777248382568,1.0876294493675231,0.0012460343888506032,-221.19238410890102,34.45914293480703,,1.1138776898384095,
196000,145.13934230804443,-218.4953157901764,35.86936950884751,-0.0040263305970777985,14.709240341186524,1.0785331010818482,0.0038152196342707612,-221.19238410890102,34.45914293480703,,1.1416205167770386,
200000,147.97541093826294,-220.86745357513428,35.91327651989106,-0.003769106552470447,16.737891483306885,1.0818574666976928,0.004143233320365347,-221.19238410890102,34.45914293480703,,1.1564158082008362,
204000,152.02991199493408,-223.6835072040558,37.351736448616116,-0.00366965768083658,14.548143482208252,1.0652201533317567,0.0024517040787031875,-229.0790918469429,32.52657457662526,,1.0553622126579285,
208000,154.75807189941406,-223.72801852226257,40.90517512335194,-0.0032122688803744915,18.276225280761718,1.0690570950508118,0.002915857035977143,-229.0790918469429,32.52657457662526,,1.1083235502243043,
212000,157.56801009178162,-221.86390376091003,45.92845355474242,-0.003848514920828183,14.205765724182129,1.0571887731552123,0.003078195808086703,-229.0790918469429,32.52657457662526,,1.1173163175582885,
216000,160.4135856628418,-225.7647204399109,39.648203332860746,-0.004743221042444912,18.0285231590271,1.0519389629364013,0.0015526119985782572,-229.0790918469429,32.52657457662526,,1.069951868057251,
220000,163.26457834243774,-223.40748000144958,37.37919001654059,-0.004393559716486628,16.867446422576904,1.0654637217521667,0.005729668533235477,-229.0790918469429,32.52657457662526,,1.0420937299728394,
224000,166.13052797317505,-210.3103368282318,35.75646569549467,-0.0036026523458616176,19.15378408432007,1.039211905002594,0.005170885164989159,-229.0790918469429,32.52657457662526,,1.0998478055000305,
228000,169.00237107276917,-213.68155717849731,44.61085002636518,-0.004502311674742199,17.88572826385498,1.0557477951049805,0.005038779502501711,-229.0790918469429,32.52657457662526,,1.1268808245658875,
232000,171.77004146575928,-214.61094069480896,33.64551465975983,-0.004147393095695095,14.363340663909913,0.9950998783111572,0.0039026570244459434,-229.0790918469429,32.52657457662526,,1.1106215357780456,
236000,174.48882174491882,-210.71219754219055,37.144634605499526,-0.003802441203578688,18.109661769866943,1.025451934337616,0.00425422285908521,-229.0790918469429,32.52657457662526,,1.090653669834137,
240000,177.19560551643372,-216.74720215797424,40.722241941396064,-0.004029189939998723,17.258552265167236,0.9592058718204498,0.0028212998098751997,-229.0790918469429,32.52657457662526,,1.1107861042022704,
244000,181.07897424697876,-211.19408226013184,36.654170210093795,-0.003907953992097956,14.863645076751709,0.933669513463974,0.004016137932194397,-230.19205981492996,52.271362894380225,,1.0191641330718995,
248000,183.78945541381836,-219.66894364356995,34.129968935167255,-0.005004204180634808,12.813700771331787,0.9219831109046936,0.002274230995661752,-230.19205981492996,52.271362894380225,,0.9930670082569122,
252000,186.58271622657776,-225.1914987564087,37.613085482035316,-0.004028527677136839,17.01080141067505,0.844183599948883,0.005149277881719172,-230.19205981492996,52.271362894380225,,1.0476210832595825,
256000,189.4426600933075,-223.24996638298035,35.99575514455485,-0.0018576721956487852,24.71813259124756,0.871305912733078,0.0020675146474483873,-230.19205981492996,52.271362894380225,,1.0298216462135314,
260000,192.30449295043945,-215.1736592054367,43.674317495977675,-0.004926290230592656,18.495020961761476,0.8956400513648987,0.00224864246325645,-230.19205981492996,52.271362894380225,,1.011507022380829,
264000,195.225031375885,-223.75963521003723,36.95062475615125,-0.0019787644931736014,16.25749111175537,0.8420866966247559,0.0017311403702478857,-230.19205981492996,52.271362894380225,,1.0336554050445557,
268000,198.1126730442047,-221.92781019210815,38.331568281162006,-0.00366607114583406,18.348337650299072,0.8961298763751984,0.0034330667556690454,-230.19205981492996,52.271362894380225,,0.9866718530654908,
272000,200.9932403564453,-219.25715613365173,34.373387501725915,-0.003965414330673589,13.973594856262206,0.9052585661411285,0.0070882403990253804,-230.19205981492996,52.271362894380225,,0.9687999963760376,
276000,203.8641538619995,-217.0755226612091,38.48916113556699,-0.004931171382622157,14.366469478607177,0.9855355978012085,0.002880053996341303,-230.19205981492996,52.271362894380225,,1.009767484664917,
280000,206.7387340068817,-220.56771159172058,37.40916327229405,-0.004854899142868874,16.28192529678345,0.9744674146175385,0.005962139522307552,-230.19205981492996,52.271362894380225,,1.0297485709190368,
284000,210.7754168510437,-209.21221101284027,37.349412743754606,-0.003670621143382391,13.92148494720459,0.9520210266113281,0.0022560102736655097,-229.1945914030075,41.67869836216794,,0.9356033682823182,
288000,213.6398401260376,-223.09969413280487,40.718855248249525,-0.004565323682424261,15.450941944122315,0.9876624584197998,0.004215874918736517,-229.1945914030075,41.67869836216794,,0.898122102022171,
292000,216.4983687400818,-213.19112694263458,36.090291661990676,-0.003270773223058043,18.709622955322267,0.9667642712593079,0.003430902619841314,-229.1945914030075,41.67869836216794,,1.0097101926803589,
296000,219.36177897453308,-218.9589717388153,37.4269850974398,-0.00628937709579862,17.097754383087157,0.9307536780834198,0.007832324161427096,-229.1945914030075,41.67869836216794,,0.9980333268642425,
300000,222.20309019088745,-220.97552227973938,39.278576382193215,-0.003176964052991632,17.04769802093506,0.8947134852409363,0.003907057513347056,-229.1945914030075,41.67869836216794,,0.9337665438652039,
304000,224.9786171913147,-218.34987258911133,35.310921219851,-0.003044462923814173,19.77139730453491,0.869555538892746,0.0033533390651767415,-229.1945914030075,41.67869836216794,,0.881310886144638,
308000,227.71354746818542,-213.43886244297028,40.74140310881888,-0.0037241114932112574,14.580982303619384,0.7664659678936004,0.0039825700543588026,-229.1945914030075,41.67869836216794,,0.863351571559906,
312000,230.42726969718933,-217.5401303768158,40.75853304463469,-0.004535213653463899,23.396149253845216,0.8030450582504273,0.005444524122867733,-229.1945914030075,41.67869836216794,,0.8492797970771789,
316000,233.13660621643066,-212.8857262134552,37.68891691928813,-0.004235645470907911,16.788743877410887,0.8799060881137848,0.004281769628869369,-229.1945914030075,41.67869836216794,,0.9061302900314331,
320000,235.84835815429688,-212.7319188117981,33.976496716442085,-0.0033070625675220454,15.483309555053712,0.8289459824562073,0.0037030944325185276,-229.1945914030075,41.67869836216794,,0.956709235906601,
324000,239.7281322479248,-215.38481187820435,32.591458300849766,-0.004399189968127715,13.286258888244628,0.8855463922023773,0.0029445545131650875,-226.82621556520462,38.466386814897575,,0.9528908431529999,
328000,242.53077220916748,-210.474280834198,37.09488255982273,-0.0029238626653872225,23.310682487487792,0.8742345988750457,0.0014389813994057476,-226.82621556520462,38.466386814897575,,0.9563054442405701,
332000,245.38452672958374,-217.44716453552246,43.6955014371379,-0.004593973214738156,12.898530673980712,0.869157361984253,0.002475920063625381,-226.82621556520462,38.466386814897575,,0.9682501018047333,
336000,248.27348923683167,-221.03144228458405,37.28303581612852,-0.003811846928282936,19.5487717628479,0.9024237871170044,0.005374628177378327,-226.82621556520462,38.466386814897575,,1.024317443370819,
340000,251.1863431930542,-219.81586933135986,34.50621669032524,-0.004289965819722652,15.756692218780518,0.9459756553173065,0.003664970858915084,-226.82621556520462,38.466386814897575,,0.9684386610984802,
344000,254.0748589038849,-208.9483368396759,37.85598589826382,-0.004601573668032266,13.55993938446045,0.9597248733043671,0.0039809416732168755,-226.82621556520462,38.466386814897575,,0.9561936676502227,
348000,256.955632686615,-209.5235607624054,37.714123921920574,-0.003822822564785966,11.803978538513183,0.951341450214386,0.0012627308926312253,-226.82621556520462,38.466386814897575,,1.025355052947998,
352000,259.82272696495056,-215.49519181251526,35.98483730773782,-0.00422393529582763,18.054938983917236,0.8880589246749878,0.004207298169785645,-226.82621556520462,38.466386814897575,,0.9768285095691681,
356000,262.6892855167389,-209.42991375923157,36.7431297616804,-0.003343808269516302,11.05250654220581,0.914470660686493,0.002604667010018602,-226.82621556520462,38.466386814897575,,0.9254568994045258,
360000,265.57131934165955,-214.70072734355927,42.6061369910983,-0.004580716158884268,13.574854850769043,0.8956523060798645,0.001920923194848001,-226.82621556520462,38.466386814897575,,0.9154327571392059,
364000,269.621542930603,-211.01441931724548,34.898895000120476,-0.004403038521064451,15.242936706542968,0.8102237582206726,0.0037837566207939155,-216.5728853493929,40.07900415746277,,0.8935149431228637,
368000,272.4882266521454,-210.4800992012024,31.605210140790028,-0.003738725993471803,14.184994792938232,0.811605703830719,0.003594030471867882,-216.5728853493929,40.07900415746277,,0.8345983862876892,
372000,275.36098623275757,-212.82084321975708,31.09636845276872,-0.003652502578411543,10.183105564117431,0.7973951458930969,0.004680636918599124,-216.5728853493929,40.07900415746277,,0.8442122578620911,
376000,278.24114322662354,-209.7368860244751,35.706537789204745,-0.0034498544085071357,11.677608871459961,0.8481419742107391,0.0031325573101639746,-216.5728853493929,40.07900415746277,,0.8252929031848908,
380000,281.12015533447266,-220.87948346138,37.33933055572942,-0.004282313239062208,16.57188081741333,0.9063015758991242,0.0038344262777827874,-216.5728853493929,40.07900415746277,,0.83729128241539,
384000,283.97248244285583,-208.75449335575104,38.86551108974983,-0.0038692359233585714,14.700509071350098,0.8796410441398621,0.005171478501365856,-216.5728853493929,40.07900415746277,,0.9216843545436859,
388000,286.8334720134735,-207.14343404769897,38.590670647398134,-0.003998299915033065,15.74864902496338,0.8792560994625092,0.003871690283995122,-216.5728853493929,40.07900415746277,,0.9611107468605041,
392000,289.68155002593994,-211.435209274292,30.61620827794924,-0.006141399138141423,9.89987907409668,0.9035047590732574,0.00526821002131328,-216.5728853493929,40.07900415746277,,0.9085582613945007,
396000,292.54712295532227,-215.6405725479126,37.87112220001085,-0.004330634509368459,19.467395401000978,0.8274395585060119,0.0027153548056958244,-216.5728853493929,40.07900415746277,,0.9000060498714447,
400000,295.4275908470154,-205.10712432861328,41.22960272492837,-0.003475308430031876,17.630552101135255,0.8680497527122497,0.0034904778032796456,-216.5728853493929,40.07900415746277,,0.9441331207752228,
404000,299.45000863075256,-205.3523576259613,34.75685596907539,-0.006645582004915917,12.22486457824707,0.8393578112125397,0.006326086439134082,-209.7334239706397,35.808581374709945,,0.9992683410644532,
408000,302.302490234375,-209.72904992103577,37.18624686441954,-0.005104007716057702,13.297628498077392,0.8003788650035858,0.004551447821722831,-209.7334239706397,35.808581374709945,,0.9349517703056336,
412000,305.0904448032379,-219.69348883628845,38.79574813549326,-0.004770062464987746,15.790534019470215,0.782398110628128,0.005169831444994388,-209.7334239706397,35.808581374709945,,1.062388551235199,
416000,307.80274629592896,-215.6665816307068,41.17954913322658,-0.006125732025907693,9.90716619491577,0.7612343490123749,0.00687369301201155,-209.7334239706397,35.808581374709945,,1.0256866335868835,
420000,310.6175789833069,-211.15378713607788,38.52979931903685,-0.005470231044261364,10.757595348358155,0.6939553022384644,0.004861672296809694,-209.7334239706397,35.808581374709945,,1.045306670665741,
424000,313.5006637573242,-214.38720393180847,34.9116627229364,-0.0054244643598794886,18.49945812225342,0.75303795337677,0.007666980079840869,-209.7334239706397,35.808581374709945,,1.0830305337905883,
428000,316.35449266433716,-209.34808564186096,39.2716128866934,-0.004964177167974415,15.132035064697266,0.7648730278015137,0.007281224231701344,-209.7334239706397,35.808581374709945,,1.0741754412651061,
432000,319.2078981399536,-208.8185431957245,37.490268091728005,-0.003353769363990633,14.676784038543701,0.7862595319747925,0.0027837572664114684,-209.7334239706397,35.808581374709945,,1.011367642879486,
436000,321.8889305591583,-214.693701505661,32.68441631878713,-0.005819252259408436,13.657371234893798,0.8092341005802155,0.005441506765550002,-209.7334239706397,35.808581374709945,,1.0135947227478028,
440000,324.59034729003906,-208.26447415351868,36.51701747628269,-0.0045127211848739355,16.955227756500243,0.8558098316192627,0.0017531094520260027,-209.7334239706397,35.808581374709945,,1.0465797543525697,
444000,328.7035126686096,-197.31079149246216,30.750631495148706,-0.004973815089790179,13.632926654815673,0.8261294364929199,0.0035128143688780257,-204.27143561840057,40.22494054706115,,0.9639229238033294,
448000,331.5743839740753,-210.58823037147522,39.92626799992538,-0.006437572767958066,12.973000621795654,0.8814723014831543,0.006464728461112829,-204.27143561840057,40.22494054706115,,0.9529934406280518,
452000,334.32618856430054,-214.36122369766235,35.218852233720405,-0.003862263762004048,12.08232135772705,0.8239032983779907,0.002909104495774961,-204.27143561840057,40.22494054706115,,0.8725610733032226,
456000,337.020081281662,-208.5651650428772,36.346987697866375,-0.0035408657406612145,12.845059013366699,0.7421858608722687,0.002700742319575511,-204.27143561840057,40.22494054706115,,0.8389977514743805,
460000,339.7566945552826,-209.6835653781891,34.74346166326143,-0.0040922223572464,13.61494026184082,0.8142292976379395,0.0037805223822942936,-204.27143561840057,40.22494054706115,,0.8742317259311676,
464000,342.5339298248291,-208.15576672554016,35.95801080373701,-0.005024374292076872,12.43290433883667,0.8097041726112366,0.004291787254546464,-204.27143561840057,40.22494054706115,,0.9266983270645142,
468000,345.40622115135193,-198.63180828094482,33.982399481651385,-0.004633951410418291,14.46462345123291,0.8136048495769501,0.0037611131541780197,-204.27143561840057,40.22494054706115,,0.9096281409263611,
472000,348.2757589817047,-207.03954339027405,37.74583825711861,-0.0044781828272001615,11.379812049865723,0.8112058401107788,0.0026621046237220725,-204.27143561840057,40.22494054706115,,0.8593957245349884,
476000,351.1281945705414,-209.88416624069214,39.07541205487312,-0.0039066276919717865,14.464941692352294,0.7797046959400177,0.002896450666186867,-204.27143561840057,40.22494054706115,,0.9090930402278901,
480000,353.97711396217346,-198.69926190376282,31.266045260870772,-0.004666311943903522,9.625909519195556,0.7971208155155182,0.0067071925952720155,-204.27143561840057,40.22494054706115,,0.8326554000377655,
484000,358.1129388809204,-206.51620268821716,34.681964845028496,-0.004478025666748486,11.23978271484375,0.8276886224746705,0.003966436459372447,-207.354955509305,50.60090711513704,,0.8718320846557617,
488000,360.97347927093506,-197.10880756378174,31.205663075689223,-0.0041479990000370835,11.105713367462158,0.8551621377468109,0.00521592884324491,-207.354955509305,50.60090711513704,,0.8663652539253235,
492000,363.8294897079468,-208.55791473388672,35.76370940372384,-0.005628206653675694,8.843301820755006,0.8275487124919891,0.004619440549363696,-207.354955509305,50.60090711513704,,0.8166236937046051,
496000,366.6962833404541,-202.67274045944214,33.42076879294338,-0.0037409212152318626,10.624918889999389,0.7955420672893524,0.003984402352944017,-207.354955509305,50.60090711513704,,0.7730682909488678,
500000,369.58161759376526,-198.15537548065186,33.554290598398126,-0.004967716052196991,8.618918514251709,0.8362155318260193,0.0036839396387028157,-207.354955509305,50.60090711513704,,0.7645622849464416,
504000,372.4531066417694,-209.0538878440857,31.201307780100677,-0.0043541487051018905,12.136874961853028,0.8159499228000641,0.00232894247029134,-207.354955509305,50.60090711513704,,0.8174780309200287,
508000,375.2768061161041,-201.18658459186554,36.3221812093138,-0.003069153579766848,11.052259063720703,0.8222516477108002,0.005597610227414407,-207.354955509305,50.60090711513704,,0.7798587739467621,
512000,377.95927238464355,-214.41756129264832,33.76717535379252,-0.005046769562332543,10.143679475784301,0.8123604893684387,0.005133805057266727,-207.354955509305,50.60090711513704,,0.8035212516784668,
516000,380.7712736129761,-206.09483408927917,34.048070209635455,-0.003919949625890396,14.469893836975098,0.8683141887187957,0.0023170390035375022,-207.354955509305,50.60090711513704,,0.776428735256195,
520000,383.616628408432,-207.60393810272217,31.330795940757,-0.0036601266508611728,8.951970767974853,0.8318195283412934,0.0030032919603399932,-207.354955509305,50.60090711513704,,0.8336582183837891,
524000,387.7410159111023,-203.48117566108704,34.85092973689649,-0.0044392558157366315,8.667716646194458,0.829400897026062,0.0047950619113010795,-206.49721509218216,40.73752902471245,,0.8723780512809753,
528000,390.61850905418396,-210.70983695983887,31.650532462677365,-0.004114696853638922,10.135294723510743,0.8225336790084838,0.004669235745677724,-206.49721509218216,40.73752902471245,,0.831541109085083,
532000,393.4858775138855,-215.756254196167,42.40906545399501,-0.0043108425017757135,13.431433486938477,0.8225907683372498,0.004668018769007176,-206.49721509218216,40.73752902471245,,0.8484356522560119,
536000,396.34960317611694,-210.49479746818542,38.689874109831905,-0.004300125944428146,12.226054763793945,0.8022975564002991,0.004101279261521995,-206.49721509218216,40.73752902471245,,0.8122901320457458,
540000,399.2323443889618,-211.93965911865234,35.3608964024766,-0.004374734298054461,12.87324161529541,0.8083308279514313,0.0061499990872107444,-206.49721509218216,40.73752902471245,,0.779391098022461,
544000,402.09836745262146,-207.30805110931396,30.39665307538256,-0.005357422214001417,8.461059761047363,0.7790030598640442,0.006343092949828133,-206.49721509218216,40.73752902471245,,0.764133870601654,
548000,404.97066140174866,-202.2934603691101,36.39732149855979,-0.0035553064160825042,13.358283519744873,0.8395630955696106,0.0030933357848359046,-206.49721509218216,40.73752902471245,,0.6992936551570892,
552000,407.84269523620605,-193.01738262176514,35.51065174728943,-0.005272132603606839,11.178442287445069,0.8024550378322601,0.005253855074833458,-206.49721509218216,40.73752902471245,,0.770985347032547,
556000,410.75290608406067,-202.99353063106537,31.93089942295731,-0.006442898025581023,6.0223418235778805,0.7881826519966125,0.003912288006938392,-206.49721509218216,40.73752902471245,,0.7583213746547699,
560000,413.63972520828247,-210.14727592468262,36.76720897858221,-0.005831500679720136,11.11373815536499,0.6959263563156128,0.003672984540831159,-206.49721509218216,40.73752902471245,,0.6472904443740845,
564000,417.74218797683716,-207.55147504806519,36.54405227579845,-0.0028947196963903465,12.920659923553467,0.7657229363918304,0.0024956012025941165,-200.86043460667133,37.97661443634107,,0.6662560164928436,
568000,420.659245967865,-202.6467010974884,37.876451208227465,-0.004088617968528219,15.222285938262939,0.8140441536903381,0.005046968464739621,-200.86043460667133,37.97661443634107,,0.5790237367153168,
572000,423.56023478507996,-202.37490892410278,35.50937384980202,-0.004477037417547158,10.498849582672118,0.7775457859039306,0.0024899452287403035,-200.86043460667133,37.97661443634107,,0.7095583736896515,
576000,426.43007230758667,-197.97054171562195,35.81103662783783,-0.004222817686075964,12.557074165344238,0.772312980890274,0.0040734828799031675,-200.86043460667133,37.97661443634107,,0.6340500891208649,
580000,429.2907898426056,-202.35915410518646,40.4653409089867,-0.0047402415139756295,10.713279247283936,0.8252139270305634,0.006253069307422266,-200.86043460667133,37.97661443634107,,0.6872610747814178,
584000,432.18421030044556,-205.3208043575287,36.63650002906711,-0.006358529360188836,8.390083980560302,0.8310275912284851,0.0044055219157598914,-200.86043460667133,37.97661443634107,,0.7092820465564728,
588000,435.10965275764465,-197.29947996139526,35.61629806985757,-0.005634853311115862,8.208840703964233,0.7857376337051392,0.0047101942473091185,-200.86043460667133,37.97661443634107,,0.6944351136684418,
592000,437.9726917743683,-199.18859612941742,47.40764635792096,-0.0030549077240090484,16.134799575805665,0.7660861074924469,0.0036166660371236502,-200.86043460667133,37.97661443634107,,0.6802141666412354,
596000,440.9008836746216,-198.7142288684845,37.90903756813294,-0.006971629435041216,7.974021244049072,0.783232969045639,0.0022003040934578167,-200.86043460667133,37.97661443634107,,0.7068333983421325,
600000,443.76995873451233,-205.494056224823,36.504584174684894,-0.006146212281504049,8.380101633071899,0.7804740607738495,0.003078597485863921,-200.86043460667133,37.97661443634107,,0.6949630498886108,
604000,447.8672556877136,-203.97738468647003,37.36704958442044,-0.004784345744022489,12.492477512359619,0.8198333442211151,0.0025805932524235685,-200.13878533244133,37.97309142863538,,0.734018337726593,
608000,450.7988016605377,-194.95172536373138,45.544337091592844,-0.004334728230877438,13.493630313873291,0.802790355682373,0.003840244599268772,-200.13878533244133,37.97309142863538,,0.7332123696804047,
612000,453.70190262794495,-194.2979199886322,35.27760877667269,-0.005297169824053238,11.511244010925292,0.8316660702228547,0.0021964168263366446,-200.13878533244133,37.97309142863538,,0.721013867855072,
616000,456.5689527988434,-197.6037187576294,37.08205481298913,-0.0038839179384909882,9.885136556625366,0.8367357373237609,0.0022046717727789654,-200.13878533244133,37.97309142863538,,0.7146755576133728,
620000,459.41913056373596,-206.71171402931213,34.79847774645233,-0.0056236388057004484,12.118833827972413,0.8200153887271882,0.0036815655064528995,-200.13878533244133,37.97309142863538,,0.7459983944892883,
624000,462.34776759147644,-198.66048729419708,37.761578488232516,-0.0034367847913939543,13.37140769958496,0.8232012689113617,0.0031078179803444073,-200.13878533244133,37.97309142863538,,0.6990265250205994,
628000,465.2220079898834,-198.50982069969177,33.538613779059354,-0.005094929388258595,12.741325855255127,0.8297437071800232,0.005482465990120566,-200.13878533244133,37.97309142863538,,0.6340081036090851,
632000,468.09629678726196,-193.9866350889206,35.61050070211851,-0.005340779057703915,10.608052730560303,0.8348361670970916,0.005251072530518286,-200.13878533244133,37.97309142863538,,0.6855871140956878,
636000,471.0159137248993,-196.06788063049316,32.065929827564744,-0.0045330274946366765,10.528654479980469,0.8418825209140778,0.007169306511059403,-200.13878533244133,37.97309142863538,,0.7505204856395722,
640000,473.88241720199585,-196.1361471414566,37.17963166484614,-0.006107364817367155,9.201677560806274,0.8036026000976563,0.005060763063374907,-200.13878533244133,37.97309142863538,,0.7979519426822662,
644000,478.02265906333923,-199.7644237279892,32.8618689276166,-0.007355864326935269,8.545299816131593,0.8394475102424621,0.007429620990296826,-199.39639852941036,31.78327867930684,,0.7243516564369201,
648000,480.93555426597595,-198.29506134986877,35.91881789887509,-0.004533962941418146,9.492100524902344,0.7826165378093719,0.00178746784924686,-199.39639852941036,31.78327867930684,,0.7300169944763184,
652000,483.78201699256897,-197.89499258995056,36.433630632463945,-0.005744327027855123,8.11244831085205,0.7950306892395019,0.004490681069728453,-199.39639852941036,31.78327867930684,,0.727969229221344,
656000,486.64126801490784,-202.25703072547913,31.4521820122189,-0.004212806967630378,11.365199661254882,0.7822629451751709,0.0037798406119885245,-199.39639852941036,31.78327867930684,,0.7253242313861847,
660000,489.50492453575134,-193.62489461898804,33.849140842190394,-0.0033885144330561444,10.645632934570312,0.7846697390079498,0.003546441288975366,-199.39639852941036,31.78327867930684,,0.7068206608295441,
664000,492.3768844604492,-193.928661942482,31.382929391699847,-0.007151947772285583,6.808324766159058,0.7658681452274323,0.0037373524683061987,-199.39639852941036,31.78327867930684,,0.7151275336742401,
668000,495.25494933128357,-198.88135981559753,34.88485132483828,-0.006714323912747222,10.265290260314941,0.8120303153991699,0.005250127194449306,-199.39639852941036,31.78327867930684,,0.6432100713253022,
672000,498.11380767822266,-199.4261952638626,37.830037955029525,-0.004932742581547545,13.074365711212158,0.794676148891449,0.006914585089543834,-199.39639852941036,31.78327867930684,,0.6175996005535126,
676000,500.98593616485596,-193.19410705566406,35.981913714130755,-0.005710808556061231,10.670691585540771,0.7748492062091827,0.004156939274980687,-199.39639852941036,31.78327867930684,,0.6716280162334443,
680000,503.8586142063141,-197.74644660949707,38.08559923187328,-0.00434233159851285,13.525479984283447,0.7570488095283509,0.0047988446411521505,-199.39639852941036,31.78327867930684,,0.6060913562774658,
684000,508.0218143463135,-197.86919736862183,33.106015707415935,-0.006152285349244874,8.980822372436524,0.7382513105869293,0.004436207534667736,-199.0660121962428,37.044758004346065,,0.6433925569057465,
688000,510.92173314094543,-199.42716884613037,33.86228491344026,-0.0053994913261073306,8.407419729232789,0.7600669264793396,0.004358195079839788,-199.0660121962428,37.044758004346065,,0.638009923696518,
692000,513.7984321117401,-197.5604246854782,33.89825902557673,-0.004430366937691987,9.705185842514037,0.7680572450160981,0.003713927154371044,-199.0660121962428,37.044758004346065,,0.6963318645954132,
696000,516.6743676662445,-187.3665497303009,26.241477897916113,-0.007040498595839928,4.932878232002258,0.7787810504436493,0.007216003153007478,-199.0660121962428,37.044758004346065,,0.6722786843776702,
700000,519.5602488517761,-198.52636921405792,37.76123382097296,-0.006220398091711132,10.424451065063476,0.7694364666938782,0.007748740806709975,-199.0660121962428,37.044758004346065,,0.6180106639862061,
704000,522.4354774951935,-193.53939414024353,31.45286293410602,-0.0057116010069536705,6.776957273483276,0.7853473842144012,0.004159099834195023,-199.0660121962428,37.044758004346065,,0.6526807010173797,
708000,525.295750617981,-194.35228395462036,34.883800946214436,-0.004134039186562122,10.336088228225709,0.8019483804702758,0.002092090965015814,-199.0660121962428,37.044758004346065,,0.6230400681495667,
712000,528.1606798171997,-195.46235394477844,32.59824067164338,-0.005834499233867962,8.859434032440186,0.8207551896572113,0.005765634535385011,-199.0660121962428,37.044758004346065,,0.6150889933109284,
716000,531.0270872116089,-200.92594194412231,36.29226599910249,-0.004898729657094636,12.013068294525146,0.8347533464431762,0.0030654591139949615,-199.0660121962428,37.044758004346065,,0.6211628139019012,
720000,533.904420375824,-203.81323385238647,37.81941692259047,-0.006252328471435853,9.768891096115112,0.8567360222339631,0.004973100768984296,-199.0660121962428,37.044758004346065,,0.6214629173278808,
724000,537.9878079891205,-190.23483884334564,32.7000317952729,-0.006180290446616698,8.21291275024414,0.8720165252685547,0.0033981720451265575,-193.25598169863224,31.18893958396035,,0.618963772058487,
728000,540.7811515331268,-188.42721605300903,30.224281632332918,-0.004931861289155926,8.497077560424804,0.8715394616127015,0.003320931870490362,-193.25598169863224,31.18893958396035,,0.6113655924797058,
732000,543.5056819915771,-206.53940296173096,32.04512055490886,-0.005417019347194585,8.632955312728882,0.8546169400215149,0.003901379744027511,-193.25598169863224,31.18893958396035,,0.6602529227733612,
736000,546.2191486358643,-201.52714002132416,36.39732433261427,-0.004870306636051503,11.376115036010741,0.8372639954090119,0.0039494897860568035,-193.25598169863224,31.18893958396035,,0.7290833234786988,
740000,548.9474074840546,-190.02634000778198,32.06164315299611,-0.006382334304042203,8.646985149383545,0.8249657988548279,0.0038542672074400207,-193.25598169863224,31.18893958396035,,0.695993983745575,
744000,551.6685211658478,-201.54410600662231,36.48420008997638,-0.0065618134018344595,11.580881786346435,0.8695678651332855,0.004895962199952919,-193.25598169863224,31.18893958396035,,0.681069552898407,
748000,554.391973733902,-193.3768491744995,34.822513148760294,-0.00535611023738376,7.693368244171142,0.8866513431072235,0.004757704359556858,-193.25598169863224,31.18893958396035,,0.660430771112442,
752000,557.096355676651,-198.07260918617249,34.972238574473536,-0.006601129747616685,8.179789543151855,0.8806808829307556,0.0054860299002224,-193.25598169863224,31.18893958396035,,0.6446069657802582,
756000,559.831399679184,-198.53459548950195,39.661535726555144,-0.0061054818440073435,8.95101261138916,0.8862722873687744,0.0038845501743101835,-193.25598169863224,31.18893958396035,,0.631427651643753,
760000,562.7051041126251,-192.65433526039124,37.13106090285778,-0.005700431382438786,11.549138355255128,0.8737913846969605,0.004262348715603981,-193.25598169863224,31.18893958396035,,0.5877468705177307,
764000,566.8436462879181,-195.5009002685547,36.033401944386775,-0.004713351872361571,7.698284435272217,0.8596290469169616,0.0026388742236983288,-191.1558049172163,36.83548056076373,,0.6589208841323853,
768000,569.7594316005707,-197.02775883674622,33.528609119589554,-0.0053393826630586,9.158257627487183,0.8433004736900329,0.0044255809334572405,-191.1558049172163,36.83548056076373,,0.6369613945484162,
772000,572.627429485321,-198.1580934524536,30.06132854163526,-0.004487144039555702,10.083958053588868,0.8597133338451386,0.003882342435827013,-191.1558049172163,36.83548056076373,,0.6407204985618591,
776000,575.5153474807739,-197.42736887931824,32.773897845253614,-0.005866621370892977,7.92884202003479,0.8701460778713226,0.003693813394599904,-191.1558049172163,36.83548056076373,,0.5836354851722717,
780000,578.3848617076874,-188.1474770307541,29.223950690987024,-0.005767569607744605,6.834568023681641,0.8528790771961212,0.005294901639106708,-191.1558049172163,36.83548056076373,,0.6663865983486176,
784000,581.2289052009583,-203.28233087062836,40.70934429681954,-0.0035739164264329435,14.35539264678955,0.8584091186523437,0.002774703042814508,-191.1558049172163,36.83548056076373,,0.6702530562877655,
788000,584.0965502262115,-187.40982341766357,29.22614225391209,-0.005365020733171455,7.948482084274292,0.8694952845573425,0.0071768069718964435,-191.1558049172163,36.83548056076373,,0.7036892592906951,
792000,586.9707460403442,-195.69282388687134,34.42563711019153,-0.005950327128948008,11.808017253875732,0.8847741603851318,0.007304350410432869,-191.1558049172163,36.83548056076373,,0.6241775393486023,
796000,589.855720281601,-191.8720507621765,29.664399389213727,-0.006259476575457201,8.658675241470338,0.8499228775501251,0.0052309916023708155,-191.1558049172163,36.83548056076373,,0.6306469857692718,
800000,592.7381420135498,-188.79353952407837,34.44266890957568,-0.005574812266354767,9.82166142463684,0.8320713341236115,0.004595733917085454,-191.1558049172163,36.83548056076373,,0.6384492456912995,
804000,596.8152873516083,-193.96738243103027,33.886314384380384,-0.005855695027004337,7.871910238265992,0.8466260135173798,0.003878230231566704,-185.4860617145896,34.34422789846732,,0.636242151260376,
808000,599.6922676563263,-185.36002457141876,31.435785253521683,-0.005108511168432095,8.45157527923584,0.8070016980171204,0.00360627262853086,-185.4860617145896,34.34422789846732,,0.6711449742317199,
812000,602.5763823986053,-193.55843019485474,37.94703773182824,-0.005333714006080603,7.0202796459198,0.7757327914237976,0.0033767852117307486,-185.4860617145896,34.34422789846732,,0.6445611894130707,
816000,605.4358716011047,-191.71987926959991,30.026507121854728,-0.004228175531995193,8.766150999069215,0.7893400132656098,0.004126778739814957,-185.4860617145896,34.34422789846732,,0.6973674178123475,
820000,608.2821807861328,-192.8038374185562,43.42923346752118,-0.005215271034200386,10.209849405288697,0.7914347946643829,0.004616364618336477,-185.4860617145896,34.34422789846732,,0.7119915425777436,
824000,611.1647460460663,-183.19290924072266,29.589049986481143,-0.005652209823640675,6.027828025817871,0.7583706796169281,0.006515695938762889,-185.4860617145896,34.34422789846732,,0.7217515647411347,
828000,614.0458631515503,-184.9402139186859,30.515040290214753,-0.004576126899647726,11.1022873878479,0.7705965757369995,0.002032303719170159,-185.4860617145896,34.34422789846732,,0.706481546163559,
832000,616.926198720932,-183.81229424476624,30.945862255368333,-0.005234330286504729,8.576032447814942,0.7793288171291352,0.004293978289206279,-185.4860617145896,34.34422789846732,,0.7188833951950073,
836000,619.796674489975,-184.11359286308289,32.94097713925194,-0.006250124398774126,9.22980875968933,0.7462120354175568,0.002779545406519901,-185.4860617145896,34.34422789846732,,0.7622427403926849,
840000,622.6763956546783,-191.8612937927246,32.632019111477696,-0.00641980690617735,8.16028618812561,0.7635128796100616,0.004711422534543089,-185.4860617145896,34.34422789846732,,0.74427410364151,
844000,626.7527024745941,-190.66478276252747,36.177905926626934,-0.004343393285603581,10.016252040863037,0.749320262670517,0.003494233861235774,-187.3712395504117,29.72050574773225,,0.7667829334735871,
848000,629.6257491111755,-192.36897921562195,32.85009932644835,-0.00504222100654923,10.392841815948486,0.7500026226043701,0.0021873413759749384,-187.3712395504117,29.72050574773225,,0.776518952846527,
852000,632.4882311820984,-185.250412940979,30.617861468306756,-0.004431783316967497,10.389455223083496,0.783941000699997,0.005613585203536786,-187.3712395504117,29.72050574773225,,0.7117594838142395,
856000,635.3704626560211,-190.47440111637115,32.175898943554195,-0.005952073324471741,7.764225339889526,0.7828246653079987,0.003280369422282092,-187.3712395504117,29.72050574773225,,0.7318672120571137,
860000,638.2323191165924,-186.76096844673157,34.65433885999005,-0.0071270367691759874,8.42371940612793,0.8120542466640472,0.005542459068237804,-187.3712395504117,29.72050574773225,,0.7156852304935455,
864000,641.1457970142365,-184.31956493854523,39.331260072030666,-0.006389418782511136,11.192484188079835,0.8218962848186493,0.0036368629361968495,-187.3712395504117,29.72050574773225,,0.7156482934951782,
868000,644.0320425033569,-180.8930585384369,31.09091106083154,-0.004877357670416416,8.102685356140137,0.7694966554641723,0.002642420792525346,-187.3712395504117,29.72050574773225,,0.7172484159469604,
872000,646.9286994934082,-191.7715265750885,33.41686563255944,-0.00552058256953023,7.757608413696289,0.7508691549301147,0.0038183261174708607,-187.3712395504117,29.72050574773225,,0.7009995639324188,
876000,649.8029155731201,-195.91092658042908,33.3989591866955,-0.004623306672011207,9.65300965309143,0.7427445352077484,0.008197163193331414,-187.3712395504117,29.72050574773225,,0.7534811735153198,
880000,652.7400162220001,-192.6358288526535,31.53314854333475,-0.0053270836191950275,9.94889235496521,0.7513862729072571,0.005971748352749273,-187.3712395504117,29.72050574773225,,0.7028552234172821,
884000,656.8509678840637,-182.22610557079315,32.52631311211181,-0.005973409593570978,10.073170566558838,0.7366615831851959,0.0036508857068450417,-186.8310849070549,31.834031039842213,,0.7596236109733582,
888000,659.734513759613,-186.2502965927124,33.57839450025481,-0.004559802060015494,7.646930789947509,0.7049557089805603,0.0048691483098082244,-186.8310849070549,31.834031039842213,,0.7242223024368286,
892000,662.6448154449463,-189.75959467887878,38.023956929173444,-0.006251122149483557,6.457622957229614,0.7240424156188965,0.006725793640362099,-186.8310849070549,31.834031039842213,,0.7687997579574585,
896000,665.5381400585175,-196.45258021354675,37.00135365286217,-0.0048070394635045584,9.918889904022217,0.7212956249713898,0.004528982649208047,-186.8310849070549,31.834031039842213,,0.7139298021793365,
900000,668.396810054779,-192.4143022298813,35.899170371015956,-0.0060459242548482894,9.368896961212158,0.685473906993866,0.007156293411389925,-186.8310849070549,31.834031039842213,,0.7192488312721252,
904000,671.3342137336731,-188.26610016822815,34.256767817347324,-0.004943806939913564,8.13293104171753,0.7084511399269104,0.004570715106092393,-186.8310849070549,31.834031039842213,,0.7274341821670532,
908000,674.2085041999817,-185.8805170059204,25.50299717834281,-0.004963922471351356,8.922330904006959,0.698460066318512,0.006118789073545549,-186.8310849070549,31.834031039842213,,0.7025123417377472,
912000,677.0717885494232,-187.40396654605865,35.5968090255516,-0.006780438334215333,8.855658388137817,0.7029329478740692,0.007804597300632548,-186.8310849070549,31.834031039842213,,0.7192451000213623,
916000,679.947185754776,-185.03177762031555,31.31444760834008,-0.006262655815963391,7.253262948989868,0.6939098834991455,0.007632554625160992,-186.8310849070549,31.834031039842213,,0.7043832540512085,
920000,682.8030107021332,-184.4240345954895,27.827015306204846,-0.007458953614657027,6.652384328842163,0.7340406596660614,0.005392849445343018,-186.8310849070549,31.834031039842213,,0.692984265089035,
924000,686.8422291278839,-185.9099681377411,31.089664894953323,-0.007473570801938579,8.088871383666993,0.6964354991912842,0.005878233868861571,-189.92764730751514,32.2728379569388,,0.6559598803520202,
928000,689.7174937725067,-188.45917856693268,34.607142359756836,-0.004371022489076992,9.043305158615112,0.7187470257282257,0.005449086421867833,-189.92764730751514,32.2728379569388,,0.6479052424430847,
932000,692.5896780490875,-197.39211559295654,31.35584088516877,-0.004910670509212655,8.46088809967041,0.7106657445430755,0.0046830853675492,-189.92764730751514,32.2728379569388,,0.6230063796043396,
936000,695.437953710556,-198.52200436592102,37.638297966133074,-0.004116097720106992,12.224695110321045,0.684295916557312,0.004700630219304003,-189.92764730751514,32.2728379569388,,0.6290981769561768,
940000,698.313146352768,-186.89677357673645,33.1156729286612,-0.005094354245035593,9.068280506134034,0.6649984836578369,0.006092689129834383,-189.92764730751514,32.2728379569388,,0.6879637479782105,
944000,701.1511161327362,-182.99219727516174,26.57456980020849,-0.007610955591003154,5.5739312171936035,0.6543533086776734,0.0071478977922427855,-189.92764730751514,32.2728379569388,,0.6289754092693329,
948000,704.0287475585938,-191.83155941963196,35.67143818486104,-0.0050719538130797655,6.430797719955445,0.642987722158432,0.005793009015964357,-189.92764730751514,32.2728379569388,,0.6299412727355957,
952000,706.9039535522461,-192.23298358917236,34.043689110995146,-0.004297537142255692,10.391152286529541,0.6262156546115876,0.006557143887039274,-189.92764730751514,32.2728379569388,,0.6146804988384247,
956000,709.7764949798584,-185.23383581638336,27.86474402749485,-0.00619441149034543,5.292177057266235,0.6567726135253906,0.001274133942982525,-189.92764730751514,32.2728379569388,,0.5950170159339905,
960000,712.6016075611115,-192.75092434883118,30.22131038769166,-0.006110758853610588,6.150389337539673,0.6526741564273835,0.005432573426514864,-189.92764730751514,32.2728379569388,,0.5766892552375793,
964000,716.6468141078949,-194.37957310676575,31.923995008064807,-0.006562560595416755,8.30858211517334,0.6529281616210938,0.0049456489621661605,-189.64639103412628,36.31818078693479,,0.6405356287956238,
968000,719.514933347702,-190.92174625396729,32.627440640988596,-0.0055462760934606335,7.754627084732055,0.6500313520431519,0.005870015558321029,-189.64639103412628,36.31818078693479,,0.5697015285491943,
972000,722.3639001846313,-186.15964269638062,29.51004020241338,-0.007395645693875963,6.818189382553101,0.6528924763202667,0.003611458180239424,-189.64639103412628,36.31818078693479,,0.5896177649497986,
976000,725.2299265861511,-192.87820744514465,30.76177508170442,-0.005542703112587333,7.223691415786743,0.6565396904945373,0.00571576023939997,-189.64639103412628,36.31818078693479,,0.5485882580280304,
980000,728.1088991165161,-184.20337557792664,32.480397010536784,-0.0055681064833576375,6.47221269607544,0.6718545019626617,0.0018349048272939595,-189.64639103412628,36.31818078693479,,0.5388121664524078,
984000,730.9376480579376,-189.04527580738068,31.306435070575947,-0.004753301381832031,8.1378342628479,0.636400842666626,0.004747084382688627,-189.64639103412628,36.31818078693479,,0.5741506457328797,
988000,733.793065071106,-187.57354164123535,29.566345706955723,-0.006225584708464638,6.5587990283966064,0.6706387519836425,0.004297293026330129,-189.64639103412628,36.31818078693479,,0.6159101784229278,
992000,736.6602342128754,-189.0109190940857,34.39942634531893,-0.005556744218027809,9.260653400421143,0.6610750019550323,0.004100494876503946,-189.64639103412628,36.31818078693479,,0.6106943786144257,
996000,739.538125038147,-189.20870923995972,28.987886297921662,-0.004233801486513844,11.57604923248291,0.6593197345733642,0.004298760145475778,-189.64639103412628,36.31818078693479,,0.6336030662059784,
1000000,742.4012134075165,-191.74285089969635,34.76736003185497,-0.004199022730734825,8.383794927597046,0.690679532289505,0.002478893545594474,-189.64639103412628,36.31818078693479,,0.6041914641857147,
1004000,746.463152885437,-184.56720399856567,26.159928087681557,-0.006085008603365427,6.9099194526672365,0.7251674890518188,0.0038967546846834012,-184.8020663484931,33.842221668884164,,0.5782674610614776,
1008000,749.3369884490967,-180.60683524608612,31.670364371695996,-0.005559885089596111,8.951041507720948,0.7288861513137818,0.0021700137993320824,-184.8020663484931,33.842221668884164,,0.6507817924022674,
1012000,752.0815613269806,-184.89075887203217,36.396174660634905,-0.005603949008742326,9.422021007537841,0.7436249375343322,0.003951093505136671,-184.8020663484931,33.842221668884164,,0.6158556401729584,
1016000,754.7745316028595,-191.2409633398056,35.078658326848256,-0.005978538781249254,9.234716653823853,0.703956401348114,0.005967982806187777,-184.8020663484931,33.842221668884164,,0.5907399177551269,
1020000,757.5004181861877,-189.7218840122223,28.273146683562878,-0.007207143623692324,7.069874048233032,0.6911009013652801,0.006604818132473156,-184.8020663484931,33.842221668884164,,0.629314249753952,
1024000,760.2419240474701,-191.87540566921234,28.93465559324158,-0.00508211742675242,6.261175155639648,0.663437408208847,0.005754236574284732,-184.8020663484931,33.842221668884164,,0.6283263444900513,
1028000,762.950621843338,-188.5225225687027,30.691204927882502,-0.005530955252470449,8.763853836059571,0.6261029660701751,0.004623946233186871,-184.8020663484931,33.842221668884164,,0.6428814589977264,
1032000,765.6611835956573,-188.92464745044708,30.776309269265496,-0.0056414966715189864,7.5272252559661865,0.6519951164722443,0.004536996369279222,-184.8020663484931,33.842221668884164,,0.6188279330730438,
1036000,768.3707888126373,-184.61910569667816,32.39353499619916,-0.006665916622926771,6.873096609115601,0.6212612867355347,0.007250360015314072,-184.8020663484931,33.842221668884164,,0.5937764048576355,
1040000,771.0865061283112,-188.39833974838257,39.8777664945912,-0.002368860966991626,10.033865928649902,0.657199478149414,0.002545369524159469,-184.8020663484931,33.842221668884164,,0.6250997066497803,
1044000,774.9736642837524,-190.9040026664734,28.66332923858178,-0.007393003850554436,8.376286554336549,0.6554758310317993,0.00815938753221417,-182.49299466609955,29.876619190413948,,0.5630265831947326,
1048000,777.748786687851,-191.59595894813538,25.43011826715424,-0.005955729117306419,5.8075048446655275,0.6033804178237915,0.006193225502327549,-182.49299466609955,29.876619190413948,,0.5742014050483704,
1052000,780.5028486251831,-189.12031042575836,33.255436540757955,-0.006716816783572233,7.830745649337769,0.6326603889465332,0.004098639613948763,-182.49299466609955,29.876619190413948,,0.5750811338424683,
1056000,783.233677148819,-186.15682756900787,30.65050477146267,-0.0056516525610350145,8.39290714263916,0.6740580081939698,0.00888593338895589,-182.49299466609955,29.876619190413948,,0.5286550343036651,
1060000,785.9310581684113,-193.3256049156189,41.988185169698454,-0.004839633242459973,11.677877140045165,0.6497838020324707,0.0017736488950322426,-182.49299466609955,29.876619190413948,,0.5740513682365418,
1064000,788.77001786232,-191.33195865154266,32.19355572307124,-0.007365183123387453,7.531620025634766,0.6493447601795197,0.0048019522905815345,-182.49299466609955,29.876619190413948,,0.6247889041900635,
1068000,791.650696516037,-187.5172346830368,28.11284868251495,-0.005704103217770573,10.217150783538818,0.6563073456287384,0.008040748175699265,-182.49299466609955,29.876619190413948,,0.6642103075981141,
1072000,794.516261100769,-195.26205444335938,28.874678500851896,-0.005849993425110967,8.568049764633178,0.6573038995265961,0.0030964485453830017,-182.49299466609955,29.876619190413948,,0.6125848174095154,
1076000,797.3788793087006,-192.61540687084198,38.02657354215202,-0.005978727425293329,8.919411563873291,0.671420407295227,0.009123473399008342,-182.49299466609955,29.876619190413948,,0.6133132040500641,
1080000,800.2311496734619,-191.0448282957077,32.92377793013579,-0.004879209808229179,9.116019153594971,0.6589193522930146,0.0027549690275918692,-182.49299466609955,29.876619190413948,,0.644114077091217,
1084000,804.2886855602264,-188.7965795993805,30.594401848269474,-0.004483879472439467,9.109841680526733,0.6784562408924103,0.00406167129512566,-187.29350642114878,32.67095056026199,,0.6304255247116088,
1088000,807.1267411708832,-195.87604582309723,35.95858949018443,-0.0024445202349452355,8.406016874313355,0.6934302031993866,0.004101509221053368,-187.29350642114878,32.67095056026199,,0.548675662279129,
1092000,810.00501704216,-190.44681024551392,32.268025342454514,-0.006257113353504451,8.264195728302003,0.7152554273605347,0.003306834334216546,-187.29350642114878,32.67095056026199,,0.5415251910686493,
1096000,812.8837752342224,-191.4619356393814,29.78504989613398,-0.006174918388171746,6.273932695388794,0.7391542851924896,0.00572702834572798,-187.29350642114878,32.67095056026199,,0.5718231737613678,
1100000,815.7872006893158,-195.08929538726807,34.191558007109776,-0.00663788491254671,9.06829195022583,0.725651079416275,0.007524989723606268,-187.29350642114878,32.67095056026199,,0.5480078458786011,
1104000,818.6563618183136,-186.0851731300354,28.156035341142015,-0.006555155700848747,9.43766646385193,0.6862264990806579,0.0031566322631746855,-187.29350642114878,32.67095056026199,,0.606167858839035,
1108000,821.5497717857361,-184.61839854717255,31.001327276467407,-0.005818945986994883,8.632848596572876,0.7351252377033234,0.006113167987496127,-187.29350642114878,32.67095056026199,,0.607612806558609,
1112000,824.4297106266022,-187.48377561569214,28.267580279523663,-0.005845301950195214,7.896642637252808,0.7613557696342468,0.004249440515539993,-187.29350642114878,32.67095056026199,,0.5989830434322357,
1116000,827.3164305686951,-188.7360339164734,30.275246099060393,-0.006597056135302415,7.993925857543945,0.7553196907043457,0.0056181683744847,-187.29350642114878,32.67095056026199,,0.5558017730712891,
1120000,830.1941640377045,-188.9096179008484,35.263348048148266,-0.004389122370940945,15.904962253570556,0.7754880726337433,0.004012636736889075,-187.29350642114878,32.67095056026199,,0.5988796830177308,
1124000,834.241269826889,-184.7088519334793,30.35302090800015,-0.005307561560068308,11.783691120147704,0.8142168045043945,0.0045735208608675745,-187.88817024230957,26.419609112503302,,0.6133793652057647,
1128000,837.0944368839264,-197.4548101425171,31.7745588576058,-0.005374025723431241,7.414962434768677,0.7887823104858398,0.006851658573141339,-187.88817024230957,26.419609112503302,,0.5739842712879181,
1132000,839.9723200798035,-193.99080991744995,31.014229825599067,-0.005791156364449612,11.293063926696778,0.7595817863941192,0.004499804420629516,-187.88817024230957,26.419609112503302,,0.6388307750225067,
1136000,842.8496224880219,-188.6716115474701,31.57738268079021,-0.003999552776726567,9.95382719039917,0.7545508027076722,0.004411124256517152,-187.88817024230957,26.419609112503302,,0.5981757044792175,
1140000,845.709456205368,-183.55455017089844,30.731552668456338,-0.005475470597855736,9.627253818511964,0.7398581445217133,0.004006621905136854,-187.88817024230957,26.419609112503302,,0.6061652421951294,
1144000,848.596720457077,-186.74378895759583,33.99753607005201,-0.006460402108651286,6.100609397888183,0.7489977240562439,0.005377468354223947,-187.88817024230957,26.419609112503302,,0.5885331273078919,
1148000,851.4644429683685,-189.6096613407135,29.49444915095089,-0.006064347390240687,8.027883768081665,0.7353013634681702,0.005250596476253122,-187.88817024230957,26.419609112503302,,0.6183367490768432,
1152000,854.3223416805267,-189.65408372879028,32.44830006350856,-0.006607138281532876,7.839946985244751,0.7346964597702026,0.005402659071842208,-187.88817024230957,26.419609112503302,,0.6881076395511627,
1156000,857.1827847957611,-189.0410851240158,35.832597984237864,-0.006539232715188259,8.660460472106934,0.7651502192020416,0.004358327470254153,-187.88817024230957,26.419609112503302,,0.6401687622070312,
1160000,860.0487673282623,-192.21957516670227,31.952954587813423,-0.005865364076181656,7.913807010650634,0.7716123044490815,0.0027442592961403277,-187.88817024230957,26.419609112503302,,0.6160915195941925,
1164000,864.1225516796112,-184.9523206949234,32.092459679344266,-0.005844974386505797,5.810999059677124,0.7504994988441467,0.003712342439335803,-185.99629491567612,27.867956256321236,,0.6297379672527313,
1168000,866.9920783042908,-193.76389575004578,32.69459848440885,-0.003348345070543779,9.406840562820435,0.7293240845203399,0.0058276265684980896,-185.99629491567612,27.867956256321236,,0.6832106173038482,
1172000,869.8786709308624,-182.81483626365662,33.98305234343965,-0.004794959175322822,9.791209030151368,0.7995876789093017,0.006917526553540182,-185.99629491567612,27.867956256321236,,0.595439487695694,
1176000,872.7836127281189,-188.80890798568726,29.46266982868803,-0.006848531834160276,7.677310562133789,0.7671142101287842,0.0069264302030205725,-185.99629491567612,27.867956256321236,,0.633160012960434,
1180000,875.6934850215912,-181.97265696525574,26.7903448576852,-0.005719743589560189,6.671224689483642,0.7472230851650238,0.0036238388187484817,-185.99629491567612,27.867956256321236,,0.6741128623485565,
1184000,878.5277962684631,-182.9060935974121,25.892891147484004,-0.006048668104068689,7.721056699752808,0.7417361319065094,0.007093562697991729,-185.99629491567612,27.867956256321236,,0.6884454965591431,
1188000,881.3423218727112,-197.27869129180908,31.569744680548254,-0.00678998485564577,7.746327543258667,0.7404337584972381,0.006540313080768101,-185.99629491567612,27.867956256321236,,0.6877785623073578,
1192000,884.1637616157532,-188.74827551841736,31.37005196525196,-0.007305346165628479,7.6990703582763675,0.7678067028522492,0.008500015822549667,-185.99629491567612,27.867956256321236,,0.6633056581020356,
1196000,887.0581696033478,-191.40461373329163,29.983295492178783,-0.010414253026557496,5.4139360904693605,0.8062013566493988,0.005850472627207637,-185.99629491567612,27.867956256321236,,0.6807258427143097,
1200000,889.898948431015,-187.57383584976196,27.59388771418237,-0.006821487272934412,9.274901008605957,0.8008723318576813,0.005122751307770767,-185.99629491567612,27.867956256321236,,0.6539453566074371,
1204000,893.9761564731598,-188.3277657032013,31.647434007722588,-0.005810494795674437,8.525257444381714,0.77933429479599,0.006748171680374071,-183.18791639059782,28.953526861568015,,0.6806589007377625,
1208000,896.8335435390472,-190.68632102012634,32.778421701469696,-0.006242892353795426,7.47163028717041,0.8000943064689636,0.005993379403526599,-183.18791639059782,28.953526861568015,,0.6564084589481354,
1212000,899.6903614997864,-193.76570844650269,30.463875039902085,-0.006721633960648088,8.198047780990601,0.798943042755127,0.00893679728033021,-183.18791639059782,28.953526861568015,,0.6909786462783813,
1216000,902.5399622917175,-192.78794169425964,29.913778012348992,-0.006663130366088232,10.884131717681885,0.8120200037956238,0.0068878887279424815,-183.18791639059782,28.953526861568015,,0.6798755168914795,
1220000,905.4053890705109,-185.66394937038422,30.421576733867898,-0.006055111348939435,5.501546478271484,0.8096426486968994,0.0040957365650683645,-183.18791639059782,28.953526861568015,,0.649971216917038,
1224000,908.281519651413,-192.2321411371231,39.055946951254526,-0.005927686306027091,9.752370166778565,0.7385948657989502,0.0034861031734229274,-183.18791639059782,28.953526861568015,,0.6493600606918335,
1228000,911.1430747509003,-183.62639665603638,29.905549896647784,-0.0075047470338953206,5.336747789382935,0.8008922398090362,0.006120572751387954,-183.18791639059782,28.953526861568015,,0.5504513621330261,
1232000,914.0195004940033,-187.9634017944336,32.45806076600088,-0.003899934080535061,8.026649045944215,0.7653239965438843,0.0034425193364731933,-183.18791639059782,28.953526861568015,,0.6211480021476745,
1236000,916.874187707901,-187.22253465652466,28.779324458061325,-0.004695241530193073,8.047086572647094,0.7807771146297455,0.004445829517814382,-183.18791639059782,28.953526861568015,,0.6022003769874573,
1240000,919.743744134903,-182.93267345428467,31.19837461231976,-0.0061281934832223325,11.428536224365235,0.7746697068214417,0.00527573965373449,-183.18791639059782,28.953526861568015,,0.6025082767009735,
1244000,923.7851204872131,-186.90332508087158,37.16323742798625,-0.005926076800019153,10.337432861328125,0.792119026184082,0.003541624921917297,-188.03506422787905,34.4880800181674,,0.5016273468732834,
1248000,926.6417961120605,-192.53425574302673,34.35691364346237,-0.0058270391587478265,8.935209035873413,0.784507542848587,0.006172151106021673,-188.03506422787905,34.4880800181674,,0.545618212223053,
1252000,929.5237123966217,-185.91039657592773,27.305447727947506,-0.005900475807487959,9.961759090423584,0.8139125108718872,0.006121854612138123,-188.03506422787905,34.4880800181674,,0.5665468394756317,
1256000,932.3802287578583,-187.96846270561218,32.726123530919125,-0.007443424006924104,8.636289119720459,0.7590184032917022,0.006871068794629553,-188.03506422787905,34.4880800181674,,0.5587396740913391,
1260000,935.2614414691925,-196.058043718338,39.928317966649196,-0.006306892433979838,11.244589805603027,0.7870412409305573,0.004508655767019576,-188.03506422787905,34.4880800181674,,0.5483599007129669,
1264000,938.0736293792725,-190.31078350543976,42.009606724735335,-0.007385774488405605,7.784361362457275,0.7634571313858032,0.0045733445673249665,-188.03506422787905,34.4880800181674,,0.553501570224762,
1268000,940.9573757648468,-185.53851103782654,33.264528394212114,-0.006322318968984009,7.54206600189209,0.7332932591438294,0.006128701788838953,-188.03506422787905,34.4880800181674,,0.5476995825767517,
1272000,943.8381924629211,-195.85856890678406,34.29081422088234,-0.004931883404885129,10.765076446533204,0.7735598742961883,0.005430880805943161,-188.03506422787905,34.4880800181674,,0.4493385374546051,
1276000,946.6777245998383,-189.65889143943787,32.14368717818417,-0.005327098520395079,10.860784435272217,0.7946921348571777,0.004370152886336065,-188.03506422787905,34.4880800181674,,0.5532979905605316,
1280000,949.5235657691956,-203.19760537147522,38.34470726747603,-0.004988095000774262,11.811644172668457,0.7768531739711761,0.005287952808430418,-188.03506422787905,34.4880800181674,,0.5348466157913208,
1284000,953.5413370132446,-191.47780406475067,34.47771725460643,-0.006183419697762776,10.260221385955811,0.780759459733963,0.0024227850177751973,-191.5730273500085,38.712150703847485,,0.5338454246520996,
1288000,956.4053094387054,-196.25232648849487,38.894156300203015,-0.005041142145947886,10.182614517211913,0.7944124341011047,0.0022804668813478203,-191.5730273500085,38.712150703847485,,0.535877788066864,
1292000,959.2530257701874,-197.06570196151733,37.43125870836284,-0.003947993525536741,15.260379695892334,0.8262156486511231,0.0017130102219428788,-191.5730273500085,38.712150703847485,,0.5337903618812561,
1296000,962.0361354351044,-192.56583392620087,36.53220546243296,-0.0045012407161605815,13.311612796783447,0.8136825680732727,0.007221383836935313,-191.5730273500085,38.712150703847485,,0.45284807682037354,
1300000,964.8591363430023,-193.93997168540955,33.677890075038455,-0.004558144115804019,12.506709671020507,0.7997532784938812,0.0055707582915978104,-191.5730273500085,38.712150703847485,,0.5365705013275146,
1304000,967.6953151226044,-188.48719608783722,35.157875535980175,-0.005033415422464493,8.022450733184815,0.7688615560531616,0.006054808970657177,-191.5730273500085,38.712150703847485,,0.5174132108688354,
1308000,970.5213093757629,-190.31111443042755,31.91942609282874,-0.006313692298717788,7.5811210632324215,0.7677168846130371,0.00478014747107712,-191.5730273500085,38.712150703847485,,0.5539679944515228,
1312000,973.3619637489319,-193.78224337100983,36.29922055511638,-0.00509534943026182,9.497786951065063,0.8028017818927765,0.00462139522715006,-191.5730273500085,38.712150703847485,,0.5744671046733856,
1316000,976.2044072151184,-187.32649719715118,31.656614853504994,-0.0038694722539900474,8.208599376678468,0.7922559082508087,0.003634303581202403,-191.5730273500085,38.712150703847485,,0.5547692060470581,
1320000,979.0221922397614,-187.42550885677338,34.87567116496471,-0.0047468682659479455,9.682581329345703,0.8153225123882294,0.006581222537206488,-191.5730273500085,38.712150703847485,,0.5393570184707641,
1324000,982.9300360679626,-190.21917128562927,32.83321232907745,-0.004468508695252282,9.866910219192505,0.8669334948062897,0.004028806327531736,-184.23948596417904,22.797471567934526,,0.5377895295619964,
1328000,985.7619109153748,-193.8759253025055,31.476685507258814,-0.006407099662814275,9.81172981262207,0.8369290709495545,0.006227955323605183,-184.23948596417904,22.797471567934526,,0.554498952627182,
1332000,988.6036808490753,-188.71051716804504,27.676999231868002,-0.006531475209320581,9.44145917892456,0.8548424184322357,0.006196255004033447,-184.23948596417904,22.797471567934526,,0.530511349439621,
1336000,991.4576478004456,-184.59474682807922,27.631704660835453,-0.005939216029209504,6.509757471084595,0.8292259216308594,0.00378614250512328,-184.23948596417904,22.797471567934526,,0.5449557900428772,
1340000,994.3172461986542,-189.607994556427,31.37614507558102,-0.00549886568472715,11.353365802764893,0.8088648736476898,0.0018555760547315004,-184.23948596417904,22.797471567934526,,0.5997115731239319,
1344000,997.1403489112854,-198.20749688148499,34.441468234995625,-0.007557435309514382,7.755362892150879,0.8641306221485138,0.00420254879894979,-184.23948596417904,22.797471567934526,,0.5435066223144531,
1348000,999.9735753536224,-196.18215560913086,30.547486057736588,-0.005042136660932251,8.793441104888917,0.8469781935214996,0.005533366304473031,-184.23948596417904,22.797471567934526,,0.5348342418670654,
1352000,1002.8075151443481,-194.05798411369324,34.89593926191515,-0.005382857664177898,9.184434604644775,0.843586015701294,0.0038124517363030464,-184.23948596417904,22.797471567934526,,0.5196301460266113,
1356000,1005.6583776473999,-189.15970826148987,37.21432919104664,-0.006615027583359434,8.433722877502442,0.8515396893024445,0.00626958061871119,-184.23948596417904,22.797471567934526,,0.534045296907425,
1360000,1008.4558053016663,-190.08089518547058,28.57294495099205,-0.005669603960278024,7.7604413509368895,0.8623955905437469,0.005056727186931909,-184.23948596417904,22.797471567934526,,0.5073825180530548,
1364000,1012.3885369300842,-190.27510452270508,33.394124282777604,-0.006498525613142814,9.464322471618653,0.8661225438117981,0.0042633754259441044,-191.9378369897604,23.292947655647303,,0.5433126151561737,
1368000,1015.2253873348236,-195.88537669181824,28.81326257168772,-0.005316015484277159,14.569775676727295,0.8677413105964661,0.0031102686014492066,-191.9378369897604,23.292947655647303,,0.4837584435939789,
1372000,1018.0688767433167,-195.51517915725708,36.33568367449934,-0.005474529743194623,11.314989280700683,0.8752020716667175,0.0038200799193873537,-191.9378369897604,23.292947655647303,,0.5011280357837677,
1376000,1020.8988370895386,-190.53831791877747,33.93363412285196,-0.006498514834170521,9.769186782836915,0.8369974970817566,0.005919314528815445,-191.9378369897604,23.292947655647303,,0.5864796757698059,
1380000,1023.7477369308472,-189.20024859905243,34.34769288037469,-0.005772197186481165,9.078304243087768,0.8605599939823151,0.005138429900165775,-191.9378369897604,23.292947655647303,,0.5406058251857757,
1384000,1026.594383239746,-197.08929800987244,34.27247219074668,-0.0032110206088982627,8.885408020019531,0.8688056468963623,0.003731180066824891,-191.9378369897604,23.292947655647303,,0.48998540341854097,
1388000,1029.4431629180908,-191.549973487854,33.84379115205641,-0.007979509292325737,9.064069938659667,0.8792189300060272,0.005580076987855165,-191.9378369897604,23.292947655647303,,0.5788102865219116,
1392000,1032.2951884269714,-191.38415682315826,32.60514667877685,-0.006099915203793593,7.903350448608398,0.8934797704219818,0.003046972578158602,-191.9378369897604,23.292947655647303,,0.5301507174968719,
1396000,1035.1692216396332,-198.35707235336304,40.81689350369784,-0.005931320566063136,17.31250114440918,0.8590982973575592,0.00444211879826617,-191.9378369897604,23.292947655647303,,0.5588812112808228,
1400000,1038.0215203762054,-192.47515380382538,29.915566649184026,-0.003897262614453201,13.262638568878174,0.879045557975769,0.005328529246617109,-191.9378369897604,23.292947655647303,,0.5352558434009552,
1404000,1041.943517446518,-193.64455020427704,33.841133584586636,-0.005821616939346619,11.727689933776855,0.8825267076492309,0.004580218077171594,-191.47185488045216,22.73996695700355,,0.5621601998806,
1408000,1044.7849826812744,-197.02670562267303,32.6474913375664,-0.005386488814217305,16.391211986541748,0.8758131086826324,0.00220293271207872,-191.47185488045216,22.73996695700355,,0.5311347007751465,
1412000,1047.6544392108917,-193.41653847694397,35.63374241800533,-0.006155855667156462,13.654623985290527,0.8544644713401794,0.005530946896760725,-191.47185488045216,22.73996695700355,,0.5664658129215241,
1416000,1050.5336139202118,-190.0256371498108,37.41968117816815,-0.005759693945214828,15.176955032348634,0.8613608360290528,0.006981149761394301,-191.47185488045216,22.73996695700355,,0.5369950294494629,
1420000,1053.3876898288727,-198.37802600860596,36.37821505360949,-0.005927059153948644,13.840502643585205,0.8819807887077331,0.004729297291565082,-191.47185488045216,22.73996695700355,,0.4475714772939682,
1424000,1056.2196052074432,-190.81750345230103,26.990435202293593,-0.00879571958770975,7.024202442169189,0.8261736571788788,0.007543988298857584,-191.47185488045216,22.73996695700355,,0.5763289988040924,
1428000,1059.05859375,-196.8480191230774,33.7491571392727,-0.0065756865631168004,12.67293930053711,0.8349257349967957,0.005382128051365775,-191.47185488045216,22.73996695700355,,0.5162905573844909,
1432000,1061.8990368843079,-191.72635889053345,33.12541485988578,-0.007160851531662083,12.08378791809082,0.8362558841705322,0.006173256534617399,-191.47185488045216,22.73996695700355,,0.5509913861751556,
1436000,1064.7541222572327,-189.00625586509705,30.73891201828072,-0.005774051191052365,11.621106624603271,0.8248983561992645,0.006347454828986266,-191.47185488045216,22.73996695700355,,0.5612433195114136,
1440000,1067.5896484851837,-195.84129881858826,36.1291046048896,-0.00468176507709237,22.38549919128418,0.8247703373432159,0.004567526446771808,-191.47185488045216,22.73996695700355,,0.592663836479187,
1444000,1071.4938488006592,-193.35006260871887,34.30148376361921,-0.007064582124818086,13.2775390625,0.8399888277053833,0.004718220443464816,-194.71007879078388,31.375996598475886,,0.5789159774780274,
1448000,1074.3128085136414,-196.90327882766724,32.61222874790089,-0.005623595656516667,13.552573776245117,0.8327389717102051,0.0025154832974270567,-194.71007879078388,31.375996598475886,,0.5477417051792145,
1452000,1077.1360030174255,-197.95984029769897,32.918142691893884,-0.006175286812707803,12.73677463531494,0.8251555144786835,0.004896713390015073,-194.71007879078388,31.375996598475886,,0.5482859253883362,
1456000,1079.953504562378,-197.3927698135376,33.52168711629447,-0.007481080929903938,13.156530857086182,0.8017430305480957,0.0031417070305906234,-194.71007879078388,31.375996598475886,,0.6172084629535675,
1460000,1082.7793912887573,-189.91542541980743,30.939943261476948,-0.006542051337892207,9.94515552520752,0.8150230824947358,0.0035260207002089984,-194.71007879078388,31.375996598475886,,0.6298709511756897,
1464000,1085.591798067093,-195.08927273750305,36.537502717114585,-0.003992155144844833,22.16813373565674,0.8108412504196167,0.004352436668084314,-194.71007879078388,31.375996598475886,,0.5936986625194549,
1468000,1088.3782839775085,-191.6135058403015,26.735298686340364,-0.006296056292795882,14.413826656341552,0.8173452854156494,0.005646632948017216,-194.71007879078388,31.375996598475886,,0.6141828835010529,
1472000,1091.197284936905,-199.39852213859558,34.72132064838303,-0.004635617901803934,15.435200786590576,0.8011402904987335,0.0022625043029742995,-194.71007879078388,31.375996598475886,,0.5977908551692963,
1476000,1094.0244903564453,-187.13993346691132,30.70330362638984,-0.007649861860089047,10.415695571899414,0.8323346376419067,0.005807080224622041,-194.71007879078388,31.375996598475886,,0.6242644608020782,
1480000,1096.8056619167328,-192.56582403182983,34.41081642753344,-0.006014072174594353,12.117531681060791,0.8597378253936767,0.003727646401966922,-194.71007879078388,31.375996598475886,,0.5502656042575836,
1484000,1100.713109254837,-192.80692315101624,33.025824518520515,-0.006266051274258633,16.033442974090576,0.8322851538658143,0.0030365415732376277,-194.08532954752445,28.419102170159864,,0.5399058580398559,
1488000,1103.536566734314,-198.90726590156555,36.22553018580047,-0.006687738304492097,11.931908893585206,0.8510586082935333,0.004266926184723463,-194.08532954752445,28.419102170159864,,0.5296386122703552,
1492000,1106.3406612873077,-191.5144407749176,29.520882226630082,-0.006475407810105693,10.511384201049804,0.7892039000988007,0.00456970704253763,-194.08532954752445,28.419102170159864,,0.6138556897640228,
1496000,1109.1563317775726,-192.2807341814041,36.80785368206155,-0.005340545987244738,15.438212203979493,0.8297582983970642,0.003901795747224224,-194.08532954752445,28.419102170159864,,0.5467749893665313,
1500000,1111.9576387405396,-186.80928540229797,29.226982578925362,-0.006198270467498013,15.492105197906493,0.8731540977954865,0.005026208542403765,-194.08532954752445,28.419102170159864,,0.602737033367157,
1504000,1114.7490682601929,-191.8115507364273,36.007376896868436,-0.0074115373990498055,16.555756282806396,0.8516825616359711,0.0047636885312385855,-194.08532954752445,28.419102170159864,,0.5379849135875702,
1508000,1117.5225584506989,-193.33102416992188,34.23780427232486,-0.008111029831537397,12.813646507263183,0.8896510064601898,0.0025821440348372526,-194.08532954752445,28.419102170159864,,0.5348730981349945,
1512000,1120.3293714523315,-198.9676148891449,37.08616206793069,-0.007578661343393222,12.839646530151366,0.9119275808334351,0.004104565683519468,-194.08532954752445,28.419102170159864,,0.4739374279975891,
1516000,1123.1594471931458,-197.0946295261383,32.344721371577926,-0.008373440663175047,10.03129472732544,0.8941925168037415,0.006726792171869134,-194.08532954752445,28.419102170159864,,0.5312984824180603,
1520000,1125.9756541252136,-196.94157361984253,33.179757240347264,-0.008143188551844417,11.929126262664795,0.8838517308235169,0.007544348912779242,-194.08532954752445,28.419102170159864,,0.5094050347805024,
1524000,1129.8804650306702,-207.03088998794556,31.288693579326438,-0.006294198151988284,15.544873142242432,0.862559151649475,0.0050072899903170764,-193.01215994358063,35.22395716738212,,0.5373005509376526,
1528000,1132.695838689804,-196.34572899341583,33.19886386669803,-0.006212837478922051,17.089912796020506,0.872600507736206,0.006019405235691622,-193.01215994358063,35.22395716738212,,0.5600648522377014,
1532000,1135.509834766388,-195.6242711544037,32.753416370767056,-0.007730564060000234,11.543658828735351,0.8855118334293366,0.00737725715768951,-193.01215994358063,35.22395716738212,,0.5256512820720672,
1536000,1138.3188242912292,-191.0928349494934,34.234090351127676,-0.006128543396790853,14.84511957168579,0.9255605697631836,0.007613916155416511,-193.01215994358063,35.22395716738212,,0.4356492191553116,
1540000,1141.151863336563,-198.05545210838318,30.202282110733574,-0.0055333428028195185,13.17890043258667,0.8833937287330628,0.0032813719209128676,-193.01215994358063,35.22395716738212,,0.5278029441833496,
1544000,1143.9752371311188,-194.13690626621246,34.61384434997726,-0.007254320924015012,9.947224617004395,0.8408027172088623,0.00828930049932879,-193.01215994358063,35.22395716738212,,0.5611471116542817,
1548000,1146.7852668762207,-193.79874777793884,31.48685602298443,-0.006444455622540169,13.53798942565918,0.8770959079265594,0.005036671599140385,-193.01215994358063,35.22395716738212,,0.577895849943161,
1552000,1149.6003980636597,-196.20266377925873,33.7017833579595,-0.00733014069932203,9.131410932540893,0.9336821854114532,0.005181902293271079,-193.01215994358063,35.22395716738212,,0.5227502167224884,
1556000,1152.4225294589996,-190.0628023147583,36.09198099445226,-0.006049633820308387,11.331551456451416,0.9310261607170105,0.004683503156450275,-193.01215994358063,35.22395716738212,,0.4573831677436829,
1560000,1155.2529153823853,-192.83005011081696,29.16356247125175,-0.00835577775134393,9.161097145080566,0.8709100723266602,0.007207971585759321,-193.01215994358063,35.22395716738212,,0.5653848648071289,
1564000,1159.1642849445343,-194.34032499790192,34.56569388911219,-0.006082911989496509,14.327549648284911,0.8920532166957855,0.0030337540239997905,-198.63499665260315,42.030099729759996,,0.5209758520126343,
1568000,1161.973581314087,-189.3756458759308,34.72055675103508,-0.00668304517741003,9.7573486328125,0.9101034879684449,0.00459777720971033,-198.63499665260315,42.030099729759996,,0.5131236612796783,
1572000,1164.7792494297028,-187.66926753520966,31.637154820802813,-0.00618368192149017,12.569999885559081,0.878529953956604,0.004383243107198118,-198.63499665260315,42.030099729759996,,0.4992955058813095,
1576000,1167.5883135795593,-194.58535432815552,32.28251892333918,-0.005684221681828383,11.960239601135253,0.9232219219207763,0.005794506311921088,-198.63499665260315,42.030099729759996,,0.4591993153095245,
1580000,1170.371918439865,-188.4595227241516,28.379862761958154,-0.006863292916212238,10.983398056030273,0.8912772476673126,0.002832619927357882,-198.63499665260315,42.030099729759996,,0.4844845950603485,
1584000,1173.1831560134888,-180.58602488040924,27.41318749097728,-0.008181767457320088,8.406965494155884,0.8616026103496551,0.0064746537944301965,-198.63499665260315,42.030099729759996,,0.545254909992218,
1588000,1175.9998919963837,-192.13946735858917,33.63564205349793,-0.005830060667125503,12.147597885131836,0.8773285806179046,0.00414935668813996,-198.63499665260315,42.030099729759996,,0.507470178604126,
1592000,1178.8206350803375,-198.31330132484436,34.73109731745234,-0.00663669862023859,11.526325511932374,0.8632650911808014,0.006349990091597047,-198.63499665260315,42.030099729759996,,0.5154746770858765,
1596000,1181.6526608467102,-192.28736519813538,29.70814641317787,-0.007390085710523031,10.41630220413208,0.8504262208938599,0.0016064413488493302,-198.63499665260315,42.030099729759996,,0.5306563973426819,
1600000,1184.5111284255981,-189.5539309978485,36.06546840830604,-0.006298189791074727,12.543951797485352,0.8459187090396881,0.0034823483671061694,-198.63499665260315,42.030099729759996,,0.526845496892929,
1604000,1188.3996260166168,-199.50428664684296,36.660924641459786,-0.0060643585734845296,11.629575157165528,0.8254753410816192,0.004661796311673244,-190.46000204980373,31.92730550502928,,0.5158555150032044,
1608000,1191.2307126522064,-191.86785054206848,26.080406028522006,-0.006288311427226301,12.101311302185058,0.8578908920288086,0.003964293728698998,-190.46000204980373,31.92730550502928,,0.4870715647935867,
1612000,1194.0662460327148,-193.4421579837799,29.88502632360916,-0.007823385236008718,8.850121927261352,0.8459450721740722,0.007313580037560374,-190.46000204980373,31.92730550502928,,0.5925233960151672,
1616000,1196.894418478012,-201.4745810031891,29.548661290339464,-0.006374400054570373,12.746868896484376,0.8706057965755463,0.006461990950629115,-190.46000204980373,31.92730550502928,,0.47941538095474245,
1620000,1199.7211728096008,-189.4884524345398,33.471518627821254,-0.009463568063763184,8.026595735549927,0.8768451869487762,0.008426897907629715,-190.46000204980373,31.92730550502928,,0.5340216100215912,
1624000,1202.5484454631805,-188.23221933841705,30.12358195928042,-0.008379485607612836,10.686684799194335,0.8734485328197479,0.008825839916865075,-190.46000204980373,31.92730550502928,,0.5313487648963928,
1628000,1205.3736288547516,-198.42061853408813,32.549208425239755,-0.00751806940107298,17.00885419845581,0.8663180768489838,0.007012225731741628,-190.46000204980373,31.92730550502928,,0.5635360777378082,
1632000,1208.2006194591522,-186.48374092578888,35.185856542733625,-0.006508426591676342,10.837865447998047,0.8500577330589294,0.005018640097114257,-190.46000204980373,31.92730550502928,,0.5268752932548523,
1636000,1211.0308814048767,-200.61573576927185,33.781812630160125,-0.00562288618173139,11.880872058868409,0.8348376154899597,0.003985930623457534,-190.46000204980373,31.92730550502928,,0.5605201959609986,
1640000,1213.870296239853,-190.5444643497467,33.16871488992241,-0.006995768292962268,8.788553762435914,0.8210841000080109,0.004231742594856769,-190.46000204980373,31.92730550502928,,0.5699162483215332,
1644000,1217.797476530075,-197.56105136871338,34.09540680395316,-0.0068269331281383796,13.560401344299317,0.824902206659317,0.0036933757333705852,-191.45866530761123,29.821887134454457,,0.5431631147861481,
1648000,1220.6171567440033,-195.1843730211258,29.59865294680066,-0.00751128584736338,7.241544008255005,0.8499430060386658,0.009789659546843455,-191.45866530761123,29.821887134454457,,0.46999012529850004,
1652000,1223.4396605491638,-192.95267343521118,34.2734441157989,-0.006130151779856518,9.312354278564452,0.858310729265213,0.004178035214776177,-191.45866530761123,29.821887134454457,,0.44892759025096896,
1656000,1226.2736937999725,-201.72404527664185,35.468227330680584,-0.005967555496143184,10.680180644989013,0.8853268504142762,0.003931259288219735,-191.45866530761123,29.821887134454457,,0.40553960800170896,
1660000,1229.080696105957,-197.79433250427246,30.813973556138794,-0.006798097078998882,11.677882862091064,0.8973079025745392,0.006363518003840074,-191.45866530761123,29.821887134454457,,0.4468403697013855,
1664000,1231.905071258545,-196.81863343715668,40.56751298734427,-0.005092054437147464,9.442020511627197,0.8870788931846618,0.0040138319076504555,-191.45866530761123,29.821887134454457,,0.4678369641304016,
1668000,1234.7300696372986,-190.5262212753296,34.64533060122413,-0.0075815890439166365,11.017998600006104,0.8670015156269073,0.00578334443884283,-191.45866530761123,29.821887134454457,,0.48095721900463106,
1672000,1237.5620572566986,-204.8584487438202,31.537619794888656,-0.005501800309400995,14.019525527954102,0.8615407347679138,0.0033806659789600733,-191.45866530761123,29.821887134454457,,0.5132621109485627,
1676000,1240.381625175476,-193.9114818572998,28.145898873656062,-0.007462447043973963,12.190095710754395,0.9154178917407989,0.006023310927829417,-191.45866530761123,29.821887134454457,,0.4518400698900223,
1680000,1243.2280504703522,-196.80983924865723,28.496361131494847,-0.005833466612966731,11.356977367401123,0.8983314216136933,0.0034965863271306575,-191.45866530761123,29.821887134454457,,0.5313033521175384,
1684000,1247.1590144634247,-193.82751512527466,33.91550882528101,-0.004872133606579165,15.183756065368652,0.9464304327964783,0.002032761520749782,-193.44115464389324,31.55681903341825,,0.42317540347576144,
1688000,1249.9921143054962,-198.59580302238464,34.26164301248436,-0.007885136789021363,9.915841007232666,0.8873316645622253,0.005334610544106333,-193.44115464389324,31.55681903341825,,0.5044001340866089,
1692000,1252.8233079910278,-192.2275893688202,35.11914791660142,-0.006115154086767394,13.636870765686036,0.9439024567604065,0.007977391721215098,-193.44115464389324,31.55681903341825,,0.3876131266355515,
1696000,1255.6539161205292,-187.52293920516968,26.88444161496176,-0.008768068735643198,9.865807437896729,0.9260875105857849,0.005848452675624482,-193.44115464389324,31.55681903341825,,0.5178179740905762,
1700000,1258.4913063049316,-192.79028022289276,34.40225003943235,-0.007865566970314842,11.451709938049316,0.9592393338680267,0.008343833341496066,-193.44115464389324,31.55681903341825,,0.40507439970970155,
1704000,1261.328280210495,-181.05798137187958,30.51487778698417,-0.00588110763253642,9.850528717041016,0.889150333404541,0.006588410971104175,-193.44115464389324,31.55681903341825,,0.5046600341796875,
1708000,1264.1653337478638,-200.3261079788208,31.63819822708762,-0.005842164680361783,15.389185619354247,0.9439487814903259,0.0047243801304915345,-193.44115464389324,31.55681903341825,,0.43715664446353913,
1712000,1266.9869589805603,-196.35633301734924,26.168163773933912,-0.00710241213223588,15.450416660308838,0.9214973688125611,0.0067403372304397635,-193.44115464389324,31.55681903341825,,0.5004328668117524,
1716000,1269.8084716796875,-199.2013509273529,39.42383420543379,-0.006282272710154402,16.26550922393799,0.8979066431522369,0.005056811971007847,-193.44115464389324,31.55681903341825,,0.47485637962818145,
1720000,1272.6565039157867,-189.47113394737244,31.148038807033426,-0.00663413815378826,15.423460483551025,0.8834470629692077,0.004590799186572747,-193.44115464389324,31.55681903341825,,0.50103939473629,
1724000,1276.5763936042786,-195.15410923957825,35.09167995477474,-0.006134587721743934,16.14582242965698,0.8887812435626984,0.006640265733585693,-193.02343203127384,35.132148785000666,,0.49812847971916197,
1728000,1279.3879890441895,-190.0334290266037,31.352306740642046,-0.005124561592121779,10.57084789276123,0.8617594301700592,0.00416081823504646,-193.02343203127384,35.132148785000666,,0.49910573959350585,
1732000,1282.205626487732,-190.4311239719391,27.95416372346706,-0.006899214769713602,11.29177360534668,0.8606671512126922,0.003937383005240313,-193.02343203127384,35.132148785000666,,0.5189447641372681,
1736000,1285.0137367248535,-195.1471574306488,35.78555058159526,-0.0058710970540220234,10.85321216583252,0.8599815547466279,0.003698890079976991,-193.02343203127384,35.132148785000666,,0.4795623004436493,
1740000,1287.8362152576447,-193.37563705444336,34.990432190211976,-0.004399180010737247,15.080872058868408,0.8411349058151245,0.0029271732796138927,-193.02343203127384,35.132148785000666,,0.46806559562683103,
1744000,1290.6419167518616,-193.4524782896042,34.39839090324328,-0.005311192884653182,16.886414337158204,0.8248875617980957,0.004962439202082614,-193.02343203127384,35.132148785000666,,0.4755352377891541,
1748000,1293.4620463848114,-189.6491630077362,35.47465202171628,-0.005605382219422595,13.504925441741943,0.8950756013393402,0.0050181568192783745,-193.02343203127384,35.132148785000666,,0.4409867852926254,
1752000,1296.2883641719818,-197.0497691631317,32.838231431188994,-0.007388068929935487,13.2204026222229,0.8741999387741088,0.006251630492586024,-193.02343203127384,35.132148785000666,,0.45845097601413726,
1756000,1299.0682213306427,-196.11581444740295,29.071775170696718,-0.005743359107834323,11.383145618438721,0.8784754812717438,0.004742276039983473,-193.02343203127384,35.132148785000666,,0.4477219134569168,
1760000,1301.894811630249,-201.1941695213318,36.5880512797108,-0.005040116283654683,16.010891342163085,0.8981105983257294,0.005940303551343629,-193.02343203127384,35.132148785000666,,0.3760844886302948,
1764000,1305.8724513053894,-191.97615432739258,36.17191412598698,-0.004639739804280296,12.533209705352784,0.8755751430988312,0.002872008754638955,-203.68986225873232,43.239950111113075,,0.47896120846271517,
1768000,1308.6836409568787,-191.47893488407135,37.80101805685815,-0.0072361460054914065,10.071330070495605,0.8461749851703644,0.002511886358959625,-203.68986225873232,43.239950111113075,,0.47037640810012815,
1772000,1311.5064783096313,-204.16317772865295,35.52783435472072,-0.006173847643968955,17.304477214813232,0.835767126083374,0.005581488262396306,-203.68986225873232,43.239950111113075,,0.45393586456775664,
1776000,1314.334617614746,-200.087242603302,27.567165849967495,-0.009443086129613221,9.822879219055176,0.8009335577487946,0.007352882588747889,-203.68986225873232,43.239950111113075,,0.4668972223997116,
1780000,1317.1741917133331,-189.03537130355835,26.305443641471584,-0.009377495247560264,8.535984373092651,0.7908328354358674,0.010729322352757188,-203.68986225873232,43.239950111113075,,0.4943211942911148,
1784000,1320.0094630718231,-194.87312519550323,37.930442864318664,-0.006992579752579342,17.455369472503662,0.8408794581890107,0.004745893509243615,-203.68986225873232,43.239950111113075,,0.42904435098171234,
1788000,1322.8442687988281,-191.44210994243622,32.673724261797,-0.007948987994808698,12.996495819091797,0.8120684206485749,0.007296960682297815,-203.68986225873232,43.239950111113075,,0.4603403270244598,
1792000,1325.6881206035614,-190.4898647069931,31.543261974366782,-0.007946202705148587,14.822031211853027,0.811550635099411,0.009263028037423914,-203.68986225873232,43.239950111113075,,0.5565578758716583,
1796000,1328.5258252620697,-195.82157158851624,30.30533733408194,-0.007555661657514668,15.362866878509521,0.8311179757118226,0.005121418427249225,-203.68986225873232,43.239950111113075,,0.4584012031555176,
1800000,1331.3745584487915,-187.62799715995789,27.98399875433864,-0.009144629382528358,10.013993263244629,0.7638132870197296,0.01264930967241531,-203.68986225873232,43.239950111113075,,0.5358793139457703,
1804000,1335.4050993919373,-201.90948009490967,39.23339373931556,-0.006352546356928812,16.330902576446533,0.8073109090328217,0.006995488132815808,-191.59055310487747,41.17956758610783,,0.5002874463796616,
1808000,1338.253802537918,-187.820485830307,29.77133641877513,-0.005971508820385984,17.70926790237427,0.8227566838264465,0.006250511988764629,-191.59055310487747,41.17956758610783,,0.4646914482116699,
1812000,1341.0686945915222,-190.23856914043427,36.03441154078593,-0.008413215013841758,14.498207569122314,0.8324941575527192,0.00560321566881612,-191.59055310487747,41.17956758610783,,0.4616100758314133,
1816000,1343.8912389278412,-189.06637501716614,36.75270439522259,-0.0070077852684383045,11.407449913024902,0.7866192579269409,0.00724936411716044,-191.59055310487747,41.17956758610783,,0.5726891934871674,
1820000,1346.704661846161,-194.7606633901596,35.73466986262768,-0.006000490362755961,31.117656898498534,0.8361688256263733,0.006492344028083607,-191.59055310487747,41.17956758610783,,0.49086369276046754,
1824000,1349.5298025608063,-190.75091862678528,35.9025229118534,-0.006639967794685298,13.119235134124756,0.8329149901866912,0.005872231205226885,-191.59055310487747,41.17956758610783,,0.4428663462400436,
1828000,1352.3794701099396,-188.36934208869934,36.11936781387937,-0.0075323266300838295,14.173071575164794,0.8073059856891632,0.006323893968442773,-191.59055310487747,41.17956758610783,,0.4436600893735886,
1832000,1355.2024693489075,-196.82019674777985,32.50609865685732,-0.007596237976569675,13.885655975341797,0.8138009488582612,0.006741861814322572,-191.59055310487747,41.17956758610783,,0.428181329369545,
1836000,1358.0236027240753,-189.38358223438263,33.418510324303405,-0.0075024671175828676,15.319087409973145,0.8158687055110931,0.00809084887150675,-191.59055310487747,41.17956758610783,,0.4523724943399429,
1840000,1360.8556859493256,-182.57234919071198,36.05831541239643,-0.008954800949121511,13.984170246124268,0.8222441852092743,0.00784481211885577,-191.59055310487747,41.17956758610783,,0.4146283268928528,
1844000,1364.8464715480804,-194.97077655792236,31.8444624441871,-0.006528002480355432,20.274853897094726,0.7944089531898498,0.007029920700006187,-189.8103246986866,30.069472200505114,,0.49379518032073977,
1848000,1367.7022020816803,-186.68410646915436,31.750228794089498,-0.007220685905621682,14.065808391571045,0.8260571420192718,0.005654683175341546,-189.8103246986866,30.069472200505114,,0.40816494822502136,
1852000,1370.5573647022247,-194.71724796295166,35.96466146829606,-0.007270394218464649,19.20266971588135,0.8180027306079865,0.002247218830899023,-189.8103246986866,30.069472200505114,,0.44082854092121126,
1856000,1373.3925082683563,-193.27230501174927,34.54253953805923,-0.005073821373283849,20.81431427001953,0.8171526849269867,0.0016269164247205482,-189.8103246986866,30.069472200505114,,0.3984692096710205,
1860000,1376.2373569011688,-190.93690705299377,31.49502429638216,-0.008561261053662861,10.05186357498169,0.7732252418994904,0.005783334362786263,-189.8103246986866,30.069472200505114,,0.43865434527397157,
1864000,1379.074850320816,-189.73531639575958,32.348913379128284,-0.007825171187675206,13.649840831756592,0.7568158805370331,0.00855321199633181,-189.8103246986866,30.069472200505114,,0.4631362289190292,
1868000,1381.902402639389,-185.9049849510193,29.69351661530977,-0.006630583113292232,12.5927264213562,0.7691241562366485,0.005134245752977851,-189.8103246986866,30.069472200505114,,0.39499097168445585,
1872000,1384.7412219047546,-189.77231860160828,29.847759748041387,-0.00867944696918128,20.771463775634764,0.7843795537948608,0.011183699064267217,-189.8103246986866,30.069472200505114,,0.45214563310146333,
1876000,1387.58509683609,-194.43705463409424,22.822017530930584,-0.008124072814981087,17.427324962615966,0.8203909516334533,0.008456844894137916,-189.8103246986866,30.069472200505114,,0.3707451432943344,
1880000,1390.4361135959625,-199.87506771087646,39.25865976096127,-0.006623803644285786,18.142961978912354,0.7599559485912323,0.0044461431755141055,-189.8103246986866,30.069472200505114,,0.4571179896593094,
1884000,1394.4170713424683,-187.12322354316711,33.7416977898881,-0.005790544879622672,18.98388557434082,0.7886587262153626,0.004437051251608271,-188.06663772463799,30.683684061874672,,0.4659897953271866,
1888000,1397.244811296463,-187.29664540290833,41.138008632517874,-0.008629477630990267,19.33810977935791,0.8285967230796814,0.007512831960998789,-188.06663772463799,30.683684061874672,,0.44800983667373656,
1892000,1400.086198091507,-192.8756641149521,36.42405407784866,-0.008231034345924825,17.441171169281006,0.7710384905338288,0.0036846244416665285,-188.06663772463799,30.683684061874672,,0.5300742387771606,
1896000,1402.925304889679,-189.47709226608276,28.57392290382051,-0.008457311599515372,15.81714448928833,0.8150772392749787,0.007794678088976071,-188.06663772463799,30.683684061874672,,0.4549741238355637,
1900000,1405.740756034851,-187.98815786838531,32.93403050908264,-0.007554691208216053,18.39341983795166,0.8501420736312866,0.004281598117396613,-188.06663772463799,30.683684061874672,,0.4321890354156494,
1904000,1408.580088853836,-195.3638288974762,38.40368905275782,-0.008320374351305304,20.443545722961424,0.8263179004192353,0.007009842147817835,-188.06663772463799,30.683684061874672,,0.41824999153614045,
1908000,1411.4131124019623,-182.19396376609802,29.1154315849674,-0.008205353981660047,16.500987148284914,0.8319641530513764,0.0050525931204902005,-188.06663772463799,30.683684061874672,,0.4643415242433548,
1912000,1414.2415175437927,-196.99627709388733,31.72530432580716,-0.0077161574293859395,16.104927253723144,0.839784848690033,0.004773651162395254,-188.06663772463799,30.683684061874672,,0.42560423612594606,
1916000,1417.075305223465,-191.1013914346695,35.89377654471513,-0.006290268736270565,21.63657398223877,0.8601070821285248,0.0036649748620499524,-188.06663772463799,30.683684061874672,,0.4083759933710098,
1920000,1419.9028358459473,-188.33584904670715,31.83591932817343,-0.009097694472409757,13.996638870239257,0.8571816802024841,0.009305836458224803,-188.06663772463799,30.683684061874672,,0.4614394247531891,
1924000,1423.871822834015,-197.4910430908203,29.333553417104184,-0.007099508407836158,14.209116554260254,0.887994259595871,0.005528997294459259,-191.27620919048786,35.1282577818898,,0.3652867764234543,
1928000,1426.7014524936676,-186.8892296552658,34.529210283067364,-0.008018428569504365,14.750235843658448,0.8335159659385681,0.006714142755605312,-191.27620919048786,35.1282577818898,,0.44743727445602416,
1932000,1429.5334980487823,-194.09305000305176,31.34250557294833,-0.0073857343005947484,17.24610815048218,0.8319829225540161,0.006965524670124679,-191.27620919048786,35.1282577818898,,0.37090529799461364,
1936000,1432.3813729286194,-196.0952854156494,37.025547784989385,-0.00839833214615161,15.668004989624023,0.8300363183021545,0.006505563136306592,-191.27620919048786,35.1282577818898,,0.44446067214012147,
1940000,1435.2170069217682,-186.16737139225006,32.27964025933904,-0.007676054226389795,14.49710168838501,0.8150289177894592,0.006323369853635086,-191.27620919048786,35.1282577818898,,0.44817342758178713,
1944000,1438.0543990135193,-195.45572423934937,31.73981695635548,-0.008438168193834538,16.591943550109864,0.847451138496399,0.0060493199848569825,-191.27620919048786,35.1282577818898,,0.4339361429214478,
1948000,1440.8977873325348,-191.2263935804367,30.489239808732187,-0.0064883925008278,13.397989082336426,0.8095708847045898,0.006169935362452333,-191.27620919048786,35.1282577818898,,0.4828407973051071,
1952000,1443.7401354312897,-195.7671434879303,33.30520391868054,-0.007885645228127647,18.133998107910156,0.8388245880603791,0.007503606241468041,-191.27620919048786,35.1282577818898,,0.4736428916454315,
1956000,1446.5742053985596,-199.9933124780655,31.037022511920757,-0.008076897826200913,14.0509464263916,0.830987936258316,0.004849933437071741,-191.27620919048786,35.1282577818898,,0.49603278040885923,
1960000,1449.4171628952026,-192.71692967414856,35.911257744199695,-0.004272335179247122,22.544002342224122,0.8593263804912568,0.002350530750118196,-191.27620919048786,35.1282577818898,,0.4552503913640976,
1964000,1453.3391160964966,-196.50566399097443,38.94307616231514,-0.006963847924179057,23.27150077819824,0.8190212249755859,0.008776922128163278,-191.22002615779638,32.015980866913225,,0.4903912842273712,
1968000,1456.141208410263,-195.90407133102417,29.471290563125677,-0.0069380345198636565,16.66853971481323,0.7712716579437255,0.002633206763421203,-191.22002615779638,32.015980866913225,,0.5001510798931121,
1972000,1458.9324343204498,-188.889395236969,32.331624407653,-0.009582605475249473,12.075024509429932,0.8139543890953064,0.0030022032442502677,-191.22002615779638,32.015980866913225,,0.4584630638360977,
1976000,1461.7415447235107,-198.57729363441467,33.94257784472255,-0.00688785836473107,20.346193695068358,0.8598537921905518,0.003490885015169631,-191.22002615779638,32.015980866913225,,0.4168023198843002,
1980000,1464.5626986026764,-196.09734749794006,36.894583645412645,-0.007207078854242965,11.951828289031983,0.8274857878684998,0.0054819633592851245,-191.22002615779638,32.015980866913225,,0.4285640925168991,
1984000,1467.3062937259674,-188.8231325149536,32.680858650216116,-0.007133096255362048,15.626970481872558,0.8182277977466583,0.005218629068345763,-191.22002615779638,32.015980866913225,,0.522869062423706,
1988000,1470.0884494781494,-191.862934589386,31.124678442968747,-0.005145654639539599,18.919648742675783,0.8347494721412658,0.004772832215065126,-191.22002615779638,32.015980866913225,,0.4983398258686066,
1992000,1472.894163608551,-192.47777032852173,31.8043049314744,-0.007490697820981352,22.40864200592041,0.8258596062660217,0.006833347730571404,-191.22002615779638,32.015980866913225,,0.5235157430171966,
1996000,1475.7105848789215,-195.06313395500183,28.105424720019066,-0.0069909400639589945,17.550603580474853,0.8669805645942688,0.007385962235275656,-191.22002615779638,32.015980866913225,,0.49509393274784086,
2000000,1478.5088727474213,-184.4128816127777,38.14398187222797,-0.00675871735112743,21.198793411254883,0.8805941581726074,0.0032520280103199182,-191.22002615779638,32.015980866913225,,0.5002405881881714,
