global_step,wall_time_s,ep_return_mean,ep_return_std,policy_loss,value_loss,entropy,approx_kl,eval_return_mean,eval_return_std,mean_k,attn_entropy,lagrange_lambda
4000,4.0953688621521,-236.48676705360413,37.65680652675527,-0.0002325890547593801,225.9679153442383,1.6030255794525146,4.055285244248807e-05,,,4.889521074295044,,
8000,7.771984100341797,-239.1541600227356,54.0506985794405,-0.0006946056573553961,188.5789779663086,1.595860230922699,6.95387525340152e-11,,,4.937854242324829,,
12000,11.226410865783691,-230.2644076347351,37.54692494774274,-0.0006688288671227837,177.33712005615234,1.5908010005950928,4.522288895714155e-06,,,4.944833469390869,,
16000,14.951512098312378,-225.4159290790558,40.622705401400395,-0.0003054673153698673,142.47653045654297,1.5726083159446715,2.655793105077464e-06,,,4.965437555313111,,
20000,18.656108140945435,-214.6289620399475,37.93763686788627,-0.0006643541654923979,89.74909210205078,1.5657151460647583,0.0,,,4.9674585342407225,,
24000,22.369932889938354,-209.20512580871582,41.072093460319365,-0.0009376075189479139,80.14382400512696,1.5382137656211854,0.0014133974006399486,,,4.98312520980835,,
28000,26.105724811553955,-217.7591049671173,46.58852596853089,-0.00054161612698711,78.96118698120117,1.514082431793213,0.0001797865249391184,,,4.975062513351441,,
32000,29.77083969116211,-217.4443383216858,28.719352267517934,-0.002239397189929271,76.92643356323242,1.510513150691986,0.0003486238570076239,,,4.992375278472901,,
36000,33.52535700798035,-229.41822862625122,49.057807835933396,-0.0009124309112472862,72.80167198181152,1.5011315584182738,0.00045128071651561185,,,4.92618761062622,,
40000,37.289196729660034,-224.41542196273804,37.149400594870855,-9.930437624277033e-05,70.47251396179199,1.474100661277771,0.0004335753572959233,,,4.870000123977661,,
44000,43.80469059944153,-203.25062084197998,37.10992936141687,-0.0014283494796739405,65.77833786010743,1.4687408328056335,0.00020866413542535155,-258.8722945302725,49.17593681587861,4.9120001792907715,,
48000,47.52249050140381,-214.7738597393036,41.313064591504514,-0.0009217480197257544,55.5770751953125,1.4775070071220398,0.000903389441939606,-258.8722945302725,49.17593681587861,4.893562602996826,,
52000,51.23477578163147,-212.34998440742493,37.64435529233291,-0.001977897964369424,54.20566024780273,1.4853576302528382,0.0008194519123013999,-258.8722945302725,49.17593681587861,4.839771032333374,,
56000,54.959969997406006,-221.98258352279663,40.582245901950984,-0.0029028687584019995,56.488877868652345,1.4573931574821473,0.0008400356946367538,-258.8722945302725,49.17593681587861,4.792479228973389,,
60000,58.653621673583984,-213.2496738433838,40.208842519265644,-0.0013130316946383669,58.320299530029295,1.450334095954895,0.00038716614701358315,-258.8722945302725,49.17593681587861,4.617333459854126,,
64000,62.3601279258728,-213.23693299293518,33.158790128292786,-0.0016495409274162932,50.69679908752441,1.4285855054855348,0.0006557192906039066,-258.8722945302725,49.17593681587861,4.767541837692261,,
68000,66.08085131645203,-211.35909986495972,32.59257410236913,-0.0009705530670083284,34.23174839019775,1.441938054561615,0.00046366639227684024,-258.8722945302725,49.17593681587861,4.6968542575836185,,
72000,69.72323703765869,-222.27931952476501,38.36091143414459,-0.0018005225057713403,46.51464996337891,1.3935995697975159,0.0,-258.8722945302725,49.17593681587861,4.718437576293946,,
76000,73.35441589355469,-222.5671625137329,36.01978439667189,-0.0016692194264809057,33.17251739501953,1.3903044223785401,0.002639220788842067,-258.8722945302725,49.17593681587861,4.638145875930786,,
80000,77.07542824745178,-232.3301944732666,42.09437678429624,-0.002037950300553337,41.26414413452149,1.4113256335258484,0.0010060790317535818,-258.8722945302725,49.17593681587861,4.479791784286499,,
84000,83.54149293899536,-231.3946235179901,47.063348974448495,-0.0021375712034059635,52.58213920593262,1.4268557667732238,0.0004814016882470851,-236.004829287529,51.662297783931606,4.436833477020263,,
88000,87.25550150871277,-229.08757138252258,33.199891778062195,-0.0021981428558356165,39.96740226745605,1.354298508167267,0.0016953748791323387,-236.004829287529,51.662297783931606,4.525229263305664,,
92000,90.96152114868164,-209.9632292985916,45.586900329254895,-0.00299176928106073,36.532210731506346,1.3400706052780151,0.004808825536747463,-236.004829287529,51.662297783931606,4.433145999908447,,
96000,94.64653062820435,-215.44933009147644,37.06318886120567,-0.0029587263185530954,42.88838272094726,1.2846858739852904,0.0023747297083900774,-236.004829287529,51.662297783931606,4.296812582015991,,
100000,98.35322690010071,-234.39311575889587,53.057267661026074,-0.002662459909760706,61.43621635437012,1.3101892471313477,0.004049630928435366,-236.004829287529,51.662297783931606,4.273020935058594,,
104000,102.14250922203064,-225.17299151420593,43.55600361080264,-0.0022169814337200224,36.36084461212158,1.3964142084121705,0.001373258387320675,-236.004829287529,51.662297783931606,4.165833377838135,,
108000,105.89440727233887,-228.5402181148529,44.79169626530044,-0.0007591072824482903,54.92415542602539,1.4284708499908447,0.0008502231181410025,-236.004829287529,51.662297783931606,4.23733344078064,,
112000,109.60554718971252,-222.9943492412567,43.906574157069564,-0.0033315187956711513,49.98587188720703,1.4021949172019958,0.002834230725420639,-236.004829287529,51.662297783931606,4.328000116348266,,
116000,113.32584500312805,-237.29705119132996,48.879762523356185,-0.0017472738221355534,39.28455505371094,1.3457786560058593,0.0011095555423720148,-236.004829287529,51.662297783931606,3.6829584360122682,,
120000,116.89973735809326,-236.26710891723633,43.62480100406352,-0.0014737265674048317,38.3842752456665,1.3518894910812378,0.0029537283053699265,-236.004829287529,51.662297783931606,3.45533344745636,,
124000,123.35857367515564,-240.63589525222778,49.74396561495964,-0.0021413385265816485,30.250594520568846,1.3108339786529541,0.0008565777307958378,-253.92072139680386,78.95684363022835,3.517208433151245,,
128000,127.05488276481628,-245.26446866989136,49.827215333188896,-0.003944471185173226,33.60508708953857,1.2664852857589721,0.0038674024463834834,-253.92072139680386,78.95684363022835,3.3885833740234377,,
132000,130.74369955062866,-233.3628751039505,49.00009772332401,-0.0032975259728264205,28.79641342163086,1.2761141180992126,0.0034740315176350124,-253.92072139680386,78.95684363022835,3.2757917404174806,,
136000,134.39697003364563,-238.44277906417847,43.75671249905215,-0.0035407566168967008,32.57431507110596,1.2681213855743407,0.003702380916181336,-253.92072139680386,78.95684363022835,3.469437575340271,,
140000,138.1275486946106,-233.74853658676147,49.03041463081334,-0.003225009247039701,30.7162073135376,1.2864140033721925,0.0021066862854252967,-253.92072139680386,78.95684363022835,3.48075008392334,,
144000,141.7630090713501,-228.574134349823,41.86569184384257,-0.002561486838307836,28.87503318786621,1.1984087824821472,0.004359319879983925,-253.92072139680386,78.95684363022835,3.3741667747497557,,
148000,145.45597624778748,-243.0034167766571,40.71266394741827,-0.004864551763671132,27.739159965515135,1.187022340297699,0.00536995027505327,-253.92072139680386,78.95684363022835,3.3145209312438966,,
152000,149.14275121688843,-238.50966000556946,49.993828157088096,-0.002840965969410458,25.81846218109131,1.1287415981292725,0.0019741552241612226,-253.92072139680386,78.95684363022835,3.2755833864212036,,
156000,152.84268403053284,-239.85711359977722,58.49888637846282,-0.0021688052030755635,53.92918472290039,1.227386999130249,0.0015178672949938798,-253.92072139680386,78.95684363022835,3.724854254722595,,
160000,156.6078863143921,-239.58575701713562,53.68534291604155,-0.004281849788346647,52.111609649658206,1.2312822580337524,0.005206594552146271,-253.92072139680386,78.95684363022835,3.743916726112366,,
164000,163.00298380851746,-228.76637625694275,41.751404662518446,-0.00510972113868533,34.68845081329346,1.2597370743751526,0.0027252209503785705,-236.3902229964733,58.46326052554636,4.2685833930969235,,
168000,166.6375060081482,-224.67789721488953,48.65425721162026,-0.004592870156125484,48.31867866516113,1.2332714080810547,0.004443583027750719,-236.3902229964733,58.46326052554636,3.8410000801086426,,
172000,170.3608751296997,-218.71693205833435,40.37357516678446,-0.003611082257392484,43.50800476074219,1.1799760460853577,0.005414683400886133,-236.3902229964733,58.46326052554636,3.9130001068115234,,
176000,174.0552875995636,-236.1312301158905,44.73975341952902,-0.0035381719165404222,39.06433963775635,1.1941320300102234,0.0018359978290391154,-236.3902229964733,58.46326052554636,3.8560000896453857,,
180000,177.75711512565613,-237.38396883010864,43.441892954071236,-0.003834190911225299,37.538469314575195,1.1920931696891786,0.003186620122306827,-236.3902229964733,58.46326052554636,3.57491672039032,,
184000,181.48033666610718,-224.63847041130066,41.472372166847194,-0.00314734975035158,37.284293746948244,1.1884240865707398,0.0021808137607877143,-236.3902229964733,58.46326052554636,3.553645920753479,,
188000,185.20106506347656,-223.47442889213562,49.41979822060914,-0.0038385911891237077,42.82563171386719,1.1351294040679931,0.007924721206227937,-236.3902229964733,58.46326052554636,3.680708408355713,,
192000,188.91456246376038,-230.31143808364868,41.89207364145592,-0.0031293251356498074,35.401970291137694,1.1679407000541686,0.0032804725005989967,-236.3902229964733,58.46326052554636,3.5744376182556152,,
196000,192.6172170639038,-214.2207568883896,47.03386705485898,-0.0030285328325353688,38.78838882446289,1.1835754990577698,0.0024172352527772833,-236.3902229964733,58.46326052554636,3.88566677570343,,
200000,196.43618631362915,-228.3919587135315,37.057890803541724,-0.003739311190399608,40.72543449401856,1.2689660668373108,0.004059169365287138,-236.3902229964733,58.46326052554636,3.629000115394592,,
204000,202.62817239761353,-222.80429887771606,41.598883725075204,-0.004861660035171855,32.76564655303955,1.1970345377922058,0.0034983217861736192,-238.6865235939622,70.83154288638487,3.5722084283828734,,
208000,206.31915998458862,-211.82669353485107,42.28837382663488,-0.004543321591957206,37.804829597473145,1.2675270676612853,0.0025044904985406903,-238.6865235939622,70.83154288638487,3.754479265213013,,
212000,210.0019030570984,-231.47472643852234,48.82301185235841,-0.004060603748269731,45.53147659301758,1.2119253039360047,0.0007369193592409839,-238.6865235939622,70.83154288638487,3.7829167366027834,,
216000,213.7089421749115,-219.12928652763367,34.35382236147912,-0.004294295477797272,31.306117057800293,1.2014293313026427,0.0014539246127242222,-238.6865235939622,70.83154288638487,3.8576042890548705,,
220000,217.42308950424194,-226.77382898330688,48.71168869649857,-0.004046453260661398,25.73864288330078,1.190665316581726,0.002980779530480504,-238.6865235939622,70.83154288638487,3.8362709283828735,,
224000,221.1292963027954,-226.0303819179535,43.23984729391282,-0.004150179840352685,42.61214027404785,1.1532863974571228,0.00169167247973383,-238.6865235939622,70.83154288638487,3.8300626039505006,,
228000,224.82844281196594,-236.55338668823242,51.358622583102886,-0.00425865635174949,29.21338062286377,1.126689088344574,0.0035330803140532384,-238.6865235939622,70.83154288638487,3.7696250915527343,,
232000,228.5293369293213,-248.5093412399292,52.73002541918566,-0.004042259275525195,48.41177406311035,1.139880406856537,0.0033732907647888053,-238.6865235939622,70.83154288638487,3.8122917652130126,,
236000,232.24772810935974,-224.86599135398865,47.59041957910625,-0.004093472478135141,43.33208465576172,1.1575698733329773,0.0017775473243091255,-238.6865235939622,70.83154288638487,3.5752084255218506,,
240000,236.00956511497498,-227.10385751724243,50.55172674172508,-0.003320061047435352,46.36714057922363,1.154223370552063,0.0002773018766117241,-238.6865235939622,70.83154288638487,3.6019376039505007,,
244000,242.4370458126068,-228.2195086479187,44.9883051958964,-0.00442120432845936,33.987395477294925,1.1467082023620605,0.0027382136817323045,-277.1869965046644,130.46364676397366,3.723458433151245,,
248000,246.1343138217926,-228.75131154060364,46.900717946361766,-0.005061097487729693,35.19566135406494,1.1358922839164733,0.003746764780429679,-277.1869965046644,130.46364676397366,3.8093750953674315,,
252000,249.84915399551392,-222.65293502807617,44.60557455825677,-0.0039210399968239605,38.79641056060791,1.170233917236328,0.004011481049383292,-277.1869965046644,130.46364676397366,3.76085422039032,,
256000,253.57157945632935,-241.46869897842407,51.989526378467765,-0.003909554945964633,44.80506286621094,1.1274685263633728,0.002315648892545141,-277.1869965046644,130.46364676397366,3.735875105857849,,
260000,257.2877130508423,-234.70968890190125,48.68692710608359,-0.0035734384295841083,50.91788215637207,1.1324217557907104,0.0026330164545224745,-277.1869965046644,130.46364676397366,3.767916774749756,,
264000,260.9827947616577,-227.78107047080994,43.089125062561216,-0.004521859931759531,36.33517208099365,1.1613935470581054,0.004976299106143412,-277.1869965046644,130.46364676397366,3.8899792671203612,,
268000,264.7187469005585,-227.5247082710266,53.58282732531845,-0.005705209897986308,37.25279064178467,1.1019750118255616,0.002374316685784539,-277.1869965046644,130.46364676397366,3.773145890235901,,
272000,268.45097732543945,-213.21368873119354,42.64783479897664,-0.004338623474817638,41.363356018066405,1.0999427318572998,0.005876934935804457,-277.1869965046644,130.46364676397366,3.9634793043136596,,
276000,272.26176953315735,-226.79603052139282,46.800642070781095,-0.004442665986095861,28.225705718994142,1.0685977220535279,0.003778646088282889,-277.1869965046644,130.46364676397366,3.582229232788086,,
280000,276.0192394256592,-228.95276975631714,54.05088386885205,-0.0038355066644338185,40.164106369018555,1.0515245199203491,0.003561030244221919,-277.1869965046644,130.46364676397366,3.487208437919617,,
284000,282.29700446128845,-225.8204345703125,52.092802042336544,-0.002651147725875447,49.627703475952146,1.1245235681533814,0.0014072444048458088,-234.9080925732851,68.80416831891209,3.2258750915527346,,
288000,286.0166504383087,-221.5721082687378,44.53635346446286,-0.004575541083933743,43.7320858001709,1.069893205165863,0.00385557112749666,-234.9080925732851,68.80416831891209,3.3607292652130125,,
292000,289.74830079078674,-217.02542459964752,45.5396605080516,-0.004174532442198453,33.77953586578369,0.9955212950706482,0.004557454725727439,-234.9080925732851,68.80416831891209,3.22277090549469,,
296000,293.4542317390442,-215.66657209396362,38.64738530235589,-0.005455486132763321,28.119204330444337,1.0213763952255248,0.004832910010009073,-234.9080925732851,68.80416831891209,3.4768334150314333,,
300000,297.18492317199707,-214.0624577999115,37.56605058504567,-0.004085478628364747,41.320155715942384,0.9943822264671326,0.001143665220947393,-234.9080925732851,68.80416831891209,3.3983958959579468,,
304000,300.9176697731018,-223.90445470809937,43.606191054319524,-0.0036542332992733685,37.658085632324216,0.997971099615097,0.0034503074441260438,-234.9080925732851,68.80416831891209,3.266437554359436,,
308000,304.65577125549316,-211.53743314743042,40.880161814823744,-0.005572443931518745,32.7157096862793,1.0365519523620605,0.0041444702838392185,-234.9080925732851,68.80416831891209,3.2956459283828736,,
312000,308.26180148124695,-220.04620897769928,43.09414694567642,-0.004291132014322407,35.28393421173096,1.0525867938995361,0.0032650242006639018,-234.9080925732851,68.80416831891209,3.2467084169387816,,
316000,312.1057620048523,-218.83651983737946,41.09055584048151,-0.004082126175208639,35.31910381317139,0.9463448524475098,0.0039009978499962017,-234.9080925732851,68.80416831891209,3.441479229927063,,
320000,315.90421748161316,-221.15898060798645,43.24331732157487,-0.00254205129769014,33.89909114837646,0.9947222828865051,0.002161646279094076,-234.9080925732851,68.80416831891209,3.4903750896453856,,
324000,322.2427730560303,-211.72252130508423,39.32803396373091,-0.004605799425858948,38.24028282165527,1.0639966011047364,0.0043467994027305504,-225.9803452938795,54.07735662772668,3.418479251861572,,
328000,325.9627916812897,-212.34986805915833,37.251111272054025,-0.005777233871786436,25.304850006103514,1.0862398147583008,0.0035702406168954147,-225.9803452938795,54.07735662772668,3.3694792985916138,,
332000,329.6300551891327,-216.71494388580322,42.82164843475194,-0.004491513041080886,27.602730560302735,1.1002330541610719,0.0021690637634407483,-225.9803452938795,54.07735662772668,3.540041708946228,,
336000,333.4102637767792,-211.45777368545532,34.07305210849831,-0.003956252424977702,35.354051399230954,1.2018638610839845,0.00505981405609055,-225.9803452938795,54.07735662772668,3.3438333749771116,,
340000,337.0753765106201,-209.11867308616638,34.679407125421086,-0.0047932964821811195,25.114520835876466,1.1418190836906432,0.0045112095423974095,-225.9803452938795,54.07735662772668,3.469770884513855,,
344000,340.8470051288605,-203.9600237607956,36.27483367639465,-0.005696127762241954,32.678521919250485,1.1628551602363586,0.005569887690323716,-225.9803452938795,54.07735662772668,3.4565417528152467,,
348000,344.589164018631,-208.5755479335785,37.63067278596391,-0.006462289525972054,32.04448566436768,1.1367447137832642,0.0050973695499124,-225.9803452938795,54.07735662772668,3.6884376049041747,,
352000,348.3455717563629,-214.21145367622375,38.90437208455716,-0.004759838944921935,28.297934532165527,1.1579144716262817,0.005055467302600547,-225.9803452938795,54.07735662772668,3.5086042881011963,,
356000,352.1881642341614,-208.59806847572327,37.14909921915971,-0.0030620613064384016,36.169029235839844,1.188190484046936,0.0033666443223288934,-225.9803452938795,54.07735662772668,3.6254584312438967,,
360000,355.9037342071533,-210.1799294948578,37.38675653948468,-0.005581093461951259,26.191276168823244,1.1566426396369933,0.003694878247126976,-225.9803452938795,54.07735662772668,3.3150625467300414,,
364000,362.2640166282654,-218.39205145835876,41.13269264080229,-0.005854950906553658,28.981051445007324,1.2053774833679198,0.0018546469626016914,-224.00228979438543,56.106577829703404,3.238937592506409,,
368000,366.0004725456238,-215.52301836013794,40.48635041319832,-0.00439391240520246,28.508061981201173,1.2430477857589721,0.0026573778101010247,-224.00228979438543,56.106577829703404,3.1890208959579467,,
372000,369.69263100624084,-215.18524074554443,35.95662353529351,-0.0054302778388373605,28.463545989990234,1.2191514849662781,0.002637284261717776,-224.00228979438543,56.106577829703404,3.3401042222976685,,
376000,373.4447441101074,-213.11636650562286,41.45016413438501,-0.005917496742215001,27.331466674804688,1.1825745582580567,0.001825808291323483,-224.00228979438543,56.106577829703404,3.265083432197571,,
380000,377.0816595554352,-215.37020778656006,36.11433026884693,-0.005282902306566628,28.381465339660643,1.1514248609542848,0.004961989968433045,-224.00228979438543,56.106577829703404,3.358958435058594,,
384000,380.3184597492218,-212.51010417938232,40.30393774527794,-0.005610806786920897,25.333087158203124,1.1223428010940553,0.004965673372498714,-224.00228979438543,56.106577829703404,3.2658334016799926,,
388000,383.57245421409607,-211.5557291507721,39.12582303567041,-0.005564294354524435,25.764775276184082,1.1454153299331664,0.005246411869302392,-224.00228979438543,56.106577829703404,3.373062562942505,,
392000,386.8751072883606,-210.98167777061462,37.183307515043744,-0.005297528020416653,26.478046798706053,1.2233333468437195,0.0034449385188054294,-224.00228979438543,56.106577829703404,3.2766459226608275,,
396000,390.2193477153778,-225.52630925178528,39.25063811919333,-0.004114880831368861,35.333576393127444,1.2303434491157532,0.004747266293270514,-224.00228979438543,56.106577829703404,3.174812602996826,,
400000,393.4931335449219,-205.91447794437408,41.66741292800967,-0.004786864888931852,35.931074714660646,1.2145209908485413,0.004011950506537687,-224.00228979438543,56.106577829703404,3.2481042623519896,,
404000,399.58456659317017,-219.64476132392883,38.65622930871343,-0.004798530106238719,28.014563369750977,1.1879438042640686,0.0021544326402363366,-234.0216250270605,53.86393935193978,3.1662084341049193,,
408000,403.14293098449707,-223.59583258628845,54.427047465646076,-0.003149146266747271,28.134951210021974,1.2105225205421448,0.0018268164072651415,-234.0216250270605,53.86393935193978,3.093083381652832,,
412000,406.87978744506836,-218.99727487564087,45.9586232369245,-0.004615392473371216,31.862258911132812,1.1698741674423219,0.004894782148767263,-234.0216250270605,53.86393935193978,2.9805209159851076,,
416000,410.6383149623871,-230.45730447769165,46.44050810688786,-0.0029974508093243203,35.48733654022217,1.2430312275886535,0.002744502053964748,-234.0216250270605,53.86393935193978,3.1890000820159914,,
420000,414.34846448898315,-220.8986110687256,44.86717001367695,-0.003734399275776612,36.95839653015137,1.2860348701477051,0.0048202826689618394,-234.0216250270605,53.86393935193978,2.845020890235901,,
424000,418.0632793903351,-227.50138521194458,43.8171992105937,-0.003715174195899884,34.00528125762939,1.3252755165100099,0.002644248081196565,-234.0216250270605,53.86393935193978,2.9124792337417604,,
428000,421.78120708465576,-223.21720385551453,39.655128331556206,-0.004145275221827127,29.431906509399415,1.3143130183219909,0.003233290708158165,-234.0216250270605,53.86393935193978,2.729750084877014,,
432000,425.53165888786316,-222.8453516960144,42.67704409515083,-0.004193438295857055,36.67708911895752,1.3156082391738892,0.0018861427037791146,-234.0216250270605,53.86393935193978,2.843958353996277,,
436000,429.29018998146057,-215.41625595092773,35.67639130893541,-0.004948325589221536,16.019886302948,1.2873143434524537,0.003973659475101155,-234.0216250270605,53.86393935193978,2.771187591552734,,
440000,432.9621732234955,-243.20369935035706,54.26639565927532,-0.005166495467846577,27.128204345703125,1.2390612244606019,0.0033390307711670176,-234.0216250270605,53.86393935193978,2.865083408355713,,
444000,439.3284740447998,-232.31339526176453,43.82098123633379,-0.00327776368480408,28.0381778717041,1.2183343052864075,0.002373460204243516,-238.6417665630579,54.180559152147225,3.001666760444641,,
448000,442.9138307571411,-217.0561285018921,42.53253396023235,-0.004483063631613426,27.44012317657471,1.1840705037117005,0.0066210988472060524,-238.6417665630579,54.180559152147225,3.0596875667572023,,
452000,446.65813302993774,-228.93102622032166,44.50991661889988,-0.003992404893118184,28.237921905517577,1.176575231552124,0.0027918426145333796,-238.6417665630579,54.180559152147225,2.9789167642593384,,
456000,450.38223361968994,-239.88582110404968,49.236898690355495,-0.005604833888666105,21.24378032684326,1.1307241559028625,0.004256526870653055,-238.6417665630579,54.180559152147225,3.0243541955947877,,
460000,454.1105206012726,-242.0803828239441,52.15657899953364,-0.0031539936193730965,38.43268184661865,1.1772759795188903,0.002491220449155662,-238.6417665630579,54.180559152147225,2.8843333959579467,,
464000,457.8247308731079,-237.38418769836426,47.9975124935667,-0.00340534613945056,26.946457862854004,1.1591195106506347,0.0018390430137515067,-238.6417665630579,54.180559152147225,2.9523125648498536,,
468000,461.49215149879456,-228.3378405570984,39.077575917912874,-0.003955937729643999,27.75531139373779,1.2762056589126587,0.0012425044797055307,-238.6417665630579,54.180559152147225,2.6350417137145996,,
472000,465.2208561897278,-226.3188488483429,42.32089551997711,-0.0041094797871386035,25.954328346252442,1.1955100417137146,0.0039352991632767955,-238.6417665630579,54.180559152147225,2.7392084121704103,,
476000,468.9638297557831,-222.04380440711975,46.922763082866965,-0.004371668321623723,35.36673526763916,1.1683967113494873,0.003264026742564363,-238.6417665630579,54.180559152147225,3.0175625562667845,,
480000,472.7450132369995,-218.70419716835022,42.82926303860537,-0.004018606934580049,31.867634773254395,1.1906310677528382,0.0032972364888992135,-238.6417665630579,54.180559152147225,2.938166689872742,,
484000,478.9795129299164,-226.85190057754517,48.79184734148494,-0.005552795157767854,24.690960693359376,1.1448313117027282,0.004381539369778098,-230.7701854109764,51.54251789518907,2.7458333492279055,,
488000,482.6900644302368,-221.99201655387878,35.610002987506526,-0.004982178931590165,19.234274291992186,1.0932782173156739,0.0030668671255698497,-230.7701854109764,51.54251789518907,3.016312599182129,,
492000,486.41027569770813,-222.3261594772339,42.6206842962011,-0.0052995610279030995,24.930026817321778,1.0744207859039308,0.0053320329960746095,-230.7701854109764,51.54251789518907,3.0279584169387816,,
496000,490.14393615722656,-230.14102578163147,39.666298200599876,-0.0064326143687746026,21.99904270172119,1.083165204524994,0.004462207990582101,-230.7701854109764,51.54251789518907,2.8405833721160887,,
500000,493.84971714019775,-222.3959448337555,46.88730557922735,-0.005630319550633445,33.455196952819826,1.057694101333618,0.006121562435602157,-230.7701854109764,51.54251789518907,2.788000059127808,,
504000,497.5731599330902,-218.77483701705933,43.62434178704954,-0.006630987629604945,21.48002986907959,1.0777146339416503,0.004213453296533176,-230.7701854109764,51.54251789518907,3.1225000619888306,,
508000,501.3163721561432,-222.97683572769165,45.01599054970115,-0.005303729228132115,24.08843860626221,1.0310678601264953,0.003801455965731293,-230.7701854109764,51.54251789518907,2.825812554359436,,
512000,505.0897135734558,-219.01017308235168,51.10913331680954,-0.005935307947375445,30.923763275146484,1.040339970588684,0.004182328684313697,-230.7701854109764,51.54251789518907,2.8227917671203615,,
516000,508.8870689868927,-214.00255799293518,38.9028055944268,-0.004614827195880977,29.092182159423828,1.0554474711418151,0.003318256590500823,-230.7701854109764,51.54251789518907,2.9850417375564575,,
520000,512.4440910816193,-208.59813785552979,34.80651223947786,-0.004384136940275063,18.192875862121582,1.0510629534721374,0.005156724686113501,-230.7701854109764,51.54251789518907,2.774500036239624,,
524000,518.753443479538,-221.34730529785156,42.43856862326225,-0.005537193695704134,20.806903648376466,1.0206824779510497,0.00655043777862252,-224.93707934767008,49.892922879684,2.872562551498413,,
528000,522.4788753986359,-209.34944605827332,43.90696323428211,-0.0072387768523768155,24.924608612060545,1.021945309638977,0.004454111169286401,-224.93707934767008,49.892922879684,3.147958445549011,,
532000,526.217761516571,-211.02353739738464,35.17128085581801,-0.006020919900309884,18.591135692596435,1.0006985664367676,0.0036437796577811236,-224.93707934767008,49.892922879684,2.943458414077759,,
536000,529.9467024803162,-222.65420746803284,38.583356608033036,-0.0067809154589971495,15.64112663269043,0.9868262410163879,0.007328613370191306,-224.93707934767008,49.892922879684,2.948583388328552,,
540000,533.691023349762,-224.43888306617737,40.98717597383858,-0.0070870177166846736,15.659921741485595,0.9570573151111603,0.004736749676521867,-224.93707934767008,49.892922879684,2.947270894050598,,
544000,537.5523006916046,-219.0389175415039,37.97086317112449,-0.0065405835347871035,22.730173683166505,0.9497135400772094,0.003601441523642279,-224.93707934767008,49.892922879684,2.8969792127609253,,
548000,541.2916655540466,-219.544855594635,40.60089934741142,-0.005151305446013143,18.37170124053955,0.9407899439334869,0.005141998024191708,-224.93707934767008,49.892922879684,3.0597501039505004,,
552000,544.9966020584106,-219.79249477386475,43.84164727498146,-0.004623457925452356,27.970639801025392,0.9816439688205719,0.0044281120772163615,-224.93707934767008,49.892922879684,2.705750060081482,,
556000,548.8139595985413,-216.3186173439026,45.79204437137948,-0.007165353988452505,16.943678188323975,1.0128175377845765,0.004282023337281604,-224.93707934767008,49.892922879684,2.8288750648498535,,
560000,552.5996234416962,-221.18488454818726,43.409146472049066,-0.005808749969738259,20.962492370605467,1.031775712966919,0.00550811222040406,-224.93707934767008,49.892922879684,2.676062536239624,,
564000,558.7610626220703,-215.33700156211853,37.31552447705161,-0.004919774944156785,25.180435752868654,1.0300650358200074,0.0049591863297391734,-218.60176692903042,47.22198610745427,2.7473750591278074,,
568000,562.535044670105,-210.76203155517578,40.6369838036406,-0.006928974746881677,30.836721229553223,1.0644280314445496,0.006162849004535631,-218.60176692903042,47.22198610745427,2.709312582015991,,
572000,566.2451221942902,-220.48521542549133,40.36124883458189,-0.005510212257814828,28.55159435272217,1.0529153943061829,0.004128985444549471,-218.60176692903042,47.22198610745427,2.793937587738037,,
576000,570.0038828849792,-210.18367958068848,37.35934518874605,-0.00590482073005596,25.74936122894287,1.0595657467842101,0.003861572388870016,-218.60176692903042,47.22198610745427,2.8560000896453857,,
580000,573.8015553951263,-216.88092041015625,36.55244618347431,-0.006690038075282545,20.091604804992677,0.9878267049789429,0.006429253499334075,-218.60176692903042,47.22198610745427,2.840500092506409,,
584000,577.5277414321899,-216.73152256011963,36.25808333730992,-0.005733506141773681,21.903213882446288,0.9996660351753235,0.002821877790847793,-218.60176692903042,47.22198610745427,2.764583444595337,,
588000,581.2300198078156,-218.9306561946869,38.07866685201168,-0.005642790477567772,22.27437229156494,1.0084619402885437,0.005289041149313567,-218.60176692903042,47.22198610745427,2.7919167041778565,,
592000,584.976931810379,-211.1351249217987,37.70742881375681,-0.0038402960720656408,24.435071563720705,1.0405670642852782,0.0024367085054109337,-218.60176692903042,47.22198610745427,2.7014167308807373,,
596000,588.7540836334229,-215.94214248657227,46.02770505069663,-0.004124811908268989,26.750484657287597,1.0332300305366515,0.0029279273422822883,-218.60176692903042,47.22198610745427,2.738812565803528,,
600000,592.4286561012268,-212.73021507263184,37.455191778260456,-0.005377185678575191,24.00121440887451,1.0185177803039551,0.005149786896072328,-218.60176692903042,47.22198610745427,2.799812579154968,,
604000,598.6949968338013,-213.6684000492096,38.6897057970117,-0.005545811105985177,21.377098846435548,1.0358347058296205,0.006403277080971747,-218.48783552646637,38.94622381146307,2.5439167261123656,,
608000,602.4351887702942,-212.57459604740143,40.09179898784236,-0.0056200677341161406,20.247188377380372,1.0304423570632935,0.0025093298929277806,-218.48783552646637,38.94622381146307,2.744770884513855,,
612000,606.1660695075989,-211.21242475509644,39.780958833608324,-0.005047232825929893,28.213962745666503,1.0701346397399902,0.003944002926755274,-218.48783552646637,38.94622381146307,2.68139591217041,,
616000,609.8919515609741,-211.303129196167,39.2454992703857,-0.004758900458614023,26.211003494262695,0.9922097861766815,0.003835276345431371,-218.48783552646637,38.94622381146307,2.651500034332275,,
620000,613.6788218021393,-207.69530129432678,38.29279111159829,-0.00449902105680664,22.350497245788574,1.0042147397994996,0.0021306877652338407,-218.48783552646637,38.94622381146307,2.579312562942505,,
624000,617.4486095905304,-219.15801191329956,38.50039276652188,-0.00452336858888156,30.628789138793945,1.0335871934890748,0.00432517034932971,-218.48783552646637,38.94622381146307,2.5335208892822267,,
628000,621.2222361564636,-214.49773716926575,36.8132655658313,-0.0060708457757718826,18.837478828430175,1.0294869065284729,0.0063966328161768615,-218.48783552646637,38.94622381146307,2.6436458826065063,,
632000,625.0165288448334,-218.60113954544067,44.648067563379584,-0.005284636797771469,26.497976875305177,1.047601544857025,0.005169371444576731,-218.48783552646637,38.94622381146307,2.442708420753479,,
636000,628.7357099056244,-217.23768305778503,52.34818051116298,-0.004475716154867193,33.719330406188966,0.9782801687717437,0.005716063175350427,-218.48783552646637,38.94622381146307,2.368500089645386,,
640000,632.5295517444611,-213.33277142047882,41.0481354009258,-0.006507147582092721,22.27087574005127,1.0123484969139098,0.006623581292418157,-218.48783552646637,38.94622381146307,2.48452091217041,,
644000,638.9488801956177,-213.16108226776123,46.177141823359584,-0.005065591891994714,26.1484130859375,0.9845411300659179,0.003392470988910645,-214.71696908771992,45.922752594625656,2.5021458864212036,,
648000,642.6717419624329,-207.00966954231262,35.66948142518614,-0.005886689255790145,22.92746753692627,1.0213520169258117,0.003938591164405825,-214.71696908771992,45.922752594625656,2.4578125715255736,,
652000,646.2112426757812,-206.46007418632507,37.43731798920957,-0.005921118723228602,24.068371391296388,0.9839307546615601,0.004882564587673799,-214.71696908771992,45.922752594625656,2.4456459045410157,,
656000,649.9063494205475,-209.890527009964,31.200582409420033,-0.006517849339637926,21.38186721801758,0.9732893466949463,0.005002505768788979,-214.71696908771992,45.922752594625656,2.6673750638961793,,
660000,653.6099736690521,-215.29699683189392,39.37042232994116,-0.005371880700966969,28.850847053527833,0.9326533198356628,0.005864947207737714,-214.71696908771992,45.922752594625656,2.6229166746139527,,
664000,657.2998244762421,-213.74856758117676,46.220911704793664,-0.006735746092318262,22.983833885192873,0.9092537045478821,0.005274195485253585,-214.71696908771992,45.922752594625656,2.6556667566299437,,
668000,661.0019075870514,-216.15567421913147,37.2004837845437,-0.006115877894529431,26.084523963928223,0.8689967274665833,0.003363337173863945,-214.71696908771992,45.922752594625656,2.3485000133514404,,
672000,664.7424974441528,-209.48132371902466,44.0919394599425,-0.00514133167759665,18.21164999008179,0.8416518568992615,0.004814892390277237,-214.71696908771992,45.922752594625656,2.3858333587646485,,
676000,668.4076473712921,-206.9664487838745,38.652642065002475,-0.006948227379936967,19.15326280593872,0.893479710817337,0.005087002739310264,-214.71696908771992,45.922752594625656,2.5588958978652956,,
680000,672.1579625606537,-199.28313612937927,29.87267136248226,-0.006238057662888164,21.118522071838377,0.8807557821273804,0.0033681422867909206,-214.71696908771992,45.922752594625656,2.7163333654403687,,
684000,678.4790148735046,-201.9539474248886,38.24505096033956,-0.0064119862745672055,23.06363716125488,0.8711620926856994,0.002480461116647348,-210.22687688469887,46.991653795504284,2.4030625581741334,,
688000,682.0791351795197,-208.60051655769348,37.443743144425646,-0.005765608275852508,20.886479568481445,0.8780601263046265,0.0022884561009292705,-210.22687688469887,46.991653795504284,2.680541729927063,,
692000,685.7967171669006,-197.543022274971,32.313035842623215,-0.0064254028176268015,19.385989570617674,0.8704109728336334,0.007242663613287732,-210.22687688469887,46.991653795504284,2.652291750907898,,
696000,689.4723837375641,-204.33690404891968,39.51999172256902,-0.004414663452034162,26.81948947906494,0.8344283998012543,0.004789207013944785,-210.22687688469887,46.991653795504284,2.7110625743865966,,
700000,693.2006683349609,-202.17824912071228,34.09822334310657,-0.007735764964638903,22.513081359863282,0.8533232152462006,0.007781500094900062,-210.22687688469887,46.991653795504284,2.607604193687439,,
704000,696.9084579944611,-198.74273490905762,37.8195916523744,-0.006272304964562237,19.585509300231934,0.8192950844764709,0.005115401922375895,-210.22687688469887,46.991653795504284,2.6120625495910645,,
708000,700.6463859081268,-204.41934490203857,44.74277587423821,-0.005447543136697775,24.153319358825684,0.8181536316871643,0.004512870649341494,-210.22687688469887,46.991653795504284,2.6232917070388795,,
712000,704.4201302528381,-203.80916690826416,37.14645654925912,-0.006248171743626374,17.183132457733155,0.8657582342624665,0.007011866720858961,-210.22687688469887,46.991653795504284,2.466645884513855,,
716000,708.1489617824554,-205.54996037483215,34.47059348327353,-0.006533115306093062,16.606888198852538,0.8422771513462066,0.007316133698914218,-210.22687688469887,46.991653795504284,2.629916715621948,,
720000,711.8796713352203,-203.41000962257385,36.013366506873794,-0.0063026379556395005,15.906506729125976,0.833376282453537,0.004450491187938788,-210.22687688469887,46.991653795504284,2.4697083711624144,,
724000,718.2655417919159,-205.18703293800354,40.05098836169453,-0.004698089587657406,18.585213470458985,0.7609571516513824,0.002271983345427264,-214.83470137417316,51.516402391570495,2.4097500324249266,,
728000,721.9501144886017,-217.83067154884338,49.701210099001806,-0.002993159212918961,40.465188598632814,0.7893569648265839,0.0034245305541844573,-214.83470137417316,51.516402391570495,2.4918959379196166,,
732000,725.705249786377,-202.4972095489502,39.869521022854876,-0.003700232239789347,27.41893653869629,0.773967957496643,0.007045659210416488,-214.83470137417316,51.516402391570495,2.4469167709350588,,
736000,729.4201338291168,-216.52902126312256,40.00946390274525,-0.003978593823926779,24.8554105758667,0.7708132922649383,0.004761407704791054,-214.83470137417316,51.516402391570495,2.407145881652832,,
740000,733.0277843475342,-205.83666598796844,41.029042384028855,-0.00555794071964919,22.794412040710448,0.7722985088825226,0.0036967458599247217,-214.83470137417316,51.516402391570495,2.5707083702087403,,
744000,736.620370388031,-210.85328006744385,40.0844348915434,-0.006537094448072223,17.731152534484863,0.7627155721187592,0.005899718034081225,-214.83470137417316,51.516402391570495,2.7687709093093873,,
748000,740.3365566730499,-202.29284954071045,36.99773128804669,-0.006909227593801859,18.599860382080077,0.7478620767593384,0.002819691470358521,-214.83470137417316,51.516402391570495,2.5487292528152468,,
752000,744.0938799381256,-202.09682190418243,34.43368726379121,-0.007085604162421077,20.647757148742677,0.7639039754867554,0.007083091838285327,-214.83470137417316,51.516402391570495,2.9546042680740356,,
756000,747.7070534229279,-208.59092020988464,37.5810438274023,-0.00556623528959852,21.871138954162596,0.7428372979164124,0.00284670953406021,-214.83470137417316,51.516402391570495,2.8156042098999023,,
760000,751.2518527507782,-216.95490610599518,34.27061553858197,-0.0064646547225614805,17.444767665863036,0.7550196409225464,0.005398573861767897,-214.83470137417316,51.516402391570495,2.643208384513855,,
764000,757.5619750022888,-215.71652340888977,36.032932061008594,-0.004706964082938292,19.66287317276001,0.7234356343746186,0.003141860771575011,-212.4729768410325,36.157266995379835,2.6315417289733887,,
768000,761.2536427974701,-208.7417894601822,36.09522771783291,-0.004851930684021966,16.799977779388428,0.6800625264644623,0.0018289463772865223,-212.4729768410325,36.157266995379835,2.461791753768921,,
772000,765.0058743953705,-213.9533133506775,48.84563962824823,-0.004627484239327373,24.88910369873047,0.6826607406139373,0.004711444936944953,-212.4729768410325,36.157266995379835,2.397291731834412,,
776000,768.747526884079,-216.99513792991638,44.65273091703218,-0.006404759653882763,17.86982116699219,0.7402963221073151,0.005598448152886704,-212.4729768410325,36.157266995379835,2.6642292499542237,,
780000,772.5246653556824,-219.00917303562164,43.565160543967245,-0.00426387642727537,18.552519226074217,0.6662126004695892,0.003363726933855382,-212.4729768410325,36.157266995379835,2.3554792404174805,,
784000,776.2437818050385,-217.03675150871277,49.19185427031834,-0.005559270888722212,17.77670211791992,0.738626343011856,0.004204980900976807,-212.4729768410325,36.157266995379835,2.3529792070388793,,
788000,779.9137315750122,-211.76348912715912,43.45908982357392,-0.004180648646783069,17.901245975494383,0.7834953904151917,0.005874383496120572,-212.4729768410325,36.157266995379835,2.2547708988189696,,
792000,783.5813546180725,-216.98917436599731,36.8549913699581,-0.005343576861855892,17.747679138183592,0.7193467438220977,0.0016524776685400866,-212.4729768410325,36.157266995379835,2.157354211807251,,
796000,787.292991399765,-207.11939978599548,39.55712264147245,-0.00487682697394245,20.4974853515625,0.679625827074051,0.004379263995448124,-212.4729768410325,36.157266995379835,2.148541712760925,,
800000,791.0187549591064,-214.35586631298065,48.39086616075823,-0.0061658280522872925,19.972658729553224,0.6346139073371887,0.00733717642724514,-212.4729768410325,36.157266995379835,2.113291692733765,,
804000,797.2617557048798,-208.7779916524887,43.92017874530635,-0.002831634150391138,18.475775051116944,0.6848019003868103,0.006588007477733004,-220.73206490278244,47.692550049921564,2.2850834131240845,,
808000,800.9876017570496,-212.94958329200745,38.80936581445657,-0.004456566805039586,19.063990116119385,0.6868434965610504,0.004021195633686148,-220.73206490278244,47.692550049921564,2.201354241371155,,
812000,804.7520887851715,-207.39676213264465,39.69578986505561,-0.00459422711298485,17.23955078125,0.6545740783214569,0.003937406148179434,-220.73206490278244,47.692550049921564,2.146520900726318,,
816000,808.4759125709534,-204.97502374649048,34.238123539070365,-0.005688026309478999,23.869233703613283,0.7198017120361329,0.0099467545398511,-220.73206490278244,47.692550049921564,2.171166682243347,,
820000,812.2196819782257,-213.87765049934387,41.13264939929297,-0.0057258842002290145,18.70646152496338,0.7231830894947052,0.007588666266140853,-220.73206490278244,47.692550049921564,2.276270890235901,,
824000,815.9141833782196,-211.29957604408264,36.22358916494943,-0.0045723735520926565,18.70272216796875,0.7047782063484191,0.006386588257737458,-220.73206490278244,47.692550049921564,2.050604248046875,,
828000,819.6168494224548,-211.5590476989746,41.17781561869989,-0.006317213179698911,21.546441650390626,0.7378491818904876,0.008516528969630599,-220.73206490278244,47.692550049921564,2.2250208616256715,,
832000,823.3955221176147,-212.13534903526306,36.6355751559506,-0.004089948252929787,18.970968627929686,0.6788357973098755,0.003638709551887587,-220.73206490278244,47.692550049921564,2.085395884513855,,
836000,827.1041839122772,-212.73242390155792,37.716981538148445,-0.007128989373644234,20.383161354064942,0.7531253755092621,0.0028145653355410747,-220.73206490278244,47.692550049921564,2.1627292394638062,,
840000,830.8173384666443,-210.45858252048492,36.549126565930656,-0.006088786953904979,19.79157304763794,0.706198638677597,0.003915558010339737,-220.73206490278244,47.692550049921564,2.1307291984558105,,
844000,837.1913151741028,-208.93990540504456,45.61853276086368,-0.004264706681870578,27.871250343322753,0.7569411754608154,0.010381865501403808,-215.64697033166885,51.49730969372486,2.189791703224182,,
848000,840.9709331989288,-208.75291681289673,47.070628449467755,-0.003995890702509009,24.28008861541748,0.7792460143566131,0.004511456517502665,-215.64697033166885,51.49730969372486,2.1686458826065063,,
852000,844.6954786777496,-215.29949164390564,38.587790663665515,-0.0034248429624518907,21.662785720825195,0.7338486850261688,0.003901830280665308,-215.64697033166885,51.49730969372486,2.1097917318344117,,
856000,848.4784128665924,-218.94612622261047,52.65444671325497,-0.0050085330215903666,23.26504592895508,0.7224801421165467,0.003260572993895039,-215.64697033166885,51.49730969372486,2.3128125429153443,,
860000,852.1779356002808,-210.01102089881897,37.159856021415415,-0.006180705814467125,18.680195808410645,0.7069354712963104,0.005968934801562398,-215.64697033166885,51.49730969372486,2.3578333616256715,,
864000,855.8864028453827,-207.7048454284668,37.404295581231715,-0.005146490087422251,24.09626522064209,0.7439477741718292,0.004689322837317977,-215.64697033166885,51.49730969372486,2.389333391189575,,
868000,859.3677935600281,-202.75884652137756,37.39170714523111,-0.004538914660845617,15.44262113571167,0.7329400837421417,0.0040133260248694565,-215.64697033166885,51.49730969372486,2.222333383560181,,
872000,862.6681745052338,-208.2591358423233,41.529580636077306,-0.005679186473445341,21.567158508300782,0.6893748223781586,0.005510560329421388,-215.64697033166885,51.49730969372486,2.124375009536743,,
876000,865.9883632659912,-209.50024724006653,43.74874841306859,-0.005833078378035239,18.579314136505126,0.6661074161529541,0.002236678139345416,-215.64697033166885,51.49730969372486,2.3570417404174804,,
880000,869.7360270023346,-202.53723001480103,41.886564842608124,-0.005301568534225254,15.493219661712647,0.6607878386974335,0.004417195794638262,-215.64697033166885,51.49730969372486,2.183125042915344,,
884000,876.1494369506836,-198.34566235542297,37.6356481906757,-0.004978151115744023,16.065757465362548,0.6544218897819519,0.006212929415050894,-211.14400716125965,53.53174445290539,2.4230000734329225,,
888000,879.8701584339142,-207.0926548242569,37.876605026962004,-0.004547225651719294,24.585207176208495,0.7296822428703308,0.005615142494207248,-211.14400716125965,53.53174445290539,2.2222709178924562,,
892000,883.6005637645721,-207.59748458862305,35.90311945171901,-0.003979218137450502,16.70846242904663,0.7537269234657288,0.0018497794459108262,-211.14400716125965,53.53174445290539,2.3007500886917116,,
896000,887.3313481807709,-207.37231469154358,42.094720582690165,-0.00628384622217446,15.890760040283203,0.785966444015503,0.004833286818504967,-211.14400716125965,53.53174445290539,2.0403542280197144,,
900000,891.0330247879028,-208.28856134414673,40.574950593953766,-0.0056975797063205215,16.344209098815917,0.7564323365688324,0.002815090752866478,-211.14400716125965,53.53174445290539,1.9827083826065064,,
904000,894.7529740333557,-198.27723503112793,37.24102802973417,-0.008206565476022654,16.334595203399658,0.7737326323986053,0.005661716060421896,-211.14400716125965,53.53174445290539,2.208875036239624,,
908000,898.5018150806427,-209.72191905975342,35.37992258402945,-0.0047133280724908745,16.068944644927978,0.7358561515808105,0.00411674383940408,-211.14400716125965,53.53174445290539,2.1807083606719972,,
912000,902.2765161991119,-202.04203462600708,34.048651063655626,-0.0073302079696829555,19.686446380615234,0.7803685545921326,0.0032388158586497116,-211.14400716125965,53.53174445290539,2.161500024795532,,
916000,905.9511466026306,-202.4171118736267,38.00144045660272,-0.007253646485119436,17.954160499572755,0.7374966204166412,0.009014043700881302,-211.14400716125965,53.53174445290539,2.1052083730697633,,
920000,909.7101635932922,-202.42159712314606,38.18417433854548,-0.005007714569956701,15.414458084106446,0.7385748982429504,0.004502258005862458,-211.14400716125965,53.53174445290539,2.1810625791549683,,
924000,915.9539835453033,-193.02742195129395,32.15930733684621,-0.006919658450409827,8.7514723777771,0.7588507235050201,0.00572120908764191,-209.11225508898497,33.13402147580409,2.1598750591278075,,
928000,919.2662513256073,-207.92620944976807,38.456265017158074,-0.005417620601287787,17.733893489837648,0.7518256366252899,0.00502446622009547,-209.11225508898497,33.13402147580409,2.160395884513855,,
932000,922.9891481399536,-194.94397389888763,34.93204774328772,-0.00683189254549017,20.824706268310546,0.7261920511722565,0.0066791695937669536,-209.11225508898497,33.13402147580409,2.341562581062317,,
936000,926.6954221725464,-214.9430809020996,42.96240621389531,-0.005587352382795352,26.341008567810057,0.7452606499195099,0.00234887874947165,-209.11225508898497,33.13402147580409,2.1592292308807375,,
940000,930.4171710014343,-205.51516449451447,38.105170558552174,-0.006758498345035946,19.599639987945558,0.7475422263145447,0.007192391419084743,-209.11225508898497,33.13402147580409,2.1715209007263185,,
944000,934.1526188850403,-203.47501361370087,38.27004349855651,-0.0056771492214563015,16.421013927459718,0.7149008452892304,0.004564721352653578,-209.11225508898497,33.13402147580409,2.325187563896179,,
948000,937.9658288955688,-207.81517839431763,31.653820638677733,-0.0069307710795353476,18.206539249420167,0.7552185356616974,0.005416735706967301,-209.11225508898497,33.13402147580409,2.2983958959579467,,
952000,941.7491738796234,-205.2457686662674,37.52174736789899,-0.005875783653464151,19.067581272125246,0.7097983956336975,0.005958551375661048,-209.11225508898497,33.13402147580409,2.1437916994094848,,
956000,945.5472764968872,-200.32064127922058,39.814228298208505,-0.00570124500718272,20.299103927612304,0.7467335104942322,0.0027353596880857365,-209.11225508898497,33.13402147580409,2.2262917041778563,,
960000,949.3113496303558,-201.77366542816162,36.1552709879463,-0.006206709600519389,21.301773262023925,0.7586013555526734,0.0035286092141177507,-209.11225508898497,33.13402147580409,2.2273958921432495,,
964000,955.5975821018219,-205.1004536151886,39.79189185337291,-0.006018265221733599,22.109734535217285,0.7301494002342224,0.00331282027400448,-214.49374598264694,41.77895458686472,2.1800625324249268,,
968000,959.3977520465851,-200.01322293281555,43.203046096222245,-0.005054784408304869,24.04927577972412,0.7480058610439301,0.0022174879429712746,-214.49374598264694,41.77895458686472,2.0710208892822264,,
972000,963.1078128814697,-202.28364980220795,35.50396227735739,-0.004888613397255525,29.40750904083252,0.7487051606178283,0.003888408273691324,-214.49374598264694,41.77895458686472,2.274000072479248,,
976000,966.8409194946289,-198.6438856124878,39.2426817497528,-0.005208126786009792,21.19755325317383,0.799063503742218,0.006573257251875475,-214.49374598264694,41.77895458686472,2.130875062942505,,
980000,970.5852520465851,-202.50105547904968,38.03729199237768,-0.005270775014030171,23.026333618164063,0.7452179551124573,0.003866669028260139,-214.49374598264694,41.77895458686472,2.0321250677108766,,
984000,974.4190077781677,-213.1826877593994,43.07672536621965,-0.0059907625328439185,23.33260860443115,0.7232324957847596,0.005413763446267694,-214.49374598264694,41.77895458686472,1.9798750400543212,,
988000,978.2420706748962,-200.52948260307312,36.759000542001004,-0.005761128239954516,22.743115234375,0.7631717026233673,0.004753913567595492,-214.49374598264694,41.77895458686472,2.2214792013168334,,
992000,981.8705332279205,-202.27011060714722,44.16535063921271,-0.0060862042110723545,15.147095108032227,0.6840417385101318,0.004659815150235469,-214.49374598264694,41.77895458686472,1.9599583864212036,,
996000,985.5475912094116,-204.57989263534546,41.23465613509536,-0.004861477832542737,13.269813632965088,0.7278124034404755,0.00486170560125423,-214.49374598264694,41.77895458686472,2.1125625133514405,,
1000000,989.2808294296265,-199.7336481809616,44.68050888155672,-0.004949589558450196,18.705167388916017,0.6733348131179809,0.0033420007550933662,-214.49374598264694,41.77895458686472,2.0847083806991575,,
1004000,995.1685745716095,-206.8479404449463,37.08336221503276,-0.005050473985029402,21.220584106445312,0.6011322975158692,0.003442778918249445,-207.72017784416676,46.0007274072071,1.9832292199134827,,
1008000,998.3574514389038,-204.57225131988525,36.49197308462085,-0.00658224317555618,14.695970916748047,0.6492374539375305,0.005472912918776274,-207.72017784416676,46.0007274072071,2.358250069618225,,
1012000,1001.5397524833679,-207.0414239168167,38.54642459546189,-0.005710567592643212,15.848540115356446,0.6488772749900817,0.0034735266279506847,-207.72017784416676,46.0007274072071,2.131041693687439,,
1016000,1004.9082624912262,-194.76718592643738,34.57236927470757,-0.0055235198151786236,13.969124221801758,0.6133066415786743,0.004792181332595647,-207.72017784416676,46.0007274072071,2.202833414077759,,
1020000,1008.6244034767151,-198.63581430912018,47.20813467751499,-0.0036958171409011698,16.647399997711183,0.5904579102993012,0.0011718929596099769,-207.72017784416676,46.0007274072071,2.0568750381469725,,
1024000,1012.3542439937592,-202.8419896364212,38.37685802870247,-0.004858315201010566,14.34591178894043,0.5532885313034057,0.0032789176750229743,-207.72017784416676,46.0007274072071,2.069312596321106,,
1028000,1015.6265623569489,-203.437109708786,38.50435500909757,-0.004735438369680179,14.72413902282715,0.568038547039032,0.004567370446602581,-207.72017784416676,46.0007274072071,2.230791711807251,,
1032000,1018.9666905403137,-204.07493007183075,41.24925384060086,-0.005531753729718425,18.504428482055665,0.5651110470294952,0.003853842435016608,-207.72017784416676,46.0007274072071,2.058583402633667,,
1036000,1022.5810005664825,-194.9897644519806,30.351772648498404,-0.005864855114525813,11.218670845031738,0.597046160697937,0.003176087062456645,-207.72017784416676,46.0007274072071,2.058791661262512,,
1040000,1026.3641564846039,-201.66950905323029,35.34369497109073,-0.00535856803646304,12.494203186035156,0.5388064086437225,0.0031669284836777223,-207.72017784416676,46.0007274072071,1.8987500667572021,,
1044000,1032.7030944824219,-201.69557332992554,32.52635423873179,-0.00407758860064984,13.923197174072266,0.5794057488441468,0.005349609041741754,-207.5414281785488,44.120729674609784,1.8250625491142274,,
1048000,1036.3161923885345,-199.42899930477142,36.33350022528112,-0.005211110432787436,11.611878776550293,0.6009384274482727,0.0021907081652898343,-207.5414281785488,44.120729674609784,1.8719792008399962,,
1052000,1040.030021429062,-205.41512942314148,36.47269053469293,-0.005563229160848948,14.02463607788086,0.6345114946365357,0.005647212463372853,-207.5414281785488,44.120729674609784,1.9906042218208313,,
1056000,1043.7536668777466,-190.76674151420593,32.875814453043546,-0.0038988863095485993,15.591645908355712,0.66239795088768,0.004223282384919003,-207.5414281785488,44.120729674609784,2.002708387374878,,
1060000,1047.467636346817,-203.2784880399704,36.53836712829842,-0.0066880132337100665,16.374320316314698,0.6591431438922882,0.005626511355512775,-207.5414281785488,44.120729674609784,2.097687578201294,,
1064000,1051.1923406124115,-195.3749715089798,31.353152567118006,-0.00528649334289355,14.116194248199463,0.6682708501815796,0.006145720114000141,-207.5414281785488,44.120729674609784,1.8917083740234375,,
1068000,1054.985934495926,-207.00250828266144,38.987386758484774,-0.005315470709310333,13.563187503814698,0.6374094724655152,0.004516825778409839,-207.5414281785488,44.120729674609784,1.9168958902359008,,
1072000,1058.7359354496002,-202.76732397079468,37.15053383822083,-0.004952936761391769,15.902714252471924,0.6494640827178955,0.0046172731439583,-207.5414281785488,44.120729674609784,2.0050000190734862,,
1076000,1062.4329552650452,-204.30031895637512,37.93524908747951,-0.0051414108828951475,17.25858144760132,0.6750727951526642,0.004076158839159083,-207.5414281785488,44.120729674609784,1.8130417227745057,,
1080000,1066.1575219631195,-189.72744822502136,35.151202132168834,-0.005934137966794229,9.190746974945068,0.696867948770523,0.004015202593291178,-207.5414281785488,44.120729674609784,1.9375208854675292,,
1084000,1072.4826560020447,-199.81962430477142,38.243685272079595,-0.0035030505009150835,12.72556505203247,0.6645591735839844,0.0030505590795655733,-214.20374365150928,37.78101740670941,1.9439792156219482,,
1088000,1076.204615354538,-207.8141655921936,39.610592519946636,-0.005194538008111227,20.615185546875,0.669376665353775,0.0035475358160523386,-214.20374365150928,37.78101740670941,1.8851667165756225,,
1092000,1079.9474725723267,-195.81681632995605,38.540891469304604,-0.004976288491394376,16.852415752410888,0.6473999619483948,0.005986861383309616,-214.20374365150928,37.78101740670941,1.9812083840370178,,
1096000,1083.740876674652,-200.59541630744934,46.794385261452575,-0.004359600685381637,21.9480920791626,0.6953457534313202,0.0014723174654839965,-214.20374365150928,37.78101740670941,1.7825000524520873,,
1100000,1087.5159766674042,-210.49006640911102,42.72070375146502,-0.005771815509845823,20.42910804748535,0.6914255261421204,0.009947555861435831,-214.20374365150928,37.78101740670941,1.7542500734329223,,
1104000,1091.2582507133484,-205.25537049770355,38.68210275093772,-0.004263788869604479,14.121088790893555,0.6313020706176757,0.002337168435769854,-214.20374365150928,37.78101740670941,2.0113125324249266,,
1108000,1095.0145196914673,-202.9911596775055,43.18428117901895,-0.004131735584465801,19.716179275512694,0.6810549795627594,0.005199604322008522,-214.20374365150928,37.78101740670941,1.993000054359436,,
1112000,1098.754733324051,-206.43311285972595,35.043957807602915,-0.004747190840639348,17.036326122283935,0.7157162606716156,0.0034284450483974107,-214.20374365150928,37.78101740670941,1.8351250410079956,,
1116000,1102.502461194992,-205.4964964389801,44.55042647781813,-0.004586910377644582,14.569501495361328,0.6806659638881684,0.0031134422199102117,-214.20374365150928,37.78101740670941,1.854729211330414,,
1120000,1106.2438447475433,-203.0583084821701,43.362098733208384,-0.00535163848676401,14.145718383789063,0.677634346485138,0.006463448703289032,-214.20374365150928,37.78101740670941,1.983791720867157,,
1124000,1112.5366733074188,-200.4517525434494,42.20496988875963,-0.005391210374499966,15.993599605560302,0.710458242893219,0.004231143135538673,-208.04774051904678,40.28336594339178,2.0753750562667848,,
1128000,1116.287831068039,-210.55099153518677,43.22372961773079,-0.004867210859782034,21.404808044433594,0.7172498941421509,0.006497044714167721,-208.04774051904678,40.28336594339178,1.869854199886322,,
1132000,1120.0410668849945,-203.0689673423767,32.29743139398265,-0.006748014804441471,12.377108287811279,0.6792135119438172,0.007792484524543397,-208.04774051904678,40.28336594339178,1.938562524318695,,
1136000,1123.795398235321,-202.24438738822937,37.723839191540534,-0.006208209015739463,12.370756053924561,0.7095322966575622,0.005201726331142709,-208.04774051904678,40.28336594339178,1.871333372592926,,
1140000,1127.5458405017853,-198.24379670619965,33.958176476503645,-0.0041414673477411235,14.17667531967163,0.7033436059951782,0.004179979467376427,-208.04774051904678,40.28336594339178,2.0310625314712523,,
1144000,1131.2927675247192,-202.02847242355347,42.58296684296593,-0.004598598627528805,17.969219398498534,0.7269165575504303,0.006871292530559003,-208.04774051904678,40.28336594339178,1.875770890712738,,
1148000,1135.0807445049286,-197.09764671325684,35.5163265014544,-0.004792902014373546,10.621769142150878,0.7197991371154785,0.003883845780238815,-208.04774051904678,40.28336594339178,1.9876042246818542,,
1152000,1138.72842335701,-214.77049577236176,43.43774530410263,-0.005555545871378876,14.892298698425293,0.7314403593540192,0.005696493193352037,-208.04774051904678,40.28336594339178,1.8433125615119934,,
1156000,1141.9407649040222,-194.5002613067627,33.60198089446039,-0.005178692157302667,14.798291683197021,0.6701946079730987,0.00567077771993354,-208.04774051904678,40.28336594339178,2.0336458921432494,,
1160000,1145.1367726325989,-200.3715683221817,36.100205307770445,-0.00621703891037031,10.41992826461792,0.6668520331382751,0.007921480756563445,-208.04774051904678,40.28336594339178,1.85681254863739,,
1164000,1151.0738351345062,-202.23098385334015,40.778981269719054,-0.004801842036501825,10.550286960601806,0.6815458357334137,0.0033450669201556594,-211.56566047668457,41.400635323112034,1.774625039100647,,
1168000,1154.8608536720276,-196.95214533805847,38.653630966320165,-0.007114051108558983,13.617768001556396,0.7413345873355865,0.00742717381217517,-211.56566047668457,41.400635323112034,1.988479220867157,,
1172000,1158.624567270279,-209.722811460495,39.86012218456033,-0.006905224831930035,16.912925720214844,0.771494334936142,0.008435412765946282,-211.56566047668457,41.400635323112034,1.8661875486373902,,
1176000,1162.4043967723846,-199.80374884605408,39.19855430379594,-0.006141489456252458,17.57906217575073,0.7542768180370331,0.0071812165027949956,-211.56566047668457,41.400635323112034,1.8753958940505981,,
1180000,1166.149212360382,-205.68227410316467,32.14396269807322,-0.004846837943963145,12.42875862121582,0.6619414150714874,0.008321571811567985,-211.56566047668457,41.400635323112034,1.9204583764076233,,
1184000,1169.9155521392822,-204.77079963684082,41.46894082035292,-0.00563905431392292,19.046772003173828,0.688386207818985,0.0057466503552859646,-211.56566047668457,41.400635323112034,1.7784583806991576,,
1188000,1173.7774868011475,-200.6893047094345,35.09166018822571,-0.005246902648359519,12.25280818939209,0.6702714443206788,0.0026901066361460836,-211.56566047668457,41.400635323112034,1.821333372592926,,
1192000,1177.5463936328888,-202.8628033399582,38.074824456697954,-0.0030951335346326657,12.038005828857422,0.5842273950576782,0.008828544810336769,-211.56566047668457,41.400635323112034,1.7939792156219483,,
1196000,1181.2638335227966,-198.51109957695007,35.09110352415668,-0.005584205506990436,11.987605571746826,0.5673940062522889,0.00573635062125204,-211.56566047668457,41.400635323112034,1.8685625553131104,,
1200000,1185.0576031208038,-198.09707880020142,27.50472428592991,-0.003990655712240177,8.62609405517578,0.5920758843421936,0.0034712587554628803,-211.56566047668457,41.400635323112034,1.7724167108535767,,
1204000,1190.8388011455536,-205.90677738189697,37.36972512626601,-0.004988149843954748,13.659415531158448,0.624989104270935,0.005961211857463589,-206.7980457097292,36.430482212698365,1.9440208792686462,,
1208000,1194.0158061981201,-200.8455992937088,40.62139119128501,-0.004090100523162121,21.43218059539795,0.7702785015106202,0.007054456800532849,-206.7980457097292,36.430482212698365,1.7869792222976684,,
1212000,1197.2027463912964,-200.62040948867798,41.87660926603664,-0.005686758496332911,16.96891632080078,0.7408713638782501,0.008366952696815134,-206.7980457097292,36.430482212698365,1.8901042103767396,,
1216000,1200.4350156784058,-204.50433325767517,40.56840838169906,-0.005126031651549656,16.85962381362915,0.7182004272937774,0.004127019876614213,-206.7980457097292,36.430482212698365,1.878083384037018,,
1220000,1203.618625164032,-206.28062558174133,38.98074390508278,-0.005203273968460742,15.643771553039551,0.7627982258796692,0.008531505533028394,-206.7980457097292,36.430482212698365,1.9402708649635314,,
1224000,1206.8149511814117,-203.36910736560822,42.57127022434834,-0.00550273233496894,19.548307037353517,0.7201439440250397,0.002819494794336308,-206.7980457097292,36.430482212698365,1.7437500476837158,,
1228000,1210.0416638851166,-202.2042248249054,41.959227362186354,-0.006563882488757366,15.532629203796386,0.7340487539768219,0.0072564224596135315,-206.7980457097292,36.430482212698365,1.9046875596046449,,
1232000,1213.3002796173096,-196.35662865638733,38.28381486400473,-0.0048928175798694795,12.343410396575928,0.7133756220340729,0.004861387958129249,-206.7980457097292,36.430482212698365,1.8119792103767396,,
1236000,1216.5246369838715,-201.09955477714539,34.84416039284693,-0.006788603630227286,17.334032154083253,0.7793732225894928,0.003993119730148464,-206.7980457097292,36.430482212698365,1.800812554359436,,
1240000,1219.7049670219421,-205.19571709632874,35.24360325765671,-0.005148132272142281,14.94924488067627,0.7264515042304993,0.0035429799754638225,-206.7980457097292,36.430482212698365,1.6949583888053894,,
1244000,1225.6456291675568,-207.83043217658997,38.024127004536126,-0.00750108680455015,11.685891246795654,0.8529635965824127,0.005491945671383292,-202.85083029419184,40.971578449111085,1.6637500524520874,,
1248000,1228.8314800262451,-200.64067268371582,37.84064024394571,-0.004746279824680321,16.87224178314209,0.8065499126911163,0.003624664427023916,-202.85083029419184,40.971578449111085,1.7486042261123658,,
1252000,1232.043949842453,-203.79875600337982,37.817625315665424,-0.0034683886870043425,22.506843948364256,0.7933374047279358,0.004225528030656278,-202.85083029419184,40.971578449111085,1.7382083773612975,,
1256000,1235.455102443695,-200.55666708946228,32.94155612127228,-0.005833269063693791,16.11103572845459,0.8683785855770111,0.006577668309211737,-202.85083029419184,40.971578449111085,1.7849792122840882,,
1260000,1239.082580089569,-208.31298875808716,38.26607772456061,-0.00639925794838927,14.441173648834228,0.8318096578121186,0.005333824455738068,-202.85083029419184,40.971578449111085,1.746583378314972,,
1264000,1242.811996936798,-192.65753042697906,38.68312655268943,-0.004044360434869309,15.189081382751464,0.7817509353160859,0.0049553672088465395,-202.85083029419184,40.971578449111085,1.7329583644866944,,
1268000,1246.5680875778198,-195.73786687850952,35.89336294671695,-0.00586972182135419,16.362737560272215,0.8181078970432282,0.006032642253558151,-202.85083029419184,40.971578449111085,1.76085422039032,,
1272000,1250.361742258072,-202.23399591445923,48.307644421554016,-0.005871225395317481,14.039993190765381,0.7344779372215271,0.005963956285268068,-202.85083029419184,40.971578449111085,1.6659375429153442,,
1276000,1254.1474306583405,-194.992818236351,31.25645592500622,-0.0067794948598990604,10.585526752471925,0.7140095829963684,0.007835630454899167,-202.85083029419184,40.971578449111085,1.6351666927337647,,
1280000,1257.892958164215,-201.28449070453644,40.17438190433358,-0.006161364883339715,17.613028240203857,0.7622783482074738,0.003784959512374675,-202.85083029419184,40.971578449111085,1.7380625247955321,,
1284000,1264.2091643810272,-200.06988286972046,42.212534270115015,-0.0069575712787918855,18.223231983184814,0.7651401817798614,0.003816024210381652,-206.51581216603518,45.37237697585849,1.8148333787918092,,
1288000,1267.4834582805634,-201.9708375930786,29.95485695692487,-0.00555992757133208,20.643449211120604,0.7562287151813507,0.006325480380716453,-206.51581216603518,45.37237697585849,1.8659375309944153,,
1292000,1270.7673625946045,-201.72946000099182,40.74561591392223,-0.006835979205090581,16.899958419799805,0.7493425726890564,0.006032794228289307,-206.51581216603518,45.37237697585849,1.7774792194366456,,
1296000,1274.057222366333,-193.51686024665833,32.94733813886524,-0.005182630601571781,13.362404537200927,0.7144721984863281,0.007129171175843418,-206.51581216603518,45.37237697585849,1.6497917175292969,,
1300000,1277.4634342193604,-192.86866927146912,35.23821070224117,-0.00478375552439445,17.178314685821533,0.66869415640831,0.006540831574238837,-206.51581216603518,45.37237697585849,1.6917708754539489,,
1304000,1281.2020695209503,-190.23264133930206,31.311528944567296,-0.006619470944395278,12.253864669799805,0.7470670521259308,0.006417921628880619,-206.51581216603518,45.37237697585849,1.7070208668708802,,
1308000,1284.9482684135437,-194.74092614650726,32.087475534740314,-0.005765950360257755,13.122495746612548,0.7342699766159058,0.00503456014243433,-206.51581216603518,45.37237697585849,1.7338541984558105,,
1312000,1288.604206085205,-195.82640135288239,36.81905826875065,-0.0056574715962632634,15.608589935302735,0.7386119306087494,0.004982483654748649,-206.51581216603518,45.37237697585849,1.6467500448226928,,
1316000,1292.3710522651672,-199.63903045654297,38.70415971496802,-0.005417492916652477,16.861334133148194,0.7499578475952149,0.007751168343704151,-206.51581216603518,45.37237697585849,1.7283750295639038,,
1320000,1296.1450595855713,-198.81212210655212,36.582437020030326,-0.00742575298063457,15.037129878997803,0.7739869356155396,0.008460697659756988,-206.51581216603518,45.37237697585849,1.6768333792686463,,
1324000,1302.3306827545166,-195.7571349143982,37.08707909873153,-0.006574484737589969,11.039284992218018,0.8189658999443055,0.004805305457829245,-199.92555307596922,40.90101247697008,1.6944583654403687,,
1328000,1305.908046722412,-192.59155893325806,31.65347112011285,-0.005660169906759193,13.291346454620362,0.8020466506481171,0.0044161724227403274,-199.92555307596922,40.90101247697008,1.638687551021576,,
1332000,1309.3510375022888,-201.88336157798767,33.32173372500274,-0.005815141509752664,15.846388244628907,0.8386364936828613,0.004472176596755162,-199.92555307596922,40.90101247697008,1.7291041970252992,,
1336000,1312.6478762626648,-203.49218082427979,38.39190780211108,-0.00545748111807427,20.737603378295898,0.8348036050796509,0.008496010869431104,-199.92555307596922,40.90101247697008,1.7108333826065063,,
1340000,1316.032021522522,-201.01057386398315,36.76860457131442,-0.005640918006499618,15.645405387878418,0.816542899608612,0.004905952163971961,-199.92555307596922,40.90101247697008,1.5616250395774842,,
1344000,1319.4612545967102,-196.65653240680695,31.819760670129558,-0.004348457462697608,12.557637882232665,0.8017869055271148,0.005852081533366249,-199.92555307596922,40.90101247697008,1.6568958640098572,,
1348000,1322.807846069336,-203.01778876781464,36.314578865520566,-0.006385915647260809,13.624359321594238,0.7860206305980683,0.004875653482304188,-199.92555307596922,40.90101247697008,1.6288542032241822,,
1352000,1326.2305572032928,-207.14516377449036,32.16885432088599,-0.007175411823671318,18.13352289199829,0.7780460596084595,0.006422499101608992,-199.92555307596922,40.90101247697008,1.569687557220459,,
1356000,1330.0093808174133,-196.51723313331604,34.41262833744354,-0.003906504139148925,20.586204528808594,0.7985452592372895,0.003566660239497077,-199.92555307596922,40.90101247697008,1.6857292175292968,,
1360000,1333.7813532352448,-195.36267924308777,39.667847313590045,-0.00542312074902771,17.525371551513672,0.7915418028831482,0.004948510841466502,-199.92555307596922,40.90101247697008,1.591895866394043,,
1364000,1340.1970620155334,-202.50889897346497,35.245103807063764,-0.005195486796476611,14.315116882324219,0.7478906273841858,0.006918788840994239,-214.22777810692787,43.59100899734823,1.6236250281333924,,
1368000,1343.9653038978577,-200.8756960630417,30.364261065508003,-0.006761476389908538,14.412557411193848,0.7583613157272339,0.007472117024008185,-214.22777810692787,43.59100899734823,1.6709167122840882,,
1372000,1347.7447772026062,-202.95205879211426,39.790084037289446,-0.007288442127406603,16.42141580581665,0.7631799638271332,0.009788947878405452,-214.22777810692787,43.59100899734823,1.6647917032241821,,
1376000,1351.3678307533264,-184.84244048595428,35.016175369310986,-0.005368704745701258,11.155325984954834,0.7491491675376892,0.00871469045523554,-214.22777810692787,43.59100899734823,1.5952292084693909,,
1380000,1355.03032040596,-197.83630788326263,32.994103459639454,-0.00527941800801397,11.098431015014649,0.8162402868270874,0.0062181276967749,-214.22777810692787,43.59100899734823,1.5029375314712525,,
1384000,1358.66233253479,-199.59933030605316,33.05255741827029,-0.0069048370450424555,10.734326553344726,0.7528087258338928,0.01172202464658767,-214.22777810692787,43.59100899734823,1.6364791989326477,,
1388000,1362.4285686016083,-197.4306342601776,31.67709089316257,-0.00469224840317235,11.66368350982666,0.7613772571086883,0.015053795976564288,-214.22777810692787,43.59100899734823,1.553687536716461,,
1392000,1366.2531397342682,-197.17803573608398,30.439650053997635,-0.006669774523470551,12.496201610565185,0.8793581128120422,0.006781798384850823,-214.22777810692787,43.59100899734823,1.645354199409485,,
1396000,1370.0753157138824,-194.2229859828949,38.47470922502731,-0.0045636134276380025,12.867007064819337,0.7878381907939911,0.013780340617522596,-214.22777810692787,43.59100899734823,1.6390417098999024,,
1400000,1373.8244621753693,-206.7231719493866,35.347570853797734,-0.004721651087515077,12.698991298675537,0.7504874467849731,0.0032013327283008765,-214.22777810692787,43.59100899734823,1.5186250448226928,,
1404000,1380.255125761032,-201.52173972129822,36.033892585420666,-0.004345900086220311,11.915458869934081,0.7314314723014832,0.019882479707555235,-212.26414258778095,39.979201302346716,1.537166690826416,,
1408000,1383.9229154586792,-200.43663787841797,34.08669320063687,-0.0047493109161732775,9.086238479614257,0.7526447236537933,0.011845348589122295,-212.26414258778095,39.979201302346716,1.6357916951179505,,
1412000,1387.4679083824158,-190.06082618236542,28.34347867957421,-0.0057422541227036385,15.334863376617431,0.7830416738986969,0.006167788850531597,-212.26414258778095,39.979201302346716,1.6126666903495788,,
1416000,1391.2347643375397,-198.32929301261902,33.19599227566932,-0.007094465304088438,12.522517681121826,0.8234086692333221,0.0077415810244468196,-212.26414258778095,39.979201302346716,1.521750020980835,,
1420000,1394.943348646164,-195.73301815986633,28.551544443492674,-0.006369546570388351,7.78111834526062,0.8089610517024994,0.00799924793948108,-212.26414258778095,39.979201302346716,1.6466875433921815,,
1424000,1398.7169771194458,-197.08654356002808,31.47063010106489,-0.00796361598651849,7.831529235839843,0.8288653910160064,0.01027110861808378,-212.26414258778095,39.979201302346716,1.5379791975021362,,
1428000,1402.4640927314758,-192.53711104393005,37.52965747105705,-0.0072467089812271014,14.448847389221191,0.8575400471687317,0.006310296491875001,-212.26414258778095,39.979201302346716,1.6498542070388793,,
1432000,1406.2468874454498,-198.58372235298157,35.2125138942466,-0.0077904949900694295,10.474096202850342,0.7933402895927429,0.0062885479144751955,-212.26414258778095,39.979201302346716,1.5640625357627869,,
1436000,1410.0361995697021,-196.16036319732666,38.53795320309941,-0.00601811326667665,12.314920711517335,0.8219088435173034,0.008825704397633683,-212.26414258778095,39.979201302346716,1.6440208673477172,,
1440000,1413.7879405021667,-198.053293466568,35.67823728793294,-0.007029359305820826,10.544233989715575,0.8435959994792939,0.00912901321426034,-212.26414258778095,39.979201302346716,1.6199792146682739,,
1444000,1420.125146150589,-202.24943256378174,35.72715102942306,-0.007506514019643262,9.199127531051635,0.8432222366333008,0.0069422018625774125,-200.686598546803,35.428152049424384,1.7101250410079956,,
1448000,1423.8928670883179,-197.67589926719666,32.01986047982754,-0.0049495745471990205,9.032315731048584,0.8227089881896973,0.003639092168305069,-200.686598546803,35.428152049424384,1.6580625295639038,,
1452000,1427.5817773342133,-198.3665964603424,35.26438400344062,-0.007453002515404173,11.437521171569824,0.8035151362419128,0.008902423409745097,-200.686598546803,35.428152049424384,1.5702500224113465,,
1456000,1431.3211832046509,-199.15260791778564,27.867058621274975,-0.005545080865510155,10.081848239898681,0.8105947732925415,0.00836449455237016,-200.686598546803,35.428152049424384,1.5555416941642761,,
1460000,1434.9528481960297,-194.34725975990295,32.78603736625366,-0.0033158437315723432,13.001487255096436,0.8197774410247802,0.008501980555554223,-200.686598546803,35.428152049424384,1.6408958554267883,,
1464000,1438.7076621055603,-191.26833355426788,29.74933010390799,-0.006623969353269743,10.966387081146241,0.8025531589984893,0.006069903305886903,-200.686598546803,35.428152049424384,1.6517500400543212,,
1468000,1442.472134590149,-192.86857533454895,29.54778888514309,-0.006376612642672796,9.500975275039673,0.7569649696350098,0.012451729970052838,-200.686598546803,35.428152049424384,1.6545208811759948,,
1472000,1446.268613576889,-194.2414985895157,34.7956911292197,-0.004799999217735618,11.673909378051757,0.7792684316635132,0.004414792038577886,-200.686598546803,35.428152049424384,1.511750042438507,,
1476000,1450.0158061981201,-193.07174348831177,34.402059325786674,-0.006241165111151836,11.412230682373046,0.7804164826869965,0.004880343754698213,-200.686598546803,35.428152049424384,1.7002708673477174,,
1480000,1453.534244298935,-190.92096948623657,25.473247153851023,-0.007884902606097376,7.624319076538086,0.7785949110984802,0.007724637394615819,-200.686598546803,35.428152049424384,1.5546250343322754,,
1484000,1459.8217725753784,-192.97080516815186,35.11739308440248,-0.006815994450511909,12.453546524047852,0.7632680416107178,0.007284310245265502,-197.47404555231333,34.11579863268249,1.563562524318695,,
1488000,1463.5741801261902,-194.41336226463318,35.178826076505715,-0.006874143479236849,11.589280796051025,0.7459659397602081,0.006658957328181714,-197.47404555231333,34.11579863268249,1.6392917037010193,,
1492000,1467.3374798297882,-200.0882145166397,39.80354613107973,-0.007070856902437939,10.879010581970215,0.8086845934391022,0.006661336909019155,-197.47404555231333,34.11579863268249,1.5084583759307861,,
1496000,1470.9802513122559,-202.5518183708191,35.96621138147404,-0.007623268724108734,10.60211248397827,0.7864495694637299,0.005006931787167624,-197.47404555231333,34.11579863268249,1.5467708706855774,,
1500000,1474.6327579021454,-192.06271755695343,37.80704673985453,-0.007167110053977766,11.14148006439209,0.7745612502098084,0.005054612597450614,-197.47404555231333,34.11579863268249,1.55993754863739,,
1504000,1478.3958427906036,-196.0924689769745,36.75274874812149,-0.006537973223409388,13.672144222259522,0.7670061767101288,0.007461265818992047,-197.47404555231333,34.11579863268249,1.593375062942505,,
1508000,1482.1400775909424,-199.378746509552,34.94680651703564,-0.006954089282080522,10.424028682708741,0.7684311449527741,0.010905032022856176,-197.47404555231333,34.11579863268249,1.630875039100647,,
1512000,1485.9297852516174,-200.0991714000702,34.64951795552021,-0.0046697230065086085,15.034714794158935,0.7953759253025054,0.007904997054720298,-197.47404555231333,34.11579863268249,1.5922708868980409,,
1516000,1489.6817729473114,-200.3500735759735,36.77509513222909,-0.004941133271126575,16.207548427581788,0.7916328847408295,0.005505114467814565,-197.47404555231333,34.11579863268249,1.6021667122840881,,
1520000,1493.3864052295685,-202.32623672485352,34.767127331997685,-0.0058963043470867,13.896796607971192,0.7975019872188568,0.0023765943547381595,-197.47404555231333,34.11579863268249,1.5856250524520874,,
1524000,1499.7225201129913,-196.6651884317398,36.11552627993643,-0.006821822387166332,13.105823802947999,0.7562724053859711,0.005285355717021378,-200.04610757529736,37.59040466637447,1.6035000681877136,,
1528000,1503.4659523963928,-195.02284741401672,35.91457331952405,-0.004805622322640079,15.593802356719971,0.7883809030055999,0.007747090025804937,-200.04610757529736,37.59040466637447,1.6120208621025085,,
1532000,1507.1457517147064,-204.30713391304016,34.29722860918403,-0.005900485331425465,15.6486083984375,0.7165102958679199,0.005265503335976973,-200.04610757529736,37.59040466637447,1.4902708649635314,,
1536000,1510.9478995800018,-197.29181122779846,31.033271990857372,-0.0037568201371662724,8.905681896209718,0.6788828849792481,0.004951715911738574,-200.04610757529736,37.59040466637447,1.5871875286102295,,
1540000,1514.7400550842285,-202.5320621728897,35.58852522047322,-0.005213862196076491,15.781103420257569,0.6673507034778595,0.007751630339771509,-200.04610757529736,37.59040466637447,1.5657708764076232,,
1544000,1518.5407044887543,-205.81823897361755,39.69141589971067,-0.005676959457962471,16.76199941635132,0.6252920866012573,0.005089911134137459,-200.04610757529736,37.59040466637447,1.6198542237281799,,
1548000,1522.2420387268066,-199.39190006256104,32.57863728217706,-0.0028896943864722855,15.63190050125122,0.5795206129550934,0.008665090897430972,-200.04610757529736,37.59040466637447,1.591770875453949,,
1552000,1525.7825026512146,-202.01641082763672,35.64643969912387,-0.005128649340011293,15.656722927093506,0.6024526715278625,0.006725717344903387,-200.04610757529736,37.59040466637447,1.6203750371932983,,
1556000,1529.0054068565369,-195.3189468383789,29.932947469933527,-0.006857114984188328,15.371215724945069,0.6030571758747101,0.007122042751871049,-200.04610757529736,37.59040466637447,1.5443542003631592,,
1560000,1532.5824608802795,-199.72613167762756,38.432150077408785,-0.005560573524252199,12.792552471160889,0.6203350305557251,0.0042944640154019,-200.04610757529736,37.59040466637447,1.6773542046546936,,
1564000,1539.1051206588745,-199.35452246665955,34.03541674091017,-0.006988570303345654,12.598560333251953,0.647067540884018,0.011297660717275004,-205.24019612371922,33.445282814476236,1.649125051498413,,
1568000,1542.8068430423737,-194.4980752468109,28.67746710248275,-0.007081940861341174,8.92067084312439,0.6245027482509613,0.0052275649130656635,-205.24019612371922,33.445282814476236,1.585895872116089,,
1572000,1546.4254758358002,-199.4401535987854,33.33868988112165,-0.005659544306137842,13.146313762664795,0.6033129096031189,0.0070873740129172805,-205.24019612371922,33.445282814476236,1.6021875381469726,,
1576000,1550.1829116344452,-195.1160373687744,35.12120246060403,-0.005320490904346542,15.434466648101807,0.6584104120731353,0.016473602485532625,-205.24019612371922,33.445282814476236,1.6432291984558105,,
1580000,1553.943736076355,-200.76914930343628,29.60685347279878,-0.005632958317505344,11.284209537506104,0.6687892735004425,0.0047038063885023185,-205.24019612371922,33.445282814476236,1.63725004196167,,
1584000,1557.6775214672089,-210.04918563365936,35.389804639092844,-0.004339177127151483,13.065296459197999,0.6118729114532471,0.0032223384948447454,-205.24019612371922,33.445282814476236,1.5462292075157165,,
1588000,1561.4504854679108,-198.69210958480835,41.90730572921112,-0.005979684363352078,15.466952419281006,0.6442424952983856,0.007139416297820134,-205.24019612371922,33.445282814476236,1.8078958630561828,,
1592000,1565.2537558078766,-194.24763703346252,34.49161162697473,-0.00617057807759096,15.496668529510497,0.675803130865097,0.006043408822733909,-205.24019612371922,33.445282814476236,1.6561458945274352,,
1596000,1569.005522966385,-198.15039789676666,34.10924481067821,-0.005470640359873258,14.117139530181884,0.6833887279033661,0.004967710003256798,-205.24019612371922,33.445282814476236,1.714270865917206,,
1600000,1572.7894868850708,-206.96128821372986,38.11395078525431,-0.00553087330039137,17.251634216308595,0.6673337280750274,0.005310258764114018,-205.24019612371922,33.445282814476236,1.6421250462532044,,
1604000,1579.0698354244232,-205.12445545196533,33.27662473479063,-0.006476297456616109,10.80280361175537,0.7060262501239777,0.016419353941455484,-207.28875850886106,34.997570946440234,1.6253958463668823,,
1608000,1582.7813568115234,-195.153981924057,35.4295204281005,-0.006286027850427978,15.518630981445312,0.7183961808681488,0.006055901487474325,-207.28875850886106,34.997570946440234,1.62733336687088,,
1612000,1586.531140089035,-190.73154091835022,34.02159552303181,-0.005570703411474831,15.152594757080077,0.6781432867050171,0.004425038417025462,-207.28875850886106,34.997570946440234,1.5397708654403686,,
1616000,1590.307017326355,-193.14733052253723,29.471771224031457,-0.007570782773817441,12.281229019165039,0.6416299223899842,0.008839571659763656,-207.28875850886106,34.997570946440234,1.6075417041778564,,
1620000,1594.0019857883453,-200.65764677524567,31.94748261403781,-0.00481288695118085,18.492203617095946,0.7148211419582366,0.005554889782797545,-207.28875850886106,34.997570946440234,1.6558125376701356,,
1624000,1597.4423220157623,-200.1445827484131,29.458462549130545,-0.006929945490012556,14.477751922607421,0.6867128729820251,0.011824754714810658,-207.28875850886106,34.997570946440234,1.5882917165756225,,
1628000,1600.7700352668762,-197.77131700515747,32.44394476452534,-0.005802710326078042,19.18792591094971,0.6628541052341461,0.005241845606050144,-207.28875850886106,34.997570946440234,1.5697083830833436,,
1632000,1604.13077378273,-200.33090388774872,36.90979376608243,-0.005538901377003569,15.376201057434082,0.6561056435108185,0.01126309217947225,-207.28875850886106,34.997570946440234,1.6290000438690186,,
1636000,1607.55215382576,-200.67879629135132,26.713095101157414,-0.0049874388730531734,13.110914421081542,0.6813719391822814,0.007162913528736681,-207.28875850886106,34.997570946440234,1.6159166932106017,,
1640000,1611.3766684532166,-206.91861879825592,37.3716122080584,-0.008481193330759852,13.98915433883667,0.649612021446228,0.0059510173232411034,-207.28875850886106,34.997570946440234,1.6074583768844604,,
1644000,1617.7117283344269,-200.37430143356323,33.726868351162025,-0.0034982202089692827,15.457009983062743,0.6688832461833953,0.010127420886109562,-204.29435116797686,38.68470832324912,1.6168750286102296,,
1648000,1621.4956543445587,-209.81292128562927,40.83113118299441,-0.006269087306922216,20.862537956237794,0.6520364165306092,0.015031052492559028,-204.29435116797686,38.68470832324912,1.6542917013168335,,
1652000,1625.2574589252472,-202.1545341014862,38.46273430207533,-0.008140356125620496,12.367135524749756,0.6682300686836242,0.00899893050082028,-204.29435116797686,38.68470832324912,1.5516458868980407,,
1656000,1628.9768080711365,-205.29180264472961,33.92732080058179,-0.0057595805271218655,15.598818492889404,0.6845646142959595,0.0072345866588875655,-204.29435116797686,38.68470832324912,1.5814167141914368,,
1660000,1632.7467453479767,-196.3731713294983,33.0452673978977,-0.004689798256013589,16.172076320648195,0.7273503959178924,0.004778236977290362,-204.29435116797686,38.68470832324912,1.7021041989326477,,
1664000,1636.5034351348877,-197.37345266342163,36.13292257826346,-0.005671950983970131,15.933391571044922,0.7248767495155335,0.003869350970839136,-204.29435116797686,38.68470832324912,1.6769167065620423,,
1668000,1640.2572498321533,-198.13606142997742,29.251045254692876,-0.007451957443573853,18.15702075958252,0.7441470265388489,0.005403216986451298,-204.29435116797686,38.68470832324912,1.5806875348091125,,
1672000,1644.0173079967499,-200.91113185882568,31.028980759152923,-0.006980866086979709,18.441696548461913,0.7270332515239716,0.006579982046969235,-204.29435116797686,38.68470832324912,1.6755625367164613,,
1676000,1647.635978460312,-198.98224556446075,36.08877888851857,-0.007786535228757785,16.51020212173462,0.7151623964309692,0.007314280657951411,-204.29435116797686,38.68470832324912,1.6360833644866943,,
1680000,1651.4180357456207,-200.51556861400604,41.29291839019635,-0.00697882823366669,13.0715087890625,0.7150582373142242,0.009310629044193774,-204.29435116797686,38.68470832324912,1.6330000400543212,,
1684000,1657.6246280670166,-198.03716349601746,36.27719765503379,-0.008281953752351346,17.505948638916017,0.7295754611492157,0.007498562517963947,-200.89186749607325,35.89819027376647,1.6774791955947876,,
1688000,1661.3546068668365,-194.1939196586609,30.63959870118775,-0.007696086231929478,11.40442123413086,0.7382936894893646,0.008248946443200112,-200.89186749607325,35.89819027376647,1.7314583778381347,,
1692000,1665.129064321518,-186.78748440742493,37.1546325636908,-0.006410260204225793,17.022847747802736,0.7212885797023774,0.006018953956663608,-200.89186749607325,35.89819027376647,1.633958375453949,,
1696000,1668.9244632720947,-197.22489857673645,34.62158523051113,-0.006289196287747467,16.515779876708983,0.7351863503456115,0.004339740169234574,-200.89186749607325,35.89819027376647,1.6626875400543213,,
1700000,1672.6007010936737,-196.71690809726715,36.76997668718322,-0.00708439180968945,20.139284515380858,0.7433168292045593,0.007101996498027186,-200.89186749607325,35.89819027376647,1.56693754196167,,
1704000,1675.7595374584198,-207.84164834022522,37.60735742817708,-0.006534831358430271,12.633404445648193,0.7355426609516144,0.006926627946086228,-200.89186749607325,35.89819027376647,1.5453958630561828,,
1708000,1679.0727961063385,-191.26047706604004,33.50658439856296,-0.005512055932233739,18.051867389678954,0.7394308030605317,0.016959387070809816,-200.89186749607325,35.89819027376647,1.6298958659172058,,
1712000,1682.3431196212769,-199.08622360229492,35.330658092048516,-0.0052950315427345625,15.648614692687989,0.7604364395141602,0.007133877207525075,-200.89186749607325,35.89819027376647,1.5611666917800904,,
1716000,1685.5214331150055,-194.11057257652283,31.853192639684707,-0.007304043425247109,9.365933418273926,0.7416660845279693,0.005416208160827729,-200.89186749607325,35.89819027376647,1.5751875281333922,,
1720000,1688.8994944095612,-199.11791253089905,30.089507565286734,-0.00731342842336744,12.689074993133545,0.7375900864601135,0.009888917225180194,-200.89186749607325,35.89819027376647,1.5785625457763672,,
1724000,1695.016404390335,-202.27254247665405,33.11778436935879,-0.006020153289195207,18.771833610534667,0.7501911520957947,0.0034011421506875195,-201.07124696671963,32.355558340443785,1.5475833654403686,,
1728000,1698.7136018276215,-200.05324625968933,34.56888248180043,-0.006539326246672417,23.84663944244385,0.7569792151451111,0.006516813250568987,-201.07124696671963,32.355558340443785,1.5876458644866944,,
1732000,1702.24418759346,-190.5751292705536,30.934845359928126,-0.0058199716668266175,15.073877429962158,0.7780522167682647,0.00889935227460228,-201.07124696671963,32.355558340443785,1.5058125257492065,,
1736000,1705.6176073551178,-193.1419562101364,28.404972090417637,-0.00751333606615674,18.41068830490112,0.7802601993083954,0.007288782695463558,-201.07124696671963,32.355558340443785,1.5440625309944154,,
1740000,1709.31334233284,-197.3851282596588,32.16198165408844,-0.007162283117572521,10.490678787231445,0.7711003243923187,0.005987715013907291,-201.07124696671963,32.355558340443785,1.510229194164276,,
1744000,1713.021348953247,-197.23738598823547,33.493899518728156,-0.006470498947349057,18.57901430130005,0.822603964805603,0.00606781990500167,-201.07124696671963,32.355558340443785,1.5417917132377625,,
1748000,1716.7653896808624,-193.33196020126343,32.36880277131608,-0.00453205671906467,17.675312328338624,0.7812063276767731,0.006175434094620869,-201.07124696671963,32.355558340443785,1.4924792170524597,,
1752000,1720.3993594646454,-193.74122548103333,30.449735465155573,-0.006629527905955968,13.247978019714356,0.7768681645393372,0.009248160292704899,-201.07124696671963,32.355558340443785,1.4703750491142273,,
1756000,1724.0671017169952,-203.32514142990112,36.98622950077646,-0.004905283557095963,14.728703498840332,0.7593970835208893,0.00737607954069972,-201.07124696671963,32.355558340443785,1.5589792132377625,,
1760000,1727.7842574119568,-196.7898519039154,28.331758499679772,-0.007261564288637601,10.39792308807373,0.7860055208206177,0.011087884044895802,-201.07124696671963,32.355558340443785,1.5492292165756225,,
1764000,1733.8214814662933,-193.45144283771515,31.85955433173212,-0.0051071273194780884,13.626617431640625,0.7727839767932891,0.007552126894006505,-207.61772030591965,39.04743034908197,1.4501875400543214,,
1768000,1737.392070055008,-205.06132674217224,35.91795919031111,-0.004613349187575899,16.099775505065917,0.7324252009391785,0.002594887471059337,-207.61772030591965,39.04743034908197,1.5313958644866943,,
1772000,1741.0834925174713,-193.06412768363953,36.24230370984123,-0.006656742886795186,12.819528388977051,0.7413919568061829,0.007626872626133263,-207.61772030591965,39.04743034908197,1.4886667013168335,,
1776000,1744.782991886139,-202.49125468730927,35.50740857114029,-0.006038215089744536,15.721888160705566,0.7886478185653687,0.006507430900819599,-207.61772030591965,39.04743034908197,1.5637917041778564,,
1780000,1748.478370666504,-202.575040102005,32.14546132247784,-0.007115370249841391,15.985684871673584,0.7763526022434235,0.007449402869679034,-207.61772030591965,39.04743034908197,1.5112917304039002,,
1784000,1752.1744809150696,-199.5949673652649,33.3446908111289,-0.0060562329778136356,14.360473346710204,0.7311643302440644,0.008491527891795464,-207.61772030591965,39.04743034908197,1.5045000314712524,,
1788000,1755.8492047786713,-199.33351361751556,35.54208423022065,-0.006173509377518016,12.003017234802247,0.6941245794296265,0.010891893180087209,-207.61772030591965,39.04743034908197,1.4672292113304137,,
1792000,1759.5488557815552,-197.44775485992432,35.83025313286792,-0.007284713248877495,12.95320529937744,0.6669267892837525,0.009197021664818904,-207.61772030591965,39.04743034908197,1.471541702747345,,
1796000,1763.2681608200073,-193.820965051651,34.67157140299548,-0.004065620468774256,14.30861177444458,0.7314603805541993,0.010541335679590702,-207.61772030591965,39.04743034908197,1.5138958811759948,,
1800000,1766.9964637756348,-199.10050797462463,33.75455028237495,-0.006822183150875816,15.32665843963623,0.7729146659374238,0.0073542307263707585,-207.61772030591965,39.04743034908197,1.4810000300407409,,
1804000,1773.2541971206665,-205.73489344120026,35.349548657283435,-0.00602358451858187,14.622021579742432,0.7894684791564941,0.002473893074784428,-201.9580068960786,40.86990800760512,1.4618958592414857,,
1808000,1776.938912153244,-193.33660626411438,36.0257188139979,-0.0066172783859073546,15.321984100341798,0.7622600078582764,0.008469184437999554,-201.9580068960786,40.86990800760512,1.4597708582878113,,
1812000,1780.5123176574707,-195.61833024024963,35.0596648654323,-0.005924548202039049,10.746040058135986,0.7364679157733918,0.003350693074753508,-201.9580068960786,40.86990800760512,1.4503333806991576,,
1816000,1784.1993629932404,-203.00412094593048,43.961535832041015,-0.007283153943872733,16.206497859954833,0.7374102652072907,0.007155607662706931,-201.9580068960786,40.86990800760512,1.4825833916664124,,
1820000,1787.7862706184387,-198.76383686065674,32.16519353724572,-0.005144374872790536,12.857433891296386,0.7429563879966736,0.003929941370734014,-201.9580068960786,40.86990800760512,1.4724583506584168,,
1824000,1791.4825913906097,-199.66909408569336,40.27361902613537,-0.005013442238016719,12.89387912750244,0.7125971674919128,0.0066115957563742,-201.9580068960786,40.86990800760512,1.4272500276565552,,
1828000,1795.1868543624878,-204.7916829586029,40.763693565606516,-0.006117812962193625,13.951180934906006,0.7772035539150238,0.006578155024908483,-201.9580068960786,40.86990800760512,1.4387083888053893,,
1832000,1798.831047296524,-194.86509251594543,31.689972402310083,-0.005223804571820878,11.355911445617675,0.720484459400177,0.004289882746525109,-201.9580068960786,40.86990800760512,1.3658333659172057,,
1836000,1802.4751965999603,-198.214200258255,32.65768632807813,-0.006158928449110435,9.837313652038574,0.775458836555481,0.008658660436980447,-201.9580068960786,40.86990800760512,1.4022292137145995,,
1840000,1806.2090315818787,-200.74391186237335,35.44929566662148,-0.007226886406230548,15.703011226654052,0.8128777503967285,0.006017864873865619,-201.9580068960786,40.86990800760512,1.356125044822693,,
1844000,1812.2990458011627,-205.25693345069885,39.83553774543442,0.06306659089424649,20.491840362548828,0.7817162692546844,0.018982267453024802,-200.78856094181538,40.473152748189634,1.387666690349579,,
1848000,1815.9757401943207,-197.42700123786926,36.293455511803685,-0.004482292935737142,17.35715217590332,0.756266450881958,0.005941541402717121,-200.78856094181538,40.473152748189634,1.412854218482971,,
1852000,1819.6626071929932,-198.45663022994995,37.20052591057203,-0.006173825883151451,12.632946586608886,0.7567928194999695,0.0033233925845706836,-200.78856094181538,40.473152748189634,1.4217500329017638,,
1856000,1823.3026151657104,-197.53720009326935,35.99869645312492,-0.007840259815411078,7.872373390197754,0.7563865900039672,0.005705332240012151,-200.78856094181538,40.473152748189634,1.3381667017936707,,
1860000,1826.8757729530334,-198.04940116405487,35.42782851748575,-0.00698225834903603,13.436205101013183,0.739425653219223,0.004485533048864454,-200.78856094181538,40.473152748189634,1.3402708649635315,,
1864000,1830.5357072353363,-194.1999442577362,34.38034970641255,-0.007262828640484642,16.354646015167237,0.7746576607227326,0.006801773200277239,-200.78856094181538,40.473152748189634,1.372166681289673,,
1868000,1834.2472038269043,-191.46531319618225,29.795841031524443,-0.0038983231202776025,11.29054298400879,0.7596922755241394,0.0028236669338463473,-200.78856094181538,40.473152748189634,1.389583373069763,,
1872000,1837.8451972007751,-200.40669238567352,34.47111282461313,-0.0047170893668663895,20.065985488891602,0.8021481156349182,0.003517674015097683,-200.78856094181538,40.473152748189634,1.4151458859443664,,
1876000,1841.5446519851685,-188.9629888534546,33.9061445531891,-0.008558459359842096,13.62791986465454,0.7661406636238098,0.007124382472829894,-200.78856094181538,40.473152748189634,1.3604166984558106,,
1880000,1845.2456469535828,-193.61072778701782,37.31247832630586,-0.007542821112864928,12.926671600341797,0.777935916185379,0.005663799697921412,-200.78856094181538,40.473152748189634,1.3700833559036254,,
1884000,1851.402857542038,-200.41644966602325,37.81343040669769,-0.006910973205696802,17.254850769042967,0.7836691260337829,0.003330827164657724,-191.56777142733335,34.37021669626071,1.4715833783149719,,
1888000,1855.096956729889,-193.74662566184998,37.583288573635926,-0.006412681624914207,14.539555549621582,0.7800546526908875,0.005202363996068016,-191.56777142733335,34.37021669626071,1.3852083683013916,,
1892000,1858.7840275764465,-184.67096436023712,36.293705053825235,-0.005398024256651724,11.371017265319825,0.72052703499794,0.009853564291882222,-191.56777142733335,34.37021669626071,1.415333342552185,,
1896000,1862.480450630188,-191.9367710351944,34.33234822087823,-0.006242478586733213,14.365713787078857,0.7840077698230743,0.005806370242498815,-191.56777142733335,34.37021669626071,1.4240416884422302,,
1900000,1866.1255598068237,-192.69336926937103,27.681278824151065,-0.00630416163476184,11.755215167999268,0.7889304280281066,0.0019518824861346929,-191.56777142733335,34.37021669626071,1.382562530040741,,
1904000,1869.8298211097717,-191.47403824329376,30.86587842443538,-0.004171620117190145,11.070671558380127,0.7839009881019592,0.010402649402773889,-191.56777142733335,34.37021669626071,1.3859791874885559,,
1908000,1873.4331214427948,-194.06827080249786,36.2278426358862,-0.0061871553068049145,14.03386697769165,0.7865428864955902,0.0074803598419142855,-191.56777142733335,34.37021669626071,1.4351458907127381,,
1912000,1876.7111928462982,-199.97519528865814,37.809720066025655,-0.006883827745759241,15.251012992858886,0.7798790156841278,0.006096361804520711,-191.56777142733335,34.37021669626071,1.465416705608368,,
1916000,1880.4052877426147,-199.05062532424927,34.04324152004877,-0.008608472383581044,9.940550279617309,0.7177359580993652,0.008660366851836443,-191.56777142733335,34.37021669626071,1.4828958749771117,,
1920000,1884.1185653209686,-192.88934230804443,29.69486686660656,-0.007642826861236252,16.42669038772583,0.7796548724174499,0.007412273099025058,-191.56777142733335,34.37021669626071,1.404479205608368,,
1924000,1890.2514805793762,-189.86348867416382,33.540498336599406,-0.006119138721299056,12.554561519622803,0.763922244310379,0.004976058762986213,-193.95342548191547,34.483207270641564,1.449666726589203,,
1928000,1893.9168586730957,-196.10930681228638,33.80510650815149,-0.008191814629671473,11.5562819480896,0.7697445690631867,0.007453056843951344,-193.95342548191547,34.483207270641564,1.4506250381469727,,
1932000,1897.6098685264587,-189.9480825662613,32.02315228308638,-0.006832755419270598,12.439865970611573,0.7863131821155548,0.007900842697825294,-193.95342548191547,34.483207270641564,1.4831042051315309,,
1936000,1901.2721650600433,-199.16619491577148,38.91150649780572,-0.005481359004353514,16.777008056640625,0.8105386137962342,0.0051481135854652745,-193.95342548191547,34.483207270641564,1.4112708806991576,,
1940000,1904.9598338603973,-196.034569978714,35.33406460118384,-0.0070377808781341145,16.11895170211792,0.7912455439567566,0.007581131855491563,-193.95342548191547,34.483207270641564,1.441895854473114,,
1944000,1908.655109167099,-195.01475763320923,38.32657163322168,-0.007866107762635988,14.011064720153808,0.784264224767685,0.006497155409306288,-193.95342548191547,34.483207270641564,1.48395836353302,,
1948000,1912.3934128284454,-196.6563217639923,35.078069546584246,-0.006814006920438232,11.51410436630249,0.7557432532310486,0.004036774768610485,-193.95342548191547,34.483207270641564,1.4581250309944154,,
1952000,1916.094765663147,-199.69063925743103,34.54754157882307,-0.0060949469339103505,14.563560581207275,0.8092036724090577,0.005999002725002356,-193.95342548191547,34.483207270641564,1.5033750414848328,,
1956000,1919.8077046871185,-204.81709039211273,38.52060083718794,-0.005508921730875293,19.201659393310546,0.8114910960197449,0.00407776097417809,-193.95342548191547,34.483207270641564,1.4372500419616698,,
1960000,1923.4539062976837,-192.67544078826904,28.98325620171745,-0.007202060844438663,15.870213222503661,0.7830757319927215,0.010159974324051291,-193.95342548191547,34.483207270641564,1.493291699886322,,
1964000,1929.5150821208954,-205.16031455993652,33.66600440598626,-0.005488272793591165,21.82203254699707,0.7638583660125733,0.006682466541882625,-197.98958802968264,36.5823453013916,1.501395869255066,,
1968000,1933.1932346820831,-194.216082572937,35.31075670480672,-0.00765458076198895,16.130617904663087,0.7550544083118439,0.006741984898069297,-197.98958802968264,36.5823453013916,1.537250030040741,,
1972000,1936.8603563308716,-192.73144114017487,33.21934060305117,-0.005878384912541534,13.598342227935792,0.7635398626327514,0.005547592672209056,-197.98958802968264,36.5823453013916,1.5202916979789733,,
1976000,1940.5393171310425,-196.53607201576233,39.57086724906339,-0.005195395058641772,13.074507522583009,0.7117393314838409,0.007561706099659204,-197.98958802968264,36.5823453013916,1.456000065803528,,
1980000,1944.1943833827972,-196.0939018726349,30.692969063498712,-0.006577141950683085,10.816649913787842,0.7389454543590546,0.008647099454576779,-197.98958802968264,36.5823453013916,1.4575208663940429,,
1984000,1947.843628168106,-199.757182598114,30.057895215174582,-0.00827900170690068,13.085922718048096,0.7253901064395905,0.008524433482671156,-197.98958802968264,36.5823453013916,1.4918750166893004,,
1988000,1951.5379285812378,-200.0000126361847,39.521335632525584,-0.005719330681487911,17.34460554122925,0.7555665850639344,0.0049882001127116386,-197.98958802968264,36.5823453013916,1.5520000219345094,,
1992000,1955.2410242557526,-195.45121204853058,39.95583678881829,-0.007019287841976052,14.342322826385498,0.7701689302921295,0.017951605515554546,-197.98958802968264,36.5823453013916,1.4612500309944152,,
1996000,1958.812959432602,-197.02388620376587,34.115554287412735,-0.005644278923981005,13.233809566497802,0.733480429649353,0.00641621028771624,-197.98958802968264,36.5823453013916,1.4711875319480896,,
2000000,1962.4353215694427,-201.9978609085083,35.22377343181331,-0.006981238036106063,13.29157657623291,0.7896547913551331,0.006332432059571147,-197.98958802968264,36.5823453013916,1.4389166951179504,,
