global_step,wall_time_s,ep_return_mean,ep_return_std,policy_loss,value_loss,entropy,approx_kl,eval_return_mean,eval_return_std,mean_k,attn_entropy,lagrange_lambda
4000,3.6019608974456787,-236.70436763763428,39.23886947775909,-0.0003379351980388634,226.71759490966798,1.602377724647522,2.9705142059052724e-05,,,2.0,0.6750580728054046,
8000,6.531442403793335,-237.48008847236633,54.432293909350065,-0.0007012764052195308,181.088818359375,1.5919620156288148,1.0182460430385731e-10,,,2.0,0.6834930717945099,
12000,9.505867004394531,-230.09856927394867,37.82307952555469,-0.0006044043991423109,182.73285827636718,1.587768793106079,0.0,,,2.0,0.6841039776802063,
16000,12.485809326171875,-224.11857223510742,40.64682858531324,-0.0002140625399491114,138.42446746826172,1.5717502593994142,7.823109937632466e-11,,,2.0,0.6848009526729584,
20000,15.456028699874878,-219.28078269958496,38.01754263584957,-0.0004001172302839251,98.36067123413086,1.5680357217788696,4.339330071161385e-05,,,2.0,0.6861296594142914,
24000,18.362261533737183,-212.64093470573425,42.00944304243368,-0.001091124049247183,82.74669799804687,1.5507919073104859,0.0020721055242465813,,,2.0,0.6877655446529388,
28000,21.339648008346558,-224.7149317264557,47.89329120958199,-0.0007992779966152774,86.49568634033203,1.546581244468689,0.0,,,2.0,0.6851810991764069,
32000,24.325784921646118,-219.25114250183105,34.27355362059329,-0.0016303951504329285,62.94211692810059,1.5437897205352784,0.0006756580096407561,,,2.0,0.6869437456130981,
36000,27.279725551605225,-233.17213463783264,49.47750894772637,-0.0011264420882508119,65.64191627502441,1.526502287387848,0.00042889694188004147,,,2.0,0.6831423878669739,
40000,30.27241849899292,-230.81271696090698,45.75797597345543,-0.0012752072743411834,74.49782485961914,1.5010286092758178,0.0010542825780600396,,,2.0,0.678618174791336,
44000,34.871827125549316,-225.01618099212646,34.381394785116186,-0.000903000434545298,49.59434471130371,1.4519855856895447,0.00047123919071359046,-284.4631252884865,84.1205153086691,2.0,0.6837431073188782,
48000,37.83879494667053,-220.84609723091125,47.004868876835864,-0.0008932691260270075,58.90498237609863,1.474031662940979,0.00012275826920813416,-284.4631252884865,84.1205153086691,2.0,0.6845026612281799,
52000,40.79338049888611,-222.1701967716217,34.301246439320856,-0.001278820799178604,59.011037063598636,1.469689130783081,0.000467539632882108,-284.4631252884865,84.1205153086691,2.0,0.6861749112606048,
56000,43.61734867095947,-220.00375890731812,42.53069966566069,-0.0008849384118511771,53.62249755859375,1.4864787578582763,0.002007449207400594,-284.4631252884865,84.1205153086691,2.0,0.6873750686645508,
60000,46.50454807281494,-223.58970665931702,42.07449168352993,-0.0018594454875954015,52.54620208740234,1.4705706119537354,0.0011259870552748907,-284.4631252884865,84.1205153086691,2.0,0.6833859801292419,
64000,49.45553970336914,-225.16143131256104,41.84962739344578,-0.0011439090747735747,59.8527114868164,1.4433814406394958,0.0014959033484046812,-284.4631252884865,84.1205153086691,2.0,0.6849792838096619,
68000,52.40773963928223,-221.53827500343323,45.012717215660096,-0.0002796857622064053,49.985274124145505,1.469205391407013,0.0006083541549742222,-284.4631252884865,84.1205153086691,2.0,0.6879514813423157,
72000,55.34366822242737,-227.78726291656494,40.49085813036746,-0.0019022546119619398,43.25764389038086,1.4250459671020508,0.0005482088308587429,-284.4631252884865,84.1205153086691,2.0,0.6884247243404389,
76000,58.32490158081055,-219.54736518859863,35.1376240524926,-0.0003743383187392979,40.1590160369873,1.4566561341285706,0.00012750023997796234,-284.4631252884865,84.1205153086691,2.0,0.6894682228565217,
80000,61.35045123100281,-233.8373579978943,50.22519843599941,-0.0005499814026602934,48.76777801513672,1.4526327967643737,0.0011856446417368716,-284.4631252884865,84.1205153086691,2.0,0.6884042084217071,
84000,65.76534271240234,-258.8865222930908,58.28897241546428,-0.0011208270194013714,47.42678527832031,1.4389965295791627,0.0005315588714438491,-324.3286267518997,86.61537573138068,2.0,0.6883565008640289,
88000,68.74608325958252,-248.66193985939026,46.35071112570978,-0.0008733060921271019,35.0803409576416,1.4275107502937316,0.0005409109144238755,-324.3286267518997,86.61537573138068,2.0,0.6856834828853607,
92000,71.68556022644043,-240.3241331577301,52.290549071616844,-0.0007633724799622321,27.187820053100587,1.4480281472206116,0.0011576537421206013,-324.3286267518997,86.61537573138068,2.0,0.6843795716762543,
96000,74.62340760231018,-243.73895812034607,49.175989951392054,-0.0010613193362757234,43.17772026062012,1.4819956064224242,0.00034158768035316147,-324.3286267518997,86.61537573138068,2.0,0.6875581443309784,
100000,77.5648078918457,-244.6423909664154,49.733636478857846,-0.001338461004551661,54.565710830688474,1.4653634667396545,0.001430510711235311,-324.3286267518997,86.61537573138068,2.0,0.6883535504341125,
104000,80.58731532096863,-235.3084478378296,39.55848148495649,-0.0006511162936609693,34.06938457489014,1.4626943945884705,0.0006777704213163816,-324.3286267518997,86.61537573138068,2.0,0.6865960121154785,
108000,83.46211528778076,-232.17504787445068,36.25130925786357,7.304796092163501e-05,44.13875122070313,1.4535480618476868,0.0003102201959506279,-324.3286267518997,86.61537573138068,2.0,0.6878844499588013,
112000,86.28280591964722,-224.02177453041077,41.716984913293516,-0.00017355423378706547,42.72423095703125,1.4509099960327148,0.002838698902633041,-324.3286267518997,86.61537573138068,2.0,0.6898949980735779,
116000,89.20422387123108,-233.17288899421692,40.67473208705454,-0.001555567289101134,29.589559936523436,1.3558228015899658,0.0016370023746276273,-324.3286267518997,86.61537573138068,2.0,0.6902825355529785,
120000,92.18791460990906,-245.2218954563141,47.738442503891996,-0.001794107431298464,42.23261833190918,1.35627121925354,0.0025618413425205905,-324.3286267518997,86.61537573138068,2.0,0.6895259082317352,
124000,96.41014194488525,-244.58180499076843,51.05925327270869,-0.001051878249340632,35.11448593139649,1.369244122505188,0.0008657492639031261,-279.89734637737274,86.36619700403507,2.0,0.6869134068489074,
128000,99.1765193939209,-246.04172801971436,53.92901085258981,-0.0008387839123024321,53.127091598510745,1.3342444896697998,0.0026331500383093955,-279.89734637737274,86.36619700403507,2.0,0.6869700670242309,
132000,101.94298553466797,-240.00961542129517,45.335846691738446,-0.0004208266154164697,33.78760108947754,1.3283032059669495,0.0034952211688505487,-279.89734637737274,86.36619700403507,2.0,0.6883612155914307,
136000,104.7295732498169,-241.74247455596924,48.614842706880054,-0.0023009777310072366,29.249869728088377,1.338211452960968,0.0034593096066576736,-279.89734637737274,86.36619700403507,2.0,0.6887669563293457,
140000,107.68467569351196,-244.43068432807922,50.69754535740561,-0.0007021042688963198,30.98993377685547,1.2857070326805116,0.0020215096732911996,-279.89734637737274,86.36619700403507,2.0,0.6836915493011475,
144000,110.65824341773987,-232.74078369140625,45.54463336653098,-0.00044391666783489826,22.575276184082032,1.312510597705841,0.003952732891775668,-279.89734637737274,86.36619700403507,2.0,0.6877078771591186,
148000,113.60386300086975,-241.066246509552,49.8838067392152,0.00303540478926152,31.26922187805176,1.253834319114685,0.011951452120828132,-279.89734637737274,86.36619700403507,2.0,0.6872665882110596,
152000,116.52619695663452,-236.21220588684082,37.08956653040774,-0.000780417583630566,19.064831352233888,1.2767768621444702,0.003608800144322838,-279.89734637737274,86.36619700403507,2.0,0.686251837015152,
156000,119.50030374526978,-238.25880551338196,43.79948976867211,0.002284051415238819,27.89157009124756,1.2742401361465454,0.006259023249498568,-279.89734637737274,86.36619700403507,2.0,0.6869190573692322,
160000,122.43676543235779,-237.63182044029236,52.814009105098265,-0.0001784989812003701,35.696841430664065,1.2508882522583007,0.008666393499666202,-279.89734637737274,86.36619700403507,2.0,0.6840826213359833,
164000,126.84301805496216,-227.29936265945435,39.77619667938846,0.0037891810845272823,31.383639907836915,1.274936318397522,0.009777781064622104,-225.18680051714182,52.11349420136192,2.0,0.6883046925067902,
168000,129.8002643585205,-232.35997223854065,63.21265674336384,0.0003417725207788713,48.7694278717041,1.2877623438835144,0.001945804020457831,-225.18680051714182,52.11349420136192,2.0,0.6866010785102844,
172000,132.6703803539276,-225.0362687110901,40.92705077230955,-0.0010983174543071073,41.49042911529541,1.2921097993850708,0.004030246403999627,-225.18680051714182,52.11349420136192,2.0,0.6880087018013,
176000,135.589946269989,-240.30386877059937,48.75929374743268,-0.0012558078478832613,25.932998275756837,1.247582697868347,0.0024117216176819055,-225.18680051714182,52.11349420136192,2.0,0.6871406555175781,
180000,138.57338547706604,-222.9612169265747,35.87497377246179,-0.0028369910994855085,22.49051399230957,1.3183412313461305,0.0049043188432503215,-225.18680051714182,52.11349420136192,2.0,0.6864905059337616,
184000,141.50576210021973,-231.02222180366516,41.90094595774806,-0.0004368105641525233,24.751359748840333,1.322418200969696,0.002926969083549924,-225.18680051714182,52.11349420136192,2.0,0.6834001123905182,
188000,144.4307255744934,-218.0999995470047,39.559910620410925,-0.0014628270410709909,42.94754600524902,1.3216734647750854,0.002392271047574468,-225.18680051714182,52.11349420136192,2.0,0.6836225748062134,
192000,147.34222531318665,-230.47992134094238,34.9160760488108,-0.0023886475388426474,20.76583547592163,1.2520750403404235,0.006380504477148258,-225.18680051714182,52.11349420136192,2.0,0.6828678905963897,
196000,150.30575275421143,-223.28016877174377,43.201646749196456,-0.0010692515692595993,21.671068000793458,1.2423534750938416,0.005146834331060135,-225.18680051714182,52.11349420136192,2.0,0.6821222245693207,
200000,153.27720713615417,-216.7761708498001,39.06607214734927,-0.0017736192319135924,30.236619186401366,1.2133105516433715,0.0017186409269925207,-225.18680051714182,52.11349420136192,2.0,0.682416707277298,
204000,157.72218418121338,-236.83576202392578,43.738529447468835,-0.0014703312547062809,31.18234043121338,1.1799265623092652,0.0006725015497067943,-235.63107243180275,45.60845831294374,2.0,0.6771009683609008,
208000,160.5638873577118,-219.85268080234528,38.74760503415987,-0.0026925296908011376,23.855630493164064,1.221191167831421,0.001206220492531429,-235.63107243180275,45.60845831294374,2.0,0.678170669078827,
212000,163.3023989200592,-240.52429676055908,42.72186396596093,-0.001248175251433481,33.01864585876465,1.1516365647315978,0.0015084719751030206,-235.63107243180275,45.60845831294374,2.0,0.6771488904953002,
216000,166.0347819328308,-230.2090184688568,39.12015133624228,-0.0010436785901378088,24.6747745513916,1.1756694197654725,0.0012909499113447965,-235.63107243180275,45.60845831294374,2.0,0.6800811290740967,
220000,168.91759777069092,-228.25298643112183,41.44883935702365,-0.0019273764438693774,24.83861846923828,1.1967257142066956,0.0007408874051179736,-235.63107243180275,45.60845831294374,2.0,0.6742801427841186,
224000,171.89538478851318,-233.31748723983765,43.69355833054085,-0.002342772882431743,31.095760917663576,1.2311352610588073,0.002415630838756144,-235.63107243180275,45.60845831294374,2.0,0.6693697869777679,
228000,174.9751331806183,-234.94073104858398,38.24706053171317,-0.001997540508569129,23.00812683105469,1.2157983899116516,0.004326265474082902,-235.63107243180275,45.60845831294374,2.0,0.6793414175510406,
232000,177.95226979255676,-231.2062382698059,39.60440061757174,-0.0018522739965070479,26.848083877563475,1.146042037010193,0.002514708353555761,-235.63107243180275,45.60845831294374,2.0,0.6724736988544464,
236000,180.97259211540222,-230.57098364830017,40.02813155995175,-0.001218442874068082,27.955954933166502,1.0924894571304322,0.003165366314351559,-235.63107243180275,45.60845831294374,2.0,0.6668993711471558,
240000,184.0390181541443,-235.10062718391418,46.0357175349387,-0.0020085703722143135,33.25114135742187,1.1495381593704224,0.0016220834259002004,-235.63107243180275,45.60845831294374,2.0,0.6708741605281829,
244000,188.41821670532227,-237.4213743209839,50.08084126873062,-0.002144362920778775,33.1138412475586,1.1460383176803588,0.0021563921777221218,-257.1058343946934,59.058266256621025,2.0,0.6634200215339661,
248000,191.34764552116394,-234.63869309425354,44.53176940588534,-0.0009442849786137408,21.529773902893066,1.0688175916671754,0.003097582653708135,-257.1058343946934,59.058266256621025,2.0,0.644707977771759,
252000,194.27859449386597,-231.187194108963,38.65983342869962,-0.0016770685709779798,25.954886627197265,1.0341648936271668,0.001071840094094001,-257.1058343946934,59.058266256621025,2.0,0.6509070754051208,
256000,197.22447609901428,-224.03005409240723,46.109012693816815,-0.0010241970403391143,33.6296688079834,1.0063821792602539,0.004642405628692359,-257.1058343946934,59.058266256621025,2.0,0.6407190501689911,
260000,200.165296792984,-219.51733875274658,35.390417365990864,-0.0019065790136252759,21.592257499694824,0.9962427973747253,0.0044044434675015506,-257.1058343946934,59.058266256621025,2.0,0.6321945488452911,
264000,202.9652497768402,-226.29007411003113,40.987781739084475,-0.0009004567873683644,26.203652381896973,0.998481833934784,0.008038865878867606,-257.1058343946934,59.058266256621025,2.0,0.6136381089687347,
268000,205.7389464378357,-218.9803261756897,35.730662076525626,-0.002050362032560171,22.114979362487794,1.0889554619789124,0.004648031113902107,-257.1058343946934,59.058266256621025,2.0,0.6078952610492706,
272000,208.5038275718689,-223.70311570167542,40.512775010464516,-0.002614523639708466,28.144664764404297,1.1079605102539063,0.0032992878938093773,-257.1058343946934,59.058266256621025,2.0,0.6332966446876526,
276000,211.36679005622864,-227.6443009376526,44.46526301375597,-0.002052690593370543,24.28037929534912,1.070714819431305,0.005536572555390501,-257.1058343946934,59.058266256621025,2.0,0.6508268773555755,
280000,214.3367075920105,-215.8941855430603,37.81751670187777,-0.001027392442221764,25.525917625427248,1.0336782455444335,0.008293345314450562,-257.1058343946934,59.058266256621025,2.0,0.6391663074493408,
284000,218.66975164413452,-220.20711874961853,41.44859827826821,-0.0016263069102619098,32.31718711853027,1.183054518699646,0.009588902646365272,-225.64447970688343,51.002361430340294,2.0,0.6482519268989563,
288000,221.58417749404907,-215.18874549865723,38.54292921735449,-0.0013826472466850425,23.748581314086913,1.1681714534759522,0.008721247385255992,-225.64447970688343,51.002361430340294,2.0,0.6206796765327454,
292000,224.49485635757446,-210.31234502792358,35.38314917595244,-0.0002709259685410359,25.254147720336913,1.188568925857544,0.002943328373677409,-225.64447970688343,51.002361430340294,2.0,0.6464048683643341,
296000,227.43318343162537,-217.91155540943146,39.07446681574262,0.0008467205586299931,23.86071014404297,1.1400229215621949,0.0091535306731239,-225.64447970688343,51.002361430340294,2.0,0.6199325084686279,
300000,230.37166690826416,-219.78000247478485,40.84897342690604,-0.0018891321520738912,26.382347679138185,1.1191232919692993,0.0059508613019716,-225.64447970688343,51.002361430340294,2.0,0.6140656471252441,
304000,233.3019654750824,-227.53722858428955,39.45756201731358,-0.0020087323238549004,23.32504539489746,1.099050188064575,0.0044832256739027795,-225.64447970688343,51.002361430340294,2.0,0.6174472451210022,
308000,236.20331859588623,-217.40683245658875,33.169010801249534,-0.0018653216359186154,26.01292552947998,1.144717240333557,0.004271762449934613,-225.64447970688343,51.002361430340294,2.0,0.6237201869487763,
312000,239.13070631027222,-225.7924518585205,55.2117299190912,-0.003672833026076372,24.641597175598143,1.0806183099746705,0.007674701511239013,-225.64447970688343,51.002361430340294,2.0,0.5915770530700684,
316000,242.03884434700012,-218.06059622764587,34.8909610170244,-0.003957175968214877,18.7666654586792,1.0880105376243592,0.00641222621925408,-225.64447970688343,51.002361430340294,2.0,0.5977769374847413,
320000,244.83282136917114,-214.4175841808319,41.44238449573514,-0.0011775588134235627,22.075312995910643,1.098123347759247,0.004566613849019641,-225.64447970688343,51.002361430340294,2.0,0.5938555181026459,
324000,249.05371713638306,-208.50888812541962,33.85346032297671,-0.003941347331817569,23.97363147735596,1.1643850445747375,0.004666115740799203,-231.15865178406239,40.04176686891458,2.0,0.6201794505119324,
328000,251.9951994419098,-221.24378061294556,36.86400394645495,-0.0017461328117448715,20.40741024017334,1.0303303599357605,0.005573616452709151,-231.15865178406239,40.04176686891458,2.0,0.5967663049697876,
332000,254.92591261863708,-215.0524606704712,35.75809163102634,-0.0006310310925473406,20.37141046524048,0.968468326330185,0.006529011880047619,-231.15865178406239,40.04176686891458,2.0,0.5574609696865082,
336000,257.69498801231384,-223.13084292411804,39.563654239517575,-0.004018083986826326,19.149501037597656,1.0962903261184693,0.0056997628969838844,-231.15865178406239,40.04176686891458,2.0,0.5902306735515594,
340000,260.4659843444824,-202.46609592437744,28.846156965877924,-0.002617030536435827,16.805702877044677,0.9988269984722138,0.005201732388076685,-231.15865178406239,40.04176686891458,2.0,0.5512103199958801,
344000,263.2454340457916,-218.95927381515503,43.335891816729735,-0.003230877568790014,24.71870708465576,0.9533619105815887,0.007984876888804138,-231.15865178406239,40.04176686891458,2.0,0.5552715301513672,
348000,266.0740933418274,-216.46673440933228,46.38746950927139,-0.0031186633371592886,20.94493999481201,0.9526186466217041,0.005146188583603361,-231.15865178406239,40.04176686891458,2.0,0.506033843755722,
352000,268.9496102333069,-219.1613597869873,44.50583065833629,-0.0036540025654248965,14.436436748504638,0.9911055624485016,0.005372328823820377,-231.15865178406239,40.04176686891458,2.0,0.5039919078350067,
356000,271.80733370780945,-221.71367383003235,39.11506632672408,-0.0031259960561874412,20.61078586578369,1.0248430132865907,0.004575214278884232,-231.15865178406239,40.04176686891458,2.0,0.4831595867872238,
360000,274.7217743396759,-231.87679862976074,44.9792556082816,-0.0022536243720484793,27.39561767578125,0.9953646063804626,0.005912023349083029,-231.15865178406239,40.04176686891458,2.0,0.4643494784832001,
364000,279.00136828422546,-215.94828629493713,35.587129820039785,-0.0021484954793899113,20.142874813079835,0.9922342896461487,0.008882682907550298,-237.6793235912919,37.458582659990256,2.0,0.4813659876585007,
368000,281.9345877170563,-223.42610263824463,45.585125885051774,-0.0032435182562331024,23.302339363098145,1.0232074737548829,0.005510003998720403,-237.6793235912919,37.458582659990256,2.0,0.5068573951721191,
372000,284.8799662590027,-213.73814368247986,39.16912601005762,0.002577141168837738,22.280117988586426,0.9585596144199371,0.008158648200333119,-237.6793235912919,37.458582659990256,2.0,0.4790562242269516,
376000,287.83314633369446,-212.54388737678528,36.22726196719145,-0.0027380182556031585,14.787934398651123,0.9344401657581329,0.015241001954767875,-237.6793235912919,37.458582659990256,2.0,0.4422682195901871,
380000,290.68579268455505,-215.2787446975708,36.40993557554831,-0.004326005924570708,16.19465923309326,0.9296304523944855,0.008769305238888303,-237.6793235912919,37.458582659990256,2.0,0.45651460289955137,
384000,293.4466633796692,-213.90030574798584,45.82962111920721,-0.002648811894228942,22.472079277038574,0.9599479973316193,0.006504417222458869,-237.6793235912919,37.458582659990256,2.0,0.4738109350204468,
388000,296.27721071243286,-219.23114037513733,32.90896261732496,-0.0023711106585493913,17.80128173828125,1.0104155719280243,0.008345927997802694,-237.6793235912919,37.458582659990256,2.0,0.4827125906944275,
392000,299.20198464393616,-215.2787218093872,28.345953626331205,-0.0028996238651452623,13.293772506713868,0.9875848233699799,0.00643604047751678,-237.6793235912919,37.458582659990256,2.0,0.445353290438652,
396000,302.179967880249,-219.5734086036682,35.74201770159921,-0.004151352960810417,15.435068511962891,0.9760658323764801,0.004639032753766514,-237.6793235912919,37.458582659990256,2.0,0.4454684555530548,
400000,305.117173910141,-221.39816451072693,40.89483295769383,-0.0025522628369703424,19.21567392349243,0.909429520368576,0.0028572197537869216,-237.6793235912919,37.458582659990256,2.0,0.44167609214782716,
404000,309.5124671459198,-226.12593507766724,41.12178585282182,-0.003298919654140864,20.04582223892212,0.9489130914211273,0.005069906105597816,-230.81145958602428,39.083342579497916,2.0,0.3999628067016602,
408000,312.4968161582947,-210.25727128982544,33.320459189193095,-0.0029989820414145995,12.303755187988282,1.0134384036064148,0.005133121530525387,-230.81145958602428,39.083342579497916,2.0,0.45917242765426636,
412000,315.48770451545715,-206.06849026679993,29.60826055896168,-0.0041615978165840065,16.247020149230956,1.1178998112678529,0.0051411698853674696,-230.81145958602428,39.083342579497916,2.0,0.4701477915048599,
416000,318.4586532115936,-215.47354435920715,34.02319456298612,-0.0038792546211043446,17.407171058654786,1.142670226097107,0.003956265820306726,-230.81145958602428,39.083342579497916,2.0,0.49620656073093417,
420000,321.44351983070374,-202.19161987304688,30.753508823971778,-0.0032599927858682374,16.456421756744383,1.1051291465759276,0.0033440488377431076,-230.81145958602428,39.083342579497916,2.0,0.48915719985961914,
424000,324.4676978588104,-211.82577252388,35.810264694211085,-0.0038325929746109823,18.84401731491089,1.1398674249649048,0.0051634097937494515,-230.81145958602428,39.083342579497916,2.0,0.5128385603427887,
428000,327.4665992259979,-209.30342411994934,31.445747807822737,-0.004386967639361217,13.58710699081421,1.113225269317627,0.004079321689826126,-230.81145958602428,39.083342579497916,2.0,0.4777087777853012,
432000,330.4239685535431,-208.21176147460938,29.982019421689245,-0.004157067660242308,11.65689172744751,1.0613770127296447,0.005770825765095644,-230.81145958602428,39.083342579497916,2.0,0.47056263089179995,
436000,333.41486835479736,-208.6711287498474,27.460037022496664,-0.0038436944713660993,11.637392330169678,0.9653442740440369,0.005880040706445775,-230.81145958602428,39.083342579497916,2.0,0.42903604805469514,
440000,336.40392541885376,-206.84312295913696,40.56406514589879,-0.002821622813675084,13.757493495941162,0.9541414678096771,0.01014131223782897,-230.81145958602428,39.083342579497916,2.0,0.4582383930683136,
444000,340.7066149711609,-211.83145952224731,34.81695306333112,-0.0031496623258572497,11.667813682556153,0.927683699131012,0.007733592757722363,-214.2841571122408,24.812758338612795,2.0,0.4293086379766464,
448000,343.67651319503784,-206.58704340457916,37.626434788341534,-0.004592675048935568,14.74311285018921,0.9251918017864227,0.0062412860133918,-214.2841571122408,24.812758338612795,2.0,0.42251268923282626,
452000,346.6670346260071,-207.11785078048706,35.84180724367221,-0.00010405181704360444,13.319193935394287,0.9240839660167695,0.01122782074380666,-214.2841571122408,24.812758338612795,2.0,0.42345196306705474,
456000,349.6142382621765,-209.1208302974701,32.43924180003988,-0.0053430140743342845,11.861105918884277,0.9756916403770447,0.00817825819249265,-214.2841571122408,24.812758338612795,2.0,0.447627454996109,
460000,352.4500560760498,-206.31811618804932,33.75341128467188,-0.00285715823015682,13.61011381149292,0.9665489792823792,0.006237977803529549,-214.2841571122408,24.812758338612795,2.0,0.42993469834327697,
464000,355.28000235557556,-207.2110025882721,35.58892659517484,-0.004012091382988725,14.469941711425781,0.9995878994464874,0.0038795464439317583,-214.2841571122408,24.812758338612795,2.0,0.4239596754312515,
468000,358.25420570373535,-200.92024874687195,33.2483909831243,-0.0025656492493969286,13.27611780166626,1.0149001836776734,0.008940491568297149,-214.2841571122408,24.812758338612795,2.0,0.4408106803894043,
472000,361.10107922554016,-195.0506181716919,29.22295326699154,-0.005353504140162846,9.649511098861694,1.0318626165390015,0.005715227715399429,-214.2841571122408,24.812758338612795,2.0,0.4050465255975723,
476000,363.93865036964417,-198.13522624969482,29.70297665412109,-0.0034821742886366634,13.262777328491211,1.0738925337791443,0.006749994424171746,-214.2841571122408,24.812758338612795,2.0,0.40725271701812743,
480000,366.9123740196228,-201.07122135162354,34.29004279473608,-0.0019469923449602522,14.129238414764405,0.9950761079788208,0.008642956968086469,-214.2841571122408,24.812758338612795,2.0,0.40451177060604093,
484000,371.26523780822754,-210.38644695281982,41.92868071874372,-0.0024094855191651556,17.293297576904298,0.961894553899765,0.0030985856545157732,-213.10285783559084,31.800646081192824,2.0,0.3679166048765182,
488000,374.2101151943207,-212.10078525543213,30.58078240046195,-0.0038789117306975316,10.185269927978515,0.9212851047515869,0.00448638473462779,-213.10285783559084,31.800646081192824,2.0,0.38728191554546354,
492000,377.14230942726135,-210.60740113258362,37.396381018138065,0.00030771161249152355,12.941593074798584,0.8848601818084717,0.006996668660392391,-213.10285783559084,31.800646081192824,2.0,0.3866043955087662,
496000,380.081561088562,-201.92108964920044,31.56369040142322,-0.00515655957437895,11.641756916046143,0.8838136494159698,0.009040768070146444,-213.10285783559084,31.800646081192824,2.0,0.3800644099712372,
500000,383.0225131511688,-204.27647352218628,34.509758305710804,-0.0042033234804403465,12.71158504486084,0.8707210004329682,0.00711489973915741,-213.10285783559084,31.800646081192824,2.0,0.38332808315753936,
504000,385.9595022201538,-198.6032371520996,33.83561175345583,-0.005536513548344368,10.380428886413574,0.8853256344795227,0.008386133664753293,-213.10285783559084,31.800646081192824,2.0,0.35526137351989745,
508000,388.89861273765564,-205.02118825912476,34.490645802832255,-0.0029259318792611566,12.732206439971923,0.8827808320522308,0.006405470376989497,-213.10285783559084,31.800646081192824,2.0,0.39005999863147733,
512000,391.81773114204407,-206.27151131629944,35.25012841111961,-0.0035340939883220734,15.89910430908203,0.9015082836151123,0.0049511026307397215,-213.10285783559084,31.800646081192824,2.0,0.3837048202753067,
516000,394.7484576702118,-206.58944940567017,32.77856079694072,-0.0035644390512801103,10.386954307556152,0.8640646517276764,0.005743067007279024,-213.10285783559084,31.800646081192824,2.0,0.36344864666461946,
520000,397.5858745574951,-209.33891415596008,32.13924948859709,-0.0044946130311291025,10.2491605758667,0.8446410536766052,0.007253219686759049,-213.10285783559084,31.800646081192824,2.0,0.34301512241363524,
524000,401.9011940956116,-207.81903100013733,33.387938457762516,-0.0025170063814342392,11.471819591522216,0.8015283823013306,0.009215872050262985,-217.73130598664284,27.927161465548803,2.0,0.3203797399997711,
528000,404.85925030708313,-216.3183352947235,32.21502064394911,-0.004090780257713078,12.238931941986085,0.8188617706298829,0.009795419627334923,-217.73130598664284,27.927161465548803,2.0,0.34452569782733916,
532000,407.84170866012573,-210.16647386550903,34.50347549037471,-0.004023861612581214,14.213067722320556,0.8192169666290283,0.005236288323067129,-217.73130598664284,27.927161465548803,2.0,0.35113197565078735,
536000,410.78669476509094,-211.60848927497864,34.34684366990545,-0.00418848364730362,14.143757915496826,0.8241460919380188,0.008475921326316893,-217.73130598664284,27.927161465548803,2.0,0.3652758926153183,
540000,413.72916316986084,-208.2943823337555,31.192070442998183,-0.003825550641107833,9.244494199752808,0.876358038187027,0.006141943627153523,-217.73130598664284,27.927161465548803,2.0,0.3893235385417938,
544000,416.69567036628723,-207.85217881202698,32.46996604155185,-0.003925384997079728,11.507765769958496,0.8671540439128875,0.004018531900364941,-217.73130598664284,27.927161465548803,2.0,0.4039352506399155,
548000,419.6404628753662,-214.63380408287048,36.27530420025027,-0.0032327027655361996,11.213886070251466,0.8387115359306335,0.013312077714363112,-217.73130598664284,27.927161465548803,2.0,0.38275917172431945,
552000,422.580872297287,-207.0905454158783,33.791356068755434,-0.0031769505977475186,14.236792373657227,0.8674562156200409,0.0054682789264867806,-217.73130598664284,27.927161465548803,2.0,0.3875589519739151,
556000,425.5681269168854,-201.57684350013733,34.19733989825908,-0.0041877505172354555,9.23981614112854,0.8869925498962402,0.005309592478442937,-217.73130598664284,27.927161465548803,2.0,0.3765608698129654,
560000,428.54495000839233,-209.64497590065002,30.44077378412243,-0.004492977554909849,10.51423201560974,0.857420951128006,0.005730192373584335,-217.73130598664284,27.927161465548803,2.0,0.34238495528697965,
564000,432.8657531738281,-202.45370650291443,25.717140703230758,-0.0054453757676915515,7.400745248794555,0.8195529580116272,0.005987588626953477,-202.4167582988739,32.04898022211633,2.0,0.33959773778915403,
568000,435.81983828544617,-203.14663696289062,38.40240417682206,-0.005101816781020396,12.95550079345703,0.865276676416397,0.009368699952028691,-202.4167582988739,32.04898022211633,2.0,0.3572451204061508,
572000,438.780207157135,-203.132399559021,33.373196303052936,-0.003172709589862777,11.521924304962159,0.8614981532096863,0.004965587814513128,-202.4167582988739,32.04898022211633,2.0,0.3631189435720444,
576000,441.7571804523468,-190.27438461780548,30.880368606652656,-0.005151544545311459,7.727397012710571,0.8176927089691162,0.005831322283484042,-202.4167582988739,32.04898022211633,2.0,0.3300761193037033,
580000,444.7210259437561,-198.29145789146423,32.0185527308927,-0.005694939310351898,6.937416458129883,0.7859973251819611,0.009158214379567653,-202.4167582988739,32.04898022211633,2.0,0.3346341222524643,
584000,447.65752243995667,-203.20306420326233,38.78877743337159,-0.003611312386967924,13.474521827697753,0.8072759985923768,0.008260613988619303,-202.4167582988739,32.04898022211633,2.0,0.32989985346794126,
588000,450.6200408935547,-196.06890320777893,30.607051629842328,-0.004358634744732015,6.865958118438721,0.8566884398460388,0.008054133181382594,-202.4167582988739,32.04898022211633,2.0,0.34438168406486513,
592000,453.5956313610077,-194.19657492637634,27.16395071207515,-0.004392797685170091,9.62940492630005,0.869433480501175,0.0035322251771576774,-202.4167582988739,32.04898022211633,2.0,0.3444183260202408,
596000,456.5775921344757,-192.56136310100555,34.50263138403582,-0.004217614229069966,8.891516971588135,0.8019399106502533,0.006784016707446439,-202.4167582988739,32.04898022211633,2.0,0.353308767080307,
600000,459.59940099716187,-202.27662181854248,33.56323965854122,-0.002033844385393202,10.81021785736084,0.8216960787773132,0.0024609969404991716,-202.4167582988739,32.04898022211633,2.0,0.32762837409973145,
604000,463.85980772972107,-198.04728937149048,25.540357160000024,-0.0032600080542809716,10.272171258926392,0.8391515016555786,0.0049309871715959245,-200.16445465385914,32.2396589893978,2.0,0.32776799499988557,
608000,466.82561469078064,-199.51098334789276,35.0416368682065,-0.0042016532494260515,10.180961084365844,0.8526920914649964,0.002902869090758031,-200.16445465385914,32.2396589893978,2.0,0.35702035427093504,
612000,469.75724601745605,-192.37669801712036,28.630935253002402,-0.004358806277470073,6.999037456512451,0.8461655080318451,0.006752019718561009,-200.16445465385914,32.2396589893978,2.0,0.33882682025432587,
616000,472.691038608551,-194.8633667230606,32.6538400924509,-0.004312518708873547,10.44149923324585,0.8196557223796844,0.005864934762939811,-200.16445465385914,32.2396589893978,2.0,0.34663982689380646,
620000,475.6229250431061,-196.8295030593872,32.51553841206431,-0.004705988189515953,10.336007118225098,0.7840620696544647,0.006869114505515128,-200.16445465385914,32.2396589893978,2.0,0.34093656241893766,
624000,478.527868270874,-203.00214672088623,34.25995425190761,-0.004760575296202063,9.137323379516602,0.7465591430664062,0.0040119638317264615,-200.16445465385914,32.2396589893978,2.0,0.3442441523075104,
628000,481.46848940849304,-196.1172215938568,29.866558180236904,-0.005922570246582226,9.308626508712768,0.7612761616706848,0.005997792724519968,-200.16445465385914,32.2396589893978,2.0,0.34690890908241273,
632000,484.4383339881897,-197.02021503448486,33.27796249890605,-0.004491712201406095,9.433282041549683,0.72495396733284,0.005278856438972679,-200.16445465385914,32.2396589893978,2.0,0.33052404820919035,
636000,487.42502903938293,-189.04086077213287,35.16185919872009,-0.003284475343612314,12.711184310913087,0.7314300417900086,0.004619772107253084,-200.16445465385914,32.2396589893978,2.0,0.3217558443546295,
640000,490.3906960487366,-197.74913430213928,39.29929155651582,-0.003811378596661008,15.467437934875488,0.7295435011386872,0.00497232878456515,-200.16445465385914,32.2396589893978,2.0,0.3117992728948593,
644000,494.6718373298645,-186.70817184448242,28.336982386580427,-0.0030385421267709488,9.740246057510376,0.7407725512981415,0.003080183353779531,-199.84348215162754,36.27727790502252,2.0,0.3081489592790604,
648000,497.64869236946106,-188.00519716739655,32.80877672325778,-0.0037726834096635463,10.448272228240967,0.7497988522052765,0.006255182609932186,-199.84348215162754,36.27727790502252,2.0,0.3105957001447678,
652000,500.4739770889282,-197.7984036207199,31.386640155866964,-0.0024443644315858214,10.807867527008057,0.7059011161327362,0.006199102431535719,-199.84348215162754,36.27727790502252,2.0,0.3192384779453278,
656000,503.369393825531,-198.8017259836197,34.06074884588947,-0.0025628480518547158,13.270862483978272,0.7439862608909606,0.0049415330366173295,-199.84348215162754,36.27727790502252,2.0,0.3168271332979202,
660000,506.30143785476685,-198.7796175479889,36.14907012904805,-0.004668146928151451,9.808151149749756,0.7423474788665771,0.006989361974410713,-199.84348215162754,36.27727790502252,2.0,0.3585884064435959,
664000,509.1659429073334,-199.68444204330444,32.49437798464697,-0.0038100068030567868,10.638311100006103,0.714666074514389,0.004572757874848321,-199.84348215162754,36.27727790502252,2.0,0.33224343657493594,
668000,511.97812390327454,-195.57661175727844,36.4164765198749,-0.005934894134911417,7.620758676528931,0.7183443784713746,0.0062249074515420945,-199.84348215162754,36.27727790502252,2.0,0.31146237552165984,
672000,514.9447920322418,-198.4358332157135,30.43653410201036,-0.005098891531233685,7.309977340698242,0.7167047560214996,0.00037522147962594233,-199.84348215162754,36.27727790502252,2.0,0.3038303583860397,
676000,517.9167046546936,-199.29731559753418,29.794204380225263,-0.006994567479317393,7.011964130401611,0.6917618691921235,0.01314145154009263,-199.84348215162754,36.27727790502252,2.0,0.3035368055105209,
680000,520.8365333080292,-191.0785584449768,25.41340788314204,-0.0029721557613230586,10.797440147399902,0.7427003264427186,0.006080905947601423,-199.84348215162754,36.27727790502252,2.0,0.3222417175769806,
684000,524.9270663261414,-194.5561876296997,33.32325033548738,-0.0038549749839196677,14.051949977874756,0.7657039523124695,0.003806529352790677,-198.5948497131467,36.02706287397098,2.0,0.2979449421167374,
688000,527.7131078243256,-192.84345197677612,26.725405638763423,-0.004344258403677204,8.684192514419555,0.7767705500125885,0.004358200489310548,-198.5948497131467,36.02706287397098,2.0,0.30041639804840087,
692000,530.4944941997528,-190.04501700401306,29.68479905481109,-0.004400852155561097,8.18919529914856,0.7419162333011627,0.006409659865312278,-198.5948497131467,36.02706287397098,2.0,0.2980764418840408,
696000,533.2665224075317,-192.94029247760773,39.96680018897401,-0.006129834583145577,8.198384475708007,0.7449831366539001,0.0068893697073217465,-198.5948497131467,36.02706287397098,2.0,0.30784196555614474,
700000,536.1580989360809,-193.96904587745667,28.852493870909697,-0.004416133194929017,11.152748012542725,0.7766005337238312,0.00494171351442736,-198.5948497131467,36.02706287397098,2.0,0.2931800246238708,
704000,539.1190721988678,-194.89642810821533,38.051279289765155,-0.00533363214383531,10.532063484191895,0.8059564292430877,0.002984305622521788,-198.5948497131467,36.02706287397098,2.0,0.2905050128698349,
708000,542.0707793235779,-195.63612985610962,29.395960727913728,-0.003959562677346806,14.050582027435302,0.7727985262870789,0.0017794233107439883,-198.5948497131467,36.02706287397098,2.0,0.2718413084745407,
712000,545.0534472465515,-200.1865930557251,40.8176432139833,-0.005495063138504808,14.388554191589355,0.7403161108493805,0.007764561695357164,-198.5948497131467,36.02706287397098,2.0,0.28107433915138247,
716000,548.019558429718,-195.67446076869965,35.88671453386295,-0.004847201600826079,11.622616004943847,0.7070321142673492,0.005514201277401298,-198.5948497131467,36.02706287397098,2.0,0.3002641350030899,
720000,550.9149541854858,-195.2271945476532,36.982614577619664,-0.0058982006040556815,8.953435373306274,0.7225512623786926,0.005312291259178892,-198.5948497131467,36.02706287397098,2.0,0.28011727035045625,
724000,554.9869673252106,-202.79970955848694,38.761709481324466,-0.003326661046128976,11.618230438232422,0.7454913496971131,0.004063274885993451,-195.23352475464344,32.72733479886795,2.0,0.2748862594366074,
728000,557.7795512676239,-199.7265808582306,33.35856634520201,-0.004153493553089582,9.246297693252563,0.7219705998897552,0.005011650879091301,-195.23352475464344,32.72733479886795,2.0,0.26046800911426543,
732000,560.6173408031464,-194.40931057929993,36.68726354656908,-0.004302172859393316,11.238922500610352,0.7527872920036316,0.0036999658135076384,-195.23352475464344,32.72733479886795,2.0,0.29174997806549074,
736000,563.5223853588104,-193.76754486560822,35.92893806667519,-0.005910427194243795,8.33789677619934,0.775473439693451,0.0066466001826338775,-195.23352475464344,32.72733479886795,2.0,0.29180333614349363,
740000,566.4466319084167,-194.91485691070557,36.830741881587734,-0.005393807348872848,13.428467845916748,0.7557283937931061,0.003907862937194295,-195.23352475464344,32.72733479886795,2.0,0.28595623970031736,
744000,569.3507988452911,-193.9114351272583,31.373729021135947,-0.003704790310662531,9.756596040725707,0.729350882768631,0.005810332120745443,-195.23352475464344,32.72733479886795,2.0,0.2959179639816284,
748000,572.2995285987854,-187.37447905540466,29.731043376615904,-0.003992218623558763,9.761848402023315,0.694970041513443,0.005986096345586711,-195.23352475464344,32.72733479886795,2.0,0.3014636605978012,
752000,575.2528738975525,-190.61689031124115,29.281561622118414,-0.003840395188579926,8.803833103179931,0.68198863863945,0.007096148550044745,-195.23352475464344,32.72733479886795,2.0,0.29703454971313475,
756000,578.2320165634155,-195.46611034870148,34.43574380542219,-0.005535499979897107,8.88743257522583,0.7323154807090759,0.004890898904452712,-195.23352475464344,32.72733479886795,2.0,0.31160205900669097,
760000,581.2021417617798,-191.7179274559021,30.42030142525399,-0.004556980497747043,8.49704008102417,0.725927221775055,0.004121403736528073,-195.23352475464344,32.72733479886795,2.0,0.2890103042125702,
764000,585.4341812133789,-192.00344276428223,32.39556261498131,-0.0034075174252502726,11.65682373046875,0.6910183787345886,0.002338589553566095,-200.56782890856266,37.59637630445261,2.0,0.27491297721862795,
768000,588.3889229297638,-196.79972004890442,33.86553612651419,-0.0052501662468227295,6.700738143920899,0.7184059977531433,0.001635857194196433,-200.56782890856266,37.59637630445261,2.0,0.2749116748571396,
772000,591.3908059597015,-196.17015326023102,30.726136377486675,-0.004348551754277086,7.7422362804412845,0.6651160180568695,0.0076536515294574285,-200.56782890856266,37.59637630445261,2.0,0.26496618092060087,
776000,594.3358619213104,-192.43692028522491,36.17694308589723,-0.0045001497810007954,10.128422212600707,0.6556860029697418,0.006449935596901923,-200.56782890856266,37.59637630445261,2.0,0.2926113039255142,
780000,597.2787828445435,-195.55049514770508,31.617047459091754,-0.004628226450333983,8.20257773399353,0.6325504243373871,0.006220391717215534,-200.56782890856266,37.59637630445261,2.0,0.28090965151786806,
784000,600.2334206104279,-187.93854320049286,33.18418546064464,-0.004417600699622826,7.419951391220093,0.6270617425441742,0.004985879692559436,-200.56782890856266,37.59637630445261,2.0,0.27703376710414884,
788000,603.2014117240906,-186.30426704883575,32.53264916170267,-0.004572310740128138,13.150240898132324,0.6533180594444274,0.005708628523279913,-200.56782890856266,37.59637630445261,2.0,0.2651300311088562,
792000,606.122062921524,-194.79649603366852,30.870360900599287,-0.003581653730090073,13.01894302368164,0.6572338581085205,0.002883091119040425,-200.56782890856266,37.59637630445261,2.0,0.2505908489227295,
796000,609.1107015609741,-187.28846383094788,32.8629274040361,-0.004925162291775148,13.488969421386718,0.682481437921524,0.004445633709838148,-200.56782890856266,37.59637630445261,2.0,0.28289608657360077,
800000,612.1331906318665,-189.2087278366089,30.741494907165922,-0.003013496126446036,9.711934041976928,0.6664228320121766,0.002538815997831989,-200.56782890856266,37.59637630445261,2.0,0.24985867440700532,
804000,616.4135084152222,-187.42509377002716,29.090596195772463,-0.005043362758044778,11.065108013153075,0.6388733804225921,0.00587255695136264,-190.8354665711522,36.803061782217824,2.0,0.2703395873308182,
808000,619.4300706386566,-190.7906506061554,30.09848316573827,-0.004345007725642081,12.731323337554931,0.6456746518611908,0.005651354277506471,-190.8354665711522,36.803061782217824,2.0,0.27471098601818084,
812000,622.4135181903839,-184.1823606491089,33.488664247282365,-0.0036646009259373004,9.805003547668457,0.6661481916904449,0.003304233933837786,-190.8354665711522,36.803061782217824,2.0,0.2786347895860672,
816000,625.3713481426239,-192.73196601867676,32.20389167415746,-0.004250050030105435,11.259991455078126,0.6390167593955993,0.007265635003568605,-190.8354665711522,36.803061782217824,2.0,0.261002117395401,
820000,628.341210603714,-193.35953748226166,39.73136178462623,-0.00525606831085561,10.193938875198365,0.6379683613777161,0.006093842245172709,-190.8354665711522,36.803061782217824,2.0,0.2720269709825516,
824000,631.2783784866333,-197.97688746452332,33.03264279129476,-0.004875424660548256,10.052582788467408,0.6533452570438385,0.006255567492296299,-190.8354665711522,36.803061782217824,2.0,0.24815235584974288,
828000,634.2083086967468,-193.5549350976944,36.0358614888696,-0.0051376783280478126,10.646655082702637,0.6516276359558105,0.004011724514930393,-190.8354665711522,36.803061782217824,2.0,0.26440235674381257,
832000,637.1437163352966,-197.68200659751892,31.889980708100147,-0.004188891205703804,9.260219049453735,0.6486440420150756,0.004311446545335151,-190.8354665711522,36.803061782217824,2.0,0.2707574456930161,
836000,640.0946731567383,-194.0537130832672,36.552095153422876,-0.004454025681945506,9.043498754501343,0.6553259432315827,0.00528567415204213,-190.8354665711522,36.803061782217824,2.0,0.2550359755754471,
840000,643.0699481964111,-192.60664701461792,37.117622397272605,-0.0037836997681685246,15.004951477050781,0.6239590108394623,0.004268696447523946,-190.8354665711522,36.803061782217824,2.0,0.2500630497932434,
844000,647.2794270515442,-183.7578283548355,24.971665499430394,-0.005178335595410389,8.159439039230346,0.6436826467514039,0.007907444390002637,-191.12507021427155,31.92876768885604,2.0,0.28039594888687136,
848000,650.2090182304382,-189.0143929719925,31.95350836050383,-0.005024865509631748,6.953867626190186,0.6606012642383575,0.003952003770973533,-191.12507021427155,31.92876768885604,2.0,0.26894514858722685,
852000,653.1455044746399,-195.1195571422577,30.812886801477426,-0.005069931151190055,8.634752750396729,0.6616503238677979,0.0071335984044708315,-191.12507021427155,31.92876768885604,2.0,0.2716512978076935,
856000,656.091142654419,-201.439244389534,31.60423507374263,-0.0045350773472649375,9.745395421981812,0.6620785355567932,0.004876622013398446,-191.12507021427155,31.92876768885604,2.0,0.26457567512989044,
860000,659.067973613739,-195.38570284843445,36.35331862753576,-0.005087105843277406,7.410230350494385,0.6738692462444306,0.011249997070990503,-191.12507021427155,31.92876768885604,2.0,0.27690750658512114,
864000,662.0242321491241,-192.51689052581787,29.014474100473713,-0.004741115558271591,6.927166557312011,0.6793715119361877,0.005717380170244724,-191.12507021427155,31.92876768885604,2.0,0.2623128741979599,
868000,664.9597280025482,-189.97122418880463,33.466656552497696,-0.004416663981697644,8.159009265899659,0.6514570474624634,0.0072479426366044205,-191.12507021427155,31.92876768885604,2.0,0.2814511239528656,
872000,667.9141731262207,-194.11142098903656,37.218209090613705,-0.003143263638485205,9.578173685073853,0.636623066663742,0.0029984790744492784,-191.12507021427155,31.92876768885604,2.0,0.2655151039361954,
876000,670.8830337524414,-193.24877905845642,36.1721142607431,-0.0036940770802321053,14.310061359405518,0.6808165431022644,0.00422242542845197,-191.12507021427155,31.92876768885604,2.0,0.28880544006824493,
880000,673.8392295837402,-184.26308929920197,30.51436242548417,-0.006963904178080416,7.763523435592651,0.6679425835609436,0.008474253134025878,-191.12507021427155,31.92876768885604,2.0,0.28849641382694247,
884000,678.1357057094574,-187.69554603099823,37.00514787829362,-0.005676406713668314,12.0960111618042,0.6591425716876984,0.0059791401406982915,-192.51560306549072,28.141969463045836,2.0,0.27116031348705294,
888000,681.1121656894684,-189.82998991012573,34.40406011434736,-0.004817326293482127,15.901097202301026,0.6528968453407288,0.0030896820229827427,-192.51560306549072,28.141969463045836,2.0,0.27459844052791593,
892000,684.0464239120483,-191.2525042295456,32.804635740104075,-0.0035792231558686716,11.71881742477417,0.6762835025787354,0.005192667350638658,-192.51560306549072,28.141969463045836,2.0,0.29173256158828736,
896000,686.9547717571259,-192.09958481788635,33.413277139779595,-0.004385287585668252,9.146361780166625,0.668125855922699,0.0018747228023130447,-192.51560306549072,28.141969463045836,2.0,0.2548201262950897,
900000,689.8843240737915,-192.94274866580963,34.445917752075594,-0.005262022798492883,10.576468086242675,0.6653950393199921,0.006506546593969686,-192.51560306549072,28.141969463045836,2.0,0.24992505162954332,
904000,692.8287324905396,-192.08972883224487,34.41184766374258,-0.002947722355369464,9.969184160232544,0.667547631263733,0.0036693301342893394,-192.51560306549072,28.141969463045836,2.0,0.2564476042985916,
908000,695.7698211669922,-199.9374601840973,33.726381362114374,-0.004829616605983267,10.60513687133789,0.6895300805568695,0.002374095197592396,-192.51560306549072,28.141969463045836,2.0,0.27907170057296754,
912000,698.7386100292206,-197.5303475856781,32.23134856847145,-0.003973558289542112,8.160016012191772,0.6756402254104614,0.004268707786376291,-192.51560306549072,28.141969463045836,2.0,0.2559154063463211,
916000,701.7063751220703,-191.246910572052,38.211664892915316,-0.005943262766115254,9.269842290878296,0.7112072050571442,0.005496648850850772,-192.51560306549072,28.141969463045836,2.0,0.23835499733686447,
920000,704.6396682262421,-189.79023599624634,30.021354801242264,-0.004500414004588204,9.560552215576172,0.7287334144115448,0.0035846875980496407,-192.51560306549072,28.141969463045836,2.0,0.24377450197935105,
924000,708.9165291786194,-188.37589192390442,31.960086452107376,-0.006095352681974653,6.362168788909912,0.6555514097213745,0.004651722498238087,-186.95744870603085,37.03043916293302,2.0,0.2514204204082489,
928000,711.869570016861,-194.59463143348694,34.1422237446945,-0.0029516922156421544,7.524850273132325,0.6709811329841614,0.006340362805873157,-186.95744870603085,37.03043916293302,2.0,0.2545890897512436,
932000,714.8068525791168,-188.2475848197937,28.84689831164907,-0.005490685899897141,6.75244631767273,0.6343244791030884,0.0060911534121260045,-186.95744870603085,37.03043916293302,2.0,0.2645882457494736,
936000,717.747091293335,-193.46476769447327,34.40997221557453,-0.003915036754993118,10.231616115570068,0.6615386962890625,0.004848612514712536,-186.95744870603085,37.03043916293302,2.0,0.23129823058843613,
940000,720.6843268871307,-188.80185651779175,28.371683259204424,-0.0043812770381725045,7.100833940505981,0.6527732372283935,0.003612094797426835,-186.95744870603085,37.03043916293302,2.0,0.23033855557441713,
944000,723.6240756511688,-195.87261021137238,35.144774066821334,-0.004383889644639538,8.991891145706177,0.6799206256866455,0.006284826423507184,-186.95744870603085,37.03043916293302,2.0,0.22652158737182618,
948000,726.5762085914612,-194.562655210495,35.57497599827869,-0.005672522322662754,7.925060510635376,0.6640294969081879,0.004600963823031634,-186.95744870603085,37.03043916293302,2.0,0.21809207051992416,
952000,729.5736207962036,-192.28605270385742,35.775938821000054,-0.004121462598675851,7.546325397491455,0.6647491753101349,0.005792917357757688,-186.95744870603085,37.03043916293302,2.0,0.212775294482708,
956000,732.552325963974,-193.3218240737915,32.386622887755685,-0.004465451861886927,8.768630695343017,0.6963892698287963,0.004937997948688766,-186.95744870603085,37.03043916293302,2.0,0.19179055243730544,
960000,735.5232195854187,-191.59928846359253,33.24630121365463,-0.005556636808517678,8.422087049484253,0.6839123368263245,0.007024143333546817,-186.95744870603085,37.03043916293302,2.0,0.21671965718269348,
964000,739.7659020423889,-186.74598097801208,27.876759690923397,-0.006560983829588363,8.116895818710328,0.6823564529418945,0.003609567536817249,-190.9865299463272,33.54777858228987,2.0,0.2104998618364334,
968000,742.7015235424042,-195.2550641298294,38.584300852640084,-0.005009241452285406,13.750649547576904,0.7168206930160522,0.004654907278018072,-190.9865299463272,33.54777858228987,2.0,0.19397808313369752,
972000,745.6412463188171,-199.81957876682281,32.223662932098556,-0.005433687683427735,7.554756784439087,0.7389817178249359,0.002712465339912651,-190.9865299463272,33.54777858228987,2.0,0.19256711155176162,
976000,748.6060876846313,-198.6128113269806,35.19600685277935,-0.0050091219183523,8.45457844734192,0.7290234684944152,0.0046464023212126285,-190.9865299463272,33.54777858228987,2.0,0.18868742287158966,
980000,751.5523691177368,-195.350776553154,35.69492198121409,-0.0037430148989466617,12.41095724105835,0.7257892727851868,0.0012594697594953074,-190.9865299463272,33.54777858228987,2.0,0.18035635054111482,
984000,754.4913897514343,-200.44503235816956,35.66046686950184,-0.0028277492121269177,11.80579137802124,0.7268625915050506,0.004399043580633588,-190.9865299463272,33.54777858228987,2.0,0.18242190033197403,
988000,757.4529566764832,-196.3416668176651,35.396193497794265,-0.003615248358187584,9.42846188545227,0.7276453793048858,0.0027559071676029555,-190.9865299463272,33.54777858228987,2.0,0.20483709126710892,
992000,760.4348771572113,-194.35972499847412,29.776219684559354,-0.0036155624297680156,8.921526527404785,0.7384744465351105,0.007201109826564789,-190.9865299463272,33.54777858228987,2.0,0.22935980409383774,
996000,763.39080119133,-193.33296358585358,34.51414761198795,-0.006666451609072588,8.748307800292968,0.7380151450634003,0.005484491159208127,-190.9865299463272,33.54777858228987,2.0,0.18547096699476243,
1000000,766.3282663822174,-188.13090419769287,43.79158842931366,-0.005667488563573108,9.149505138397217,0.687078845500946,0.00413117961570002,-190.9865299463272,33.54777858228987,2.0,0.20489980280399323,
1004000,770.5376963615417,-200.8795976638794,33.75298268447471,-0.005044615013990494,8.332689428329468,0.7310627639293671,0.006819818483199925,-192.81444942951202,31.01116895876814,2.0,0.23635569214820862,
1008000,773.3327734470367,-189.76432466506958,35.81888541445215,-0.003907972671712301,9.372805261611939,0.7093154966831208,0.007184745967388162,-192.81444942951202,31.01116895876814,2.0,0.2222899928689003,
1012000,776.1087856292725,-194.80989181995392,33.34610278243619,-0.006782776105450461,10.681934642791749,0.6802035272121429,0.008368129099719245,-192.81444942951202,31.01116895876814,2.0,0.20903903096914292,
1016000,778.8836209774017,-191.23269724845886,31.13655942368598,-0.004017784026548466,9.117581129074097,0.6961386859416961,0.004619921901030466,-192.81444942951202,31.01116895876814,2.0,0.20652930289506913,
1020000,781.6610064506531,-188.38716673851013,31.771968003107865,-0.005090118853530534,11.366479873657227,0.694882047176361,0.0048366370855753,-192.81444942951202,31.01116895876814,2.0,0.2180250272154808,
1024000,784.4539158344269,-193.39803504943848,28.367167848301296,-0.0051650116038509,8.257204532623291,0.6466442465782165,0.004043301066849381,-192.81444942951202,31.01116895876814,2.0,0.1969958573579788,
1028000,787.2157745361328,-193.51535868644714,33.864852214640564,-0.003832994237154086,8.025850629806518,0.6629563510417938,0.004649657551897679,-192.81444942951202,31.01116895876814,2.0,0.2178431361913681,
1032000,790.0084557533264,-187.50425362586975,31.269673442081313,-0.005884818136265224,7.26504225730896,0.6458607494831086,0.003916084172669798,-192.81444942951202,31.01116895876814,2.0,0.24288062751293182,
1036000,792.9312479496002,-191.49253284931183,34.099107246990464,-0.004642590552180392,9.280508184432984,0.6483213424682617,0.0026044190022318503,-192.81444942951202,31.01116895876814,2.0,0.20489720106124878,
1040000,795.8683116436005,-200.14852356910706,33.42772924502764,-0.006298146196253018,10.649842453002929,0.6046367824077606,0.007321715456899258,-192.81444942951202,31.01116895876814,2.0,0.2057560548186302,
1044000,800.057163476944,-197.81386947631836,31.282780758576468,-0.0007192258825524433,7.914594745635986,0.5735520958900452,0.012986908806487918,-199.7866670191288,38.96807809014141,2.0,0.21047789752483367,
1048000,802.9671840667725,-191.2778398990631,32.17862504162872,-0.005454687526139113,6.5192595481872555,0.6480683386325836,0.007239324362327659,-199.7866670191288,38.96807809014141,2.0,0.19334909319877625,
1052000,805.907644033432,-192.9273101091385,37.604348060634734,-0.003578545257177623,15.7336576461792,0.6753358602523803,0.005816893046721816,-199.7866670191288,38.96807809014141,2.0,0.20980272591114044,
1056000,808.8359365463257,-191.37780165672302,34.47894127896489,-0.0039529161517663555,7.672615051269531,0.6346170723438262,0.003000929142581299,-199.7866670191288,38.96807809014141,2.0,0.2170870378613472,
1060000,811.7854957580566,-191.48239064216614,30.378008099358464,-0.005063705271420371,8.203130149841309,0.6670438706874847,0.008817650220356887,-199.7866670191288,38.96807809014141,2.0,0.22045518457889557,
1064000,814.7288055419922,-191.7964438199997,35.918294559454516,-0.004836780597843848,9.298775005340577,0.661709976196289,0.005199781988631002,-199.7866670191288,38.96807809014141,2.0,0.19628342986106873,
1068000,817.6852097511292,-201.0079882144928,39.23852581279224,-0.006312055576282244,7.794036865234375,0.685228043794632,0.007458352029789239,-199.7866670191288,38.96807809014141,2.0,0.22299036234617234,
1072000,820.6634633541107,-189.71989834308624,33.66193636508132,-0.0064863267354667185,8.032526731491089,0.7041336894035339,0.00760976235785833,-199.7866670191288,38.96807809014141,2.0,0.2105018436908722,
1076000,823.6051766872406,-192.19310331344604,26.23400026420566,-0.005344810239272135,7.04772458076477,0.7152144968509674,0.009759503537789005,-199.7866670191288,38.96807809014141,2.0,0.19808350801467894,
1080000,826.5509452819824,-188.518860578537,33.56126732429215,-0.004898028437203461,9.245835161209106,0.7354082703590393,0.009236140859468556,-199.7866670191288,38.96807809014141,2.0,0.22944612205028533,
1084000,830.8209807872772,-194.41518354415894,30.478085213387168,-0.003417382320311546,10.059100151062012,0.6918128430843353,0.004188889430952259,-195.78109749406576,36.97880846797906,2.0,0.22228975892066954,
1088000,833.7726030349731,-186.13114762306213,35.534868601304645,-0.005972825833596307,9.183199548721314,0.6749879539012908,0.008160524273058379,-195.78109749406576,36.97880846797906,2.0,0.2347388282418251,
1092000,836.6640856266022,-184.2465671300888,30.599924416495476,-0.005788310302731947,5.61004867553711,0.738304853439331,0.005059229887633898,-195.78109749406576,36.97880846797906,2.0,0.21535202264785766,
1096000,839.5906705856323,-197.31285297870636,36.79238196843298,-0.004888190300203865,8.992187786102296,0.7121852219104767,0.006766615010565147,-195.78109749406576,36.97880846797906,2.0,0.19120548516511918,
1100000,842.5252013206482,-193.0500636100769,34.08571175621054,-0.007372204402616866,8.127235603332519,0.7134772121906281,0.009925467958052981,-195.78109749406576,36.97880846797906,2.0,0.19100294411182403,
1104000,845.4654383659363,-192.73479461669922,30.69271904743342,-0.005858901769621383,8.993746519088745,0.6860405087471009,0.005049048003274948,-195.78109749406576,36.97880846797906,2.0,0.2000109076499939,
1108000,848.4473242759705,-196.97040104866028,32.92715215883033,-0.004291978449560707,14.949175167083741,0.7167818427085877,0.003848948312768119,-195.78109749406576,36.97880846797906,2.0,0.20215438455343246,
1112000,851.4334242343903,-196.97695970535278,32.99736129347331,-0.005244708862039271,10.574343585968018,0.7283094584941864,0.003745485289255157,-195.78109749406576,36.97880846797906,2.0,0.19430992901325225,
1116000,854.4054555892944,-195.0615165233612,34.98620374529323,-0.004655376530523991,10.090930080413818,0.7334524631500244,0.0029966170142870395,-195.78109749406576,36.97880846797906,2.0,0.2211221843957901,
1120000,857.3400135040283,-190.41329717636108,31.18991606907641,-0.004136439094087052,9.132241106033325,0.685774827003479,0.0073674613217978415,-195.78109749406576,36.97880846797906,2.0,0.2090926706790924,
1124000,861.572231054306,-186.95531105995178,28.737882469322344,-0.004622415494794652,7.95658688545227,0.6440197646617889,0.006879531961749308,-189.68655855953693,31.847292740779295,2.0,0.1908843621611595,
1128000,864.5286314487457,-201.3588924407959,36.4810621800209,-0.004797770498980114,19.15020046234131,0.663141006231308,0.004084682365646586,-189.68655855953693,31.847292740779295,2.0,0.20850688219070435,
1132000,867.4926438331604,-189.24764037132263,32.586183893523724,-0.007141694508027286,5.484994792938233,0.6510685980319977,0.004285034406213528,-189.68655855953693,31.847292740779295,2.0,0.19562305212020875,
1136000,870.4083118438721,-191.57958698272705,35.141598591725106,-0.005080016495349504,13.935652828216552,0.6551978409290313,0.005713762791128829,-189.68655855953693,31.847292740779295,2.0,0.1977289780974388,
1140000,873.2042467594147,-190.94942486286163,36.30820806850677,-0.006678885761648434,11.089477157592773,0.6492475390434265,0.004734230018220842,-189.68655855953693,31.847292740779295,2.0,0.16561544686555862,
1144000,875.9896340370178,-181.41112172603607,33.45022134530438,-0.006124633888248354,13.960527706146241,0.6457106173038483,0.00687450873083435,-189.68655855953693,31.847292740779295,2.0,0.20623022466897964,
1148000,878.8160622119904,-184.090096950531,33.17402583431275,-0.008619848077340642,9.238105964660644,0.6206763207912445,0.007109381970173345,-189.68655855953693,31.847292740779295,2.0,0.19682222753763198,
1152000,881.7290623188019,-203.00680601596832,36.23716087849461,-0.0064828956221851365,12.49637393951416,0.628743714094162,0.005440492483088777,-189.68655855953693,31.847292740779295,2.0,0.19283920228481294,
1156000,884.6588671207428,-190.43304467201233,33.02315868761223,-0.004215578585630197,12.379866600036621,0.5842181503772735,0.003045627800243289,-189.68655855953693,31.847292740779295,2.0,0.18939549177885057,
1160000,887.5985248088837,-191.65546870231628,38.10222051755234,-0.006893475445297836,9.464592695236206,0.5835054159164429,0.008276900744220893,-189.68655855953693,31.847292740779295,2.0,0.2111116588115692,
1164000,891.6843817234039,-194.9474537372589,38.952412571808594,-0.005432532068148,8.958724927902221,0.6071562826633453,0.004255169758107513,-195.9174955636263,37.01336311727844,2.0,0.20182848870754241,
1168000,894.605574131012,-190.21199536323547,30.936925114267503,-0.00486426398010611,7.520706224441528,0.6337674140930176,0.00694365739620606,-195.9174955636263,37.01336311727844,2.0,0.21841083616018295,
1172000,897.5346319675446,-201.15387725830078,34.99042917837118,-0.004733511529397205,11.346707820892334,0.639668482542038,0.006015262519940734,-195.9174955636263,37.01336311727844,2.0,0.21429735869169236,
1176000,900.4067869186401,-188.41648077964783,28.796514167747432,-0.00641373363913349,4.992324256896973,0.6387367308139801,0.006563353650349502,-195.9174955636263,37.01336311727844,2.0,0.19095023423433305,
1180000,903.2993614673615,-191.94383931159973,31.502338613454587,-0.006488070626898379,6.247722530364991,0.6600294053554535,0.005033500066744967,-195.9174955636263,37.01336311727844,2.0,0.21101229935884475,
1184000,906.0604379177094,-190.66445875167847,33.729106524803605,-0.00683750065024169,7.918084001541137,0.6319037079811096,0.0030786011775489897,-195.9174955636263,37.01336311727844,2.0,0.20438040047883987,
1188000,908.8538866043091,-198.40733575820923,36.060843189941366,-0.005842772907732696,11.032470798492431,0.6203303098678589,0.007965078816205885,-195.9174955636263,37.01336311727844,2.0,0.20533715784549714,
1192000,911.8518507480621,-199.74124240875244,36.10438713734474,-0.004441523386999791,7.946650552749634,0.6490141987800598,0.00604354729231762,-195.9174955636263,37.01336311727844,2.0,0.21605895161628724,
1196000,914.8283934593201,-186.0354050397873,29.080024747205552,-0.006777218628209169,6.373124885559082,0.6764931678771973,0.004308230546303094,-195.9174955636263,37.01336311727844,2.0,0.2053693175315857,
1200000,917.7890343666077,-187.2204647064209,28.68877655991041,-0.006605217092980897,5.533855819702149,0.6874343037605286,0.008201668551191688,-195.9174955636263,37.01336311727844,2.0,0.1969350278377533,
1204000,922.0338900089264,-192.48566579818726,30.675004110073857,-0.0063394339101699336,6.176543951034546,0.6800387680530549,0.0065418099300004525,-194.89586248993874,30.72432497420169,2.0,0.20535922646522523,
1208000,924.9694983959198,-196.8438116312027,34.70494957691229,-0.0043556100234854785,12.042107677459716,0.6883494317531585,0.0060952183722208005,-194.89586248993874,30.72432497420169,2.0,0.16596878170967103,
1212000,927.9114019870758,-194.53912210464478,35.248015583942674,-0.006726008592794308,8.789710140228271,0.6973806917667389,0.005536529443304366,-194.89586248993874,30.72432497420169,2.0,0.19038648009300232,
1216000,930.8718836307526,-198.63667261600494,38.38560898370224,-0.005097499279305318,8.96598482131958,0.7055610775947571,0.006514956547752604,-194.89586248993874,30.72432497420169,2.0,0.19301479458808898,
1220000,933.826452255249,-202.61088347434998,35.34105887524852,-0.005221624082730458,8.489327239990235,0.7032237350940704,0.005139229586347938,-194.89586248993874,30.72432497420169,2.0,0.1848776713013649,
1224000,936.7744195461273,-197.2699238061905,30.17610367607814,-0.005386189216127058,8.988875722885131,0.7211945116519928,0.005317872285377234,-194.89586248993874,30.72432497420169,2.0,0.1724886938929558,
1228000,939.7482347488403,-198.6273317337036,30.616236512817437,-0.00551393197088812,6.953273296356201,0.7389686167240143,0.004444626538315788,-194.89586248993874,30.72432497420169,2.0,0.19629288464784622,
1232000,942.7105078697205,-188.99061632156372,29.737258300890016,-0.004804529508498146,9.203246879577637,0.6873473048210144,0.005220697099575844,-194.89586248993874,30.72432497420169,2.0,0.18724145144224166,
1236000,945.6905899047852,-198.6406853199005,32.73049206542243,-0.007457734939797467,6.1788797855377195,0.6950109839439392,0.006024853058625013,-194.89586248993874,30.72432497420169,2.0,0.17708156108856202,
1240000,948.6860318183899,-198.34917640686035,32.957493998177725,-0.00306495645506466,12.584153366088866,0.7088403522968292,0.004748868395186357,-194.89586248993874,30.72432497420169,2.0,0.19118193835020064,
1244000,952.9197978973389,-198.6160306930542,30.677499142675156,-0.0050064031127840195,11.648640251159668,0.7395085394382477,0.0036836167506407945,-194.68172150850296,29.498460292563074,2.0,0.1929495543241501,
1248000,955.869392156601,-193.0721640586853,35.78204936312299,-0.004693543743691464,10.497288417816161,0.696925288438797,0.0033558472461688083,-194.68172150850296,29.498460292563074,2.0,0.20025747865438462,
1252000,958.8088459968567,-187.61791133880615,30.753575540904727,-0.0062634461939645725,7.377358913421631,0.7001328647136689,0.007393837106879797,-194.68172150850296,29.498460292563074,2.0,0.19112455993890762,
1256000,961.7476031780243,-200.46236872673035,35.278279389862064,-0.006763775643892589,9.067822599411011,0.6828467845916748,0.005642057593523831,-194.68172150850296,29.498460292563074,2.0,0.17553973346948623,
1260000,964.6855757236481,-202.9761097431183,32.269286611652205,-0.0033144358842400745,11.920346546173096,0.7329996943473815,0.0019083542691078037,-194.68172150850296,29.498460292563074,2.0,0.16337332278490066,
1264000,967.633810043335,-191.08500623703003,33.33183756123264,-0.005590422139503027,7.248201370239258,0.6717727839946747,0.009437449014047172,-194.68172150850296,29.498460292563074,2.0,0.20551209449768065,
1268000,970.5765645503998,-186.75911235809326,31.914698268365406,-0.005398156968721502,6.228716039657593,0.6795651853084564,0.008868078125330303,-194.68172150850296,29.498460292563074,2.0,0.21087375581264495,
1272000,973.538557767868,-188.5099823474884,30.056924352615066,-0.0037378988992422535,6.5264746189117435,0.6941625952720643,0.0023572800800223614,-194.68172150850296,29.498460292563074,2.0,0.19256121665239334,
1276000,976.5292840003967,-193.21854257583618,31.577951155173217,-0.005172036272551228,10.880026912689209,0.7357754707336426,0.0034556628990685566,-194.68172150850296,29.498460292563074,2.0,0.18256574273109435,
1280000,979.49294090271,-191.4491229057312,39.80362582099626,-0.005696307962372282,7.0004462718963625,0.7287546575069428,0.003200434458995005,-194.68172150850296,29.498460292563074,2.0,0.1925046145915985,
1284000,983.7362771034241,-190.57540941238403,33.013945542994335,-0.005252789501721633,9.651043891906738,0.7361822903156281,0.0039804910085416536,-191.90180619060993,41.840165922274146,2.0,0.2040312632918358,
1288000,986.6827774047852,-194.98526227474213,35.267388641878576,-0.0038651146095556753,12.005296611785889,0.7580048143863678,0.004525859238114193,-191.90180619060993,41.840165922274146,2.0,0.21446810513734818,
1292000,989.5170316696167,-201.18795228004456,41.109508594407636,-0.005439518082033201,10.749886608123779,0.7379887580871582,0.004734107910733076,-191.90180619060993,41.840165922274146,2.0,0.18269534558057784,
1296000,992.4061059951782,-190.91951191425323,38.83306002289051,-0.0033336304081603707,11.145765495300292,0.7244239211082458,0.005527364286050829,-191.90180619060993,41.840165922274146,2.0,0.18750607520341872,
1300000,995.3450660705566,-184.96478509902954,36.398975404103105,-0.006588749372400349,6.556693410873413,0.6944596350193024,0.004219102408193676,-191.90180619060993,41.840165922274146,2.0,0.1940244436264038,
1304000,998.2890224456787,-195.8435937166214,39.97029335247814,-0.005455628165975224,10.342051887512207,0.7204429030418396,0.005644823098555208,-191.90180619060993,41.840165922274146,2.0,0.17568534910678862,
1308000,1001.2524225711823,-189.77541089057922,33.000451210577864,-0.0074769508702836164,7.690636491775512,0.7379891514778137,0.0056731240794761105,-191.90180619060993,41.840165922274146,2.0,0.1740106999874115,
1312000,1004.2070689201355,-188.26055216789246,36.055233006799185,-0.004545750406687166,5.6872132301330565,0.7299998760223388,0.006912013981491327,-191.90180619060993,41.840165922274146,2.0,0.18496743738651275,
1316000,1007.1651134490967,-193.7040889263153,33.60534559946202,-0.004325669151536893,9.370776319503785,0.7461864113807678,0.004779207657712202,-191.90180619060993,41.840165922274146,2.0,0.19962898790836334,
1320000,1010.0670866966248,-187.32337713241577,34.967445535176964,-0.0040031148827013975,11.43147783279419,0.7478536546230317,0.005780277611066897,-191.90180619060993,41.840165922274146,2.0,0.20550157129764557,
1324000,1014.4053590297699,-186.08639979362488,29.05954775227725,-0.005547413282174052,7.713047838211059,0.7463576555252075,0.0043926173684885935,-189.93847910314798,41.600414334199904,2.0,0.22713820189237593,
1328000,1017.3746478557587,-188.60936307907104,38.48136572610747,-0.006616253276665951,7.6400963306427006,0.7305208802223205,0.006784427654929459,-189.93847910314798,41.600414334199904,2.0,0.20357347875833512,
1332000,1020.3217642307281,-200.32783472537994,38.85423276776296,-0.0065340532033393295,8.754203033447265,0.7416501760482788,0.0037462653359398245,-189.93847910314798,41.600414334199904,2.0,0.19652855396270752,
1336000,1023.284218788147,-195.57939195632935,31.690567920739046,-0.005788393866037955,8.078289556503297,0.730446970462799,0.004126021077116704,-189.93847910314798,41.600414334199904,2.0,0.20276463627815247,
1340000,1026.2377979755402,-192.6520310640335,33.98896753910419,-0.0067741400410110675,10.566001796722412,0.7691036999225617,0.006313432639581151,-189.93847910314798,41.600414334199904,2.0,0.20012280941009522,
1344000,1029.186863899231,-196.87989926338196,32.773005813521294,-0.0039348536126005305,6.797422933578491,0.7790184080600738,0.012994256142216453,-189.93847910314798,41.600414334199904,2.0,0.18900831788778305,
1348000,1032.1396353244781,-198.60469961166382,31.945125970460573,-0.005696489211637612,9.504191350936889,0.7491448223590851,0.00485268355347217,-189.93847910314798,41.600414334199904,2.0,0.19049980789422988,
1352000,1035.0479118824005,-197.99298119544983,30.470468765155566,-0.005135766708272626,8.151414394378662,0.72883220911026,0.0036917142773745582,-189.93847910314798,41.600414334199904,2.0,0.17951995730400086,
1356000,1037.987070798874,-192.05533683300018,36.3492823725366,-0.005421301425434644,8.453477001190185,0.7025740504264831,0.0031271276272600624,-189.93847910314798,41.600414334199904,2.0,0.16626159399747847,
1360000,1040.9264497756958,-183.5690482854843,30.277717138933976,-0.006599097734472448,6.5551694393157955,0.71565483212471,0.005980140017345548,-189.93847910314798,41.600414334199904,2.0,0.16671204715967178,
1364000,1045.1657600402832,-190.21886479854584,31.75270719245591,-0.004878061974033088,6.70764045715332,0.7053782761096954,0.003159250385942869,-187.12588096410036,33.79500954141928,2.0,0.16801822930574417,
1368000,1048.0830540657043,-192.90187752246857,34.424686952607054,-0.005514149263656431,14.82875919342041,0.7240518569946289,0.002231147640850395,-187.12588096410036,33.79500954141928,2.0,0.1772349551320076,
1372000,1051.0401158332825,-190.72059750556946,31.62394855154998,-0.005606620198193313,8.75132212638855,0.7026054501533509,0.004291606997139752,-187.12588096410036,33.79500954141928,2.0,0.1827568531036377,
1376000,1053.9917101860046,-179.97925007343292,30.863466789624074,-0.005628676854656067,6.6977763175964355,0.6940526783466339,0.0040977312188285155,-187.12588096410036,33.79500954141928,2.0,0.18912299275398253,
1380000,1056.926744222641,-185.8642076253891,29.26383042787862,-0.0071603661524132,5.699754095077514,0.6980786323547363,0.009234344779048165,-187.12588096410036,33.79500954141928,2.0,0.17845287173986435,
1384000,1059.877454996109,-193.98185467720032,38.33742561100632,-0.004505710621830162,9.896978855133057,0.6945420444011688,0.005451048776740209,-187.12588096410036,33.79500954141928,2.0,0.20277333557605742,
1388000,1062.7615854740143,-188.90787279605865,31.103664214673827,-0.006315225927547186,7.692873859405518,0.651652854681015,0.006920824096848577,-187.12588096410036,33.79500954141928,2.0,0.19243039488792418,
1392000,1065.6779971122742,-190.42407858371735,33.88928752184811,-0.007466705546559149,6.925450038909912,0.6893594801425934,0.005872609312064014,-187.12588096410036,33.79500954141928,2.0,0.17287754267454147,
1396000,1068.6447682380676,-183.7837073802948,27.101021955208616,-0.0081456333200137,7.217587804794311,0.6937552034854889,0.006424571044044569,-187.12588096410036,33.79500954141928,2.0,0.18571551591157914,
1400000,1071.5803744792938,-191.8068948984146,37.02653676453702,-0.00557110943327035,11.171180725097656,0.6710995256900787,0.0033620245306908102,-187.12588096410036,33.79500954141928,2.0,0.17905562072992326,
1404000,1075.8046970367432,-192.6561300754547,28.62545891867065,-0.004112891076908753,9.166685628890992,0.6345493733882904,0.0035110612720018254,-189.78623511642218,33.15178870542689,2.0,0.17287701815366746,
1408000,1078.7392859458923,-195.37943148612976,36.898536460697535,-0.005001159171108149,8.578479146957397,0.6305378258228302,0.00324679221957922,-189.78623511642218,33.15178870542689,2.0,0.16895530819892884,
1412000,1081.6752841472626,-189.92583286762238,33.240885007765755,-0.0053945650649256825,5.601191854476928,0.5897343754768372,0.0037030698986879273,-189.78623511642218,33.15178870542689,2.0,0.16423321664333343,
1416000,1084.641568660736,-193.5404851436615,34.23068071619592,-0.005206818307905259,11.847417449951172,0.5936753034591675,0.004977506090964501,-189.78623511642218,33.15178870542689,2.0,0.16329731941223144,
1420000,1087.6292238235474,-189.32352495193481,33.5232432537458,-0.005929133578358847,8.426425552368164,0.6285281121730805,0.005475541643681936,-189.78623511642218,33.15178870542689,2.0,0.1615797072649002,
1424000,1090.653737783432,-194.33471655845642,32.90625603227432,-0.004479782931118592,11.05924301147461,0.631394875049591,0.007352787517321613,-189.78623511642218,33.15178870542689,2.0,0.16369962692260742,
1428000,1093.6184055805206,-190.42230033874512,36.223698895632154,-0.00266707072911474,10.700359344482422,0.6336892783641815,0.0023771366112099734,-189.78623511642218,33.15178870542689,2.0,0.17677646726369858,
1432000,1096.5862321853638,-192.18338644504547,32.1496869609806,-0.0050307003304672195,8.641848802566528,0.6546074986457825,0.005816631426724328,-189.78623511642218,33.15178870542689,2.0,0.15743588656187057,
1436000,1099.5113339424133,-191.86261248588562,37.59228186216461,-0.004214263388498995,11.248505973815918,0.5797808408737183,0.004309436323819682,-189.78623511642218,33.15178870542689,2.0,0.17774943858385087,
1440000,1102.4401180744171,-193.08970189094543,31.334564737296212,-0.005748470651451498,9.155694055557252,0.6256335079669952,0.003404122305801138,-189.78623511642218,33.15178870542689,2.0,0.1488748773932457,
1444000,1106.696296930313,-190.2803816795349,30.93783870167791,-0.004895417345454911,5.6467992782592775,0.6456265151500702,0.004679583354135186,-197.45847867429256,35.75862876826385,2.0,0.15730673670768738,
1448000,1109.652467250824,-187.32917499542236,31.572987253396093,-0.003823482442647208,7.251078271865845,0.60336834192276,0.005866190796950832,-197.45847867429256,35.75862876826385,2.0,0.15003733932971955,
1452000,1112.621165752411,-195.02951514720917,35.005613576887185,-0.005459151210729018,7.23531289100647,0.5657578408718109,0.004422738090215717,-197.45847867429256,35.75862876826385,2.0,0.15523920804262162,
1456000,1115.5852508544922,-190.4067497253418,29.279753843998062,-0.005715674725671605,5.356784343719482,0.6101012349128723,0.0029958468668046523,-197.45847867429256,35.75862876826385,2.0,0.16072020977735518,
1460000,1118.5674533843994,-195.80471849441528,40.99979620841383,-0.004419430055383899,10.126926040649414,0.5849161565303802,0.0025960862694773823,-197.45847867429256,35.75862876826385,2.0,0.1583491563796997,
1464000,1121.544707775116,-193.22386169433594,32.221400108569014,-0.00679018141919126,7.6912328720092775,0.5331181228160858,0.0049894511316282055,-197.45847867429256,35.75862876826385,2.0,0.13750070184469224,
1468000,1124.504497051239,-195.75804221630096,35.41940414808099,-0.0045001790126164565,10.492242336273193,0.539751136302948,0.0040516986111179595,-197.45847867429256,35.75862876826385,2.0,0.13379344940185547,
1472000,1127.4706583023071,-194.61552798748016,36.494002373171476,-0.006919750622473586,10.001200437545776,0.5668432235717773,0.006770730915013701,-197.45847867429256,35.75862876826385,2.0,0.13568284511566162,
1476000,1130.422556400299,-193.1495397090912,39.41010448157991,-0.00602563811916248,13.254287433624267,0.6239289999008178,0.009738911382233085,-197.45847867429256,35.75862876826385,2.0,0.14405388683080672,
1480000,1133.3694868087769,-193.05668306350708,26.885724057037844,-0.006889331717044112,6.430825138092041,0.7004135608673095,0.009093124137725683,-197.45847867429256,35.75862876826385,2.0,0.16115375310182573,
1484000,1137.6696133613586,-192.8471701145172,31.909025336625003,-0.005516636498738059,10.355338001251221,0.6583698809146881,0.005495683331173495,-199.86790242791176,37.07384966436715,2.0,0.15641635209321975,
1488000,1140.639673948288,-193.24434995651245,39.03631799433365,-0.006463962638440224,9.697447395324707,0.6941387116909027,0.00787895643835267,-199.86790242791176,37.07384966436715,2.0,0.1582847222685814,
1492000,1143.6188716888428,-194.29701566696167,31.294589253738668,-0.005850008411643337,8.443166208267211,0.6572034239768982,0.007684728386811912,-199.86790242791176,37.07384966436715,2.0,0.1796533703804016,
1496000,1146.5473611354828,-198.78882658481598,40.70274849110132,-0.005363292901621542,9.9677734375,0.6386380970478058,0.007322754255495978,-199.86790242791176,37.07384966436715,2.0,0.16892297565937042,
1500000,1149.5106258392334,-192.52609586715698,28.123099329096,-0.007040424140597068,7.036549091339111,0.6061892509460449,0.010097055486422812,-199.86790242791176,37.07384966436715,2.0,0.16771407127380372,
1504000,1152.456204175949,-190.53241634368896,35.139397685314314,-0.00593809515998398,8.396213674545288,0.6814107656478882,0.00404321344445151,-199.86790242791176,37.07384966436715,2.0,0.16193458884954454,
1508000,1155.2423069477081,-192.92268788814545,37.087716404311344,-0.005789741434001705,7.955953073501587,0.6660778522491455,0.006663084234887151,-199.86790242791176,37.07384966436715,2.0,0.1770635351538658,
1512000,1158.0356521606445,-191.3358554840088,27.56510766138951,-0.003969939990629001,7.367421388626099,0.7143836617469788,0.007021630473900586,-199.86790242791176,37.07384966436715,2.0,0.16234154552221297,
1516000,1160.9646270275116,-192.35218369960785,28.583670751040344,-0.005774841503783356,6.166665554046631,0.6892919957637786,0.004523530653212227,-199.86790242791176,37.07384966436715,2.0,0.15000818371772767,
1520000,1163.9027616977692,-202.73163282871246,34.79935005906669,-0.0055126132913865256,6.836159610748291,0.6537833571434021,0.0051791418169159446,-199.86790242791176,37.07384966436715,2.0,0.14828716218471527,
1524000,1168.1188049316406,-185.47595882415771,28.225940682195162,-0.004870284186365747,7.8749183177947994,0.6918989896774292,0.0033084584982134404,-197.02626626938581,43.3894046713011,2.0,0.1529518783092499,
1528000,1171.031396150589,-188.8406629562378,32.31002108917844,-0.005724934126095205,9.47191858291626,0.7128653585910797,0.005176375649326182,-197.02626626938581,43.3894046713011,2.0,0.1581867292523384,
1532000,1173.9418947696686,-195.9890035390854,38.78640115120348,-0.005152158864152945,12.651880550384522,0.6906358242034912,0.005765057571989018,-197.02626626938581,43.3894046713011,2.0,0.15645992904901504,
1536000,1176.8822166919708,-188.08305871486664,30.966486312333984,-0.006649980745588735,7.187623643875122,0.6811789274215698,0.010858728206716517,-197.02626626938581,43.3894046713011,2.0,0.14770931452512742,
1540000,1179.8294208049774,-193.60632181167603,29.03823382502113,-0.008590252261764065,6.46338152885437,0.6361314415931701,0.006990193447563797,-197.02626626938581,43.3894046713011,2.0,0.14491871148347854,
1544000,1182.786925792694,-194.86307168006897,31.068990658825967,-0.0023115975408970063,7.5783850193023685,0.6137990176677703,0.013033319264650345,-197.02626626938581,43.3894046713011,2.0,0.16338513195514678,
1548000,1185.7294278144836,-196.83586645126343,28.46514275887926,-0.006850543881766491,9.078919696807862,0.6453955709934235,0.0056284120539203284,-197.02626626938581,43.3894046713011,2.0,0.1370384857058525,
1552000,1188.70760679245,-199.65853250026703,38.158184660656204,-0.00528025066464517,9.718217468261718,0.6360937297344208,0.007118413368899734,-197.02626626938581,43.3894046713011,2.0,0.15402371436357498,
1556000,1191.6530966758728,-194.08567118644714,29.43955424469045,-0.005685126076374836,6.171452045440674,0.6089584827423096,0.00243556156506141,-197.02626626938581,43.3894046713011,2.0,0.14771580845117568,
1560000,1194.4928431510925,-200.3309781551361,34.97910071701703,-0.004523666023431972,12.971642780303956,0.6254122614860534,0.005219513132392173,-197.02626626938581,43.3894046713011,2.0,0.16585267931222916,
1564000,1198.5505723953247,-195.56813824176788,33.72402915578232,-0.005474207612220195,8.422490310668945,0.6332023680210114,0.0037901853315997934,-195.99808114022017,37.84262352688345,2.0,0.13180214762687684,
1568000,1201.431380033493,-180.81086802482605,32.168581530020234,-0.006356190269735329,7.491700458526611,0.642502099275589,0.005584060266846791,-195.99808114022017,37.84262352688345,2.0,0.14567748457193375,
1572000,1204.3204641342163,-190.2090606689453,32.97973182900144,-0.006872504507346733,7.511753892898559,0.5848119616508484,0.009907573329595243,-195.99808114022017,37.84262352688345,2.0,0.15692611336708068,
1576000,1207.2753157615662,-189.2536449432373,26.88396427897322,-0.004798745507684843,7.443126678466797,0.6565958559513092,0.009051466011442244,-195.99808114022017,37.84262352688345,2.0,0.17287786155939103,
1580000,1210.2259635925293,-193.32787013053894,33.6750480750277,-0.006812410699358828,6.381544399261474,0.6773238122463227,0.004022374257396821,-195.99808114022017,37.84262352688345,2.0,0.155962535738945,
1584000,1213.024830341339,-200.0648707151413,37.3004553781961,-0.0048824865226634985,11.263492393493653,0.7130220770835877,0.00905418837124794,-195.99808114022017,37.84262352688345,2.0,0.17408297210931778,
1588000,1215.7786133289337,-191.21301937103271,31.52073660549445,-0.008101533873161926,6.776489162445069,0.6954851448535919,0.009725950746020917,-195.99808114022017,37.84262352688345,2.0,0.16935048550367354,
1592000,1218.589525938034,-185.6993786096573,33.1332416493964,-0.006200215038300172,8.675977849960328,0.680420333147049,0.005092544393846765,-195.99808114022017,37.84262352688345,2.0,0.1585480883717537,
1596000,1221.445892572403,-189.81451678276062,35.51830046215555,-0.005125834829367992,12.927728748321533,0.7026495218276978,0.005880667525343597,-195.99808114022017,37.84262352688345,2.0,0.14302072525024415,
1600000,1224.3921077251434,-195.24420261383057,29.591186815770985,-0.005675103021552807,11.244030380249024,0.7081927001476288,0.003796444925091613,-195.99808114022017,37.84262352688345,2.0,0.18030836880207063,
1604000,1228.6310708522797,-197.10536789894104,36.41089188896997,-0.006006280394426256,10.161682510375977,0.7089789927005767,0.00555963518563658,-189.28875524550676,38.04585305712518,2.0,0.1493905022740364,
1608000,1231.5760102272034,-189.76993250846863,30.86011111142232,-0.006776599096677582,8.07899603843689,0.6836715519428254,0.0036306197165201226,-189.28875524550676,38.04585305712518,2.0,0.17181209921836854,
1612000,1234.5313775539398,-187.27101731300354,37.710476033002195,-0.0044203200635966056,11.497290420532227,0.6979402244091034,0.0034554292597652747,-189.28875524550676,38.04585305712518,2.0,0.17795342355966567,
1616000,1237.4836194515228,-185.0849370956421,30.731809711788163,-0.004896740274193378,7.326145839691162,0.7103348433971405,0.004693405727118583,-189.28875524550676,38.04585305712518,2.0,0.15824752151966096,
1620000,1240.4296336174011,-192.96354353427887,30.70289930699389,-0.004557042840751801,9.58286428451538,0.6895218372344971,0.004201525263488293,-189.28875524550676,38.04585305712518,2.0,0.17355484515428543,
1624000,1243.4199395179749,-190.84115624427795,30.206559151750987,-0.00809978235249097,6.458044958114624,0.6727895498275757,0.007266865941385437,-189.28875524550676,38.04585305712518,2.0,0.15947237014770507,
1628000,1246.4153063297272,-187.31453108787537,29.38216799655108,-0.0065969054323310235,7.794655513763428,0.65268834233284,0.007073816525905083,-189.28875524550676,38.04585305712518,2.0,0.1416770964860916,
1632000,1249.2956936359406,-200.7178394794464,40.304839692707894,-0.004682733335144196,9.529974985122681,0.6364349246025085,0.004448044253668471,-189.28875524550676,38.04585305712518,2.0,0.12277594655752182,
1636000,1252.2410926818848,-189.33363819122314,27.757293688719873,-0.006053334303045066,7.540405654907227,0.6398818254470825,0.003584279475035146,-189.28875524550676,38.04585305712518,2.0,0.13069285303354264,
1640000,1255.0444159507751,-194.67622566223145,33.46766889545431,-0.006686826860687401,7.08307580947876,0.6786291778087616,0.006391110381809994,-189.28875524550676,38.04585305712518,2.0,0.12282831966876984,
1644000,1259.0960974693298,-192.42015743255615,36.69525055027085,-0.007623038899463896,7.96097354888916,0.6431665182113647,0.004928948963060975,-199.6647301018238,40.40606432477414,2.0,0.12160855010151864,
1648000,1261.9446947574615,-202.40411067008972,42.12464016713738,-0.005029034110562236,13.71507215499878,0.6762491226196289,0.00543138820794411,-199.6647301018238,40.40606432477414,2.0,0.13795350342988968,
1652000,1264.8274216651917,-192.42198526859283,33.30889127317529,-0.006860859027753264,9.439589405059815,0.6241051197052002,0.006056033267639638,-199.6647301018238,40.40606432477414,2.0,0.12134680822491646,
1656000,1267.7598106861115,-190.65992140769958,36.77882099216416,-0.005403677736020995,9.465816354751587,0.6349632859230041,0.002530681715870742,-199.6647301018238,40.40606432477414,2.0,0.14205743223428727,
1660000,1270.7107820510864,-192.6899026632309,37.645657681847446,-0.0058612163183279446,7.249303960800171,0.650928258895874,0.0030782786070679526,-199.6647301018238,40.40606432477414,2.0,0.10402969866991044,
1664000,1273.7006499767303,-185.45226979255676,32.15174169921543,-0.005415619968126251,7.973373174667358,0.6737687170505524,0.006455045611131948,-199.6647301018238,40.40606432477414,2.0,0.1333264872431755,
1668000,1276.6832365989685,-187.14860796928406,30.705735558681358,-0.007771601698206165,5.795884227752685,0.6621427655220031,0.006347079606319311,-199.6647301018238,40.40606432477414,2.0,0.12616023421287537,
1672000,1279.670223236084,-194.9119974374771,27.23301186471008,-0.005418253248712724,5.942274045944214,0.6293279528617859,0.009702475102928782,-199.6647301018238,40.40606432477414,2.0,0.12705299407243728,
1676000,1282.6084711551666,-189.35604691505432,37.91853448044572,-0.00747398851237584,6.968681669235229,0.6715840995311737,0.006400323230307548,-199.6647301018238,40.40606432477414,2.0,0.13049383610486984,
1680000,1285.5371491909027,-195.0735628604889,37.66551627756822,-0.00796245504900206,7.8331770420074465,0.7490161716938019,0.005976092035416514,-199.6647301018238,40.40606432477414,2.0,0.11043296977877617,
1684000,1289.765396118164,-195.66710138320923,33.787821165919205,-0.004277618105755998,10.273975372314453,0.7355959415435791,0.005262729150087875,-192.5746469795704,37.28021368757552,2.0,0.12575071305036545,
1688000,1292.7168588638306,-191.31790137290955,35.92619127024961,-0.005480953721407289,10.007151412963868,0.733084636926651,0.005723668351885869,-192.5746469795704,37.28021368757552,2.0,0.12844482958316802,
1692000,1295.6686615943909,-185.5029525756836,31.109209597584794,-0.0062972122202626934,7.604807567596436,0.8017593622207642,0.0064711785700637845,-192.5746469795704,37.28021368757552,2.0,0.13153441697359086,
1696000,1298.6144263744354,-196.62051486968994,30.884040537739608,-0.007936993396840997,8.8874183177948,0.7781583786010742,0.007636786804534524,-192.5746469795704,37.28021368757552,2.0,0.1443443089723587,
1700000,1301.5708923339844,-194.51390612125397,39.311388814206744,-0.007134077643665115,8.624602794647217,0.763573271036148,0.0036201281182002276,-192.5746469795704,37.28021368757552,2.0,0.14329392313957215,
1704000,1304.5172016620636,-190.363156914711,31.119624452151946,-0.006022828196330621,9.094682455062866,0.8070023417472839,0.005242395773530006,-192.5746469795704,37.28021368757552,2.0,0.13324289470911027,
1708000,1307.2786140441895,-188.0030757188797,35.52069669548006,-0.004924071133136731,8.9091965675354,0.7650270164012909,0.0035315856453962623,-192.5746469795704,37.28021368757552,2.0,0.1277821347117424,
1712000,1310.0565969944,-191.95081222057343,36.20442632968055,-0.008817247667660321,6.085804033279419,0.783537495136261,0.009797913872171193,-192.5746469795704,37.28021368757552,2.0,0.12397927716374398,
1716000,1312.8232636451721,-187.8630691766739,32.51515901037309,-0.005724101568805295,5.541336727142334,0.7569474637508392,0.006102134799584746,-192.5746469795704,37.28021368757552,2.0,0.12201203852891922,
1720000,1315.6107704639435,-192.14575326442719,34.813374385780364,-0.005765165781291781,8.93885383605957,0.7832916498184204,0.004259656372945786,-192.5746469795704,37.28021368757552,2.0,0.12728461921215056,
1724000,1319.6809957027435,-191.95220625400543,33.50972033297318,-0.005747420284974681,9.021080160140992,0.7726460814476013,0.0021033258381066844,-184.78571878373623,30.624708751634564,2.0,0.1362568438053131,
1728000,1322.4475150108337,-197.461580991745,37.430508002384684,-0.006175412004270253,10.99135980606079,0.7414375245571136,0.003628374357863029,-184.78571878373623,30.624708751634564,2.0,0.12256971299648285,
1732000,1325.2477586269379,-181.35635459423065,29.521237009469896,-0.005359036374526749,7.939451742172241,0.7456006526947021,0.0038081854907262348,-184.78571878373623,30.624708751634564,2.0,0.13630562126636506,
1736000,1328.1846315860748,-187.0297018289566,31.440645416240756,-0.007352450143856349,9.077928924560547,0.7340102255344391,0.005589449778199196,-184.78571878373623,30.624708751634564,2.0,0.14299139231443406,
1740000,1331.1486258506775,-191.38376760482788,29.47077671671411,-0.007529154881679734,10.258073043823241,0.7920943021774292,0.006187580124513925,-184.78571878373623,30.624708751634564,2.0,0.11279581561684608,
1744000,1334.0949511528015,-189.03074157238007,33.30194467397173,-0.006437748875158533,8.695255422592163,0.7904165804386138,0.005091506085591391,-184.78571878373623,30.624708751634564,2.0,0.12580325901508332,
1748000,1337.0364475250244,-199.90743470191956,31.30505346754236,-0.0052392814195481915,8.593677997589111,0.7749744415283203,0.006354982330230996,-184.78571878373623,30.624708751634564,2.0,0.13149582743644714,
1752000,1339.9952261447906,-189.8316686153412,29.677549505478872,-0.007570859129851071,7.271920251846313,0.7404130280017853,0.010664633859414607,-184.78571878373623,30.624708751634564,2.0,0.14126586616039277,
1756000,1342.9326281547546,-193.21227550506592,31.389593884668844,-0.005423305354857177,13.47297716140747,0.7407576858997345,0.0035632599669042976,-184.78571878373623,30.624708751634564,2.0,0.13255469799041747,
1760000,1345.8789620399475,-199.80381035804749,31.814417226472955,-0.007862438247228631,7.841148614883423,0.7126142621040344,0.0039764875778540345,-184.78571878373623,30.624708751634564,2.0,0.12992530912160874,
1764000,1349.9637458324432,-184.58148741722107,31.517370740995926,-0.006070941577975919,7.294563865661621,0.6832949042320251,0.005570362121216021,-190.57171708345413,32.6707817872762,2.0,0.11370553672313691,
1768000,1352.8570470809937,-193.2631697654724,35.69091395717806,-0.005156153919718598,7.728534984588623,0.6402398705482483,0.005072836056662133,-190.57171708345413,32.6707817872762,2.0,0.11315326020121574,
1772000,1355.7491369247437,-185.98930501937866,40.805389188255745,-0.0077395112601419845,8.759113979339599,0.6138517141342164,0.007993507734499871,-190.57171708345413,32.6707817872762,2.0,0.12341656610369682,
1776000,1358.6740610599518,-196.1994161605835,27.171743281773978,-0.006976480344155078,7.618547964096069,0.6354549825191498,0.003649570020206738,-190.57171708345413,32.6707817872762,2.0,0.1306985765695572,
1780000,1361.6159873008728,-193.77340507507324,33.25442163896946,-0.00602583637973293,7.136190509796142,0.6291012227535248,0.003710407979941621,-190.57171708345413,32.6707817872762,2.0,0.12174143642187119,
1784000,1364.5540251731873,-184.9933454990387,27.234343252314215,-0.006123138683382478,4.715685129165649,0.5946205615997314,0.003914154822317273,-190.57171708345413,32.6707817872762,2.0,0.13206709176301956,
1788000,1367.507921218872,-188.43563532829285,32.2546008452135,-0.00773274559294812,6.983599519729614,0.6515949726104736,0.005337466820104364,-190.57171708345413,32.6707817872762,2.0,0.12313648462295532,
1792000,1370.464922428131,-187.3730993270874,32.19723424793363,-0.006028210129588807,9.632686185836793,0.6785235106945038,0.00281933056601944,-190.57171708345413,32.6707817872762,2.0,0.10501930639147758,
1796000,1373.425978422165,-185.6631383895874,28.816820457110065,-0.006413490147329881,6.42036509513855,0.6711876273155213,0.006857716049339313,-190.57171708345413,32.6707817872762,2.0,0.1204624392092228,
1800000,1376.3745346069336,-186.40498995780945,29.217542475569033,-0.007633243040647386,6.057817363739014,0.6770884811878204,0.007001381744339596,-190.57171708345413,32.6707817872762,2.0,0.12620569467544557,
1804000,1380.609853029251,-199.43850255012512,35.280763029411474,-0.003963845635764329,11.510476016998291,0.6789647877216339,0.0048234698646701935,-188.1322090178728,34.130781360913964,2.0,0.1256471872329712,
1808000,1383.5499572753906,-191.31468057632446,30.049385333653785,-0.006521424771131335,8.580164861679076,0.6575833618640899,0.004783866405021398,-188.1322090178728,34.130781360913964,2.0,0.1153014987707138,
1812000,1386.4765782356262,-195.84912490844727,30.595717590085258,-0.005900663629717506,7.019606351852417,0.7302676677703858,0.004040894809140205,-188.1322090178728,34.130781360913964,2.0,0.10612589195370674,
1816000,1389.4135286808014,-193.29386234283447,30.94296878593787,-0.006915156069677408,7.2629467964172365,0.7366168379783631,0.004149101319490001,-188.1322090178728,34.130781360913964,2.0,0.13095704317092896,
1820000,1392.3673872947693,-190.2392294406891,29.502214219326518,-0.004076470103890945,6.797057294845581,0.6957691133022308,0.0034036729658255328,-188.1322090178728,34.130781360913964,2.0,0.1189912848174572,
1824000,1395.2849190235138,-189.12996077537537,30.993731347515116,-0.006583211170199022,7.217403221130371,0.7087573409080505,0.005449223960749805,-188.1322090178728,34.130781360913964,2.0,0.11038523241877556,
1828000,1398.2454752922058,-195.79017281532288,33.476762907828046,-0.0031978093946431587,10.222925662994385,0.6863698542118073,0.0012958651124790777,-188.1322090178728,34.130781360913964,2.0,0.11594960615038871,
1832000,1401.2369005680084,-191.00673151016235,33.96611188127571,-0.006372652448636185,7.715674638748169,0.6900172472000122,0.003941038117773132,-188.1322090178728,34.130781360913964,2.0,0.11896038204431533,
1836000,1404.1995458602905,-187.5822113752365,33.98145266828637,-0.0059934575788987195,9.688649463653565,0.6911180853843689,0.0036601800726494106,-188.1322090178728,34.130781360913964,2.0,0.1297321543097496,
1840000,1407.1766817569733,-197.1391522884369,36.65108748413979,-0.005466385408770336,6.651502180099487,0.6830747842788696,0.005062277263651292,-188.1322090178728,34.130781360913964,2.0,0.13289611041545868,
1844000,1411.4719939231873,-203.6582112312317,36.085356507291564,-0.006690362290634422,8.077489805221557,0.6910683214664459,0.004577119519119144,-188.8047520443797,32.88449228103875,2.0,0.1304260179400444,
1848000,1414.4488077163696,-192.45565509796143,31.752038501377452,-0.005506725000954837,8.277433729171753,0.7016242802143097,0.005482608429001024,-188.8047520443797,32.88449228103875,2.0,0.11243253275752067,
1852000,1417.3652925491333,-186.61465287208557,27.182342079167928,-0.0043874420832532126,8.69800682067871,0.6934286773204803,0.004248299594580551,-188.8047520443797,32.88449228103875,2.0,0.1025261826813221,
1856000,1420.3036544322968,-191.23542177677155,32.30393756457526,-0.005986815219977881,5.3061927318572994,0.6628173470497132,0.006350432886121177,-188.8047520443797,32.88449228103875,2.0,0.12116750702261925,
1860000,1423.240398645401,-189.80206966400146,32.57764715988804,-0.00484651459575014,9.801043796539307,0.7043696165084838,0.0061340650918039865,-188.8047520443797,32.88449228103875,2.0,0.1368745043873787,
1864000,1426.1998488903046,-185.37199091911316,28.845876715136818,-0.00683065061030601,6.315547037124634,0.6690143465995788,0.004722598035004921,-188.8047520443797,32.88449228103875,2.0,0.12352216765284538,
1868000,1429.1389138698578,-186.65169835090637,27.62167660370729,-0.006604872459312894,7.36622838973999,0.6307947695255279,0.003795227379305288,-188.8047520443797,32.88449228103875,2.0,0.11422731280326844,
1872000,1432.0907137393951,-190.2040593624115,29.75194225213383,-0.009126140363514423,7.455313587188721,0.6234289407730103,0.006332468591164808,-188.8047520443797,32.88449228103875,2.0,0.11722516044974327,
1876000,1435.021737575531,-185.4119520187378,34.176782301386716,-0.004651638328408226,10.554598522186279,0.6586954474449158,0.005352079618023709,-188.8047520443797,32.88449228103875,2.0,0.12841611057519914,
1880000,1437.9527060985565,-187.27992129325867,30.78315043083948,-0.005946761610995388,8.833049154281616,0.7009511232376099,0.004832153647294035,-188.8047520443797,32.88449228103875,2.0,0.12796227633953094,
1884000,1442.137964963913,-192.30393707752228,30.98860055365215,-0.006739025648062435,7.552800035476684,0.6812102556228637,0.004519614470967426,-191.4721941202879,32.896144423512695,2.0,0.12011584788560867,
1888000,1445.0927979946136,-193.77950620651245,35.81841275634357,-0.004500968731474142,7.954956769943237,0.6953220784664154,0.0036042242260106772,-191.4721941202879,32.896144423512695,2.0,0.11004139259457588,
1892000,1448.072660446167,-182.92976200580597,32.57354575023716,-0.007859805228499184,8.459941148757935,0.7227062940597534,0.004461929096917938,-191.4721941202879,32.896144423512695,2.0,0.12999833822250367,
1896000,1451.0230958461761,-187.91369879245758,32.031897008425034,-0.006864852190017689,9.896948432922363,0.6785815596580506,0.006544481706805527,-191.4721941202879,32.896144423512695,2.0,0.11160410642623901,
1900000,1453.950611114502,-190.56132411956787,31.08032044657959,-0.0064896374907499775,8.57907280921936,0.7085245728492737,0.0042004307999159215,-191.4721941202879,32.896144423512695,2.0,0.1074202761054039,
1904000,1456.9111981391907,-187.70803606510162,29.284545139800425,-0.006722252204859025,5.406830596923828,0.6968693435192108,0.004885039502716015,-191.4721941202879,32.896144423512695,2.0,0.12166225910186768,
1908000,1459.8736555576324,-189.16736245155334,34.15372246720122,-0.004441627014816518,7.332307147979736,0.6838765978813172,0.005285165912937373,-191.4721941202879,32.896144423512695,2.0,0.13233060836791993,
1912000,1462.8256335258484,-190.8479015827179,33.223087317476555,-0.00637799500208347,9.390068435668946,0.7037493705749511,0.0047299549798481165,-191.4721941202879,32.896144423512695,2.0,0.10908453837037087,
1916000,1465.7808425426483,-189.32265710830688,28.491989507428443,-0.004862529779939617,7.479988145828247,0.6978939950466156,0.005704117808490982,-191.4721941202879,32.896144423512695,2.0,0.11104158163070679,
1920000,1468.7562277317047,-184.12395429611206,29.25358139927951,-0.006645589901755145,7.844325590133667,0.6812727272510528,0.0047112643020227555,-191.4721941202879,32.896144423512695,2.0,0.11031046360731125,
1924000,1473.0674533843994,-179.46294331550598,27.694409668982825,-0.005990655937620127,6.318226718902588,0.6787435829639434,0.006977602693950757,-189.7113472223282,32.74980614626231,2.0,0.11588223725557327,
1928000,1475.9664597511292,-186.42154443264008,31.193053721239863,-0.005343853806223109,10.13714532852173,0.6430631220340729,0.002641551024862565,-189.7113472223282,32.74980614626231,2.0,0.11628969013690948,
1932000,1478.7601742744446,-188.92425763607025,29.11956873327252,-0.007832078428162881,4.900292682647705,0.6373921513557435,0.004087937880831305,-189.7113472223282,32.74980614626231,2.0,0.09454327896237373,
1936000,1481.669576883316,-190.68063473701477,38.99389316379975,-0.0053231297015833515,7.678883695602417,0.653595608472824,0.005942243422847241,-189.7113472223282,32.74980614626231,2.0,0.10544450506567955,
1940000,1484.62420296669,-183.26331877708435,27.098741867413725,-0.00522002398505963,7.584993934631347,0.675023227930069,0.007289138300033926,-189.7113472223282,32.74980614626231,2.0,0.11247236281633377,
1944000,1487.5955083370209,-182.60045301914215,31.257765281349396,-0.006419951854739381,6.63472056388855,0.6674330413341523,0.007861981178478649,-189.7113472223282,32.74980614626231,2.0,0.13214878290891646,
1948000,1490.5872087478638,-188.10508394241333,33.066290172777485,-0.006076135760949342,8.621975564956665,0.6629073977470398,0.005390669980629692,-189.7113472223282,32.74980614626231,2.0,0.11970501467585563,
1952000,1493.5657997131348,-196.237726688385,37.73469268739192,-0.006379644365049941,8.627587175369262,0.640610420703888,0.00529770198836923,-189.7113472223282,32.74980614626231,2.0,0.11392316967248917,
1956000,1496.5352039337158,-191.54737854003906,33.10240601434552,-0.0052577236766616405,10.802763366699219,0.6536270081996918,0.007497564522782341,-189.7113472223282,32.74980614626231,2.0,0.12360248863697051,
1960000,1499.4811840057373,-192.19787764549255,27.177996301433353,-0.0068166800181693075,9.889835643768311,0.6688762247562409,0.004694324435530373,-189.7113472223282,32.74980614626231,2.0,0.11008452400565147,
1964000,1503.6739418506622,-193.5237762928009,28.198709817949865,-0.006915361100497374,6.617613315582275,0.6644741117954254,0.004571798947571893,-186.30998823791742,33.67027497354675,2.0,0.10325509384274482,
1968000,1506.6051602363586,-192.39715766906738,30.214949070695848,-0.008470475917682041,8.428160333633423,0.6219352304935455,0.007296634407248348,-186.30998823791742,33.67027497354675,2.0,0.11413785293698311,
1972000,1509.4986097812653,-187.2666333913803,25.787654949819665,-0.007984189168239642,7.84029221534729,0.618613988161087,0.008140696746704635,-186.30998823791742,33.67027497354675,2.0,0.10901889204978943,
1976000,1512.4712977409363,-192.97122645378113,34.79970285524635,-0.005507915844830435,8.083315896987916,0.6167388200759888,0.0071689854608848694,-186.30998823791742,33.67027497354675,2.0,0.09608039706945419,
1980000,1515.4533848762512,-184.96833395957947,25.45355621875189,-0.008481990921621562,6.89662766456604,0.6466422379016876,0.006766907542623812,-186.30998823791742,33.67027497354675,2.0,0.1004727989435196,
1984000,1518.377106666565,-192.81034517288208,28.91933527637464,-0.006728673556354004,5.959596872329712,0.615784353017807,0.005342545444689084,-186.30998823791742,33.67027497354675,2.0,0.11844859868288041,
1988000,1521.2776336669922,-190.32834100723267,30.83839404400676,-0.00560491716178757,7.255413675308228,0.6163932085037231,0.00468651150636532,-186.30998823791742,33.67027497354675,2.0,0.12965863347053527,
1992000,1524.2718200683594,-188.39473128318787,37.514885549205374,-0.0030743213486857713,14.57856273651123,0.6286565721035003,0.01900829382923743,-186.30998823791742,33.67027497354675,2.0,0.12031612768769265,
1996000,1527.1493558883667,-191.69941449165344,29.52946074522894,-0.005852419551229104,7.754638957977295,0.6343648731708527,0.0025855651940219103,-186.30998823791742,33.67027497354675,2.0,0.1170595981180668,
2000000,1530.0274012088776,-192.9528181552887,33.54244632019976,-0.006669095519464463,10.594101333618164,0.6441839575767517,0.010378179534183208,-186.30998823791742,33.67027497354675,2.0,0.11264469996094703,
